sensor_timestamp_ns,relative_to_audio_start_ns,x_m_s2,y_m_s2,z_m_s2,accuracy
193498038771406,-7150502,1.6731812,9.252148,2.9557343,3
193498041271406,-4650502,1.6731812,9.252148,2.9557343,3
193498043771406,-2150502,1.6731812,9.252148,2.9557343,3
193498051271406,5349498,1.7781663,9.305687,2.9874392,3
193498053771406,7849498,1.8870398,9.363713,3.0095727,3
193498056271406,10349498,1.8726828,9.372088,2.9808588,3
193498058771406,12849498,1.8263218,9.405887,2.929413,3
193498061271406,15349498,1.7802601,9.442677,2.885445,3
193498063771406,17849498,1.7318054,9.462118,2.8429725,3
193498066271406,20349498,1.6965113,9.512367,2.7481568,3
193498068771406,22849498,1.6477575,9.543773,2.7670002,3
193498071271406,25349498,1.6148561,9.492926,2.8905299,3
193498073771406,27849498,1.6019948,9.428918,2.8932216,3
193498076271406,30349498,1.631606,9.392726,2.8839495,3
193498078771406,32849498,1.6905292,9.375079,2.8839495,3
193498081271406,35349498,1.7297117,9.350254,2.928815,3
193498083771406,37849498,1.7566309,9.313464,2.9805596,3
193498086271406,40349498,1.8038892,9.268898,3.0352955,3
193498088771406,42849498,1.8361923,9.233903,3.0592237,3
193498091271406,45349498,1.8678972,9.225827,3.0885358,3
193498093771406,47849498,1.8786649,9.217153,3.1043882,3
193498096271406,50349498,1.9277177,9.216555,3.1274192,3
193498098771406,52849498,1.9737796,9.190832,3.1567314,3
193498101271406,55349498,2.0383859,9.180064,3.2174492,3
193498103771406,57849498,2.1275184,9.139686,3.2380872,3
193498106271406,60349498,2.201696,9.08794,3.2297122,3
193498108771406,62849498,2.2998016,9.033803,3.2336006,3
193498111271406,65349498,2.3787649,9.014062,3.2425737,3
193498113771406,67849498,2.423032,8.989535,3.2333016,3
193498116271406,70349498,2.4717858,8.955737,3.24048,3
193498118771406,72849498,2.5085754,8.920144,3.2383864,3
193498121271406,75349498,2.5211377,8.892626,3.2300115,3
193498123771406,77849498,2.545365,8.867801,3.2581272,3
193498126271406,80349498,2.5549364,8.865707,3.272484,3
193498128771406,82849498,2.571387,8.83131,3.2629128,3
193498131271406,85349498,2.5872395,8.816056,3.2925239,3
193498133771406,87849498,2.5761726,8.806484,3.3436706,3
193498136271406,90349498,2.5525436,8.800503,3.3984063,3
193498138771406,92849498,2.5127628,8.787342,3.4695928,3
193498141271406,95349498,2.4526432,8.801699,3.4657044,3
193498143771406,97849498,2.4335005,8.787642,3.4639099,3
193498146271406,100349498,2.3988047,8.782257,3.4286158,3
193498148771406,102849498,2.3946173,8.772387,3.4067812,3
193498151271406,105349498,2.3949163,8.765806,3.3945181,3
193498153771406,107849498,2.405385,8.740981,3.3643086,3
193498156271406,110349498,2.4511478,8.726026,3.309573,3
193498158771406,112849498,2.5109682,8.700603,3.269194,3
193498161271406,115349498,2.5923243,8.668898,3.2150564,3
193498163771406,117849498,2.6718855,8.652447,3.1552358,3
193498166271406,120349498,2.7382865,8.649456,3.080759,3
193498168771406,122849498,2.7930222,8.670991,2.9620154,3
193498171271406,125349498,2.7732813,8.829216,2.7843482,3
193498173771406,127849498,2.757728,8.998808,2.6344976,3
193498176271406,130349498,2.8277183,9.0900345,2.5552354,3
193498178771406,132849498,2.8118658,9.405587,1.931606,3
193498181271406,135349498,2.9943185,9.237193,2.6685956,3
193498183771406,137849498,3.1725838,9.102896,3.112165,3
193498186271406,140349498,3.2886357,9.037991,3.065804,3
193498188771406,142849498,3.30718,9.008977,2.8722844,3
193498191271406,145349498,3.2775688,9.001799,2.7726831,3
193498193771406,147849498,3.228815,8.987442,2.7670002,3
193498196271406,150349498,3.1366913,8.976076,2.7699914,3
193498198771406,152849498,3.0702906,8.953942,2.7302105,3
193498201271406,155349498,3.0056844,8.9159565,2.678765,3
193498203771406,157849498,2.938087,8.882157,2.6703901,3
193498206271406,160349498,2.844169,8.819346,2.6703901,3
193498208771406,162849498,2.7361927,8.82443,2.7194428,3
193498211271406,165349498,2.7000012,8.810074,2.7705896,3
193498213771406,167849498,2.6745775,8.775976,2.842075,3
193498216271406,170349498,2.6006992,8.75444,2.8980074,3
193498218771406,172849498,2.5271199,8.744869,2.946462,3
193498221271406,175349498,2.4418755,8.731111,3.0155547,3
193498223771406,177849498,2.3656044,8.718847,3.086442,3
193498226271406,180349498,2.2791636,8.713164,3.1441689,3
193498228771406,182849498,2.2181466,8.689237,3.1827533,3
193498231271406,185349498,2.1780667,8.680861,3.191128,3
193498233771406,187849498,2.1397817,8.670991,3.158526,3
193498236271406,190349498,2.102992,8.683254,3.1348968,3
193498238771406,192849498,2.07368,8.70479,3.135196,3
193498241271406,195349498,2.0386848,8.723633,3.1259236,3
193498243771406,197849498,2.0371895,8.756834,3.1022944,3
193498246271406,200349498,2.018944,8.814261,3.118446,3
193498248771406,202849498,2.0380867,8.845069,3.1627133,3
193498251271406,205349498,2.0605195,8.89113,3.190829,3
193498253771406,207849498,2.088635,8.92792,3.231806,3
193498256271406,210349498,2.1388843,8.970094,3.2718859,3
193498258771406,212849498,2.1337996,8.997013,3.2766714,3
193498261271406,215349498,2.14038,9.020044,3.2847474,3
193498263771406,217849498,2.1278176,9.036494,3.2790644,3
193498266271406,220349498,2.1158533,9.048459,3.2566316,3
193498268771406,222849498,2.1050856,9.06162,3.260819,3
193498271271406,225349498,2.1194427,9.043972,3.219842,3
193498273771406,227849498,2.1559331,9.043972,3.1848469,3
193498276271406,230349498,2.1900308,9.043972,3.1758738,3
193498278771406,232849498,2.2462623,9.035598,3.161517,3
193498281271406,235349498,2.2995026,9.033504,3.1767712,3
193498283771406,237849498,2.335694,9.029017,3.204887,3
193498286271406,240349498,2.382354,9.022437,3.2186456,3
193498288771406,242849498,2.417648,9.012567,3.225226,3
193498291271406,245349498,2.440679,9.007781,3.199204,3
193498293771406,247849498,2.4448664,9.00808,3.1863425,3
193498296271406,250349498,2.4311078,9.014959,3.1432717,3
193498298771406,252849498,2.4221346,9.019745,3.109174,3
193498301271406,255349498,2.4179473,9.02453,3.0870404,3
193498303771406,257849498,2.4128625,9.0233345,3.0463624,3
193498306271406,260349498,2.4158535,9.042477,3.0338001,3
193498308771406,262849498,2.4062822,9.032308,3.0242288,3
193498311271406,265349498,2.4125633,9.045169,3.0227332,3
193498313771406,267849498,2.431407,9.042477,3.0212376,3
193498316271406,270349498,2.449353,9.0391865,3.019443,3
193498318771406,272849498,2.4783661,9.041579,3.013461,3
193498321271406,275349498,2.5289145,9.042177,3.0400813,3
193498323771406,277849498,2.5492535,9.049655,3.065804,3
193498326271406,280349498,2.5824537,9.049057,3.086143,3
193498328771406,282849498,2.5962126,9.036794,3.0927234,3
193498331271406,285349498,2.6009982,9.038589,3.0969107,3
193498333771406,287849498,2.620739,9.026325,3.103491,3
193498336271406,290349498,2.6359932,9.00808,3.0876386,3
193498338771406,292849498,2.664109,9.007183,3.0894332,3
193498341271406,295349498,2.7065816,8.990433,3.0984063,3
193498343771406,297849498,2.7463622,8.978169,3.1319058,3
193498346271406,300349498,2.7768707,8.962616,3.155834,3
193498348771406,302849498,2.795116,8.918947,3.179164,3
193498351271406,305349498,2.8046873,8.89143,3.187838,3
193498353771406,307849498,2.797808,8.860622,3.176173,3
193498356271406,310349498,2.7936203,8.827422,3.158825,3
193498358771406,312849498,2.7750762,8.808877,3.1519456,3
193498361271406,315349498,2.7376883,8.80469,3.1450663,3
193498363771406,317849498,2.71705,8.810074,3.1399815,3
193498366271406,320349498,2.684448,8.81815,3.1058838,3
193498368771406,322849498,2.6668007,8.817552,3.12054,3
193498371271406,325349498,2.629114,8.839984,3.1097722,3
193498373771406,327849498,2.6027927,8.864211,3.1055846,3
193498376271406,330349498,2.579762,8.892327,3.1244283,3
193498378771406,332849498,2.5489542,8.921938,3.1453655,3
193498381271406,335349498,2.5339992,8.956335,3.1645079,3
193498383771406,337849498,2.525026,8.983554,3.2033913,3
193498386271406,340349498,2.5199413,9.01137,3.216851,3
193498388771406,342849498,2.5256243,9.036494,3.2398818,3
193498391271406,345349498,2.556731,9.0436735,3.255136,3
193498393771406,347849498,2.5929224,9.058928,3.2676985,3
193498396271406,350349498,2.6422744,9.067901,3.3000016,3
193498398771406,352849498,2.7053852,9.072088,3.3077781,3
193498401271406,355349498,2.7529426,9.083454,3.3388848,3
193498403771406,357849498,2.8193433,9.066405,3.3466616,3
193498406271406,360349498,2.8519454,9.077172,3.353242,3
193498408771406,362849498,2.8938198,9.067901,3.3529427,3
193498411271406,365349498,2.9386854,9.055039,3.3212378,3
193498413771406,367849498,2.9706893,9.037392,3.301497,3
193498416271406,370349498,3.0003004,9.004191,3.2793634,3
193498418771406,372849498,3.0299118,8.975777,3.2126634,3
193498421271406,375349498,3.0532417,8.926425,3.1833515,3
193498423771406,377849498,3.080759,8.878569,3.1689944,3
193498426271406,380349498,3.1085758,8.820842,3.1399815,3
193498428771406,382849498,3.12712,8.782257,3.1031919,3
193498431271406,385349498,3.1537402,8.728418,3.0882368,3
193498433771406,387849498,3.1546376,8.681161,3.0649066,3
193498436271406,390349498,3.1710882,8.646166,3.0433712,3
193498438771406,392849498,3.199503,8.606385,3.0430722,3
193498441271406,395349498,3.2117662,8.586944,3.0490541,3
193498443771406,397849498,3.2410784,8.574979,3.0490541,3
193498446271406,400349498,3.251846,8.558528,3.0490541,3
193498448771406,402849498,3.275475,8.558229,3.0490541,3
193498451271406,405349498,3.278167,8.549256,3.0553355,3
193498453771406,407849498,3.269493,8.5346,3.0678978,3
193498456271406,410349498,3.2356944,8.530712,3.0720851,3
193498458771406,412849498,3.1956146,8.5349,3.086143,3
193498461271406,415349498,3.165106,8.52772,3.1166515,3
193498463771406,417849498,3.1396823,8.52473,3.1232316,3
193498466271406,420349498,3.1292138,8.525029,3.158825,3
193498468771406,422849498,3.1016963,8.525627,3.1540394,3
193498471271406,425349498,3.0699914,8.522636,3.1728828,3
193498473771406,427849498,3.0436704,8.541779,3.1636107,3
193498476271406,430349498,3.0209386,8.555837,3.14716,3
193498478771406,432849498,3.0038898,8.565707,3.158526,3
193498481271406,435349498,2.9916265,8.609974,3.173182,3
193498483771406,437849498,2.9832516,8.633304,3.1893334,3
193498486271406,440349498,2.9997022,8.647063,3.2093735,3
193498488771406,442849498,3.0254252,8.680562,3.234498,3
193498491271406,445349498,3.0448668,8.707781,3.2470603,3
193498493771406,447849498,3.071487,8.733503,3.245864,3
193498496271406,450349498,3.1208389,8.744271,3.2557342,3
193498498771406,452849498,3.1737802,8.7469635,3.2736804,3
193498501271406,455349498,3.234797,8.73799,3.266203,3
193498503771406,457849498,3.2829528,8.734101,3.254837,3
193498506271406,460349498,3.3382866,8.732606,3.234498,3
193498508771406,462849498,3.3783665,8.719446,3.2117662,3
193498511271406,465349498,3.411567,8.704191,3.176472,3
193498513771406,467849498,3.4360933,8.687741,3.1618161,3
193498516271406,470349498,3.4486556,8.685049,3.132803,3
193498518771406,472849498,3.4591243,8.666205,3.0921252,3
193498521271406,475349498,3.438486,8.656933,3.056532,3
193498523771406,477849498,3.4190445,8.643174,3.016452,3
193498526271406,480349498,3.394219,8.621041,2.9862428,3
193498528771406,482849498,3.3607194,8.596215,2.9886355,3
193498531271406,485349498,3.3427732,8.573483,2.9659038,3
193498533771406,487849498,3.3296127,8.548658,2.9688947,3
193498536271406,490349498,3.3101711,8.539086,2.9548368,3
193498538771406,492849498,3.321836,8.506186,2.943471,3
193498541271406,495349498,3.3110683,8.476873,2.9359934,3
193498543771406,497849498,3.3089745,8.453842,2.9485557,3
193498546271406,500349498,3.3003006,8.448159,2.946462,3
193498548771406,502849498,3.255136,8.442776,2.9353952,3
193498551271406,505349498,3.234498,8.436495,2.9237301,3
193498553771406,507849498,3.2033913,8.428419,2.9075787,3
193498556271406,510349498,3.1872396,8.432905,2.896811,3
193498558771406,512849498,3.1582267,8.433205,2.894119,3
193498561271406,515349498,3.1277182,8.452945,2.908775,3
193498563771406,517849498,3.0849466,8.459227,2.887838,3
193498566271406,520349498,3.042773,8.487641,2.9153552,3
193498568771406,522849498,3.0185459,8.518149,2.9336007,3
193498571271406,525349498,3.0116663,8.545667,2.9623144,3
193498573771406,527849498,3.0050862,8.563015,2.9910283,3
193498576271406,530349498,3.0113673,8.610871,3.0227332,3
193498578771406,532849498,3.024827,8.625228,3.051148,3
193498581271406,535349498,3.0263224,8.668299,3.0720851,3
193498583771406,537849498,3.0296125,8.695817,3.0753753,3
193498586271406,540349498,3.0155547,8.733503,3.065505,3
193498588771406,542849498,3.004488,8.764311,3.0753753,3
193498591271406,545349498,3.0023942,8.802298,3.094518,3
193498593771406,547849498,3.016452,8.809476,3.086442,3
193498596271406,550349498,3.036193,8.807981,3.0882368,3
193498598771406,552849498,3.071188,8.82832,3.100799,3
193498601271406,555349498,3.1202407,8.836694,3.0987053,3
193498603771406,557849498,3.161218,8.826525,3.1103704,3
193498606271406,560349498,3.2015967,8.816355,3.1217363,3
193498608771406,562849498,3.2434711,8.797511,3.135196,3
193498611271406,565349498,3.2685957,8.78794,3.158825,3
193498613771406,567849498,3.2611182,8.766106,3.1543384,3
193498616271406,570349498,3.2569308,8.742776,3.1573296,3
193498618771406,572849498,3.2581272,8.726923,3.158526,3
193498621271406,575349498,3.2479577,8.709576,3.162115,3
193498623771406,577849498,3.2440693,8.682656,3.1579278,3
193498626271406,580349498,3.242873,8.662616,3.176173,3
193498628771406,582849498,3.2530425,8.652147,3.17049,3
193498631271406,585349498,3.2338998,8.624331,3.1639097,3
193498633771406,587849498,3.2380872,8.613264,3.1842487,3
193498636271406,590349498,3.225824,8.587542,3.1977084,3
193498638771406,592849498,3.211467,8.571689,3.1950164,3
193498641271406,595349498,3.202494,8.560323,3.2042887,3
193498643771406,597849498,3.2186456,8.52772,3.2353954,3
193498646271406,600349498,3.2300115,8.504091,3.226123,3
193498648771406,602849498,3.2679975,8.4679,3.2312078,3
193498651271406,605349498,3.3044882,8.42812,3.237489,3
193498653771406,607849498,3.3197422,8.3994055,3.2482567,3
193498656271406,610349498,3.3155549,8.372786,3.2542388,3
193498658771406,612849498,3.2967114,8.362616,3.2306097,3
193498661271406,615349498,3.2736804,8.350951,3.1737802,3
193498663771406,617849498,3.2300115,8.364112,3.132504,3
193498666271406,620349498,3.1914272,8.383254,3.0819557,3
193498668771406,622849498,3.159423,8.415258,3.039782,3
193498671271406,625349498,3.1274192,8.449356,3.0448668,3
193498673771406,627849498,3.100201,8.504091,3.0260234,3
193498676271406,630349498,3.0921252,8.569595,3.0203404,3
193498678771406,632849498,3.0780673,8.613564,3.0098717,3
193498681271406,635349498,3.0999017,8.672786,3.0332017,3
193498683771406,637849498,3.1199417,8.719446,3.0475588,3
193498686271406,640349498,3.1453655,8.76132,3.0780673,3
193498688771406,642849498,3.191128,8.801998,3.1163523,3
193498691271406,645349498,3.2368908,8.833404,3.1432717,3
193498693771406,647849498,3.2937205,8.879765,3.1313076,3
193498696271406,650349498,3.351447,8.897711,3.1429725,3
193498698771406,652849498,3.4241292,8.923733,3.1492536,3
193498701271406,655349498,3.4884362,8.939286,3.1465619,3
193498703771406,657849498,3.560221,8.957232,3.1082766,3
193498706271406,660349498,3.6439698,8.960223,3.0646076,3
193498708771406,662849498,3.7016966,8.960223,3.0514472,3
193498711271406,665349498,3.7477584,8.949157,3.0125637,3
193498713771406,667849498,3.799204,8.91805,2.9656045,3
193498716271406,670349498,3.8377883,8.887242,2.9189446,3
193498718771406,672849498,3.8671005,8.855238,2.874079,3
193498721271406,675349498,3.8937206,8.822935,2.8316064,3
193498723771406,677849498,3.9071803,8.792726,2.7849464,3
193498726271406,680349498,3.92722,8.756235,2.7302105,3
193498728771406,682849498,3.9275193,8.709276,2.6871397,3
193498731271406,685349498,3.9098723,8.672486,2.661417,3
193498733771406,687849498,3.9017963,8.644072,2.6210382,3
193498736271406,690349498,3.8787656,8.624032,2.588436,3
193498738771406,692849498,3.8294137,8.606086,2.5701907,3
193498741271406,695349498,3.778865,8.610871,2.5468607,3
193498743771406,697849498,3.7334015,8.595617,2.5369902,3
193498746271406,700349498,3.6996028,8.616554,2.5399811,3
193498748771406,702849498,3.673282,8.607881,2.5585256,3
193498751271406,705349498,3.6586258,8.583952,2.589034,3
193498753771406,707849498,3.6493537,8.563613,2.6213372,3
193498756271406,710349498,3.6338003,8.545368,2.667399,3
193498758771406,712849498,3.6266217,8.53789,2.722434,3
193498761271406,715349498,3.6116667,8.519047,2.7738798,3
193498763771406,717849498,3.6161532,8.491829,2.8142586,3
193498766271406,720349498,3.6245282,8.452347,2.8719854,3
193498768771406,722849498,3.6574295,8.42782,2.9036903,3
193498771271406,725349498,3.6789649,8.375776,2.9162526,3
193498773771406,727849498,3.7187455,8.352447,2.9389844,3
193498776271406,730349498,3.7848473,8.283952,2.966502,3
193498778771406,732849498,3.8174493,8.251349,2.978466,3
193498781271406,735349498,3.8593237,8.205288,2.9949167,3
193498783771406,737849498,3.8991046,8.154441,3.004787,3
193498786271406,740349498,3.952345,8.106584,3.0083764,3
193498788771406,742849498,3.984947,8.056933,3.0041888,3
193498791271406,745349498,3.999304,8.019844,2.9997022,3
193498793771406,747849498,4.0145583,7.9776707,2.9733813,3
193498796271406,750349498,4.048656,7.9444704,2.9455647,3
193498798771406,752849498,4.05733,7.9259257,2.929114,3
193498801271406,755349498,4.0734816,7.899904,2.9222345,3
193498803771406,757849498,4.0923247,7.872985,2.9183464,3
193498806271406,760349498,4.1207395,7.845467,2.9030921,3
193498808771406,762849498,4.1288157,7.847262,2.8719854,3
193498811271406,765349498,4.1347976,7.8466635,2.8669007,3
193498813771406,767849498,4.1443686,7.8523464,2.8366911,3
193498816271406,770349498,4.1524444,7.8592257,2.8073792,3
193498818771406,772849498,4.1688952,7.8637123,2.755036,3
193498821271406,775349498,4.1668015,7.881958,2.751447,3
193498823771406,777849498,4.1790648,7.9070826,2.714059,3
193498826271406,780349498,4.185944,7.9393854,2.7074788,3
193498828771406,782849498,4.174578,7.9678,2.691028,3
193498831271406,785349498,4.1832523,7.999505,2.684448,3
193498833771406,787849498,4.1838503,8.039286,2.664408,3
193498836271406,790349498,4.1629133,8.089535,2.6473591,3
193498838771406,792849498,4.1422753,8.129914,2.6374888,3
193498841271406,795349498,4.1425743,8.170293,2.5893333,3
193498843771406,797849498,4.1494536,8.221439,2.533401,3
193498846271406,800349498,4.12732,8.258529,2.4792633,3
193498848771406,802849498,4.1162534,8.292327,2.458326,3
193498851271406,805349498,4.069593,8.325527,2.5106692,3
193498853771406,807849498,4.023232,8.359625,2.5582266,3
193498856271406,810349498,3.993322,8.425129,2.5561328,3
193498858771406,812849498,4.006183,8.476275,2.5612175,3
193498861271406,815349498,3.9804604,8.539685,2.6072793,3
193498863771406,817849498,3.9801614,8.6013,2.6659036,3
193498866271406,820349498,3.982255,8.668,2.6659036,3
193498868771406,822849498,3.9807596,8.737691,2.6312077,3
193498871271406,825349498,3.969992,8.795118,2.6015964,3
193498873771406,827849498,3.9595232,8.848359,2.6168506,3
193498876271406,830349498,3.9451663,8.900403,2.6386852,3
193498878771406,832849498,3.9158542,8.934201,2.69043,3
193498881271406,835349498,3.8943188,8.959925,2.7149563,3
193498883771406,837849498,3.8739798,8.9877405,2.7397819,3
193498886271406,840349498,3.8518462,8.99821,2.7364917,3
193498888771406,842849498,3.8267217,8.988339,2.734099,3
193498891271406,845349498,3.7917266,8.982357,2.7502506,3
193498893771406,847849498,3.7456648,8.9775715,2.7658038,3
193498896271406,850349498,3.6918263,8.971291,2.7565317,3
193498898771406,852849498,3.659224,8.96471,2.7418756,3
193498901271406,855349498,3.6176488,8.950054,2.7320054,3
193498903771406,857849498,3.563212,8.900403,2.728416,3
193498906271406,860349498,3.5126636,8.896813,2.7361927,3
193498908771406,862849498,3.4621153,8.86152,2.7188447,3
193498911271406,865349498,3.4190445,8.853743,2.7089744,3
193498913771406,867849498,3.3750763,8.84806,2.7149563,3
193498916271406,870349498,3.3400812,8.836096,2.7215366,3
193498918771406,872849498,3.3137603,8.82443,2.734697,3
193498921271406,875349498,3.2859437,8.819047,2.7415764,3
193498923771406,877849498,3.2503505,8.811869,2.7272196,3
193498926271406,880349498,3.2147572,8.789735,2.7364917,3
193498928771406,882849498,3.1875389,8.775976,2.7412775,3
193498931271406,885349498,3.1567314,8.775079,2.7463622,3
193498933771406,887849498,3.1372895,8.770593,2.7601209,3
193498936271406,890349498,3.10379,8.778369,2.798107,3
193498938771406,892849498,3.0960133,8.792726,2.8307092,3
193498941271406,895349498,3.0747771,8.806784,2.861816,3
193498943771406,897849498,3.0675986,8.811869,2.8905299,3
193498946271406,900349498,3.071487,8.829815,2.9246275,3
193498948771406,902849498,3.0852456,8.846265,2.9778678,3
193498951271406,905349498,3.109473,8.856734,3.0026934,3
193498953771406,907849498,3.1163523,8.829216,3.0373893,3
193498956271406,910349498,3.1286156,8.8346,3.0732815,3
193498958771406,912849498,3.1579278,8.827123,3.0933216,3
193498961271406,915349498,3.1794631,8.820244,3.1160533,3
193498963771406,917849498,3.2090743,8.813962,3.1483564,3
193498966271406,920349498,3.249154,8.801699,3.1519456,3
193498968771406,922849498,3.2524443,8.785547,3.1495528,3
193498971271406,925349498,3.269194,8.776276,3.1345978,3
193498973771406,927849498,3.2880373,8.734101,3.121437,3
193498976271406,930349498,3.313461,8.702995,3.0906296,3
193498978771406,932849498,3.3460634,8.666205,3.0717862,3
193498981271406,935349498,3.3664024,8.645268,3.0553355,3
193498983771406,937849498,3.3963127,8.606385,3.0338001,3
193498986271406,940349498,3.4250264,8.601898,3.0376883,3
193498988771406,942849498,3.4369907,8.583952,3.051148,3
193498991271406,945349498,3.4522448,8.588439,3.0678978,3
193498993771406,947849498,3.4612179,8.586944,3.0439694,3
193498996271406,950349498,3.4749768,8.586944,3.0245278,3
193498998771406,952849498,3.4956148,8.570493,2.9874392,3
193499001271406,955349498,3.527619,8.579466,2.9479575,3
193499003771406,957849498,3.5356946,8.561818,2.8516464,3
193499006271406,960349498,3.5365918,8.578269,2.7499514,3
193499008771406,962849498,3.5467613,8.577372,2.6135604,3
193499011271406,965349498,3.5147574,8.582756,2.6347969,3
193499013771406,967849498,3.493222,8.58455,2.746063,3
193499016271406,970349498,3.5004005,8.59801,2.80708,3
193499018771406,972849498,3.5099716,8.624929,2.8094728,3
193499021271406,975349498,3.534199,8.64796,2.8686953,3
193499023771406,977849498,3.559922,8.656335,2.926721,3
193499026271406,980349498,3.5736806,8.672786,2.9682965,3
193499028771406,982849498,3.5733814,8.678469,2.9775686,3
193499031271406,985349498,3.560221,8.68804,2.9796624,3
193499033771406,987849498,3.563212,8.675179,3.0014968,3
193499036271406,990349498,3.560221,8.643773,3.0385857,3
193499038771406,992849498,3.565904,8.62463,3.074478,3
193499041271406,995349498,3.5653057,8.60459,3.0894332,3
193499043771406,997849498,3.5569308,8.583354,3.1088748,3
193499046271406,1000349498,3.5527434,8.56122,3.1292138,3
193499048771406,1002849498,3.5404801,8.546864,3.1573296,3
193499051271406,1005349498,3.568596,8.520842,3.173182,3
193499053771406,1007849498,3.5757744,8.475378,3.1785657,3
193499056271406,1010349498,3.583252,8.452047,3.211467,3
193499058771406,1012849498,3.5973098,8.428419,3.2156546,3
193499061271406,1015349498,3.6032917,8.403294,3.2300115,3
193499063771406,1017849498,3.60389,8.373085,3.2132616,3
193499066271406,1020349498,3.6376886,8.338388,3.1827533,3
193499068771406,1022849498,3.6463625,8.34467,3.144767,3
193499071271406,1025349498,3.6511483,8.325527,3.089134,3
193499073771406,1027849498,3.6424742,8.306385,3.0332017,3
193499076271406,1030349498,3.6263227,8.279166,3.0000014,3
193499078771406,1032849498,3.6203406,8.282456,2.9817562,3
193499081271406,1035349498,3.6320057,8.28784,2.984149,3
193499083771406,1037849498,3.6690943,8.313862,2.9629126,3
193499086271406,1040349498,3.6816568,8.339286,2.9336007,3
193499088771406,1042849498,3.708277,8.363513,2.9162526,3
193499091271406,1045349498,3.7501514,8.39821,2.8926234,3
193499093771406,1047849498,3.775575,8.437093,2.8636105,3
193499096271406,1050349498,3.8318064,8.4604225,2.8573294,3
193499098771406,1052849498,3.8727834,8.489137,2.85045,3
193499101271406,1055349498,3.9305103,8.515757,2.8402805,3
193499103771406,1057849498,3.9547377,8.553144,2.8597221,3
193499106271406,1060349498,3.964309,8.595617,2.8624141,3
193499108771406,1062849498,3.949952,8.633903,2.8399813,3
193499111271406,1065349498,3.9248273,8.657532,2.8109684,3
193499113771406,1067849498,3.9017963,8.679067,2.778067,3
193499116271406,1070349498,3.8691943,8.689835,2.7693932,3
193499118771406,1072849498,3.836293,8.719745,2.751746,3
193499121271406,1075349498,3.7935212,8.7367935,2.7643085,3
193499123771406,1077849498,3.7498522,8.732606,2.757728,3
193499126271406,1080349498,3.7217364,8.723633,2.7625136,3
193499128771406,1082849498,3.6894333,8.718847,2.7957141,3
193499131271406,1085349498,3.6514473,8.708678,2.8148568,3
193499133771406,1087849498,3.6167514,8.696713,2.8351958,3
193499136271406,1090349498,3.5793636,8.689835,2.879762,3
193499138771406,1092849498,3.5635111,8.676973,2.9183464,3
193499141271406,1095349498,3.5539398,8.664112,2.9452655,3
193499143771406,1097849498,3.5362928,8.639884,2.9688947,3
193499146271406,1100349498,3.5300117,8.62134,2.9949167,3
193499148771406,1102849498,3.5183465,8.600702,3.0460632,3
193499151271406,1105349498,3.499802,8.593523,3.0681968,3
193499153771406,1107849498,3.4974093,8.586046,3.1085758,3
193499156271406,1110349498,3.5066817,8.565408,3.1537402,3
193499158771406,1112849498,3.507878,8.555837,3.1779675,3
193499161271406,1115349498,3.5162528,8.545667,3.1875389,3
193499163771406,1117849498,3.5443685,8.519645,3.2177482,3
193499166271406,1120349498,3.5524442,8.499905,3.2829528,3
193499168771406,1122849498,3.5497525,8.481061,3.2994034,3
193499171271406,1125349498,3.5551362,8.468798,3.3206396,3
193499173771406,1127849498,3.5551362,8.447262,3.3242288,3
193499176271406,1130349498,3.5673995,8.432905,3.2961133,3
193499178771406,1132849498,3.5703905,8.422437,3.2883365,3
193499181271406,1135349498,3.5976088,8.406285,3.2721848,3
193499183771406,1137849498,3.6050863,8.370393,3.2793634,3
193499186271406,1140349498,3.6053855,8.365906,3.289832,3
193499188771406,1142849498,3.6083765,8.345866,3.2973096,3
193499191271406,1145349498,3.618247,8.3345,3.3000016,3
193499193771406,1147849498,3.6086757,8.33151,3.306881,3
193499196271406,1150349498,3.6275191,8.335398,3.3242288,3
193499198771406,1152849498,3.6080775,8.323434,3.3290145,3
193499201271406,1155349498,3.6080775,8.3327055,3.3424742,3
193499203771406,1157849498,3.5850465,8.322835,3.3481572,3
193499206271406,1160349498,3.5730824,8.318648,3.3613176,3
193499208771406,1162849498,3.5422747,8.323134,3.3427732,3
193499211271406,1165349498,3.5075788,8.321639,3.347559,3
193499213771406,1167849498,3.4890344,8.333005,3.3116665,3
193499216271406,1170349498,3.4627135,8.350054,3.2853456,3
193499218771406,1172849498,3.4576287,8.359326,3.2850463,3
193499221271406,1175349498,3.4549367,8.399705,3.2790644,3
193499223771406,1177849498,3.4561331,8.42782,3.2727833,3
193499226271406,1180349498,3.4579277,8.45474,3.2629128,3
193499228771406,1182849498,3.467499,8.486744,3.2599218,3
193499231271406,1185349498,3.4669008,8.507681,3.2676985,3
193499233771406,1187849498,3.478865,8.548658,3.2850463,3
193499236271406,1190349498,3.4914274,8.59113,3.2814572,3
193499238771406,1192849498,3.4947174,8.62792,3.266502,3
193499241271406,1195349498,3.505186,8.653643,3.269493,3
193499243771406,1197849498,3.5240295,8.690433,3.2422748,3
193499246271406,1200349498,3.5356946,8.707183,3.2392836,3
193499248771406,1202849498,3.5497525,8.733503,3.2476585,3
193499251271406,1205349498,3.5644085,8.746066,3.2365918,3
193499253771406,1207849498,3.5742788,8.758927,3.2108688,3
193499256271406,1210349498,3.5871403,8.755039,3.1710882,3
193499258771406,1212849498,3.6086757,8.760722,3.1489546,3
193499261271406,1215349498,3.6281173,8.737391,3.1277182,3
193499263771406,1217849498,3.63051,8.726026,3.1079776,3
193499266271406,1220349498,3.60718,8.705089,3.0993035,3
193499268771406,1222849498,3.5946178,8.666505,3.086442,3
193499271271406,1225349498,3.5772698,8.649157,3.0765717,3
193499273771406,1227849498,3.5596228,8.618649,3.0825539,3
193499276271406,1230349498,3.542574,8.595019,3.0759735,3
193499278771406,1232849498,3.5327036,8.585149,3.0963125,3
193499281271406,1235349498,3.5186458,8.566006,3.0978081,3
193499283771406,1237849498,3.5294135,8.56152,3.1259236,3
193499286271406,1240349498,3.5401812,8.563015,3.135495,3
193499288771406,1242849498,3.5620155,8.56122,3.1618161,3
193499291271406,1245349498,3.5784662,8.554341,3.1836505,3
193499293771406,1247849498,3.5874393,8.548658,3.1519456,3
193499296271406,1250349498,3.5928233,8.544471,3.152843,3
193499298771406,1252849498,3.5817564,8.541479,3.141477,3
193499301271406,1255349498,3.5739796,8.545368,3.106781,3
193499303771406,1257849498,3.5712879,8.523832,3.0942187,3
193499306271406,1260349498,3.568596,8.522935,3.0897322,3
193499308771406,1262849498,3.5679977,8.501998,3.0580273,3
193499311271406,1265349498,3.5617166,8.489137,3.0717862,3
193499313771406,1267849498,3.566203,8.4858465,3.0843484,3
193499316271406,1270349498,3.562913,8.46491,3.091826,3
193499318771406,1272849498,3.5724843,8.461918,3.094518,3
193499321271406,1275349498,3.5829527,8.461619,3.0963125,3
193499323771406,1277849498,3.5994034,8.443374,3.101098,3
193499326271406,1280349498,3.6000016,8.455039,3.0870404,3
193499328771406,1282849498,3.630211,8.450851,3.075076,3
193499331271406,1285349498,3.659224,8.458628,3.065804,3
193499333771406,1287849498,3.6792638,8.446963,3.0589247,3
193499336271406,1290349498,3.708576,8.441878,3.054438,3
193499338771406,1292849498,3.7307096,8.43141,3.0720851,3
193499341271406,1295349498,3.758227,8.410771,3.098107,3
193499343771406,1297849498,3.7570307,8.435896,3.0993035,3
193499346271406,1300349498,3.7558343,8.436195,3.0690942,3
193499348771406,1302849498,3.7633119,8.440383,3.0412776,3
193499351271406,1305349498,3.7758741,8.443074,3.0358937,3
193499353771406,1307849498,3.784249,8.439486,3.0502508,3
193499356271406,1310349498,3.7923248,8.425727,3.0562327,3
193499358771406,1312849498,3.8069808,8.423932,3.051148,3
193499361271406,1315349498,3.795615,8.410473,3.03709,3
193499363771406,1317849498,3.81057,8.398808,3.042773,3
193499366271406,1320349498,3.8111682,8.3943205,3.045465,3
193499368771406,1322849498,3.7911284,8.396415,3.065505,3
193499371271406,1325349498,3.781557,8.395517,3.0822546,3
193499373771406,1327849498,3.769593,8.393424,3.0942187,3
193499376271406,1330349498,3.752245,8.4015,3.0732815,3
193499378771406,1332849498,3.7528431,8.389535,3.0963125,3
193499381271406,1335349498,3.74387,8.386844,3.0969107,3
193499383771406,1337849498,3.7229328,8.380263,3.0924242,3
193499386271406,1340349498,3.7310088,8.375776,3.0999017,3
193499388771406,1342849498,3.7208393,8.372188,3.1292138,3
193499391271406,1345349498,3.7166517,8.379366,3.1160533,3
193499393771406,1347849498,3.7241294,8.391928,3.1142588,3
193499396271406,1350349498,3.7235312,8.390134,3.1031919,3
193499398771406,1352849498,3.7199419,8.39791,3.0969107,3
193499401271406,1355349498,3.7166517,8.4012,3.089134,3
193499403771406,1357849498,3.7160535,8.412267,3.077469,3
193499406271406,1360349498,3.7187455,8.410173,3.05713,3
193499408771406,1362849498,3.7091742,8.418249,3.0535407,3
193499411271406,1365349498,3.7265222,8.424232,3.03051,3
193499413771406,1367849498,3.7211382,8.43111,3.0152557,3
193499416271406,1370349498,3.7184465,8.440981,2.993122,3
193499418771406,1372849498,3.7163527,8.446066,2.9973094,3
193499421271406,1375349498,3.705884,8.471788,2.9970105,3
193499423771406,1377849498,3.711567,8.472686,2.9751759,3
193499426271406,1380349498,3.7046876,8.48794,2.9775686,3
193499428771406,1382849498,3.6891344,8.487342,2.9685955,3
193499431271406,1385349498,3.6780674,8.49482,2.966502,3
193499433771406,1387849498,3.679862,8.502297,2.975475,3
193499436271406,1390349498,3.6804602,8.513364,2.9994032,3
193499438771406,1392849498,3.673581,8.528917,3.0014968,3
193499441271406,1395349498,3.6780674,8.50469,3.016452,3
193499443771406,1397849498,3.6807594,8.512766,3.0005996,3
193499446271406,1400349498,3.6918263,8.505588,2.9865417,3
193499448771406,1402849498,3.7040894,8.498708,2.9632118,3
193499451271406,1405349498,3.723232,8.483154,2.9440691,3
193499453771406,1407849498,3.7199419,8.50469,2.9688947,3
193499456271406,1410349498,3.7118661,8.491829,2.999104,3
193499458771406,1412849498,3.7151563,8.502895,3.01047,3
193499461271406,1415349498,3.714259,8.500801,3.0436704,3
193499463771406,1417849498,3.7199419,8.500801,3.0681968,3
193499466271406,1420349498,3.7118661,8.510074,3.0664022,3
193499468771406,1422849498,3.7013974,8.522935,3.0466614,3
193499471271406,1425349498,3.688237,8.538488,3.0490541,3
193499473771406,1427849498,3.6846478,8.540583,3.0415766,3
193499476271406,1430349498,3.6640096,8.533703,3.0421748,3
193499478771406,1432849498,3.667898,8.53789,3.0562327,3
193499481271406,1435349498,3.6583266,8.546266,3.0604203,3
193499483771406,1437849498,3.6541393,8.541181,3.0562327,3
193499486271406,1440349498,3.6373894,8.545368,3.0732815,3
193499488771406,1442849498,3.629613,8.548359,3.0391839,3
193499491271406,1445349498,3.609274,8.541479,3.0266216,3
193499493771406,1447849498,3.589533,8.537591,3.0302107,3
193499496271406,1450349498,3.577569,8.540283,3.03709,3
193499498771406,1452849498,3.5641093,8.536694,3.0346973,3
193499501271406,1455349498,3.5647075,8.53131,3.0469606,3
193499503771406,1457849498,3.565605,8.541181,3.0696924,3
193499506271406,1460349498,3.5560336,8.53131,3.0825539,3
193499508771406,1462849498,3.5548372,8.525927,3.0649066,3
193499511271406,1465349498,3.5563326,8.517252,3.071188,3
193499513771406,1467849498,3.5590246,8.501998,3.076871,3
193499516271406,1470349498,3.5560336,8.492427,3.0586255,3
193499518771406,1472849498,3.5539398,8.499605,3.036791,3
193499521271406,1475349498,3.5590246,8.500503,2.9967113,3
193499523771406,1477849498,3.5715868,8.499306,2.9970105,3
193499526271406,1480349498,3.5688949,8.516953,2.981457,3
193499528771406,1482849498,3.5823545,8.536694,2.9952157,3
193499531271406,1485349498,3.60389,8.550154,2.9967113,3
193499533771406,1487849498,3.6227336,8.576176,3.00718,3
193499536271406,1490349498,3.630211,8.5983095,3.0014968,3
193499538771406,1492849498,3.6245282,8.603992,2.9859436,3
193499541271406,1495349498,3.6293137,8.608179,2.9913275,3
193499543771406,1497849498,3.6062827,8.62134,2.972185,3
193499546271406,1500349498,3.5856447,8.636594,2.958426,3
193499548771406,1502849498,3.577569,8.650054,2.9341989,3
193499551271406,1505349498,3.5796626,8.66471,2.922833,3
193499553771406,1507849498,3.577868,8.676076,2.887838,3
193499556271406,1510349498,3.5853457,8.696415,2.9195428,3
193499558771406,1512849498,3.5871403,8.713762,2.9195428,3
193499561271406,1515349498,3.589533,8.720942,2.9437702,3
193499563771406,1517849498,3.5967116,8.732905,2.9572296,3
193499566271406,1520349498,3.6146576,8.739186,2.9629126,3
193499568771406,1522849498,3.618247,8.742476,2.9769704,3
193499571271406,1525349498,3.6227336,8.748459,2.9952157,3
193499573771406,1527849498,3.6589248,8.73799,2.9976087,3
193499576271406,1530349498,3.6729827,8.72782,2.9943185,3
193499578771406,1532849498,3.685545,8.720942,3.0149565,3
193499581271406,1535349498,3.708277,8.699705,3.0233314,3
193499583771406,1537849498,3.7118661,8.679366,3.050849,3
193499586271406,1540349498,3.726223,8.65783,3.0284162,3
193499588771406,1542849498,3.7283168,8.63151,2.996113,3
193499591271406,1545349498,3.731906,8.606086,2.9874392,3
193499593771406,1547849498,3.7354953,8.58814,2.9748766,3
193499596271406,1550349498,3.7301114,8.571988,2.9781668,3
193499598771406,1552849498,3.7166517,8.544769,2.9718857,3
193499601271406,1555349498,3.7118661,8.5112705,2.9632118,3
193499603771406,1557849498,3.6891344,8.527422,3.0062826,3
193499606271406,1560349498,3.6801612,8.513364,3.016452,3
193499608771406,1562849498,3.6786656,8.512167,3.0218358,3
193499611271406,1565349498,3.679862,8.503793,3.0053852,3
193499613771406,1567849498,3.6687953,8.504391,3.031407,3
193499616271406,1570349498,3.661916,8.507681,3.0415766,3
193499618771406,1572849498,3.6843486,8.476873,3.0487552,3
193499621271406,1575349498,3.6699917,8.472985,3.042474,3
193499623771406,1577849498,3.6870406,8.466405,3.03051,3
193499626271406,1580349498,3.6987057,8.468498,3.0179477,3
193499628771406,1582849498,3.7100716,8.459525,2.9973094,3
193499631271406,1585349498,3.7097723,8.460722,2.9835508,3
193499633771406,1587849498,3.7163527,8.467302,2.9913275,3
193499636271406,1590349498,3.7325041,8.474779,2.9706893,3
193499638771406,1592849498,3.7277186,8.477471,2.955435,3
193499641271406,1595349498,3.7271204,8.482257,2.9539394,3
193499643771406,1597849498,3.7256248,8.493623,2.9620154,3
193499646271406,1600349498,3.7217364,8.498408,2.948855,3
193499648771406,1602849498,3.7339997,8.487641,2.9374888,3
193499651271406,1605349498,3.7157545,8.505588,2.9371898,3
193499653771406,1607849498,3.700201,8.509476,2.9413772,3
193499656271406,1610349498,3.7070804,8.515159,2.92044,3
193499658771406,1612849498,3.7127635,8.515159,2.938087,3
193499661271406,1615349498,3.7091742,8.52144,2.9383862,3
193499663771406,1617849498,3.716951,8.513064,2.958127,3
193499666271406,1620349498,3.7211382,8.510373,2.9512477,3
193499668771406,1622849498,3.7019958,8.519645,2.9327033,3
193499671271406,1625349498,3.7019958,8.514261,2.9362924,3
193499673771406,1627849498,3.6927235,8.510672,2.929413,3
193499676271406,1630349498,3.6846478,8.52473,2.9252257,3
193499678771406,1632849498,3.691228,8.52772,2.92044,3
193499681271406,1635349498,3.7010984,8.53131,2.9327033,3
193499683771406,1637849498,3.6933217,8.535198,2.946462,3
193499686271406,1640349498,3.7073796,8.550452,2.9479575,3
193499688771406,1642849498,3.7005002,8.553742,2.9356942,3
193499691271406,1645349498,3.7106698,8.560622,2.9353952,3
193499693771406,1647849498,3.7157545,8.569296,2.9222345,3
193499696271406,1650349498,3.71396,8.573184,2.9327033,3
193499698771406,1652849498,3.7304106,8.554042,2.9249265,3
193499701271406,1655349498,3.7468612,8.55464,2.9189446,3
193499703771406,1657849498,3.7474594,8.540881,2.9033911,3
193499706271406,1660349498,3.7657046,8.5220375,2.920141,3
193499708771406,1662849498,3.7767715,8.520842,2.917449,3
193499711271406,1665349498,3.7785661,8.49811,2.922833,3
193499713771406,1667849498,3.7851462,8.486744,2.911766,3
193499716271406,1670349498,3.7701912,8.490333,2.92044,3
193499718771406,1672849498,3.7878382,8.4705925,2.8932216,3
193499721271406,1675349498,3.7824545,8.451151,2.9129624,3
193499723771406,1677849498,3.7800615,8.439785,2.911766,3
193499726271406,1680349498,3.7914274,8.429914,2.917449,3
193499728771406,1682849498,3.7935212,8.434401,2.9270203,3
193499731271406,1685349498,3.792923,8.429316,2.9318058,3
193499733771406,1687849498,3.8114674,8.428718,2.9368906,3
193499736271406,1690349498,3.8114674,8.425427,2.9410782,3
193499738771406,1692849498,3.824927,8.417651,2.952444,3
193499741271406,1695349498,3.8359938,8.409575,2.9676983,3
193499743771406,1697849498,3.862315,8.405686,2.9653056,3
193499746271406,1700349498,3.888935,8.409575,2.9629126,3
193499748771406,1702849498,3.8967116,8.402696,2.9676983,3
193499751271406,1705349498,3.9107695,8.401798,2.9653056,3
193499753771406,1707849498,3.9101713,8.391928,2.9410782,3
193499756271406,1710349498,3.8943188,8.382357,2.9150562,3
193499758771406,1712849498,3.8775692,8.388339,2.9150562,3
193499761271406,1715349498,3.8407795,8.402696,2.8953154,3
193499763771406,1717849498,3.824329,8.391031,2.891128,3
193499766271406,1720349498,3.798307,8.427522,2.9114668,3
193499768771406,1722849498,3.775575,8.43799,2.9120653,3
193499771271406,1725349498,3.7531424,8.454441,2.94706,3
193499773771406,1727849498,3.7441692,8.475378,2.9829526,3
193499776271406,1730349498,3.740879,8.493025,3.0035906,3
193499778771406,1732849498,3.7298124,8.508878,3.0320053,3
193499781271406,1735349498,3.7172499,8.536395,3.05713,3
193499783771406,1737849498,3.731607,8.532506,3.065505,3
193499786271406,1740349498,3.725924,8.540283,3.0457642,3
193499788771406,1742849498,3.7310088,8.534301,3.0379875,3
193499791271406,1745349498,3.7402809,8.539086,3.0161529,3
193499793771406,1747849498,3.7525442,8.541479,3.0023942,3
193499796271406,1750349498,3.7453656,8.539086,2.998805,3
193499798771406,1752849498,3.7624145,8.547162,2.9647074,3
193499801271406,1755349498,3.7660038,8.552845,2.9368906,3
193499803771406,1757849498,3.7707894,8.550154,2.9168508,3
193499806271406,1760349498,3.7773697,8.545966,2.9042885,3
193499808771406,1762849498,3.7707894,8.540283,2.9126635,3
193499811271406,1765349498,3.7540395,8.560622,2.9153552,3
193499813771406,1767849498,3.76391,8.556135,2.948855,3
193499816271406,1770349498,3.7621155,8.568997,2.9530423,3
193499818771406,1772849498,3.7627137,8.585747,2.9650064,3
193499821271406,1775349498,3.746263,8.568698,2.9626136,3
193499823771406,1777849498,3.7417765,8.566305,2.9599216,3
193499826271406,1780349498,3.7226338,8.5678005,2.961118,3
193499828771406,1782849498,3.7022948,8.556135,2.9653056,3
193499831271406,1785349498,3.6927235,8.552247,2.9605198,3
193499833771406,1787849498,3.6774693,8.541779,2.966801,3
193499836271406,1790349498,3.6726837,8.535796,2.9853454,3
193499838771406,1792849498,3.6628132,8.539984,2.9808588,3
193499841271406,1795349498,3.6571302,8.529515,2.9910283,3
193499843771406,1797849498,3.6610186,8.53131,3.00718,3
193499846271406,1800349498,3.6505501,8.523234,3.0146575,3
193499848771406,1802849498,3.6340995,8.496913,3.0376883,3
193499851271406,1805349498,3.638885,8.490333,3.0385857,3
193499853771406,1807849498,3.6412778,8.487641,3.0472596,3
193499856271406,1810349498,3.6397824,8.481659,3.0514472,3
193499858771406,1812849498,3.6613178,8.469396,3.0529425,3
193499861271406,1815349498,3.6708891,8.45803,3.0678978,3
193499863771406,1817849498,3.6613178,8.447861,3.0753753,3
193499866271406,1820349498,3.6655052,8.453842,3.0589247,3
193499868771406,1822849498,3.6726837,8.435298,3.0442686,3
193499871271406,1825349498,3.6658044,8.438588,3.016452,3
193499873771406,1827849498,3.6747773,8.446963,3.0077782,3
193499876271406,1830349498,3.6846478,8.439486,3.0083764,3
193499878771406,1832849498,3.6858442,8.452945,3.0343983,3
193499881271406,1835349498,3.6981075,8.45803,3.0290143,3
193499883771406,1837849498,3.7181473,8.477771,3.0329027,3
193499886271406,1840349498,3.7307096,8.485547,3.0287154,3
193499888771406,1842849498,3.7348971,8.49781,3.012863,3
193499891271406,1845349498,3.725924,8.488837,3.0000014,3
193499893771406,1847849498,3.7471602,8.479266,2.9919257,3
193499896271406,1850349498,3.7651064,8.49452,3.0041888,3
193499898771406,1852849498,3.7710886,8.502297,2.9853454,3
193499901271406,1855349498,3.7731822,8.509774,2.966801,3
193499903771406,1857849498,3.7791643,8.513663,2.9772696,3
193499906271406,1860349498,3.8147576,8.503793,2.9940193,3
193499908771406,1862849498,3.821936,8.516056,2.9790642,3
193499911271406,1865349498,3.8359938,8.513663,2.978466,3
193499913771406,1867849498,3.8347974,8.529217,2.9626136,3
193499916271406,1870349498,3.841976,8.540283,2.9673991,3
193499918771406,1872849498,3.845565,8.537591,2.9629126,3
193499921271406,1875349498,3.8383865,8.529515,2.9515467,3
193499923771406,1877849498,3.822235,8.53161,2.9602208,3
193499926271406,1880349498,3.833601,8.536694,2.9344978,3
193499928771406,1882849498,3.8147576,8.542975,2.955435,3
193499931271406,1885349498,3.80399,8.531011,2.9533412,3
193499933771406,1887849498,3.80399,8.521739,2.9545379,3
193499936271406,1890349498,3.8030925,8.525627,2.9530423,3
193499938771406,1892849498,3.8084764,8.528319,2.9419754,3
193499941271406,1895349498,3.807579,8.512167,2.9476583,3
193499943771406,1897849498,3.807878,8.497212,2.946163,3
193499946271406,1900349498,3.8165522,8.481061,2.9410782,3
193499948771406,1902849498,3.8135612,8.467601,2.9336007,3
193499951271406,1905349498,3.8120656,8.445766,2.9279177,3
193499953771406,1907849498,3.7974095,8.436793,2.9150562,3
193499956271406,1910349498,3.792624,8.435896,2.922833,3
193499958771406,1912849498,3.778865,8.440981,2.9198418,3
193499961271406,1915349498,3.7654054,8.43799,2.9473593,3
193499963771406,1917849498,3.7426736,8.4502535,2.9389844,3
193499966271406,1920349498,3.74387,8.460722,2.943471,3
193499968771406,1922849498,3.7480576,8.468798,2.9530423,3
193499971271406,1925349498,3.7480576,8.480762,2.9557343,3
193499973771406,1927849498,3.7540395,8.484052,2.9536405,3
193499976271406,1930349498,3.7534413,8.493623,2.9410782,3
193499978771406,1932849498,3.7672002,8.488539,2.9386854,3
193499981271406,1935349498,3.7680974,8.481958,2.9425735,3
193499983771406,1937849498,3.7818563,8.477471,2.9392836,3
193499986271406,1940349498,3.7938204,8.463115,2.949752,3
193499988771406,1942849498,3.818945,8.452047,2.9614172,3
193499991271406,1945349498,3.8383865,8.455338,2.9629126,3
193499993771406,1947849498,3.8479578,8.47119,2.9793632,3
193499996271406,1950349498,3.865306,8.460722,2.9874392,3
193499998771406,1952849498,3.874279,8.452646,2.9805596,3
193500001271406,1955349498,3.8724844,8.452347,2.9712875,3
193500003771406,1957849498,3.8676987,8.434102,2.9503503,3
193500006271406,1960349498,3.845266,8.435597,2.9703903,3
193500008771406,1962849498,3.8324046,8.435597,2.9515467,3
193500011271406,1965349498,3.8081772,8.429615,2.9644082,3
193500013771406,1967849498,3.7821553,8.432307,2.9772696,3
193500016271406,1970349498,3.7648072,8.441579,2.978466,3
193500018771406,1972849498,3.746562,8.45474,2.9763722,3
193500021271406,1975349498,3.7366917,8.459825,2.973082,3
193500023771406,1977849498,3.7190447,8.460124,2.984448,3
193500026271406,1980349498,3.699902,8.481659,2.972783,3
193500028771406,1982849498,3.694219,8.496913,2.984149,3
193500031271406,1985349498,3.6984065,8.503793,2.9826534,3
193500033771406,1987849498,3.6954155,8.520542,2.9820552,3
193500036271406,1990349498,3.7037904,8.539984,2.9718857,3
193500038771406,1992849498,3.728616,8.539386,2.9724839,3
193500041271406,1995349498,3.7423747,8.538189,2.9751759,3
193500043771406,1997849498,3.7387853,8.558827,2.9506495,3
193500046271406,2000349498,3.7543387,8.564211,2.9482565,3
193500048771406,2002849498,3.769593,8.566305,2.9383862,3
193500051271406,2005349498,3.7944186,8.563015,2.9521449,3
193500053771406,2007849498,3.8006997,8.567203,2.937788,3
193500056271406,2010349498,3.8072798,8.551051,2.9437702,3
193500058771406,2012849498,3.8126638,8.540583,2.9398818,3
193500061271406,2015349498,3.828217,8.545667,2.9252257,3
193500063771406,2017849498,3.830909,8.535796,2.9213374,3
193500066271406,2020349498,3.8288152,8.530413,2.9312077,3
193500068771406,2022849498,3.8315072,8.522337,2.94048,3
193500071271406,2025349498,3.8204405,8.5112705,2.946163,3
193500073771406,2027849498,3.8276188,8.505588,2.9446673,3
193500076271406,2030349498,3.8111682,8.505588,2.9566314,3
193500078771406,2032849498,3.799204,8.50469,2.9685955,3
193500081271406,2035349498,3.7818563,8.496913,2.970091,3
193500083771406,2037849498,3.7686956,8.482856,2.9751759,3
193500086271406,2040349498,3.7480576,8.489435,3.0014968,3
193500088771406,2042849498,3.7450666,8.476873,2.9916265,3
193500091271406,2045349498,3.720241,8.489735,2.9838498,3
193500093771406,2047849498,3.7109687,8.480164,2.9940193,3
193500096271406,2050349498,3.7076788,8.475677,2.9862428,3
193500098771406,2052849498,3.717549,8.47149,2.9919257,3
193500101271406,2055349498,3.7268212,8.473284,3.0011978,3
193500103771406,2057849498,3.7283168,8.46132,2.9748766,3
193500106271406,2060349498,3.7384863,8.4604225,3.0041888,3
193500108771406,2062849498,3.74387,8.4682,2.9763722,3
193500111271406,2065349498,3.752245,8.481061,2.9679973,3
193500113771406,2067849498,3.7683966,8.476275,2.9724839,3
193500116271406,2070349498,3.7728832,8.479566,2.960819,3
193500118771406,2072849498,3.7857444,8.481958,2.9557343,3
193500121271406,2075349498,3.766602,8.488837,2.958127,3
193500123771406,2077849498,3.7785661,8.486146,2.9560332,3
193500126271406,2080349498,3.786941,8.482556,2.961118,3
193500128771406,2082849498,3.7797625,8.482556,2.9656045,3
193500131271406,2085349498,3.772285,8.476275,2.952743,3
193500133771406,2087849498,3.7594235,8.478967,2.946163,3
193500136271406,2090349498,3.7483566,8.49482,2.9440691,3
193500138771406,2092849498,3.7283168,8.512167,2.920141,3
193500141271406,2095349498,3.6963127,8.510074,2.9213374,3
193500143771406,2097849498,3.6888351,8.527422,2.9165516,3
193500146271406,2100349498,3.688237,8.531908,2.9243283,3
193500148771406,2102849498,3.6924245,8.546864,2.9336007,3
193500151271406,2105349498,3.7127635,8.563613,2.9605198,3
193500153771406,2107849498,3.725924,8.570193,2.998805,3
193500156271406,2110349498,3.7468612,8.561818,2.990131,3
193500158771406,2112849498,3.7704902,8.552845,3.0038898,3
193500161271406,2115349498,3.7806597,8.548658,2.9829526,3
193500163771406,2117849498,3.7821553,8.542078,2.9569306,3
193500166271406,2120349498,3.7971103,8.529217,2.9503503,3
193500168771406,2122849498,3.7980077,8.507083,2.9353952,3
193500171271406,2125349498,3.7953157,8.492427,2.9392836,3
193500173771406,2127849498,3.792923,8.498408,2.9443684,3
193500176271406,2130349498,3.802195,8.469994,2.955136,3
193500178771406,2132849498,3.8195431,8.459825,2.9647074,3
193500181271406,2135349498,3.824927,8.456235,2.9751759,3
193500183771406,2137849498,3.824329,8.451449,2.9895327,3
193500186271406,2140349498,3.8383865,8.436195,2.984448,3
193500188771406,2142849498,3.8347974,8.416754,2.9850461,3
193500191271406,2145349498,3.8467615,8.411669,2.989832,3
193500193771406,2147849498,3.8270206,8.402995,2.9865417,3
193500196271406,2150349498,3.810271,8.400303,2.9793632,3
193500198771406,2152849498,3.8030925,8.400303,2.9691937,3
193500201271406,2155349498,3.7914274,8.395817,2.9632118,3
193500203771406,2157849498,3.7905302,8.397013,2.94706,3
193500206271406,2160349498,3.7911284,8.417053,2.9832516,3
193500208771406,2162849498,3.807579,8.430812,2.989832,3
193500211271406,2165349498,3.8258243,8.444869,3.0122645,3
193500213771406,2167849498,3.8312082,8.459825,3.022434,3
193500216271406,2170349498,3.8291144,8.458927,3.022434,3
193500218771406,2172849498,3.8386858,8.472088,3.0346973,3
193500221271406,2175349498,3.8617167,8.479266,3.011068,3
193500223771406,2177849498,3.8530426,8.481659,2.998805,3
193500226271406,2180349498,3.8739798,8.476275,2.978765,3
193500228771406,2182849498,3.868596,8.470891,2.9482565,3
193500231271406,2185349498,3.866203,8.472686,2.9419754,3
193500233771406,2187849498,3.8694932,8.4655075,2.9458637,3
193500236271406,2190349498,3.862315,8.4705925,2.949154,3
193500238771406,2192849498,3.8635113,8.478069,2.9593234,3
193500241271406,2195349498,3.868596,8.469695,2.973082,3
193500243771406,2197849498,3.8676987,8.469096,2.9760733,3
193500246271406,2200349498,3.8691943,8.4679,2.9832516,3
193500248771406,2202849498,3.863212,8.47119,2.9745777,3
193500251271406,2205349498,3.8548372,8.484052,2.9772696,3
193500253771406,2207849498,3.822235,8.472088,2.973082,3
193500256271406,2210349498,3.8009987,8.475079,2.966801,3
193500258771406,2212849498,3.7923248,8.484052,2.9593234,3
193500261271406,2215349498,3.777968,8.48794,2.960819,3
193500263771406,2217849498,3.7743785,8.492725,2.9688947,3
193500266271406,2220349498,3.7692938,8.491529,2.9545379,3
193500268771406,2222849498,3.772285,8.507083,2.9949167,3
193500271271406,2225349498,3.778865,8.494222,3.0008986,3
193500273771406,2227849498,3.7761734,8.48794,2.990729,3
193500276271406,2230349498,3.780959,8.489137,2.9919257,3
193500278771406,2232849498,3.7686956,8.48794,2.9605198,3
193500281271406,2235349498,3.7561333,8.508878,2.938087,3
193500283771406,2237849498,3.7450666,8.505886,2.9270203,3
193500286271406,2240349498,3.735196,8.519047,2.932404,3
193500288771406,2242849498,3.7295132,8.514561,2.9312077,3
193500291271406,2245349498,3.7166517,8.510672,2.9234312,3
193500293771406,2247849498,3.7235312,8.52443,2.926721,3
193500296271406,2250349498,3.712165,8.523234,2.920141,3
193500298771406,2252849498,3.7157545,8.517851,2.9443684,3
193500301271406,2255349498,3.731607,8.525927,2.934797,3
193500303771406,2257849498,3.7420754,8.532805,2.964109,3
193500306271406,2260349498,3.7456648,8.519047,2.9578278,3
193500308771406,2262849498,3.7256248,8.520244,2.9467611,3
193500311271406,2265349498,3.7184465,8.530712,2.946462,3
193500313771406,2267849498,3.723232,8.519944,2.9506495,3
193500316271406,2270349498,3.7190447,8.498408,2.958426,3
193500318771406,2272849498,3.7295132,8.504391,2.9781668,3
193500321271406,2275349498,3.7387853,8.49781,2.986841,3
193500323771406,2277849498,3.7486558,8.490333,3.010171,3
193500326271406,2280349498,3.7764723,8.482556,3.028117,3
193500328771406,2282849498,3.792624,8.4705925,3.0149565,3
193500331271406,2285349498,3.7839499,8.451749,3.0400813,3
193500333771406,2287849498,3.786941,8.446364,3.0296125,3
193500336271406,2290349498,3.7971103,8.427222,3.022135,3
193500338771406,2292849498,3.799204,8.422736,3.0170503,3
193500341271406,2295349498,3.8036907,8.413763,3.0227332,3
193500343771406,2297849498,3.8042889,8.400003,3.0125637,3
193500346271406,2300349498,3.784249,8.402098,3.0146575,3
193500348771406,2302849498,3.7881374,8.407481,3.0296125,3
193500351271406,2305349498,3.7830527,8.411968,3.0155547,3
193500353771406,2307849498,3.7770705,8.409874,3.0329027,3
193500356271406,2310349498,3.7758741,8.41795,3.0352955,3
193500358771406,2312849498,3.7863426,8.420642,3.0373893,3
193500361271406,2315349498,3.784548,8.422736,3.0332017,3
193500363771406,2317849498,3.7923248,8.4197445,3.0254252,3
193500366271406,2320349498,3.8126638,8.426325,3.0155547,3
193500368771406,2322849498,3.8210387,8.445766,3.0302107,3
193500371271406,2325349498,3.8356948,8.453544,3.01047,3
193500373771406,2327849498,3.8437705,8.46491,3.0011978,3
193500376271406,2330349498,3.8530426,8.469994,2.993421,3
193500378771406,2332849498,3.8593237,8.478369,3.0003004,3
193500381271406,2335349498,3.8676987,8.49123,2.9865417,3
193500383771406,2337849498,3.8913279,8.487042,2.9563324,3
193500386271406,2340349498,3.8784664,8.506186,2.9521449,3
193500388771406,2342849498,3.866203,8.513064,2.9437702,3
193500391271406,2345349498,3.850949,8.509476,2.9455647,3
193500393771406,2347849498,3.8398821,8.516056,2.9401808,3
193500396271406,2350349498,3.8090746,8.539984,2.9120653,3
193500398771406,2352849498,3.8015969,8.536395,2.928516,3
193500401271406,2355349498,3.7672002,8.539086,2.9234312,3
193500403771406,2357849498,3.7591243,8.558229,2.932404,3
193500406271406,2360349498,3.7573297,8.564211,2.934797,3
193500408771406,2362849498,3.7594235,8.55793,2.9593234,3
193500411271406,2365349498,3.7677984,8.562118,2.9739795,3
193500413771406,2367849498,3.7692938,8.555537,2.9679973,3
193500416271406,2370349498,3.777968,8.5346,2.9889345,3
193500418771406,2372849498,3.769892,8.52473,2.9856443,3
193500421271406,2375349498,3.7674992,8.520244,2.9569306,3
193500423771406,2377849498,3.7618163,8.515159,2.9587252,3
193500426271406,2380349498,3.7489548,8.505886,2.9512477,3
193500428771406,2382849498,3.7384863,8.494222,2.9327033,3
193500431271406,2385349498,3.725924,8.494222,2.9359934,3
193500433771406,2387849498,3.7223346,8.497212,2.929413,3
193500436271406,2390349498,3.7067814,8.493623,2.9371898,3
193500438771406,2392849498,3.7157545,8.4909315,2.9566314,3
193500441271406,2395349498,3.7250266,8.485547,2.9629126,3
193500443771406,2397849498,3.7546377,8.49452,2.9796624,3
193500446271406,2400349498,3.7812579,8.498708,3.0155547,3
193500448771406,2402849498,3.799204,8.506484,3.016751,3
193500451271406,2405349498,3.833601,8.503195,3.022135,3
193500453771406,2407849498,3.8581274,8.507083,3.0146575,3
193500456271406,2410349498,3.8757744,8.499306,3.0098717,3
193500458771406,2412849498,3.8823547,8.496614,2.990131,3
193500461271406,2415349498,3.8748772,8.491529,2.9709885,3
193500463771406,2417849498,3.8635113,8.495118,2.9614172,3
193500466271406,2420349498,3.8671005,8.464311,2.9431717,3
193500468771406,2422849498,3.8377883,8.458628,2.929413,3
193500471271406,2425349498,3.8333018,8.447561,2.9249265,3
193500473771406,2427849498,3.8231323,8.448459,2.932105,3
193500476271406,2430349498,3.7878382,8.4400835,2.9383862,3
193500478771406,2432849498,3.7905302,8.453244,2.9539394,3
193500481271406,2435349498,3.7824545,8.463115,2.9889345,3
193500483771406,2437849498,3.7851462,8.466405,3.0236306,3
193500486271406,2440349498,3.7716868,8.468498,3.0182467,3
193500488771406,2442849498,3.7657046,8.467302,3.0029924,3
193500491271406,2445349498,3.7591243,8.461619,2.9919257,3
193500493771406,2447849498,3.7663028,8.460124,2.966801,3
193500496271406,2450349498,3.784249,8.439186,2.9401808,3
193500498771406,2452849498,3.7971103,8.438588,2.952743,3
193500501271406,2455349498,3.8213377,8.427222,2.9593234,3
193500503771406,2457849498,3.8291144,8.426025,2.9605198,3
193500506271406,2460349498,3.8371902,8.428718,2.9416764,3
193500508771406,2462849498,3.83061,8.425129,2.9362924,3
193500511271406,2465349498,3.8288152,8.431708,2.9647074,3
193500513771406,2467849498,3.8261235,8.448159,2.9398818,3
193500516271406,2470349498,3.8177485,8.452945,2.9455647,3
193500518771406,2472849498,3.8141594,8.463713,2.9473593,3
193500521271406,2475349498,3.8117664,8.477173,2.9647074,3
193500523771406,2477849498,3.7974095,8.495418,2.973082,3
193500526271406,2480349498,3.802195,8.500801,2.9703903,3
193500528771406,2482849498,3.804588,8.508279,2.970091,3
193500531271406,2485349498,3.7827535,8.510971,2.9682965,3
193500533771406,2487849498,3.784249,8.50798,2.9620154,3
193500536271406,2490349498,3.7839499,8.503493,2.9578278,3
193500538771406,2492849498,3.7950168,8.512466,2.9455647,3
193500541271406,2495349498,3.7935212,8.50469,2.935096,3
193500543771406,2497849498,3.7884364,8.519645,2.9015965,3
193500546271406,2500349498,3.7905302,8.514561,2.9270203,3
193500548771406,2502849498,3.7818563,8.523832,2.9198418,3
193500551271406,2505349498,3.7905302,8.52473,2.909074,3
193500553771406,2507849498,3.8036907,8.528618,2.9111679,3
193500556271406,2510349498,3.8096728,8.514859,2.9141588,3
193500558771406,2512849498,3.8141594,8.526225,2.9309087,3
193500561271406,2515349498,3.813262,8.514859,2.926123,3
193500563771406,2517849498,3.8258243,8.528917,2.940779,3
193500566271406,2520349498,3.8264225,8.516953,2.9443684,3
193500568771406,2522849498,3.8153558,8.514261,2.9428728,3
193500571271406,2525349498,3.8138602,8.513364,2.9506495,3
193500573771406,2527849498,3.8374894,8.491829,2.970091,3
193500576271406,2530349498,3.8431723,8.472088,2.9817562,3
193500578771406,2532849498,3.844967,8.467601,2.970091,3
193500581271406,2535349498,3.8527436,8.452945,2.9859436,3
193500583771406,2537849498,3.8470607,8.439785,2.9748766,3
193500586271406,2540349498,3.8440695,8.422437,2.9703903,3
193500588771406,2542849498,3.8476589,8.407183,2.969792,3
193500591271406,2545349498,3.8344984,8.411968,2.9769704,3
193500593771406,2547849498,3.8291144,8.391031,2.9644082,3
193500596271406,2550349498,3.83061,8.375776,2.9632118,3
193500598771406,2552849498,3.8228333,8.385049,2.9796624,3
193500601271406,2555349498,3.813262,8.390732,2.9874392,3
193500603771406,2557849498,3.810271,8.382058,2.990131,3
193500606271406,2560349498,3.8117664,8.376674,2.9973094,3
193500608771406,2562849498,3.8117664,8.386544,2.996412,3
193500611271406,2565349498,3.7965121,8.400003,2.990729,3
193500613771406,2567849498,3.7980077,8.393125,2.9910283,3
193500616271406,2570349498,3.8120656,8.4038925,2.9976087,3
193500618771406,2572849498,3.8168511,8.400602,2.99043,3
193500621271406,2575349498,3.8231323,8.401798,2.9850461,3
193500623771406,2577849498,3.830909,8.400303,2.9706893,3
193500626271406,2580349498,3.8467615,8.419446,2.9691937,3
193500628771406,2582849498,3.8515472,8.420642,2.961118,3
193500631271406,2585349498,3.841976,8.422137,2.964109,3
193500633771406,2587849498,3.848556,8.427522,2.969493,3
193500636271406,2590349498,3.8389847,8.442476,2.955136,3
193500638771406,2592849498,3.8398821,8.456235,2.9548368,3
193500641271406,2595349498,3.8521454,8.469994,2.949154,3
193500643771406,2597849498,3.8321054,8.48465,2.9685955,3
193500646271406,2600349498,3.8344984,8.499007,2.9748766,3
193500648771406,2602849498,3.8276188,8.5016985,2.958127,3
193500651271406,2605349498,3.8180475,8.516056,2.9542387,3
193500653771406,2607849498,3.8087754,8.518449,2.9572296,3
193500656271406,2610349498,3.795914,8.522337,2.9353952,3
193500658771406,2612849498,3.7758741,8.521739,2.9306095,3
193500661271406,2615349498,3.7510486,8.534301,2.9353952,3
193500663771406,2617849498,3.7426736,8.534002,2.9318058,3
193500666271406,2620349498,3.7369907,8.542676,2.9333014,3
193500668771406,2622849498,3.7310088,8.545069,2.9306095,3
193500671271406,2625349498,3.7516468,8.53161,2.9318058,3
193500673771406,2627849498,3.7426736,8.517551,2.9557343,3
193500676271406,2630349498,3.7432718,8.519645,2.955435,3
193500678771406,2632849498,3.749254,8.509476,2.951846,3
193500681271406,2635349498,3.7594235,8.499605,2.9605198,3
193500683771406,2637849498,3.7573297,8.500801,2.9772696,3
193500686271406,2640349498,3.7450666,8.500503,2.9644082,3
193500688771406,2642849498,3.738187,8.500801,2.981158,3
193500691271406,2645349498,3.7301114,8.493623,2.9682965,3
193500693771406,2647849498,3.7298124,8.491829,2.9790642,3
193500696271406,2650349498,3.7474594,8.480463,2.9955149,3
193500698771406,2652849498,3.7680974,8.4679,3.0092735,3
193500701271406,2655349498,3.7761734,8.463115,3.022135,3
193500703771406,2657849498,3.784548,8.462517,3.0227332,3
193500706271406,2660349498,3.7923248,8.445766,3.0038898,3
193500708771406,2662849498,3.7731822,8.444869,3.0077782,3
193500711271406,2665349498,3.786941,8.440981,2.9853454,3
193500713771406,2667849498,3.801298,8.437391,2.9892337,3
193500716271406,2670349498,3.804887,8.435298,2.993122,3
193500718771406,2672849498,3.7953157,8.434401,3.0113673,3
193500721271406,2675349498,3.7908292,8.443074,3.0041888,3
193500723771406,2677849498,3.7875392,8.444271,3.0050862,3
193500726271406,2680349498,3.778267,8.454441,3.0125637,3
193500728771406,2682849498,3.7573297,8.461918,3.0035906,3
193500731271406,2685349498,3.7420754,8.478369,2.9967113,3
193500733771406,2687849498,3.7360935,8.493623,3.0003004,3
193500736271406,2690349498,3.737589,8.512766,2.9889345,3
193500738771406,2692849498,3.7546377,8.52772,2.9635108,3
193500741271406,2695349498,3.7507496,8.543872,2.9793632,3
193500743771406,2697849498,3.757928,8.555837,2.9781668,3
193500746271406,2700349498,3.7677984,8.563015,2.9724839,3
193500748771406,2702849498,3.7791643,8.570193,2.9512477,3
193500751271406,2705349498,3.7716868,8.57468,2.9341989,3
193500753771406,2707849498,3.7713876,8.593523,2.9225338,3
193500756271406,2710349498,3.7800615,8.571988,2.914458,3
193500758771406,2712849498,3.7692938,8.568997,2.9252257,3
193500761271406,2715349498,3.7540395,8.571689,2.911766,3
193500763771406,2717849498,3.7402809,8.570193,2.911766,3
193500766271406,2720349498,3.7313077,8.570193,2.9075787,3
193500768771406,2722849498,3.728616,8.561818,2.9051857,3
193500771271406,2725349498,3.7160535,8.536694,2.9183464,3
193500773771406,2727849498,3.705884,8.534002,2.9306095,3
193500776271406,2730349498,3.711567,8.531011,2.925824,3
193500778771406,2732849498,3.71396,8.517551,2.9425735,3
193500781271406,2735349498,3.714857,8.507083,2.9467611,3
193500783771406,2737849498,3.7100716,8.498408,2.9374888,3
193500786271406,2740349498,3.7208393,8.493623,2.9365916,3
193500788771406,2742849498,3.7274194,8.481958,2.966801,3
193500791271406,2745349498,3.7226338,8.483454,2.9605198,3
193500793771406,2747849498,3.735196,8.476574,2.9617162,3
193500796271406,2750349498,3.7477584,8.472386,2.9659038,3
193500798771406,2752849498,3.7564325,8.462217,2.9644082,3
193500801271406,2755349498,3.7528431,8.449356,2.9566314,3
193500803771406,2757849498,3.7654054,8.455039,2.9374888,3
193500806271406,2760349498,3.7905302,8.443374,2.9533412,3
193500808771406,2762849498,3.7974095,8.4347,2.94706,3
193500811271406,2765349498,3.8072798,8.436195,2.9473593,3
193500813771406,2767849498,3.8001015,8.436195,2.9273193,3
193500816271406,2770349498,3.7938204,8.436195,2.925824,3
193500818771406,2772849498,3.7884364,8.45474,2.9249265,3
193500821271406,2775349498,3.8009987,8.450851,2.937788,3
193500823771406,2777849498,3.804588,8.4679,2.9341989,3
193500826271406,2780349498,3.7947176,8.467601,2.9473593,3
193500828771406,2782849498,3.7977087,8.480164,2.9473593,3
193500831271406,2785349498,3.807878,8.49811,2.955136,3
193500833771406,2787849498,3.8183467,8.516056,2.949752,3
193500836271406,2790349498,3.807878,8.513064,2.946462,3
193500838771406,2792849498,3.8201413,8.515159,2.949154,3
193500841271406,2795349498,3.8231323,8.510672,2.9467611,3
193500843771406,2797849498,3.8192441,8.517551,2.9270203,3
193500846271406,2800349498,3.818646,8.515159,2.9198418,3
193500848771406,2802849498,3.8096728,8.522935,2.9222345,3
193500851271406,2805349498,3.7911284,8.538788,2.8992038,3
193500853771406,2807849498,3.7767715,8.532805,2.8920252,3
193500856271406,2810349498,3.764209,8.540283,2.8983064,3
193500858771406,2812849498,3.7654054,8.548957,2.9033911,3
193500861271406,2815349498,3.761218,8.564211,2.9132617,3
193500863771406,2817849498,3.7429729,8.570193,2.9114668,3
193500866271406,2820349498,3.7573297,8.5681,2.923132,3
193500868771406,2822849498,3.7528431,8.572586,2.9273193,3
193500871271406,2825349498,3.7674992,8.572586,2.9338996,3
193500873771406,2827849498,3.775575,8.585447,2.938087,3
193500876271406,2830349498,3.7821553,8.585747,2.9270203,3
193500878771406,2832849498,3.7938204,8.565408,2.938087,3
193500881271406,2835349498,3.7923248,8.550452,2.9246275,3
193500883771406,2837849498,3.8114674,8.544171,2.9246275,3
193500886271406,2840349498,3.836592,8.541181,2.9078777,3
193500888771406,2842849498,3.8261235,8.526225,2.9066813,3
193500891271406,2845349498,3.8374894,8.5346,2.9072795,3
193500893771406,2847849498,3.8413777,8.540283,2.9084759,3
193500896271406,2850349498,3.845565,8.534002,2.8666015,3
193500898771406,2852849498,3.8437705,8.518747,2.850749,3
193500901271406,2855349498,3.854239,8.505288,2.8438697,3
193500903771406,2857849498,3.833601,8.495418,2.856432,3
193500906271406,2860349498,3.825226,8.500503,2.8704898,3
193500908771406,2862849498,3.804887,8.510373,2.8866415,3
193500911271406,2865349498,3.798606,8.520842,2.9165516,3
193500913771406,2867849498,3.789932,8.519346,2.928516,3
193500916271406,2870349498,3.7764723,8.52443,2.9458637,3
193500918771406,2872849498,3.769892,8.513663,2.966502,3
193500921271406,2875349498,3.757629,8.515159,2.9769704,3
193500923771406,2877849498,3.752245,8.503195,2.969792,3
193500926271406,2880349498,3.749553,8.497512,2.9449666,3
193500928771406,2882849498,3.749254,8.497212,2.9303105,3
193500931271406,2885349498,3.7498522,8.498408,2.9162526,3
193500933771406,2887849498,3.7480576,8.493324,2.911766,3
193500936271406,2890349498,3.758526,8.49123,2.8974092,3
193500938771406,2892849498,3.7633119,8.492127,2.909074,3
193500941271406,2895349498,3.7570307,8.476873,2.902793,3
193500943771406,2897849498,3.7683966,8.480164,2.8833513,3
193500946271406,2900349498,3.7743785,8.475677,2.9012976,3
193500948771406,2902849498,3.7878382,8.493025,2.9219356,3
193500951271406,2905349498,3.777968,8.491529,2.920141,3
193500953771406,2907849498,3.7719858,8.480164,2.9183464,3
193500956271406,2910349498,3.7728832,8.495118,2.9099715,3
193500958771406,2912849498,3.7824545,8.497512,2.905784,3
193500961271406,2915349498,3.7674992,8.499007,2.8953154,3
193500963771406,2917849498,3.772584,8.511569,2.8956144,3
193500966271406,2920349498,3.7600217,8.516953,2.9108686,3
193500968771406,2922849498,3.7704902,8.508578,2.9198418,3
193500971271406,2925349498,3.777968,8.508578,2.929413,3
193500973771406,2927849498,3.7833517,8.510672,2.9473593,3
193500976271406,2930349498,3.7794633,8.507083,2.955136,3
193500978771406,2932849498,3.7821553,8.510971,2.9602208,3
193500981271406,2935349498,3.7692938,8.498708,2.9745777,3
193500983771406,2937849498,3.7645082,8.487042,2.9632118,3
193500986271406,2940349498,3.761218,8.489137,2.9446673,3
193500988771406,2942849498,3.7474594,8.488239,2.9374888,3
193500991271406,2945349498,3.746263,8.4909315,2.94706,3
193500993771406,2947849498,3.7450666,8.487042,2.9437702,3
193500996271406,2950349498,3.7558343,8.486444,2.9521449,3
193500998771406,2952849498,3.7555351,8.482856,2.958127,3
193501001271406,2955349498,3.7710886,8.499306,2.9578278,3
193501003771406,2957849498,3.7830527,8.492725,2.9688947,3
193501006271406,2960349498,3.799204,8.484949,2.9712875,3
193501008771406,2962849498,3.8120656,8.472985,2.9820552,3
193501011271406,2965349498,3.8144584,8.479566,2.975475,3
193501013771406,2967849498,3.807579,8.474779,2.9820552,3
193501016271406,2970349498,3.8057845,8.484052,2.949752,3
193501018771406,2972849498,3.8177485,8.486744,2.9422746,3
193501021271406,2975349498,3.8291144,8.492725,2.9374888,3
193501023771406,2977849498,3.827918,8.496913,2.9123642,3
193501026271406,2980349498,3.8270206,8.490034,2.9240294,3
193501028771406,2982849498,3.822235,8.497212,2.9338996,3
193501031271406,2985349498,3.8108692,8.488539,2.926422,3
193501033771406,2987849498,3.7881374,8.488239,2.9123642,3
193501036271406,2990349498,3.7794633,8.500503,2.9111679,3
193501038771406,2992849498,3.764209,8.493623,2.9114668,3
193501041271406,2995349498,3.7689948,8.502596,2.9150562,3
193501043771406,2997849498,3.7636108,8.519944,2.9156544,3
193501046271406,3000349498,3.7594235,8.513064,2.9150562,3
193501048771406,3002849498,3.764209,8.515159,2.9165516,3
193501051271406,3005349498,3.7800615,8.526225,2.9198418,3
193501053771406,3007849498,3.7866418,8.518747,2.9069805,3
193501056271406,3010349498,3.8006997,8.529815,2.9126635,3
193501058771406,3012849498,3.8036907,8.529515,2.9084759,3
193501061271406,3015349498,3.8090746,8.525029,2.9249265,3
193501063771406,3017849498,3.8237305,8.538488,2.9207392,3
193501066271406,3020349498,3.8207395,8.531011,2.934797,3
193501068771406,3022849498,3.8237305,8.540283,2.9365916,3
193501071271406,3025349498,3.824329,8.532506,2.9255247,3
193501073771406,3027849498,3.8288152,8.52802,2.905485,3
193501076271406,3030349498,3.8228333,8.535796,2.9048867,3
193501078771406,3032849498,3.8240297,8.513364,2.8962128,3
193501081271406,3035349498,3.836293,8.496315,2.899802,3
193501083771406,3037849498,3.8536408,8.496315,2.9051857,3
193501086271406,3040349498,3.850949,8.484949,2.9111679,3
193501088771406,3042849498,3.8584266,8.464012,2.9300113,3
193501091271406,3045349498,3.859922,8.455338,2.9515467,3
193501093771406,3047849498,3.8620157,8.4400835,2.949453,3
193501096271406,3050349498,3.8470607,8.439785,2.9485557,3
193501098771406,3052849498,3.866203,8.420941,2.9509485,3
193501101271406,3055349498,3.859623,8.412566,2.960819,3
193501103771406,3057849498,3.8488553,8.402696,2.9572296,3
193501106271406,3060349498,3.8497524,8.395517,2.9671001,3
193501108771406,3062849498,3.8368912,8.391031,2.951846,3
193501111271406,3065349498,3.833601,8.40479,2.9673991,3
193501113771406,3067849498,3.8315072,8.388937,2.9425735,3
193501116271406,3070349498,3.836592,8.391629,2.9536405,3
193501118771406,3072849498,3.8368912,8.400003,2.9644082,3
193501121271406,3075349498,3.8273199,8.421839,2.9673991,3
193501123771406,3077849498,3.8264225,8.426624,2.9575288,3
193501126271406,3080349498,3.8264225,8.411369,2.966502,3
193501128771406,3082849498,3.8201413,8.440681,2.9548368,3
193501131271406,3085349498,3.8288152,8.435896,2.973082,3
193501133771406,3087849498,3.8237305,8.444271,2.958127,3
193501136271406,3090349498,3.824927,8.448159,2.9419754,3
193501138771406,3092849498,3.8177485,8.455338,2.9255247,3
193501141271406,3095349498,3.8288152,8.463713,2.9186454,3
193501143771406,3097849498,3.824329,8.462517,2.9033911,3
193501146271406,3100349498,3.8255253,8.463115,2.909074,3
193501148771406,3102849498,3.8350966,8.468798,2.9015965,3
193501151271406,3105349498,3.830909,8.474181,2.9159534,3
193501153771406,3107849498,3.8303108,8.485547,2.9303105,3
193501156271406,3110349498,3.8359938,8.500203,2.9312077,3
193501158771406,3112849498,3.8404803,8.496614,2.9362924,3
193501161271406,3115349498,3.830909,8.513663,2.9306095,3
193501163771406,3117849498,3.8231323,8.522935,2.9425735,3
193501166271406,3120349498,3.821936,8.510672,2.929413,3
193501168771406,3122849498,3.8276188,8.5112705,2.9207392,3
193501171271406,3125349498,3.8207395,8.517851,2.9111679,3
193501173771406,3127849498,3.8009987,8.518449,2.932404,3
193501176271406,3130349498,3.804887,8.515159,2.9249265,3
193501178771406,3132849498,3.8135612,8.519944,2.9225338,3
193501181271406,3135349498,3.8093736,8.517851,2.926123,3
193501183771406,3137849498,3.8177485,8.516056,2.9306095,3
193501186271406,3140349498,3.818945,8.525627,2.926123,3
193501188771406,3142849498,3.8114674,8.525927,2.9297123,3
193501191271406,3145349498,3.8054852,8.520542,2.9276185,3
193501193771406,3147849498,3.8347974,8.491529,2.9410782,3
193501196271406,3150349498,3.8144584,8.49781,2.9389844,3
193501198771406,3152849498,3.8153558,8.509176,2.9467611,3
193501201271406,3155349498,3.8144584,8.508279,2.940779,3
193501203771406,3157849498,3.8171504,8.502895,2.9485557,3
193501206271406,3160349498,3.8234315,8.496315,2.928516,3
193501208771406,3162849498,3.8264225,8.503195,2.9177482,3
193501211271406,3165349498,3.8356948,8.5112705,2.9222345,3
193501213771406,3167849498,3.836592,8.495418,2.9093733,3
193501216271406,3170349498,3.8398821,8.503793,2.9180472,3
193501218771406,3172849498,3.8389847,8.49452,2.9306095,3
193501221271406,3175349498,3.8407795,8.500801,2.908775,3
193501223771406,3177849498,3.8518462,8.492427,2.92044,3
193501226271406,3180349498,3.8536408,8.49123,2.9138598,3
193501228771406,3182849498,3.868895,8.492427,2.9273193,3
193501231271406,3185349498,3.885645,8.496016,2.9243283,3
193501233771406,3187849498,3.8925242,8.489735,2.9318058,3
193501236271406,3190349498,3.897609,8.472686,2.92044,3
193501238771406,3192849498,3.886243,8.473284,2.923132,3
193501241271406,3195349498,3.8814573,8.462517,2.9246275,3
193501243771406,3197849498,3.8847475,8.4679,2.9138598,3
193501246271406,3200349498,3.87727,8.457132,2.9084759,3
193501248771406,3202849498,3.8494534,8.456534,2.9030921,3
193501251271406,3205349498,3.8321054,8.46491,2.8962128,3
193501253771406,3207849498,3.8072798,8.451449,2.8953154,3
193501256271406,3210349498,3.7893338,8.463413,2.87378,3
193501258771406,3212849498,3.7836509,8.481061,2.885146,3
193501261271406,3215349498,3.7866418,8.477471,2.8788648,3
193501263771406,3217849498,3.78724,8.493324,2.9222345,3
193501266271406,3220349498,3.8015969,8.484949,2.9362924,3
193501268771406,3222849498,3.804887,8.484949,2.9383862,3
193501271271406,3225349498,3.8009987,8.498408,2.9515467,3
193501273771406,3227849498,3.8168511,8.496016,2.9557343,3
193501276271406,3230349498,3.8177485,8.499905,2.940779,3
193501278771406,3232849498,3.8201413,8.485249,2.9458637,3
193501281271406,3235349498,3.8180475,8.488239,2.926721,3
193501283771406,3237849498,3.8267217,8.468498,2.9276185,3
193501286271406,3240349498,3.851248,8.460124,2.9341989,3
193501288771406,3242849498,3.8488553,8.449057,2.9234312,3
193501291271406,3245349498,3.8545382,8.443374,2.9398818,3
193501293771406,3247849498,3.8506498,8.436793,2.946462,3
193501296271406,3250349498,3.867998,8.423633,2.9398818,3
193501298771406,3252849498,3.8694932,8.429316,2.9440691,3
193501301271406,3255349498,3.8629131,8.429914,2.9297123,3
193501303771406,3257849498,3.8641095,8.426923,2.94048,3
193501306271406,3260349498,3.8503506,8.445766,2.9653056,3
193501308771406,3262849498,3.8333018,8.444571,2.9575288,3
193501311271406,3265349498,3.841976,8.448459,2.9512477,3
193501313771406,3267849498,3.8303108,8.446664,2.9485557,3
193501316271406,3270349498,3.8294137,8.460722,2.9599216,3
193501318771406,3272849498,3.8276188,8.469096,2.9506495,3
193501321271406,3275349498,3.822235,8.46102,2.96381,3
193501323771406,3277849498,3.8440695,8.463713,2.960819,3
193501326271406,3280349498,3.822534,8.474181,2.9644082,3
193501328771406,3282849498,3.8123646,8.467601,2.9614172,3
193501331271406,3285349498,3.8114674,8.478668,2.948855,3
193501333771406,3287849498,3.8120656,8.4858465,2.9482565,3
193501336271406,3290349498,3.807878,8.484351,2.9312077,3
193501338771406,3292849498,3.8144584,8.49123,2.9509485,3
193501341271406,3295349498,3.8285162,8.497212,2.9392836,3
193501343771406,3297849498,3.8324046,8.492127,2.9533412,3
193501346271406,3300349498,3.851248,8.491529,2.961118,3
193501348771406,3302849498,3.8721852,8.490333,2.9614172,3
193501351271406,3305349498,3.8871403,8.504091,2.9557343,3
193501353771406,3307849498,3.8997028,8.505886,2.9338996,3
193501356271406,3310349498,3.9008992,8.493025,2.9341989,3
193501358771406,3312849498,3.9035912,8.4858465,2.9303105,3
193501361271406,3315349498,3.9053857,8.486744,2.926422,3
193501363771406,3317849498,3.9029927,8.466703,2.929413,3
193501366271406,3320349498,3.9006,8.464012,2.9180472,3
193501368771406,3322849498,3.8985064,8.453842,2.9189446,3
193501371271406,3325349498,3.8766718,8.450552,2.8935208,3
193501373771406,3327849498,3.8488553,8.442476,2.9063823,3
193501376271406,3330349498,3.8228333,8.451449,2.9006991,3
193501378771406,3332849498,3.8024943,8.455039,2.9099715,3
193501381271406,3335349498,3.777968,8.476873,2.9210382,3
193501383771406,3337849498,3.7713876,8.49452,2.952444,3
193501386271406,3340349498,3.749254,8.500503,2.9781668,3
193501388771406,3342849498,3.739982,8.507083,2.981457,3
193501391271406,3345349498,3.73729,8.496016,2.9733813,3
193501393771406,3347849498,3.739982,8.503493,2.969493,3
193501396271406,3350349498,3.7420754,8.5112705,2.9685955,3
193501398771406,3352849498,3.7507496,8.513064,2.9605198,3
193501401271406,3355349498,3.7746778,8.507083,2.9500513,3
193501403771406,3357849498,3.7836509,8.50798,2.946163,3
193501406271406,3360349498,3.828217,8.493324,2.9303105,3
193501408771406,3362849498,3.8458643,8.516056,2.9246275,3
193501411271406,3365349498,3.8656049,8.512766,2.9249265,3
193501413771406,3367849498,3.876971,8.515757,2.943471,3
193501416271406,3370349498,3.8871403,8.52114,2.9341989,3
193501418771406,3372849498,3.897609,8.517851,2.9315069,3
193501421271406,3375349498,3.8967116,8.526525,2.91715,3
193501423771406,3377849498,3.9071803,8.515457,2.9150562,3
193501426271406,3380349498,3.9000018,8.497212,2.9177482,3
193501428771406,3382849498,3.8820555,8.48465,2.9063823,3
193501431271406,3385349498,3.8844485,8.474181,2.9015965,3
193501433771406,3387849498,3.874578,8.459825,2.9006991,3
193501436271406,3390349498,3.8431723,8.467302,2.8959136,3
193501438771406,3392849498,3.8207395,8.442178,2.909074,3
193501441271406,3395349498,3.7974095,8.4451685,2.9114668,3
193501443771406,3397849498,3.777968,8.463713,2.9153552,3
193501446271406,3400349498,3.7645082,8.45803,2.9279177,3
193501448771406,3402849498,3.7489548,8.449954,2.9401808,3
193501451271406,3405349498,3.7429729,8.450552,2.9437702,3
193501453771406,3407849498,3.7468612,8.463713,2.9650064,3
193501456271406,3410349498,3.7402809,8.474181,2.9823544,3
193501458771406,3412849498,3.7525442,8.46491,2.9715867,3
193501461271406,3415349498,3.7701912,8.458329,2.9826534,3
193501463771406,3417849498,3.7624145,8.443074,2.9853454,3
193501466271406,3420349498,3.777968,8.424232,2.958127,3
193501468771406,3422849498,3.792923,8.443374,2.9676983,3
193501471271406,3425349498,3.8042889,8.45474,2.9763722,3
193501473771406,3427849498,3.8318064,8.449057,2.9724839,3
193501476271406,3430349498,3.8488553,8.442476,2.9620154,3
193501478771406,3432849498,3.8536408,8.4400835,2.972185,3
193501481271406,3435349498,3.8712878,8.446664,2.9659038,3
193501483771406,3437849498,3.8811584,8.45474,2.9653056,3
193501486271406,3440349498,3.8910286,8.456235,2.943471,3
193501488771406,3442849498,3.889234,8.4655075,2.9338996,3
193501491271406,3445349498,3.8931224,8.4655075,2.9306095,3
193501493771406,3447849498,3.8934216,8.462517,2.9548368,3
193501496271406,3450349498,3.8910286,8.470891,2.969792,3
193501498771406,3452849498,3.9053857,8.466405,2.9647074,3
193501501271406,3455349498,3.886243,8.452945,2.9772696,3
193501503771406,3457849498,3.8590248,8.44128,2.9796624,3
193501506271406,3460349498,3.8347974,8.451449,2.9802606,3
193501508771406,3462849498,3.8069808,8.444571,2.9614172,3
193501511271406,3465349498,3.7875392,8.444271,2.9662027,3
193501513771406,3467849498,3.7821553,8.432307,2.9766715,3
193501516271406,3470349498,3.7743785,8.444571,2.990729,3
193501518771406,3472849498,3.7800615,8.438289,2.9856443,3
193501521271406,3475349498,3.7707894,8.436793,3.0000014,3
193501523771406,3477849498,3.7761734,8.435896,3.0173492,3
193501526271406,3480349498,3.772285,8.435298,3.022434,3
193501528771406,3482849498,3.772584,8.437093,3.0011978,3
193501531271406,3485349498,3.7923248,8.434102,3.0125637,3
193501533771406,3487849498,3.8027935,8.429017,3.0296125,3
193501536271406,3490349498,3.8431723,8.436195,3.0032916,3
193501538771406,3492849498,3.8605201,8.435597,2.999104,3
193501541271406,3495349498,3.8763726,8.430512,2.9838498,3
193501543771406,3497849498,3.8844485,8.426624,2.9889345,3
193501546271406,3500349498,3.8808591,8.420941,2.998805,3
193501548771406,3502849498,3.885944,8.430512,2.989832,3
193501551271406,3505349498,3.894618,8.429615,2.986841,3
193501553771406,3507849498,3.9107695,8.436195,2.9829526,3
193501556271406,3510349498,3.9140596,8.4400835,2.9748766,3
193501558771406,3512849498,3.906881,8.445766,2.9886355,3
193501561271406,3515349498,3.8910286,8.442476,2.9838498,3
193501563771406,3517849498,3.892225,8.440981,2.9796624,3
193501566271406,3520349498,3.8814573,8.469396,2.9796624,3
193501568771406,3522849498,3.8766718,8.452945,2.9835508,3
193501571271406,3525349498,3.8578284,8.46491,2.9946175,3
193501573771406,3527849498,3.8398821,8.469396,2.9850461,3
193501576271406,3530349498,3.8180475,8.4655075,2.9799614,3
193501578771406,3532849498,3.7998023,8.469396,2.966502,3
193501581271406,3535349498,3.8001015,8.472088,2.9653056,3
193501583771406,3537849498,3.7707894,8.492427,2.9763722,3
193501586271406,3540349498,3.7624145,8.483454,2.9736803,3
193501588771406,3542849498,3.7627137,8.494222,2.9937203,3
193501591271406,3545349498,3.7728832,8.49781,3.0003004,3
193501593771406,3547849498,3.7857444,8.493025,3.0155547,3
193501596271406,3550349498,3.7989051,8.501101,3.0038898,3
193501598771406,3552849498,3.8123646,8.505288,3.0038898,3
193501601271406,3555349498,3.822534,8.491529,3.010171,3
193501603771406,3557849498,3.827918,8.489137,3.0053852,3
193501606271406,3560349498,3.8347974,8.480463,3.0092735,3
193501608771406,3562849498,3.8413777,8.483154,3.0050862,3
193501611271406,3565349498,3.8506498,8.491529,2.9913275,3
193501613771406,3567849498,3.8641095,8.48465,2.975774,3
193501616271406,3570349498,3.8464625,8.479864,2.9973094,3
193501618771406,3572849498,3.8581274,8.484052,2.9796624,3
193501621271406,3575349498,3.8671005,8.4858465,2.9793632,3
193501623771406,3577849498,3.868596,8.483454,2.9958138,3
193501626271406,3580349498,3.8629131,8.465807,3.004787,3
193501628771406,3582849498,3.8641095,8.468498,3.0185459,3
193501631271406,3585349498,3.8530426,8.462217,3.0056844,3
193501633771406,3587849498,3.859922,8.443074,2.9949167,3
193501636271406,3590349498,3.845565,8.440981,3.0077782,3
193501638771406,3592849498,3.841976,8.436495,3.0035906,3
193501641271406,3595349498,3.8356948,8.432905,3.0029924,3
193501643771406,3597849498,3.8255253,8.426325,2.9955149,3
193501646271406,3600349498,3.8084764,8.428718,3.0008986,3
193501648771406,3602849498,3.8081772,8.443374,3.004787,3
193501651271406,3605349498,3.7911284,8.451151,2.996412,3
193501653771406,3607849498,3.7887356,8.474481,3.0026934,3
193501656271406,3610349498,3.7890346,8.485249,3.0065815,3
193501658771406,3612849498,3.7806597,8.501998,2.9973094,3
193501661271406,3615349498,3.7932222,8.5118685,2.9937203,3
193501663771406,3617849498,3.7812579,8.522636,3.0011978,3
193501666271406,3620349498,3.7980077,8.531908,2.9913275,3
193501668771406,3622849498,3.7920256,8.532805,2.9742785,3
193501671271406,3625349498,3.7932222,8.535498,2.9688947,3
193501673771406,3627849498,3.790231,8.533703,2.9778678,3
193501676271406,3630349498,3.8060834,8.520542,2.9632118,3
193501678771406,3632849498,3.8231323,8.517551,2.958127,3
193501681271406,3635349498,3.8288152,8.511569,2.9455647,3
193501683771406,3637849498,3.8521454,8.49781,2.9682965,3
193501686271406,3640349498,3.8497524,8.489435,2.984448,3
193501688771406,3642849498,3.8518462,8.472686,2.996412,3
193501691271406,3645349498,3.8709888,8.472386,3.0266216,3
193501693771406,3647849498,3.874279,8.445468,3.03051,3
193501696271406,3650349498,3.8766718,8.419147,3.0254252,3
193501698771406,3652849498,3.8727834,8.405986,3.0352955,3
193501701271406,3655349498,3.8703907,8.408379,3.039483,3
193501703771406,3657849498,3.8850467,8.400602,3.045465,3
193501706271406,3660349498,3.882654,8.395517,3.0346973,3
193501708771406,3662849498,3.8943188,8.384151,3.0332017,3
193501711271406,3665349498,3.9164524,8.376674,3.0415766,3
193501713771406,3667849498,3.9116669,8.360223,3.0448668,3
193501716271406,3670349498,3.9287157,8.36142,3.0514472,3
193501718771406,3672849498,3.9433718,8.350652,3.0499516,3
193501721271406,3675349498,3.9595232,8.346464,3.0478578,3
193501723771406,3677849498,3.9750767,8.348857,3.0409784,3
193501726271406,3680349498,3.9649072,8.350054,3.0472596,3
193501728771406,3682849498,3.9771702,8.345567,3.063112,3
193501731271406,3685349498,3.970291,8.359027,3.048157,3
193501733771406,3687849498,3.9574296,8.369196,3.0403802,3
193501736271406,3690349498,3.94397,8.377571,3.0382864,3
193501738771406,3692849498,3.932006,8.391928,3.0215368,3
193501741271406,3695349498,3.9104705,8.39791,2.999104,3
193501743771406,3697849498,3.9191444,8.40479,3.0053852,3
193501746271406,3700349498,3.9242291,8.413164,3.004488,3
193501748771406,3702849498,3.917948,8.42124,2.9979076,3
193501751271406,3705349498,3.9053857,8.419446,3.0116663,3
193501753771406,3707849498,3.906881,8.420941,3.0032916,3
193501756271406,3710349498,3.9008992,8.432008,2.9979076,3
193501758771406,3712849498,3.8982072,8.436195,3.004787,3
193501761271406,3715349498,3.888935,8.450552,2.969792,3
193501763771406,3717849498,3.894618,8.455039,2.9578278,3
193501766271406,3720349498,3.8991046,8.461619,2.9605198,3
193501768771406,3722849498,3.9017963,8.479266,2.9736803,3
193501771271406,3725349498,3.912564,8.477771,2.975774,3
193501773771406,3727849498,3.9170506,8.484351,2.9805596,3
193501776271406,3730349498,3.9218364,8.486444,2.9706893,3
193501778771406,3732849498,3.9245281,8.489137,2.990131,3
193501781271406,3735349498,3.92393,8.48465,2.9916265,3
193501783771406,3737849498,3.9191444,8.467003,2.972185,3
193501786271406,3740349498,3.9110687,8.464311,2.969493,3
193501788771406,3742849498,3.9077785,8.458329,2.9482565,3
193501791271406,3745349498,3.8871403,8.453544,2.9644082,3
193501793771406,3747849498,3.8784664,8.443673,2.9578278,3
193501796271406,3750349498,3.854239,8.458329,2.9512477,3
193501798771406,3752849498,3.833601,8.454441,2.9709885,3
193501801271406,3755349498,3.8099718,8.463115,2.986841,3
193501803771406,3757849498,3.7923248,8.473284,2.9946175,3
193501806271406,3760349498,3.792624,8.469096,3.0293136,3
193501808771406,3762849498,3.7794633,8.465208,3.0326035,3
193501811271406,3765349498,3.7875392,8.455637,3.0349965,3
193501813771406,3767849498,3.7797625,8.463413,3.0364919,3
193501816271406,3770349498,3.778267,8.476275,3.0346973,3
193501818771406,3772849498,3.7851462,8.46132,3.013162,3
193501821271406,3775349498,3.7917266,8.452945,2.993122,3
193501823771406,3777849498,3.7887356,8.436195,2.9874392,3
193501826271406,3780349498,3.8027935,8.434401,2.9850461,3
193501828771406,3782849498,3.8120656,8.447262,3.0000014,3
193501831271406,3785349498,3.8201413,8.433803,2.975774,3
193501833771406,3787849498,3.8204405,8.436195,2.9808588,3
193501836271406,3790349498,3.8180475,8.432307,2.972185,3
193501838771406,3792849498,3.8144584,8.450552,2.9506495,3
193501841271406,3795349498,3.8054852,8.443972,2.9623144,3
193501843771406,3797849498,3.8015969,8.435298,2.9626136,3
193501846271406,3800349498,3.7848473,8.449954,2.9452655,3
193501848771406,3802849498,3.760919,8.454441,2.955136,3
193501851271406,3805349498,3.7555351,8.457132,2.9437702,3
193501853771406,3807849498,3.7420754,8.460124,2.9644082,3
193501856271406,3810349498,3.7357943,8.474779,2.9766715,3
193501858771406,3812849498,3.7426736,8.4679,2.9751759,3
193501861271406,3815349498,3.7366917,8.481061,2.9889345,3
193501863771406,3817849498,3.74058,8.4705925,3.0026934,3
193501866271406,3820349498,3.7570307,8.470891,2.9940193,3
193501868771406,3822849498,3.7594235,8.452646,2.98714,3
193501871271406,3825349498,3.7543387,8.451449,2.9781668,3
193501873771406,3827849498,3.7704902,8.446066,2.9590242,3
193501876271406,3830349498,3.7558343,8.436793,2.958426,3
193501878771406,3832849498,3.7680974,8.439785,2.9416764,3
193501881271406,3835349498,3.7857444,8.432307,2.940779,3
193501883771406,3837849498,3.8006997,8.433503,2.9336007,3
193501886271406,3840349498,3.818945,8.449057,2.9315069,3
193501888771406,3842849498,3.828217,8.4655075,2.9273193,3
193501891271406,3845349498,3.8240297,8.45773,2.9371898,3
193501893771406,3847849498,3.8240297,8.455936,2.9542387,3
193501896271406,3850349498,3.8315072,8.474481,2.9590242,3
193501898771406,3852849498,3.8443687,8.481659,2.9557343,3
193501901271406,3855349498,3.8446677,8.474779,2.9509485,3
193501903771406,3857849498,3.8611186,8.485547,2.9338996,3
193501906271406,3860349498,3.8440695,8.488837,2.9476583,3
193501908771406,3862849498,3.859623,8.480463,2.9563324,3
193501911271406,3865349498,3.8629131,8.491529,2.9440691,3
193501913771406,3867849498,3.8790646,8.492427,2.9530423,3
193501916271406,3870349498,3.8868413,8.4813595,2.966801,3
193501918771406,3872849498,3.8982072,8.475976,2.9715867,3
193501921271406,3875349498,3.8940198,8.474481,2.9763722,3
193501923771406,3877849498,3.8985064,8.45773,2.9703903,3
193501926271406,3880349498,3.9026937,8.455039,2.975475,3
193501928771406,3882849498,3.886243,8.442476,2.970091,3
193501931271406,3885349498,3.8814573,8.438588,2.949752,3
193501933771406,3887849498,3.8676987,8.4347,2.9437702,3
193501936271406,3890349498,3.865306,8.449356,2.9593234,3
193501938771406,3892849498,3.8739798,8.459825,2.958426,3
193501941271406,3895349498,3.8700914,8.458628,2.973082,3
193501943771406,3897849498,3.8697925,8.467601,2.9772696,3
193501946271406,3900349498,3.8727834,8.481659,2.9673991,3
193501948771406,3902849498,3.900301,8.492725,2.9617162,3
193501951271406,3905349498,3.8916268,8.483154,2.973082,3
193501953771406,3907849498,3.894618,8.483454,2.9748766,3
193501956271406,3910349498,3.886542,8.488539,2.9647074,3
193501958771406,3912849498,3.894917,8.480164,2.946462,3
193501961271406,3915349498,3.8877387,8.4858465,2.935096,3
193501963771406,3917849498,3.8694932,8.487641,2.9330025,3
193501966271406,3920349498,3.8497524,8.49123,2.9341989,3
193501968771406,3922849498,3.8476589,8.491829,2.9303105,3
193501971271406,3925349498,3.8410785,8.495717,2.9410782,3
193501973771406,3927849498,3.839583,8.488837,2.9521449,3
193501976271406,3930349498,3.848556,8.492127,2.9575288,3
193501978771406,3932849498,3.8524444,8.502895,2.9626136,3
193501981271406,3935349498,3.850949,8.487641,2.9739795,3
193501983771406,3937849498,3.8551364,8.488539,2.9853454,3
193501986271406,3940349498,3.844967,8.476873,2.9979076,3
193501988771406,3942849498,3.8425741,8.462217,2.9937203,3
193501991271406,3945349498,3.827918,8.452047,2.9835508,3
193501993771406,3947849498,3.8273199,8.445766,2.9748766,3
193501996271406,3950349498,3.8324046,8.4349985,2.9617162,3
193501998771406,3952849498,3.8267217,8.427522,2.9706893,3
193502001271406,3955349498,3.8413777,8.420941,2.9715867,3
193502003771406,3957849498,3.8341992,8.410173,2.9679973,3
193502006271406,3960349498,3.839284,8.40479,2.972185,3
193502008771406,3962849498,3.8461633,8.4015,2.9644082,3
193502011271406,3965349498,3.8470607,8.39791,2.946462,3
193502013771406,3967849498,3.8413777,8.395218,2.9341989,3
193502016271406,3970349498,3.8383865,8.39133,2.9356942,3
193502018771406,3972849498,3.8321054,8.399107,2.926422,3
193502021271406,3975349498,3.8174493,8.412267,2.9312077,3
193502023771406,3977849498,3.825226,8.409575,2.9141588,3
193502026271406,3980349498,3.8129628,8.414062,2.9123642,3
193502028771406,3982849498,3.8192441,8.43141,2.9341989,3
193502031271406,3985349498,3.8177485,8.445766,2.9297123,3
193502033771406,3987849498,3.8111682,8.450552,2.9270203,3
193502036271406,3990349498,3.8096728,8.459825,2.9386854,3
193502038771406,3992849498,3.8114674,8.477771,2.937788,3
193502041271406,3995349498,3.8093736,8.484052,2.9437702,3
193502043771406,3997849498,3.8195431,8.481958,2.9356942,3
193502046271406,4000349498,3.827918,8.473883,2.9219356,3
193502048771406,4002849498,3.8359938,8.475079,2.923132,3
193502051271406,4005349498,3.859623,8.487641,2.9123642,3
193502053771406,4007849498,3.8605201,8.479266,2.9327033,3
193502056271406,4010349498,3.8703907,8.486444,2.9500513,3
193502058771406,4012849498,3.8760736,8.505588,2.9440691,3
193502061271406,4015349498,3.8778682,8.503195,2.9341989,3
193502063771406,4017849498,3.8877387,8.504091,2.949453,3
193502066271406,4020349498,3.8955152,8.505588,2.9530423,3
193502068771406,4022849498,3.886542,8.50798,2.9742785,3
193502071271406,4025349498,3.9014974,8.5016985,2.9802606,3
193502073771406,4027849498,3.8937206,8.503493,2.9733813,3
193502076271406,4030349498,3.9077785,8.489137,2.9336007,3
193502078771406,4032849498,3.9242291,8.483752,2.9045875,3
193502081271406,4035349498,3.938287,8.460722,2.9165516,3
193502083771406,4037849498,3.9816568,8.452945,2.9353952,3
193502086271406,4040349498,3.9894335,8.448159,2.9303105,3
193502088771406,4042849498,4.0013976,8.449954,2.9353952,3
193502091271406,4045349498,4.025027,8.458628,2.8935208,3
193502093771406,4047849498,4.0073795,8.454142,2.9575288,3
193502096271406,4050349498,4.0360937,8.437093,3.036791,3
193502098771406,4052849498,4.0363927,8.433503,3.0855448,3
193502101271406,4055349498,4.0555353,8.417651,3.0735807,3
193502103771406,4057849498,4.048357,8.390732,3.036193,3
193502106271406,4060349498,4.040281,8.376076,2.9829526,3
193502108771406,4062849498,4.016652,8.370991,2.9440691,3
193502111271406,4065349498,3.9834516,8.350353,2.9234312,3
193502113771406,4067849498,3.9673,8.341679,2.9156544,3
193502116271406,4070349498,3.9693937,8.325527,2.925824,3
193502118771406,4072849498,3.94397,8.313862,2.932404,3
193502121271406,4075349498,3.9451663,8.310273,2.9533412,3
193502123771406,4077849498,3.932903,8.330612,2.981158,3
193502126271406,4080349498,3.9077785,8.353942,2.984448,3
193502128771406,4082849498,3.8982072,8.38804,2.9766715,3
193502131271406,4085349498,3.8808591,8.396415,2.9838498,3
193502133771406,4087849498,3.8629131,8.416454,2.96381,3
193502136271406,4090349498,3.874578,8.420342,2.970091,3
193502138771406,4092849498,3.8940198,8.44128,2.9682965,3
193502141271406,4095349498,3.9071803,8.439186,2.9587252,3
193502143771406,4097849498,3.926323,8.441878,2.9548368,3
193502146271406,4100349498,3.9451663,8.444571,2.9398818,3
193502148771406,4102849498,3.9678981,8.437391,2.9300113,3
193502151271406,4105349498,3.972684,8.446963,2.9177482,3
193502153771406,4107849498,3.973282,8.42812,2.9222345,3
193502156271406,4110349498,3.9675992,8.441579,2.9180472,3
193502158771406,4112849498,3.9664025,8.432606,2.9189446,3
193502161271406,4115349498,3.9652061,8.421839,2.9270203,3
193502163771406,4117849498,3.9535413,8.427222,2.9386854,3
193502166271406,4120349498,3.9508493,8.42453,2.9530423,3
193502168771406,4122849498,3.9340994,8.438588,2.9617162,3
193502171271406,4125349498,3.9254255,8.436495,2.9748766,3
193502173771406,4127849498,3.9113677,8.430512,2.996113,3
193502176271406,4130349498,3.9164524,8.423334,3.0098717,3
193502178771406,4132849498,3.9143589,8.410473,3.00718,3
193502181271406,4135349498,3.9128633,8.390432,3.01047,3
193502183771406,4137849498,3.9358943,8.385946,3.004488,3
193502186271406,4140349498,3.9245281,8.378169,3.019443,3
193502188771406,4142849498,3.9254255,8.36142,3.013162,3
193502191271406,4145349498,3.9269211,8.370393,3.0035906,3
193502193771406,4147849498,3.92064,8.368598,3.0035906,3
193502196271406,4150349498,3.9194436,8.362915,2.996113,3
193502198771406,4152849498,3.905984,8.359625,2.9823544,3
193502201271406,4155349498,3.9164524,8.376375,2.9922247,3
193502203771406,4157849498,3.9101713,8.393125,2.989832,3
193502206271406,4160349498,3.9143589,8.397312,3.0188448,3
193502208771406,4162849498,3.9212382,8.400003,3.015854,3
193502211271406,4165349498,3.9185462,8.431708,3.0035906,3
193502213771406,4167849498,3.906582,8.44128,3.0032916,3
193502216271406,4170349498,3.9000018,8.453842,3.01047,3
193502218771406,4172849498,3.888337,8.472686,2.999104,3
193502221271406,4175349498,3.8898323,8.489137,2.9847472,3
193502223771406,4177849498,3.8934216,8.503493,2.9781668,3
193502226271406,4180349498,3.8847475,8.528618,2.9820552,3
193502228771406,4182849498,3.8952162,8.541181,2.969792,3
193502231271406,4185349498,3.8913279,8.553144,2.9769704,3
193502233771406,4187849498,3.8691943,8.549256,2.9790642,3
193502236271406,4190349498,3.882654,8.554042,2.978466,3
193502238771406,4192849498,3.8760736,8.552845,2.9985058,3
193502241271406,4195349498,3.8748772,8.544471,3.01047,3
193502243771406,4197849498,3.8766718,8.539685,3.0011978,3
193502246271406,4200349498,3.8724844,8.524132,3.0095727,3
193502248771406,4202849498,3.871587,8.509774,3.0212376,3
193502251271406,4205349498,3.8671005,8.492725,3.0332017,3
193502253771406,4207849498,3.8611186,8.476574,3.0257242,3
193502256271406,4210349498,3.8527436,8.463413,3.0266216,3
193502258771406,4212849498,3.8488553,8.452047,3.0317063,3
193502261271406,4215349498,3.8300118,8.450552,3.0125637,3
193502263771406,4217849498,3.810271,8.443673,3.0038898,3
193502266271406,4220349498,3.824927,8.411669,3.028117,3
193502268771406,4222849498,3.8264225,8.40479,3.0332017,3
193502271271406,4225349498,3.8156548,8.386544,3.036791,3
193502273771406,4227849498,3.8198423,8.37458,3.039483,3
193502276271406,4230349498,3.8144584,8.369196,3.034099,3
193502278771406,4232849498,3.8099718,8.347362,3.0517461,3
193502281271406,4235349498,3.7962132,8.343773,3.0753753,3
193502283771406,4237849498,3.8087754,8.354241,3.074478,3
193502286271406,4240349498,3.804887,8.348259,3.0855448,3
193502288771406,4242849498,3.8123646,8.36112,3.0897322,3
193502291271406,4245349498,3.816253,8.3581295,3.0816565,3
193502293771406,4247849498,3.8204405,8.343174,3.0840492,3
193502296271406,4250349498,3.8192441,8.356933,3.0708888,3
193502298771406,4252849498,3.8258243,8.3632145,3.0514472,3
193502301271406,4255349498,3.8380876,8.356933,3.0418758,3
193502303771406,4257849498,3.8443687,8.364112,3.0263224,3
193502306271406,4260349498,3.845565,8.378169,3.0355947,3
193502308771406,4262849498,3.8383865,8.39133,3.0382864,3
193502311271406,4265349498,3.8231323,8.410473,3.0439694,3
193502313771406,4267849498,3.822534,8.425129,3.036791,3
193502316271406,4270349498,3.8347974,8.438588,3.0667014,3
193502318771406,4272849498,3.8261235,8.439486,3.0577283,3
193502321271406,4275349498,3.8276188,8.442178,3.062813,3
193502323771406,4277849498,3.8183467,8.438588,3.0649066,3
193502326271406,4280349498,3.8207395,8.446066,3.0828528,3
193502328771406,4282849498,3.821637,8.445766,3.0523443,3
193502331271406,4285349498,3.8315072,8.448459,3.0517461,3
193502333771406,4287849498,3.833601,8.4451685,3.0559337,3
193502336271406,4290349498,3.8347974,8.43141,3.0622149,3
193502338771406,4292849498,3.8446677,8.425727,3.0607193,3
193502341271406,4295349498,3.844967,8.420044,3.0747771,3
193502343771406,4297849498,3.8476589,8.415258,3.095415,3
193502346271406,4300349498,3.8434713,8.411669,3.0846474,3
193502348771406,4302849498,3.8491542,8.4038925,3.0762727,3
193502351271406,4305349498,3.8554354,8.402397,3.062813,3
193502353771406,4307849498,3.8575292,8.386844,3.0616167,3
193502356271406,4310349498,3.859922,8.384451,3.056831,3
193502358771406,4312849498,3.8644085,8.378169,3.05713,3
193502361271406,4315349498,3.862315,8.390432,3.0610185,3
193502363771406,4317849498,3.8760736,8.382955,3.0690942,3
193502366271406,4320349498,3.8739798,8.392527,3.0678978,3
193502368771406,4322849498,3.880261,8.391928,3.0607193,3
193502371271406,4325349498,3.8787656,8.401798,3.0738797,3
193502373771406,4327849498,3.8676987,8.418249,3.0801609,3
193502376271406,4330349498,3.8733816,8.40449,3.0846474,3
193502378771406,4332849498,3.8647077,8.417053,3.0789645,3
193502381271406,4335349498,3.8617167,8.415258,3.095415,3
193502383771406,4337849498,3.8521454,8.411669,3.0879376,3
193502386271406,4340349498,3.8464625,8.395218,3.0798619,3
193502388771406,4342849498,3.8530426,8.393125,3.0867412,3
193502391271406,4345349498,3.8560338,8.387741,3.0801609,3
193502393771406,4347849498,3.8434713,8.371888,3.117848,3
193502396271406,4350349498,3.8611186,8.389834,3.1049864,3
193502398771406,4352849498,3.8578284,8.382058,3.1220353,3
193502401271406,4355349498,3.8665023,8.37458,3.1115668,3
193502403771406,4357849498,3.856632,8.362018,3.1103704,3
193502406271406,4360349498,3.8617167,8.36441,3.1022944,3
193502408771406,4362849498,3.8691943,8.349456,3.1079776,3
193502411271406,4365349498,3.8620157,8.359625,3.1127632,3
193502413771406,4367849498,3.8572302,8.353643,3.0912278,3
193502416271406,4370349498,3.8560338,8.344969,3.0759735,3
193502418771406,4372849498,3.862614,8.350054,3.0798619,3
193502421271406,4375349498,3.8608193,8.347661,3.0867412,3
193502423771406,4377849498,3.8575292,8.359625,3.086143,3
193502426271406,4380349498,3.8671005,8.369196,3.0613174,3
193502428771406,4382849498,3.8673997,8.362915,3.0625138,3
193502431271406,4385349498,3.87727,8.351849,3.0664022,3
193502433771406,4387849498,3.8991046,8.355437,3.054139,3
193502436271406,4390349498,3.900301,8.347661,3.0487552,3
193502438771406,4392849498,3.8910286,8.345268,3.0323045,3
193502441271406,4395349498,3.8886359,8.349754,3.0035906,3
193502443771406,4397849498,3.8868413,8.356335,2.9994032,3
193502446271406,4400349498,3.856931,8.376973,2.9712875,3
193502448771406,4402849498,3.8479578,8.394022,2.981158,3
193502451271406,4405349498,3.830909,8.426923,2.9865417,3
193502453771406,4407849498,3.8264225,8.446963,2.9820552,3
193502456271406,4410349498,3.8144584,8.452945,3.0020952,3
193502458771406,4412849498,3.8144584,8.476574,2.9706893,3
193502461271406,4415349498,3.7971103,8.499007,2.975774,3
193502463771406,4417849498,3.7773697,8.527422,2.9703903,3
193502466271406,4420349498,3.7758741,8.556435,2.9766715,3
193502468771406,4422849498,3.7758741,8.581859,2.970091,3
193502471271406,4425349498,3.7683966,8.594122,2.961118,3
193502473771406,4427849498,3.7624145,8.609376,2.9539394,3
193502476271406,4430349498,3.7591243,8.626125,2.9593234,3
193502478771406,4432849498,3.7546377,8.64138,2.9482565,3
193502481271406,4435349498,3.758227,8.659027,2.9760733,3
193502483771406,4437849498,3.764209,8.669795,2.9769704,3
193502486271406,4440349498,3.7660038,8.6706915,2.9856443,3
193502488771406,4442849498,3.7707894,8.666205,2.9796624,3
193502491271406,4445349498,3.7689948,8.658728,2.986841,3
193502493771406,4447849498,3.7657046,8.664112,3.0068808,3
193502496271406,4450349498,3.7680974,8.650353,3.0185459,3
193502498771406,4452849498,3.7513478,8.635398,3.0382864,3
193502501271406,4455349498,3.7591243,8.627621,3.0466614,3
193502503771406,4457849498,3.757629,8.611171,3.0879376,3
193502506271406,4460349498,3.7743785,8.597412,3.0885358,3
193502508771406,4462849498,3.7974095,8.558827,3.10379,3
193502511271406,4465349498,3.8213377,8.530113,3.098107,3
193502513771406,4467849498,3.8165522,8.499905,3.103491,3
193502516271406,4470349498,3.8330028,8.467003,3.1040893,3
193502518771406,4472849498,3.8524444,8.4502535,3.0984063,3
193502521271406,4475349498,3.8575292,8.4197445,3.1088748,3
193502523771406,4477849498,3.859922,8.412267,3.0852456,3
193502526271406,4480349498,3.8494534,8.386844,3.071188,3
193502528771406,4482849498,3.8461633,8.377272,3.0810583,3
193502531271406,4485349498,3.8518462,8.376076,3.0702906,3
193502533771406,4487849498,3.8635113,8.371589,3.0783663,3
193502536271406,4490349498,3.8665023,8.344969,3.0747771,3
193502538771406,4492849498,3.880261,8.342576,3.0840492,3
193502541271406,4495349498,3.8874395,8.324929,3.0897322,3
193502543771406,4497849498,3.905984,8.306086,3.0912278,3
193502546271406,4500349498,3.9308095,8.302197,3.1076784,3
193502548771406,4502849498,3.9490547,8.286943,3.112464,3
193502551271406,4505349498,3.958925,8.278568,3.1196425,3
193502553771406,4507849498,3.9625144,8.262715,3.1031919,3
193502556271406,4510349498,3.9795632,8.247163,3.1160533,3
193502558771406,4512849498,3.9915273,8.232507,3.12054,3
193502561271406,4515349498,3.976572,8.242676,3.12054,3
193502563771406,4517849498,3.9825542,8.242078,3.1310084,3
193502566271406,4520349498,4.0031924,8.241479,3.1537402,3
193502568771406,4522849498,4.0124645,8.237591,3.1657043,3
193502571271406,4525349498,4.0130625,8.244171,3.1752756,3
193502573771406,4527849498,4.008576,8.244769,3.176173,3
193502576271406,4530349498,4.013661,8.239984,3.1812577,3
193502578771406,4532849498,4.013661,8.225029,3.1821551,3
193502581271406,4535349498,4.0031924,8.239685,3.1767712,3
193502583771406,4537849498,3.9864426,8.244769,3.1603205,3
193502586271406,4540349498,3.9738803,8.25464,3.1725838,3
193502588771406,4542849498,3.9843488,8.261519,3.147459,3
193502591271406,4545349498,3.9867415,8.280961,3.1465619,3
193502593771406,4547849498,3.9717865,8.29801,3.1322048,3
193502596271406,4550349498,3.964608,8.302496,3.112165,3
193502598771406,4552849498,3.9433718,8.311469,3.1145577,3
193502601271406,4555349498,3.9376888,8.320742,3.106482,3
193502603771406,4557849498,3.9302113,8.336893,3.095415,3
193502606271406,4560349498,3.926323,8.360522,3.1016963,3
193502608771406,4562849498,3.94397,8.365906,3.1304102,3
193502611271406,4565349498,3.9457645,8.358429,3.1387851,3
193502613771406,4567849498,3.9541395,8.365607,3.1660035,3
193502616271406,4570349498,3.9583268,8.368598,3.1749766,3
193502618771406,4572849498,3.970889,8.367103,3.1633115,3
193502621271406,4575349498,3.9723847,8.362018,3.1639097,3
193502623771406,4577849498,3.953242,8.352447,3.1722846,3
193502626271406,4580349498,3.941278,8.352447,3.1543384,3
193502628771406,4582849498,3.9415772,8.3581295,3.1459637,3
193502631271406,4585349498,3.9379878,8.368897,3.1274192,3
193502633771406,4587849498,3.9463627,8.356933,3.1256247,3
193502636271406,4590349498,3.952943,8.36142,3.1301112,3
193502638771406,4592849498,3.9753757,8.372786,3.1570303,3
193502641271406,4595349498,3.9825542,8.359027,3.1618161,3
193502643771406,4597849498,3.9870408,8.363513,3.1812577,3
193502646271406,4600349498,3.999304,8.360822,3.1833515,3
193502648771406,4602849498,4.010969,8.3581295,3.1663027,3
193502651271406,4605349498,3.996911,8.349156,3.1600213,3
193502653771406,4607849498,3.9963129,8.33809,3.132803,3
193502656271406,4610349498,3.9870408,8.340483,3.135495,3
193502658771406,4612849498,3.9825542,8.324032,3.1256247,3
193502661271406,4615349498,3.9675992,8.3123665,3.1283164,3
193502663771406,4617849498,3.97059,8.3015995,3.1331022,3
193502666271406,4620349498,3.9670007,8.310871,3.1339993,3
193502668771406,4622849498,3.9565322,8.292027,3.132803,3
193502671271406,4625349498,3.949653,8.288139,3.17049,3
193502673771406,4627849498,3.9358943,8.290234,3.1639097,3
193502676271406,4630349498,3.941278,8.292925,3.1576285,3
193502678771406,4632849498,3.9361932,8.29113,3.1522448,3
193502681271406,4635349498,3.9284165,8.300403,3.1435707,3
193502683771406,4637849498,3.9230328,8.311171,3.1438699,3
193502686271406,4640349498,3.9221354,8.314161,3.1423743,3
193502688771406,4642849498,3.9257247,8.324032,3.1348968,3
193502691271406,4645349498,3.918247,8.328518,3.1187453,3
193502693771406,4647849498,3.9194436,8.3377905,3.114857,3
193502696271406,4650349498,3.9305103,8.348857,3.1115668,3
193502698771406,4652849498,3.9490547,8.339585,3.1070802,3
193502701271406,4655349498,3.953242,8.346764,3.0978081,3
193502703771406,4657849498,3.9526439,8.356634,3.08046,3
193502706271406,4660349498,3.9421754,8.350652,3.08046,3
193502708771406,4662849498,3.9338005,8.356933,3.0759735,3
193502711271406,4665349498,3.929314,8.362915,3.0858438,3
193502713771406,4667849498,3.9311085,8.374879,3.068496,3
193502716271406,4670349498,3.9257247,8.380562,3.0756743,3
193502718771406,4672849498,3.929314,8.385946,3.0562327,3
193502721271406,4675349498,3.9074793,8.390134,3.0493534,3
193502723771406,4677849498,3.9107695,8.404191,3.0469606,3
193502726271406,4680349498,3.912265,8.416754,3.0382864,3
193502728771406,4682849498,3.9006,8.4248295,3.039483,3
193502731271406,4685349498,3.8895333,8.443374,3.039483,3
193502733771406,4687849498,3.868596,8.459227,3.030809,3
193502736271406,4690349498,3.8736808,8.468798,3.0400813,3
193502738771406,4692849498,3.8650067,8.4858465,3.0236306,3
193502741271406,4695349498,3.8557346,8.500503,3.0391839,3
193502743771406,4697849498,3.8581274,8.516355,3.045166,3
193502746271406,4700349498,3.8641095,8.514261,3.0272198,3
193502748771406,4702849498,3.8608193,8.5067835,3.0358937,3
193502751271406,4705349498,3.8697925,8.52473,3.0514472,3
193502753771406,4707849498,3.889234,8.504989,3.0478578,3
193502756271406,4710349498,3.8934216,8.517551,3.0502508,3
193502758771406,4712849498,3.894917,8.52114,3.0352955,3
193502761271406,4715349498,3.8910286,8.519944,3.0260234,3
193502763771406,4717849498,3.885645,8.523832,3.0269206,3
193502766271406,4720349498,3.8817565,8.50469,3.0119655,3
193502768771406,4722849498,3.8644085,8.507681,3.0095727,3
193502771271406,4725349498,3.8587255,8.505588,3.0215368,3
193502773771406,4727849498,3.8560338,8.499905,3.0260234,3
193502776271406,4730349498,3.8524444,8.493922,3.0185459,3
193502778771406,4732849498,3.851248,8.4909315,3.0092735,3
193502781271406,4735349498,3.8404803,8.486744,3.0185459,3
193502783771406,4737849498,3.8264225,8.467302,3.0349965,3
193502786271406,4740349498,3.8300118,8.46491,3.0487552,3
193502788771406,4742849498,3.8270206,8.466405,3.0520453,3
193502791271406,4745349498,3.8324046,8.464012,3.0690942,3
193502793771406,4747849498,3.8386858,8.460722,3.0708888,3
193502796271406,4750349498,3.8506498,8.460722,3.088835,3
193502798771406,4752849498,3.8527436,8.444571,3.0789645,3
193502801271406,4755349498,3.8497524,8.440383,3.0963125,3
193502803771406,4757849498,3.8700914,8.455338,3.0652058,3
193502806271406,4760349498,3.8671005,8.447262,3.0792637,3
193502808771406,4762849498,3.8638103,8.441878,3.0909286,3
193502811271406,4765349498,3.8605201,8.443673,3.0780673,3
193502813771406,4767849498,3.8676987,8.441579,3.0729825,3
193502816271406,4770349498,3.859922,8.448159,3.0828528,3
193502818771406,4772849498,3.8530426,8.447561,3.0942187,3
193502821271406,4775349498,3.8641095,8.430812,3.0765717,3
193502823771406,4777849498,3.8611186,8.435896,3.0990045,3
193502826271406,4780349498,3.8766718,8.428419,3.0951161,3
193502828771406,4782849498,3.8913279,8.42124,3.0786655,3
193502831271406,4785349498,3.9134614,8.4038925,3.0598218,3
193502833771406,4787849498,3.918247,8.392825,3.0562327,3
193502836271406,4790349498,3.9514475,8.383254,3.057429,3
193502838771406,4792849498,3.956233,8.362915,3.0610185,3
193502841271406,4795349498,3.973581,8.349456,3.0610185,3
193502843771406,4797849498,3.9759738,8.336295,3.0610185,3
193502846271406,4800349498,3.9744785,8.325228,3.071487,3
193502848771406,4802849498,3.969992,8.306983,3.0562327,3
193502851271406,4805349498,3.964608,8.311769,3.0559337,3
193502853771406,4807849498,3.958925,8.297412,3.0792637,3
193502856271406,4810349498,3.9592242,8.297112,3.0870404,3
193502858771406,4812849498,3.9478583,8.300702,3.098107,3
193502861271406,4815349498,3.9332023,8.288737,3.0906296,3
193502863771406,4817849498,3.92064,8.271988,3.100799,3
193502866271406,4820349498,3.9035912,8.284551,3.0759735,3
193502868771406,4822849498,3.885645,8.275876,3.0843484,3
193502871271406,4825349498,3.87727,8.27797,3.0906296,3
193502873771406,4827849498,3.8751762,8.286046,3.0894332,3
193502876271406,4830349498,3.8898323,8.293523,3.0822546,3
193502878771406,4832849498,3.9077785,8.305488,3.0987053,3
193502881271406,4835349498,3.9245281,8.306983,3.0873394,3
193502883771406,4837849498,3.932604,8.303992,3.0930223,3
193502886271406,4840349498,3.964309,8.311171,3.1019955,3
193502888771406,4842849498,3.9759738,8.312965,3.0816565,3
193502891271406,4845349498,4.0007997,8.325527,3.0753753,3
193502893771406,4847849498,4.0130625,8.336594,3.0735807,3
193502896271406,4850349498,4.026522,8.327023,3.0595229,3
193502898771406,4852849498,4.03729,8.326125,3.0640094,3
193502901271406,4855349498,4.0387855,8.348259,3.0670004,3
193502903771406,4857849498,4.0417767,8.3428755,3.065505,3
193502906271406,4860349498,4.046263,8.349456,3.0670004,3
193502908771406,4862849498,4.0325046,8.3581295,3.0556345,3
193502911271406,4865349498,4.023232,8.368,3.074179,3
193502913771406,4867849498,4.031906,8.3835535,3.0801609,3
193502916271406,4870349498,4.0091743,8.385647,3.0765717,3
193502918771406,4872849498,4.004389,8.379066,3.083451,3
193502921271406,4875349498,4.002594,8.374879,3.0849466,3
193502923771406,4877849498,3.99392,8.378169,3.0592237,3
193502926271406,4880349498,3.9957147,8.37458,3.0670004,3
193502928771406,4882849498,3.9963129,8.398808,3.0550363,3
193502931271406,4885349498,3.976273,8.40479,3.0759735,3
193502933771406,4887849498,3.9640098,8.402098,3.0795627,3
193502936271406,4890349498,3.946662,8.405986,3.0738797,3
193502938771406,4892849498,3.935296,8.417352,3.0589247,3
193502941271406,4895349498,3.9221354,8.416156,3.048157,3
193502943771406,4897849498,3.9257247,8.4146595,3.0364919,3
193502946271406,4900349498,3.914957,8.414959,3.0418758,3
193502948771406,4902849498,3.9038901,8.4197445,3.0320053,3
193502951271406,4905349498,3.8958144,8.4146595,3.0188448,3
193502953771406,4907849498,3.8925242,8.414062,3.0170503,3
193502956271406,4910349498,3.8886359,8.414959,3.0116663,3
193502958771406,4912849498,3.867998,8.3994055,3.016452,3
193502961271406,4915349498,3.8668015,8.397611,3.0089746,3
193502963771406,4917849498,3.8518462,8.384151,3.0032916,3
193502966271406,4920349498,3.8593237,8.388339,3.0215368,3
193502968771406,4922849498,3.8404803,8.384451,3.0200412,3
193502971271406,4925349498,3.83061,8.377571,3.0320053,3
193502973771406,4927849498,3.8213377,8.376375,3.0445678,3
193502976271406,4930349498,3.8234315,8.366205,3.0466614,3
193502978771406,4932849498,3.821936,8.376375,3.0445678,3
193502981271406,4935349498,3.8383865,8.371589,3.0559337,3
193502983771406,4937849498,3.839284,8.373085,3.0553355,3
193502986271406,4940349498,3.845565,8.365009,3.0643084,3
193502988771406,4942849498,3.8503506,8.343473,3.0798619,3
193502991271406,4945349498,3.8503506,8.347661,3.0792637,3
193502993771406,4947849498,3.8413777,8.359027,3.0732815,3
193502996271406,4950349498,3.8404803,8.3530445,3.062813,3
193502998771406,4952849498,3.8353956,8.356634,3.0550363,3
193503001271406,4955349498,3.8264225,8.3530445,3.0457642,3
193503003771406,4957849498,3.83061,8.36471,3.0385857,3
193503006271406,4960349498,3.8234315,8.379964,3.0463624,3
193503008771406,4962849498,3.8234315,8.4038925,3.0469606,3
193503011271406,4965349498,3.8171504,8.412866,3.0607193,3
193503013771406,4967849498,3.8213377,8.435896,3.0442686,3
193503016271406,4970349498,3.8210387,8.447262,3.03709,3
193503018771406,4972849498,3.8240297,8.458628,3.0433712,3
193503021271406,4975349498,3.8210387,8.471788,3.0364919,3
193503023771406,4977849498,3.8476589,8.478369,3.0290143,3
193503026271406,4980349498,3.8709888,8.470293,3.0478578,3
193503028771406,4982849498,3.8754754,8.477771,3.0326035,3
193503031271406,4985349498,3.8868413,8.46491,3.0364919,3
193503033771406,4987849498,3.885645,8.470891,3.0448668,3
193503036271406,4990349498,3.8937206,8.479266,3.0275187,3
193503038771406,4992849498,3.9029927,8.475976,3.0092735,3
193503041271406,4995349498,3.9050865,8.472386,3.0000014,3
193503043771406,4997849498,3.92722,8.493324,3.012863,3
193503046271406,5000349498,3.9376888,8.482856,3.0041888,3
193503048771406,5002849498,3.9349968,8.484949,3.0083764,3
193503051271406,5005349498,3.9400816,8.487342,3.0143583,3
193503053771406,5007849498,3.949653,8.492427,3.001796,3
193503056271406,5010349498,3.9538403,8.500203,2.9940193,3
193503058771406,5012849498,3.964608,8.489735,2.9850461,3
193503061271406,5015349498,3.9673,8.480463,2.972783,3
193503063771406,5017849498,3.9675992,8.466703,2.9760733,3
193503066271406,5020349498,3.9747775,8.460722,2.9826534,3
193503068771406,5022849498,3.9897327,8.448758,2.969493,3
193503071271406,5025349498,4.016652,8.444869,2.9745777,3
193503073771406,5027849498,4.0331025,8.435597,2.99043,3
193503076271406,5030349498,4.0348973,8.412267,2.972185,3
193503078771406,5032849498,4.052544,8.401798,2.9539394,3
193503081271406,5035349498,4.0680976,8.385049,2.951846,3
193503083771406,5037849498,4.066901,8.381161,2.9437702,3
193503086271406,5040349498,4.0642095,8.372786,2.9392836,3
193503088771406,5042849498,4.0537405,8.37129,2.929114,3
193503091271406,5045349498,4.0558343,8.367103,2.9111679,3
193503093771406,5047849498,4.0672,8.354839,2.9210382,3
193503096271406,5050349498,4.05733,8.35783,2.9135606,3
193503098771406,5052849498,4.054638,8.367701,2.9273193,3
193503101271406,5055349498,4.0588255,8.371888,2.9192436,3
193503103771406,5057849498,4.0591245,8.363812,2.9183464,3
193503106271406,5060349498,4.066901,8.368,2.920141,3
193503108771406,5062849498,4.0588255,8.376674,2.9270203,3
193503111271406,5065349498,4.06391,8.385946,2.9207392,3
193503113771406,5067849498,4.0585265,8.382656,2.926422,3
193503116271406,5070349498,4.057629,8.379964,2.926123,3
193503118771406,5072849498,4.0498524,8.380562,2.9129624,3
193503121271406,5075349498,4.0567317,8.37129,2.9004002,3
193503123771406,5077849498,4.065406,8.371589,2.9075787,3
193503126271406,5080349498,4.0651064,8.374281,2.8989046,3
193503128771406,5082849498,4.060321,8.377571,2.9111679,3
193503131271406,5085349498,4.0567317,8.376375,2.9362924,3
193503133771406,5087849498,4.0537405,8.379964,2.9443684,3
193503136271406,5090349498,4.048656,8.386544,2.9467611,3
193503138771406,5092849498,4.0381875,8.390134,2.9671001,3
193503141271406,5095349498,4.033701,8.371888,2.9745777,3
193503143771406,5097849498,4.005585,8.382357,2.9629126,3
193503146271406,5100349498,4.004389,8.375478,2.993421,3
193503148771406,5102849498,4.008277,8.359924,3.0038898,3
193503151271406,5105349498,4.0121655,8.338987,2.9886355,3
193503153771406,5107849498,4.0073795,8.326125,3.0188448,3
193503156271406,5110349498,4.01725,8.309974,3.048157,3
193503158771406,5112849498,4.023232,8.302496,3.0526435,3
193503161271406,5115349498,4.025625,8.282456,3.062813,3
193503163771406,5117849498,4.0214376,8.267501,3.07717,3
193503166271406,5120349498,4.019942,8.249556,3.0828528,3
193503168771406,5122849498,4.0127635,8.235497,3.1019955,3
193503171271406,5125349498,4.004389,8.211868,3.1070802,3
193503173771406,5127849498,4.0151563,8.192127,3.1043882,3
193503176271406,5130349498,4.0064826,8.18794,3.1127632,3
193503178771406,5132849498,4.0100718,8.176873,3.1226335,3
193503181271406,5135349498,4.0178485,8.171788,3.1199417,3
193503183771406,5137849498,4.025924,8.165208,3.1043882,3
193503186271406,5140349498,4.025625,8.1687975,3.1133614,3
193503188771406,5142849498,4.041178,8.172985,3.0978081,3
193503191271406,5145349498,4.033701,8.178369,3.091826,3
193503193771406,5147849498,4.048656,8.185248,3.0960133,3
193503196271406,5150349498,4.0498524,8.187342,3.1016963,3
193503198771406,5152849498,4.0537405,8.182856,3.074179,3
193503201271406,5155349498,4.069593,8.188539,3.05713,3
193503203771406,5157849498,4.066602,8.215158,3.060121,3
193503206271406,5160349498,4.0797625,8.206783,3.0583265,3
193503208771406,5162849498,4.0698924,8.219645,3.0550363,3
193503211271406,5165349498,4.0794635,8.236993,3.0705895,3
193503213771406,5167849498,4.0812583,8.238788,3.0634112,3
193503216271406,5170349498,4.0815573,8.246863,3.0625138,3
193503218771406,5172849498,4.086343,8.251948,3.0735807,3
193503221271406,5175349498,4.091727,8.2681,3.0753753,3
193503223771406,5177849498,4.091428,8.286345,3.076871,3
193503226271406,5180349498,4.10399,8.2965145,3.0936205,3
193503228771406,5182849498,4.1051865,8.312965,3.118446,3
193503231271406,5185349498,4.100999,8.327023,3.1157541,3
193503233771406,5187849498,4.1021953,8.324032,3.12054,3
193503236271406,5190349498,4.093521,8.323434,3.1256247,3
193503238771406,5192849498,4.106084,8.344969,3.1109686,3
193503241271406,5195349498,4.093222,8.338987,3.100799,3
193503243771406,5197849498,4.072883,8.344969,3.106482,3
193503246271406,5200349498,4.059723,8.33809,3.0921252,3
193503248771406,5202849498,4.048357,8.337491,3.0855448,3
193503251271406,5205349498,4.0307097,8.3428755,3.0783663,3
193503253771406,5207849498,4.02054,8.345268,3.0616167,3
193503256271406,5210349498,3.9972103,8.355139,3.0855448,3
193503258771406,5212849498,3.979264,8.357232,3.0693932,3
193503261271406,5215349498,3.9583268,8.354241,3.0589247,3
193503263771406,5217849498,3.9335012,8.347362,3.054737,3
193503266271406,5220349498,3.9275193,8.353942,3.0535407,3
193503268771406,5222849498,3.9188452,8.3530445,3.045166,3
193503271271406,5225349498,3.912265,8.369495,3.0418758,3
193503273771406,5227849498,3.9029927,8.375776,3.0403802,3
193503276271406,5230349498,3.8982072,8.385946,3.0442686,3
193503278771406,5232849498,3.8994036,8.393125,3.045465,3
193503281271406,5235349498,3.9101713,8.390732,3.048157,3
193503283771406,5237849498,3.906283,8.405686,3.056831,3
193503286271406,5240349498,3.912265,8.416754,3.0493534,3
193503288771406,5242849498,3.912564,8.4197445,3.0263224,3
193503291271406,5245349498,3.9107695,8.421839,3.036791,3
193503293771406,5247849498,3.9074793,8.426923,3.030809,3
193503296271406,5250349498,3.905984,8.439486,3.0212376,3
193503298771406,5252849498,3.8907297,8.441579,3.0409784,3
193503301271406,5255349498,3.894917,8.45803,3.0233314,3
193503303771406,5257849498,3.8961134,8.455637,3.0269206,3
193503306271406,5260349498,3.897908,8.462517,3.0122645,3
193503308771406,5262849498,3.8943188,8.461619,3.0326035,3
193503311271406,5265349498,3.8970108,8.472088,3.0358937,3
193503313771406,5267849498,3.9044883,8.482556,3.0550363,3
193503316271406,5270349498,3.8997028,8.493324,3.0798619,3
193503318771406,5272849498,3.8937206,8.505288,3.0849466,3
193503321271406,5275349498,3.8751762,8.509774,3.0936205,3
193503323771406,5277849498,3.8757744,8.519645,3.1028929,3
193503326271406,5280349498,3.850949,8.519944,3.089134,3
193503328771406,5282849498,3.8341992,8.522636,3.074179,3
193503331271406,5285349498,3.8207395,8.522935,3.083451,3
193503333771406,5287849498,3.8042889,8.509774,3.0873394,3
193503336271406,5290349498,3.7950168,8.503493,3.0867412,3
193503338771406,5292849498,3.784249,8.50469,3.0747771,3
193503341271406,5295349498,3.7866418,8.49123,3.0852456,3
193503343771406,5297849498,3.7761734,8.480463,3.0933216,3
193503346271406,5300349498,3.775276,8.47119,3.0843484,3
193503348771406,5302849498,3.7651064,8.464311,3.1070802,3
193503351271406,5305349498,3.764209,8.437093,3.1277182,3
193503353771406,5307849498,3.7672002,8.432307,3.1232316,3
193503356271406,5310349498,3.7537405,8.42124,3.1247272,3
193503358771406,5312849498,3.760321,8.419446,3.1259236,3
193503361271406,5315349498,3.7600217,8.414062,3.1274192,3
193503363771406,5317849498,3.7552361,8.402995,3.1253254,3
193503366271406,5320349498,3.7483566,8.394022,3.1190443,3
193503368771406,5322849498,3.7651064,8.388937,3.1250265,3
193503371271406,5325349498,3.780959,8.397611,3.1199417,3
193503373771406,5327849498,3.7827535,8.397312,3.135495,3
193503376271406,5330349498,3.7905302,8.3943205,3.1232316,3
193503378771406,5332849498,3.8015969,8.391629,3.1250265,3
193503381271406,5335349498,3.8165522,8.395218,3.144767,3
193503383771406,5337849498,3.8285162,8.39791,3.1310084,3
193503386271406,5340349498,3.8356948,8.398808,3.1253254,3
193503388771406,5342849498,3.8524444,8.40449,3.1070802,3
193503391271406,5345349498,3.8617167,8.399705,3.0966115,3
193503393771406,5347849498,3.868596,8.410771,3.0747771,3
193503396271406,5350349498,3.8694932,8.413164,3.068795,3
193503398771406,5352849498,3.871587,8.420642,3.0640094,3
193503401271406,5355349498,3.888337,8.43111,3.0661032,3
193503403771406,5357849498,3.8823547,8.427522,3.0705895,3
193503406271406,5360349498,3.897609,8.439186,3.0702906,3
193503408771406,5362849498,3.9017963,8.437093,3.0873394,3
193503411271406,5365349498,3.912564,8.437691,3.095415,3
193503413771406,5367849498,3.9233317,8.441878,3.0936205,3
193503416271406,5370349498,3.9269211,8.434102,3.1154552,3
193503418771406,5372849498,3.9544384,8.434102,3.12383,3
193503421271406,5375349498,3.9481573,8.434102,3.117848,3
193503423771406,5377849498,3.9574296,8.4248295,3.1310084,3
193503426271406,5380349498,3.955934,8.41795,3.1256247,3
193503428771406,5382849498,3.9684963,8.418847,3.1097722,3
193503431271406,5385349498,3.9556348,8.417352,3.114857,3
193503433771406,5387849498,3.9681973,8.39791,3.1217363,3
193503436271406,5390349498,3.9795632,8.397013,3.1399815,3
193503438771406,5392849498,3.9867415,8.403593,3.1426735,3
193503441271406,5395349498,3.9843488,8.395517,3.159423,3
193503443771406,5397849498,3.978965,8.382955,3.1695926,3
193503446271406,5400349498,3.9885364,8.3733835,3.153142,3
193503448771406,5402849498,3.9963129,8.36471,3.158825,3
193503451271406,5405349498,3.99392,8.330612,3.165106,3
193503453771406,5407849498,3.999304,8.326425,3.1627133,3
193503456271406,5410349498,4.014259,8.323434,3.1423743,3
193503458771406,5412849498,4.004389,8.320442,3.1534412,3
193503461271406,5415349498,3.9981074,8.309376,3.1597223,3
193503463771406,5417849498,3.9858444,8.315657,3.1357942,3
193503466271406,5420349498,3.9882371,8.295917,3.1618161,3
193503468771406,5422849498,3.9681973,8.306086,3.1660035,3
193503471271406,5425349498,3.9553359,8.293523,3.164807,3
193503473771406,5427849498,3.9547377,8.297412,3.1686954,3
193503476271406,5430349498,3.946961,8.299805,3.1725838,3
193503478771406,5432849498,3.9547377,8.295917,3.185146,3
193503481271406,5435349498,3.9580278,8.302197,3.1785657,3
193503483771406,5437849498,3.9655054,8.30788,3.1866415,3
193503486271406,5440349498,3.9670007,8.314759,3.1782668,3
193503488771406,5442849498,3.9673,8.3123665,3.1815567,3
193503491271406,5445349498,3.9741793,8.308478,3.202494,3
193503493771406,5447849498,3.9667017,8.309376,3.2123644,3
193503496271406,5450349498,3.9864426,8.315956,3.2096725,3
193503498771406,5452849498,3.9837506,8.326425,3.1887352,3
193503501271406,5455349498,3.969992,8.333902,3.1627133,3
193503503771406,5457849498,3.9690945,8.349754,3.1680973,3
193503506271406,5460349498,3.9565322,8.344071,3.159423,3
193503508771406,5462849498,3.9460638,8.344371,3.1543384,3
193503511271406,5465349498,3.9403806,8.346764,3.141776,3
193503513771406,5467849498,3.9388852,8.347661,3.1331022,3
193503516271406,5470349498,3.9233317,8.347362,3.1441689,3
193503518771406,5472849498,3.9116669,8.346764,3.135196,3
193503521271406,5475349498,3.9050865,8.353344,3.1232316,3
193503523771406,5477849498,3.906582,8.357232,3.1387851,3
193503526271406,5480349498,3.917948,8.357232,3.153142,3
193503528771406,5482849498,3.9200418,8.344371,3.1630125,3
193503531271406,5485349498,3.92722,8.343174,3.187838,3
193503533771406,5487849498,3.9317067,8.345866,3.1893334,3
193503536271406,5490349498,3.9472601,8.33809,3.2063823,3
193503538771406,5492849498,3.9631126,8.333304,3.2213376,3
193503541271406,5495349498,3.9675992,8.322237,3.2102706,3
193503543771406,5497849498,3.9714873,8.322835,3.205186,3
193503546271406,5500349498,3.969992,8.300403,3.178865,3
193503548771406,5502849498,3.9774694,8.309076,3.181856,3
193503551271406,5505349498,3.976273,8.307581,3.167499,3
193503553771406,5507849498,3.970889,8.304291,3.1645079,3
193503556271406,5510349498,3.973282,8.300403,3.1836505,3
193503558771406,5512849498,3.9598224,8.298608,3.1746774,3
193503561271406,5515349498,3.9406798,8.310273,3.1710882,3
193503563771406,5517849498,3.932006,8.326125,3.1803603,3
193503566271406,5520349498,3.9370906,8.327621,3.1740792,3
193503568771406,5522849498,3.9284165,8.333304,3.1740792,3
193503571271406,5525349498,3.9041893,8.329715,3.1722846,3
193503573771406,5527849498,3.8934216,8.3327055,3.1752756,3
193503576271406,5530349498,3.9146578,8.32792,3.1797621,3
193503578771406,5532849498,3.9269211,8.319246,3.187838,3
193503581271406,5535349498,3.9224346,8.308179,3.1830523,3
193503583771406,5537849498,3.9340994,8.2965145,3.182454,3
193503586271406,5540349498,3.955934,8.286943,3.176472,3
193503588771406,5542849498,3.9747775,8.278269,3.1710882,3
193503591271406,5545349498,3.9927237,8.286046,3.1710882,3
193503593771406,5547849498,4.004688,8.2558365,3.147459,3
193503596271406,5550349498,4.022933,8.252546,3.1235309,3
193503598771406,5552849498,4.0301113,8.260622,3.1292138,3
193503601271406,5555349498,4.0366917,8.252546,3.1337004,3
193503603771406,5557849498,4.032205,8.247163,3.1202407,3
193503606271406,5560349498,4.0307097,8.248059,3.1016963,3
193503608771406,5562849498,4.0238304,8.253144,3.095415,3
193503611271406,5565349498,4.0274196,8.280064,3.0993035,3
193503613771406,5567849498,4.020839,8.282756,3.1109686,3
193503616271406,5570349498,4.007679,8.299206,3.1103704,3
193503618771406,5572849498,3.9963129,8.315657,3.1052856,3
193503621271406,5575349498,3.9828532,8.333902,3.1058838,3
193503623771406,5577849498,3.9658043,8.3530445,3.1118658,3
193503626271406,5580349498,3.956233,8.37458,3.117848,3
193503628771406,5582849498,3.953242,8.369795,3.1160533,3
193503631271406,5585349498,3.9571304,8.381161,3.1130621,3
193503633771406,5587849498,3.9777687,8.382058,3.1208389,3
193503636271406,5590349498,3.9747775,8.391031,3.1363924,3
193503638771406,5592849498,3.976572,8.388339,3.1175487,3
193503641271406,5595349498,3.9870408,8.387442,3.114857,3
193503643771406,5597849498,3.9963129,8.369495,3.1277182,3
193503646271406,5600349498,3.9804604,8.366505,3.1289146,3
193503648771406,5602849498,3.9652061,8.348558,3.106781,3
193503651271406,5605349498,3.950251,8.347362,3.1115668,3
193503653771406,5607849498,3.9460638,8.35454,3.1160533,3
193503656271406,5610349498,3.9478583,8.341081,3.0957143,3
193503658771406,5612849498,3.9550366,8.344371,3.117848,3
193503661271406,5615349498,3.9592242,8.342277,3.1220353,3
193503663771406,5617849498,3.9424744,8.330911,3.141178,3
193503666271406,5620349498,3.9460638,8.319545,3.1579278,3
193503668771406,5622849498,3.9574296,8.312965,3.165106,3
193503671271406,5625349498,3.9595232,8.299805,3.1680973,3
193503673771406,5627849498,3.9816568,8.29113,3.1669009,3
193503676271406,5630349498,3.9867415,8.304291,3.1663027,3
193503678771406,5632849498,4.0016966,8.279764,3.2060833,3
193503681271406,5635349498,4.019643,8.262117,3.2099717,3
193503683771406,5637849498,4.031906,8.266604,3.2063823,3
193503686271406,5640349498,4.0504503,8.256734,3.225824,3
193503688771406,5642849498,4.0621157,8.246564,3.2243285,3
193503691271406,5645349498,4.074379,8.246863,3.225824,3
193503693771406,5647849498,4.0824547,8.225627,3.2285159,3
193503696271406,5650349498,4.0824547,8.225926,3.228217,3
193503698771406,5652849498,4.0833516,8.232507,3.2338998,3
193503701271406,5655349498,4.0848475,8.226824,3.219543,3
193503703771406,5657849498,4.0848475,8.233703,3.2060833,3
193503706271406,5660349498,4.0788655,8.247461,3.2285159,3
193503708771406,5662849498,4.0776687,8.251948,3.2192438,3
193503711271406,5665349498,4.0627136,8.266305,3.225824,3
193503713771406,5667849498,4.0570307,8.270493,3.2554352,3
193503716271406,5670349498,4.048357,8.287242,3.2611182,3
193503718771406,5672849498,4.0390844,8.302197,3.2422748,3
193503721271406,5675349498,4.020839,8.310572,3.2398818,3
193503723771406,5677849498,4.0067816,8.318349,3.225525,3
193503726271406,5680349498,3.993621,8.316854,3.2156546,3
193503728771406,5682849498,3.9816568,8.323134,3.205784,3
193503731271406,5685349498,3.964608,8.342576,3.2162528,3
193503733771406,5687849498,3.9601214,8.352746,3.199204,3
193503736271406,5690349498,3.9517467,8.353344,3.187838,3
193503738771406,5692849498,3.958925,8.358429,3.2039895,3
193503741271406,5695349498,3.9580278,8.345567,3.2213376,3
193503743771406,5697849498,3.9684963,8.349456,3.1833515,3
193503746271406,5700349498,3.9601214,8.345268,3.176173,3
193503748771406,5702849498,3.9610188,8.341081,3.1869407,3
193503751271406,5705349498,3.952943,8.337193,3.1695926,3
193503753771406,5707849498,3.9544384,8.336295,3.1519456,3
193503756271406,5710349498,3.9580278,8.340183,3.1606195,3
193503758771406,5712849498,3.9604206,8.325827,3.1618161,3
193503761271406,5715349498,3.9574296,8.319545,3.1660035,3
193503763771406,5717849498,3.9592242,8.318648,3.1797621,3
193503766271406,5720349498,3.9640098,8.312965,3.2027931,3
193503768771406,5722849498,3.9693937,8.306983,3.1980073,3
193503771271406,5725349498,3.964309,8.30459,3.1962128,3
193503773771406,5727849498,3.9604206,8.299805,3.1974092,3
193503776271406,5730349498,3.9631126,8.2914295,3.202494,3
193503778771406,5732849498,3.964608,8.280961,3.2045877,3
193503781271406,5735349498,3.9649072,8.275876,3.2153554,3
193503783771406,5737849498,3.9807596,8.271688,3.231507,3
193503786271406,5740349498,3.972684,8.270493,3.2279177,3
193503788771406,5742849498,3.9741793,8.268997,3.228217,3
193503791271406,5745349498,3.970889,8.254939,3.2509487,3
193503793771406,5747849498,3.9831524,8.262417,3.2350962,3
193503796271406,5750349498,3.9894335,8.2558365,3.251846,3
193503798771406,5752849498,3.9915273,8.255537,3.2446675,3
193503801271406,5755349498,3.9942193,8.261818,3.2470603,3
193503803771406,5757849498,3.9984066,8.269895,3.2503505,3
193503806271406,5760349498,4.0366917,8.290234,3.2476585,3
193503808771406,5762849498,4.0531425,8.282756,3.2437701,3
193503811271406,5765349498,4.0642095,8.282157,3.2377882,3
193503813771406,5767849498,4.066901,8.285447,3.2330024,3
193503816271406,5770349498,4.0869412,8.282456,3.211168,3
193503818771406,5772849498,4.100999,8.273483,3.2174492,3
193503821271406,5775349498,4.1015973,8.279764,3.2213376,3
193503823771406,5777849498,4.089932,8.279764,3.205186,3
193503826271406,5780349498,4.0902314,8.293224,3.2096725,3
193503828771406,5782849498,4.077968,8.278269,3.203092,3
193503831271406,5785349498,4.0761733,8.280961,3.1983066,3
193503833771406,5787849498,4.0558343,8.2914295,3.1827533,3
193503836271406,5790349498,4.0390844,8.29113,3.1884363,3
193503838771406,5792849498,4.0157547,8.28784,3.187838,3
193503841271406,5795349498,4.004389,8.289635,3.1848469,3
193503843771406,5797849498,3.993621,8.288439,3.1866415,3
193503846271406,5800349498,3.9834516,8.295019,3.1944182,3
193503848771406,5802849498,3.976572,8.303693,3.1893334,3
193503851271406,5805349498,3.9783669,8.303992,3.2177482,3
193503853771406,5807849498,3.9885364,8.3219385,3.2042887,3
193503856271406,5810349498,3.9693937,8.315358,3.2069805,3
193503858771406,5812849498,3.9622152,8.325228,3.203092,3
193503861271406,5815349498,3.9675992,8.317751,3.1947174,3
193503863771406,5817849498,3.9687955,8.316256,3.1953156,3
193503866271406,5820349498,3.9783669,8.296215,3.196512,3
193503868771406,5822849498,3.9798622,8.2681,3.2072797,3
193503871271406,5825349498,3.9963129,8.28784,3.185445,3
193503873771406,5827849498,3.976572,8.278867,3.1929228,3
193503876271406,5830349498,3.9717865,8.265707,3.196512,3
193503878771406,5832849498,3.9723847,8.2558365,3.196512,3
193503881271406,5835349498,3.973282,8.243274,3.1926236,3
193503883771406,5837849498,3.9723847,8.237591,3.2036905,3
193503886271406,5840349498,3.9637108,8.226524,3.1872396,3
193503888771406,5842849498,3.9634116,8.223534,3.2099717,3
193503891271406,5845349498,3.972684,8.231908,3.2186456,3
193503893771406,5847849498,3.9783669,8.251349,3.2216365,3
193503896271406,5850349498,3.9774694,8.255239,3.2243285,3
193503898771406,5852849498,3.97059,8.246265,3.2300115,3
193503901271406,5855349498,3.9631126,8.258827,3.2246277,3
193503903771406,5857849498,3.9747775,8.263912,3.2333016,3
193503906271406,5860349498,3.9664025,8.275278,3.2240293,3
193503908771406,5862849498,3.9768713,8.301001,3.222534,3
193503911271406,5865349498,3.9756749,8.310572,3.2174492,3
193503913771406,5867849498,3.9583268,8.323434,3.231806,3
193503916271406,5870349498,3.9613178,8.3345,3.2309089,3
193503918771406,5872849498,3.9693937,8.346764,3.219842,3
193503921271406,5875349498,3.972684,8.356036,3.2174492,3
193503923771406,5877849498,3.982255,8.372188,3.223431,3
193503926271406,5880349498,4.005286,8.374879,3.2069805,3
193503928771406,5882849498,4.0154557,8.380263,3.1821551,3
193503931271406,5885349498,4.0154557,8.3835535,3.1827533,3
193503933771406,5887849498,4.0094733,8.367402,3.161517,3
193503936271406,5890349498,4.063312,8.369196,3.1543384,3
193503938771406,5892849498,4.1001015,8.360522,3.138187,3
193503941271406,5895349498,4.085745,8.39133,3.1127632,3
193503943771406,5897849498,4.0298123,8.4038925,3.147459,3
193503946271406,5900349498,3.9909291,8.375776,3.1857443,3
193503948771406,5902849498,3.9607196,8.363812,3.1839497,3
193503951271406,5905349498,3.9379878,8.373085,3.138486,3
193503953771406,5907849498,3.9143589,8.393125,3.1019955,3
193503956271406,5910349498,3.932006,8.387442,3.0840492,3
193503958771406,5912849498,3.9191444,8.365308,3.1301112,3
193503961271406,5915349498,3.9101713,8.348857,3.199503,3
193503963771406,5917849498,3.906881,8.356634,3.2353954,3
193503966271406,5920349498,3.9134614,8.373981,3.248556,3
193503968771406,5922849498,3.9053857,8.362018,3.2309089,3
193503971271406,5925349498,3.9128633,8.356933,3.1863425,3
193503973771406,5927849498,3.9278183,8.346764,3.1573296,3
193503976271406,5930349498,3.9448671,8.328518,3.178865,3
193503978771406,5932849498,3.9673,8.310871,3.202195,3
193503981271406,5935349498,3.9867415,8.29442,3.185445,3
193503983771406,5937849498,3.9870408,8.283952,3.2069805,3
193503986271406,5940349498,4.011567,8.283054,3.211168,3
193503988771406,5942849498,4.0214376,8.279166,3.2096725,3
193503991271406,5945349498,4.025326,8.2681,3.2270205,3
193503993771406,5947849498,4.0307097,8.268398,3.2285159,3
193503996271406,5950349498,4.0184464,8.264212,3.2536407,3
193503998771406,5952849498,4.019643,8.265408,3.252145,3
193504001271406,5955349498,4.0417767,8.249556,3.2476585,3
193504003771406,5957849498,4.0366917,8.242078,3.263212,3
193504006271406,5960349498,4.0474596,8.242376,3.2656047,3
193504008771406,5962849498,4.0501513,8.248359,3.2539396,3
193504011271406,5965349498,4.048357,8.249556,3.2650065,3
193504013771406,5967849498,4.057629,8.253444,3.2850463,3
193504016271406,5970349498,4.0498524,8.236693,3.2682967,3
193504018771406,5972849498,4.058227,8.236693,3.2685957,3
193504021271406,5975349498,4.052245,8.249256,3.2614172,3
193504023771406,5977849498,4.046562,8.233703,3.2676985,3
193504026271406,5980349498,4.0438704,8.241778,3.2587254,3
193504028771406,5982849498,4.0334015,8.248957,3.2449665,3
193504031271406,5985349498,4.019643,8.251649,3.242873,3
193504033771406,5987849498,4.022634,8.273483,3.2452657,3
193504036271406,5990349498,4.0154557,8.285447,3.2207394,3
193504038771406,5992849498,4.0124645,8.285447,3.2377882,3
193504041271406,5995349498,4.008277,8.28784,3.2273195,3
193504043771406,5997849498,4.007679,8.296215,3.219543,3
193504046271406,6000349498,4.020839,8.29801,3.2123644,3
193504048771406,6002849498,4.0005,8.3219385,3.2096725,3
193504051271406,6005349498,4.025625,8.310572,3.1860433,3
193504053771406,6007849498,4.0040894,8.319545,3.1884363,3
193504056271406,6010349498,4.0016966,8.319844,3.1785657,3
193504058771406,6012849498,4.0073795,8.328518,3.1567314,3
193504061271406,6015349498,4.0031924,8.331808,3.1465619,3
193504063771406,6017849498,4.0010986,8.351849,3.1289146,3
193504066271406,6020349498,3.99392,8.366803,3.1112676,3
193504068771406,6022849498,3.9723847,8.36471,3.1187453,3
193504071271406,6025349498,3.9574296,8.370692,3.1202407,3
193504073771406,6027849498,3.9451663,8.384451,3.115156,3
193504076271406,6030349498,3.9418762,8.396714,3.1202407,3
193504078771406,6032849498,3.9269211,8.405986,3.1163523,3
193504081271406,6035349498,3.9200418,8.387442,3.109174,3
193504083771406,6037849498,3.9164524,8.402397,3.1247272,3
193504086271406,6040349498,3.9020956,8.399107,3.1142588,3
193504088771406,6042849498,3.8910286,8.405686,3.1079776,3
193504091271406,6045349498,3.8910286,8.402098,3.1130621,3
193504093771406,6047849498,3.906283,8.395517,3.1217363,3
193504096271406,6050349498,3.906582,8.395517,3.1109686,3
193504098771406,6052849498,3.903292,8.381161,3.1280174,3
193504101271406,6055349498,3.918247,8.377272,3.135495,3
193504103771406,6057849498,3.9284165,8.369196,3.1456645,3
193504106271406,6060349498,3.9436707,8.353344,3.1387851,3
193504108771406,6062849498,3.9400816,8.338688,3.138486,3
193504111271406,6065349498,3.953242,8.338688,3.1525438,3
193504113771406,6067849498,3.9445682,8.329117,3.1342986,3
193504116271406,6070349498,3.9421754,8.316256,3.1453655,3
193504118771406,6072849498,3.9323049,8.311171,3.176472,3
193504121271406,6075349498,3.9550366,8.307581,3.1716864,3
193504123771406,6077849498,3.9717865,8.306086,3.1483564,3
193504126271406,6080349498,3.9637108,8.303693,3.1645079,3
193504128771406,6082849498,3.9664025,8.3123665,3.1860433,3
193504131271406,6085349498,3.9771702,8.304291,3.1830523,3
193504133771406,6087849498,3.9840498,8.288139,3.1815567,3
193504136271406,6090349498,3.9834516,8.307581,3.1893334,3
193504138771406,6092849498,3.987938,8.316854,3.1929228,3
193504141271406,6095349498,3.9891346,8.306684,3.1848469,3
193504143771406,6097849498,3.9891346,8.302197,3.1755748,3
193504146271406,6100349498,3.9981074,8.315657,3.1689944,3
193504148771406,6102849498,3.9960139,8.309974,3.176472,3
193504151271406,6105349498,3.9897327,8.314759,3.1773694,3
193504153771406,6107849498,3.9795632,8.313264,3.1525438,3
193504156271406,6110349498,3.976273,8.317751,3.1357942,3
193504158771406,6112849498,3.976273,8.323434,3.1372895,3
193504161271406,6115349498,3.9891346,8.326125,3.1420753,3
193504163771406,6117849498,3.99392,8.328518,3.161218,3
193504166271406,6120349498,3.979264,8.319246,3.141178,3
193504168771406,6122849498,3.9834516,8.324331,3.1660035,3
193504171271406,6125349498,3.9885364,8.319545,3.164807,3
193504173771406,6127849498,3.9870408,8.301001,3.135196,3
193504176271406,6130349498,3.9897327,8.306983,3.1262228,3
193504178771406,6132849498,4.0005,8.302795,3.1525438,3
193504181271406,6135349498,3.999603,8.289037,3.1429725,3
193504183771406,6137849498,4.0070806,8.2812605,3.1280174,3
193504186271406,6140349498,4.0064826,8.288737,3.140879,3
193504188771406,6142849498,4.0040894,8.278568,3.1534412,3
193504191271406,6145349498,4.0106697,8.283952,3.1534412,3
193504193771406,6147849498,4.0031924,8.293822,3.1313076,3
193504196271406,6150349498,3.9774694,8.299805,3.1561332,3
193504198771406,6152849498,3.9909291,8.305488,3.1208389,3
193504201271406,6155349498,4.0034914,8.311769,3.132504,3
193504203771406,6157849498,4.009773,8.314461,3.1226335,3
193504206271406,6160349498,4.0151563,8.325527,3.141477,3
193504208771406,6162849498,4.0390844,8.327621,3.1331022,3
193504211271406,6165349498,4.0441694,8.333005,3.1079776,3
193504213771406,6167849498,4.051946,8.333902,3.1085758,3
193504216271406,6170349498,4.0381875,8.342277,3.12383,3
193504218771406,6172849498,4.059723,8.354839,3.1220353,3
193504221271406,6175349498,4.0887356,8.36142,3.1441689,3
193504223771406,6177849498,4.119543,8.358429,3.173481,3
193504226271406,6180349498,4.1177487,8.36112,3.2099717,3
193504228771406,6182849498,4.046562,8.367103,3.2135608,3
193504231271406,6185349498,4.0444684,8.376674,3.1546376,3
193504233771406,6187849498,4.083651,8.354241,3.0699914,3
193504236271406,6190349498,4.1297126,8.320442,3.0622149,3
193504238771406,6192849498,4.1461635,8.298309,3.0993035,3
193504241271406,6195349498,4.118945,8.278867,3.1600213,3
193504243771406,6197849498,4.1111684,8.26481,3.1914272,3
193504246271406,6200349498,4.134199,8.2914295,3.1884363,3
193504248771406,6202849498,4.132704,8.27468,3.2392836,3
193504251271406,6205349498,4.154239,8.2660055,3.2497523,3
193504253771406,6207849498,4.1368914,8.258229,3.2703903,3
193504256271406,6210349498,4.112963,8.256434,3.2584262,3
193504258771406,6212849498,4.08395,8.259127,3.252145,3
193504261271406,6215349498,4.080062,8.247163,3.2772696,3
193504263771406,6217849498,4.074977,8.235198,3.1848469,3
193504266271406,6220349498,4.0704904,8.19811,3.1504502,3
193504268771406,6222849498,4.057629,8.166105,3.1486554,3
193504271271406,6225349498,4.0474596,8.155039,3.1399815,3
193504273771406,6227849498,4.025924,8.153543,3.1399815,3
193504276271406,6230349498,4.022634,8.178668,3.1671999,3
193504278771406,6232849498,4.013661,8.179565,3.1800613,3
193504281271406,6235349498,4.0202413,8.172985,3.1776686,3
193504283771406,6237849498,4.0274196,8.1789665,3.2001011,3
193504286271406,6240349498,4.031607,8.195417,3.2102706,3
193504288771406,6242849498,4.039683,8.199904,3.193521,3
193504291271406,6245349498,4.031308,8.220243,3.187838,3
193504293771406,6247849498,4.0420756,8.216354,3.2069805,3
193504296271406,6250349498,4.049254,8.228618,3.1980073,3
193504298771406,6252849498,4.039384,8.228917,3.1806595,3
193504301271406,6255349498,4.0405803,8.239685,3.1797621,3
193504303771406,6257849498,4.0417767,8.254341,3.1597223,3
193504306271406,6260349498,4.0381875,8.256434,3.1426735,3
193504308771406,6262849498,4.0348973,8.259127,3.1537402,3
193504311271406,6265349498,4.0295134,8.276474,3.1519456,3
193504313771406,6267849498,4.005884,8.285447,3.1256247,3
193504316271406,6270349498,4.009773,8.30459,3.1073792,3
193504318771406,6272849498,4.004688,8.317152,3.1097722,3
193504321271406,6275349498,3.9894335,8.341978,3.117848,3
193504323771406,6277849498,3.976273,8.350054,3.1040893,3
193504326271406,6280349498,3.9747775,8.3530445,3.0924242,3
193504328771406,6282849498,3.9717865,8.373981,3.1004999,3
193504331271406,6285349498,3.9741793,8.378768,3.106482,3
193504333771406,6287849498,3.9535413,8.393125,3.0996027,3
193504336271406,6290349498,3.9514475,8.405686,3.0876386,3
193504338771406,6292849498,3.949952,8.415557,3.1076784,3
193504341271406,6295349498,3.9257247,8.430812,3.0909286,3
193504343771406,6297849498,3.9338005,8.429914,3.0993035,3
193504346271406,6300349498,3.9340994,8.438588,3.0993035,3
193504348771406,6302849498,3.9421754,8.440681,3.0915267,3
193504351271406,6305349498,3.9478583,8.448758,3.0789645,3
193504353771406,6307849498,3.9508493,8.459825,3.0759735,3
193504356271406,6310349498,3.946662,8.4604225,3.077469,3
193504358771406,6312849498,3.9514475,8.46461,3.0990045,3
193504361271406,6315349498,3.97059,8.448159,3.089134,3
193504363771406,6317849498,3.9756749,8.444869,3.0897322,3
193504366271406,6320349498,3.9855452,8.434102,3.0765717,3
193504368771406,6322849498,3.9921255,8.427522,3.0885358,3
193504371271406,6325349498,3.9900317,8.4248295,3.088835,3
193504373771406,6327849498,3.9915273,8.408379,3.0852456,3
193504376271406,6330349498,3.9978085,8.395517,3.114857,3
193504378771406,6332849498,4.0094733,8.39133,3.1028929,3
193504381271406,6335349498,4.010969,8.375776,3.1073792,3
193504383771406,6337849498,4.019344,8.368897,3.1280174,3
193504386271406,6340349498,4.0100718,8.363513,3.1334012,3
193504388771406,6342849498,4.02054,8.355737,3.118147,3
193504391271406,6345349498,4.025027,8.369196,3.1256247,3
193504393771406,6347849498,4.0271206,8.366803,3.121437,3
193504396271406,6350349498,4.0274196,8.362915,3.0993035,3
193504398771406,6352849498,4.034598,8.354839,3.1004999,3
193504401271406,6355349498,4.043272,8.353344,3.1112676,3
193504403771406,6357849498,4.0447674,8.33151,3.1040893,3
193504406271406,6360349498,4.0555353,8.310273,3.083451,3
193504408771406,6362849498,4.0642095,8.3015995,3.0987053,3
193504411271406,6365349498,4.0698924,8.289934,3.094518,3
193504413771406,6367849498,4.068995,8.266903,3.10379,3
193504416271406,6370349498,4.066602,8.251649,3.1025937,3
193504418771406,6372849498,4.0615172,8.244171,3.114857,3
193504421271406,6375349498,4.0734816,8.22802,3.1208389,3
193504423771406,6377849498,4.072883,8.222935,3.1073792,3
193504426271406,6380349498,4.074977,8.209774,3.1334012,3
193504428771406,6382849498,4.0719857,8.21127,3.1256247,3
193504431271406,6385349498,4.065705,8.206485,3.1468608,3
193504433771406,6387849498,4.0624146,8.2049885,3.1671999,3
193504436271406,6390349498,4.078566,8.204091,3.1740792,3
193504438771406,6392849498,4.0848475,8.199605,3.1782668,3
193504441271406,6395349498,4.0764723,8.195119,3.1722846,3
193504443771406,6397849498,4.0818563,8.196913,3.1603205,3
193504446271406,6400349498,4.074977,8.192725,3.155834,3
193504448771406,6402849498,4.0764723,8.202297,3.1639097,3
193504451271406,6405349498,4.0734816,8.210073,3.1486554,3
193504453771406,6407849498,4.0707893,8.207083,3.1378877,3
193504456271406,6410349498,4.0558343,8.221439,3.1396823,3
193504458771406,6412849498,4.0420756,8.236095,3.1274192,3
193504461271406,6415349498,4.022634,8.236095,3.1337004,3
193504463771406,6417849498,4.0145583,8.236395,3.1223345,3
193504466271406,6420349498,4.0073795,8.248059,3.1199417,3
193504468771406,6422849498,3.9948175,8.268698,3.121437,3
193504471271406,6425349498,3.9984066,8.266604,3.109473,3
193504473771406,6427849498,3.9954157,8.265707,3.161218,3
193504476271406,6430349498,4.0088754,8.275578,3.1459637,3
193504478771406,6432849498,4.0217366,8.267501,3.167798,3
193504481271406,6435349498,4.031607,8.268997,3.17049,3
193504483771406,6437849498,4.0274196,8.274381,3.1803603,3
193504486271406,6440349498,4.039982,8.271988,3.162115,3
193504488771406,6442849498,4.0420756,8.264212,3.138187,3
193504491271406,6445349498,4.052245,8.275876,3.150151,3
193504493771406,6447849498,4.0570307,8.278269,3.138486,3
193504496271406,6450349498,4.052544,8.28784,3.1280174,3
193504498771406,6452849498,4.0357943,8.289635,3.1226335,3
193504501271406,6455349498,4.031906,8.289934,3.1133614,3
193504503771406,6457849498,4.025326,8.315358,3.12054,3
193504506271406,6460349498,4.0202413,8.315059,3.1058838,3
193504508771406,6462849498,4.022933,8.32134,3.1229327,3
193504511271406,6465349498,4.0217366,8.328518,3.1342986,3
193504513771406,6467849498,4.013362,8.339585,3.1369905,3
193504516271406,6470349498,4.01725,8.344071,3.1609187,3
193504518771406,6472849498,4.026223,8.347362,3.1833515,3
193504521271406,6475349498,4.032205,8.334201,3.161517,3
193504523771406,6477849498,4.033701,8.355437,3.1573296,3
193504526271406,6480349498,4.036991,8.354241,3.152843,3
193504528771406,6482849498,4.0334015,8.358429,3.1603205,3
193504531271406,6485349498,4.0408792,8.353344,3.1522448,3
193504533771406,6487849498,4.051946,8.343473,3.1432717,3
193504536271406,6490349498,4.0354953,8.344969,3.14716,3
193504538771406,6492849498,4.037589,8.33121,3.1468608,3
193504541271406,6495349498,4.0417767,8.329415,3.1435707,3
193504543771406,6497849498,4.0408792,8.321041,3.141178,3
193504546271406,6500349498,4.0298123,8.319545,3.1313076,3
193504548771406,6502849498,4.017549,8.330612,3.1510484,3
193504551271406,6505349498,4.017549,8.335697,3.159423,3
193504553771406,6507849498,4.0127635,8.327322,3.1477582,3
193504556271406,6510349498,4.005585,8.353942,3.1645079,3
193504558771406,6512849498,4.008576,8.342277,3.1654053,3
193504561271406,6515349498,4.0106697,8.341679,3.1519456,3
193504563771406,6517849498,4.009773,8.335098,3.1477582,3
193504566271406,6520349498,4.0151563,8.337193,3.1540394,3
193504568771406,6522849498,4.0178485,8.33121,3.1498518,3
193504571271406,6525349498,4.045067,8.327322,3.1546376,3
193504573771406,6527849498,4.0552363,8.316554,3.152843,3
193504576271406,6530349498,4.066901,8.298309,3.1504502,3
193504578771406,6532849498,4.0707893,8.285747,3.1657043,3
193504581271406,6535349498,4.078267,8.284251,3.1582267,3
193504583771406,6537849498,4.099204,8.270493,3.1755748,3
193504586271406,6540349498,4.1204405,8.280662,3.173481,3
193504588771406,6542849498,4.1084766,8.280363,3.1746774,3
193504591271406,6545349498,4.106383,8.2710905,3.1654053,3
193504593771406,6547849498,4.1051865,8.273483,3.1603205,3
193504596271406,6550349498,4.0962133,8.2681,3.1567314,3
193504598771406,6552849498,4.0824547,8.262417,3.1564322,3
193504601271406,6555349498,4.0731826,8.261519,3.1244283,3
193504603771406,6557849498,4.048656,8.259127,3.118147,3
193504606271406,6560349498,4.0480576,8.256734,3.1166515,3
193504608771406,6562849498,4.03729,8.257631,3.1103704,3
193504611271406,6565349498,4.0151563,8.277073,3.109174,3
193504613771406,6567849498,4.0094733,8.290234,3.0951161,3
193504616271406,6570349498,4.0040894,8.290532,3.1043882,3
193504618771406,6572849498,4.002295,8.3123665,3.1160533,3
193504621271406,6575349498,4.025027,8.325827,3.115156,3
193504623771406,6577849498,4.0187454,8.327023,3.1175487,3
193504626271406,6580349498,4.022634,8.333304,3.118446,3
193504628771406,6582849498,4.025027,8.341081,3.1100712,3
193504631271406,6585349498,4.046861,8.34138,3.086143,3
193504633771406,6587849498,4.0561333,8.349754,3.0894332,3
193504636271406,6590349498,4.0531425,8.350951,3.071487,3
193504638771406,6592849498,4.0495534,8.357232,3.0900314,3
193504641271406,6595349498,4.0513477,8.356335,3.0696924,3
193504643771406,6597849498,4.0624146,8.357532,3.0670004,3
193504646271406,6600349498,4.0758743,8.371888,3.071188,3
193504648771406,6602849498,4.086343,8.363513,3.060121,3
193504651271406,6605349498,4.0884366,8.362018,3.0756743,3
193504653771406,6607849498,4.1126637,8.358727,3.076871,3
193504656271406,6610349498,4.1141596,8.353942,3.056831,3
193504658771406,6612849498,4.1087756,8.354839,3.060121,3
193504661271406,6615349498,4.1174498,8.34796,3.0502508,3
193504663771406,6617849498,4.1168513,8.3428755,3.03709,3
193504666271406,6620349498,4.1183467,8.340483,3.0326035,3
193504668771406,6622849498,4.124927,8.329715,3.0239296,3
193504671271406,6625349498,4.1201415,8.326724,3.0161529,3
193504673771406,6627849498,4.119543,8.337491,3.0086753,3
193504676271406,6630349498,4.112365,8.337491,3.0089746,3
193504678771406,6632849498,4.100999,8.338688,3.011068,3
193504681271406,6635349498,4.1033916,8.340183,3.01047,3
193504683771406,6637849498,4.087838,8.340781,3.0155547,3
193504686271406,6640349498,4.0968113,8.349156,3.0113673,3
193504688771406,6642849498,4.0818563,8.356634,3.0020952,3
193504691271406,6645349498,4.083651,8.359625,3.004787,3
193504693771406,6647849498,4.074678,8.351849,3.0155547,3
193504696271406,6650349498,4.086642,8.345866,3.010171,3
193504698771406,6652849498,4.0827537,8.340781,2.999104,3
193504701271406,6655349498,4.106682,8.3345,3.0000014,3
193504703771406,6657849498,4.1007,8.324331,3.001796,3
193504706271406,6660349498,4.12732,8.308778,2.9835508,3
193504708771406,6662849498,4.1312084,8.285149,2.9892337,3
193504711271406,6665349498,4.1461635,8.27468,2.9853454,3
193504713771406,6667849498,4.170989,8.273483,2.9820552,3
193504716271406,6670349498,4.159324,8.258529,2.9566314,3
193504718771406,6672849498,4.159922,8.241479,2.9653056,3
193504721271406,6675349498,4.1437707,8.228917,2.9416764,3
193504723771406,6677849498,4.1410785,8.232805,2.9545379,3
193504726271406,6680349498,4.1288157,8.236693,2.951846,3
193504728771406,6682849498,4.1231327,8.249256,2.9778678,3
193504731271406,6685349498,4.1093736,8.254341,2.9916265,3
193504733771406,6687849498,4.0902314,8.266903,2.9982069,3
193504736271406,6690349498,4.0797625,8.277671,3.0257242,3
193504738771406,6692849498,4.08066,8.294122,3.022434,3
193504741271406,6695349498,4.0642095,8.303992,3.0376883,3
193504743771406,6697849498,4.0615172,8.309974,3.0182467,3
193504746271406,6700349498,4.054937,8.315956,3.027818,3
193504748771406,6702849498,4.0564327,8.307282,3.0185459,3
193504751271406,6705349498,4.063312,8.311769,3.0284162,3
193504753771406,6707849498,4.067499,8.307581,3.027818,3
193504756271406,6710349498,4.0788655,8.297412,3.0382864,3
193504758771406,6712849498,4.085745,8.2965145,3.015854,3
193504761271406,6715349498,4.089334,8.3013,3.007479,3
193504763771406,6717849498,4.089633,8.283653,3.0293136,3
193504766271406,6720349498,4.08395,8.273483,3.0293136,3
193504768771406,6722849498,4.093222,8.27139,3.0257242,3
193504771271406,6725349498,4.0887356,8.272586,3.0338001,3
193504773771406,6727849498,4.0815573,8.272287,3.0349965,3
193504776271406,6730349498,4.0758743,8.262715,3.0352955,3
193504778771406,6732849498,4.0624146,8.272287,3.0586255,3
193504781271406,6735349498,4.0537405,8.254939,3.065804,3
193504783771406,6737849498,4.048955,8.2660055,3.0643084,3
193504786271406,6740349498,4.0214376,8.278568,3.0604203,3
193504788771406,6742849498,3.9900317,8.290234,3.057429,3
193504791271406,6745349498,3.9637108,8.300702,3.0499516,3
193504793771406,6747849498,3.9481573,8.314461,3.0550363,3
193504796271406,6750349498,3.9553359,8.335098,3.05384,3
193504798771406,6752849498,3.9538403,8.340483,3.048456,3
193504801271406,6755349498,3.961617,8.339286,3.0604203,3
193504803771406,6757849498,3.9774694,8.347362,3.0586255,3
193504806271406,6760349498,3.9897327,8.356335,3.05713,3
193504808771406,6762849498,4.005884,8.370393,3.068795,3
193504811271406,6765349498,4.0214376,8.363513,3.0729825,3
193504813771406,6767849498,4.019045,8.368598,3.086442,3
193504816271406,6770349498,4.039384,8.356634,3.0696924,3
193504818771406,6772849498,4.0534415,8.350652,3.071188,3
193504821271406,6775349498,4.063312,8.340483,3.065804,3
193504823771406,6777849498,4.065705,8.327023,3.0634112,3
193504826271406,6780349498,4.061816,8.325228,3.0747771,3
193504828771406,6782849498,4.0797625,8.309675,3.0592237,3
193504831271406,6785349498,4.0824547,8.299505,3.0858438,3
193504833771406,6787849498,4.0824547,8.277371,3.1079776,3
193504836271406,6790349498,4.080361,8.270791,3.109174,3
193504838771406,6792849498,4.0677986,8.279166,3.1265218,3
193504841271406,6795349498,4.0609193,8.270493,3.1435707,3
193504843771406,6797849498,4.045964,8.257631,3.1339993,3
193504846271406,6800349498,4.0444684,8.251948,3.139084,3
193504848771406,6802849498,4.045665,8.248059,3.1597223,3
193504851271406,6805349498,4.037589,8.243274,3.1546376,3
193504853771406,6807849498,4.0310087,8.247163,3.1543384,3
193504856271406,6810349498,4.0274196,8.244769,3.1624143,3
193504858771406,6812849498,4.01725,8.250452,3.1725838,3
193504861271406,6815349498,4.031906,8.251948,3.1782668,3
193504863771406,6817849498,4.026522,8.265108,3.1456645,3
193504866271406,6820349498,4.033701,8.264212,3.1683962,3
193504868771406,6822849498,4.030411,8.284251,3.1725838,3
193504871271406,6825349498,4.042674,8.286943,3.1627133,3
193504873771406,6827849498,4.039384,8.289635,3.153142,3
193504876271406,6830349498,4.0307097,8.290234,3.1540394,3
193504878771406,6832849498,4.032205,8.300103,3.1274192,3
193504881271406,6835349498,4.0307097,8.302197,3.1169505,3
193504883771406,6837849498,4.030411,8.307581,3.112165,3
193504886271406,6840349498,4.036991,8.317751,3.121138,3
193504888771406,6842849498,4.0298123,8.339884,3.1118658,3
193504891271406,6845349498,4.0354953,8.346166,3.0963125,3
193504893771406,6847849498,4.0301113,8.338388,3.0969107,3
193504896271406,6850349498,4.037888,8.359924,3.1127632,3
193504898771406,6852849498,4.0363927,8.367701,3.10379,3
193504901271406,6855349498,4.0564327,8.381161,3.100201,3
193504903771406,6857849498,4.066602,8.385348,3.1055846,3
193504906271406,6860349498,4.0716867,8.402696,3.1046875,3
193504908771406,6862849498,4.0704904,8.392527,3.095415,3
193504911271406,6865349498,4.072584,8.407481,3.0996027,3
193504913771406,6867849498,4.065705,8.40449,3.100799,3
193504916271406,6870349498,4.06391,8.392227,3.08046,3
193504918771406,6872849498,4.063312,8.393125,3.0502508,3
193504921271406,6875349498,4.057629,8.394022,3.05384,3
193504923771406,6877849498,4.037888,8.393125,3.0442686,3
193504926271406,6880349498,4.0298123,8.395517,3.0490541,3
193504928771406,6882849498,4.0103707,8.407481,3.0230322,3
193504931271406,6885349498,4.001996,8.405986,3.0430722,3
193504933771406,6887849498,3.979264,8.414361,3.0439694,3
193504936271406,6890349498,3.9514475,8.430512,3.0346973,3
193504938771406,6892849498,3.9370906,8.433205,3.0275187,3
193504941271406,6895349498,3.9278183,8.446963,3.0338001,3
193504943771406,6897849498,3.9188452,8.453244,3.0254252,3
193504946271406,6900349498,3.9074793,8.458329,3.0320053,3
193504948771406,6902849498,3.9176488,8.4679,3.039483,3
193504951271406,6905349498,3.9397824,8.466105,3.0457642,3
193504953771406,6907849498,3.9556348,8.45773,3.0290143,3
193504956271406,6910349498,3.961617,8.458927,3.0140593,3
193504958771406,6912849498,3.9628134,8.45773,3.0320053,3
193504961271406,6915349498,3.978965,8.459227,3.0170503,3
193504963771406,6917849498,3.9864426,8.438588,3.007479,3
193504966271406,6920349498,3.9741793,8.438588,2.9913275,3
193504968771406,6922849498,3.976273,8.435896,2.9820552,3
193504971271406,6925349498,3.9783669,8.426624,2.973082,3
193504973771406,6927849498,3.9750767,8.420044,2.9506495,3
193504976271406,6930349498,3.9828532,8.409874,2.9832516,3
193504978771406,6932849498,3.9951165,8.407183,2.9997022,3
193504981271406,6935349498,3.9942193,8.391629,2.9940193,3
193504983771406,6937849498,3.999304,8.381161,2.9952157,3
193504986271406,6940349498,4.01725,8.37458,2.9997022,3
193504988771406,6942849498,4.026223,8.375478,3.0011978,3
193504991271406,6945349498,4.0438704,8.359924,2.98714,3
193504993771406,6947849498,4.0348973,8.353344,2.9802606,3
193504996271406,6950349498,4.036991,8.336594,2.984448,3
193504998771406,6952849498,4.0328035,8.322536,2.9760733,3
193505001271406,6955349498,4.0405803,8.326724,2.9596226,3
193505003771406,6957849498,4.0417767,8.314161,2.9539394,3
193505006271406,6960349498,4.03729,8.320442,2.9706893,3
193505008771406,6962849498,4.0357943,8.335398,2.964109,3
193505011271406,6965349498,4.0537405,8.333304,2.9772696,3
193505013771406,6967849498,4.0537405,8.349156,2.9766715,3
193505016271406,6970349498,4.052544,8.338987,2.9943185,3
193505018771406,6972849498,4.0498524,8.342277,2.9982069,3
193505021271406,6975349498,4.0570307,8.333603,2.9910283,3
193505023771406,6977849498,4.0704904,8.347362,2.9751759,3
193505026271406,6980349498,4.0920258,8.352746,2.9691937,3
193505028771406,6982849498,4.0776687,8.355737,2.9458637,3
193505031271406,6985349498,4.0767717,8.351849,2.9563324,3
193505033771406,6987849498,4.0824547,8.353942,2.9671001,3
193505036271406,6990349498,4.0908294,8.356036,2.964109,3
193505038771406,6992849498,4.1030927,8.365906,2.9545379,3
193505041271406,6995349498,4.1090746,8.358429,2.9515467,3
193505043771406,6997849498,4.1084766,8.373683,2.9545379,3
193505046271406,7000349498,4.1018963,8.359027,2.949453,3
193505048771406,7002849498,4.10399,8.35125,2.9566314,3
193505051271406,7005349498,4.0902314,8.354241,2.9413772,3
193505053771406,7007849498,4.0890346,8.359027,2.9605198,3
193505056271406,7010349498,4.080361,8.366803,2.9536405,3
193505058771406,7012849498,4.065406,8.355139,2.9614172,3
193505061271406,7015349498,4.0627136,8.359326,2.961118,3
193505063771406,7017849498,4.0567317,8.35783,2.9563324,3
193505066271406,7020349498,4.0471606,8.3632145,2.9557343,3
193505068771406,7022849498,4.0423746,8.359027,2.9763722,3
193505071271406,7025349498,4.0220356,8.368,2.9626136,3
193505073771406,7027849498,4.0301113,8.350652,2.9769704,3
193505076271406,7030349498,4.0301113,8.355737,2.9715867,3
193505078771406,7032849498,4.0298123,8.348259,2.9766715,3
193505081271406,7035349498,4.046861,8.351549,2.99043,3
193505083771406,7037849498,4.0531425,8.345866,2.992524,3
193505086271406,7040349498,4.065705,8.336594,3.0122645,3
193505088771406,7042849498,4.072883,8.347661,3.0038898,3
193505091271406,7045349498,4.069294,8.331808,3.0152557,3
193505093771406,7047849498,4.1018963,8.346464,3.0003004,3
193505096271406,7050349498,4.093521,8.333902,3.0068808,3
193505098771406,7052849498,4.1027937,8.325527,3.0152557,3
193505101271406,7055349498,4.1165524,8.318349,3.0236306,3
193505103771406,7057849498,4.1204405,8.331808,3.0077782,3
193505106271406,7060349498,4.119543,8.328219,3.004488,3
193505108771406,7062849498,4.104289,8.324929,2.9838498,3
193505111271406,7065349498,4.1072803,8.330313,2.9856443,3
193505113771406,7067849498,4.080361,8.339585,2.970091,3
193505116271406,7070349498,4.068995,8.343773,2.9593234,3
193505118771406,7072849498,4.046562,8.338987,2.9569306,3
193505121271406,7075349498,4.0561333,8.357232,2.9653056,3
193505123771406,7077849498,4.040281,8.383254,2.9647074,3
193505126271406,7080349498,4.019344,8.382058,2.9685955,3
193505128771406,7082849498,4.02054,8.386844,2.972783,3
193505131271406,7085349498,4.013661,8.386544,2.9688947,3
193505133771406,7087849498,4.014259,8.400003,2.9772696,3
193505136271406,7090349498,4.0154557,8.413763,2.966502,3
193505138771406,7092849498,4.0013976,8.422736,2.972185,3
193505141271406,7095349498,4.0034914,8.435896,2.9715867,3
193505143771406,7097849498,4.0070806,8.437093,2.9799614,3
193505146271406,7100349498,4.0091743,8.432905,2.970091,3
193505148771406,7102849498,4.0091743,8.415557,2.9676983,3
193505151271406,7105349498,4.0187454,8.399107,2.96381,3
193505153771406,7107849498,4.0298123,8.390732,2.9605198,3
193505156271406,7110349498,4.036991,8.37129,2.978466,3
193505158771406,7112849498,4.0414777,8.364112,2.9997022,3
193505161271406,7115349498,4.0480576,8.342576,3.0056844,3
193505163771406,7117849498,4.042674,8.335398,3.0152557,3
193505166271406,7120349498,4.049254,8.310572,3.0343983,3
193505168771406,7122849498,4.080062,8.284551,3.05713,3
193505171271406,7125349498,4.0737805,8.280961,3.068496,3
193505173771406,7127849498,4.080959,8.249256,3.0756743,3
193505176271406,7130349498,4.08066,8.241778,3.0885358,3
193505178771406,7132849498,4.085745,8.225627,3.0972097,3
193505181271406,7135349498,4.071089,8.215458,3.1043882,3
193505183771406,7137849498,4.0516467,8.218449,3.12054,3
193505186271406,7140349498,4.072883,8.223234,3.1088748,3
193505188771406,7142849498,4.06391,8.213364,3.1022944,3
193505191271406,7145349498,4.054638,8.227122,3.0762727,3
193505193771406,7147849498,4.05733,8.233703,3.077469,3
193505196271406,7150349498,4.046861,8.231908,3.0825539,3
193505198771406,7152849498,4.05404,8.244471,3.1046875,3
193505201271406,7155349498,4.067499,8.258529,3.117848,3
193505203771406,7157849498,4.0672,8.257032,3.0969107,3
193505206271406,7160349498,4.086044,8.259725,3.0984063,3
193505208771406,7162849498,4.095316,8.261519,3.114857,3
193505211271406,7165349498,4.095017,8.259127,3.1106694,3
193505213771406,7167849498,4.0971107,8.253444,3.1166515,3
193505216271406,7170349498,4.087539,8.260024,3.1193435,3
193505218771406,7172849498,4.115954,8.247163,3.1088748,3
193505221271406,7175349498,4.100401,8.269595,3.129812,3
193505223771406,7177849498,4.109972,8.260024,3.124129,3
193505226271406,7180349498,4.1207395,8.253444,3.1199417,3
193505228771406,7182849498,4.1231327,8.243573,3.1127632,3
193505231271406,7185349498,4.1231327,8.252846,3.0942187,3
193505233771406,7187849498,4.1497526,8.26122,3.1052856,3
193505236271406,7190349498,4.144967,8.267202,3.0921252,3
193505238771406,7192849498,4.1500516,8.277671,3.0915267,3
193505241271406,7195349498,4.1500516,8.288737,3.0933216,3
193505243771406,7197849498,4.144668,8.30788,3.086143,3
193505246271406,7200349498,4.1422753,8.323134,3.0867412,3
193505248771406,7202849498,4.134199,8.342277,3.0894332,3
193505251271406,7205349498,4.144668,8.350054,3.0753753,3
193505253771406,7207849498,4.139284,8.357532,3.07717,3
193505256271406,7210349498,4.135994,8.372486,3.0723844,3
193505258771406,7212849498,4.1297126,8.379665,3.0640094,3
193505261271406,7215349498,4.1147575,8.391928,3.0562327,3
193505263771406,7217849498,4.1222353,8.382656,3.050849,3
193505266271406,7220349498,4.118945,8.385348,3.033501,3
193505268771406,7222849498,4.106682,8.385049,3.013162,3
193505271271406,7225349498,4.112963,8.37458,3.0179477,3
193505273771406,7227849498,4.1165524,8.377272,3.0382864,3
193505276271406,7230349498,4.113561,8.370991,3.0400813,3
193505278771406,7232849498,4.1084766,8.362915,3.0418758,3
193505281271406,7235349498,4.1144586,8.345866,3.0457642,3
193505283771406,7237849498,4.099204,8.340483,3.0514472,3
193505286271406,7240349498,4.092923,8.327023,3.0433712,3
193505288771406,7242849498,4.085745,8.314461,3.0634112,3
193505291271406,7245349498,4.08395,8.295617,3.054438,3
193505293771406,7247849498,4.066901,8.286943,3.039782,3
193505296271406,7250349498,4.049254,8.276773,3.027818,3
193505298771406,7252849498,4.037888,8.282456,3.036193,3
193505301271406,7255349498,4.01725,8.289635,3.025126,3
193505303771406,7257849498,4.005585,8.280363,3.0287154,3
193505306271406,7260349498,3.9963129,8.279466,3.0433712,3
193505308771406,7262849498,4.0016966,8.2914295,3.056831,3
193505311271406,7265349498,4.0007997,8.295318,3.060121,3
193505313771406,7267849498,4.0007997,8.3015995,3.0382864,3
193505316271406,7270349498,4.008277,8.309376,3.05384,3
193505318771406,7272849498,4.024728,8.318049,3.0352955,3
193505321271406,7275349498,4.0220356,8.299206,3.0469606,3
193505323771406,7277849498,4.028018,8.300702,3.0415766,3
193505326271406,7280349498,4.0474596,8.307581,3.0406795,3
193505328771406,7282849498,4.051946,8.301898,3.0203404,3
193505331271406,7285349498,4.0624146,8.302197,3.022434,3
193505333771406,7287849498,4.0609193,8.30788,2.9859436,3
193505336271406,7290349498,4.060321,8.315657,2.9985058,3
193505338771406,7292849498,4.0704904,8.30459,2.9874392,3
193505341271406,7295349498,4.0869412,8.311171,2.98714,3
193505343771406,7297849498,4.0911283,8.315059,2.9943185,3
193505346271406,7300349498,4.10399,8.287541,2.9820552,3
193505348771406,7302849498,4.099204,8.290234,2.9892337,3
193505351271406,7305349498,4.089633,8.280064,2.984448,3
193505353771406,7307849498,4.086642,8.297112,2.9943185,3
193505356271406,7310349498,4.0788655,8.285447,2.9745777,3
193505358771406,7312849498,4.0731826,8.292925,2.964109,3
193505361271406,7315349498,4.057629,8.3123665,2.9826534,3
193505363771406,7317849498,4.0471606,8.305488,2.9712875,3
193505366271406,7320349498,4.025027,8.319246,2.9853454,3
193505368771406,7322849498,4.023232,8.325827,2.9769704,3
193505371271406,7325349498,4.020839,8.340483,2.99043,3
193505373771406,7327849498,4.028915,8.347063,2.99043,3
193505376271406,7330349498,4.025625,8.357532,2.996113,3
193505378771406,7332849498,4.016652,8.365906,2.9838498,3
193505381271406,7335349498,4.0181475,8.378768,2.9940193,3
193505383771406,7337849498,4.040281,8.382656,2.996113,3
193505386271406,7340349498,4.045665,8.39821,2.984448,3
193505388771406,7342849498,4.0513477,8.392825,2.981457,3
193505391271406,7345349498,4.0627136,8.394919,2.975475,3
193505393771406,7347849498,4.0755754,8.394919,2.969792,3
193505396271406,7350349498,4.0776687,8.391031,2.9656045,3
193505398771406,7352849498,4.0797625,8.407183,2.9303105,3
193505401271406,7355349498,4.0776687,8.407481,2.9425735,3
193505403771406,7357849498,4.0758743,8.417651,2.9533412,3
193505406271406,7360349498,4.0794635,8.420642,2.9416764,3
193505408771406,7362849498,4.0797625,8.426325,2.928516,3
193505411271406,7365349498,4.08395,8.420941,2.9392836,3
193505413771406,7367849498,4.072584,8.43141,2.9485557,3
193505416271406,7370349498,4.0537405,8.421539,2.9437702,3
193505418771406,7372849498,4.063611,8.422437,2.9303105,3
193505421271406,7375349498,4.0609193,8.423334,2.9327033,3
193505423771406,7377849498,4.054339,8.415557,2.9449666,3
193505426271406,7380349498,4.071388,8.4146595,2.9653056,3
193505428771406,7382849498,4.082155,8.403593,2.9745777,3
193505431271406,7385349498,4.0845485,8.400003,3.0026934,3
193505433771406,7387849498,4.104588,8.391031,3.0173492,3
193505436271406,7390349498,4.110271,8.362616,3.0059834,3
193505438771406,7392849498,4.121338,8.345866,3.0113673,3
193505441271406,7395349498,4.1222353,8.335398,3.0343983,3
193505443771406,7397849498,4.124927,8.323134,3.0329027,3
193505446271406,7400349498,4.1183467,8.311769,3.027818,3
193505448771406,7402849498,4.1051865,8.302496,3.0364919,3
193505451271406,7405349498,4.1105704,8.285149,3.036193,3
193505453771406,7407849498,4.107579,8.2710905,3.0466614,3
193505456271406,7410349498,4.0974097,8.26451,3.0520453,3
193505458771406,7412849498,4.086343,8.255537,3.0837502,3
193505461271406,7415349498,4.080361,8.254341,3.094518,3
193505463771406,7417849498,4.0758743,8.247761,3.0855448,3
193505466271406,7420349498,4.08066,8.251349,3.0963125,3
193505468771406,7422849498,4.0773697,8.242376,3.1118658,3
193505471271406,7425349498,4.0815573,8.235796,3.109473,3
193505473771406,7427849498,4.0758743,8.228917,3.1025937,3
193505476271406,7430349498,4.0564327,8.225926,3.0996027,3
193505478771406,7432849498,4.072883,8.225627,3.1112676,3
193505481271406,7435349498,4.068995,8.218149,3.1061828,3
193505483771406,7437849498,4.061816,8.211868,3.0816565,3
193505486271406,7440349498,4.0645084,8.221141,3.0930223,3
193505488771406,7442849498,4.0731826,8.222636,3.0942187,3
193505491271406,7445349498,4.0794635,8.235497,3.086143,3
193505493771406,7447849498,4.0824547,8.242078,3.1052856,3
193505496271406,7450349498,4.086044,8.243873,3.1079776,3
193505498771406,7452849498,4.0764723,8.256734,3.0951161,3
193505501271406,7455349498,4.078267,8.271988,3.0873394,3
193505503771406,7457849498,4.0698924,8.281858,3.0798619,3
193505506271406,7460349498,4.0642095,8.272885,3.083451,3
193505508771406,7462849498,4.0510488,8.273483,3.0732815,3
193505511271406,7465349498,4.046263,8.285747,3.0753753,3
193505513771406,7467849498,4.024728,8.301898,3.07717,3
193505516271406,7470349498,4.0235314,8.318947,3.0927234,3
193505518771406,7472849498,4.025027,8.336893,3.1031919,3
193505521271406,7475349498,4.0235314,8.357232,3.1061828,3
193505523771406,7477849498,4.019045,8.372486,3.1208389,3
193505526271406,7480349498,4.0178485,8.385348,3.1322048,3
193505528771406,7482849498,4.0202413,8.385946,3.1100712,3
193505531271406,7485349498,4.019045,8.388937,3.097509,3
193505533771406,7487849498,4.0202413,8.400003,3.086442,3
193505536271406,7490349498,4.031607,8.405388,3.0672996,3
193505538771406,7492849498,4.031308,8.414361,3.0433712,3
193505541271406,7495349498,4.040281,8.410771,3.0475588,3
193505543771406,7497849498,4.0295134,8.426624,3.0349965,3
193505546271406,7500349498,4.011268,8.423035,3.0517461,3
193505548771406,7502849498,4.016951,8.430512,3.0466614,3
193505551271406,7505349498,4.019344,8.438289,3.0493534,3
193505553771406,7507849498,4.008576,8.435896,3.0418758,3
193505556271406,7510349498,4.007978,8.437093,3.0514472,3
193505558771406,7512849498,4.0016966,8.434102,3.0358937,3
193505561271406,7515349498,3.987639,8.426025,3.0559337,3
193505563771406,7517849498,3.9945183,8.418847,3.056831,3
193505566271406,7520349498,4.0010986,8.415258,3.0667014,3
193505568771406,7522849498,4.0124645,8.408379,3.0735807,3
193505571271406,7525349498,4.02054,8.408678,3.0813572,3
193505573771406,7527849498,4.0184464,8.4015,3.074179,3
193505576271406,7530349498,4.0130625,8.379066,3.0852456,3
193505578771406,7532849498,4.016652,8.383254,3.094518,3
193505581271406,7535349498,4.028915,8.354839,3.0930223,3
193505583771406,7537849498,4.0348973,8.340781,3.0897322,3
193505586271406,7540349498,4.030411,8.33121,3.1019955,3
193505588771406,7542849498,4.0417767,8.319246,3.1088748,3
193505591271406,7545349498,4.0441694,8.325527,3.0999017,3
193505593771406,7547849498,4.045067,8.317751,3.0927234,3
193505596271406,7550349498,4.0555353,8.307581,3.118446,3
193505598771406,7552849498,4.061816,8.317152,3.1253254,3
193505601271406,7555349498,4.066004,8.316554,3.132504,3
193505603771406,7557849498,4.0648074,8.320742,3.1286156,3
193505606271406,7560349498,4.065406,8.319844,3.1363924,3
193505608771406,7562849498,4.0848475,8.306684,3.12054,3
193505611271406,7565349498,4.080959,8.29472,3.1022944,3
193505613771406,7567849498,4.0791645,8.295917,3.1016963,3
193505616271406,7570349498,4.0920258,8.306983,3.1016963,3
193505618771406,7572849498,4.0890346,8.308778,3.1127632,3
193505621271406,7575349498,4.0854454,8.295617,3.1028929,3
193505623771406,7577849498,4.0962133,8.3015995,3.1016963,3
193505626271406,7580349498,4.124628,8.280961,3.101098,3
193505628771406,7582849498,4.115954,8.284251,3.0933216,3
193505631271406,7585349498,4.1168513,8.280961,3.0879376,3
193505633771406,7587849498,4.1183467,8.268398,3.0849466,3
193505636271406,7590349498,4.1288157,8.259425,3.0729825,3
193505638771406,7592849498,4.115954,8.23819,3.0723844,3
193505641271406,7595349498,4.106084,8.2304125,3.0652058,3
193505643771406,7597849498,4.0995035,8.223534,3.0403802,3
193505646271406,7600349498,4.1126637,8.212168,3.0323045,3
193505648771406,7602849498,4.119543,8.208878,3.0415766,3
193505651271406,7605349498,4.121637,8.208878,3.0499516,3
193505653771406,7607849498,4.118945,8.190034,3.0376883,3
193505656271406,7610349498,4.125226,8.180463,3.0460632,3
193505658771406,7612849498,4.1279182,8.192127,3.075076,3
193505661271406,7615349498,4.1500516,8.190931,3.068795,3
193505663771406,7617849498,4.156034,8.192427,3.060121,3
193505666271406,7620349498,4.162614,8.19811,3.0726833,3
193505668771406,7622849498,4.1760736,8.210671,3.0690942,3
193505671271406,7625349498,4.1844487,8.209774,3.0699914,3
193505673771406,7627849498,4.1760736,8.213663,3.0607193,3
193505676271406,7630349498,4.186243,8.207083,3.0475588,3
193505678771406,7632849498,4.1892343,8.207381,3.0323045,3
193505681271406,7635349498,4.1865425,8.21127,3.0266216,3
193505683771406,7637849498,4.182355,8.235497,3.0170503,3
193505686271406,7640349498,4.197609,8.248658,3.03709,3
193505688771406,7642849498,4.2000017,8.251948,3.0329027,3
193505691271406,7645349498,4.1922255,8.273184,3.019144,3
193505693771406,7647849498,4.1907296,8.273783,3.0323045,3
193505696271406,7650349498,4.191627,8.288737,3.0385857,3
193505698771406,7652849498,4.1901317,8.280662,3.016751,3
193505701271406,7655349498,4.197011,8.282157,3.004787,3
193505703771406,7657849498,4.1871405,8.289635,2.9976087,3
193505706271406,7660349498,4.185346,8.283653,3.0005996,3
193505708771406,7662849498,4.1784663,8.29442,2.975475,3
193505711271406,7665349498,4.1671004,8.288737,2.986841,3
193505713771406,7667849498,4.1557345,8.308179,2.9874392,3
193505716271406,7670349498,4.156333,8.311769,2.9724839,3
193505718771406,7672849498,4.1635113,8.325228,2.9691937,3
193505721271406,7675349498,4.156931,8.321639,2.9883363,3
193505723771406,7677849498,4.1557345,8.317751,2.993421,3
193505726271406,7680349498,4.167998,8.326125,3.0059834,3
193505728771406,7682849498,4.159324,8.324331,3.0026934,3
193505731271406,7685349498,4.1521454,8.3174515,3.0098717,3
193505733771406,7687849498,4.1404805,8.298608,3.0161529,3
193505736271406,7690349498,4.124628,8.296813,3.007479,3
193505738771406,7692849498,4.115655,8.292327,3.0086753,3
193505741271406,7695349498,4.1030927,8.283354,3.01376,3
193505743771406,7697849498,4.1001015,8.281559,3.013162,3
193505746271406,7700349498,4.0911283,8.298608,3.0143583,3
193505748771406,7702849498,4.0770707,8.306086,3.0311081,3
193505751271406,7705349498,4.069593,8.315059,3.0409784,3
193505753771406,7707849498,4.074977,8.325827,3.0373893,3
193505756271406,7710349498,4.045964,8.3377905,3.0287154,3
193505758771406,7712849498,4.039982,8.338388,3.033501,3
193505761271406,7715349498,4.0298123,8.350353,3.01376,3
193505763771406,7717849498,4.011866,8.357232,3.0026934,3
193505766271406,7720349498,4.0088754,8.360822,3.00718,3
193505768771406,7722849498,4.001996,8.37458,3.0083764,3
193505771271406,7725349498,4.002893,8.372188,3.0005996,3
193505773771406,7727849498,3.9852462,8.392527,2.9832516,3
193505776271406,7730349498,3.9867415,8.405986,2.9805596,3
193505778771406,7732849498,3.990331,8.408678,2.9820552,3
193505781271406,7735349498,3.9786658,8.420941,2.9835508,3
193505783771406,7737849498,3.9831524,8.416156,3.0080771,3
193505786271406,7740349498,3.9798622,8.398808,3.013162,3
193505788771406,7742849498,3.9804604,8.407781,3.0188448,3
193505791271406,7745349498,3.987938,8.407481,3.0176485,3
193505793771406,7747849498,3.9864426,8.397312,3.004488,3
193505796271406,7750349498,3.9864426,8.386245,3.007479,3
193505798771406,7752849498,3.9777687,8.382955,3.013461,3
193505801271406,7755349498,3.9894335,8.370991,2.9949167,3
193505803771406,7757849498,3.9918263,8.368598,3.010171,3
193505806271406,7760349498,3.9981074,8.35125,2.9973094,3
193505808771406,7762849498,4.0100718,8.339585,3.0125637,3
193505811271406,7765349498,4.0130625,8.332108,3.0155547,3
193505813771406,7767849498,4.0145583,8.3327055,3.0233314,3
193505816271406,7770349498,4.0235314,8.327023,3.0296125,3
193505818771406,7772849498,4.0298123,8.328518,3.048456,3
193505821271406,7775349498,4.042674,8.318648,3.048456,3
193505823771406,7777849498,4.0528436,8.317152,3.0667014,3
193505826271406,7780349498,4.0645084,8.315059,3.0813572,3
193505828771406,7782849498,4.071388,8.303992,3.0855448,3
193505831271406,7785349498,4.082155,8.305188,3.0720851,3
193505833771406,7787849498,4.08066,8.309076,3.0786655,3
193505836271406,7790349498,4.0854454,8.306983,3.089134,3
193505838771406,7792849498,4.0965123,8.306684,3.0708888,3
193505841271406,7795349498,4.0968113,8.3015995,3.056831,3
193505843771406,7797849498,4.1015973,8.311769,3.0610185,3
193505846271406,7800349498,4.1015973,8.303095,3.080759,3
193505848771406,7802849498,4.1036906,8.309376,3.0927234,3
193505851271406,7805349498,4.0971107,8.316554,3.094518,3
193505853771406,7807849498,4.0944185,8.319246,3.0963125,3
193505856271406,7810349498,4.1111684,8.32134,3.0897322,3
193505858771406,7812849498,4.106981,8.322536,3.0816565,3
193505861271406,7815349498,4.1180477,8.322536,3.0747771,3
193505863771406,7817849498,4.128516,8.32134,3.0672996,3
193505866271406,7820349498,4.145266,8.317152,3.080759,3
193505868771406,7822849498,4.1401815,8.323732,3.0613174,3
193505871271406,7825349498,4.145266,8.320442,3.0598218,3
193505873771406,7827849498,4.1461635,8.329415,3.0460632,3
193505876271406,7830349498,4.153043,8.330911,3.0478578,3
193505878771406,7832849498,4.1647077,8.330911,3.0622149,3
193505881271406,7835349498,4.1662035,8.329415,3.0705895,3
193505883771406,7837849498,4.1662035,8.34467,3.0822546,3
193505886271406,7840349498,4.1464624,8.341081,3.0753753,3
193505888771406,7842849498,4.138985,8.343473,3.076871,3
193505891271406,7845349498,4.126423,8.33809,3.0843484,3
193505893771406,7847849498,4.1054854,8.327023,3.095415,3
193505896271406,7850349498,4.0980077,8.329415,3.0870404,3
193505898771406,7852849498,4.0824547,8.312068,3.0720851,3
193505901271406,7855349498,4.0651064,8.32792,3.0720851,3
193505903771406,7857849498,4.048955,8.313264,3.1040893,3
193505906271406,7860349498,4.043272,8.3123665,3.1031919,3
193505908771406,7862849498,4.0298123,8.295019,3.1016963,3
193505911271406,7865349498,4.0307097,8.288737,3.1016963,3
193505913771406,7867849498,4.032205,8.286046,3.0939198,3
193505916271406,7870349498,4.0414777,8.269296,3.0969107,3
193505918771406,7872849498,4.034,8.260622,3.100799,3
193505921271406,7875349498,4.031308,8.2558365,3.0999017,3
193505923771406,7877849498,4.033701,8.251051,3.1136606,3
193505926271406,7880349498,4.0295134,8.242676,3.0972097,3
193505928771406,7882849498,4.025625,8.24118,3.1112676,3
193505931271406,7885349498,4.0271206,8.248658,3.10379,3
193505933771406,7887849498,4.022933,8.239685,3.1139596,3
193505936271406,7890349498,4.0298123,8.228618,3.1172497,3
193505938771406,7892849498,4.048955,8.226824,3.1229327,3
193505941271406,7895349498,4.0537405,8.24118,3.1459637,3
193505943771406,7897849498,4.066303,8.233703,3.1504502,3
193505946271406,7900349498,4.078267,8.234002,3.1345978,3
193505948771406,7902849498,4.0776687,8.246863,3.1372895,3
193505951271406,7905349498,4.085745,8.242078,3.126821,3
193505953771406,7907849498,4.0758743,8.247163,3.1190443,3
193505956271406,7910349498,4.072584,8.275578,3.1187453,3
193505958771406,7912849498,4.065705,8.29771,3.1076784,3
193505961271406,7915349498,4.071089,8.306385,3.098107,3
193505963771406,7917849498,4.0645084,8.317751,3.0885358,3
193505966271406,7920349498,4.0848475,8.328817,3.077768,3
193505968771406,7922849498,4.0833516,8.3327055,3.0696924,3
193505971271406,7925349498,4.080361,8.340483,3.0517461,3
193505973771406,7927849498,4.080062,8.348857,3.0670004,3
193505976271406,7930349498,4.075276,8.365308,3.074478,3
193505978771406,7932849498,4.0851464,8.376973,3.0637102,3
193505981271406,7935349498,4.068696,8.381161,3.0517461,3
193505983771406,7937849498,4.0716867,8.385647,3.0349965,3
193505986271406,7940349498,4.080062,8.399107,3.0430722,3
193505988771406,7942849498,4.0770707,8.389535,3.0535407,3
193505991271406,7945349498,4.0869412,8.381161,3.0382864,3
193505993771406,7947849498,4.10399,8.386544,3.039483,3
193505996271406,7950349498,4.1150565,8.365009,3.056831,3
193505998771406,7952849498,4.113561,8.359326,3.0349965,3
193506001271406,7955349498,4.1126637,8.350054,3.0376883,3
193506003771406,7957849498,4.126722,8.350054,3.0445678,3
193506006271406,7960349498,4.139882,8.340483,3.0586255,3
193506008771406,7962849498,4.1297126,8.326125,3.050849,3
193506011271406,7965349498,4.1315074,8.308179,3.0559337,3
193506013771406,7967849498,4.139583,8.300103,3.0376883,3
193506016271406,7970349498,4.128217,8.284551,3.054737,3
193506018771406,7972849498,4.1291146,8.2609215,3.0592237,3
193506021271406,7975349498,4.1288157,8.259127,3.05713,3
193506023771406,7977849498,4.132704,8.248059,3.075076,3
193506026271406,7980349498,4.12732,8.241778,3.0813572,3
193506028771406,7982849498,4.1126637,8.236095,3.0843484,3
193506031271406,7985349498,4.1111684,8.227122,3.0939198,3
193506033771406,7987849498,4.1054854,8.2049885,3.0783663,3
193506036271406,7990349498,4.0980077,8.196913,3.086143,3
193506038771406,7992849498,4.1087756,8.187342,3.0822546,3
193506041271406,7995349498,4.1150565,8.185846,3.0667014,3
193506043771406,7997849498,4.1084766,8.183454,3.0813572,3
193506046271406,8000349498,4.106383,8.175676,3.0921252,3
193506048771406,8002849498,4.0968113,8.190332,3.0849466,3
193506051271406,8005349498,4.115655,8.197212,3.1049864,3
193506053771406,8007849498,4.1144586,8.19781,3.1115668,3
193506056271406,8010349498,4.1162534,8.195417,3.1076784,3
193506058771406,8012849498,4.1177487,8.210073,3.083451,3
193506061271406,8015349498,4.126722,8.218149,3.1076784,3
193506063771406,8017849498,4.132704,8.235497,3.1130621,3
193506066271406,8020349498,4.1279182,8.245368,3.0990045,3
193506068771406,8022849498,4.121039,8.263912,3.094518,3
193506071271406,8025349498,4.119543,8.2761755,3.0786655,3
193506073771406,8027849498,4.121637,8.295917,3.0729825,3
193506076271406,8030349498,4.111767,8.309076,3.0616167,3
193506078771406,8032849498,4.106383,8.325827,3.0726833,3
193506081271406,8035349498,4.0923247,8.32792,3.0738797,3
193506083771406,8037849498,4.063611,8.342576,3.068795,3
193506086271406,8040349498,4.0716867,8.347661,3.088835,3
193506088771406,8042849498,4.0672,8.360522,3.095415,3
193506091271406,8045349498,4.0420756,8.365607,3.103491,3
193506093771406,8047849498,4.0238304,8.362317,3.1085758,3
193506096271406,8050349498,4.034,8.362616,3.12054,3
193506098771406,8052849498,4.0217366,8.369795,3.1160533,3
193506101271406,8055349498,4.013661,8.366205,3.1169505,3
193506103771406,8057849498,4.0181475,8.375178,3.0882368,3
193506106271406,8060349498,4.0331025,8.365308,3.112165,3
193506108771406,8062849498,4.0504503,8.34796,3.1755748,3
193506111271406,8065349498,4.0959144,8.33121,3.1947174,3
193506113771406,8067849498,4.104289,8.321639,3.1540394,3
193506116271406,8070349498,4.115954,8.304291,3.1546376,3
193506118771406,8072849498,4.1368914,8.302795,3.144767,3
193506121271406,8075349498,4.1312084,8.296813,3.1061828,3
193506123771406,8077849498,4.119543,8.284251,3.0963125,3
193506126271406,8080349498,4.1180477,8.300403,3.0819557,3
193506128771406,8082849498,4.118945,8.295318,3.1058838,3
193506131271406,8085349498,4.126423,8.300403,3.094518,3
193506133771406,8087849498,4.1234317,8.310871,3.1013973,3
193506136271406,8090349498,4.1204405,8.321639,3.1199417,3
193506138771406,8092849498,4.1168513,8.33809,3.1049864,3
193506141271406,8095349498,4.1027937,8.352447,3.1043882,3
193506143771406,8097849498,4.087539,8.378169,3.1253254,3
193506146271406,8100349498,4.0959144,8.387142,3.1426735,3
193506148771406,8102849498,4.093222,8.400303,3.1564322,3
193506151271406,8105349498,4.0974097,8.413464,3.144468,3
193506153771406,8107849498,4.087838,8.431708,3.114857,3
193506156271406,8110349498,4.0884366,8.434401,3.0939198,3
193506158771406,8112849498,4.1844487,8.422736,3.1115668,3
193506161271406,8115349498,4.0504503,8.462217,3.193521,3
193506163771406,8117849498,3.9538403,8.496315,3.1989048,3
193506166271406,8120349498,3.9843488,8.490632,3.1322048,3
193506168771406,8122849498,4.026522,8.4813595,3.0529425,3
193506171271406,8125349498,4.0441694,8.453544,3.0003004,3
193506173771406,8127849498,4.045067,8.445766,2.975475,3
193506176271406,8130349498,3.9834516,8.452945,2.9656045,3
193506178771406,8132849498,3.9583268,8.456534,2.9760733,3
193506181271406,8135349498,4.004688,8.459525,2.981457,3
193506183771406,8137849498,4.051946,8.441579,3.039782,3
193506186271406,8140349498,4.080361,8.433503,3.0876386,3
193506188771406,8142849498,4.083651,8.436793,3.106482,3
193506191271406,8145349498,4.0845485,8.438588,3.098107,3
193506193771406,8147849498,4.066602,8.429017,3.0867412,3
193506196271406,8150349498,4.0815573,8.420642,3.086442,3
193506198771406,8152849498,4.092624,8.3943205,3.1175487,3
193506201271406,8155349498,4.121637,8.3835535,3.1235309,3
193506203771406,8157849498,4.1784663,8.362616,3.124129,3
193506206271406,8160349498,4.226921,8.311469,3.0813572,3
193506208771406,8162849498,4.2777686,8.337491,3.0753753,3
193506211271406,8165349498,4.1339,8.352447,3.1163523,3
193506213771406,8167849498,4.1961136,8.232507,3.1348968,3
193506216271406,8170349498,4.0923247,8.20798,3.1337004,3
193506218771406,8172849498,4.052245,8.211868,3.071487,3
193506221271406,8175349498,4.083651,8.2304125,2.9736803,3
193506223771406,8177849498,4.080959,8.254939,2.8842485,3
193506226271406,8180349498,4.0298123,8.226225,2.9102705,3
193506228771406,8182849498,4.025027,8.229217,3.0598218,3
193506231271406,8185349498,4.03729,8.202895,3.2359936,3
193506233771406,8187849498,4.091428,8.200802,3.286542,3
193506236271406,8190349498,4.093521,8.222037,3.219842,3
193506238771406,8192849498,4.065406,8.244471,3.1337004,3
193506241271406,8195349498,4.0516467,8.249556,3.1019955,3
193506243771406,8197849498,4.087838,8.236395,3.0837502,3
193506246271406,8200349498,4.156931,8.217551,3.0753753,3
193506248771406,8202849498,4.194917,8.185846,3.0915267,3
193506251271406,8205349498,4.1757746,8.184949,3.0927234,3
193506253771406,8207849498,4.1674,8.205886,3.0478578,3
193506256271406,8210349498,4.159623,8.222037,2.9742785,3
193506258771406,8212849498,4.1629133,8.221141,2.9105697,3
193506261271406,8215349498,4.153043,8.230712,2.8875387,3
193506263771406,8217849498,4.1608195,8.250452,2.9282167,3
193506266271406,8220349498,4.165605,8.259425,2.9500513,3
193506268771406,8222849498,4.1928234,8.285747,2.94048,3
193506271271406,8225349498,4.2296133,8.293224,2.946163,3
193506273771406,8227849498,4.249653,8.318648,2.9673991,3
193506276271406,8230349498,4.253242,8.324331,2.9760733,3
193506278771406,8232849498,4.263711,8.332108,2.94706,3
193506281271406,8235349498,4.2738805,8.336295,2.914757,3
193506283771406,8237849498,4.263711,8.33809,2.8848467,3
193506286271406,8240349498,4.2571306,8.333902,2.868396,3
193506288771406,8242849498,4.2592244,8.333005,2.8606195,3
193506291271406,8245349498,4.235894,8.330313,2.8818557,3
193506293771406,8247849498,4.234399,8.355437,2.8459635,3
193506296271406,8250349498,4.2221355,8.359027,2.8316064,3
193506298771406,8252849498,4.221238,8.348259,2.8411777,3
193506301271406,8255349498,4.2254257,8.330911,2.8636105,3
193506303771406,8257849498,4.206582,8.342576,2.9018958,3
193506306271406,8260349498,4.2044883,8.321639,2.9338996,3
193506308771406,8262849498,4.217948,8.319545,2.9566314,3
193506311271406,8265349498,4.1760736,8.320144,2.9419754,3
193506313771406,8267849498,4.156931,8.308478,2.9255247,3
193506316271406,8270349498,4.165904,8.293224,2.9102705,3
193506318771406,8272849498,4.1590247,8.278269,2.8983064,3
193506321271406,8275349498,4.1434717,8.260622,2.9135606,3
193506323771406,8277849498,4.134199,8.2346,2.946163,3
193506326271406,8280349498,4.154239,8.195417,2.9763722,3
193506328771406,8282849498,4.1515474,8.20469,2.9503503,3
193506331271406,8285349498,4.156034,8.201698,2.9362924,3
193506333771406,8287849498,4.1231327,8.209774,2.9222345,3
193506336271406,8290349498,4.0701914,8.225627,2.917449,3
193506338771406,8292849498,4.0444684,8.232805,2.8938198,3
193506341271406,8295349498,4.060022,8.230712,2.8660033,3
193506343771406,8297849498,4.0588255,8.227122,2.8576283,3
193506346271406,8300349498,4.059723,8.215756,2.8609185,3
193506348771406,8302849498,4.0423746,8.215756,2.8734808,3
193506351271406,8305349498,4.032205,8.230113,2.8537402,3
193506353771406,8307849498,4.042973,8.23101,2.8456643,3
193506356271406,8310349498,4.0558343,8.245069,2.8558338,3
193506358771406,8312849498,4.0815573,8.248359,2.8698916,3
193506361271406,8315349498,4.0642095,8.262715,2.9030921,3
193506363771406,8317849498,4.0480576,8.276773,2.8974092,3
193506366271406,8320349498,4.066901,8.271988,2.8603203,3
193506368771406,8322849498,4.0908294,8.267202,2.8205397,3
193506371271406,8325349498,4.0968113,8.263912,2.7909286,3
193506373771406,8327849498,4.0962133,8.26451,2.8145576,3
193506376271406,8330349498,4.0770707,8.269595,2.8145576,3
193506378771406,8332849498,4.08066,8.2678,2.821138,3
193506381271406,8335349498,4.1018963,8.262417,2.8262227,3
193506383771406,8337849498,4.1021953,8.265108,2.844169,3
193506386271406,8340349498,4.107878,8.281559,2.8570302,3
193506388771406,8342849498,4.0881376,8.290832,2.8642087,3
193506391271406,8345349498,4.095017,8.301898,2.8612177,3
193506393771406,8347849498,4.0683966,8.319246,2.8842485,3
193506396271406,8350349498,4.037589,8.341978,2.885146,3
193506398771406,8352849498,4.022634,8.3428755,2.8800611,3
193506401271406,8355349498,4.0384865,8.346464,2.8492537,3
193506403771406,8357849498,4.0701914,8.335697,2.8316064,3
193506406271406,8360349498,4.043571,8.353942,2.8256245,3
193506408771406,8362849498,4.0235314,8.363513,2.8229325,3
193506411271406,8365349498,4.0181475,8.370093,2.82712,3
193506413771406,8367849498,4.011268,8.388638,2.8348966,3
193506416271406,8370349498,4.019344,8.414361,2.8268209,3
193506418771406,8372849498,4.031607,8.42812,2.8307092,3
193506421271406,8375349498,4.039683,8.446963,2.838486,3
193506423771406,8377849498,4.0438704,8.463115,2.8674989,3
193506426271406,8380349498,4.0567317,8.464012,2.859124,3
193506428771406,8382849498,4.0645084,8.470293,2.8779674,3
193506431271406,8385349498,4.0716867,8.473583,2.8845477,3
193506433771406,8387849498,4.0773697,8.4682,2.8812575,3
193506436271406,8390349498,4.0776687,8.455338,2.850749,3
193506438771406,8392849498,4.0447674,8.466703,2.836093,3
193506441271406,8395349498,4.023232,8.47119,2.8761728,3
193506443771406,8397849498,3.999603,8.459825,2.923132,3
193506446271406,8400349498,3.9918263,8.464012,2.9545379,3
193506448771406,8402849498,3.9771702,8.46491,2.9428728,3
193506451271406,8405349498,3.9484565,8.475976,2.9455647,3
193506453771406,8407849498,3.932903,8.462517,2.9509485,3
193506456271406,8410349498,3.9158542,8.453544,2.9883363,3
193506458771406,8412849498,3.9128633,8.43141,3.0317063,3
193506461271406,8415349498,3.914957,8.423633,3.0640094,3
193506463771406,8417849498,3.9110687,8.413763,3.0729825,3
193506466271406,8420349498,3.918247,8.404191,3.056831,3
193506468771406,8422849498,3.9340994,8.402696,3.0610185,3
193506471271406,8425349498,3.926323,8.384749,3.0670004,3
193506473771406,8427849498,3.9335012,8.363812,3.077469,3
193506476271406,8430349498,3.9335012,8.356634,3.0873394,3
193506478771406,8432849498,3.9427736,8.350054,3.088835,3
193506481271406,8435349498,3.9511483,8.353643,3.0825539,3
193506483771406,8437849498,3.9622152,8.339585,3.0825539,3
193506486271406,8440349498,3.9780676,8.340183,3.0960133,3
193506488771406,8442849498,3.9900317,8.336893,3.086442,3
193506491271406,8445349498,4.004688,8.342277,3.0903304,3
193506493771406,8447849498,4.0005,8.345268,3.0921252,3
193506496271406,8450349498,4.011268,8.348558,3.0999017,3
193506498771406,8452849498,4.0121655,8.3581295,3.101098,3
193506501271406,8455349498,4.0106697,8.36441,3.094518,3
193506503771406,8457849498,4.022634,8.383254,3.1073792,3
193506506271406,8460349498,4.02054,8.384151,3.0885358,3
193506508771406,8462849498,4.0220356,8.394022,3.094817,3
193506511271406,8465349498,4.025326,8.39791,3.086442,3
193506513771406,8467849498,4.031906,8.39791,3.080759,3
193506516271406,8470349498,4.0235314,8.40449,3.0846474,3
193506518771406,8472849498,4.0363927,8.387142,3.0825539,3
193506521271406,8475349498,4.0292144,8.4038925,3.0852456,3
193506523771406,8477849498,4.0274196,8.405686,3.0816565,3
193506526271406,8480349498,4.0301113,8.405388,3.0490541,3
193506528771406,8482849498,4.0354953,8.409276,3.0640094,3
193506531271406,8485349498,4.042973,8.409874,3.0625138,3
193506533771406,8487849498,4.048955,8.421839,3.039483,3
193506536271406,8490349498,4.0642095,8.407481,3.0675986,3
193506538771406,8492849498,4.078566,8.406883,3.0756743,3
193506541271406,8495349498,4.1015973,8.405088,3.0586255,3
193506543771406,8497849498,4.1105704,8.406584,3.0532417,3
193506546271406,8500349498,4.141677,8.392825,3.056831,3
193506548771406,8502849498,4.1694937,8.372786,3.0738797,3
193506551271406,8505349498,4.1841493,8.365906,3.0661032,3
193506553771406,8507849498,4.199105,8.356634,3.0675986,3
193506556271406,8510349498,4.200899,8.350054,3.0696924,3
193506558771406,8512849498,4.211667,8.332108,3.0690942,3
193506561271406,8515349498,4.237689,8.309974,3.060121,3
193506563771406,8517849498,4.2388854,8.299805,3.0403802,3
193506566271406,8520349498,4.2188454,8.285447,3.0442686,3
193506568771406,8522849498,4.2011986,8.267202,3.054737,3
193506571271406,8525349498,4.203292,8.255537,3.0520453,3
193506573771406,8527849498,4.182355,8.248359,3.042773,3
193506576271406,8530349498,4.1674,8.240881,3.0595229,3
193506578771406,8532849498,4.150949,8.242676,3.0472596,3
193506581271406,8535349498,4.1315074,8.233703,3.0442686,3
193506583771406,8537849498,4.107579,8.248059,3.0535407,3
193506586271406,8540349498,4.0944185,8.259127,3.0463624,3
193506588771406,8542849498,4.0962133,8.259127,3.0493534,3
193506591271406,8545349498,4.100401,8.261818,3.077469,3
193506593771406,8547849498,4.108177,8.267202,3.0849466,3
193506596271406,8550349498,4.119244,8.289037,3.0828528,3
193506598771406,8552849498,4.139882,8.283054,3.0681968,3
193506601271406,8555349498,4.1404805,8.296813,3.0672996,3
193506603771406,8557849498,4.158128,8.304889,3.048456,3
193506606271406,8560349498,4.1647077,8.2965145,3.0478578,3
193506608771406,8562849498,4.1760736,8.289635,3.0460632,3
193506611271406,8565349498,4.178766,8.289635,3.0349965,3
193506613771406,8567849498,4.182654,8.299206,3.016751,3
193506616271406,8570349498,4.1898327,8.284251,3.0296125,3
193506618771406,8572849498,4.185346,8.267501,3.0517461,3
193506621271406,8575349498,4.191029,8.263912,3.0415766,3
193506623771406,8577849498,4.2050867,8.258827,3.0475588,3
193506626271406,8580349498,4.2077785,8.242676,3.0678978,3
193506628771406,8582849498,4.194618,8.237591,3.0852456,3
193506631271406,8585349498,4.187739,8.22802,3.0849466,3
193506633771406,8587849498,4.170989,8.219645,3.0493534,3
193506636271406,8590349498,4.1554356,8.210671,3.0514472,3
193506638771406,8592849498,4.139284,8.191829,3.0379875,3
193506641271406,8595349498,4.1347976,8.185248,3.0107691,3
193506643771406,8597849498,4.1207395,8.191529,3.0035906,3
193506646271406,8600349498,4.1183467,8.185547,3.0326035,3
193506648771406,8602849498,4.124628,8.181958,3.0197423,3
193506651271406,8605349498,4.1198425,8.171788,3.016751,3
193506653771406,8607849498,4.1350965,8.169993,3.0358937,3
193506656271406,8610349498,4.1344986,8.175676,3.0478578,3
193506658771406,8612849498,4.1482573,8.179565,3.0400813,3
193506661271406,8615349498,4.168297,8.172088,3.0412776,3
193506663771406,8617849498,4.170989,8.170592,3.0466614,3
193506666271406,8620349498,4.171288,8.159226,3.0209386,3
193506668771406,8622849498,4.187739,8.159525,3.025126,3
193506671271406,8625349498,4.1892343,8.1586275,3.0379875,3
193506673771406,8627849498,4.188337,8.172985,3.036193,3
193506676271406,8630349498,4.1901317,8.167302,3.0188448,3
193506678771406,8632849498,4.1835513,8.1789665,3.0355947,3
193506681271406,8635349498,4.179962,8.183753,3.0170503,3
193506683771406,8637849498,4.1727834,8.204391,3.0059834,3
193506686271406,8640349498,4.1578283,8.23819,3.0014968,3
193506688771406,8642849498,4.1428733,8.250154,2.9955149,3
193506691271406,8645349498,4.125226,8.275278,2.9949167,3
193506693771406,8647849498,4.109972,8.2914295,3.0023942,3
193506696271406,8650349498,4.1015973,8.314461,2.9605198,3
193506698771406,8652849498,4.106981,8.346464,2.9602208,3
193506701271406,8655349498,4.106084,8.35783,2.9545379,3
193506703771406,8657849498,4.1198425,8.379366,2.946163,3
193506706271406,8660349498,4.1255255,8.408678,2.9371898,3
193506708771406,8662849498,4.141976,8.428718,2.9282167,3
193506711271406,8665349498,4.153641,8.449356,2.9338996,3
193506713771406,8667849498,4.1482573,8.452047,2.929114,3
193506716271406,8670349498,4.1644087,8.474181,2.9225338,3
193506718771406,8672849498,4.1721854,8.489435,2.9114668,3
193506721271406,8675349498,4.168297,8.483154,2.891128,3
193506723771406,8677849498,4.162315,8.491529,2.8540392,3
193506726271406,8680349498,4.1422753,8.510074,2.8495526,3
193506728771406,8682849498,4.1183467,8.529515,2.8408787,3
193506731271406,8685349498,4.098905,8.53161,2.821138,3
193506733771406,8687849498,4.077968,8.522935,2.8286154,3
193506736271406,8690349498,4.0555353,8.525328,2.862115,3
193506738771406,8692849498,4.0331025,8.512167,2.876472,3
193506741271406,8695349498,4.008277,8.516056,2.894119,3
193506743771406,8697849498,3.9924245,8.497512,2.9362924,3
193506746271406,8700349498,3.9870408,8.473583,2.9620154,3
193506748771406,8702849498,3.9861434,8.461918,2.9772696,3
193506751271406,8705349498,3.9801614,8.444571,2.993122,3
193506753771406,8707849498,3.979264,8.415557,3.0125637,3
193506756271406,8710349498,3.9918263,8.389236,3.0197423,3
193506758771406,8712849498,4.004987,8.359027,3.0326035,3
193506761271406,8715349498,4.0202413,8.328219,3.0418758,3
193506763771406,8717849498,4.0214376,8.308179,3.039483,3
193506766271406,8720349498,4.05075,8.2914295,3.0445678,3
193506768771406,8722849498,4.0591245,8.264212,3.033501,3
193506771271406,8725349498,4.0719857,8.250154,3.0445678,3
193506773771406,8727849498,4.0672,8.24118,3.039782,3
193506776271406,8730349498,4.0770707,8.228917,3.0236306,3
193506778771406,8732849498,4.082155,8.216953,3.0352955,3
193506781271406,8735349498,4.0794635,8.223832,3.0373893,3
193506783771406,8737849498,4.082155,8.223234,3.0095727,3
193506786271406,8740349498,4.072285,8.222636,2.9919257,3
193506788771406,8742849498,4.063013,8.229515,2.9940193,3
193506791271406,8745349498,4.05075,8.243573,3.0003004,3
193506793771406,8747849498,4.0516467,8.257032,2.9889345,3
193506796271406,8750349498,4.0585265,8.2710905,2.9724839,3
193506798771406,8752849498,4.060022,8.2812605,2.9778678,3
193506801271406,8755349498,4.0645084,8.300103,2.9949167,3
193506803771406,8757849498,4.0567317,8.304889,3.0119655,3
193506806271406,8760349498,4.0588255,8.318947,3.0311081,3
193506808771406,8762849498,4.063312,8.319246,3.03709,3
193506811271406,8765349498,4.0851464,8.322237,3.0442686,3
193506813771406,8767849498,4.089633,8.352447,3.071188,3
193506816271406,8770349498,4.1015973,8.346764,3.0882368,3
193506818771406,8772849498,4.115356,8.336893,3.1016963,3
193506821271406,8775349498,4.132704,8.338987,3.1112676,3
193506823771406,8777849498,4.1479583,8.3219385,3.1217363,3
193506826271406,8780349498,4.1688952,8.311469,3.1253254,3
193506828771406,8782849498,4.1865425,8.29472,3.112464,3
193506831271406,8785349498,4.202694,8.286345,3.1313076,3
193506833771406,8787849498,4.2272205,8.27468,3.1226335,3
193506836271406,8790349498,4.226323,8.266903,3.1235309,3
193506838771406,8792849498,4.2385864,8.254042,3.121138,3
193506841271406,8795349498,4.2427735,8.251948,3.1163523,3
193506843771406,8797849498,4.263711,8.239685,3.1031919,3
193506846271406,8800349498,4.26072,8.236395,3.0951161,3
193506848771406,8802849498,4.2714877,8.239984,3.0960133,3
193506851271406,8805349498,4.267599,8.241479,3.0933216,3
193506853771406,8807849498,4.2610188,8.239086,3.0990045,3
193506856271406,8810349498,4.24726,8.250154,3.0936205,3
193506858771406,8812849498,4.223631,8.239984,3.0702906,3
193506861271406,8815349498,4.217051,8.2456665,3.0553355,3
193506863771406,8817849498,4.194917,8.249556,3.050849,3
193506866271406,8820349498,4.178766,8.245069,3.024827,3
193506868771406,8822849498,4.144967,8.226225,2.9805596,3
193506871271406,8825349498,4.1177487,8.248658,3.0532417,3
193506873771406,8827849498,4.093222,8.283952,3.1274192,3
193506876271406,8830349498,4.0740795,8.309974,3.1342986,3
193506878771406,8832849498,4.060321,8.33809,3.1220353,3
193506881271406,8835349498,4.06062,8.344071,3.1055846,3
193506883771406,8837849498,4.068696,8.359027,3.0903304,3
193506886271406,8840349498,4.057629,8.362616,3.0526435,3
193506888771406,8842849498,4.0471606,8.337193,3.0499516,3
193506891271406,8845349498,4.046861,8.355139,3.0514472,3
193506893771406,8847849498,4.058227,8.360822,3.0436704,3
193506896271406,8850349498,4.057629,8.354241,3.0475588,3
193506898771406,8852849498,4.0609193,8.352447,3.0302107,3
193506901271406,8855349498,4.057928,8.349456,3.015854,3
193506903771406,8857849498,4.071388,8.351549,2.996113,3
193506906271406,8860349498,4.086642,8.3345,2.996113,3
193506908771406,8862849498,4.10399,8.335996,3.00718,3
193506911271406,8865349498,4.10399,8.339286,3.0155547,3
193506913771406,8867849498,4.106084,8.345866,3.0143583,3
193506916271406,8870349498,4.119543,8.33809,3.0200412,3
193506918771406,8872849498,4.1261234,8.335398,3.024827,3
193506921271406,8875349498,4.1255255,8.344371,3.0233314,3
193506923771406,8877849498,4.1234317,8.356933,3.0299118,3
193506926271406,8880349498,4.1291146,8.344371,3.0287154,3
193506928771406,8882849498,4.1350965,8.340483,3.0275187,3
193506931271406,8885349498,4.1374893,8.333603,3.0418758,3
193506933771406,8887849498,4.1353955,8.32463,3.0514472,3
193506936271406,8890349498,4.136592,8.327621,3.042474,3
193506938771406,8892849498,4.151248,8.319545,3.0780673,3
193506941271406,8895349498,4.147061,8.304291,3.0640094,3
193506943771406,8897849498,4.1458645,8.301001,3.0681968,3
193506946271406,8900349498,4.141378,8.299805,3.0652058,3
193506948771406,8902849498,4.139882,8.295318,3.0717862,3
193506951271406,8905349498,4.1467614,8.287242,3.0783663,3
193506953771406,8907849498,4.159922,8.287242,3.0924242,3
193506956271406,8910349498,4.1590247,8.266305,3.0972097,3
193506958771406,8912849498,4.1587257,8.265408,3.1016963,3
193506961271406,8915349498,4.154239,8.266305,3.0969107,3
193506963771406,8917849498,4.1458645,8.272287,3.0780673,3
193506966271406,8920349498,4.1422753,8.270193,3.0867412,3
193506968771406,8922849498,4.1422753,8.269296,3.0969107,3
193506971271406,8925349498,4.1491547,8.264212,3.0675986,3
193506973771406,8927849498,4.1781673,8.257631,3.0634112,3
193506976271406,8930349498,4.1751766,8.262715,3.0849466,3
193506978771406,8932849498,4.1644087,8.260024,3.098107,3
193506981271406,8935349498,4.1614175,8.246863,3.1322048,3
193506983771406,8937849498,4.135695,8.221439,3.141776,3
193506986271406,8940349498,4.15065,8.220243,3.1229327,3
193506988771406,8942849498,4.154538,8.22802,3.0870404,3
193506991271406,8945349498,4.1611185,8.223534,3.0678978,3
193506993771406,8947849498,4.1518464,8.200802,3.0667014,3
193506996271406,8950349498,4.1614175,8.181359,3.0822546,3
193506998771406,8952849498,4.1662035,8.182856,3.1169505,3
193507001271406,8955349498,4.1605206,8.167003,3.1432717,3
193507003771406,8957849498,4.1727834,8.172686,3.1495528,3
193507006271406,8960349498,4.173083,8.17448,3.1387851,3
193507008771406,8962849498,4.1697927,8.16461,3.1465619,3
193507011271406,8965349498,4.1700916,8.160124,3.1357942,3
193507013771406,8967849498,4.1784663,8.153244,3.1247272,3
193507016271406,8970349498,4.18056,8.154441,3.1342986,3
193507018771406,8972849498,4.1700916,8.154141,3.141776,3
193507021271406,8975349498,4.1611185,8.156534,3.138187,3
193507023771406,8977849498,4.1572304,8.165507,3.1537402,3
193507026271406,8980349498,4.1718864,8.167601,3.1522448,3
193507028771406,8982849498,4.1793637,8.174181,3.1630125,3
193507031271406,8985349498,4.1868415,8.172985,3.1618161,3
193507033771406,8987849498,4.1955156,8.169097,3.164807,3
193507036271406,8990349498,4.2017965,8.177471,3.1525438,3
193507038771406,8992849498,4.2110686,8.199904,3.1555347,3
193507041271406,8995349498,4.2020955,8.220243,3.1441689,3
193507043771406,8997849498,4.197011,8.223234,3.129513,3
193507046271406,9000349498,4.1955156,8.239984,3.1208389,3
193507048771406,9002849498,4.176971,8.246863,3.1106694,3
193507051271406,9005349498,4.1605206,8.272586,3.0978081,3
193507053771406,9007849498,4.1611185,8.288139,3.0678978,3
193507056271406,9010349498,4.1497526,8.29801,3.060121,3
193507058771406,9012849498,4.138985,8.311171,3.0595229,3
193507061271406,9015349498,4.1374893,8.333304,3.074179,3
193507063771406,9017849498,4.1422753,8.344071,3.0858438,3
193507066271406,9020349498,4.1294136,8.353942,3.0873394,3
193507068771406,9022849498,4.141677,8.34796,3.0966115,3
193507071271406,9025349498,4.1207395,8.348857,3.0780673,3
193507073771406,9027849498,4.1404805,8.357232,3.0789645,3
193507076271406,9030349498,4.1431723,8.350951,3.0664022,3
193507078771406,9032849498,4.14736,8.349754,3.0457642,3
193507081271406,9035349498,4.138985,8.3530445,3.039483,3
193507083771406,9037849498,4.1350965,8.350652,3.0499516,3
193507086271406,9040349498,4.139284,8.328518,3.0493534,3
193507088771406,9042849498,4.119244,8.327621,3.0550363,3
193507091271406,9045349498,4.121637,8.323732,3.0514472,3
193507093771406,9047849498,4.1147575,8.314461,3.065804,3
193507096271406,9050349498,4.115954,8.315358,3.0753753,3
193507098771406,9052849498,4.1126637,8.309974,3.0735807,3
193507101271406,9055349498,4.1204405,8.29801,3.0843484,3
193507103771406,9057849498,4.106383,8.303095,3.1109686,3
193507106271406,9060349498,4.13061,8.306983,3.0942187,3
193507108771406,9062849498,4.145565,8.293822,3.1106694,3
193507111271406,9065349498,4.151248,8.289635,3.12712,3
193507113771406,9067849498,4.1647077,8.285747,3.1142588,3
193507116271406,9070349498,4.1790648,8.280961,3.106482,3
193507118771406,9072849498,4.173681,8.27797,3.0849466,3
193507121271406,9075349498,4.1841493,8.270791,3.088835,3
193507123771406,9077849498,4.19731,8.267202,3.088835,3
193507126271406,9080349498,4.200899,8.266305,3.0825539,3
193507128771406,9082849498,4.2000017,8.25793,3.0843484,3
193507131271406,9085349498,4.202694,8.254042,3.0729825,3
193507133771406,9087849498,4.211368,8.247461,3.0729825,3
193507136271406,9090349498,4.211368,8.231908,3.103491,3
193507138771406,9092849498,4.2098722,8.222636,3.0951161,3
193507141271406,9095349498,4.208676,8.214859,3.100799,3
193507143771406,9097849498,4.211368,8.217551,3.1022944,3
193507146271406,9100349498,4.200899,8.20798,3.1061828,3
193507148771406,9102849498,4.2098722,8.189436,3.0966115,3
193507151271406,9105349498,4.194618,8.177771,3.0897322,3
193507153771406,9107849498,4.1868415,8.173583,3.091826,3
193507156271406,9110349498,4.182953,8.162517,3.1013973,3
193507158771406,9112849498,4.18056,8.157432,3.0849466,3
193507161271406,9115349498,4.185944,8.155637,3.0921252,3
193507163771406,9117849498,4.1979084,8.130812,3.0927234,3
193507166271406,9120349498,4.1835513,8.143673,3.0921252,3
193507168771406,9122849498,4.182056,8.135896,3.1283164,3
193507171271406,9125349498,4.1958146,8.148159,3.1265218,3
193507173771406,9127849498,4.2014976,8.159824,3.115156,3
193507176271406,9130349498,4.2000017,8.162517,3.1136606,3
193507178771406,9132849498,4.2038903,8.165208,3.1118658,3
193507181271406,9135349498,4.206582,8.176574,3.1196425,3
193507183771406,9137849498,4.200301,8.178069,3.1055846,3
193507186271406,9140349498,4.208377,8.181659,3.083152,3
193507188771406,9142849498,4.1925244,8.187641,3.0637102,3
193507191271406,9145349498,4.1817565,8.204091,3.0418758,3
193507193771406,9147849498,4.170989,8.215756,3.027818,3
193507196271406,9150349498,4.176373,8.227122,3.0263224,3
193507198771406,9152849498,4.173681,8.239685,3.0254252,3
193507201271406,9155349498,4.1718864,8.242376,3.0562327,3
193507203771406,9157849498,4.180261,8.260323,3.0523443,3
193507206271406,9160349498,4.1844487,8.268997,3.0532417,3
193507208771406,9162849498,4.1844487,8.285747,3.0792637,3
193507211271406,9165349498,4.1925244,8.289037,3.089134,3
193507213771406,9167849498,4.188636,8.300702,3.0792637,3
193507216271406,9170349498,4.194917,8.313862,3.0963125,3
193507218771406,9172849498,4.1955156,8.302197,3.0759735,3
193507221271406,9175349498,4.182056,8.2965145,3.0681968,3
193507223771406,9177849498,4.160221,8.2914295,3.0717862,3
193507226271406,9180349498,4.152744,8.289635,3.0753753,3
193507228771406,9182849498,4.1407795,8.279764,3.0987053,3
193507231271406,9185349498,4.139882,8.283054,3.0972097,3
193507233771406,9187849498,4.1288157,8.270193,3.095415,3
193507236271406,9190349498,4.121637,8.280064,3.124129,3
193507238771406,9192849498,4.1180477,8.275278,3.129812,3
193507241271406,9195349498,4.1057844,8.279466,3.12712,3
193507243771406,9197849498,4.0965123,8.280363,3.1229327,3
193507246271406,9200349498,4.0962133,8.274081,3.1187453,3
193507248771406,9202849498,4.099204,8.259127,3.1259236,3
193507251271406,9205349498,4.1021953,8.254341,3.1256247,3
193507253771406,9207849498,4.1072803,8.250154,3.1253254,3
193507256271406,9210349498,4.119543,8.24118,3.144767,3
193507258771406,9212849498,4.130311,8.235198,3.1486554,3
193507261271406,9215349498,4.1386857,8.223234,3.1438699,3
193507263771406,9217849498,4.1374893,8.200203,3.1492536,3
193507266271406,9220349498,4.1371903,8.19123,3.162115,3
193507268771406,9222849498,4.1350965,8.195119,3.1450663,3
193507271271406,9225349498,4.134199,8.180761,3.1399815,3
193507273771406,9227849498,4.132704,8.186444,3.1522448,3
193507276271406,9230349498,4.1291146,8.185547,3.1561332,3
193507278771406,9232849498,4.1407795,8.191529,3.1462626,3
193507281271406,9235349498,4.1237307,8.192725,3.164209,3
193507283771406,9237849498,4.139284,8.21127,3.1728828,3
193507286271406,9240349498,4.1608195,8.2253275,3.190829,3
193507288771406,9242849498,4.173382,8.219645,3.2129626,3
193507291271406,9245349498,4.1925244,8.232805,3.2180474,3
193507293771406,9247849498,4.229015,8.241479,3.2365918,3
193507296271406,9250349498,4.2517467,8.244769,3.2219357,3
193507298771406,9252849498,4.252943,8.242676,3.1962128,3
193507301271406,9255349498,4.2571306,8.240283,3.1660035,3
193507303771406,9257849498,4.260122,8.232207,3.144767,3
193507306271406,9260349498,4.2574296,8.236395,3.1145577,3
193507308771406,9262849498,4.2559342,8.235198,3.0960133,3
193507311271406,9265349498,4.237988,8.248059,3.0622149,3
193507313771406,9267849498,4.237988,8.251948,3.0619156,3
193507316271406,9270349498,4.236193,8.250452,3.0825539,3
193507318771406,9272849498,4.2242293,8.26122,3.0912278,3
193507321271406,9275349498,4.215256,8.273483,3.109174,3
193507323771406,9277849498,4.1982074,8.28784,3.1217363,3
193507326271406,9280349498,4.182355,8.295019,3.1166515,3
193507328771406,9282849498,4.196712,8.290532,3.118446,3
193507331271406,9285349498,4.1760736,8.282756,3.1337004,3
193507333771406,9287849498,4.1608195,8.298907,3.0930223,3
193507336271406,9290349498,4.144668,8.303393,3.0924242,3
193507338771406,9292849498,4.1171503,8.314461,3.0957143,3
193507341271406,9295349498,4.1024942,8.309076,3.1136606,3
193507343771406,9297849498,4.0971107,8.315358,3.1160533,3
193507346271406,9300349498,4.087838,8.312068,3.0879376,3
193507348771406,9302849498,4.098307,8.315059,3.0999017,3
193507351271406,9305349498,4.0824547,8.314759,3.097509,3
193507353771406,9307849498,4.075276,8.309376,3.100799,3
193507356271406,9310349498,4.072883,8.306983,3.1145577,3
193507358771406,9312849498,4.071089,8.308478,3.1316066,3
193507361271406,9315349498,4.0704904,8.302496,3.1235309,3
193507363771406,9317849498,4.0704904,8.30459,3.1229327,3
193507366271406,9320349498,4.0516467,8.28784,3.118147,3
193507368771406,9322849498,4.045665,8.283653,3.1145577,3
193507371271406,9325349498,4.042674,8.285447,3.1226335,3
193507373771406,9327849498,4.031308,8.279764,3.1256247,3
193507376271406,9330349498,4.0274196,8.267501,3.1193435,3
193507378771406,9332849498,4.011268,8.255239,3.1277182,3
193507381271406,9335349498,4.020839,8.270193,3.1190443,3
193507383771406,9337849498,4.0130625,8.258529,3.1217363,3
193507386271406,9340349498,4.008277,8.262715,3.1283164,3
193507388771406,9342849498,4.0067816,8.267202,3.1375887,3
193507391271406,9345349498,4.0160537,8.263015,3.1301112,3
193507393771406,9347849498,4.034299,8.27797,3.1304102,3
193507396271406,9350349498,4.0405803,8.276474,3.1363924,3
193507398771406,9352849498,4.0504503,8.279466,3.1534412,3
193507401271406,9355349498,4.0621157,8.279166,3.1441689,3
193507403771406,9357849498,4.078566,8.286046,3.1465619,3
193507406271406,9360349498,4.0719857,8.293224,3.1286156,3
193507408771406,9362849498,4.072584,8.280064,3.1301112,3
193507411271406,9365349498,4.0827537,8.293224,3.1564322,3
193507413771406,9367849498,4.089334,8.305488,3.1534412,3
193507416271406,9370349498,4.1018963,8.308478,3.1627133,3
193507418771406,9372849498,4.1111684,8.308179,3.1666017,3
193507421271406,9375349498,4.119244,8.312666,3.1695926,3
193507423771406,9377849498,4.1368914,8.318049,3.1579278,3
193507426271406,9380349498,4.147061,8.309675,3.1893334,3
193507428771406,9382849498,4.1380877,8.293822,3.1743784,3
193507431271406,9385349498,4.1611185,8.286046,3.1767712,3
193507433771406,9387849498,4.1674,8.285747,3.1737802,3
193507436271406,9390349498,4.165904,8.278867,3.1618161,3
193507438771406,9392849498,4.169194,8.266903,3.1507492,3
193507441271406,9395349498,4.1775694,8.257631,3.1477582,3
193507443771406,9397849498,4.1665025,8.250154,3.1136606,3
193507446271406,9400349498,4.173083,8.257332,3.1088748,3
193507448771406,9402849498,4.185944,8.251349,3.1088748,3
193507451271406,9405349498,4.1781673,8.254341,3.1085758,3
193507453771406,9407849498,4.187739,8.265707,3.103491,3
193507456271406,9410349498,4.194618,8.267202,3.1088748,3
193507458771406,9412849498,4.188038,8.266305,3.1369905,3
193507461271406,9415349498,4.193721,8.273783,3.1253254,3
193507463771406,9417849498,4.1907296,8.27797,3.1516466,3
193507466271406,9420349498,4.200301,8.276773,3.1342986,3
193507468771406,9422849498,4.194917,8.263015,3.1166515,3
193507471271406,9425349498,4.196712,8.2681,3.1316066,3
193507473771406,9427849498,4.188636,8.254042,3.1247272,3
193507476271406,9430349498,4.185346,8.253742,3.114857,3
193507478771406,9432849498,4.1847477,8.244471,3.1334012,3
193507481271406,9435349498,4.1760736,8.249256,3.1301112,3
193507483771406,9437849498,4.165007,8.233703,3.1283164,3
193507486271406,9440349498,4.1614175,8.223234,3.1289146,3
193507488771406,9442849498,4.139284,8.219346,3.135495,3
193507491271406,9445349498,4.121039,8.225627,3.1283164,3
193507493771406,9447849498,4.104588,8.236993,3.117848,3
193507496271406,9450349498,4.093521,8.231609,3.117848,3
193507498771406,9452849498,4.092624,8.233403,3.1342986,3
193507501271406,9455349498,4.0902314,8.230113,3.1253254,3
193507503771406,9457849498,4.0830526,8.232207,3.1208389,3
193507506271406,9460349498,4.0737805,8.237292,3.129812,3
193507508771406,9462849498,4.084249,8.248957,3.1701908,3
193507511271406,9465349498,4.072285,8.242078,3.1522448,3
193507513771406,9467849498,4.063611,8.247761,3.1429725,3
193507516271406,9470349498,4.0552363,8.253444,3.1399815,3
193507518771406,9472849498,4.045665,8.253444,3.1289146,3
193507521271406,9475349498,4.0552363,8.255537,3.1292138,3
193507523771406,9477849498,4.063312,8.23789,3.1256247,3
193507526271406,9480349498,4.0567317,8.247761,3.1432717,3
193507528771406,9482849498,4.077968,8.2507515,3.132803,3
193507531271406,9485349498,4.0902314,8.246265,3.1348968,3
193507533771406,9487849498,4.0998025,8.239086,3.1360931,3
193507536271406,9490349498,4.106981,8.247761,3.1513474,3
193507538771406,9492849498,4.1261234,8.251948,3.158825,3
193507541271406,9495349498,4.137789,8.248658,3.1522448,3
193507543771406,9497849498,4.1467614,8.272287,3.1522448,3
193507546271406,9500349498,4.162016,8.276773,3.1360931,3
193507548771406,9502849498,4.1665025,8.275876,3.132803,3
193507551271406,9505349498,4.179962,8.276773,3.1136606,3
193507553771406,9507849498,4.1889353,8.282157,3.0987053,3
193507556271406,9510349498,4.1901317,8.280662,3.1486554,3
193507558771406,9512849498,4.182953,8.302795,3.144468,3
193507561271406,9515349498,4.1871405,8.309076,3.1432717,3
193507563771406,9517849498,4.1985064,8.30788,3.1426735,3
193507566271406,9520349498,4.2011986,8.302795,3.1429725,3
193507568771406,9522849498,4.200301,8.299206,3.144767,3
193507571271406,9525349498,4.1997027,8.314759,3.1555347,3
193507573771406,9527849498,4.1958146,8.309675,3.1549366,3
193507576271406,9530349498,4.2068815,8.307581,3.1283164,3
193507578771406,9532849498,4.1982074,8.29801,3.1348968,3
193507581271406,9535349498,4.18056,8.301898,3.1316066,3
193507583771406,9537849498,4.188038,8.29113,3.1232316,3
193507586271406,9540349498,4.18056,8.291729,3.132504,3
193507588771406,9542849498,4.187739,8.280961,3.135196,3
193507591271406,9545349498,4.188636,8.2710905,3.1399815,3
193507593771406,9547849498,4.185346,8.266903,3.135196,3
193507596271406,9550349498,4.194618,8.252546,3.1244283,3
193507598771406,9552849498,4.1868415,8.2456665,3.121437,3
193507601271406,9555349498,4.1931224,8.2304125,3.1130621,3
193507603771406,9557849498,4.1928234,8.234301,3.1046875,3
193507606271406,9560349498,4.1694937,8.236095,3.1142588,3
193507608771406,9562849498,4.18056,8.212168,3.088835,3
193507611271406,9565349498,4.178766,8.210971,3.1016963,3
193507613771406,9567849498,4.1671004,8.221141,3.1085758,3
193507616271406,9570349498,4.1557345,8.211868,3.1106694,3
193507618771406,9572849498,4.1383867,8.208578,3.1097722,3
193507621271406,9575349498,4.1350965,8.197212,3.118446,3
193507623771406,9577849498,4.1407795,8.198708,3.132803,3
193507626271406,9580349498,4.1318064,8.190931,3.1322048,3
193507628771406,9582849498,4.1297126,8.185846,3.1357942,3
193507631271406,9585349498,4.1276193,8.185547,3.1468608,3
193507633771406,9587849498,4.1374893,8.180761,3.1334012,3
193507636271406,9590349498,4.1464624,8.182257,3.1259236,3
193507638771406,9592849498,4.14736,8.186744,3.1301112,3
193507641271406,9595349498,4.1548376,8.177471,3.1283164,3
193507643771406,9597849498,4.1671004,8.184949,3.1313076,3
193507646271406,9600349498,4.1578283,8.183753,3.12712,3
193507648771406,9602849498,4.1688952,8.182556,3.129513,3
193507651271406,9605349498,4.171288,8.17478,3.1139596,3
193507653771406,9607849498,4.18056,8.196614,3.1208389,3
193507656271406,9610349498,4.1781673,8.183154,3.1106694,3
193507658771406,9612849498,4.176672,8.203793,3.1136606,3
193507661271406,9615349498,4.167998,8.208878,3.132504,3
193507663771406,9617849498,4.159922,8.219047,3.129513,3
193507666271406,9620349498,4.1590247,8.2348995,3.132803,3
193507668771406,9622849498,4.156931,8.23101,3.1220353,3
193507671271406,9625349498,4.154538,8.263912,3.1079776,3
193507673771406,9627849498,4.156632,8.26451,3.1244283,3
193507676271406,9630349498,4.1548376,8.268997,3.1229327,3
193507678771406,9632849498,4.1479583,8.277371,3.1435707,3
193507681271406,9635349498,4.154538,8.290532,3.1366913,3
193507683771406,9637849498,4.1632123,8.289037,3.1468608,3
193507686271406,9640349498,4.182953,8.290234,3.1378877,3
193507688771406,9642849498,4.1925244,8.283054,3.121138,3
193507691271406,9645349498,4.180261,8.285149,3.1348968,3
193507693771406,9647849498,4.1898327,8.286943,3.12383,3
193507696271406,9650349498,4.193422,8.283054,3.1040893,3
193507698771406,9652849498,4.1889353,8.292327,3.0873394,3
193507701271406,9655349498,4.1790648,8.288439,3.0894332,3
193507703771406,9657849498,4.1793637,8.289336,3.1061828,3
193507706271406,9660349498,4.1665025,8.282456,3.1016963,3
193507708771406,9662849498,4.171288,8.298309,3.1088748,3
193507711271406,9665349498,4.162614,8.304889,3.1286156,3
193507713771406,9667849498,4.1500516,8.3013,3.12383,3
193507716271406,9670349498,4.15065,8.307581,3.1085758,3
193507718771406,9672849498,4.1353955,8.323732,3.1136606,3
193507721271406,9675349498,4.1482573,8.309675,3.1420753,3
193507723771406,9677849498,4.148556,8.312666,3.1199417,3
193507726271406,9680349498,4.1383867,8.315358,3.0999017,3
193507728771406,9682849498,4.1437707,8.303393,3.1082766,3
193507731271406,9685349498,4.1428733,8.295019,3.1259236,3
193507733771406,9687849498,4.153342,8.281858,3.1127632,3
193507736271406,9690349498,4.1515474,8.273483,3.129513,3
193507738771406,9692849498,4.150351,8.27468,3.1202407,3
193507741271406,9695349498,4.159623,8.282756,3.1193435,3
193507743771406,9697849498,4.152744,8.282756,3.117848,3
193507746271406,9700349498,4.152744,8.290832,3.1372895,3
193507748771406,9702849498,4.154239,8.3015995,3.1283164,3
193507751271406,9705349498,4.147061,8.285447,3.1232316,3
193507753771406,9707849498,4.1401815,8.289635,3.115156,3
193507756271406,9710349498,4.124329,8.288439,3.1190443,3
193507758771406,9712849498,4.111767,8.296215,3.1348968,3
193507761271406,9715349498,4.1093736,8.300403,3.1432717,3
193507763771406,9717849498,4.1057844,8.296813,3.1396823,3
193507766271406,9720349498,4.095316,8.299505,3.159423,3
193507768771406,9722849498,4.0830526,8.2965145,3.1686954,3
193507771271406,9725349498,4.0881376,8.281559,3.17049,3
193507773771406,9727849498,4.0815573,8.273184,3.1722846,3
193507776271406,9730349498,4.074977,8.26122,3.1689944,3
193507778771406,9732849498,4.065705,8.246265,3.1860433,3
193507781271406,9735349498,4.05733,8.236395,3.176472,3
193507783771406,9737849498,4.0704904,8.232805,3.161517,3
193507786271406,9740349498,4.0812583,8.212168,3.1618161,3
193507788771406,9742849498,4.0887356,8.20798,3.1716864,3
193507791271406,9745349498,4.1030927,8.192127,3.1561332,3
193507793771406,9747849498,4.1174498,8.188837,3.1597223,3
193507796271406,9750349498,4.1312084,8.1738825,3.1755748,3
193507798771406,9752849498,4.141677,8.172985,3.1782668,3
193507801271406,9755349498,4.162016,8.157432,3.173182,3
193507803771406,9757849498,4.17069,8.172985,3.1698918,3
193507806271406,9760349498,4.17727,8.170293,3.1752756,3
193507808771406,9762849498,4.174578,8.161918,3.17049,3
193507811271406,9765349498,4.1685963,8.161918,3.1606195,3
193507813771406,9767849498,4.1904306,8.169395,3.165106,3
193507816271406,9770349498,4.1757746,8.182556,3.1663027,3
193507818771406,9772849498,4.17398,8.17478,3.161517,3
193507821271406,9775349498,4.1647077,8.186444,3.14716,3
193507823771406,9777849498,4.1629133,8.192127,3.1495528,3
193507826271406,9780349498,4.165007,8.203493,3.1489546,3
193507828771406,9782849498,4.1632123,8.208878,3.1435707,3
193507831271406,9785349498,4.167998,8.215458,3.1423743,3
193507833771406,9787849498,4.156333,8.231609,3.1348968,3
193507836271406,9790349498,4.153043,8.244769,3.1498518,3
193507838771406,9792849498,4.156632,8.251349,3.1157541,3
193507841271406,9795349498,4.1578283,8.261519,3.1190443,3
193507843771406,9797849498,4.1641097,8.263314,3.1339993,3
193507846271406,9800349498,4.162315,8.263912,3.1112676,3
193507848771406,9802849498,4.1494536,8.2710905,3.1088748,3
193507851271406,9805349498,4.154239,8.285747,3.1082766,3
193507853771406,9807849498,4.160221,8.273483,3.1016963,3
193507856271406,9810349498,4.173382,8.2812605,3.1187453,3
193507858771406,9812849498,4.1674,8.29472,3.118147,3
193507861271406,9815349498,4.18056,8.292027,3.1136606,3
193507863771406,9817849498,4.191926,8.288139,3.106781,3
193507866271406,9820349498,4.199105,8.28784,3.1199417,3
193507868771406,9822849498,4.193721,8.288439,3.1082766,3
193507871271406,9825349498,4.1955156,8.292027,3.094518,3
193507873771406,9827849498,4.188636,8.292626,3.0909286,3
193507876271406,9830349498,4.1871405,8.286943,3.1073792,3
193507878771406,9832849498,4.2000017,8.293523,3.0987053,3
193507881271406,9835349498,4.185346,8.278269,3.1136606,3
193507883771406,9837849498,4.1961136,8.275278,3.1253254,3
193507886271406,9840349498,4.188636,8.279466,3.124129,3
193507888771406,9842849498,4.179962,8.270791,3.1345978,3
193507891271406,9845349498,4.1778684,8.278867,3.1537402,3
193507893771406,9847849498,4.176971,8.27139,3.1630125,3
193507896271406,9850349498,4.171288,8.266604,3.1663027,3
193507898771406,9852849498,4.189533,8.2681,3.1639097,3
193507901271406,9855349498,4.1844487,8.257032,3.1609187,3
193507903771406,9857849498,4.1889353,8.242975,3.1546376,3
193507906271406,9860349498,4.1847477,8.232805,3.138187,3
193507908771406,9862849498,4.199105,8.216354,3.1337004,3
193507911271406,9865349498,4.214359,8.206783,3.1127632,3
193507913771406,9867849498,4.235595,8.199306,3.1088748,3
193507916271406,9870349498,4.248756,8.192427,3.1061828,3
193507918771406,9872849498,4.252644,8.180163,3.1199417,3
193507921271406,9875349498,4.248756,8.183454,3.1169505,3
193507923771406,9877849498,4.240979,8.194819,3.0909286,3
193507926271406,9880349498,4.2302113,8.206783,3.054737,3
193507928771406,9882849498,4.2041893,8.202297,3.0400813,3
193507931271406,9885349498,4.185944,8.220841,3.0364919,3
193507933771406,9887849498,4.1892343,8.2253275,3.0287154,3
193507936271406,9890349498,4.171587,8.246564,3.025126,3
193507938771406,9892849498,4.1614175,8.259425,3.0317063,3
193507941271406,9895349498,4.139882,8.26481,3.0472596,3
193507943771406,9897849498,4.1222353,8.272586,3.0840492,3
193507946271406,9900349498,4.113561,8.280662,3.0849466,3
193507948771406,9902849498,4.08724,8.289934,3.0942187,3
193507951271406,9905349498,4.0851464,8.290832,3.0876386,3
193507953771406,9907849498,4.085745,8.292925,3.0810583,3
193507956271406,9910349498,4.0905304,8.281858,3.08046,3
193507958771406,9912849498,4.091428,8.268997,3.0592237,3
193507961271406,9915349498,4.0965123,8.275278,3.0717862,3
193507963771406,9917849498,4.1084766,8.280363,3.0813572,3
193507966271406,9920349498,4.1021953,8.275876,3.0927234,3
193507968771406,9922849498,4.098606,8.274979,3.0870404,3
193507971271406,9925349498,4.106981,8.278867,3.083152,3
193507973771406,9927849498,4.109673,8.279764,3.0915267,3
193507976271406,9930349498,4.121039,8.280363,3.0798619,3
193507978771406,9932849498,4.1234317,8.28784,3.0634112,3
193507981271406,9935349498,4.1383867,8.286345,3.0690942,3
193507983771406,9937849498,4.145266,8.284251,3.077469,3
193507986271406,9940349498,4.1575294,8.273483,3.0885358,3
193507988771406,9942849498,4.162315,8.274381,3.0972097,3
193507991271406,9945349498,4.185645,8.2660055,3.1130621,3
193507993771406,9947849498,4.188038,8.261818,3.1139596,3
193507996271406,9950349498,4.202694,8.272586,3.112464,3
193507998771406,9952849498,4.2110686,8.259725,3.1226335,3
193508001271406,9955349498,4.213761,8.260024,3.1208389,3
193508003771406,9957849498,4.215854,8.258229,3.1262228,3
193508006271406,9960349498,4.2110686,8.239685,3.1322048,3
193508008771406,9962849498,4.2275195,8.245368,3.1226335,3
193508011271406,9965349498,4.2260237,8.244769,3.1331022,3
193508013771406,9967849498,4.228716,8.242078,3.1555347,3
193508016271406,9970349498,4.260122,8.22802,3.1375887,3
193508018771406,9972849498,4.281657,8.229217,3.1331022,3
193508021271406,9975349498,4.290032,8.246863,3.1339993,3
193508023771406,9977849498,4.275077,8.243873,3.1432717,3
193508026271406,9980349498,4.2625146,8.217851,3.1872396,3
193508028771406,9982849498,4.237988,8.197212,3.1896327,3
193508031271406,9985349498,4.235595,8.200502,3.1522448,3
193508033771406,9987849498,4.228417,8.206185,3.138486,3
193508036271406,9990349498,4.2272205,8.199605,3.1229327,3
193508038771406,9992849498,4.219444,8.185547,3.112165,3
193508041271406,9995349498,4.22064,8.166105,3.1280174,3
193508043771406,9997849498,4.2167516,8.158927,3.173481,3
193508046271406,10000349498,4.237689,8.179864,3.1609187,3
193508048771406,10002849498,4.2460637,8.180163,3.1322048,3
193508051271406,10005349498,4.2427735,8.189436,3.1226335,3
193508053771406,10007849498,4.2442694,8.199007,3.1136606,3
193508056271406,10010349498,4.252644,8.181061,3.1175487,3
193508058771406,10012849498,4.261617,8.177771,3.118446,3
193508061271406,10015349498,4.2535415,8.187342,3.109174,3
193508063771406,10017849498,4.2625146,8.186744,3.1043882,3
193508066271406,10020349498,4.2610188,8.183154,3.0855448,3
193508068771406,10022849498,4.2589254,8.185547,3.0846474,3
193508071271406,10025349498,4.2406797,8.186444,3.068496,3
193508073771406,10027849498,4.235595,8.184949,3.0553355,3
193508076271406,10030349498,4.240381,8.182556,3.0729825,3
193508078771406,10032849498,4.234698,8.176574,3.0702906,3
193508081271406,10035349498,4.2254257,8.172985,3.071188,3
193508083771406,10037849498,4.2242293,8.182257,3.0879376,3
193508086271406,10040349498,4.2370906,8.185846,3.1127632,3
193508088771406,10042849498,4.241876,8.1682,3.1247272,3
193508091271406,10045349498,4.2338004,8.163414,3.1301112,3
193508093771406,10047849498,4.243671,8.171788,3.1280174,3
193508096271406,10050349498,4.249354,8.162815,3.1262228,3
193508098771406,10052849498,4.243372,8.175378,3.1160533,3
193508101271406,10055349498,4.2421756,8.175378,3.1154552,3
193508103771406,10057849498,4.2481575,8.180463,3.1277182,3
193508106271406,10060349498,4.256532,8.190931,3.1304102,3
193508108771406,10062849498,4.240381,8.189734,3.1232316,3
193508111271406,10065349498,4.243073,8.183753,3.115156,3
193508113771406,10067849498,4.241278,8.184649,3.118147,3
193508116271406,10070349498,4.232006,8.210671,3.12712,3
193508118771406,10072849498,4.229314,8.215756,3.1133614,3
193508121271406,10075349498,4.220939,8.207681,3.118446,3
193508123771406,10077849498,4.214359,8.23789,3.1118658,3
193508126271406,10080349498,4.206283,8.240881,3.1157541,3
193508128771406,10082849498,4.1979084,8.2304125,3.10379,3
193508131271406,10085349498,4.185944,8.251649,3.0879376,3
193508133771406,10087849498,4.1665025,8.260323,3.0927234,3
193508136271406,10090349498,4.1608195,8.2678,3.080759,3
193508138771406,10092849498,4.147061,8.273184,3.0903304,3
193508141271406,10095349498,4.1374893,8.273483,3.0825539,3
193508143771406,10097849498,4.136293,8.274081,3.0852456,3
193508146271406,10100349498,4.133601,8.278269,3.1103704,3
193508148771406,10102849498,4.1386857,8.279764,3.109174,3
193508151271406,10105349498,4.138985,8.275876,3.0966115,3
193508153771406,10107849498,4.124927,8.279764,3.07717,3
193508156271406,10110349498,4.1141596,8.269595,3.100201,3
193508158771406,10112849498,4.1258245,8.286345,3.1022944,3
193508161271406,10115349498,4.108177,8.274081,3.112464,3
193508163771406,10117849498,4.1198425,8.282157,3.1301112,3
193508166271406,10120349498,4.121039,8.280662,3.1307094,3
193508168771406,10122849498,4.121338,8.278867,3.1217363,3
193508171271406,10125349498,4.127021,8.270193,3.12712,3
193508173771406,10127849498,4.1183467,8.266604,3.0969107,3
193508176271406,10130349498,4.112365,8.272287,3.0915267,3
193508178771406,10132849498,4.1087756,8.2558365,3.1055846,3
193508181271406,10135349498,4.121637,8.249854,3.118446,3
193508183771406,10137849498,4.121338,8.241479,3.1169505,3
193508186271406,10140349498,4.1330028,8.248059,3.118147,3
193508188771406,10142849498,4.153342,8.23819,3.1477582,3
193508191271406,10145349498,4.1578283,8.2253275,3.1525438,3
193508193771406,10147849498,4.1500516,8.221439,3.1387851,3
193508196271406,10150349498,4.1572304,8.210373,3.1555347,3
193508198771406,10152849498,4.158427,8.200502,3.1639097,3
193508201271406,10155349498,4.1751766,8.2011,3.1570303,3
193508203771406,10157849498,4.1784663,8.193324,3.164807,3
193508206271406,10160349498,4.1757746,8.182556,3.1758738,3
193508208771406,10162849498,4.174877,8.181061,3.1713872,3
193508211271406,10165349498,4.1925244,8.179565,3.1725838,3
193508213771406,10167849498,4.188038,8.169395,3.1836505,3
193508216271406,10170349498,4.1784663,8.182856,3.1680973,3
193508218771406,10172849498,4.1718864,8.191829,3.1701908,3
193508221271406,10175349498,4.1754756,8.205886,3.1848469,3
193508223771406,10177849498,4.1988053,8.207083,3.1971102,3
193508226271406,10180349498,4.1931224,8.213064,3.1962128,3
193508228771406,10182849498,4.2107697,8.217551,3.1950164,3
193508231271406,10185349498,4.219743,8.2094755,3.1959138,3
193508233771406,10187849498,4.228417,8.207681,3.1953156,3
193508236271406,10190349498,4.229015,8.213064,3.1884363,3
193508238771406,10192849498,4.247559,8.204091,3.1758738,3
193508241271406,10195349498,4.2520456,8.205288,3.1749766,3
193508243771406,10197849498,4.2508492,8.2049885,3.1686954,3
193508246271406,10200349498,4.2559342,8.188837,3.161517,3
193508248771406,10202849498,4.26401,8.181958,3.153142,3
193508251271406,10205349498,4.2741795,8.1687975,3.1666017,3
193508253771406,10207849498,4.2762733,8.172686,3.1597223,3
193508256271406,10210349498,4.2684965,8.170891,3.1576285,3
193508258771406,10212849498,4.264309,8.172985,3.1794631,3
193508261271406,10215349498,4.2517467,8.1738825,3.155834,3
193508263771406,10217849498,4.234698,8.172686,3.1713872,3
193508266271406,10220349498,4.2373896,8.165507,3.185146,3
193508268771406,10222849498,4.240082,8.178069,3.1663027,3
193508271271406,10225349498,4.235894,8.170592,3.1755748,3
193508273771406,10227849498,4.2481575,8.172088,3.1603205,3
193508276271406,10230349498,4.247559,8.170592,3.1663027,3
193508278771406,10232849498,4.2508492,8.175378,3.1803603,3
193508281271406,10235349498,4.26401,8.169395,3.1842487,3
193508283771406,10237849498,4.2592244,8.17149,3.1839497,3
193508286271406,10240349498,4.2571306,8.168498,3.1899316,3
193508288771406,10242849498,4.2457647,8.166105,3.1797621,3
193508291271406,10245349498,4.249354,8.1891365,3.1890345,3
193508293771406,10247849498,4.239783,8.196315,3.1773694,3
193508296271406,10250349498,4.2311087,8.213064,3.1719856,3
193508298771406,10252849498,4.234997,8.221141,3.1722846,3
193508301271406,10255349498,4.2251267,8.233703,3.1776686,3
193508303771406,10257849498,4.221537,8.235198,3.1785657,3
193508306271406,10260349498,4.2251267,8.240582,3.1920254,3
193508308771406,10262849498,4.219743,8.262417,3.1926236,3
193508311271406,10265349498,4.2128634,8.270193,3.181856,3
193508313771406,10267849498,4.21406,8.270791,3.185445,3
193508316271406,10270349498,4.2068815,8.295019,3.196811,3
193508318771406,10272849498,4.197609,8.29771,3.1953156,3
193508321271406,10275349498,4.1925244,8.3123665,3.1758738,3
193508323771406,10277849498,4.1955156,8.314759,3.1782668,3
193508326271406,10280349498,4.2053857,8.316256,3.1875389,3
193508328771406,10282849498,4.217649,8.311171,3.2066815,3
193508331271406,10285349498,4.2278185,8.313563,3.2018957,3
193508333771406,10287849498,4.2388854,8.318947,3.190829,3
193508336271406,10290349498,4.2427735,8.330911,3.2063823,3
193508338771406,10292849498,4.2451663,8.329715,3.182454,3
193508341271406,10295349498,4.246662,8.310871,3.1902308,3
193508343771406,10297849498,4.2511487,8.305786,3.19382,3
193508346271406,10300349498,4.2445683,8.29771,3.1821551,3
193508348771406,10302849498,4.2308097,8.29472,3.167798,3
193508351271406,10305349498,4.214658,8.292925,3.1549366,3
193508353771406,10307849498,4.206283,8.29472,3.1507492,3
193508356271406,10310349498,4.1985064,8.288439,3.1603205,3
193508358771406,10312849498,4.1838503,8.278867,3.1519456,3
193508361271406,10315349498,4.1727834,8.287242,3.1570303,3
193508363771406,10317849498,4.1721854,8.290234,3.159423,3
193508366271406,10320349498,4.165007,8.298608,3.1525438,3
193508368771406,10322849498,4.1635113,8.306983,3.1516466,3
193508371271406,10325349498,4.1551366,8.304291,3.1378877,3
193508373771406,10327849498,4.154239,8.290234,3.1304102,3
193508376271406,10330349498,4.1494536,8.28784,3.1375887,3
193508378771406,10332849498,4.154239,8.285747,3.1322048,3
193508381271406,10335349498,4.1407795,8.277371,3.1223345,3
193508383771406,10337849498,4.148855,8.255239,3.1369905,3
193508386271406,10340349498,4.158128,8.246265,3.1103704,3
193508388771406,10342849498,4.1727834,8.219645,3.1145577,3
193508391271406,10345349498,4.180261,8.215458,3.1079776,3
193508393771406,10347849498,4.191029,8.190632,3.12054,3
193508396271406,10350349498,4.1922255,8.169695,3.115156,3
193508398771406,10352849498,4.221537,8.144869,3.1031919,3
193508401271406,10355349498,4.226323,8.120044,3.1112676,3
193508403771406,10357849498,4.236193,8.107481,3.1079776,3
193508406271406,10360349498,4.2364926,8.098807,3.1115668,3
193508408771406,10362849498,4.2332025,8.092825,3.1196425,3
193508411271406,10365349498,4.240979,8.087142,3.1169505,3
193508413771406,10367849498,4.24726,8.085946,3.1319058,3
193508416271406,10370349498,4.2406797,8.073085,3.1465619,3
193508418771406,10372849498,4.2394834,8.078468,3.1489546,3
193508421271406,10375349498,4.2568316,8.051848,3.135495,3
193508423771406,10377849498,4.2661037,8.065607,3.1250265,3
193508426271406,10380349498,4.2673,8.06441,3.129513,3
193508428771406,10382849498,4.276871,8.061719,3.1145577,3
193508431271406,10385349498,4.2828536,8.067102,3.0987053,3
193508433771406,10387849498,4.2858443,8.077571,3.1052856,3
193508436271406,10390349498,4.2858443,8.080861,3.0747771,3
193508438771406,10392849498,4.2867417,8.079964,3.088835,3
193508441271406,10395349498,4.2894335,8.095218,3.0813572,3
193508443771406,10397849498,4.287639,8.10449,3.0786655,3
193508446271406,10400349498,4.2915273,8.10808,3.0720851,3
193508448771406,10402849498,4.286144,8.122137,3.068496,3
193508451271406,10405349498,4.282554,8.143673,3.063112,3
193508453771406,10407849498,4.2795634,8.156834,3.0649066,3
193508456271406,10410349498,4.284349,8.162815,3.077469,3
193508458771406,10412849498,4.2759743,8.177771,3.077469,3
193508461271406,10415349498,4.2687955,8.183154,3.0702906,3
193508463771406,10417849498,4.2520456,8.193025,3.0409784,3
193508466271406,10420349498,4.2571306,8.196913,3.0403802,3
193508468771406,10422849498,4.256233,8.193922,3.056532,3
193508471271406,10425349498,4.2556353,8.205886,3.0436704,3
193508473771406,10427849498,4.2631125,8.214859,3.0646076,3
193508476271406,10430349498,4.264309,8.2253275,3.0589247,3
193508478771406,10432849498,4.2508492,8.243873,3.0649066,3
193508481271406,10435349498,4.2592244,8.245069,3.0589247,3
193508483771406,10437849498,4.2661037,8.242078,3.0466614,3
193508486271406,10440349498,4.265805,8.242078,3.0589247,3
193508488771406,10442849498,4.275376,8.249256,3.039483,3
193508491271406,10445349498,4.2723846,8.25464,3.0382864,3
193508493771406,10447849498,4.2664027,8.253444,3.0320053,3
193508496271406,10450349498,4.2664027,8.258229,3.042773,3
193508498771406,10452849498,4.247559,8.249556,3.0299118,3
193508501271406,10455349498,4.238287,8.245368,3.025126,3
193508503771406,10457849498,4.223033,8.237292,3.0242288,3
193508506271406,10460349498,4.2200418,8.248359,3.016751,3
193508508771406,10462849498,4.2203407,8.236095,3.0266216,3
193508511271406,10465349498,4.2182474,8.2348995,3.0346973,3
193508513771406,10467849498,4.2071805,8.230712,3.0302107,3
193508516271406,10470349498,4.1988053,8.236395,3.0388846,3
193508518771406,10472849498,4.2053857,8.227122,3.054139,3
193508521271406,10475349498,4.1928234,8.2346,3.0610185,3
193508523771406,10477849498,4.1790648,8.239984,3.0583265,3
193508526271406,10480349498,4.162315,8.23131,3.0529425,3
193508528771406,10482849498,4.15065,8.238788,3.0493534,3
193508531271406,10485349498,4.141378,8.246863,3.056532,3
193508533771406,10487849498,4.121637,8.241778,3.0616167,3
193508536271406,10490349498,4.1422753,8.259127,3.0720851,3
193508538771406,10492849498,4.1315074,8.256734,3.0837502,3
193508541271406,10495349498,4.127021,8.254341,3.0939198,3
193508543771406,10497849498,4.1222353,8.248658,3.1076784,3
193508546271406,10500349498,4.104588,8.242676,3.1019955,3
193508548771406,10502849498,4.092923,8.259425,3.1133614,3
193508551271406,10505349498,4.0830526,8.244471,3.1157541,3
193508553771406,10507849498,4.0788655,8.2456665,3.1280174,3
193508556271406,10510349498,4.0704904,8.244171,3.126821,3
193508558771406,10512849498,4.066901,8.229815,3.1097722,3
193508561271406,10515349498,4.0764723,8.223234,3.1339993,3
193508563771406,10517849498,4.0755754,8.210671,3.1187453,3
193508566271406,10520349498,4.0791645,8.201998,3.1256247,3
193508568771406,10522849498,4.065705,8.220841,3.135196,3
193508571271406,10525349498,4.0740795,8.207681,3.1339993,3
193508573771406,10527849498,4.071388,8.191529,3.1342986,3
193508576271406,10530349498,4.061816,8.202895,3.1489546,3
193508578771406,10532849498,4.0677986,8.208878,3.161218,3
193508581271406,10535349498,4.066303,8.229815,3.164209,3
193508583771406,10537849498,4.089334,8.223832,3.1630125,3
193508586271406,10540349498,4.0923247,8.220542,3.1666017,3
193508588771406,10542849498,4.0923247,8.235796,3.1857443,3
193508591271406,10545349498,4.0980077,8.24118,3.1860433,3
193508593771406,10547849498,4.099204,8.225029,3.1749766,3
193508596271406,10550349498,4.1084766,8.245368,3.1800613,3
193508598771406,10552849498,4.1033916,8.256734,3.1695926,3
193508601271406,10555349498,4.1174498,8.259425,3.191128,3
193508603771406,10557849498,4.113561,8.273783,3.1866415,3
193508606271406,10560349498,4.109673,8.284551,3.185445,3
193508608771406,10562849498,4.112365,8.279764,3.1776686,3
193508611271406,10565349498,4.1111684,8.268997,3.162115,3
193508613771406,10567849498,4.1240296,8.269595,3.167798,3
193508616271406,10570349498,4.1168513,8.2812605,3.1749766,3
193508618771406,10572849498,4.128516,8.29801,3.1776686,3
193508621271406,10575349498,4.1467614,8.302197,3.1914272,3
193508623771406,10577849498,4.1778684,8.293523,3.1866415,3
193508626271406,10580349498,4.185346,8.311469,3.2045877,3
193508628771406,10582849498,4.195216,8.308179,3.1953156,3
193508631271406,10585349498,4.2035913,8.286943,3.2004004,3
193508633771406,10587849498,4.217051,8.300702,3.1953156,3
193508636271406,10590349498,4.223631,8.307282,3.1986058,3
193508638771406,10592849498,4.2260237,8.305488,3.1989048,3
193508641271406,10595349498,4.2406797,8.311469,3.2096725,3
193508643771406,10597849498,4.2427735,8.323434,3.204887,3
193508646271406,10600349498,4.2484565,8.312965,3.1953156,3
193508648771406,10602849498,4.228716,8.324032,3.1941192,3
193508651271406,10605349498,4.241278,8.334201,3.1905298,3
193508653771406,10607849498,4.2373896,8.345268,3.205784,3
193508656271406,10610349498,4.2332025,8.346464,3.2081769,3
193508658771406,10612849498,4.2308097,8.3345,3.219842,3
193508661271406,10615349498,4.2071805,8.345268,3.2309089,3
193508663771406,10617849498,4.206283,8.343473,3.225525,3
193508666271406,10620349498,4.191627,8.343473,3.2099717,3
193508668771406,10622849498,4.1793637,8.339286,3.1998022,3
193508671271406,10625349498,4.173382,8.327023,3.205485,3
193508673771406,10627849498,4.171587,8.323434,3.2075787,3
193508676271406,10630349498,4.159324,8.316854,3.202494,3
193508678771406,10632849498,4.156034,8.312666,3.2210383,3
193508681271406,10635349498,4.165306,8.292925,3.2330024,3
193508683771406,10637849498,4.1515474,8.277073,3.2273195,3
193508686271406,10640349498,4.138985,8.272586,3.2497523,3
193508688771406,10642849498,4.1297126,8.256135,3.2856445,3
193508691271406,10645349498,4.119543,8.254341,3.2823544,3
193508693771406,10647849498,4.1374893,8.237591,3.2709885,3
193508696271406,10650349498,4.132704,8.233703,3.3062828,3
193508698771406,10652849498,4.1147575,8.216953,3.3323047,3
193508701271406,10655349498,4.099204,8.183454,3.3675988,3
193508703771406,10657849498,4.110271,8.159525,3.3792639,3
193508706271406,10660349498,4.133601,8.1344,3.3675988,3
193508708771406,10662849498,4.156034,8.113763,3.3278182,3
193508711271406,10665349498,4.1790648,8.096714,3.3269207,3
193508713771406,10667849498,4.2035913,8.058727,3.3457642,3
193508716271406,10670349498,4.2110686,8.036295,3.3520455,3
193508718771406,10672849498,4.226323,8.016853,3.3290145,3
193508721271406,10675349498,4.2421756,7.999206,3.3236306,3
193508723771406,10677849498,4.24726,8.006683,3.3311083,3
193508726271406,10680349498,4.246961,8.0013,3.312564,3
193508728771406,10682849498,4.2341,8.010273,3.2745779,3
193508731271406,10685349498,4.2224345,8.023134,3.2721848,3
193508733771406,10687849498,4.2191443,8.043773,3.2644083,3
193508736271406,10690349498,4.2388854,8.050951,3.2706895,3
193508738771406,10692849498,4.2335014,8.061719,3.2799616,3
193508741271406,10695349498,4.240082,8.076973,3.2509487,3
193508743771406,10697849498,4.2424746,8.080263,3.2449665,3
193508746271406,10700349498,4.2391844,8.087142,3.2557342,3
193508748771406,10702849498,4.24397,8.094022,3.2422748,3
193508751271406,10705349498,4.261916,8.099705,3.2479577,3
193508753771406,10707849498,4.2738805,8.1071825,3.2566316,3
193508756271406,10710349498,4.2870407,8.114959,3.2422748,3
193508758771406,10712849498,4.2951164,8.111071,3.2246277,3
193508761271406,10715349498,4.2942195,8.115258,3.2386854,3
193508763771406,10717849498,4.3091745,8.122736,3.23719,3
193508766271406,10720349498,4.308576,8.126624,3.2383864,3
193508768771406,10722849498,4.316353,8.133204,3.24048,3
193508771271406,10725349498,4.3118663,8.132905,3.2380872,3
193508773771406,10727849498,4.3097725,8.148758,3.2356944,3
193508776271406,10730349498,4.308277,8.141579,3.2563324,3
193508778771406,10732849498,4.301996,8.154441,3.2473595,3
193508781271406,10735349498,4.3058844,8.156235,3.2437701,3
193508783771406,10737849498,4.3007994,8.153543,3.24048,3
193508786271406,10740349498,4.3007994,8.160422,3.237489,3
193508788771406,10742849498,4.306782,8.165507,3.2425737,3
193508791271406,10745349498,4.2981076,8.170891,3.2279177,3
193508793771406,10747849498,4.3034916,8.178069,3.2132616,3
193508796271406,10750349498,4.314259,8.19781,3.2093735,3
193508798771406,10752849498,4.3468614,8.203195,3.1959138,3
193508801271406,10755349498,4.331308,8.2145605,3.1797621,3
193508803771406,10757849498,4.2921257,8.220542,3.1842487,3
193508806271406,10760349498,4.2975097,8.195119,3.225226,3
193508808771406,10762849498,4.2705903,8.183154,3.24048,3
193508811271406,10765349498,4.255336,8.193025,3.2018957,3
193508813771406,10767849498,4.2574296,8.212766,3.173481,3
193508816271406,10770349498,4.2442694,8.2094755,3.1645079,3
193508818771406,10772849498,4.223631,8.1891365,3.1806595,3
193508821271406,10775349498,4.2035913,8.19811,3.2069805,3
193508823771406,10777849498,4.1997027,8.192427,3.2279177,3
193508826271406,10780349498,4.1961136,8.195119,3.2497523,3
193508828771406,10782849498,4.180261,8.196015,3.2240293,3
193508831271406,10785349498,4.1781673,8.190931,3.2093735,3
193508833771406,10787849498,4.18056,8.195417,3.205485,3
193508836271406,10790349498,4.1925244,8.185547,3.2006993,3
193508838771406,10792849498,4.19731,8.173284,3.2045877,3
193508841271406,10795349498,4.208078,8.166703,3.199503,3
193508843771406,10797849498,4.214359,8.155637,3.1899316,3
193508846271406,10800349498,4.2125645,8.159226,3.1806595,3
193508848771406,10802849498,4.223631,8.167302,3.1899316,3
193508851271406,10805349498,4.2302113,8.171788,3.1986058,3
193508853771406,10807849498,4.24397,8.15803,3.1980073,3
193508856271406,10810349498,4.229015,8.165807,3.1923244,3
193508858771406,10812849498,4.234399,8.165507,3.184548,3
193508861271406,10815349498,4.223033,8.167003,3.1833515,3
193508863771406,10817849498,4.2248273,8.159226,3.1779675,3
193508866271406,10820349498,4.2203407,8.16132,3.173481,3
193508868771406,10822849498,4.2188454,8.174181,3.1758738,3
193508871271406,10825349498,4.202395,8.187342,3.1875389,3
193508873771406,10827849498,4.202993,8.181659,3.1893334,3
193508876271406,10830349498,4.1898327,8.176275,3.2243285,3
193508878771406,10832849498,4.1871405,8.179864,3.2162528,3
193508881271406,10835349498,4.185346,8.189734,3.2004004,3
193508883771406,10837849498,4.176971,8.19452,3.2039895,3
193508886271406,10840349498,4.173681,8.199007,3.1812577,3
193508888771406,10842849498,4.151248,8.208279,3.1866415,3
193508891271406,10845349498,4.141677,8.197512,3.2036905,3
193508893771406,10847849498,4.141677,8.198408,3.2066815,3
193508896271406,10850349498,4.1458645,8.199605,3.1971102,3
193508898771406,10852849498,4.145565,8.201698,3.2186456,3
193508901271406,10855349498,4.1386857,8.207681,3.2210383,3
193508903771406,10857849498,4.1374893,8.216056,3.2330024,3
193508906271406,10860349498,4.154239,8.228618,3.2123644,3
193508908771406,10862849498,4.1647077,8.22802,3.2201412,3
193508911271406,10865349498,4.1901317,8.222636,3.2276187,3
193508913771406,10867849498,4.200301,8.2145605,3.2506495,3
193508916271406,10870349498,4.215854,8.202297,3.2416766,3
193508918771406,10872849498,4.2296133,8.201698,3.2398818,3
193508921271406,10875349498,4.213761,8.183154,3.2736804,3
193508923771406,10877849498,4.205984,8.188539,3.2712877,3
193508926271406,10880349498,4.2020955,8.180761,3.2832518,3
193508928771406,10882849498,4.2134614,8.184649,3.2994034,3
193508931271406,10885349498,4.2317066,8.1687975,3.2913275,3
193508933771406,10887849498,4.247559,8.159525,3.2814572,3
193508936271406,10890349498,4.235894,8.16102,3.3047872,3
193508938771406,10892849498,4.2332025,8.139785,3.336492,3
193508941271406,10895349498,4.2352962,8.129017,3.321537,3
193508943771406,10897849498,4.2424746,8.138887,3.3059835,3
193508946271406,10900349498,4.249653,8.146664,3.3056846,3
193508948771406,10902849498,4.2649074,8.139485,3.306881,3
193508951271406,10905349498,4.2690945,8.137093,3.3008988,3
193508953771406,10907849498,4.2912283,8.13111,3.2617164,3
193508956271406,10910349498,4.3070807,8.110173,3.2626138,3
193508958771406,10912849498,4.3375893,8.089834,3.2802608,3
193508961271406,10915349498,4.35075,8.072486,3.2650065,3
193508963771406,10917849498,4.3674994,8.068598,3.245864,3
193508966271406,10920349498,4.3504505,8.059924,3.2330024,3
193508968771406,10922849498,4.3576293,8.076973,3.2216365,3
193508971271406,10925349498,4.331009,8.07129,3.223431,3
193508973771406,10927849498,4.3319063,8.089535,3.2207394,3
193508976271406,10930349498,4.3372903,8.098508,3.2027931,3
193508978771406,10932849498,4.323232,8.118548,3.1890345,3
193508981271406,10935349498,4.310969,8.1275215,3.2108688,3
193508983771406,10937849498,4.3097725,8.145168,3.2210383,3
193508986271406,10940349498,4.307679,8.149954,3.2407792,3
193508988771406,10942849498,4.31067,8.161619,3.2413774,3
193508991271406,10945349498,4.301398,8.169695,3.2213376,3
193508993771406,10947849498,4.2852464,8.176574,3.205186,3
193508996271406,10950349498,4.2631125,8.176275,3.1989048,3
193508998771406,10952849498,4.24726,8.18794,3.1546376,3
193509001271406,10955349498,4.2191443,8.192127,3.1543384,3
193509003771406,10957849498,4.208377,8.207381,3.1169505,3
193509006271406,10960349498,4.1814575,8.209774,3.1145577,3
193509008771406,10962849498,4.159623,8.216354,3.0993035,3
193509011271406,10965349498,4.141677,8.229515,3.100799,3
193509013771406,10967849498,4.124329,8.239685,3.1217363,3
193509016271406,10970349498,4.100999,8.240283,3.1259236,3
193509018771406,10972849498,4.0944185,8.269895,3.129812,3
193509021271406,10975349498,4.0911283,8.283952,3.1549366,3
193509023771406,10977849498,4.0890346,8.279166,3.162115,3
193509026271406,10980349498,4.0881376,8.285747,3.176173,3
193509028771406,10982849498,4.0980077,8.283653,3.1806595,3
193509031271406,10985349498,4.1018963,8.27468,3.2087753,3
193509033771406,10987849498,4.130012,8.273483,3.2333016,3
193509036271406,10990349498,4.1255255,8.27797,3.2365918,3
193509038771406,10992849498,4.127021,8.257332,3.1740792,3
193509041271406,10995349498,4.1401815,8.242975,3.1331022,3
193509043771406,10997849498,4.165007,8.228917,3.1348968,3
193509046271406,11000349498,4.188038,8.196015,3.1746774,3
193509048771406,11002849498,4.197011,8.193922,3.2093735,3
193509051271406,11005349498,4.208377,8.184649,3.2183464,3
193509053771406,11007849498,4.1982074,8.180761,3.2383864,3
193509056271406,11010349498,4.2038903,8.180761,3.2398818,3
193509058771406,11012849498,4.194917,8.176574,3.2560334,3
193509061271406,11015349498,4.173681,8.1738825,3.2425737,3
193509063771406,11017849498,4.1778684,8.16102,3.2297122,3
193509066271406,11020349498,4.159324,8.170592,3.2237303,3
193509068771406,11022849498,4.1635113,8.158329,3.2330024,3
193509071271406,11025349498,4.174279,8.154739,3.2422748,3
193509073771406,11027849498,4.1754756,8.147262,3.2389846,3
193509076271406,11030349498,4.188038,8.144869,3.2386854,3
193509078771406,11032849498,4.1907296,8.1484585,3.2210383,3
193509081271406,11035349498,4.196712,8.155637,3.2362926,3
193509083771406,11037849498,4.182953,8.145168,3.214159,3
193509086271406,11040349498,4.182355,8.156235,3.2174492,3
193509088771406,11042849498,4.1832523,8.1637125,3.211168,3
193509091271406,11045349498,4.1889353,8.172985,3.1857443,3
193509093771406,11047849498,4.1901317,8.164012,3.173182,3
193509096271406,11050349498,4.1901317,8.175078,3.1785657,3
193509098771406,11052849498,4.185346,8.199306,3.1639097,3
193509101271406,11055349498,4.19402,8.205587,3.1513474,3
193509103771406,11057849498,4.2000017,8.216654,3.1492536,3
193509106271406,11060349498,4.1961136,8.228618,3.162115,3
193509108771406,11062849498,4.2017965,8.246863,3.1680973,3
193509111271406,11065349498,4.210171,8.245368,3.1719856,3
193509113771406,11067849498,4.2272205,8.244769,3.1866415,3
193509116271406,11070349498,4.2251267,8.242975,3.190829,3
193509118771406,11072849498,4.2161536,8.248658,3.1947174,3
193509121271406,11075349498,4.226323,8.249256,3.1872396,3
193509123771406,11077849498,4.223033,8.252846,3.1980073,3
193509126271406,11080349498,4.2281175,8.252846,3.1980073,3
193509128771406,11082849498,4.243372,8.244171,3.1890345,3
193509131271406,11085349498,4.2571306,8.239984,3.1830523,3
193509133771406,11087849498,4.2655053,8.229217,3.1947174,3
193509136271406,11090349498,4.2625146,8.233105,3.2063823,3
193509138771406,11092849498,4.2711883,8.223534,3.2156546,3
193509141271406,11095349498,4.269394,8.208279,3.2153554,3
193509143771406,11097849498,4.2684965,8.203493,3.1977084,3
193509146271406,11100349498,4.260421,8.206485,3.170789,3
193509148771406,11102849498,4.2690945,8.180163,3.211467,3
193509151271406,11105349498,4.2652063,8.182856,3.2069805,3
193509153771406,11107849498,4.2541394,8.188539,3.2135608,3
193509156271406,11110349498,4.2463627,8.1891365,3.2237303,3
193509158771406,11112849498,4.235894,8.19123,3.225525,3
193509161271406,11115349498,4.222734,8.185846,3.2341988,3
193509163771406,11117849498,4.235595,8.180163,3.2333016,3
193509166271406,11120349498,4.2242293,8.176275,3.2063823,3
193509168771406,11122849498,4.217051,8.1682,3.2246277,3
193509171271406,11125349498,4.2191443,8.167302,3.2231321,3
193509173771406,11127849498,4.236193,8.165807,3.2012975,3
193509176271406,11130349498,4.2242293,8.165807,3.2078779,3
193509178771406,11132849498,4.167998,8.181359,3.2072797,3
193509181271406,11135349498,4.1641097,8.176275,3.2201412,3
193509183771406,11137849498,4.1775694,8.179565,3.2001011,3
193509186271406,11140349498,4.219743,8.156534,3.170789,3
193509188771406,11142849498,4.2314076,8.152945,3.1522448,3
193509191271406,11145349498,4.223631,8.156235,3.1749766,3
193509193771406,11147849498,4.217649,8.156235,3.1893334,3
193509196271406,11150349498,4.2332025,8.1347,3.1663027,3
193509198771406,11152849498,4.262215,8.143075,3.1606195,3
193509201271406,11155349498,4.2852464,8.135597,3.1348968,3
193509203771406,11157849498,4.29721,8.126923,3.1052856,3
193509206271406,11160349498,4.2927237,8.111669,3.0705895,3
193509208771406,11162849498,4.286144,8.111669,3.056831,3
193509211271406,11165349498,4.2858443,8.1020975,3.080759,3
193509213771406,11167849498,4.315755,8.105088,3.1112676,3
193509216271406,11170349498,4.3058844,8.120941,3.1292138,3
193509218771406,11172849498,4.3187456,8.123632,3.088835,3
193509221271406,11175349498,4.316652,8.12124,3.0514472,3
193509223771406,11177849498,4.325625,8.1179495,3.0254252,3
193509226271406,11180349498,4.319045,8.126026,3.0406795,3
193509228771406,11182849498,4.321737,8.137392,3.094817,3
193509231271406,11185349498,4.325326,8.1679,3.139084,3
193509233771406,11187849498,4.321737,8.183753,3.1591241,3
193509236271406,11190349498,4.316652,8.200203,3.1725838,3
193509238771406,11192849498,4.2945185,8.216056,3.2027931,3
193509241271406,11195349498,4.2771707,8.221439,3.2063823,3
193509243771406,11197849498,4.2894335,8.2253275,3.2001011,3
193509246271406,11200349498,4.267001,8.240283,3.2330024,3
193509248771406,11202849498,4.2720857,8.241479,3.257828,3
193509251271406,11205349498,4.2681975,8.238788,3.26052,3
193509253771406,11207849498,4.249055,8.246863,3.2620156,3
193509256271406,11210349498,4.2505503,8.2456665,3.2653055,3
193509258771406,11212849498,4.252644,8.247163,3.2730823,3
193509261271406,11215349498,4.2690945,8.237591,3.2763724,3
193509263771406,11217849498,4.261318,8.240582,3.251846,3
193509266271406,11220349498,4.272983,8.221439,3.28385,3
193509268771406,11222849498,4.2673,8.219047,3.281158,3
193509271271406,11225349498,4.267599,8.211868,3.2805598,3
193509273771406,11227849498,4.2831526,8.196913,3.2641091,3
193509276271406,11230349498,4.301398,8.187641,3.2440693,3
193509278771406,11232849498,4.281956,8.191829,3.2590244,3
193509281271406,11235349498,4.2948174,8.182856,3.2336006,3
193509283771406,11237849498,4.301996,8.165507,3.2524443,3
193509286271406,11240349498,4.304987,8.152048,3.2270205,3
193509288771406,11242849498,4.2984066,8.130812,3.2267213,3
193509291271406,11245349498,4.299603,8.127222,3.2333016,3
193509293771406,11247849498,4.3145585,8.122736,3.2189445,3
193509296271406,11250349498,4.2966123,8.106584,3.2093735,3
193509298771406,11252849498,4.304987,8.094919,3.228815,3
193509301271406,11255349498,4.3040895,8.094919,3.225824,3
193509303771406,11257849498,4.2888355,8.089834,3.2392836,3
193509306271406,11260349498,4.2852464,8.090134,3.2410784,3
193509308771406,11262849498,4.2858443,8.091629,3.2383864,3
193509311271406,11265349498,4.272684,8.065906,3.254837,3
193509313771406,11267849498,4.2831526,8.046165,3.2584262,3
193509316271406,11270349498,4.272983,8.052746,3.266502,3
193509318771406,11272849498,4.267599,8.059027,3.2739797,3
193509321271406,11275349498,4.269394,8.049156,3.2700913,3
193509323771406,11277849498,4.269394,8.03809,3.2623146,3
193509326271406,11280349498,4.2738805,8.043773,3.2671003,3
193509328771406,11282849498,4.281358,8.042277,3.2757742,3
193509331271406,11285349498,4.278965,8.047661,3.2545378,3
193509333771406,11287849498,4.274778,8.048857,3.2626138,3
193509336271406,11290349498,4.2720857,8.043174,3.2488549,3
193509338771406,11292849498,4.2834516,8.03779,3.2174492,3
193509341271406,11295349498,4.2702913,8.043473,3.2138598,3
193509343771406,11297849498,4.267898,8.048857,3.222534,3
193509346271406,11300349498,4.2828536,8.052746,3.234498,3
193509348771406,11302849498,4.2948174,8.062915,3.2300115,3
193509351271406,11305349498,4.302295,8.068897,3.2377882,3
193509353771406,11307849498,4.308576,8.070991,3.26052,3
193509356271406,11310349498,4.322335,8.070393,3.260819,3
193509358771406,11312849498,4.3262234,8.065607,3.2356944,3
193509361271406,11315349498,4.313661,8.080263,3.2330024,3
193509363771406,11317849498,4.3262234,8.0766735,3.2189445,3
193509366271406,11320349498,4.3178487,8.065308,3.2156546,3
193509368771406,11322849498,4.322036,8.069795,3.2087753,3
193509371271406,11325349498,4.328616,8.070692,3.2162528,3
193509373771406,11327849498,4.3268213,8.088039,3.2033913,3
193509376271406,11330349498,4.325625,8.090134,3.1959138,3
193509378771406,11332849498,4.316353,8.100004,3.2039895,3
193509381271406,11335349498,4.316353,8.10449,3.2012975,3
193509383771406,11337849498,4.3127637,8.114061,3.2036905,3
193509386271406,11340349498,4.3091745,8.122137,3.1986058,3
193509388771406,11342849498,4.301697,8.133204,3.1683962,3
193509391271406,11345349498,4.3118663,8.132606,3.164209,3
193509393771406,11347849498,4.2945185,8.142776,3.1770704,3
193509396271406,11350349498,4.2921257,8.151449,3.1600213,3
193509398771406,11352849498,4.2942195,8.159824,3.150151,3
193509401271406,11355349498,4.290032,8.170592,3.139084,3
193509403771406,11357849498,4.2921257,8.179565,3.1043882,3
193509406271406,11360349498,4.2999024,8.187042,3.0789645,3
193509408771406,11362849498,4.310072,8.185248,3.0592237,3
193509411271406,11365349498,4.3121657,8.192127,3.0675986,3
193509413771406,11367849498,4.3187456,8.208578,3.0843484,3
193509416271406,11370349498,4.3130627,8.220542,3.1307094,3
193509418771406,11372849498,4.301996,8.245069,3.1917262,3
193509421271406,11375349498,4.288237,8.260323,3.2132616,3
193509423771406,11377849498,4.2690945,8.283054,3.2380872,3
193509426271406,11380349498,4.2681975,8.27468,3.2440693,3
193509428771406,11382849498,4.241278,8.282157,3.2644083,3
193509431271406,11385349498,4.2338004,8.29113,3.2793634,3
193509433771406,11387849498,4.22064,8.288439,3.2937205,3
193509436271406,11390349498,4.2095733,8.290532,3.2919257,3
193509438771406,11392849498,4.200301,8.283653,3.2862427,3
193509441271406,11395349498,4.1925244,8.293523,3.2982068,3
193509443771406,11397849498,4.187739,8.293523,3.2733815,3
193509446271406,11400349498,4.173382,8.270193,3.26052,3
193509448771406,11402849498,4.1668015,8.275876,3.257529,3
193509451271406,11405349498,4.151248,8.268997,3.2410784,3
193509453771406,11407849498,4.153342,8.272586,3.237489,3
193509456271406,11410349498,4.1374893,8.285149,3.2285159,3
193509458771406,11412849498,4.127021,8.270791,3.2210383,3
193509461271406,11415349498,4.124628,8.270193,3.2303107,3
193509463771406,11417849498,4.1255255,8.27139,3.2216365,3
193509466271406,11420349498,4.1291146,8.273184,3.2201412,3
193509468771406,11422849498,4.132704,8.26451,3.2123644,3
193509471271406,11425349498,4.1461635,8.261519,3.2027931,3
193509473771406,11427849498,4.148855,8.258529,3.1905298,3
193509476271406,11430349498,4.147061,8.256135,3.173481,3
193509478771406,11432849498,4.1605206,8.258229,3.1692936,3
193509481271406,11435349498,4.1590247,8.242376,3.158526,3
193509483771406,11437849498,4.1641097,8.228917,3.1776686,3
193509486271406,11440349498,4.1808596,8.215158,3.1767712,3
193509488771406,11442849498,4.1901317,8.210971,3.1800613,3
193509491271406,11445349498,4.18056,8.196614,3.1564322,3
193509493771406,11447849498,4.18056,8.19452,3.1806595,3
193509496271406,11450349498,4.1781673,8.193324,3.193521,3
193509498771406,11452849498,4.17727,8.184649,3.1977084,3
193509501271406,11455349498,4.1724844,8.187641,3.1989048,3
193509503771406,11457849498,4.1575294,8.180761,3.1953156,3
193509506271406,11460349498,4.154239,8.164012,3.2240293,3
193509508771406,11462849498,4.1578283,8.167003,3.2267213,3
193509511271406,11465349498,4.1647077,8.160722,3.2294133,3
193509513771406,11467849498,4.1632123,8.156235,3.2443683,3
193509516271406,11470349498,4.174877,8.163115,3.2515469,3
193509518771406,11472849498,4.180261,8.153543,3.2647073,3
193509521271406,11475349498,4.2044883,8.151749,3.2685957,3
193509523771406,11477849498,4.211667,8.160422,3.2434711,3
193509526271406,11480349498,4.2308097,8.134102,3.2566316,3
193509528771406,11482849498,4.2508492,8.126624,3.2572298,3
193509531271406,11485349498,4.2649074,8.123334,3.249154,3
193509533771406,11487849498,4.272983,8.119446,3.2392836,3
193509536271406,11490349498,4.2762733,8.113463,3.2177482,3
193509538771406,11492849498,4.287639,8.106285,3.240181,3
193509541271406,11495349498,4.304987,8.110771,3.2327034,3
193509543771406,11497849498,4.3097725,8.117053,3.2189445,3
193509546271406,11500349498,4.319643,8.119744,3.21715,3
193509548771406,11502849498,4.3115673,8.12124,3.2419755,3
193509551271406,11505349498,4.3178487,8.128717,3.2416766,3
193509553771406,11507849498,4.319045,8.129914,3.2359936,3
193509556271406,11510349498,4.307978,8.130512,3.2425737,3
193509558771406,11512849498,4.3073797,8.129914,3.24048,3
193509561271406,11515349498,4.302594,8.123932,3.2300115,3
193509563771406,11517849498,4.302594,8.133503,3.225226,3
193509566271406,11520349498,4.298706,8.135896,3.2285159,3
193509568771406,11522849498,4.281956,8.152945,3.2126634,3
193509571271406,11525349498,4.2912283,8.1687975,3.2081769,3
193509573771406,11527849498,4.2948174,8.158927,3.205485,3
193509576271406,11530349498,4.299005,8.181061,3.2285159,3
193509578771406,11532849498,4.3127637,8.190632,3.2312078,3
193509581271406,11535349498,4.3187456,8.201998,3.240181,3
193509583771406,11537849498,4.319344,8.2145605,3.2449665,3
193509586271406,11540349498,4.343571,8.22772,3.2237303,3
193509588771406,11542849498,4.3483567,8.208578,3.2186456,3
193509591271406,11545349498,4.343272,8.210373,3.1989048,3
193509593771406,11547849498,4.3552365,8.212766,3.2045877,3
193509596271406,11550349498,4.3483567,8.197212,3.1962128,3
193509598771406,11552849498,4.345067,8.1942215,3.1716864,3
193509601271406,11555349498,4.3525443,8.171788,3.1663027,3
193509603771406,11557849498,4.3384867,8.177471,3.167499,3
193509606271406,11560349498,4.336692,8.173583,3.1752756,3
193509608771406,11562849498,4.3334017,8.163414,3.1752756,3
193509611271406,11565349498,4.325326,8.156235,3.1797621,3
193509613771406,11567849498,4.310072,8.156235,3.1785657,3
193509616271406,11570349498,4.299005,8.143673,3.2078779,3
193509618771406,11572849498,4.287938,8.130512,3.2075787,3
193509621271406,11575349498,4.279264,8.149356,3.2243285,3
193509623771406,11577849498,4.278666,8.13799,3.219842,3
193509626271406,11580349498,4.2738805,8.12782,3.2093735,3
193509628771406,11582849498,4.260122,8.121839,3.2117662,3
193509631271406,11585349498,4.2505503,8.118847,3.2078779,3
193509633771406,11587849498,4.2364926,8.122437,3.204887,3
193509636271406,11590349498,4.237689,8.094022,3.1947174,3
193509638771406,11592849498,4.237988,8.098508,3.2087753,3
193509641271406,11595349498,4.2391844,8.102995,3.1959138,3
193509643771406,11597849498,4.2335014,8.106584,3.1956146,3
193509646271406,11600349498,4.249354,8.102397,3.1980073,3
193509648771406,11602849498,4.254738,8.090134,3.2015967,3
193509651271406,11605349498,4.269394,8.082356,3.2045877,3
193509653771406,11607849498,4.272983,8.088339,3.1986058,3
193509656271406,11610349498,4.2705903,8.083852,3.1950164,3
193509658771406,11612849498,4.2762733,8.075178,3.1974092,3
193509661271406,11615349498,4.2801614,8.076973,3.1842487,3
193509663771406,11617849498,4.2828536,8.080263,3.164807,3
193509666271406,11620349498,4.29721,8.082058,3.1683962,3
193509668771406,11622849498,4.3031926,8.080861,3.1689944,3
193509671271406,11625349498,4.306782,8.094919,3.187838,3
193509673771406,11627849498,4.304987,8.101798,3.1857443,3
193509676271406,11630349498,4.307679,8.105687,3.1926236,3
193509678771406,11632849498,4.2978086,8.117651,3.190829,3
193509681271406,11635349498,4.2951164,8.128717,3.204887,3
193509683771406,11637849498,4.2924247,8.149356,3.187838,3
193509686271406,11640349498,4.2741795,8.153842,3.185146,3
193509688771406,11642849498,4.2514477,8.160422,3.1806595,3
193509691271406,11645349498,4.2308097,8.181359,3.1630125,3
193509693771406,11647849498,4.2311087,8.200502,3.1480572,3
193509696271406,11650349498,4.2188454,8.216056,3.1510484,3
193509698771406,11652849498,4.2006,8.22772,3.1680973,3
193509701271406,11655349498,4.219444,8.2304125,3.1692936,3
193509703771406,11657849498,4.2242293,8.249556,3.17049,3
193509706271406,11660349498,4.2311087,8.252546,3.1773694,3
193509708771406,11662849498,4.237988,8.259425,3.1944182,3
193509711271406,11665349498,4.239783,8.263314,3.1782668,3
193509713771406,11667849498,4.240381,8.259725,3.1713872,3
193509716271406,11670349498,4.2457647,8.254042,3.17049,3
193509718771406,11672849498,4.2595234,8.249854,3.1504502,3
193509721271406,11675349498,4.261916,8.257631,3.1552358,3
193509723771406,11677849498,4.2702913,8.242376,3.1495528,3
193509726271406,11680349498,4.275376,8.230712,3.140879,3
193509728771406,11682849498,4.2610188,8.220542,3.138187,3
193509731271406,11685349498,4.2708893,8.218449,3.1489546,3
193509733771406,11687849498,4.241876,8.215756,3.1441689,3
193509736271406,11690349498,4.2502513,8.214859,3.1402807,3
193509738771406,11692849498,4.240082,8.218449,3.153142,3
193509741271406,11695349498,4.2454658,8.223832,3.1752756,3
193509743771406,11697849498,4.2511487,8.210671,3.1803603,3
193509746271406,11700349498,4.229314,8.206185,3.190829,3
193509748771406,11702849498,4.226622,8.208279,3.1884363,3
193509751271406,11705349498,4.2424746,8.193623,3.202494,3
193509753771406,11707849498,4.241278,8.196015,3.2069805,3
193509756271406,11710349498,4.247559,8.187342,3.1962128,3
193509758771406,11712849498,4.258626,8.178668,3.2090743,3
193509761271406,11715349498,4.269693,8.173583,3.1950164,3
193509763771406,11717849498,4.287639,8.170891,3.1926236,3
193509766271406,11720349498,4.2864428,8.15803,3.1896327,3
193509768771406,11722849498,4.2894335,8.151449,3.2033913,3
193509771271406,11725349498,4.287938,8.147262,3.2099717,3
193509773771406,11727849498,4.287938,8.152945,3.1977084,3
193509776271406,11730349498,4.2894335,8.146963,3.1890345,3
193509778771406,11732849498,4.2948174,8.152646,3.196512,3
193509781271406,11735349498,4.2912283,8.162815,3.1926236,3
193509783771406,11737849498,4.3055854,8.1433735,3.1929228,3
193509786271406,11740349498,4.2978086,8.152347,3.1839497,3
193509788771406,11742849498,4.299005,8.144271,3.1962128,3
193509791271406,11745349498,4.29392,8.139186,3.205485,3
193509793771406,11747849498,4.2945185,8.130812,3.191128,3
193509796271406,11750349498,4.293023,8.1230345,3.1716864,3
193509798771406,11752849498,4.293621,8.116156,3.1869407,3
193509801271406,11755349498,4.2966123,8.119146,3.2006993,3
193509803771406,11757849498,4.2891345,8.115557,3.202494,3
193509806271406,11760349498,4.2918267,8.099107,3.199503,3
193509808771406,11762849498,4.2942195,8.097312,3.1941192,3
193509811271406,11765349498,4.2909293,8.099107,3.205186,3
193509813771406,11767849498,4.286144,8.085348,3.2027931,3
193509816271406,11770349498,4.29721,8.104191,3.2147572,3
193509818771406,11772849498,4.3002014,8.099705,3.2036905,3
193509821271406,11775349498,4.2966123,8.113164,3.1914272,3
193509823771406,11777849498,4.2963133,8.125129,3.1950164,3
193509826271406,11780349498,4.2951164,8.125727,3.1902308,3
193509828771406,11782849498,4.293023,8.129914,3.187838,3
193509831271406,11785349498,4.3040895,8.1230345,3.1755748,3
193509833771406,11787849498,4.2999024,8.13111,3.1710882,3
193509836271406,11790349498,4.3070807,8.141579,3.1579278,3
193509838771406,11792849498,4.3055854,8.1484585,3.1510484,3
193509841271406,11795349498,4.3148575,8.162217,3.1555347,3
193509843771406,11797849498,4.3002014,8.174181,3.158825,3
193509846271406,11800349498,4.301697,8.1687975,3.147459,3
193509848771406,11802849498,4.281059,8.187641,3.1525438,3
193509851271406,11805349498,4.288237,8.205587,3.1549366,3
193509853771406,11807849498,4.288237,8.201698,3.1710882,3
193509856271406,11810349498,4.2837505,8.211868,3.1827533,3
193509858771406,11812849498,4.2921257,8.214261,3.1746774,3
193509861271406,11815349498,4.293023,8.222935,3.1896327,3
193509863771406,11817849498,4.2801614,8.2145605,3.176472,3
193509866271406,11820349498,4.2777686,8.216354,3.1603205,3
193509868771406,11822849498,4.2852464,8.205288,3.1639097,3
193509871271406,11825349498,4.287938,8.203793,3.1722846,3
193509873771406,11827849498,4.2948174,8.196614,3.176472,3
193509876271406,11830349498,4.2912283,8.192427,3.1399815,3
193509878771406,11832849498,4.290331,8.193922,3.159423,3
193509881271406,11835349498,4.281059,8.176873,3.1645079,3
193509883771406,11837849498,4.2777686,8.178069,3.159423,3
193509886271406,11840349498,4.2655053,8.1789665,3.1543384,3
193509888771406,11842849498,4.264309,8.181659,3.1432717,3
193509891271406,11845349498,4.2649074,8.177771,3.1423743,3
193509893771406,11847849498,4.255037,8.166105,3.1839497,3
193509896271406,11850349498,4.2649074,8.16461,3.1779675,3
193509898771406,11852849498,4.2717867,8.157731,3.1887352,3
193509901271406,11855349498,4.2777686,8.155039,3.1803603,3
193509903771406,11857849498,4.280461,8.145468,3.2012975,3
193509906271406,11860349498,4.29392,8.133802,3.2001011,3
193509908771406,11862849498,4.284947,8.129914,3.2036905,3
193509911271406,11865349498,4.286144,8.125129,3.1827533,3
193509913771406,11867849498,4.290331,8.123334,3.1776686,3
193509916271406,11870349498,4.2777686,8.118249,3.185445,3
193509918771406,11872849498,4.278666,8.123932,3.187838,3
193509921271406,11875349498,4.284349,8.122137,3.1950164,3
193509923771406,11877849498,4.293621,8.116454,3.193521,3
193509926271406,11880349498,4.2909293,8.120343,3.188137,3
193509928771406,11882849498,4.2909293,8.144869,3.2001011,3
193509931271406,11885349498,4.299005,8.147861,3.2036905,3
193509933771406,11887849498,4.3115673,8.146365,3.2090743,3
193509936271406,11890349498,4.3115673,8.154739,3.2063823,3
193509938771406,11892849498,4.319942,8.14457,3.1899316,3
193509941271406,11895349498,4.319643,8.135298,3.1962128,3
193509943771406,11897849498,4.3115673,8.148758,3.1716864,3
193509946271406,11900349498,4.2984066,8.1433735,3.1755748,3
193509948771406,11902849498,4.2888355,8.150851,3.1534412,3
193509951271406,11905349498,4.2738805,8.157432,3.1555347,3
193509953771406,11907849498,4.260421,8.16431,3.1513474,3
193509956271406,11910349498,4.2517467,8.171788,3.1549366,3
193509958771406,11912849498,4.247559,8.168498,3.184548,3
193509961271406,11915349498,4.2454658,8.195717,3.173182,3
193509963771406,11917849498,4.2296133,8.200802,3.1716864,3
193509966271406,11920349498,4.2239304,8.203493,3.1848469,3
193509968771406,11922849498,4.232604,8.215756,3.2012975,3
193509971271406,11925349498,4.24397,8.219047,3.1863425,3
193509973771406,11927849498,4.240979,8.2145605,3.1872396,3
193509976271406,11930349498,4.2388854,8.198408,3.185445,3
193509978771406,11932849498,4.2577286,8.222337,3.1812577,3
193509981271406,11935349498,4.249055,8.207381,3.1743784,3
193509983771406,11937849498,4.24397,8.201698,3.1710882,3
193509986271406,11940349498,4.2451663,8.205587,3.1633115,3
193509988771406,11942849498,4.255336,8.2011,3.1597223,3
193509991271406,11945349498,4.240979,8.204091,3.161517,3
193509993771406,11947849498,4.267898,8.178069,3.164209,3
193509996271406,11950349498,4.2762733,8.182257,3.1657043,3
193509998771406,11952849498,4.2711883,8.182257,3.1660035,3
193510001271406,11955349498,4.260122,8.176873,3.1686954,3
193510003771406,11957849498,4.255336,8.179565,3.165106,3
193510006271406,11960349498,4.2505503,8.1738825,3.1555347,3
193510008771406,11962849498,4.243073,8.178069,3.1639097,3
193510011271406,11965349498,4.246662,8.183154,3.162115,3
193510013771406,11967849498,4.249055,8.1789665,3.1716864,3
193510016271406,11970349498,4.24397,8.1738825,3.1830523,3
193510018771406,11972849498,4.240381,8.169695,3.193521,3
193510021271406,11975349498,4.2341,8.182856,3.1980073,3
193510023771406,11977849498,4.2308097,8.17119,3.211467,3
193510026271406,11980349498,4.2520456,8.173284,3.205784,3
193510028771406,11982849498,4.2667017,8.17478,3.2006993,3
193510031271406,11985349498,4.269992,8.169993,3.2009985,3
193510033771406,11987849498,4.275376,8.161619,3.1986058,3
193510036271406,11990349498,4.2888355,8.156834,3.2117662,3
193510038771406,11992849498,4.301697,8.158329,3.1842487,3
193510041271406,11995349498,4.3002014,8.162517,3.185445,3
193510043771406,11997849498,4.301099,8.149056,3.1830523,3
193510046271406,12000349498,4.307679,8.159525,3.1812577,3
193510048771406,12002849498,4.308576,8.163414,3.1683962,3
193510051271406,12005349498,4.2969112,8.159525,3.1561332,3
193510053771406,12007849498,4.3007994,8.172088,3.1525438,3
193510056271406,12010349498,4.2885365,8.170891,3.1310084,3
193510058771406,12012849498,4.287938,8.177771,3.1504502,3
193510061271406,12015349498,4.2864428,8.175078,3.1462626,3
193510063771406,12017849498,4.281956,8.178668,3.1552358,3
193510066271406,12020349498,4.2667017,8.193623,3.150151,3
193510068771406,12022849498,4.260122,8.19811,3.1555347,3
193510071271406,12025349498,4.253242,8.212168,3.1633115,3
193510073771406,12027849498,4.2541394,8.203793,3.1549366,3
193510076271406,12030349498,4.2421756,8.199904,3.164807,3
193510078771406,12032849498,4.2385864,8.198408,3.1609187,3
193510081271406,12035349498,4.243671,8.19452,3.1603205,3
193510083771406,12037849498,4.232305,8.200203,3.1534412,3
193510086271406,12040349498,4.229015,8.195717,3.1519456,3
193510088771406,12042849498,4.228417,8.19452,3.1495528,3
193510091271406,12045349498,4.2308097,8.182856,3.1576285,3
193510093771406,12047849498,4.237689,8.1687975,3.167499,3
193510096271406,12050349498,4.258028,8.167601,3.179164,3
193510098771406,12052849498,4.261916,8.156534,3.1860433,3
193510101271406,12055349498,4.261916,8.147861,3.1896327,3
193510103771406,12057849498,4.2664027,8.142476,3.1794631,3
193510106271406,12060349498,4.281956,8.127222,3.1929228,3
193510108771406,12062849498,4.295416,8.121839,3.1896327,3
193510111271406,12065349498,4.293621,8.11466,3.173182,3
193510113771406,12067849498,4.2981076,8.099705,3.1794631,3
193510116271406,12070349498,4.3034916,8.093424,3.1830523,3
193510118771406,12072849498,4.3007994,8.105986,3.1695926,3
193510121271406,12075349498,4.286144,8.103892,3.1639097,3
193510123771406,12077849498,4.2864428,8.117651,3.2018957,3
193510126271406,12080349498,4.2774696,8.117053,3.1998022,3
193510128771406,12082849498,4.281657,8.125727,3.203092,3
193510131271406,12085349498,4.2777686,8.126624,3.216851,3
193510133771406,12087849498,4.2858443,8.135298,3.2004004,3
193510136271406,12090349498,4.286144,8.137392,3.2165518,3
193510138771406,12092849498,4.2858443,8.141579,3.1980073,3
193510141271406,12095349498,4.2867417,8.139785,3.204887,3
193510143771406,12097849498,4.289733,8.154441,3.1887352,3
193510146271406,12100349498,4.288237,8.155936,3.1698918,3
193510148771406,12102849498,4.288237,8.150851,3.182454,3
193510151271406,12105349498,4.288237,8.153543,3.182454,3
193510153771406,12107849498,4.2834516,8.170293,3.1737802,3
193510156271406,12110349498,4.304987,8.178069,3.1905298,3
193510158771406,12112849498,4.304987,8.179565,3.1785657,3
193510161271406,12115349498,4.3070807,8.1789665,3.1866415,3
193510163771406,12117849498,4.3070807,8.178668,3.185146,3
193510166271406,12120349498,4.2978086,8.183154,3.1597223,3
193510168771406,12122849498,4.301996,8.174181,3.1498518,3
193510171271406,12125349498,4.2951164,8.190632,3.1657043,3
193510173771406,12127849498,4.28734,8.202297,3.1570303,3
193510176271406,12130349498,4.2834516,8.207681,3.1663027,3
193510178771406,12132849498,4.278367,8.216354,3.1686954,3
193510181271406,12135349498,4.2852464,8.228319,3.1776686,3
193510183771406,12137849498,4.2828536,8.240881,3.1767712,3
193510186271406,12140349498,4.2646084,8.247163,3.1971102,3
193510188771406,12142849498,4.26401,8.247461,3.2015967,3
193510191271406,12145349498,4.274778,8.248957,3.196811,3
193510193771406,12147849498,4.26401,8.247163,3.1941192,3
193510196271406,12150349498,4.261916,8.242975,3.1869407,3
193510198771406,12152849498,4.2702913,8.243573,3.1794631,3
193510201271406,12155349498,4.2628136,8.240582,3.1827533,3
193510203771406,12157849498,4.26401,8.237591,3.1809585,3
193510206271406,12160349498,4.252943,8.2346,3.182454,3
193510208771406,12162849498,4.2442694,8.226824,3.1773694,3
193510211271406,12165349498,4.2571306,8.209774,3.1842487,3
193510213771406,12167849498,4.254738,8.205886,3.1872396,3
193510216271406,12170349498,4.240381,8.198708,3.1624143,3
193510218771406,12172849498,4.2311087,8.196913,3.1827533,3
193510221271406,12175349498,4.2296133,8.193623,3.185445,3
193510223771406,12177849498,4.221238,8.170891,3.1863425,3
193510226271406,12180349498,4.2254257,8.164909,3.1899316,3
193510228771406,12182849498,4.226622,8.164909,3.2027931,3
193510231271406,12185349498,4.223631,8.1586275,3.2237303,3
193510233771406,12187849498,4.2388854,8.149654,3.2177482,3
193510236271406,12190349498,4.2317066,8.132307,3.225824,3
193510238771406,12192849498,4.241278,8.13141,3.216851,3
193510241271406,12195349498,4.2311087,8.121539,3.211168,3
193510243771406,12197849498,4.223631,8.098209,3.2105699,3
193510246271406,12200349498,4.217051,8.10479,3.1974092,3
193510248771406,12202849498,4.2200418,8.109276,3.1926236,3
193510251271406,12205349498,4.21406,8.099107,3.2162528,3
193510253771406,12207849498,4.211368,8.098807,3.2204401,3
193510256271406,12210349498,4.223631,8.10449,3.2285159,3
193510258771406,12212849498,4.223631,8.1179495,3.2231321,3
193510261271406,12215349498,4.226622,8.116454,3.2267213,3
193510263771406,12217849498,4.235595,8.128419,3.21715,3
193510266271406,12220349498,4.2338004,8.128119,3.2204401,3
193510268771406,12222849498,4.2224345,8.143673,3.225525,3
193510271271406,12225349498,4.238287,8.134998,3.211168,3
193510273771406,12227849498,4.2281175,8.147861,3.1980073,3
193510276271406,12230349498,4.2299123,8.156534,3.1875389,3
193510278771406,12232849498,4.2341,8.157132,3.179164,3
193510281271406,12235349498,4.2352962,8.160422,3.1543384,3
193510283771406,12237849498,4.247559,8.1586275,3.1660035,3
193510286271406,12240349498,4.2511487,8.162217,3.1582267,3
193510288771406,12242849498,4.258626,8.171788,3.1540394,3
193510291271406,12245349498,4.2684965,8.185547,3.1483564,3
193510293771406,12247849498,4.2777686,8.192127,3.1310084,3
193510296271406,12250349498,4.275077,8.197512,3.1316066,3
193510298771406,12252849498,4.2673,8.195119,3.1220353,3
193510301271406,12255349498,4.2852464,8.192725,3.1513474,3
193510303771406,12257849498,4.2798624,8.206485,3.1429725,3
193510306271406,12260349498,4.287639,8.217851,3.144767,3
193510308771406,12262849498,4.284947,8.215158,3.1372895,3
193510311271406,12265349498,4.28405,8.220841,3.1223345,3
193510313771406,12267849498,4.267001,8.225029,3.1265218,3
193510316271406,12270349498,4.2738805,8.225627,3.1423743,3
193510318771406,12272849498,4.2777686,8.226824,3.1229327,3
193510321271406,12275349498,4.282255,8.232207,3.141776,3
193510323771406,12277849498,4.2738805,8.2304125,3.1698918,3
193510326271406,12280349498,4.2681975,8.228917,3.165106,3
193510328771406,12282849498,4.267898,8.229815,3.1666017,3
193510331271406,12285349498,4.260421,8.236993,3.1797621,3
193510333771406,12287849498,4.2484565,8.239086,3.176472,3
193510336271406,12290349498,4.2589254,8.226225,3.1839497,3
193510338771406,12292849498,4.255336,8.221739,3.1755748,3
193510341271406,12295349498,4.263711,8.2049885,3.1749766,3
193510343771406,12297849498,4.275675,8.19452,3.1603205,3
193510346271406,12300349498,4.2942195,8.1942215,3.1480572,3
193510348771406,12302849498,4.295416,8.184949,3.1375887,3
193510351271406,12305349498,4.3031926,8.190034,3.1357942,3
193510353771406,12307849498,4.3094735,8.188539,3.1301112,3
193510356271406,12310349498,4.319942,8.179266,3.1519456,3
193510358771406,12312849498,4.322335,8.179266,3.1749766,3
193510361271406,12315349498,4.3211384,8.183753,3.178865,3
193510363771406,12317849498,4.328317,8.193623,3.1716864,3
193510366271406,12320349498,4.3235316,8.178369,3.1866415,3
193510368771406,12322849498,4.3145585,8.181359,3.1983066,3
193510371271406,12325349498,4.310072,8.169097,3.1944182,3
193510373771406,12327849498,4.2963133,8.17448,3.1986058,3
193510376271406,12330349498,4.28076,8.177771,3.204887,3
193510378771406,12332849498,4.282255,8.169695,3.1971102,3
193510381271406,12335349498,4.2714877,8.156235,3.1998022,3
193510383771406,12337849498,4.2714877,8.154141,3.1920254,3
193510386271406,12340349498,4.269992,8.137691,3.187838,3
193510388771406,12342849498,4.2634115,8.128717,3.1944182,3
193510391271406,12345349498,4.249354,8.122736,3.1848469,3
193510393771406,12347849498,4.240979,8.125427,3.178865,3
193510396271406,12350349498,4.240381,8.123334,3.167499,3
193510398771406,12352849498,4.2302113,8.141878,3.176173,3
193510401271406,12355349498,4.223033,8.141878,3.1812577,3
193510403771406,12357849498,4.229314,8.147262,3.1848469,3
193510406271406,12360349498,4.240381,8.151151,3.1827533,3
193510408771406,12362849498,4.2577286,8.153244,3.203092,3
193510411271406,12365349498,4.2687955,8.146365,3.1980073,3
193510413771406,12367849498,4.2762733,8.149056,3.1926236,3
193510416271406,12370349498,4.28076,8.145766,3.1755748,3
193510418771406,12372849498,4.2888355,8.151151,3.17049,3
193510421271406,12375349498,4.2774696,8.1433735,3.1465619,3
193510423771406,12377849498,4.273282,8.133204,3.124129,3
193510426271406,12380349498,4.282554,8.143971,3.1289146,3
193510428771406,12382849498,4.2681975,8.149056,3.1304102,3
193510431271406,12385349498,4.2777686,8.151449,3.140879,3
193510433771406,12387849498,4.267599,8.151749,3.152843,3
193510436271406,12390349498,4.280461,8.158329,3.162115,3
193510438771406,12392849498,4.2912283,8.157731,3.1618161,3
193510441271406,12395349498,4.289733,8.170891,3.2398818,3
193510443771406,12397849498,4.301996,8.181359,3.2276187,3
193510446271406,12400349498,4.302594,8.156235,3.0900314,3
193510448771406,12402849498,4.3037906,8.117053,3.1049864,3
193510451271406,12405349498,4.308277,8.103892,3.126821,3
193510453771406,12407849498,4.299603,8.112267,3.1363924,3
193510456271406,12410349498,4.293023,8.112865,3.1259236,3
193510458771406,12412849498,4.2894335,8.12124,3.1019955,3
193510461271406,12415349498,4.286144,8.133802,3.1301112,3
193510463771406,12417849498,4.299603,8.145168,3.1579278,3
193510466271406,12420349498,4.2885365,8.154441,3.1719856,3
193510468771406,12422849498,4.2864428,8.1637125,3.1663027,3
193510471271406,12425349498,4.295416,8.178069,3.1740792,3
193510473771406,12427849498,4.2837505,8.183454,3.1905298,3
193510476271406,12430349498,4.284648,8.199306,3.199204,3
193510478771406,12432849498,4.295416,8.201698,3.173481,3
193510481271406,12435349498,4.2798624,8.200502,3.167798,3
193510483771406,12437849498,4.301697,8.201998,3.1689944,3
193510486271406,12440349498,4.3037906,8.196614,3.1755748,3
193510488771406,12442849498,4.3040895,8.191529,3.1567314,3
193510491271406,12445349498,4.3178487,8.179565,3.159423,3
193510493771406,12447849498,4.319643,8.17119,3.159423,3
193510496271406,12450349498,4.3058844,8.178668,3.1537402,3
193510498771406,12452849498,4.3130627,8.165208,3.1453655,3
193510501271406,12455349498,4.310969,8.187342,3.1435707,3
193510503771406,12457849498,4.3181477,8.188837,3.1337004,3
193510506271406,12460349498,4.3277187,8.189734,3.1369905,3
193510508771406,12462849498,4.3274198,8.193922,3.1378877,3
193510511271406,12465349498,4.319344,8.19452,3.1399815,3
193510513771406,12467849498,4.3178487,8.197212,3.1645079,3
193510516271406,12470349498,4.306782,8.188837,3.188137,3
193510518771406,12472849498,4.2948174,8.199306,3.1483564,3
193510521271406,12475349498,4.2852464,8.209176,3.0960133,3
193510523771406,12477849498,4.2909293,8.199007,3.103491,3
193510526271406,12480349498,4.301996,8.199007,3.1420753,3
193510528771406,12482849498,4.2999024,8.200502,3.181856,3
193510531271406,12485349498,4.2927237,8.214261,3.1905298,3
193510533771406,12487849498,4.2780676,8.208578,3.1740792,3
193510536271406,12490349498,4.2741795,8.199605,3.159423,3
193510538771406,12492849498,4.262215,8.193324,3.144767,3
193510541271406,12495349498,4.2628136,8.20798,3.1525438,3
193510543771406,12497849498,4.2714877,8.192127,3.1399815,3
193510546271406,12500349498,4.2592244,8.183753,3.147459,3
193510548771406,12502849498,4.2556353,8.16431,3.1669009,3
193510551271406,12505349498,4.2424746,8.172686,3.1815567,3
193510553771406,12507849498,4.2338004,8.169993,3.1884363,3
193510556271406,12510349498,4.2373896,8.167302,3.1827533,3
193510558771406,12512849498,4.2445683,8.157132,3.1962128,3
193510561271406,12515349498,4.243073,8.147262,3.1773694,3
193510563771406,12517849498,4.24397,8.151151,3.1917262,3
193510566271406,12520349498,4.2421756,8.140083,3.1836505,3
193510568771406,12522849498,4.262215,8.132008,3.1917262,3
193510571271406,12525349498,4.301398,8.117651,3.1800613,3
193510573771406,12527849498,4.310072,8.111071,3.1815567,3
193510576271406,12530349498,4.331308,8.105986,3.1998022,3
193510578771406,12532849498,4.333701,8.096115,3.1872396,3
193510581271406,12535349498,4.3241296,8.096415,3.1779675,3
193510583771406,12537849498,4.3354955,8.095817,3.158526,3
193510586271406,12540349498,4.3328037,8.087741,3.1334012,3
193510588771406,12542849498,4.3265224,8.094321,3.1456645,3
193510591271406,12545349498,4.3244286,8.100901,3.1187453,3
193510593771406,12547849498,4.325027,8.105986,3.1244283,3
193510596271406,12550349498,4.333701,8.111071,3.1393833,3
193510598771406,12552849498,4.3319063,8.123932,3.1456645,3
193510601271406,12555349498,4.3211384,8.133802,3.1405797,3
193510603771406,12557849498,4.307978,8.151749,3.1519456,3
193510606271406,12560349498,4.304987,8.1682,3.132803,3
193510608771406,12562849498,4.3073797,8.158927,3.1280174,3
193510611271406,12565349498,4.295416,8.179864,3.0960133,3
193510613771406,12567849498,4.280461,8.178668,3.080759,3
193510616271406,12570349498,4.269394,8.182556,3.0762727,3
193510618771406,12572849498,4.265805,8.195417,3.0649066,3
193510621271406,12575349498,4.2574296,8.214859,3.071487,3
193510623771406,12577849498,4.263711,8.220841,3.0729825,3
193510626271406,12580349498,4.255037,8.251948,3.0625138,3
193510628771406,12582849498,4.2571306,8.2507515,3.0795627,3
193510631271406,12585349498,4.2571306,8.2507515,3.077469,3
193510633771406,12587849498,4.2664027,8.240881,3.071188,3
193510636271406,12590349498,4.2738805,8.245966,3.068795,3
193510638771406,12592849498,4.2759743,8.23131,3.0475588,3
193510641271406,12595349498,4.2885365,8.218449,3.025126,3
193510643771406,12597849498,4.3118663,8.218747,3.01047,3
193510646271406,12600349498,4.3202415,8.196015,3.0257242,3
193510648771406,12602849498,4.319344,8.199306,3.0529425,3
193510651271406,12605349498,4.323232,8.202297,3.0870404,3
193510653771406,12607849498,4.3205404,8.205886,3.1100712,3
193510656271406,12610349498,4.328317,8.197512,3.1426735,3
193510658771406,12612849498,4.319344,8.189734,3.1698918,3
193510661271406,12615349498,4.3154554,8.185248,3.182454,3
193510663771406,12617849498,4.302594,8.17119,3.1749766,3
193510666271406,12620349498,4.2948174,8.152048,3.1833515,3
193510668771406,12622849498,4.2664027,8.146066,3.199204,3
193510671271406,12625349498,4.249055,8.138588,3.1833515,3
193510673771406,12627849498,4.228417,8.125427,3.1974092,3
193510676271406,12630349498,4.2203407,8.148758,3.1962128,3
193510678771406,12632849498,4.228417,8.145168,3.1977084,3
193510681271406,12635349498,4.2239304,8.139785,3.202494,3
193510683771406,12637849498,4.223332,8.149056,3.2204401,3
193510686271406,12640349498,4.2335014,8.15803,3.2156546,3
193510688771406,12642849498,4.2311087,8.1586275,3.2165518,3
193510691271406,12645349498,4.232604,8.151449,3.2093735,3
193510693771406,12647849498,4.252345,8.150253,3.211168,3
193510696271406,12650349498,4.2589254,8.143075,3.2099717,3
193510698771406,12652849498,4.272983,8.137093,3.178865,3
193510701271406,12655349498,4.2744784,8.142178,3.161517,3
193510703771406,12657849498,4.286144,8.129914,3.1555347,3
193510706271406,12660349498,4.293322,8.129914,3.1495528,3
193510708771406,12662849498,4.314259,8.13111,3.1498518,3
193510711271406,12665349498,4.321438,8.128717,3.1654053,3
193510713771406,12667849498,4.3384867,8.113164,3.1698918,3
193510716271406,12670349498,4.3375893,8.118548,3.162115,3
193510718771406,12672849498,4.347759,8.116754,3.1492536,3
193510721271406,12675349498,4.3438706,8.09761,3.1495528,3
193510723771406,12677849498,4.351647,8.085348,3.1510484,3
193510726271406,12680349498,4.3357944,8.094022,3.1645079,3
193510728771406,12682849498,4.3202415,8.09133,3.161517,3
193510731271406,12685349498,4.31396,8.096115,3.1477582,3
193510733771406,12687849498,4.3005004,8.115557,3.1576285,3
193510736271406,12690349498,4.3061833,8.103892,3.176173,3
193510738771406,12692849498,4.2978086,8.113463,3.2189445,3
193510741271406,12695349498,4.302594,8.126325,3.2222347,3
193510743771406,12697849498,4.302594,8.133204,3.2338998,3
193510746271406,12700349498,4.304987,8.139186,3.2479577,3
193510748771406,12702849498,4.2999024,8.145766,3.2542388,3
193510751271406,12705349498,4.293621,8.135597,3.257828,3
193510753771406,12707849498,4.2999024,8.130213,3.2392836,3
193510756271406,12710349498,4.293621,8.146664,3.2398818,3
193510758771406,12712849498,4.2966123,8.122736,3.2279177,3
193510761271406,12715349498,4.298706,8.1275215,3.2099717,3
193510763771406,12717849498,4.310072,8.126923,3.2123644,3
193510766271406,12720349498,4.310371,8.111968,3.1980073,3
193510768771406,12722849498,4.3468614,8.106285,3.1839497,3
193510771271406,12725349498,4.351049,8.103593,3.1950164,3
193510773771406,12727849498,4.383352,8.103593,3.1929228,3
193510776271406,12730349498,4.3941197,8.091031,3.1749766,3
193510778771406,12732849498,4.4108696,8.087142,3.181856,3
193510781271406,12735349498,4.417749,8.078468,3.173182,3
193510783771406,12737849498,4.430012,8.069196,3.1519456,3
193510786271406,12740349498,4.4228334,8.063214,3.1450663,3
193510788771406,12742849498,4.43061,8.062317,3.1369905,3
193510791271406,12745349498,4.4192443,8.080263,3.1334012,3
193510793771406,12747849498,4.4057846,8.088937,3.1453655,3
193510796271406,12750349498,4.3779683,8.110771,3.1522448,3
193510798771406,12752849498,4.3612185,8.122137,3.1441689,3
193510801271406,12755349498,4.3411784,8.104191,3.173182,3
193510803771406,12757849498,4.3292146,8.088937,3.1686954,3
193510806271406,12760349498,4.354937,8.062017,3.1722846,3
193510808771406,12762849498,4.391727,8.043174,3.138187,3
193510811271406,12765349498,4.438387,8.028518,3.0514472,3
193510813771406,12767849498,4.4799623,8.013863,2.996113,3
193510816271406,12770349498,4.5035915,8.025527,2.9443684,3
193510818771406,12772849498,4.5218368,8.038388,2.9365916,3
193510821271406,12775349498,4.534997,8.03809,2.9446673,3
193510823771406,12777849498,4.4988055,8.063513,3.022135,3
193510826271406,12780349498,4.505386,8.115856,3.0675986,3
193510828771406,12782849498,4.459324,8.135896,2.9297123,3
193510831271406,12785349498,4.426722,8.12782,2.8286154,3
193510833771406,12787849498,4.4410787,8.094022,2.734099,3
193510836271406,12790349498,4.464708,8.04108,2.6482565,3
193510838771406,12792849498,4.4231324,8.028518,2.7179475,3
193510841271406,12795349498,4.368995,8.057232,2.8151557,3
193510843771406,12797849498,4.3328037,8.0970125,2.8899314,3
193510846271406,12800349498,4.3127637,8.141579,2.966502,3
193510848771406,12802849498,4.269693,8.196015,3.0218358,3
193510851271406,12805349498,4.241577,8.235796,3.036791,3
193510853771406,12807849498,4.182654,8.272885,3.0813572,3
193510856271406,12810349498,4.1482573,8.292027,3.1196425,3
193510858771406,12812849498,4.125226,8.307581,3.144468,3
193510861271406,12815349498,4.1279182,8.305188,3.1758738,3
193510863771406,12817849498,4.153641,8.284551,3.1944182,3
193510866271406,12820349498,4.197011,8.263912,3.176472,3
193510868771406,12822849498,4.243671,8.239984,3.17049,3
193510871271406,12825349498,4.284648,8.23131,3.1337004,3
193510873771406,12827849498,4.3169513,8.215458,3.1169505,3
193510876271406,12830349498,4.334598,8.188837,3.080759,3
193510878771406,12832849498,4.3615174,8.16102,3.0640094,3
193510881271406,12835349498,4.3701916,8.136495,3.0640094,3
193510883771406,12837849498,4.369593,8.136793,3.0634112,3
193510886271406,12840349498,4.3908296,8.133802,3.0667014,3
193510888771406,12842849498,4.388736,8.145468,3.0939198,3
193510891271406,12845349498,4.3848476,8.144869,3.0873394,3
193510893771406,12847849498,4.3737807,8.155936,3.0855448,3
193510896271406,12850349498,4.3438706,8.147262,3.086442,3
193510898771406,12852849498,4.3274198,8.156534,3.0664022,3
193510901271406,12855349498,4.316652,8.139186,3.0664022,3
193510903771406,12857849498,4.2978086,8.116454,3.0795627,3
193510906271406,12860349498,4.284349,8.10778,3.0652058,3
193510908771406,12862849498,4.2508492,8.111968,3.071487,3
193510911271406,12865349498,4.2006,8.116454,3.05713,3
193510913771406,12867849498,4.1578283,8.123334,3.0499516,3
193510916271406,12870349498,4.1108694,8.120642,3.0400813,3
193510918771406,12872849498,4.0890346,8.126923,3.0705895,3
193510921271406,12875349498,4.0905304,8.140083,3.1163523,3
193510923771406,12877849498,4.128217,8.130812,3.135495,3
193510926271406,12880349498,4.18056,8.12124,3.1277182,3
193510928771406,12882849498,4.228417,8.1179495,3.0990045,3
193510931271406,12885349498,4.2338004,8.093124,3.0652058,3
193510933771406,12887849498,4.262215,8.082058,3.0496526,3
193510936271406,12890349498,4.2837505,8.080562,3.074478,3
193510938771406,12892849498,4.336991,8.082955,3.0729825,3
193510941271406,12895349498,4.3965125,8.078468,3.062813,3
193510943771406,12897849498,4.451248,8.074281,3.0421748,3
193510946271406,12900349498,4.508078,8.065009,3.0320053,3
193510948771406,12902849498,4.5747776,8.053942,3.048157,3
193510951271406,12905349498,4.6292143,8.043473,3.0466614,3
193510953771406,12907849498,4.6707897,8.0348,3.0209386,3
193510956271406,12910349498,4.711169,8.016554,3.0014968,3
193510958771406,12912849498,4.7377887,8.013264,2.9985058,3
193510961271406,12915349498,4.753043,8.015956,2.9778678,3
193510963771406,12917849498,4.7802615,8.027621,2.9656045,3
193510966271406,12920349498,4.791029,8.031808,2.9724839,3
193510968771406,12922849498,4.8068814,8.033902,2.9635108,3
193510971271406,12925349498,4.8155556,8.025527,2.9557343,3
193510973771406,12927849498,4.811069,8.008179,2.9359934,3
193510976271406,12930349498,4.778766,8.009376,2.8812575,3
193510978771406,12932849498,4.7395835,8.030014,2.8492537,3
193510981271406,12935349498,4.703691,8.029715,2.80708,3
193510983771406,12937849498,4.6639104,8.049754,2.8073792,3
193510986271406,12940349498,4.633103,8.056933,2.832803,3
193510988771406,12942849498,4.5885367,8.057232,2.8731818,3
193510991271406,12945349498,4.520042,8.080562,2.9626136,3
193510993771406,12947849498,4.464409,8.10449,3.075076,3
193510996271406,12950349498,4.397111,8.129315,3.1310084,3
193510998771406,12952849498,4.37737,8.155337,3.14716,3
193511001271406,12955349498,4.314259,8.206485,3.1420753,3
193511003771406,12957849498,4.252943,8.248059,3.159423,3
193511006271406,12960349498,4.169194,8.285149,3.2303107,3
193511008771406,12962849498,4.107579,8.323732,3.321537,3
193511011271406,12965349498,4.0513477,8.3530445,3.4369907,3
193511013771406,12967849498,4.016652,8.382357,3.5814574,3
193511016271406,12970349498,4.0268216,8.415856,3.5985062,3
193511018771406,12972849498,4.0160537,8.426624,3.610171,3
193511021271406,12975349498,3.9957147,8.439486,3.5967116,3
193511023771406,12977849498,3.958626,8.456534,3.589533,3
193511026271406,12980349498,3.918247,8.464012,3.589533,3
193511028771406,12982849498,3.9164524,8.46102,3.5853457,3
193511031271406,12985349498,3.9131622,8.440681,3.6188452,3
193511033771406,12987849498,3.9260237,8.42782,3.6278183,3
193511036271406,12990349498,3.92393,8.422736,3.6352959,3
193511038771406,12992849498,3.9056847,8.419446,3.6209388,3
193511041271406,12995349498,3.8530426,8.419446,3.6406796,3
193511043771406,12997849498,3.8093736,8.437093,3.6951163,3
193511046271406,13000349498,3.7797625,8.461619,3.679563,3
193511048771406,13002849498,3.731607,8.458927,3.674179,3
193511051271406,13005349498,3.7118661,8.452047,3.6568313,3
193511053771406,13007849498,3.6816568,8.456534,3.6466618,3
193511056271406,13010349498,3.6580276,8.449655,3.6505501,3
193511058771406,13012849498,3.6517465,8.438588,3.6568313,3
193511061271406,13015349498,3.6391842,8.419147,3.6463625,3
193511063771406,13017849498,3.6394832,8.419446,3.6403806,3
193511066271406,13020349498,3.624229,8.421839,3.6439698,3
193511068771406,13022849498,3.6047873,8.4146595,3.6086757,3
193511071271406,13025349498,3.589832,8.4015,3.5757744,3
193511073771406,13027849498,3.5700915,8.396415,3.5533416,3
193511076271406,13030349498,3.5440695,8.408678,3.5491543,3
193511078771406,13032849498,3.5303106,8.389535,3.5309088,3
193511081271406,13035349498,3.510869,8.383852,3.5389848,3
193511083771406,13037849498,3.5105698,8.394919,3.5386856,3
193511086271406,13040349498,3.502494,8.420342,3.5530424,3
193511088771406,13042849498,3.4971104,8.423334,3.5641093,3
193511091271406,13045349498,3.4764721,8.426025,3.545565,3
193511093771406,13047849498,3.4677982,8.432905,3.5626137,3
193511096271406,13050349498,3.4214373,8.42453,3.5581272,3
193511098771406,13052849498,3.3945181,8.433503,3.5431721,3
193511101271406,13055349498,3.371786,8.432307,3.5347972,3
193511103771406,13057849498,3.356233,8.442178,3.519244,3
193511106271406,13060349498,3.3550365,8.453842,3.495914,3
193511108771406,13062849498,3.374478,8.470891,3.4797623,3
193511111271406,13065349498,3.3699915,8.474481,3.481856,3
193511113771406,13067849498,3.3861432,8.463713,3.5033915,3
193511116271406,13070349498,3.406183,8.458628,3.504588,3
193511118771406,13072849498,3.4190445,8.479566,3.5093734,3
193511121271406,13075349498,3.4286158,8.486444,3.4953158,3
193511123771406,13077849498,3.452544,8.495118,3.4893336,3
193511126271406,13080349498,3.4603207,8.513364,3.5063825,3
193511128771406,13082849498,3.478865,8.500801,3.51386,3
193511131271406,13085349498,3.5201411,8.493324,3.5237305,3
193511133771406,13087849498,3.5252259,8.484949,3.5039897,3
193511136271406,13090349498,3.5404801,8.501998,3.470191,3
193511138771406,13092849498,3.5482569,8.504989,3.4334013,3
193511141271406,13095349498,3.5587256,8.495118,3.3906298,3
193511143771406,13097849498,3.5769708,8.493623,3.4094732,3
193511146271406,13100349498,3.5781672,8.489137,3.3759737,3
193511148771406,13102849498,3.5823545,8.487342,3.365206,3
193511151271406,13105349498,3.5844483,8.481061,3.3580275,3
193511153771406,13107849498,3.583252,8.496016,3.3526437,3
193511156271406,13110349498,3.588935,8.510074,3.345166,3
193511158771406,13112849498,3.5940197,8.514859,3.3373895,3
193511161271406,13115349498,3.6116667,8.5349,3.3415768,3
193511163771406,13117849498,3.626921,8.544769,3.351447,3
193511166271406,13120349498,3.6454654,8.545667,3.3523445,3
193511168771406,13122849498,3.656532,8.560622,3.3649068,3
193511171271406,13125349498,3.6786656,8.563015,3.3523445,3
193511173771406,13127849498,3.7013974,8.580363,3.3496525,3
193511176271406,13130349498,3.7184465,8.582157,3.3412778,3
193511178771406,13132849498,3.7417765,8.590532,3.3346975,3
193511181271406,13135349498,3.7396827,8.602198,3.3326037,3
193511183771406,13137849498,3.7633119,8.615059,3.351447,3
193511186271406,13140349498,3.7701912,8.615059,3.356831,3
193511188771406,13142849498,3.7830527,8.600403,3.3631122,3
193511191271406,13145349498,3.790231,8.604889,3.370889,3
193511193771406,13147849498,3.7860436,8.597711,3.371786,3
193511196271406,13150349498,3.7938204,8.570193,3.3631122,3
193511198771406,13152849498,3.801896,8.556435,3.354139,3
193511201271406,13155349498,3.813262,8.543872,3.3672996,3
193511203771406,13157849498,3.8123646,8.521739,3.3664024,3
193511206271406,13160349498,3.8213377,8.503195,3.3634114,3
193511208771406,13162849498,3.8288152,8.482257,3.3601213,3
193511211271406,13165349498,3.8413777,8.45773,3.321537,3
193511213771406,13167849498,3.854239,8.43141,3.3116665,3
193511216271406,13170349498,3.8850467,8.399107,3.2937205,3
193511218771406,13172849498,3.9056847,8.370093,3.2979078,3
193511221271406,13175349498,3.908975,8.3428755,3.289234,3
193511223771406,13177849498,3.9143589,8.329415,3.2796626,3
193511226271406,13180349498,3.9394834,8.305188,3.2587254,3
193511228771406,13182849498,3.9517467,8.309376,3.237489,3
193511231271406,13185349498,3.9693937,8.286046,3.2461631,3
193511233771406,13187849498,3.9894335,8.27468,3.246462,3
193511236271406,13190349498,4.0184464,8.261818,3.2422748,3
193511238771406,13192849498,4.03729,8.243274,3.234797,3
193511241271406,13195349498,4.060321,8.219346,3.249453,3
193511243771406,13197849498,4.091727,8.215458,3.2362926,3
193511246271406,13200349498,4.093521,8.20798,3.2327034,3
193511248771406,13202849498,4.106084,8.196315,3.2159536,3
193511251271406,13205349498,4.132405,8.183753,3.21715,3
193511253771406,13207849498,4.151248,8.165507,3.2105699,3
193511256271406,13210349498,4.158427,8.156834,3.173182,3
193511258771406,13212849498,4.169194,8.128119,3.1713872,3
193511261271406,13215349498,4.1835513,8.133503,3.1743784,3
193511263771406,13217849498,4.208676,8.112865,3.167798,3
193511266271406,13220349498,4.2248273,8.1012,3.173481,3
193511268771406,13222849498,4.2427735,8.095817,3.1743784,3
193511271271406,13225349498,4.2708893,8.078468,3.1654053,3
193511273771406,13227849498,4.278666,8.063513,3.1522448,3
193511276271406,13230349498,4.2999024,8.054241,3.1337004,3
193511278771406,13232849498,4.3328037,8.021339,3.12054,3
193511281271406,13235349498,4.345366,8.00459,3.1136606,3
193511283771406,13237849498,4.3785663,7.9950185,3.0984063,3
193511286271406,13240349498,4.4039903,7.972885,3.08046,3
193511288771406,13242849498,4.4165525,7.966903,3.077768,3
193511291271406,13245349498,4.42732,7.949854,3.0586255,3
193511293771406,13247849498,4.435994,7.9366937,3.0559337,3
193511296271406,13250349498,4.449753,7.9393854,3.0502508,3
193511298771406,13252849498,4.4581275,7.936095,3.0598218,3
193511301271406,13255349498,4.4524446,7.925029,3.0604203,3
193511303771406,13257849498,4.4608197,7.9160557,3.05713,3
193511306271406,13260349498,4.453641,7.9100733,3.063112,3
193511308771406,13262849498,4.4638104,7.919346,3.0532417,3
193511311271406,13265349498,4.4521456,7.918149,3.0780673,3
193511313771406,13267849498,4.453641,7.915756,3.0729825,3
193511316271406,13270349498,4.4674,7.915756,3.0813572,3
193511318771406,13272849498,4.4832525,7.9022965,3.094518,3
193511321271406,13275349498,4.4760737,7.921439,3.0993035,3
193511323771406,13277849498,4.484449,7.9390864,3.1028929,3
193511326271406,13280349498,4.484449,7.949256,3.12712,3
193511328771406,13282849498,4.4808593,7.952845,3.1348968,3
193511331271406,13285349498,4.4856453,7.960323,3.1208389,3
193511333771406,13287849498,4.4892344,7.9689965,3.1289146,3
193511336271406,13290349498,4.496114,7.973483,3.12712,3
193511338771406,13292849498,4.5011983,7.979166,3.1304102,3
193511341271406,13295349498,4.5098724,7.9854474,3.1265218,3
193511343771406,13297849498,4.5003014,7.9968133,3.1396823,3
193511346271406,13300349498,4.4874396,8.005786,3.1546376,3
193511348771406,13302849498,4.493422,8.019246,3.1504502,3
193511351271406,13305349498,4.4835515,8.018648,3.1549366,3
193511353771406,13307849498,4.4838505,8.036893,3.1483564,3
193511356271406,13310349498,4.456034,8.032407,3.1669009,3
193511358771406,13312849498,4.458726,8.043773,3.1749766,3
193511361271406,13315349498,4.450052,8.059326,3.1537402,3
193511363771406,13317849498,4.449753,8.0665045,3.1486554,3
193511366271406,13320349498,4.4446683,8.075776,3.1360931,3
193511368771406,13322849498,4.429713,8.078169,3.1217363,3
193511371271406,13325349498,4.4222355,8.070393,3.1348968,3
193511373771406,13327849498,4.4042892,8.095517,3.1262228,3
193511376271406,13330349498,4.3926244,8.109575,3.0996027,3
193511378771406,13332849498,4.380959,8.125427,3.0960133,3
193511381271406,13335349498,4.380959,8.1433735,3.0798619,3
193511383771406,13337849498,4.369593,8.149056,3.0705895,3
193511386271406,13340349498,4.368995,8.166405,3.0640094,3
193511388771406,13342849498,4.3731823,8.19123,3.031407,3
193511391271406,13345349498,4.392026,8.2145605,3.019144,3
193511393771406,13347849498,4.3854456,8.212466,3.0230322,3
193511396271406,13350349498,4.3791647,8.222337,2.9937203,3
193511398771406,13352849498,4.3758745,8.236993,2.9676983,3
193511401271406,13355349498,4.3728833,8.248359,2.9428728,3
193511403771406,13357849498,4.3555355,8.256734,2.9015965,3
193511406271406,13360349498,4.339982,8.258827,2.9006991,3
193511408771406,13362849498,4.3268213,8.278269,2.8489544,3
193511411271406,13365349498,4.301398,8.289336,2.8280172,3
193511413771406,13367849498,4.276572,8.292027,2.8103702,3
193511416271406,13370349498,4.2505503,8.307581,2.7933214,3
193511418771406,13372849498,4.232305,8.322536,2.7990043,3
193511421271406,13375349498,4.223033,8.33121,2.7969105,3
193511423771406,13377849498,4.2056847,8.341978,2.8226335,3
193511426271406,13380349498,4.182953,8.35454,2.827419,3
193511428771406,13382849498,4.1784663,8.352447,2.850749,3
193511431271406,13385349498,4.1790648,8.367701,2.844169,3
193511433771406,13387849498,4.185346,8.3581295,2.8543384,3
193511436271406,13390349498,4.1760736,8.34796,2.8671997,3
193511438771406,13392849498,4.1781673,8.346764,2.862115,3
193511441271279,13395349371,4.180261,8.337193,2.858825,3
193511443771279,13397849371,4.1811585,8.327621,2.8585258,3
193511446271279,13400349371,4.1901317,8.318947,2.8597221,3
193511448771279,13402849371,4.2014976,8.308778,2.8558338,3
193511451271279,13405349371,4.2020955,8.298309,2.8639095,3
193511453771279,13407849371,4.2020955,8.295019,2.8752756,3
193511456271279,13410349371,4.1997027,8.289037,2.8872397,3
193511458771279,13412849371,4.1979084,8.274081,2.8815567,3
193511461271279,13415349371,4.1901317,8.269895,2.876771,3
193511463771279,13417849371,4.191926,8.268698,2.8848467,3
193511466271279,13420349371,4.1931224,8.266903,2.8833513,3
193511468771279,13422849371,4.1925244,8.263912,2.8839495,3
193511471271279,13425349371,4.203292,8.23789,2.8962128,3
193511473771279,13427849371,4.215256,8.238788,2.9105697,3
193511476271279,13430349371,4.2341,8.234301,2.9012976,3
193511478771279,13432849371,4.249055,8.225627,2.8959136,3
193511481271279,13435349371,4.267898,8.206485,2.9012976,3
193511483771279,13437849371,4.2589254,8.193025,2.885744,3
193511486271279,13440349371,4.2478585,8.187641,2.9036903,3
193511488771279,13442849371,4.2463627,8.190931,2.9132617,3
193511491271279,13445349371,4.229015,8.197212,2.9309087,3
193511493771279,13447849371,4.221238,8.202895,2.948855,3
193511496271279,13450349371,4.2164526,8.204091,2.9671001,3
193511498771279,13452849371,4.206283,8.225926,3.0062826,3
193511501271279,13455349371,4.176373,8.2304125,3.0320053,3
193511503771279,13457849371,4.1524444,8.239086,3.0445678,3
193511506271279,13460349371,4.133601,8.246564,3.071487,3
193511508771279,13462849371,4.119543,8.248059,3.1031919,3
193511511271279,13465349371,4.1108694,8.273483,3.1286156,3
193511513771279,13467849371,4.095017,8.28784,3.1453655,3
193511516271279,13470349371,4.1114674,8.28784,3.1666017,3
193511518771279,13472849371,4.1093736,8.297112,3.1815567,3
193511521271279,13475349371,4.11386,8.295318,3.196811,3
193511523771279,13477849371,4.1027937,8.305488,3.1905298,3
193511526271279,13480349371,4.0968113,8.306983,3.1767712,3
193511528771279,13482849371,4.109673,8.318349,3.1776686,3
193511531271279,13485349371,4.108177,8.315956,3.1627133,3
193511533771279,13487849371,4.1228333,8.32134,3.1755748,3
193511536271279,13490349371,4.130311,8.321041,3.1405797,3
193511538771279,13492849371,4.1288157,8.315657,3.1426735,3
193511541271279,13495349371,4.126722,8.311171,3.1345978,3
193511543771279,13497849371,4.126423,8.321041,3.1375887,3
193511546271279,13500349371,4.1291146,8.329117,3.1405797,3
193511548771279,13502849371,4.0977087,8.328817,3.1597223,3
193511551271279,13505349371,4.093521,8.340781,3.1719856,3
193511553771279,13507849371,4.0734816,8.3428755,3.1498518,3
193511556271279,13510349371,4.043571,8.335996,3.1618161,3
193511558771279,13512849371,4.024728,8.339286,3.1689944,3
193511561271279,13515349371,4.0007997,8.326724,3.1663027,3
193511563771279,13517849371,3.9861434,8.33121,3.1779675,3
193511566271279,13520349371,3.9750767,8.324032,3.1902308,3
193511568771279,13522849371,3.9302113,8.326724,3.2093735,3
193511571271279,13525349371,3.9155552,8.329415,3.2033913,3
193511573771279,13527849371,3.8925242,8.328219,3.219543,3
193511576271279,13530349371,3.8694932,8.332407,3.2243285,3
193511578771279,13532849371,3.85394,8.32792,3.2362926,3
193511581271279,13535349371,3.839583,8.337193,3.225226,3
193511583771279,13537849371,3.8383865,8.328518,3.2473595,3
193511586271279,13540349371,3.836592,8.329715,3.2395828,3
193511588771279,13542849371,3.841976,8.324331,3.2365918,3
193511591271279,13545349371,3.845565,8.308179,3.2356944,3
193511593771279,13547849371,3.862614,8.302197,3.2090743,3
193511596271279,13550349371,3.8820555,8.319844,3.1956146,3
193511598771279,13552849371,3.8934216,8.323732,3.1902308,3
193511601271279,13555349371,3.915256,8.320442,3.1669009,3
193511603771279,13557849371,3.935296,8.325827,3.1746774,3
193511606271279,13560349371,3.9481573,8.316854,3.1863425,3
193511608771279,13562849371,3.9634116,8.311469,3.1917262,3
193511611271279,13565349371,3.9864426,8.303992,3.1728828,3
193511613771279,13567849371,4.013362,8.280363,3.162115,3
193511616271279,13570349371,4.026522,8.277073,3.1339993,3
193511618771279,13572849371,4.048955,8.258229,3.1160533,3
193511621271279,13575349371,4.0561333,8.251649,3.117848,3
193511623771279,13577849371,4.0794635,8.245966,3.1106694,3
193511626271279,13580349371,4.089633,8.239984,3.0855448,3
193511628771279,13582849371,4.107579,8.22772,3.0798619,3
193511631271279,13585349371,4.1371903,8.223234,3.056532,3
193511633771279,13587849371,4.1255255,8.221439,3.056532,3
193511636271279,13590349371,4.1371903,8.195417,3.0421748,3
193511638771279,13592849371,4.1240296,8.186744,3.0338001,3
193511641271279,13595349371,4.1087756,8.188837,3.0894332,3
193511643771279,13597849371,4.100401,8.219944,3.140879,3
193511646271279,13600349371,4.0513477,8.2456665,3.112165,3
193511648771279,13602849371,4.0151563,8.237591,3.074478,3
193511651271279,13605349371,4.006183,8.243573,3.065804,3
193511653771279,13607849371,3.9924245,8.263015,3.0915267,3
193511656271279,13610349371,3.9768713,8.27797,3.1357942,3
193511658771279,13612849371,3.982255,8.302496,3.205784,3
193511661271279,13615349371,3.984947,8.343174,3.2461631,3
193511663771279,13617849371,3.9631126,8.369196,3.2784662,3
193511666271279,13620349371,3.9511483,8.408977,3.3143585,3
193511668771279,13622849371,3.940979,8.422137,3.3358939,3
193511671271279,13625349371,3.9394834,8.439186,3.3122647,3
193511673771279,13627849371,3.9275193,8.455936,3.2775688,3
193511676271279,13630349371,3.9173498,8.4679,3.2425737,3
193511678771279,13632849371,3.8931224,8.476275,3.222534,3
193511681271279,13635349371,3.903292,8.519944,3.2336006,3
193511683771279,13637849371,3.9104705,8.520842,3.237489,3
193511686271279,13640349371,3.9278183,8.533703,3.2446675,3
193511688771279,13642849371,3.947559,8.546864,3.2488549,3
193511691271279,13645349371,3.953242,8.562417,3.2240293,3
193511693771279,13647849371,3.9613178,8.573483,3.1917262,3
193511696271279,13650349371,3.969992,8.560622,3.1689944,3
193511698771279,13652849371,3.9622152,8.549556,3.150151,3
193511701271279,13655349371,3.9681973,8.539984,3.1229327,3
193511703771279,13657849371,3.9460638,8.536694,3.1160533,3
193511706271279,13660349371,3.9158542,8.535198,3.1073792,3
193511708771279,13662849371,3.8817565,8.5525465,3.1109686,3
193511711271279,13665349371,3.8590248,8.556135,3.1136606,3
193511713771279,13667849371,3.851248,8.566006,3.141477,3
193511716271279,13670349371,3.8273199,8.575577,3.1630125,3
193511718771279,13672849371,3.821637,8.579166,3.1740792,3
193511721271279,13675349371,3.8192441,8.577073,3.1812577,3
193511723771279,13677849371,3.7923248,8.562716,3.205186,3
193511726271279,13680349371,3.7791643,8.560323,3.2159536,3
193511728771279,13682849371,3.7525442,8.541479,3.2093735,3
193511731271279,13685349371,3.728915,8.538488,3.1920254,3
193511733771279,13687849371,3.7145581,8.528618,3.1857443,3
193511736271279,13690349371,3.696911,8.517252,3.1719856,3
193511738771279,13692849371,3.675974,8.514261,3.1821551,3
193511741271279,13695349371,3.6520455,8.503195,3.1785657,3
193511743771279,13697849371,3.6559339,8.502895,3.173481,3
193511746271279,13700349371,3.6589248,8.49123,3.1842487,3
193511748771279,13702849371,3.6568313,8.490632,3.202494,3
193511751271279,13705349371,3.6550367,8.494222,3.2126634,3
193511753771279,13707849371,3.6687953,8.49811,3.2129626,3
193511756271279,13710349371,3.676572,8.483752,3.2018957,3
193511758771279,13712849371,3.694219,8.452945,3.1974092,3
193511761271279,13715349371,3.7019958,8.46491,3.1926236,3
193511763771279,13717849371,3.7109687,8.455338,3.1701908,3
193511766271279,13720349371,3.7390845,8.448758,3.1504502,3
193511768771279,13722849371,3.757928,8.428419,3.1372895,3
193511771271279,13725349371,3.7746778,8.405686,3.1079776,3
193511773771279,13727849371,3.8177485,8.391928,3.0951161,3
193511776271279,13730349371,3.8488553,8.370991,3.0858438,3
193511778771279,13732849371,3.876971,8.351549,3.0672996,3
193511781271279,13735349371,3.912564,8.336594,3.054438,3
193511783771279,13737849371,3.9335012,8.32463,3.0517461,3
193511786271279,13740349371,3.9544384,8.321041,3.048157,3
193511788771279,13742849371,3.9747775,8.300103,3.0613174,3
193511791271279,13745349371,3.9681973,8.276474,3.0699914,3
193511793771279,13747849371,3.981956,8.273483,3.03709,3
193511796271279,13750349371,3.9924245,8.257631,3.0185459,3
193511798771279,13752849371,3.972983,8.232207,3.013461,3
193511801271279,13755349371,3.976273,8.232207,3.0263224,3
193511803771279,13757849371,3.9753757,8.234301,3.03051,3
193511806271279,13760349371,3.9900317,8.247163,3.045166,3
193511808771279,13762849371,4.0070806,8.229815,3.0822546,3
193511811271279,13765349371,4.0070806,8.227422,3.0801609,3
193511813771279,13767849371,4.0501513,8.220243,3.1127632,3
193511816271279,13770349371,4.0612183,8.219346,3.1313076,3
193511818771279,13772849371,4.085745,8.213064,3.1465619,3
193511821271279,13775349371,4.1183467,8.196614,3.1570303,3
193511823771279,13777849371,4.135994,8.181958,3.1348968,3
193511826271279,13780349371,4.1614175,8.172985,3.1088748,3
193511828771279,13782849371,4.1928234,8.140083,3.0780673,3
193511831271279,13785349371,4.1964126,8.126923,3.0882368,3
193511833771279,13787849371,4.188636,8.120343,3.101098,3
193511836271279,13790349371,4.1551366,8.12782,3.112165,3
193511838771279,13792849371,4.1608195,8.147262,3.1232316,3
193511841271279,13795349371,4.208377,8.15803,3.140879,3
193511843771279,13797849371,4.256233,8.162217,3.132803,3
193511846271279,13800349371,4.314259,8.109874,3.1334012,3
193511848771279,13802849371,4.3686957,8.059326,3.132504,3
193511851271279,13805349371,4.4039903,8.018648,3.1229327,3
193511853771279,13807849371,4.432704,7.978867,3.0969107,3
193511856271279,13810349371,4.453641,7.9633136,3.0792637,3
193511858771279,13812849371,4.4581275,7.938488,3.0346973,3
193511861271279,13815349371,4.4575295,7.9241314,3.039782,3
193511863771279,13817849371,4.4518466,7.9241314,3.0290143,3
193511866271279,13820349371,4.449753,7.9241314,3.0412776,3
193511868771279,13822849371,4.4554358,7.927122,3.0529425,3
193511871271279,13825349371,4.4599223,7.9510508,3.0299118,3
193511873771279,13827849371,4.4539404,7.962117,3.0272198,3
193511876271279,13830349371,4.453043,7.9800634,3.0873394,3
193511878771279,13832849371,4.479065,7.988139,3.141776,3
193511881271279,13835349371,4.490132,7.9911304,3.1573296,3
193511883771279,13837849371,4.497609,7.993224,3.1462626,3
193511886271279,13840349371,4.4964128,7.995617,3.0966115,3
193511888771279,13842849371,4.4781675,7.988139,3.0930223,3
193511891271279,13845349371,4.482056,8.003393,3.0969107,3
193511893771279,13847849371,4.462315,8.027022,3.062813,3
193511896271279,13850349371,4.447061,8.0345,2.9829526,3
193511898771279,13852849371,4.4608197,8.032407,2.9545379,3
193511901271279,13855349371,4.500002,8.028219,2.9425735,3
193511903771279,13857849371,4.5284166,8.018049,2.926721,3
193511906271279,13860349371,4.5478587,8.012965,2.9045875,3
193511908771279,13862849371,4.569394,8.02792,2.8869405,3
193511911271279,13865349371,4.583153,8.038388,2.850749,3
193511913771279,13867849371,4.58405,8.047661,2.8049862,3
193511916271279,13870349371,4.5852466,8.059924,2.8103702,3
193511918771279,13872849371,4.58076,8.068598,2.8112676,3
193511921271279,13875349371,4.596014,8.051848,2.8076782,3
193511923771279,13877849371,4.6040897,8.043773,2.7834508,3
193511926271279,13880349371,4.625027,8.022835,2.778067,3
193511928771279,13882849371,4.636692,8.006085,2.7433712,3
193511931271279,13885349371,4.6375895,7.98126,2.7149563,3
193511933771279,13887849371,4.6411786,7.963613,2.69372,3
193511936271279,13890349371,4.6112685,7.9564342,2.7272196,3
193511938771279,13892849371,4.5882373,7.9420776,2.8005,3
193511941271279,13895349371,4.618148,7.9707913,2.696711,3
193511943771279,13897849371,4.6061835,8.017751,2.630011,3
193511946271279,13900349371,4.5684967,8.056036,2.6156542,3
193511948771279,13902849371,4.5505505,8.084749,2.600101,3
193511951271279,13905349371,4.5855455,8.090432,2.5749762,3
193511953771279,13907849371,4.6707897,8.093124,2.5441687,3
193511956271279,13910349371,4.755436,8.098807,2.524727,3
193511958771279,13912849371,4.8445687,8.10778,2.4783661,3
193511961271279,13915349371,4.866403,8.156235,2.4326034,3
193511963771279,13917849371,4.886742,8.205288,2.3976083,3
193511966271279,13920349371,4.9202414,8.263015,2.3688943,3
193511968771279,13922849371,4.944768,8.333902,2.359024,3
193511971271279,13925349371,4.94417,8.387741,2.353341,3
193511973771279,13927849371,4.9716873,8.451749,2.3715863,3
193511976271279,13930349371,4.9920263,8.472985,2.3844478,3
193511978771279,13932849371,4.996513,8.52443,2.3515465,3
193511981271279,13935349371,4.982754,8.587542,2.3168504,3
193511983771279,13937849371,4.970491,8.652746,2.2998016,3
193511986271279,13940349371,4.9513483,8.7012005,2.3353949,3
193511988771279,13942849371,4.900501,8.744869,2.3434706,3
193511991271279,13945349371,4.8762736,8.758329,2.3524437,3
193511993771279,13947849371,4.836792,8.780762,2.3518455,3
193511996271279,13950349371,4.796413,8.792427,2.326721,3
193511998771279,13952849371,4.735396,8.789435,2.318047,3
193512001271279,13955349371,4.664509,8.786744,2.3015962,3
193512003771279,13957849371,4.5825543,8.778967,2.315654,3
193512006271279,13960349371,4.497609,8.78794,2.2884357,3
193512008771279,13962849371,4.444369,8.81815,2.2941186,3
193512011271279,13965349371,4.371687,8.834301,2.315355,3
193512013771279,13967849371,4.3148575,8.845667,2.3524437,3
193512016271279,13970349371,4.2801614,8.849555,2.4269204,3
193512018771279,13972849371,4.261617,8.843274,2.4756742,3
193512021271279,13975349371,4.223033,8.833404,2.501696,3
193512023771279,13977849371,4.1703906,8.826525,2.5366912,3
193512026271279,13980349371,4.1443686,8.817252,2.5552354,3
193512028771279,13982849371,4.112963,8.780164,2.5842485,3
193512031271279,13985349371,4.106084,8.748459,2.612065,3
193512033771279,13987849371,4.106981,8.69462,2.6171498,3
193512036271279,13990349371,4.115356,8.626724,2.6362925,3
193512038771279,13992849371,4.1575294,8.559425,2.6850462,3
193512041271279,13995349371,4.197609,8.481061,2.716153,3
193512043771279,13997849371,4.2451663,8.400003,2.7619154,3
193512046271279,14000349371,4.3088756,8.314759,2.7658038,3
193512048771279,14002849371,4.3701916,8.214261,2.7454648,3
193512051271279,14005349371,4.4377885,8.115557,2.7652056,3
193512053771279,14007849371,4.5044885,8.011768,2.8348966,3
193512056271279,14010349371,4.5738807,7.9220376,2.91715,3
193512058771279,14012849371,4.56401,7.8436728,2.9706893,3
193512061271279,14015349371,4.5245285,7.7757764,3.0245278,3
193512063771279,14017849371,4.4889355,7.7300134,3.1307094,3
193512066271279,14020349371,4.3962135,7.6923265,3.2081769,3
193512068771279,14022849371,4.2690945,7.6534433,3.2727833,3
193512071271279,14025349371,4.153342,7.643274,3.3520455,3
193512073771279,14027849371,4.0244284,7.6307116,3.435196,3
193512076271279,14030349371,3.9074793,7.612167,3.539583,3
193512078771279,14032849371,3.7794633,7.6076803,3.6424742,3
193512081271279,14035349371,3.6448672,7.622636,3.725924,3
193512083771279,14037849371,3.5039897,7.6399837,3.8177485,3
193512086271279,14040349371,3.44058,7.646564,3.908975,3
193512088771279,14042849371,3.3873396,7.6510506,3.979264,3
193512091271279,14045349371,3.3367913,7.682157,4.1030927,3
193512093771279,14047849371,3.2644083,7.7120676,4.214658,3
193512096271279,14050349371,3.187838,7.745866,4.275675,3
193512098771279,14052849371,3.118147,7.7796645,4.2762733,3
193512101271279,14055349371,3.0478578,7.8281193,4.3031926,3
193512103771279,14057849371,3.01376,7.852945,4.3295135,3
193512106271279,14060349371,2.996412,7.8834534,4.3328037,3
193512108771279,14062849371,2.9958138,7.8906317,4.3301115,3
193512111271279,14065349371,3.004488,7.88794,4.338187,3
193512113771279,14067849371,3.03051,7.8909307,4.328317,3
193512116271279,14070349371,3.0705895,7.9076805,4.3178487,3
193512118771279,14072849371,3.0825539,7.9295154,4.302893,3
193512121271279,14075349371,3.0969107,7.954939,4.3058844,3
193512123771279,14077849371,3.1172497,7.9893355,4.287639,3
193512126271279,14080349371,3.1348968,8.016255,4.301099,3
193512128771279,14082849371,3.1561332,8.026724,4.3154554,3
193512131271279,14085349371,3.1797621,8.050652,4.3151565,3
193512133771279,14087849371,3.1806595,8.078468,4.3169513,3
193512136271279,14090349371,3.1920254,8.085348,4.33071,3
193512138771279,14092849371,3.2407792,8.090432,4.3244286,3
193512141271279,14095349371,3.2709885,8.078169,4.327121,3
193512143771279,14097849371,3.2997024,8.064112,4.339683,3
193512146271279,14100349371,3.316153,8.079964,4.345964,3
193512148771279,14102849371,3.3230324,8.080562,4.380959,3
193512151271279,14105349371,3.3212378,8.106883,4.4258246,3
193512153771279,14107849371,3.2967114,8.146365,4.482355,3
193512156271279,14110349371,3.2596226,8.176873,4.5158544,3
193512158771279,14112849371,3.2312078,8.200203,4.467699,3
193512161271279,14115349371,3.1953156,8.215756,4.432405,3
193512163771279,14117849371,3.1692936,8.232207,4.423432,3
193512166271279,14120349371,3.1256247,8.25793,4.435994,3
193512168771279,14122849371,3.1337004,8.272586,4.4186463,3
193512171271279,14125349371,3.1262228,8.286046,4.4554358,3
193512173771279,14127849371,3.1498518,8.298608,4.468297,3
193512176271279,14130349371,3.1773694,8.319545,4.4638104,3
193512178771279,14132849371,3.1833515,8.332407,4.491926,3
193512181271279,14135349371,3.1785657,8.356634,4.517948,3
193512183771279,14137849371,3.2087753,8.374281,4.554738,3
193512186271279,14140349371,3.1920254,8.389834,4.581657,3
193512188771279,14142849371,3.1686954,8.387442,4.5852466,3
193512191271279,14145349371,3.1483564,8.395517,4.5837507,3
193512193771279,14147849371,3.140879,8.3943205,4.5861435,3
193512196271279,14150349371,3.12054,8.39462,4.6002016,3
193512198771279,14152849371,3.086442,8.388638,4.6064825,3
193512201271279,14155349371,3.0837502,8.362915,4.6178484,3
193512203771279,14157849371,3.0475588,8.343473,4.6564326,3
193512206271279,14160349371,3.0122645,8.32792,4.666602,3
193512208771279,14162849371,2.9626136,8.326425,4.672285,3
193512211271279,14165349371,2.9180472,8.318349,4.6746783,3
193512213771279,14167849371,2.8722844,8.314161,4.6989055,3
193512216271279,14170349371,2.8259234,8.29771,4.7288156,3
193512218771279,14172849371,2.804089,8.303095,4.738985,3
193512221271279,14175349371,2.7714868,8.292027,4.753342,3
193512223771279,14177849371,2.7394829,8.279764,4.77069,3
193512226271279,14180349371,2.7041886,8.274979,4.770092,3
193512228771279,14182849371,2.6548367,8.285447,4.7662034,3
193512231271279,14185349371,2.626422,8.285747,4.7509494,3
193512233771279,14187849371,2.5752754,8.301001,4.7159543,3
193512236271279,14190349371,2.5507488,8.312965,4.705785,3
193512238771279,14192849371,2.541776,8.325527,4.679464,3
193512241271279,14195349371,2.5471597,8.3327055,4.6259246,3
193512243771279,14197849371,2.5839493,8.338987,4.598407,3
193512246271279,14200349371,2.6362925,8.355437,4.5804605,3
193512248771279,14202849371,2.6476583,8.383852,4.543671,3
193512251271279,14205349371,2.6838498,8.392825,4.497609,3
193512253771279,14207849371,2.7466612,8.388339,4.434499,3
193512256271279,14210349371,2.8064818,8.379964,4.349254,3
193512258771279,14212849371,2.8866415,8.379366,4.2595234,3
193512261271279,14215349371,2.9620154,8.390732,4.191029,3
193512263771279,14217849371,3.0520453,8.400003,4.1126637,3
193512266271279,14220349371,3.1307094,8.398508,4.0683966,3
193512268771279,14222849371,3.2186456,8.396115,4.0301113,3
193512271271279,14225349371,3.309573,8.359625,3.9673,3
193512273771279,14227849371,3.3936207,8.319545,3.9667017,3
193512276271279,14230349371,3.4749768,8.257032,3.99392,3
193512278771279,14232849371,3.539882,8.196015,4.0202413,3
193512281271279,14235349371,3.585944,8.175976,4.1294136,3
193512283771279,14237849371,3.5150564,8.210073,4.2867417,3
193512286271279,14240349371,3.3604202,8.316854,4.467998,3
193512288771279,14242849371,3.1680973,8.453842,4.5765724,3
193512291271279,14245349371,2.9769704,8.576176,4.5361934,3
193512293771279,14247849371,2.7939196,8.680562,4.4108696,3
193512296271279,14250349371,2.652743,8.73799,4.2478585,3
193512298771279,14252849371,2.568695,8.722437,4.057928,3
193512301271279,14255349371,2.5232315,8.684152,3.8464625,3
193512303771279,14257849371,2.4855444,8.620442,3.6963127,3
193512306271279,14260349371,2.4879375,8.522337,3.6284165,3
193512308771279,14262849371,2.5256243,8.418549,3.6311083,3
193512311271279,14265349371,2.5956144,8.317751,3.7277186,3
193512313771279,14267849371,2.687439,8.2348995,3.9020956,3
193512316271279,14270349371,2.7708886,8.218449,4.0642095,3
193512318771279,14272849371,2.8313074,8.208279,4.2577286,3
193512321271279,14275349371,2.8351958,8.258529,4.349254,3
193512323771279,14277849371,2.8145576,8.281858,4.415655,3
193512326271279,14280349371,2.821736,8.291729,4.486542,3
193512328771279,14282849371,2.8582265,8.256434,4.450949,3
193512331271279,14285349371,2.9225338,8.177771,4.4225345,3
193512333771279,14287849371,2.978765,8.069795,4.4192443,3
193512336271279,14290349371,3.0245278,7.9558363,4.436293,3
193512338771279,14292849371,3.0604203,7.8577304,4.495815,3
193512341271279,14295349371,3.083152,7.783852,4.546363,3
193512343771279,14297849371,3.1292138,7.737192,4.6342993,3
193512346271279,14300349371,3.1627133,7.70788,4.749454,3
193512348771279,14302849371,3.2126634,7.669296,4.8236313,3
193512351271279,14305349371,3.2653055,7.626524,4.950152,3
193512353771279,14307849371,3.32722,7.5786676,5.0653067,3
193512356271279,14310349371,3.3723843,7.538887,5.1696935,3
193512358771279,14312849371,3.4040892,7.5173516,5.27079,3
193512361271279,14315349371,3.4283166,7.49462,5.3386865,3
193512363771279,14317849371,3.42383,7.4886374,5.338088,3
193512366271279,14320349371,3.4229329,7.478169,5.345865,3
193512368771279,14322849371,3.4567313,7.446165,5.317749,3
193512371271279,14325349371,3.484847,7.455437,5.2573304,3
193512373771279,14327849371,3.4938202,7.4859457,5.177769,3
193512376271279,14330349371,3.4920256,7.4997044,5.11735,3
193512378771279,14332849371,3.5057843,7.495816,5.0599227,3
193512381271279,14335349371,3.4965122,7.49462,5.1006007,3
193512383771279,14337849371,3.4666018,7.5379896,5.103891,3
193512386271279,14340349371,3.4366915,7.6070824,5.0330033,3
193512388771279,14342849371,3.4130623,7.638189,4.988437,3
193512391271279,14345349371,3.399603,7.656135,4.9896336,3
193512393771279,14347849371,3.3936207,7.681559,5.0330033,3
193512396271279,14350349371,3.3795629,7.7156568,5.0309095,3
193512398771279,14352849371,3.35713,7.760223,5.0048876,3
193512401271279,14355349371,3.3209388,7.8071823,4.9588256,3
193512403771279,14357849371,3.2961133,7.854141,4.9340005,3
193512406271279,14360349371,3.263511,7.8903327,4.916353,3
193512408771279,14362849371,3.229114,7.9298143,4.8625145,3
193512411271279,14365349371,3.2033913,7.9773717,4.831707,3
193512413771279,14367849371,3.1657043,7.993523,4.759025,3
193512416271279,14370349371,3.1172497,8.008778,4.7009993,3
193512418771279,14372849371,3.0921252,8.028219,4.6414776,3
193512421271279,14375349371,3.0355947,8.052147,4.6226344,3
193512423771279,14377849371,3.0400813,8.0665045,4.536493,3
193512426271279,14380349371,3.094518,8.081459,4.4401817,3
193512428771279,14382849371,3.0792637,8.098508,4.438088,3
193512431271279,14385349371,3.039782,8.147561,4.4629135,3
193512433771279,14387849371,2.9829526,8.208878,4.4207397,3
193512436271279,14390349371,2.9359934,8.264212,4.34746,3
193512438771279,14392849371,2.9021947,8.313264,4.316652,3
193512441271279,14395349371,2.838785,8.368,4.31067,3
193512443771279,14397849371,2.7619154,8.448159,4.284648,3
193512446271279,14400349371,2.6841488,8.524132,4.302295,3
193512448771279,14402849371,2.611467,8.592327,4.2508492,3
193512451271279,14405349371,2.5704896,8.646764,4.1868415,3
193512453771279,14407849371,2.5591238,8.702396,4.0387855,3
193512456271279,14410349371,2.566003,8.7367935,3.891926,3
193512458771279,14412849371,2.5956144,8.75145,3.775575,3
193512461271279,14415349371,2.6312077,8.7266245,3.6849468,3
193512463771279,14417849371,2.69372,8.688638,3.6424742,3
193512466271279,14420349371,2.7678976,8.641679,3.5826538,3
193512468771279,14422849371,2.856133,8.586345,3.5620155,3
193512471271279,14425349371,2.9446673,8.543872,3.5626137,3
193512473771279,14427849371,3.0326035,8.515159,3.6188452,3
193512476271279,14430349371,3.121138,8.463713,3.7151563,3
193512478771279,14432849371,3.2066815,8.425427,3.8123646,3
193512481271279,14435349371,3.2805598,8.383852,3.900301,3
193512483771279,14437849371,3.3263226,8.326125,3.9882371,3
193512486271279,14440349371,3.3628132,8.260622,4.05733,3
193512488771279,14442849371,3.3930225,8.203195,4.1353955,3
193512491271279,14445349371,3.435196,8.130213,4.202694,3
193512493771279,14447849371,3.4519458,8.042875,4.2909293,3
193512496271279,14450349371,3.4624143,7.946863,4.3351965,3
193512498771279,14452849371,3.464508,7.878668,4.3812585,3
193512501271279,14455349371,3.4603207,7.801499,4.4350967,3
193512503771279,14457849371,3.4429727,7.743174,4.461717,3
193512506271279,14460349371,3.4217365,7.690532,4.514359,3
193512508771279,14462849371,3.39721,7.6217384,4.5613184,3
193512511271279,14465349371,3.3741791,7.587641,4.6262236,3
193512513771279,14467849371,3.3741791,7.5493555,4.65733,3
193512516271279,14470349371,3.3753755,7.530512,4.6785665,3
193512518771279,14472849371,3.379862,7.5086775,4.691727,3
193512521271279,14475349371,3.3699915,7.4979095,4.6899323,3
193512523771279,14477849371,3.394817,7.495816,4.6881375,3
193512526271279,14480349371,3.3876386,7.4976106,4.7198424,3
193512528771279,14482849371,3.371188,7.498209,4.6893344,3
193512531271279,14485349371,3.3400812,7.511369,4.6896334,3
193512533771279,14487849371,3.2973096,7.512865,4.7009993,3
193512536271279,14490349371,3.2638102,7.5182486,4.7189455,3
193512538771279,14492849371,3.2147572,7.5409803,4.7171507,3
193512541271279,14495349371,3.1692936,7.5640116,4.7105703,3
193512543771279,14497849371,3.1217363,7.5906315,4.7321057,3
193512546271279,14500349371,3.0963125,7.5990067,4.731209,3
193512548771279,14502849371,3.1049864,7.6217384,4.7419763,3
193512551271279,14505349371,3.088835,7.6630144,4.790132,3
193512553771279,14507849371,3.0478578,7.710273,4.828417,3
193512556271279,14510349371,3.0209386,7.769196,4.8361936,3
193512558771279,14512849371,3.0056844,7.8197446,4.822734,3
193512561271279,14515349371,3.0053852,7.867601,4.8233323,3
193512563771279,14517849371,3.0003004,7.9055867,4.7892346,3
193512566271279,14520349371,2.975475,7.958229,4.761717,3
193512568771279,14522849371,2.9306095,8.003992,4.733302,3
193512571271279,14525349371,2.8812575,8.057531,4.711169,3
193512573771279,14527849371,2.8486555,8.122137,4.633402,3
193512576271279,14530349371,2.8633113,8.166405,4.5885367,3
193512578771279,14532849371,2.8585258,8.196614,4.57747,3
193512581271279,14535349371,2.8298118,8.228319,4.5852466,3
193512583771279,14537849371,2.801098,8.251948,4.596313,3
193512586271279,14540349371,2.7852457,8.266604,4.584349,3
193512588771279,14542849371,2.7741787,8.280363,4.5825543,3
193512591271279,14545349371,2.757728,8.2678,4.6079783,3
193512593771279,14547849371,2.7586255,8.237591,4.636094,3
193512596271279,14550349371,2.7538397,8.193922,4.648058,3
193512598771279,14552849371,2.7649066,8.140083,4.6785665,3
193512601271279,14555349371,2.7972097,8.088039,4.7099724,3
193512603771279,14557849371,2.8348966,8.010871,4.7318068,3
193512606271279,14560349371,2.8704898,7.9513497,4.7895336,3
193512608771279,14562849371,2.8923244,7.9094753,4.8640103,3
193512611271279,14565349371,2.8947172,7.87119,4.880162,3
193512613771279,14567849371,2.89711,7.8487573,4.896313,3
193512616271279,14570349371,2.8989046,7.8436728,4.9088755,3
193512618771279,14572849371,2.882155,7.8607216,4.9139605,3
193512621271279,14575349371,2.8582265,7.899306,4.8990054,3
193512623771279,14577849371,2.836093,7.975577,4.883153,3
193512626271279,14580349371,2.8118658,8.048857,4.8320065,3
193512628771279,14582849371,2.7990043,8.107481,4.7859445,3
193512631271279,14585349371,2.8031917,8.16132,4.7362933,3
193512633771279,14587849371,2.7948167,8.19452,4.666602,3
193512636271279,14590349371,2.795116,8.203493,4.589733,3
193512638771279,14592849371,2.8037899,8.214261,4.5284166,3
193512641271279,14595349371,2.7900312,8.23101,4.4835515,3
193512643771279,14597849371,2.8316064,8.249256,4.441677,3
193512646271279,14600349371,2.8381867,8.272586,4.4138603,3
193512648771279,14602849371,2.8136604,8.294122,4.395316,3
193512651271279,14605349371,2.7711878,8.319545,4.354339,3
193512653771279,14607849371,2.7361927,8.356335,4.308576,3
193512656271279,14610349371,2.7155547,8.34796,4.290331,3
193512658771279,14612849371,2.7011976,8.350054,4.2385864,3
193512661271279,14615349371,2.6772695,8.363513,4.206582,3
193512663771279,14617849371,2.6745775,8.391031,4.1922255,3
193512666271279,14620349371,2.6880372,8.39791,4.1838503,3
193512668771279,14622849371,2.7029922,8.408678,4.1662035,3
193512671271279,14625349371,2.7191439,8.397611,4.1458645,3
193512673771279,14627849371,2.7332017,8.385049,4.158128,3
193512676271279,14630349371,2.7556343,8.359625,4.144668,3
193512678771279,14632849371,2.7592237,8.350054,4.1775694,3
193512681271279,14635349371,2.7619154,8.340483,4.214957,3
193512683771279,14637849371,2.7445676,8.33809,4.269394,3
193512686271279,14640349371,2.7798617,8.328817,4.31396,3
193512688771279,14642849371,2.746063,8.33121,4.293621,3
193512691271279,14645349371,2.6781666,8.352147,4.3540397,3
193512693771279,14647849371,2.669792,8.368598,4.471288,3
193512696271279,14650349371,2.7041886,8.385049,4.449454,3
193512698771279,14652849371,2.7583263,8.400303,4.3519464,3
193512701271279,14655349371,2.7672994,8.407183,4.2945185,3
193512703771279,14657849371,2.7741787,8.406883,4.3295135,3
193512706271279,14660349371,2.7858438,8.390134,4.3779683,3
193512708771279,14662849371,2.8118658,8.365009,4.388437,3
193512711271279,14665349371,2.8351958,8.350054,4.423731,3
193512713771279,14667849371,2.8582265,8.339585,4.458427,3
193512716271279,14670349371,2.8863423,8.308778,4.5041895,3
193512718771279,14672849371,2.8956144,8.278867,4.5320063,3
193512721271279,14675349371,2.9249265,8.223534,4.558028,3
193512723771279,14677849371,2.9138598,8.162815,4.5798626,3
193512726271279,14680349371,2.909074,8.106285,4.6112685,3
193512728771279,14682849371,2.8782666,8.044071,4.6025944,3
193512731271279,14685349371,2.8486555,7.9980097,4.6357946,3
193512733771279,14687849371,2.8280172,7.9761753,4.65404,3
193512736271279,14690349371,2.7933214,7.949555,4.6992044,3
193512738771279,14692849371,2.7535408,7.931908,4.733302,3
193512741271279,14695349371,2.7332017,7.925029,4.7599225,3
193512743771279,14697849371,2.7562325,7.908578,4.753641,3
193512746271279,14700349371,2.7738798,7.925029,4.773382,3
193512748771279,14702849371,2.7678976,7.941778,4.7862434,3
193512751271279,14705349371,2.7526433,7.9830546,4.7488556,3
193512753771279,14707849371,2.7394829,7.995617,4.3734818,3
193512756271279,14710349371,2.8902307,8.219944,2.6189444,3
193512758771279,14712849371,3.0705895,8.845368,2.2983062,3
193512761271279,14715349371,3.0089746,8.9210415,3.6338003,3
193512763771279,14717849371,2.847758,9.006884,3.8955152,3
193512766271279,14720349371,2.6712873,9.225228,3.3882368,3
193512768771279,14722849371,2.7293134,9.272786,2.909074,3
193512771271279,14725349371,2.9004002,9.074481,2.5124638,3
193512773771279,14727849371,3.0349965,8.760423,2.0258234,3
193512776271279,14730349371,3.0996027,8.567501,1.5804594,3
193512778771279,14732849371,3.1109686,8.523832,1.3674982,3
193512781271279,14735349371,3.071188,8.642876,1.4988043,3
193512783771279,14737849371,3.0023942,8.813364,1.8906289,3
193512786271279,14740349371,2.9159534,9.00808,2.3449662,3
193512788771279,14742849371,2.838486,9.12832,2.8052855,3
193512791271279,14745349371,2.754139,9.1414795,3.2437701,3
193512793771279,14747849371,2.6925237,9.074182,3.5787654,3
193512796271279,14750349371,2.6189444,8.931808,3.8874395,3
193512798771279,14752849371,2.5342982,8.752945,4.206283,3
193512801271279,14755349371,2.4687948,8.559127,4.552943,3
193512803771279,14757849371,2.400001,8.387142,4.812864,3
193512806271279,14760349371,2.350051,8.252546,5.0246286,3
193512808771279,14762849371,2.3027928,8.147861,5.2232327,3
193512811271279,14765349371,2.2767708,8.065607,5.355137,3
193512813771279,14767849371,2.2779672,8.009675,5.3739805,3
193512816271279,14770349371,2.2995026,7.9351983,5.4379888,3
193512818771279,14772849371,2.370689,7.885846,5.729016,3
193512821271279,14775349371,2.426023,7.9244304,5.837291,3
193512823771279,14777849371,2.4990041,8.013563,5.7547383,3
193512826271279,14780349371,2.591726,8.066803,5.677271,3
193512828771279,14782849371,2.6811578,8.053942,5.6563334,3
193512831271279,14785349371,2.7125635,8.005188,5.6090755,3
193512833771279,14787849371,2.652444,7.983952,5.5160546,3
193512836271279,14790349371,2.5764718,7.9887376,5.3796635,3
193512838771279,14792849371,2.5256243,8.026724,5.2453666,3
193512841271279,14795349371,2.5106692,8.1015,5.1616178,3
193512843771279,14797849371,2.5007987,8.2049885,5.102096,3
193512846271279,14800349371,2.4759731,8.324929,4.988437,3
193512848771279,14802849371,2.4394827,8.413464,4.8879385,3
193512851271279,14805349371,2.3892334,8.468498,4.7718863,3
