window_index,audio_window_start_ms,audio_window_end_ms,fusion_confidence,model_reliable,backend_status,inference_latency_us,controller_state,target_gain,applied_gain_start,applied_gain_end,controller_reason,mic_energy_db,mic_pitch_reliable,phone_motion_level,sensor_reliability,sensor_alignment_lag_ms,pitch_agreement_score
0,0.00,128.00,0.5000,0,"Model unavailable (Mandatory non-CPU acceleration requested, but only CPU NNAPI devices available (nnapi-reference))",0,PRESERVE,1.0000,1.0000,1.0000,"Model guard: inference failed or model unavailable",-120.00,0,2.1267,0.4366,1.00,0.0000
1,128.00,256.00,0.5000,0,"Model unavailable (Mandatory non-CPU acceleration requested, but only CPU NNAPI devices available (nnapi-reference))",0,PRESERVE,1.0000,1.0000,1.0000,"Model guard: inference failed or model unavailable",-120.00,0,0.1180,1.0000,1.50,0.0000
2,256.00,384.00,0.5000,0,"Model unavailable (Mandatory non-CPU acceleration requested, but only CPU NNAPI devices available (nnapi-reference))",0,PRESERVE,1.0000,1.0000,1.0000,"Model guard: inference failed or model unavailable",-120.00,0,0.0059,1.0000,2.00,0.0000
3,384.00,512.00,0.5000,0,"Model unavailable (Mandatory non-CPU acceleration requested, but only CPU NNAPI devices available (nnapi-reference))",0,PRESERVE,1.0000,1.0000,1.0000,"Model guard: inference failed or model unavailable",-120.00,0,0.0007,1.0000,0.00,0.0000
4,512.00,640.00,0.5000,0,"Model unavailable (Mandatory non-CPU acceleration requested, but only CPU NNAPI devices available (nnapi-reference))",0,PRESERVE,1.0000,1.0000,1.0000,"Model guard: inference failed or model unavailable",-120.00,0,0.0008,1.0000,0.50,0.0000
5,640.00,768.00,0.5000,0,"Model unavailable (Mandatory non-CPU acceleration requested, but only CPU NNAPI devices available (nnapi-reference))",0,PRESERVE,1.0000,1.0000,1.0000,"Model guard: inference failed or model unavailable",-102.52,0,0.0011,1.0000,1.00,0.0000
6,768.00,896.00,0.5000,0,"Model unavailable (Mandatory non-CPU acceleration requested, but only CPU NNAPI devices available (nnapi-reference))",0,PRESERVE,1.0000,1.0000,1.0000,"Model guard: inference failed or model unavailable",-116.43,0,0.0019,1.0000,1.50,0.0000
7,896.00,1024.00,0.5000,0,"Model unavailable (Mandatory non-CPU acceleration requested, but only CPU NNAPI devices available (nnapi-reference))",0,PRESERVE,1.0000,1.0000,1.0000,"Model guard: inference failed or model unavailable",-120.00,0,0.0050,1.0000,2.00,0.0000
8,1024.00,1152.00,0.5000,0,"Model unavailable (Mandatory non-CPU acceleration requested, but only CPU NNAPI devices available (nnapi-reference))",0,PRESERVE,1.0000,1.0000,1.0000,"Model guard: inference failed or model unavailable",-120.00,0,0.0132,1.0000,0.00,0.0000
9,1152.00,1280.00,0.5000,0,"Model unavailable (Mandatory non-CPU acceleration requested, but only CPU NNAPI devices available (nnapi-reference))",0,PRESERVE,1.0000,1.0000,1.0000,"Model guard: inference failed or model unavailable",-58.99,0,0.3186,1.0000,0.50,0.0000
10,1280.00,1408.00,0.5000,0,"Model unavailable (Mandatory non-CPU acceleration requested, but only CPU NNAPI devices available (nnapi-reference))",0,PRESERVE,1.0000,1.0000,1.0000,"Model guard: inference failed or model unavailable",-120.00,0,0.5274,1.0000,1.00,0.0000
11,1408.00,1536.00,0.5000,0,"Model unavailable (Mandatory non-CPU acceleration requested, but only CPU NNAPI devices available (nnapi-reference))",0,PRESERVE,1.0000,1.0000,1.0000,"Model guard: inference failed or model unavailable",-120.00,0,0.6310,1.0000,1.50,0.0000
12,1536.00,1664.00,0.5000,0,"Model unavailable (Mandatory non-CPU acceleration requested, but only CPU NNAPI devices available (nnapi-reference))",0,PRESERVE,1.0000,1.0000,1.0000,"Model guard: inference failed or model unavailable",-120.00,0,0.7694,1.0000,2.00,0.0000
13,1664.00,1792.00,0.5000,0,"Model unavailable (Mandatory non-CPU acceleration requested, but only CPU NNAPI devices available (nnapi-reference))",0,PRESERVE,1.0000,1.0000,1.0000,"Model guard: inference failed or model unavailable",-120.00,0,0.1924,1.0000,0.00,0.0000
14,1792.00,1920.00,0.5000,0,"Model unavailable (Mandatory non-CPU acceleration requested, but only CPU NNAPI devices available (nnapi-reference))",0,PRESERVE,1.0000,1.0000,1.0000,"Model guard: inference failed or model unavailable",-120.00,0,0.7376,1.0000,0.50,0.0000
15,1920.00,2048.00,0.5000,0,"Model unavailable (Mandatory non-CPU acceleration requested, but only CPU NNAPI devices available (nnapi-reference))",0,PRESERVE,1.0000,1.0000,1.0000,"Model guard: inference failed or model unavailable",-120.00,0,0.4361,1.0000,1.00,0.0000
16,2048.00,2176.00,0.5000,0,"Model unavailable (Mandatory non-CPU acceleration requested, but only CPU NNAPI devices available (nnapi-reference))",0,PRESERVE,1.0000,1.0000,1.0000,"Model guard: inference failed or model unavailable",-120.00,0,0.4804,1.0000,1.50,0.0000
17,2176.00,2304.00,0.5000,0,"Model unavailable (Mandatory non-CPU acceleration requested, but only CPU NNAPI devices available (nnapi-reference))",0,PRESERVE,1.0000,1.0000,1.0000,"Model guard: inference failed or model unavailable",-120.00,0,0.6848,1.0000,2.00,0.0000
18,2304.00,2432.00,0.5000,0,"Model unavailable (Mandatory non-CPU acceleration requested, but only CPU NNAPI devices available (nnapi-reference))",0,PRESERVE,1.0000,1.0000,1.0000,"Model guard: inference failed or model unavailable",-120.00,0,0.3244,1.0000,0.00,0.0000
19,2432.00,2560.00,0.5000,0,"Model unavailable (Mandatory non-CPU acceleration requested, but only CPU NNAPI devices available (nnapi-reference))",0,PRESERVE,1.0000,1.0000,1.0000,"Model guard: inference failed or model unavailable",-120.00,0,0.4275,1.0000,0.50,0.0000
20,2560.00,2688.00,0.5000,0,"Model unavailable (Mandatory non-CPU acceleration requested, but only CPU NNAPI devices available (nnapi-reference))",0,PRESERVE,1.0000,1.0000,1.0000,"Model guard: inference failed or model unavailable",-120.00,0,0.9778,1.0000,1.00,0.0000
21,2688.00,2816.00,0.5000,0,"Model unavailable (Mandatory non-CPU acceleration requested, but only CPU NNAPI devices available (nnapi-reference))",0,PRESERVE,1.0000,1.0000,1.0000,"Model guard: inference failed or model unavailable",-120.00,0,1.1682,0.9159,1.50,0.0000
22,2816.00,2944.00,0.5000,0,"Model unavailable (Mandatory non-CPU acceleration requested, but only CPU NNAPI devices available (nnapi-reference))",0,PRESERVE,1.0000,1.0000,1.0000,"Model guard: inference failed or model unavailable",-120.00,0,0.4034,1.0000,2.00,0.0000
23,2944.00,3072.00,0.5000,0,"Model unavailable (Mandatory non-CPU acceleration requested, but only CPU NNAPI devices available (nnapi-reference))",0,PRESERVE,1.0000,1.0000,1.0000,"Model guard: inference failed or model unavailable",-120.00,0,0.0992,1.0000,0.00,0.0000
24,3072.00,3200.00,0.5000,0,"Model unavailable (Mandatory non-CPU acceleration requested, but only CPU NNAPI devices available (nnapi-reference))",0,PRESERVE,1.0000,1.0000,1.0000,"Model guard: inference failed or model unavailable",-120.00,0,0.2010,1.0000,0.50,0.0000
25,3200.00,3328.00,0.5000,0,"Model unavailable (Mandatory non-CPU acceleration requested, but only CPU NNAPI devices available (nnapi-reference))",0,PRESERVE,1.0000,1.0000,1.0000,"Model guard: inference failed or model unavailable",-120.00,0,0.0964,1.0000,1.00,0.0000
26,3328.00,3456.00,0.5000,0,"Model unavailable (Mandatory non-CPU acceleration requested, but only CPU NNAPI devices available (nnapi-reference))",0,PRESERVE,1.0000,1.0000,1.0000,"Model guard: inference failed or model unavailable",-120.00,0,0.0833,1.0000,1.50,0.0000
27,3456.00,3584.00,0.5000,0,"Model unavailable (Mandatory non-CPU acceleration requested, but only CPU NNAPI devices available (nnapi-reference))",0,PRESERVE,1.0000,1.0000,1.0000,"Model guard: inference failed or model unavailable",-120.00,0,0.8415,1.0000,2.00,0.0000
28,3584.00,3712.00,0.5000,0,"Model unavailable (Mandatory non-CPU acceleration requested, but only CPU NNAPI devices available (nnapi-reference))",0,PRESERVE,1.0000,1.0000,1.0000,"Model guard: inference failed or model unavailable",-120.00,0,0.2114,1.0000,0.00,0.0000
29,3712.00,3840.00,0.5000,0,"Model unavailable (Mandatory non-CPU acceleration requested, but only CPU NNAPI devices available (nnapi-reference))",0,PRESERVE,1.0000,1.0000,1.0000,"Model guard: inference failed or model unavailable",-120.00,0,0.7322,1.0000,0.50,0.0000
30,3840.00,3968.00,0.5000,0,"Model unavailable (Mandatory non-CPU acceleration requested, but only CPU NNAPI devices available (nnapi-reference))",0,PRESERVE,1.0000,1.0000,1.0000,"Model guard: inference failed or model unavailable",-120.00,0,0.2956,1.0000,1.00,0.0000
31,3968.00,4096.00,0.5000,0,"Model unavailable (Mandatory non-CPU acceleration requested, but only CPU NNAPI devices available (nnapi-reference))",0,PRESERVE,1.0000,1.0000,1.0000,"Model guard: inference failed or model unavailable",-120.00,0,0.1789,1.0000,1.50,0.0000
32,4096.00,4224.00,0.5000,0,"Model unavailable (Mandatory non-CPU acceleration requested, but only CPU NNAPI devices available (nnapi-reference))",0,PRESERVE,1.0000,1.0000,1.0000,"Model guard: inference failed or model unavailable",-120.00,0,0.0578,1.0000,2.00,0.0000
33,4224.00,4352.00,0.5000,0,"Model unavailable (Mandatory non-CPU acceleration requested, but only CPU NNAPI devices available (nnapi-reference))",0,PRESERVE,1.0000,1.0000,1.0000,"Model guard: inference failed or model unavailable",-120.00,0,0.1077,1.0000,0.00,0.0000
34,4352.00,4480.00,0.5000,0,"Model unavailable (Mandatory non-CPU acceleration requested, but only CPU NNAPI devices available (nnapi-reference))",0,PRESERVE,1.0000,1.0000,1.0000,"Model guard: inference failed or model unavailable",-120.00,0,0.0951,1.0000,0.50,0.0000
35,4480.00,4608.00,0.5000,0,"Model unavailable (Mandatory non-CPU acceleration requested, but only CPU NNAPI devices available (nnapi-reference))",0,PRESERVE,1.0000,1.0000,1.0000,"Model guard: inference failed or model unavailable",-120.00,0,0.0770,1.0000,1.00,0.0000
36,4608.00,4736.00,0.5000,0,"Model unavailable (Mandatory non-CPU acceleration requested, but only CPU NNAPI devices available (nnapi-reference))",0,PRESERVE,1.0000,1.0000,1.0000,"Model guard: inference failed or model unavailable",-120.00,0,0.2002,1.0000,1.50,0.0000
37,4736.00,4864.00,0.5000,0,"Model unavailable (Mandatory non-CPU acceleration requested, but only CPU NNAPI devices available (nnapi-reference))",0,PRESERVE,1.0000,1.0000,1.0000,"Model guard: inference failed or model unavailable",-120.00,0,0.1543,1.0000,2.00,0.0000
38,4864.00,4992.00,0.5000,0,"Model unavailable (Mandatory non-CPU acceleration requested, but only CPU NNAPI devices available (nnapi-reference))",0,PRESERVE,1.0000,1.0000,1.0000,"Model guard: inference failed or model unavailable",-120.00,0,0.0325,1.0000,0.00,0.0000
39,4992.00,5120.00,0.5000,0,"Model unavailable (Mandatory non-CPU acceleration requested, but only CPU NNAPI devices available (nnapi-reference))",0,PRESERVE,1.0000,1.0000,1.0000,"Model guard: inference failed or model unavailable",-120.00,0,0.0678,1.0000,0.50,0.0000
40,5120.00,5248.00,0.5000,0,"Model unavailable (Mandatory non-CPU acceleration requested, but only CPU NNAPI devices available (nnapi-reference))",0,PRESERVE,1.0000,1.0000,1.0000,"Model guard: inference failed or model unavailable",-120.00,0,0.0935,1.0000,1.00,0.0000
41,5248.00,5376.00,0.5000,0,"Model unavailable (Mandatory non-CPU acceleration requested, but only CPU NNAPI devices available (nnapi-reference))",0,PRESERVE,1.0000,1.0000,1.0000,"Model guard: inference failed or model unavailable",-120.00,0,0.1426,1.0000,1.50,0.0000
42,5376.00,5504.00,0.5000,0,"Model unavailable (Mandatory non-CPU acceleration requested, but only CPU NNAPI devices available (nnapi-reference))",0,PRESERVE,1.0000,1.0000,1.0000,"Model guard: inference failed or model unavailable",-120.00,0,0.2296,1.0000,2.00,0.0000
43,5504.00,5632.00,0.5000,0,"Model unavailable (Mandatory non-CPU acceleration requested, but only CPU NNAPI devices available (nnapi-reference))",0,PRESERVE,1.0000,1.0000,1.0000,"Model guard: inference failed or model unavailable",-120.00,0,0.2780,1.0000,0.00,0.0000
44,5632.00,5760.00,0.5000,0,"Model unavailable (Mandatory non-CPU acceleration requested, but only CPU NNAPI devices available (nnapi-reference))",0,PRESERVE,1.0000,1.0000,1.0000,"Model guard: inference failed or model unavailable",-120.00,0,0.2838,1.0000,0.50,0.0000
45,5760.00,5888.00,0.5000,0,"Model unavailable (Mandatory non-CPU acceleration requested, but only CPU NNAPI devices available (nnapi-reference))",0,PRESERVE,1.0000,1.0000,1.0000,"Model guard: inference failed or model unavailable",-120.00,0,0.2151,1.0000,1.00,0.0000
46,5888.00,6016.00,0.5000,0,"Model unavailable (Mandatory non-CPU acceleration requested, but only CPU NNAPI devices available (nnapi-reference))",0,PRESERVE,1.0000,1.0000,1.0000,"Model guard: inference failed or model unavailable",-120.00,0,0.0187,1.0000,1.50,0.0000
47,6016.00,6144.00,0.5000,0,"Model unavailable (Mandatory non-CPU acceleration requested, but only CPU NNAPI devices available (nnapi-reference))",0,PRESERVE,1.0000,1.0000,1.0000,"Model guard: inference failed or model unavailable",-120.00,0,0.0960,1.0000,2.00,0.0000
48,6144.00,6272.00,0.5000,0,"Model unavailable (Mandatory non-CPU acceleration requested, but only CPU NNAPI devices available (nnapi-reference))",0,PRESERVE,1.0000,1.0000,1.0000,"Model guard: inference failed or model unavailable",-120.00,0,0.0514,1.0000,0.00,0.0000
49,6272.00,6400.00,0.5000,0,"Model unavailable (Mandatory non-CPU acceleration requested, but only CPU NNAPI devices available (nnapi-reference))",0,PRESERVE,1.0000,1.0000,1.0000,"Model guard: inference failed or model unavailable",-120.00,0,0.1210,1.0000,0.50,0.0000
50,6400.00,6528.00,0.5000,0,"Model unavailable (Mandatory non-CPU acceleration requested, but only CPU NNAPI devices available (nnapi-reference))",0,PRESERVE,1.0000,1.0000,1.0000,"Model guard: inference failed or model unavailable",-120.00,0,0.1163,1.0000,1.00,0.0000
51,6528.00,6656.00,0.5000,0,"Model unavailable (Mandatory non-CPU acceleration requested, but only CPU NNAPI devices available (nnapi-reference))",0,PRESERVE,1.0000,1.0000,1.0000,"Model guard: inference failed or model unavailable",-120.00,0,0.0598,1.0000,1.50,0.0000
52,6656.00,6784.00,0.5000,0,"Model unavailable (Mandatory non-CPU acceleration requested, but only CPU NNAPI devices available (nnapi-reference))",0,PRESERVE,1.0000,1.0000,1.0000,"Model guard: inference failed or model unavailable",-120.00,0,0.0222,1.0000,2.00,0.0000
53,6784.00,6912.00,0.5000,0,"Model unavailable (Mandatory non-CPU acceleration requested, but only CPU NNAPI devices available (nnapi-reference))",0,PRESERVE,1.0000,1.0000,1.0000,"Model guard: inference failed or model unavailable",-120.00,0,0.0353,1.0000,0.00,0.0000
54,6912.00,7040.00,0.5000,0,"Model unavailable (Mandatory non-CPU acceleration requested, but only CPU NNAPI devices available (nnapi-reference))",0,PRESERVE,1.0000,1.0000,1.0000,"Model guard: inference failed or model unavailable",-120.00,0,0.0794,1.0000,0.50,0.0000
55,7040.00,7168.00,0.5000,0,"Model unavailable (Mandatory non-CPU acceleration requested, but only CPU NNAPI devices available (nnapi-reference))",0,PRESERVE,1.0000,1.0000,1.0000,"Model guard: inference failed or model unavailable",-120.00,0,0.0998,1.0000,1.00,0.0000
56,7168.00,7296.00,0.5000,0,"Model unavailable (Mandatory non-CPU acceleration requested, but only CPU NNAPI devices available (nnapi-reference))",0,PRESERVE,1.0000,1.0000,1.0000,"Model guard: inference failed or model unavailable",-120.00,0,0.1268,1.0000,1.50,0.0000
57,7296.00,7424.00,0.5000,0,"Model unavailable (Mandatory non-CPU acceleration requested, but only CPU NNAPI devices available (nnapi-reference))",0,PRESERVE,1.0000,1.0000,1.0000,"Model guard: inference failed or model unavailable",-120.00,0,0.0886,1.0000,2.00,0.0000
58,7424.00,7552.00,0.5000,0,"Model unavailable (Mandatory non-CPU acceleration requested, but only CPU NNAPI devices available (nnapi-reference))",0,PRESERVE,1.0000,1.0000,1.0000,"Model guard: inference failed or model unavailable",-120.00,0,0.0597,1.0000,0.00,0.0000
59,7552.00,7680.00,0.5000,0,"Model unavailable (Mandatory non-CPU acceleration requested, but only CPU NNAPI devices available (nnapi-reference))",0,PRESERVE,1.0000,1.0000,1.0000,"Model guard: inference failed or model unavailable",-120.00,0,0.0222,1.0000,0.50,0.0000
60,7680.00,7808.00,0.5000,0,"Model unavailable (Mandatory non-CPU acceleration requested, but only CPU NNAPI devices available (nnapi-reference))",0,PRESERVE,1.0000,1.0000,1.0000,"Model guard: inference failed or model unavailable",-120.00,0,0.0253,1.0000,1.00,0.0000
61,7808.00,7936.00,0.5000,0,"Model unavailable (Mandatory non-CPU acceleration requested, but only CPU NNAPI devices available (nnapi-reference))",0,PRESERVE,1.0000,1.0000,1.0000,"Model guard: inference failed or model unavailable",-120.00,0,0.0738,1.0000,1.50,0.0000
62,7936.00,8064.00,0.5000,0,"Model unavailable (Mandatory non-CPU acceleration requested, but only CPU NNAPI devices available (nnapi-reference))",0,PRESERVE,1.0000,1.0000,1.0000,"Model guard: inference failed or model unavailable",-120.00,0,0.0220,1.0000,2.00,0.0000
63,8064.00,8192.00,0.5000,0,"Model unavailable (Mandatory non-CPU acceleration requested, but only CPU NNAPI devices available (nnapi-reference))",0,PRESERVE,1.0000,1.0000,1.0000,"Model guard: inference failed or model unavailable",-120.00,0,0.0559,1.0000,0.00,0.0000
64,8192.00,8320.00,0.5000,0,"Model unavailable (Mandatory non-CPU acceleration requested, but only CPU NNAPI devices available (nnapi-reference))",0,PRESERVE,1.0000,1.0000,1.0000,"Model guard: inference failed or model unavailable",-120.00,0,0.0820,1.0000,0.50,0.0000
65,8320.00,8448.00,0.5000,0,"Model unavailable (Mandatory non-CPU acceleration requested, but only CPU NNAPI devices available (nnapi-reference))",0,PRESERVE,1.0000,1.0000,1.0000,"Model guard: inference failed or model unavailable",-120.00,0,0.0637,1.0000,1.00,0.0000
66,8448.00,8576.00,0.5000,0,"Model unavailable (Mandatory non-CPU acceleration requested, but only CPU NNAPI devices available (nnapi-reference))",0,PRESERVE,1.0000,1.0000,1.0000,"Model guard: inference failed or model unavailable",-120.00,0,0.0481,1.0000,1.50,0.0000
67,8576.00,8704.00,0.5000,0,"Model unavailable (Mandatory non-CPU acceleration requested, but only CPU NNAPI devices available (nnapi-reference))",0,PRESERVE,1.0000,1.0000,1.0000,"Model guard: inference failed or model unavailable",-120.00,0,0.0371,1.0000,2.00,0.0000
68,8704.00,8832.00,0.5000,0,"Model unavailable (Mandatory non-CPU acceleration requested, but only CPU NNAPI devices available (nnapi-reference))",0,PRESERVE,1.0000,1.0000,1.0000,"Model guard: inference failed or model unavailable",-120.00,0,0.0661,1.0000,0.00,0.0000
69,8832.00,8960.00,0.5000,0,"Model unavailable (Mandatory non-CPU acceleration requested, but only CPU NNAPI devices available (nnapi-reference))",0,PRESERVE,1.0000,1.0000,1.0000,"Model guard: inference failed or model unavailable",-120.00,0,0.0591,1.0000,0.50,0.0000
70,8960.00,9088.00,0.5000,0,"Model unavailable (Mandatory non-CPU acceleration requested, but only CPU NNAPI devices available (nnapi-reference))",0,PRESERVE,1.0000,1.0000,1.0000,"Model guard: inference failed or model unavailable",-120.00,0,0.0354,1.0000,1.00,0.0000
71,9088.00,9216.00,0.5000,0,"Model unavailable (Mandatory non-CPU acceleration requested, but only CPU NNAPI devices available (nnapi-reference))",0,PRESERVE,1.0000,1.0000,1.0000,"Model guard: inference failed or model unavailable",-120.00,0,0.0366,1.0000,1.50,0.0000
72,9216.00,9344.00,0.5000,0,"Model unavailable (Mandatory non-CPU acceleration requested, but only CPU NNAPI devices available (nnapi-reference))",0,PRESERVE,1.0000,1.0000,1.0000,"Model guard: inference failed or model unavailable",-120.00,0,0.0224,1.0000,2.00,0.0000
73,9344.00,9472.00,0.5000,0,"Model unavailable (Mandatory non-CPU acceleration requested, but only CPU NNAPI devices available (nnapi-reference))",0,PRESERVE,1.0000,1.0000,1.0000,"Model guard: inference failed or model unavailable",-120.00,0,0.0289,1.0000,0.00,0.0000
74,9472.00,9600.00,0.5000,0,"Model unavailable (Mandatory non-CPU acceleration requested, but only CPU NNAPI devices available (nnapi-reference))",0,PRESERVE,1.0000,1.0000,1.0000,"Model guard: inference failed or model unavailable",-120.00,0,0.0531,1.0000,0.50,0.0000
75,9600.00,9728.00,0.5000,0,"Model unavailable (Mandatory non-CPU acceleration requested, but only CPU NNAPI devices available (nnapi-reference))",0,PRESERVE,1.0000,1.0000,1.0000,"Model guard: inference failed or model unavailable",-120.00,0,0.0709,1.0000,1.00,0.0000
76,9728.00,9856.00,0.5000,0,"Model unavailable (Mandatory non-CPU acceleration requested, but only CPU NNAPI devices available (nnapi-reference))",0,PRESERVE,1.0000,1.0000,1.0000,"Model guard: inference failed or model unavailable",-120.00,0,0.0653,1.0000,1.50,0.0000
77,9856.00,9984.00,0.5000,0,"Model unavailable (Mandatory non-CPU acceleration requested, but only CPU NNAPI devices available (nnapi-reference))",0,PRESERVE,1.0000,1.0000,1.0000,"Model guard: inference failed or model unavailable",-120.00,0,0.0726,1.0000,2.00,0.0000
78,9984.00,10112.00,0.5000,0,"Model unavailable (Mandatory non-CPU acceleration requested, but only CPU NNAPI devices available (nnapi-reference))",0,PRESERVE,1.0000,1.0000,1.0000,"Model guard: inference failed or model unavailable",-120.00,0,0.0019,1.0000,0.00,0.0000
79,10112.00,10240.00,0.5000,0,"Model unavailable (Mandatory non-CPU acceleration requested, but only CPU NNAPI devices available (nnapi-reference))",0,PRESERVE,1.0000,1.0000,1.0000,"Model guard: inference failed or model unavailable",-120.00,0,0.0437,1.0000,0.50,0.0000
80,10240.00,10368.00,0.5000,0,"Model unavailable (Mandatory non-CPU acceleration requested, but only CPU NNAPI devices available (nnapi-reference))",0,PRESERVE,1.0000,1.0000,1.0000,"Model guard: inference failed or model unavailable",-120.00,0,0.0898,1.0000,1.00,0.0000
81,10368.00,10496.00,0.5000,0,"Model unavailable (Mandatory non-CPU acceleration requested, but only CPU NNAPI devices available (nnapi-reference))",0,PRESERVE,1.0000,1.0000,1.0000,"Model guard: inference failed or model unavailable",-120.00,0,0.0726,1.0000,1.50,0.0000
82,10496.00,10624.00,0.5000,0,"Model unavailable (Mandatory non-CPU acceleration requested, but only CPU NNAPI devices available (nnapi-reference))",0,PRESERVE,1.0000,1.0000,1.0000,"Model guard: inference failed or model unavailable",-120.00,0,0.0650,1.0000,2.00,0.0000
83,10624.00,10752.00,0.5000,0,"Model unavailable (Mandatory non-CPU acceleration requested, but only CPU NNAPI devices available (nnapi-reference))",0,PRESERVE,1.0000,1.0000,1.0000,"Model guard: inference failed or model unavailable",-120.00,0,0.0645,1.0000,0.00,0.0000
84,10752.00,10880.00,0.5000,0,"Model unavailable (Mandatory non-CPU acceleration requested, but only CPU NNAPI devices available (nnapi-reference))",0,PRESERVE,1.0000,1.0000,1.0000,"Model guard: inference failed or model unavailable",-120.00,0,0.0917,1.0000,0.50,0.0000
85,10880.00,11008.00,0.5000,0,"Model unavailable (Mandatory non-CPU acceleration requested, but only CPU NNAPI devices available (nnapi-reference))",0,PRESERVE,1.0000,1.0000,1.0000,"Model guard: inference failed or model unavailable",-120.00,0,0.1506,1.0000,1.00,0.0000
86,11008.00,11136.00,0.5000,0,"Model unavailable (Mandatory non-CPU acceleration requested, but only CPU NNAPI devices available (nnapi-reference))",0,PRESERVE,1.0000,1.0000,1.0000,"Model guard: inference failed or model unavailable",-120.00,0,0.1167,1.0000,1.50,0.0000
87,11136.00,11264.00,0.5000,0,"Model unavailable (Mandatory non-CPU acceleration requested, but only CPU NNAPI devices available (nnapi-reference))",0,PRESERVE,1.0000,1.0000,1.0000,"Model guard: inference failed or model unavailable",-120.00,0,0.0568,1.0000,2.00,0.0000
88,11264.00,11392.00,0.5000,0,"Model unavailable (Mandatory non-CPU acceleration requested, but only CPU NNAPI devices available (nnapi-reference))",0,PRESERVE,1.0000,1.0000,1.0000,"Model guard: inference failed or model unavailable",-120.00,0,0.0406,1.0000,0.00,0.0000
89,11392.00,11520.00,0.5000,0,"Model unavailable (Mandatory non-CPU acceleration requested, but only CPU NNAPI devices available (nnapi-reference))",0,PRESERVE,1.0000,1.0000,1.0000,"Model guard: inference failed or model unavailable",-120.00,0,0.0442,1.0000,0.50,0.0000
90,11520.00,11648.00,0.5000,0,"Model unavailable (Mandatory non-CPU acceleration requested, but only CPU NNAPI devices available (nnapi-reference))",0,PRESERVE,1.0000,1.0000,1.0000,"Model guard: inference failed or model unavailable",-120.00,0,0.0402,1.0000,1.00,0.0000
91,11648.00,11776.00,0.5000,0,"Model unavailable (Mandatory non-CPU acceleration requested, but only CPU NNAPI devices available (nnapi-reference))",0,PRESERVE,1.0000,1.0000,1.0000,"Model guard: inference failed or model unavailable",-120.00,0,0.0399,1.0000,1.50,0.0000
92,11776.00,11904.00,0.5000,0,"Model unavailable (Mandatory non-CPU acceleration requested, but only CPU NNAPI devices available (nnapi-reference))",0,PRESERVE,1.0000,1.0000,1.0000,"Model guard: inference failed or model unavailable",-120.00,0,0.0538,1.0000,2.00,0.0000
93,11904.00,12032.00,0.5000,0,"Model unavailable (Mandatory non-CPU acceleration requested, but only CPU NNAPI devices available (nnapi-reference))",0,PRESERVE,1.0000,1.0000,1.0000,"Model guard: inference failed or model unavailable",-120.00,0,0.0232,1.0000,0.00,0.0000
94,12032.00,12160.00,0.5000,0,"Model unavailable (Mandatory non-CPU acceleration requested, but only CPU NNAPI devices available (nnapi-reference))",0,PRESERVE,1.0000,1.0000,1.0000,"Model guard: inference failed or model unavailable",-120.00,0,0.0151,1.0000,0.50,0.0000
95,12160.00,12288.00,0.5000,0,"Model unavailable (Mandatory non-CPU acceleration requested, but only CPU NNAPI devices available (nnapi-reference))",0,PRESERVE,1.0000,1.0000,1.0000,"Model guard: inference failed or model unavailable",-120.00,0,0.0148,1.0000,1.00,0.0000
96,12288.00,12416.00,0.5000,0,"Model unavailable (Mandatory non-CPU acceleration requested, but only CPU NNAPI devices available (nnapi-reference))",0,PRESERVE,1.0000,1.0000,1.0000,"Model guard: inference failed or model unavailable",-120.00,0,0.0175,1.0000,1.50,0.0000
97,12416.00,12544.00,0.5000,0,"Model unavailable (Mandatory non-CPU acceleration requested, but only CPU NNAPI devices available (nnapi-reference))",0,PRESERVE,1.0000,1.0000,1.0000,"Model guard: inference failed or model unavailable",-120.00,0,0.0598,1.0000,2.00,0.0000
98,12544.00,12672.00,0.5000,0,"Model unavailable (Mandatory non-CPU acceleration requested, but only CPU NNAPI devices available (nnapi-reference))",0,PRESERVE,1.0000,1.0000,1.0000,"Model guard: inference failed or model unavailable",-120.00,0,0.0462,1.0000,0.00,0.0000
99,12672.00,12800.00,0.5000,0,"Model unavailable (Mandatory non-CPU acceleration requested, but only CPU NNAPI devices available (nnapi-reference))",0,PRESERVE,1.0000,1.0000,1.0000,"Model guard: inference failed or model unavailable",-120.00,0,0.0441,1.0000,0.50,0.0000
100,12800.00,12928.00,0.5000,0,"Model unavailable (Mandatory non-CPU acceleration requested, but only CPU NNAPI devices available (nnapi-reference))",0,PRESERVE,1.0000,1.0000,1.0000,"Model guard: inference failed or model unavailable",-120.00,0,0.0248,1.0000,1.00,0.0000
101,12928.00,13056.00,0.5000,0,"Model unavailable (Mandatory non-CPU acceleration requested, but only CPU NNAPI devices available (nnapi-reference))",0,PRESERVE,1.0000,1.0000,1.0000,"Model guard: inference failed or model unavailable",-120.00,0,0.1071,1.0000,1.50,0.0000
102,13056.00,13184.00,0.5000,0,"Model unavailable (Mandatory non-CPU acceleration requested, but only CPU NNAPI devices available (nnapi-reference))",0,PRESERVE,1.0000,1.0000,1.0000,"Model guard: inference failed or model unavailable",-120.00,0,0.1065,1.0000,2.00,0.0000
103,13184.00,13312.00,0.5000,0,"Model unavailable (Mandatory non-CPU acceleration requested, but only CPU NNAPI devices available (nnapi-reference))",0,PRESERVE,1.0000,1.0000,1.0000,"Model guard: inference failed or model unavailable",-120.00,0,0.0433,1.0000,0.00,0.0000
104,13312.00,13440.00,0.5000,0,"Model unavailable (Mandatory non-CPU acceleration requested, but only CPU NNAPI devices available (nnapi-reference))",0,PRESERVE,1.0000,1.0000,1.0000,"Model guard: inference failed or model unavailable",-120.00,0,0.0579,1.0000,0.50,0.0000
105,13440.00,13568.00,0.5000,0,"Model unavailable (Mandatory non-CPU acceleration requested, but only CPU NNAPI devices available (nnapi-reference))",0,PRESERVE,1.0000,1.0000,1.0000,"Model guard: inference failed or model unavailable",-120.00,0,0.0712,1.0000,1.00,0.0000
106,13568.00,13696.00,0.5000,0,"Model unavailable (Mandatory non-CPU acceleration requested, but only CPU NNAPI devices available (nnapi-reference))",0,PRESERVE,1.0000,1.0000,1.0000,"Model guard: inference failed or model unavailable",-120.00,0,0.0516,1.0000,1.50,0.0000
107,13696.00,13824.00,0.5000,0,"Model unavailable (Mandatory non-CPU acceleration requested, but only CPU NNAPI devices available (nnapi-reference))",0,PRESERVE,1.0000,1.0000,1.0000,"Model guard: inference failed or model unavailable",-120.00,0,0.0583,1.0000,2.00,0.0000
108,13824.00,13952.00,0.5000,0,"Model unavailable (Mandatory non-CPU acceleration requested, but only CPU NNAPI devices available (nnapi-reference))",0,PRESERVE,1.0000,1.0000,1.0000,"Model guard: inference failed or model unavailable",-120.00,0,0.0493,1.0000,0.00,0.0000
109,13952.00,14080.00,0.5000,0,"Model unavailable (Mandatory non-CPU acceleration requested, but only CPU NNAPI devices available (nnapi-reference))",0,PRESERVE,1.0000,1.0000,1.0000,"Model guard: inference failed or model unavailable",-120.00,0,0.0170,1.0000,0.50,0.0000
110,14080.00,14208.00,0.5000,0,"Model unavailable (Mandatory non-CPU acceleration requested, but only CPU NNAPI devices available (nnapi-reference))",0,PRESERVE,1.0000,1.0000,1.0000,"Model guard: inference failed or model unavailable",-120.00,0,0.0200,1.0000,1.00,0.0000
111,14208.00,14336.00,0.5000,0,"Model unavailable (Mandatory non-CPU acceleration requested, but only CPU NNAPI devices available (nnapi-reference))",0,PRESERVE,1.0000,1.0000,1.0000,"Model guard: inference failed or model unavailable",-120.00,0,0.0236,1.0000,1.50,0.0000
112,14336.00,14464.00,0.5000,0,"Model unavailable (Mandatory non-CPU acceleration requested, but only CPU NNAPI devices available (nnapi-reference))",0,PRESERVE,1.0000,1.0000,1.0000,"Model guard: inference failed or model unavailable",-120.00,0,0.0290,1.0000,2.00,0.0000
113,14464.00,14592.00,0.5000,0,"Model unavailable (Mandatory non-CPU acceleration requested, but only CPU NNAPI devices available (nnapi-reference))",0,PRESERVE,1.0000,1.0000,1.0000,"Model guard: inference failed or model unavailable",-120.00,0,0.0073,1.0000,0.00,0.0000
114,14592.00,14720.00,0.5000,0,"Model unavailable (Mandatory non-CPU acceleration requested, but only CPU NNAPI devices available (nnapi-reference))",0,PRESERVE,1.0000,1.0000,1.0000,"Model guard: inference failed or model unavailable",-120.00,0,0.0415,1.0000,0.50,0.0000
115,14720.00,14848.00,0.5000,0,"Model unavailable (Mandatory non-CPU acceleration requested, but only CPU NNAPI devices available (nnapi-reference))",0,PRESERVE,1.0000,1.0000,1.0000,"Model guard: inference failed or model unavailable",-120.00,0,0.0524,1.0000,1.00,0.0000
116,14848.00,14976.00,0.5000,0,"Model unavailable (Mandatory non-CPU acceleration requested, but only CPU NNAPI devices available (nnapi-reference))",0,PRESERVE,1.0000,1.0000,1.0000,"Model guard: inference failed or model unavailable",-120.00,0,0.0456,1.0000,1.50,0.0000
117,14976.00,15104.00,0.5000,0,"Model unavailable (Mandatory non-CPU acceleration requested, but only CPU NNAPI devices available (nnapi-reference))",0,PRESERVE,1.0000,1.0000,1.0000,"Model guard: inference failed or model unavailable",-120.00,0,0.0148,1.0000,2.00,0.0000
118,15104.00,15232.00,0.5000,0,"Model unavailable (Mandatory non-CPU acceleration requested, but only CPU NNAPI devices available (nnapi-reference))",0,PRESERVE,1.0000,1.0000,1.0000,"Model guard: inference failed or model unavailable",-120.00,0,0.0286,1.0000,0.00,0.0000
119,15232.00,15360.00,0.5000,0,"Model unavailable (Mandatory non-CPU acceleration requested, but only CPU NNAPI devices available (nnapi-reference))",0,PRESERVE,1.0000,1.0000,1.0000,"Model guard: inference failed or model unavailable",-120.00,0,0.0350,1.0000,0.50,0.0000
120,15360.00,15488.00,0.5000,0,"Model unavailable (Mandatory non-CPU acceleration requested, but only CPU NNAPI devices available (nnapi-reference))",0,PRESERVE,1.0000,1.0000,1.0000,"Model guard: inference failed or model unavailable",-107.51,0,0.0634,1.0000,1.00,0.0000
121,15488.00,15616.00,0.5000,0,"Model unavailable (Mandatory non-CPU acceleration requested, but only CPU NNAPI devices available (nnapi-reference))",0,PRESERVE,1.0000,1.0000,1.0000,"Model guard: inference failed or model unavailable",-120.00,0,0.0487,1.0000,1.50,0.0000
122,15616.00,15744.00,0.5000,0,"Model unavailable (Mandatory non-CPU acceleration requested, but only CPU NNAPI devices available (nnapi-reference))",0,PRESERVE,1.0000,1.0000,1.0000,"Model guard: inference failed or model unavailable",-120.00,0,0.0287,1.0000,2.00,0.0000
123,15744.00,15872.00,0.5000,0,"Model unavailable (Mandatory non-CPU acceleration requested, but only CPU NNAPI devices available (nnapi-reference))",0,PRESERVE,1.0000,1.0000,1.0000,"Model guard: inference failed or model unavailable",-120.00,0,0.0550,1.0000,0.00,0.0000
124,15872.00,16000.00,0.5000,0,"Model unavailable (Mandatory non-CPU acceleration requested, but only CPU NNAPI devices available (nnapi-reference))",0,PRESERVE,1.0000,1.0000,1.0000,"Model guard: inference failed or model unavailable",-120.00,0,0.0501,1.0000,0.50,0.0000
125,16000.00,16128.00,0.5000,0,"Model unavailable (Mandatory non-CPU acceleration requested, but only CPU NNAPI devices available (nnapi-reference))",0,PRESERVE,1.0000,1.0000,1.0000,"Model guard: inference failed or model unavailable",-120.00,0,0.0342,1.0000,1.00,0.0000
126,16128.00,16256.00,0.5000,0,"Model unavailable (Mandatory non-CPU acceleration requested, but only CPU NNAPI devices available (nnapi-reference))",0,PRESERVE,1.0000,1.0000,1.0000,"Model guard: inference failed or model unavailable",-120.00,0,0.0241,1.0000,1.50,0.0000
127,16256.00,16384.00,0.5000,0,"Model unavailable (Mandatory non-CPU acceleration requested, but only CPU NNAPI devices available (nnapi-reference))",0,PRESERVE,1.0000,1.0000,1.0000,"Model guard: inference failed or model unavailable",-120.00,0,0.0375,1.0000,2.00,0.0000
128,16384.00,16512.00,0.5000,0,"Model unavailable (Mandatory non-CPU acceleration requested, but only CPU NNAPI devices available (nnapi-reference))",0,PRESERVE,1.0000,1.0000,1.0000,"Model guard: inference failed or model unavailable",-120.00,0,0.0094,1.0000,0.00,0.0000
129,16512.00,16640.00,0.5000,0,"Model unavailable (Mandatory non-CPU acceleration requested, but only CPU NNAPI devices available (nnapi-reference))",0,PRESERVE,1.0000,1.0000,1.0000,"Model guard: inference failed or model unavailable",-120.00,0,0.0213,1.0000,0.50,0.0000
130,16640.00,16768.00,0.5000,0,"Model unavailable (Mandatory non-CPU acceleration requested, but only CPU NNAPI devices available (nnapi-reference))",0,PRESERVE,1.0000,1.0000,1.0000,"Model guard: inference failed or model unavailable",-120.00,0,0.0213,1.0000,1.00,0.0000
131,16768.00,16896.00,0.5000,0,"Model unavailable (Mandatory non-CPU acceleration requested, but only CPU NNAPI devices available (nnapi-reference))",0,PRESERVE,1.0000,1.0000,1.0000,"Model guard: inference failed or model unavailable",-120.00,0,0.0483,1.0000,1.50,0.0000
132,16896.00,17024.00,0.5000,0,"Model unavailable (Mandatory non-CPU acceleration requested, but only CPU NNAPI devices available (nnapi-reference))",0,PRESERVE,1.0000,1.0000,1.0000,"Model guard: inference failed or model unavailable",-120.00,0,0.0575,1.0000,2.00,0.0000
133,17024.00,17152.00,0.5000,0,"Model unavailable (Mandatory non-CPU acceleration requested, but only CPU NNAPI devices available (nnapi-reference))",0,PRESERVE,1.0000,1.0000,1.0000,"Model guard: inference failed or model unavailable",-120.00,0,0.0075,1.0000,0.00,0.0000
134,17152.00,17280.00,0.5000,0,"Model unavailable (Mandatory non-CPU acceleration requested, but only CPU NNAPI devices available (nnapi-reference))",0,PRESERVE,1.0000,1.0000,1.0000,"Model guard: inference failed or model unavailable",-120.00,0,0.0251,1.0000,0.50,0.0000
135,17280.00,17408.00,0.5000,0,"Model unavailable (Mandatory non-CPU acceleration requested, but only CPU NNAPI devices available (nnapi-reference))",0,PRESERVE,1.0000,1.0000,1.0000,"Model guard: inference failed or model unavailable",-120.00,0,0.0153,1.0000,1.00,0.0000
136,17408.00,17536.00,0.5000,0,"Model unavailable (Mandatory non-CPU acceleration requested, but only CPU NNAPI devices available (nnapi-reference))",0,PRESERVE,1.0000,1.0000,1.0000,"Model guard: inference failed or model unavailable",-120.00,0,0.0130,1.0000,1.50,0.0000
137,17536.00,17664.00,0.5000,0,"Model unavailable (Mandatory non-CPU acceleration requested, but only CPU NNAPI devices available (nnapi-reference))",0,PRESERVE,1.0000,1.0000,1.0000,"Model guard: inference failed or model unavailable",-120.00,0,0.0325,1.0000,2.00,0.0000
138,17664.00,17792.00,0.5000,0,"Model unavailable (Mandatory non-CPU acceleration requested, but only CPU NNAPI devices available (nnapi-reference))",0,PRESERVE,1.0000,1.0000,1.0000,"Model guard: inference failed or model unavailable",-120.00,0,0.0237,1.0000,0.00,0.0000
139,17792.00,17920.00,0.5000,0,"Model unavailable (Mandatory non-CPU acceleration requested, but only CPU NNAPI devices available (nnapi-reference))",0,PRESERVE,1.0000,1.0000,1.0000,"Model guard: inference failed or model unavailable",-120.00,0,0.0293,1.0000,0.50,0.0000
140,17920.00,18048.00,0.5000,0,"Model unavailable (Mandatory non-CPU acceleration requested, but only CPU NNAPI devices available (nnapi-reference))",0,PRESERVE,1.0000,1.0000,1.0000,"Model guard: inference failed or model unavailable",-120.00,0,0.0045,1.0000,1.00,0.0000
141,18048.00,18176.00,0.5000,0,"Model unavailable (Mandatory non-CPU acceleration requested, but only CPU NNAPI devices available (nnapi-reference))",0,PRESERVE,1.0000,1.0000,1.0000,"Model guard: inference failed or model unavailable",-120.00,0,0.0269,1.0000,1.50,0.0000
142,18176.00,18304.00,0.5000,0,"Model unavailable (Mandatory non-CPU acceleration requested, but only CPU NNAPI devices available (nnapi-reference))",0,PRESERVE,1.0000,1.0000,1.0000,"Model guard: inference failed or model unavailable",-120.00,0,0.0281,1.0000,2.00,0.0000
143,18304.00,18432.00,0.5000,0,"Model unavailable (Mandatory non-CPU acceleration requested, but only CPU NNAPI devices available (nnapi-reference))",0,PRESERVE,1.0000,1.0000,1.0000,"Model guard: inference failed or model unavailable",-120.00,0,0.0304,1.0000,0.00,0.0000
144,18432.00,18560.00,0.5000,0,"Model unavailable (Mandatory non-CPU acceleration requested, but only CPU NNAPI devices available (nnapi-reference))",0,PRESERVE,1.0000,1.0000,1.0000,"Model guard: inference failed or model unavailable",-120.00,0,0.0340,1.0000,0.50,0.0000
145,18560.00,18688.00,0.5000,0,"Model unavailable (Mandatory non-CPU acceleration requested, but only CPU NNAPI devices available (nnapi-reference))",0,PRESERVE,1.0000,1.0000,1.0000,"Model guard: inference failed or model unavailable",-120.00,0,0.0191,1.0000,1.00,0.0000
146,18688.00,18816.00,0.5000,0,"Model unavailable (Mandatory non-CPU acceleration requested, but only CPU NNAPI devices available (nnapi-reference))",0,PRESERVE,1.0000,1.0000,1.0000,"Model guard: inference failed or model unavailable",-120.00,0,0.0035,1.0000,1.50,0.0000
147,18816.00,18944.00,0.5000,0,"Model unavailable (Mandatory non-CPU acceleration requested, but only CPU NNAPI devices available (nnapi-reference))",0,PRESERVE,1.0000,1.0000,1.0000,"Model guard: inference failed or model unavailable",-120.00,0,0.0393,1.0000,2.00,0.0000
148,18944.00,19072.00,0.5000,0,"Model unavailable (Mandatory non-CPU acceleration requested, but only CPU NNAPI devices available (nnapi-reference))",0,PRESERVE,1.0000,1.0000,1.0000,"Model guard: inference failed or model unavailable",-120.00,0,0.0378,1.0000,0.00,0.0000
149,19072.00,19200.00,0.5000,0,"Model unavailable (Mandatory non-CPU acceleration requested, but only CPU NNAPI devices available (nnapi-reference))",0,PRESERVE,1.0000,1.0000,1.0000,"Model guard: inference failed or model unavailable",-120.00,0,0.0395,1.0000,0.50,0.0000
150,19200.00,19328.00,0.5000,0,"Model unavailable (Mandatory non-CPU acceleration requested, but only CPU NNAPI devices available (nnapi-reference))",0,PRESERVE,1.0000,1.0000,1.0000,"Model guard: inference failed or model unavailable",-120.00,0,0.0191,1.0000,1.00,0.0000
151,19328.00,19456.00,0.5000,0,"Model unavailable (Mandatory non-CPU acceleration requested, but only CPU NNAPI devices available (nnapi-reference))",0,PRESERVE,1.0000,1.0000,1.0000,"Model guard: inference failed or model unavailable",-120.00,0,0.0046,1.0000,1.50,0.0000
152,19456.00,19584.00,0.5000,0,"Model unavailable (Mandatory non-CPU acceleration requested, but only CPU NNAPI devices available (nnapi-reference))",0,PRESERVE,1.0000,1.0000,1.0000,"Model guard: inference failed or model unavailable",-120.00,0,0.0568,1.0000,2.00,0.0000
153,19584.00,19712.00,0.5000,0,"Model unavailable (Mandatory non-CPU acceleration requested, but only CPU NNAPI devices available (nnapi-reference))",0,PRESERVE,1.0000,1.0000,1.0000,"Model guard: inference failed or model unavailable",-120.00,0,0.1183,1.0000,0.00,0.0000
154,19712.00,19840.00,0.5000,0,"Model unavailable (Mandatory non-CPU acceleration requested, but only CPU NNAPI devices available (nnapi-reference))",0,PRESERVE,1.0000,1.0000,1.0000,"Model guard: inference failed or model unavailable",-120.00,0,0.0901,1.0000,0.50,0.0000
155,19840.00,19968.00,0.5000,0,"Model unavailable (Mandatory non-CPU acceleration requested, but only CPU NNAPI devices available (nnapi-reference))",0,PRESERVE,1.0000,1.0000,1.0000,"Model guard: inference failed or model unavailable",-120.00,0,0.0468,1.0000,1.00,0.0000
156,19968.00,20096.00,0.5000,0,"Model unavailable (Mandatory non-CPU acceleration requested, but only CPU NNAPI devices available (nnapi-reference))",0,PRESERVE,1.0000,1.0000,1.0000,"Model guard: inference failed or model unavailable",-120.00,0,0.0201,1.0000,1.50,0.0000
157,20096.00,20224.00,0.5000,0,"Model unavailable (Mandatory non-CPU acceleration requested, but only CPU NNAPI devices available (nnapi-reference))",0,PRESERVE,1.0000,1.0000,1.0000,"Model guard: inference failed or model unavailable",-120.00,0,0.0413,1.0000,2.00,0.0000
158,20224.00,20352.00,0.5000,0,"Model unavailable (Mandatory non-CPU acceleration requested, but only CPU NNAPI devices available (nnapi-reference))",0,PRESERVE,1.0000,1.0000,1.0000,"Model guard: inference failed or model unavailable",-120.00,0,0.0975,1.0000,0.00,0.0000
159,20352.00,20480.00,0.5000,0,"Model unavailable (Mandatory non-CPU acceleration requested, but only CPU NNAPI devices available (nnapi-reference))",0,PRESERVE,1.0000,1.0000,1.0000,"Model guard: inference failed or model unavailable",-120.00,0,0.0737,1.0000,0.50,0.0000
160,20480.00,20608.00,0.5000,0,"Model unavailable (Mandatory non-CPU acceleration requested, but only CPU NNAPI devices available (nnapi-reference))",0,PRESERVE,1.0000,1.0000,1.0000,"Model guard: inference failed or model unavailable",-120.00,0,0.0268,1.0000,1.00,0.0000
161,20608.00,20736.00,0.5000,0,"Model unavailable (Mandatory non-CPU acceleration requested, but only CPU NNAPI devices available (nnapi-reference))",0,PRESERVE,1.0000,1.0000,1.0000,"Model guard: inference failed or model unavailable",-120.00,0,0.0527,1.0000,1.50,0.0000
162,20736.00,20864.00,0.5000,0,"Model unavailable (Mandatory non-CPU acceleration requested, but only CPU NNAPI devices available (nnapi-reference))",0,PRESERVE,1.0000,1.0000,1.0000,"Model guard: inference failed or model unavailable",-120.00,0,0.0543,1.0000,2.00,0.0000
163,20864.00,20992.00,0.5000,0,"Model unavailable (Mandatory non-CPU acceleration requested, but only CPU NNAPI devices available (nnapi-reference))",0,PRESERVE,1.0000,1.0000,1.0000,"Model guard: inference failed or model unavailable",-120.00,0,0.0503,1.0000,0.00,0.0000
164,20992.00,21120.00,0.5000,0,"Model unavailable (Mandatory non-CPU acceleration requested, but only CPU NNAPI devices available (nnapi-reference))",0,PRESERVE,1.0000,1.0000,1.0000,"Model guard: inference failed or model unavailable",-120.00,0,0.0309,1.0000,0.50,0.0000
165,21120.00,21248.00,0.5000,0,"Model unavailable (Mandatory non-CPU acceleration requested, but only CPU NNAPI devices available (nnapi-reference))",0,PRESERVE,1.0000,1.0000,1.0000,"Model guard: inference failed or model unavailable",-120.00,0,0.0632,1.0000,1.00,0.0000
166,21248.00,21376.00,0.5000,0,"Model unavailable (Mandatory non-CPU acceleration requested, but only CPU NNAPI devices available (nnapi-reference))",0,PRESERVE,1.0000,1.0000,1.0000,"Model guard: inference failed or model unavailable",-120.00,0,0.0412,1.0000,1.50,0.0000
167,21376.00,21504.00,0.5000,0,"Model unavailable (Mandatory non-CPU acceleration requested, but only CPU NNAPI devices available (nnapi-reference))",0,PRESERVE,1.0000,1.0000,1.0000,"Model guard: inference failed or model unavailable",-120.00,0,0.0148,1.0000,2.00,0.0000
168,21504.00,21632.00,0.5000,0,"Model unavailable (Mandatory non-CPU acceleration requested, but only CPU NNAPI devices available (nnapi-reference))",0,PRESERVE,1.0000,1.0000,1.0000,"Model guard: inference failed or model unavailable",-120.00,0,0.0226,1.0000,0.00,0.0000
169,21632.00,21760.00,0.5000,0,"Model unavailable (Mandatory non-CPU acceleration requested, but only CPU NNAPI devices available (nnapi-reference))",0,PRESERVE,1.0000,1.0000,1.0000,"Model guard: inference failed or model unavailable",-120.00,0,0.0248,1.0000,0.50,0.0000
170,21760.00,21888.00,0.5000,0,"Model unavailable (Mandatory non-CPU acceleration requested, but only CPU NNAPI devices available (nnapi-reference))",0,PRESERVE,1.0000,1.0000,1.0000,"Model guard: inference failed or model unavailable",-120.00,0,0.0115,1.0000,1.00,0.0000
171,21888.00,22016.00,0.5000,0,"Model unavailable (Mandatory non-CPU acceleration requested, but only CPU NNAPI devices available (nnapi-reference))",0,PRESERVE,1.0000,1.0000,1.0000,"Model guard: inference failed or model unavailable",-120.00,0,0.0318,1.0000,1.50,0.0000
172,22016.00,22144.00,0.5000,0,"Model unavailable (Mandatory non-CPU acceleration requested, but only CPU NNAPI devices available (nnapi-reference))",0,PRESERVE,1.0000,1.0000,1.0000,"Model guard: inference failed or model unavailable",-120.00,0,0.0228,1.0000,2.00,0.0000
173,22144.00,22272.00,0.5000,0,"Model unavailable (Mandatory non-CPU acceleration requested, but only CPU NNAPI devices available (nnapi-reference))",0,PRESERVE,1.0000,1.0000,1.0000,"Model guard: inference failed or model unavailable",-120.00,0,0.0082,1.0000,0.00,0.0000
174,22272.00,22400.00,0.5000,0,"Model unavailable (Mandatory non-CPU acceleration requested, but only CPU NNAPI devices available (nnapi-reference))",0,PRESERVE,1.0000,1.0000,1.0000,"Model guard: inference failed or model unavailable",-120.00,0,0.0060,1.0000,0.50,0.0000
175,22400.00,22528.00,0.5000,0,"Model unavailable (Mandatory non-CPU acceleration requested, but only CPU NNAPI devices available (nnapi-reference))",0,PRESERVE,1.0000,1.0000,1.0000,"Model guard: inference failed or model unavailable",-120.00,0,0.0066,1.0000,1.00,0.0000
176,22528.00,22656.00,0.5000,0,"Model unavailable (Mandatory non-CPU acceleration requested, but only CPU NNAPI devices available (nnapi-reference))",0,PRESERVE,1.0000,1.0000,1.0000,"Model guard: inference failed or model unavailable",-120.00,0,0.0513,1.0000,1.50,0.0000
177,22656.00,22784.00,0.5000,0,"Model unavailable (Mandatory non-CPU acceleration requested, but only CPU NNAPI devices available (nnapi-reference))",0,PRESERVE,1.0000,1.0000,1.0000,"Model guard: inference failed or model unavailable",-120.00,0,0.0593,1.0000,2.00,0.0000
178,22784.00,22912.00,0.5000,0,"Model unavailable (Mandatory non-CPU acceleration requested, but only CPU NNAPI devices available (nnapi-reference))",0,PRESERVE,1.0000,1.0000,1.0000,"Model guard: inference failed or model unavailable",-120.00,0,0.0126,1.0000,0.00,0.0000
179,22912.00,23040.00,0.5000,0,"Model unavailable (Mandatory non-CPU acceleration requested, but only CPU NNAPI devices available (nnapi-reference))",0,PRESERVE,1.0000,1.0000,1.0000,"Model guard: inference failed or model unavailable",-120.00,0,0.0148,1.0000,0.50,0.0000
180,23040.00,23168.00,0.5000,0,"Model unavailable (Mandatory non-CPU acceleration requested, but only CPU NNAPI devices available (nnapi-reference))",0,PRESERVE,1.0000,1.0000,1.0000,"Model guard: inference failed or model unavailable",-120.00,0,0.0126,1.0000,1.00,0.0000
181,23168.00,23296.00,0.5000,0,"Model unavailable (Mandatory non-CPU acceleration requested, but only CPU NNAPI devices available (nnapi-reference))",0,PRESERVE,1.0000,1.0000,1.0000,"Model guard: inference failed or model unavailable",-120.00,0,0.0143,1.0000,1.50,0.0000
182,23296.00,23424.00,0.5000,0,"Model unavailable (Mandatory non-CPU acceleration requested, but only CPU NNAPI devices available (nnapi-reference))",0,PRESERVE,1.0000,1.0000,1.0000,"Model guard: inference failed or model unavailable",-120.00,0,0.0130,1.0000,2.00,0.0000
183,23424.00,23552.00,0.5000,0,"Model unavailable (Mandatory non-CPU acceleration requested, but only CPU NNAPI devices available (nnapi-reference))",0,PRESERVE,1.0000,1.0000,1.0000,"Model guard: inference failed or model unavailable",-120.00,0,0.0303,1.0000,0.00,0.0000
184,23552.00,23680.00,0.5000,0,"Model unavailable (Mandatory non-CPU acceleration requested, but only CPU NNAPI devices available (nnapi-reference))",0,PRESERVE,1.0000,1.0000,1.0000,"Model guard: inference failed or model unavailable",-120.00,0,0.0129,1.0000,0.50,0.0000
185,23680.00,23808.00,0.5000,0,"Model unavailable (Mandatory non-CPU acceleration requested, but only CPU NNAPI devices available (nnapi-reference))",0,PRESERVE,1.0000,1.0000,1.0000,"Model guard: inference failed or model unavailable",-120.00,0,0.0169,1.0000,1.00,0.0000
186,23808.00,23936.00,0.5000,0,"Model unavailable (Mandatory non-CPU acceleration requested, but only CPU NNAPI devices available (nnapi-reference))",0,PRESERVE,1.0000,1.0000,1.0000,"Model guard: inference failed or model unavailable",-120.00,0,0.0166,1.0000,1.50,0.0000
187,23936.00,24064.00,0.5000,0,"Model unavailable (Mandatory non-CPU acceleration requested, but only CPU NNAPI devices available (nnapi-reference))",0,PRESERVE,1.0000,1.0000,1.0000,"Model guard: inference failed or model unavailable",-120.00,0,0.0270,1.0000,2.00,0.0000
188,24064.00,24192.00,0.5000,0,"Model unavailable (Mandatory non-CPU acceleration requested, but only CPU NNAPI devices available (nnapi-reference))",0,PRESERVE,1.0000,1.0000,1.0000,"Model guard: inference failed or model unavailable",-120.00,0,0.0300,1.0000,0.00,0.0000
189,24192.00,24320.00,0.5000,0,"Model unavailable (Mandatory non-CPU acceleration requested, but only CPU NNAPI devices available (nnapi-reference))",0,PRESERVE,1.0000,1.0000,1.0000,"Model guard: inference failed or model unavailable",-120.00,0,0.0379,1.0000,0.50,0.0000
190,24320.00,24448.00,0.5000,0,"Model unavailable (Mandatory non-CPU acceleration requested, but only CPU NNAPI devices available (nnapi-reference))",0,PRESERVE,1.0000,1.0000,1.0000,"Model guard: inference failed or model unavailable",-120.00,0,0.0184,1.0000,1.00,0.0000
191,24448.00,24576.00,0.5000,0,"Model unavailable (Mandatory non-CPU acceleration requested, but only CPU NNAPI devices available (nnapi-reference))",0,PRESERVE,1.0000,1.0000,1.0000,"Model guard: inference failed or model unavailable",-120.00,0,0.0355,1.0000,1.50,0.0000
192,24576.00,24704.00,0.5000,0,"Model unavailable (Mandatory non-CPU acceleration requested, but only CPU NNAPI devices available (nnapi-reference))",0,PRESERVE,1.0000,1.0000,1.0000,"Model guard: inference failed or model unavailable",-120.00,0,0.0407,1.0000,2.00,0.0000
193,24704.00,24832.00,0.5000,0,"Model unavailable (Mandatory non-CPU acceleration requested, but only CPU NNAPI devices available (nnapi-reference))",0,PRESERVE,1.0000,1.0000,1.0000,"Model guard: inference failed or model unavailable",-120.00,0,0.0235,1.0000,0.00,0.0000
194,24832.00,24960.00,0.5000,0,"Model unavailable (Mandatory non-CPU acceleration requested, but only CPU NNAPI devices available (nnapi-reference))",0,PRESERVE,1.0000,1.0000,1.0000,"Model guard: inference failed or model unavailable",-120.00,0,0.0667,1.0000,0.50,0.0000
195,24960.00,25088.00,0.5000,0,"Model unavailable (Mandatory non-CPU acceleration requested, but only CPU NNAPI devices available (nnapi-reference))",0,PRESERVE,1.0000,1.0000,1.0000,"Model guard: inference failed or model unavailable",-120.00,0,0.0415,1.0000,1.00,0.0000
196,25088.00,25216.00,0.5000,0,"Model unavailable (Mandatory non-CPU acceleration requested, but only CPU NNAPI devices available (nnapi-reference))",0,PRESERVE,1.0000,1.0000,1.0000,"Model guard: inference failed or model unavailable",-120.00,0,0.0060,1.0000,1.50,0.0000
197,25216.00,25344.00,0.5000,0,"Model unavailable (Mandatory non-CPU acceleration requested, but only CPU NNAPI devices available (nnapi-reference))",0,PRESERVE,1.0000,1.0000,1.0000,"Model guard: inference failed or model unavailable",-120.00,0,0.0263,1.0000,2.00,0.0000
198,25344.00,25472.00,0.5000,0,"Model unavailable (Mandatory non-CPU acceleration requested, but only CPU NNAPI devices available (nnapi-reference))",0,PRESERVE,1.0000,1.0000,1.0000,"Model guard: inference failed or model unavailable",-120.00,0,0.0202,1.0000,0.00,0.0000
199,25472.00,25600.00,0.5000,0,"Model unavailable (Mandatory non-CPU acceleration requested, but only CPU NNAPI devices available (nnapi-reference))",0,PRESERVE,1.0000,1.0000,1.0000,"Model guard: inference failed or model unavailable",-120.00,0,0.0714,1.0000,0.50,0.0000
200,25600.00,25728.00,0.5000,0,"Model unavailable (Mandatory non-CPU acceleration requested, but only CPU NNAPI devices available (nnapi-reference))",0,PRESERVE,1.0000,1.0000,1.0000,"Model guard: inference failed or model unavailable",-120.00,0,0.0431,1.0000,1.00,0.0000
201,25728.00,25856.00,0.5000,0,"Model unavailable (Mandatory non-CPU acceleration requested, but only CPU NNAPI devices available (nnapi-reference))",0,PRESERVE,1.0000,1.0000,1.0000,"Model guard: inference failed or model unavailable",-120.00,0,0.0507,1.0000,1.50,0.0000
202,25856.00,25984.00,0.5000,0,"Model unavailable (Mandatory non-CPU acceleration requested, but only CPU NNAPI devices available (nnapi-reference))",0,PRESERVE,1.0000,1.0000,1.0000,"Model guard: inference failed or model unavailable",-120.00,0,0.0307,1.0000,2.00,0.0000
203,25984.00,26112.00,0.5000,0,"Model unavailable (Mandatory non-CPU acceleration requested, but only CPU NNAPI devices available (nnapi-reference))",0,PRESERVE,1.0000,1.0000,1.0000,"Model guard: inference failed or model unavailable",-120.00,0,0.0213,1.0000,0.00,0.0000
204,26112.00,26240.00,0.5000,0,"Model unavailable (Mandatory non-CPU acceleration requested, but only CPU NNAPI devices available (nnapi-reference))",0,PRESERVE,1.0000,1.0000,1.0000,"Model guard: inference failed or model unavailable",-120.00,0,0.0143,1.0000,0.50,0.0000
205,26240.00,26368.00,0.5000,0,"Model unavailable (Mandatory non-CPU acceleration requested, but only CPU NNAPI devices available (nnapi-reference))",0,PRESERVE,1.0000,1.0000,1.0000,"Model guard: inference failed or model unavailable",-120.00,0,0.0264,1.0000,1.00,0.0000
206,26368.00,26496.00,0.5000,0,"Model unavailable (Mandatory non-CPU acceleration requested, but only CPU NNAPI devices available (nnapi-reference))",0,PRESERVE,1.0000,1.0000,1.0000,"Model guard: inference failed or model unavailable",-120.00,0,0.0232,1.0000,1.50,0.0000
207,26496.00,26624.00,0.5000,0,"Model unavailable (Mandatory non-CPU acceleration requested, but only CPU NNAPI devices available (nnapi-reference))",0,PRESERVE,1.0000,1.0000,1.0000,"Model guard: inference failed or model unavailable",-120.00,0,0.0386,1.0000,2.00,0.0000
208,26624.00,26752.00,0.5000,0,"Model unavailable (Mandatory non-CPU acceleration requested, but only CPU NNAPI devices available (nnapi-reference))",0,PRESERVE,1.0000,1.0000,1.0000,"Model guard: inference failed or model unavailable",-120.00,0,0.0019,1.0000,0.00,0.0000
209,26752.00,26880.00,0.5000,0,"Model unavailable (Mandatory non-CPU acceleration requested, but only CPU NNAPI devices available (nnapi-reference))",0,PRESERVE,1.0000,1.0000,1.0000,"Model guard: inference failed or model unavailable",-120.00,0,0.0169,1.0000,0.50,0.0000
210,26880.00,27008.00,0.5000,0,"Model unavailable (Mandatory non-CPU acceleration requested, but only CPU NNAPI devices available (nnapi-reference))",0,PRESERVE,1.0000,1.0000,1.0000,"Model guard: inference failed or model unavailable",-120.00,0,0.0164,1.0000,1.00,0.0000
211,27008.00,27136.00,0.5000,0,"Model unavailable (Mandatory non-CPU acceleration requested, but only CPU NNAPI devices available (nnapi-reference))",0,PRESERVE,1.0000,1.0000,1.0000,"Model guard: inference failed or model unavailable",-120.00,0,0.0154,1.0000,1.50,0.0000
212,27136.00,27264.00,0.5000,0,"Model unavailable (Mandatory non-CPU acceleration requested, but only CPU NNAPI devices available (nnapi-reference))",0,PRESERVE,1.0000,1.0000,1.0000,"Model guard: inference failed or model unavailable",-120.00,0,0.0266,1.0000,2.00,0.0000
213,27264.00,27392.00,0.5000,0,"Model unavailable (Mandatory non-CPU acceleration requested, but only CPU NNAPI devices available (nnapi-reference))",0,PRESERVE,1.0000,1.0000,1.0000,"Model guard: inference failed or model unavailable",-120.00,0,0.0448,1.0000,0.00,0.0000
214,27392.00,27520.00,0.5000,0,"Model unavailable (Mandatory non-CPU acceleration requested, but only CPU NNAPI devices available (nnapi-reference))",0,PRESERVE,1.0000,1.0000,1.0000,"Model guard: inference failed or model unavailable",-120.00,0,0.0247,1.0000,0.50,0.0000
215,27520.00,27648.00,0.5000,0,"Model unavailable (Mandatory non-CPU acceleration requested, but only CPU NNAPI devices available (nnapi-reference))",0,PRESERVE,1.0000,1.0000,1.0000,"Model guard: inference failed or model unavailable",-120.00,0,0.0130,1.0000,1.00,0.0000
216,27648.00,27776.00,0.5000,0,"Model unavailable (Mandatory non-CPU acceleration requested, but only CPU NNAPI devices available (nnapi-reference))",0,PRESERVE,1.0000,1.0000,1.0000,"Model guard: inference failed or model unavailable",-120.00,0,0.0076,1.0000,1.50,0.0000
217,27776.00,27904.00,0.5000,0,"Model unavailable (Mandatory non-CPU acceleration requested, but only CPU NNAPI devices available (nnapi-reference))",0,PRESERVE,1.0000,1.0000,1.0000,"Model guard: inference failed or model unavailable",-120.00,0,0.0315,1.0000,2.00,0.0000
218,27904.00,28032.00,0.5000,0,"Model unavailable (Mandatory non-CPU acceleration requested, but only CPU NNAPI devices available (nnapi-reference))",0,PRESERVE,1.0000,1.0000,1.0000,"Model guard: inference failed or model unavailable",-120.00,0,0.0378,1.0000,0.00,0.0000
219,28032.00,28160.00,0.5000,0,"Model unavailable (Mandatory non-CPU acceleration requested, but only CPU NNAPI devices available (nnapi-reference))",0,PRESERVE,1.0000,1.0000,1.0000,"Model guard: inference failed or model unavailable",-120.00,0,0.0328,1.0000,0.50,0.0000
220,28160.00,28288.00,0.5000,0,"Model unavailable (Mandatory non-CPU acceleration requested, but only CPU NNAPI devices available (nnapi-reference))",0,PRESERVE,1.0000,1.0000,1.0000,"Model guard: inference failed or model unavailable",-120.00,0,0.0155,1.0000,1.00,0.0000
221,28288.00,28416.00,0.5000,0,"Model unavailable (Mandatory non-CPU acceleration requested, but only CPU NNAPI devices available (nnapi-reference))",0,PRESERVE,1.0000,1.0000,1.0000,"Model guard: inference failed or model unavailable",-120.00,0,0.0058,1.0000,1.50,0.0000
222,28416.00,28544.00,0.5000,0,"Model unavailable (Mandatory non-CPU acceleration requested, but only CPU NNAPI devices available (nnapi-reference))",0,PRESERVE,1.0000,1.0000,1.0000,"Model guard: inference failed or model unavailable",-120.00,0,0.0079,1.0000,2.00,0.0000
223,28544.00,28672.00,0.5000,0,"Model unavailable (Mandatory non-CPU acceleration requested, but only CPU NNAPI devices available (nnapi-reference))",0,PRESERVE,1.0000,1.0000,1.0000,"Model guard: inference failed or model unavailable",-120.00,0,0.0080,1.0000,0.00,0.0000
224,28672.00,28800.00,0.5000,0,"Model unavailable (Mandatory non-CPU acceleration requested, but only CPU NNAPI devices available (nnapi-reference))",0,PRESERVE,1.0000,1.0000,1.0000,"Model guard: inference failed or model unavailable",-120.00,0,0.0357,1.0000,0.50,0.0000
225,28800.00,28928.00,0.5000,0,"Model unavailable (Mandatory non-CPU acceleration requested, but only CPU NNAPI devices available (nnapi-reference))",0,PRESERVE,1.0000,1.0000,1.0000,"Model guard: inference failed or model unavailable",-120.00,0,0.0494,1.0000,1.00,0.0000
226,28928.00,29056.00,0.5000,0,"Model unavailable (Mandatory non-CPU acceleration requested, but only CPU NNAPI devices available (nnapi-reference))",0,PRESERVE,1.0000,1.0000,1.0000,"Model guard: inference failed or model unavailable",-120.00,0,0.0833,1.0000,1.50,0.0000
227,29056.00,29184.00,0.5000,0,"Model unavailable (Mandatory non-CPU acceleration requested, but only CPU NNAPI devices available (nnapi-reference))",0,PRESERVE,1.0000,1.0000,1.0000,"Model guard: inference failed or model unavailable",-120.00,0,0.0481,1.0000,2.00,0.0000
228,29184.00,29312.00,0.5000,0,"Model unavailable (Mandatory non-CPU acceleration requested, but only CPU NNAPI devices available (nnapi-reference))",0,PRESERVE,1.0000,1.0000,1.0000,"Model guard: inference failed or model unavailable",-120.00,0,0.0301,1.0000,0.00,0.0000
229,29312.00,29440.00,0.5000,0,"Model unavailable (Mandatory non-CPU acceleration requested, but only CPU NNAPI devices available (nnapi-reference))",0,PRESERVE,1.0000,1.0000,1.0000,"Model guard: inference failed or model unavailable",-120.00,0,0.0323,1.0000,0.50,0.0000
230,29440.00,29568.00,0.5000,0,"Model unavailable (Mandatory non-CPU acceleration requested, but only CPU NNAPI devices available (nnapi-reference))",0,PRESERVE,1.0000,1.0000,1.0000,"Model guard: inference failed or model unavailable",-120.00,0,0.0315,1.0000,1.00,0.0000
231,29568.00,29696.00,0.5000,0,"Model unavailable (Mandatory non-CPU acceleration requested, but only CPU NNAPI devices available (nnapi-reference))",0,PRESERVE,1.0000,1.0000,1.0000,"Model guard: inference failed or model unavailable",-120.00,0,0.0256,1.0000,1.50,0.0000
232,29696.00,29824.00,0.5000,0,"Model unavailable (Mandatory non-CPU acceleration requested, but only CPU NNAPI devices available (nnapi-reference))",0,PRESERVE,1.0000,1.0000,1.0000,"Model guard: inference failed or model unavailable",-120.00,0,0.0534,1.0000,2.00,0.0000
233,29824.00,29952.00,0.5000,0,"Model unavailable (Mandatory non-CPU acceleration requested, but only CPU NNAPI devices available (nnapi-reference))",0,PRESERVE,1.0000,1.0000,1.0000,"Model guard: inference failed or model unavailable",-120.00,0,0.0866,1.0000,0.00,0.0000
234,29952.00,30080.00,0.5000,0,"Model unavailable (Mandatory non-CPU acceleration requested, but only CPU NNAPI devices available (nnapi-reference))",0,PRESERVE,1.0000,1.0000,1.0000,"Model guard: inference failed or model unavailable",-120.00,0,0.0446,1.0000,0.50,0.0000
235,30080.00,30208.00,0.5000,0,"Model unavailable (Mandatory non-CPU acceleration requested, but only CPU NNAPI devices available (nnapi-reference))",0,PRESERVE,1.0000,1.0000,1.0000,"Model guard: inference failed or model unavailable",-120.00,0,0.0346,1.0000,1.00,0.0000
236,30208.00,30336.00,0.5000,0,"Model unavailable (Mandatory non-CPU acceleration requested, but only CPU NNAPI devices available (nnapi-reference))",0,PRESERVE,1.0000,1.0000,1.0000,"Model guard: inference failed or model unavailable",-120.00,0,0.0310,1.0000,1.50,0.0000
237,30336.00,30464.00,0.5000,0,"Model unavailable (Mandatory non-CPU acceleration requested, but only CPU NNAPI devices available (nnapi-reference))",0,PRESERVE,1.0000,1.0000,1.0000,"Model guard: inference failed or model unavailable",-120.00,0,0.0217,1.0000,2.00,0.0000
238,30464.00,30592.00,0.5000,0,"Model unavailable (Mandatory non-CPU acceleration requested, but only CPU NNAPI devices available (nnapi-reference))",0,PRESERVE,1.0000,1.0000,1.0000,"Model guard: inference failed or model unavailable",-120.00,0,0.0336,1.0000,0.00,0.0000
239,30592.00,30720.00,0.5000,0,"Model unavailable (Mandatory non-CPU acceleration requested, but only CPU NNAPI devices available (nnapi-reference))",0,PRESERVE,1.0000,1.0000,1.0000,"Model guard: inference failed or model unavailable",-120.00,0,0.0288,1.0000,0.50,0.0000
240,30720.00,30848.00,0.5000,0,"Model unavailable (Mandatory non-CPU acceleration requested, but only CPU NNAPI devices available (nnapi-reference))",0,PRESERVE,1.0000,1.0000,1.0000,"Model guard: inference failed or model unavailable",-120.00,0,0.0206,1.0000,1.00,0.0000
241,30848.00,30976.00,0.5000,0,"Model unavailable (Mandatory non-CPU acceleration requested, but only CPU NNAPI devices available (nnapi-reference))",0,PRESERVE,1.0000,1.0000,1.0000,"Model guard: inference failed or model unavailable",-120.00,0,0.0088,1.0000,1.50,0.0000
242,30976.00,31104.00,0.5000,0,"Model unavailable (Mandatory non-CPU acceleration requested, but only CPU NNAPI devices available (nnapi-reference))",0,PRESERVE,1.0000,1.0000,1.0000,"Model guard: inference failed or model unavailable",-120.00,0,0.0426,1.0000,2.00,0.0000
243,31104.00,31232.00,0.5000,0,"Model unavailable (Mandatory non-CPU acceleration requested, but only CPU NNAPI devices available (nnapi-reference))",0,PRESERVE,1.0000,1.0000,1.0000,"Model guard: inference failed or model unavailable",-120.00,0,0.0239,1.0000,0.00,0.0000
244,31232.00,31360.00,0.5000,0,"Model unavailable (Mandatory non-CPU acceleration requested, but only CPU NNAPI devices available (nnapi-reference))",0,PRESERVE,1.0000,1.0000,1.0000,"Model guard: inference failed or model unavailable",-120.00,0,0.0166,1.0000,0.50,0.0000
245,31360.00,31488.00,0.5000,0,"Model unavailable (Mandatory non-CPU acceleration requested, but only CPU NNAPI devices available (nnapi-reference))",0,PRESERVE,1.0000,1.0000,1.0000,"Model guard: inference failed or model unavailable",-120.00,0,0.0023,1.0000,1.00,0.0000
246,31488.00,31616.00,0.5000,0,"Model unavailable (Mandatory non-CPU acceleration requested, but only CPU NNAPI devices available (nnapi-reference))",0,PRESERVE,1.0000,1.0000,1.0000,"Model guard: inference failed or model unavailable",-120.00,0,0.0161,1.0000,1.50,0.0000
247,31616.00,31744.00,0.5000,0,"Model unavailable (Mandatory non-CPU acceleration requested, but only CPU NNAPI devices available (nnapi-reference))",0,PRESERVE,1.0000,1.0000,1.0000,"Model guard: inference failed or model unavailable",-120.00,0,0.0048,1.0000,2.00,0.0000
248,31744.00,31872.00,0.5000,0,"Model unavailable (Mandatory non-CPU acceleration requested, but only CPU NNAPI devices available (nnapi-reference))",0,PRESERVE,1.0000,1.0000,1.0000,"Model guard: inference failed or model unavailable",-120.00,0,0.0263,1.0000,0.00,0.0000
249,31872.00,32000.00,0.5000,0,"Model unavailable (Mandatory non-CPU acceleration requested, but only CPU NNAPI devices available (nnapi-reference))",0,PRESERVE,1.0000,1.0000,1.0000,"Model guard: inference failed or model unavailable",-120.00,0,0.0183,1.0000,0.50,0.0000
250,32000.00,32128.00,0.5000,0,"Model unavailable (Mandatory non-CPU acceleration requested, but only CPU NNAPI devices available (nnapi-reference))",0,PRESERVE,1.0000,1.0000,1.0000,"Model guard: inference failed or model unavailable",-120.00,0,0.0166,1.0000,1.00,0.0000
251,32128.00,32256.00,0.5000,0,"Model unavailable (Mandatory non-CPU acceleration requested, but only CPU NNAPI devices available (nnapi-reference))",0,PRESERVE,1.0000,1.0000,1.0000,"Model guard: inference failed or model unavailable",-120.00,0,0.0406,1.0000,1.50,0.0000
252,32256.00,32384.00,0.5000,0,"Model unavailable (Mandatory non-CPU acceleration requested, but only CPU NNAPI devices available (nnapi-reference))",0,PRESERVE,1.0000,1.0000,1.0000,"Model guard: inference failed or model unavailable",-120.00,0,0.0379,1.0000,2.00,0.0000
253,32384.00,32512.00,0.5000,0,"Model unavailable (Mandatory non-CPU acceleration requested, but only CPU NNAPI devices available (nnapi-reference))",0,PRESERVE,1.0000,1.0000,1.0000,"Acoustic guard: audible speech detected in microphone",-39.12,1,0.0294,1.0000,0.00,0.0000
254,32512.00,32640.00,0.5000,0,"Model unavailable (Mandatory non-CPU acceleration requested, but only CPU NNAPI devices available (nnapi-reference))",0,PRESERVE,1.0000,1.0000,1.0000,"Acoustic guard: audible speech detected in microphone",-34.07,1,0.0296,1.0000,0.50,0.0000
255,32640.00,32768.00,0.5000,0,"Model unavailable (Mandatory non-CPU acceleration requested, but only CPU NNAPI devices available (nnapi-reference))",0,PRESERVE,1.0000,1.0000,1.0000,"Acoustic guard: audible speech detected in microphone",-39.29,1,0.0410,1.0000,1.00,0.0000
256,32768.00,32896.00,0.5000,0,"Model unavailable (Mandatory non-CPU acceleration requested, but only CPU NNAPI devices available (nnapi-reference))",0,PRESERVE,1.0000,1.0000,1.0000,"Acoustic guard: audible speech detected in microphone",-35.89,1,0.0492,1.0000,1.50,0.0000
257,32896.00,33024.00,0.5000,0,"Model unavailable (Mandatory non-CPU acceleration requested, but only CPU NNAPI devices available (nnapi-reference))",0,PRESERVE,1.0000,1.0000,1.0000,"Acoustic guard: audible speech detected in microphone",-54.10,0,0.0256,1.0000,2.00,0.0000
258,33024.00,33152.00,0.5000,0,"Model unavailable (Mandatory non-CPU acceleration requested, but only CPU NNAPI devices available (nnapi-reference))",0,PRESERVE,1.0000,1.0000,1.0000,"Acoustic guard: audible speech detected in microphone",-41.88,1,0.0061,1.0000,0.00,0.0000
259,33152.00,33280.00,0.5000,0,"Model unavailable (Mandatory non-CPU acceleration requested, but only CPU NNAPI devices available (nnapi-reference))",0,PRESERVE,1.0000,1.0000,1.0000,"Model guard: inference failed or model unavailable",-62.63,0,0.0217,1.0000,0.50,0.0000
260,33280.00,33408.00,0.5000,0,"Model unavailable (Mandatory non-CPU acceleration requested, but only CPU NNAPI devices available (nnapi-reference))",0,PRESERVE,1.0000,1.0000,1.0000,"Model guard: inference failed or model unavailable",-120.00,0,0.0142,1.0000,1.00,0.0000
261,33408.00,33536.00,0.5000,0,"Model unavailable (Mandatory non-CPU acceleration requested, but only CPU NNAPI devices available (nnapi-reference))",0,PRESERVE,1.0000,1.0000,1.0000,"Model guard: inference failed or model unavailable",-120.00,0,0.0252,1.0000,1.50,0.0000
262,33536.00,33664.00,0.5000,0,"Model unavailable (Mandatory non-CPU acceleration requested, but only CPU NNAPI devices available (nnapi-reference))",0,PRESERVE,1.0000,1.0000,1.0000,"Model guard: inference failed or model unavailable",-120.00,0,0.0946,1.0000,2.00,0.0000
263,33664.00,33792.00,0.5000,0,"Model unavailable (Mandatory non-CPU acceleration requested, but only CPU NNAPI devices available (nnapi-reference))",0,PRESERVE,1.0000,1.0000,1.0000,"Model guard: inference failed or model unavailable",-120.00,0,0.1064,1.0000,0.00,0.0000
264,33792.00,33920.00,0.5000,0,"Model unavailable (Mandatory non-CPU acceleration requested, but only CPU NNAPI devices available (nnapi-reference))",0,PRESERVE,1.0000,1.0000,1.0000,"Model guard: inference failed or model unavailable",-120.00,0,0.0401,1.0000,0.50,0.0000
265,33920.00,34048.00,0.5000,0,"Model unavailable (Mandatory non-CPU acceleration requested, but only CPU NNAPI devices available (nnapi-reference))",0,PRESERVE,1.0000,1.0000,1.0000,"Model guard: inference failed or model unavailable",-120.00,0,0.0278,1.0000,1.00,0.0000
266,34048.00,34176.00,0.5000,0,"Model unavailable (Mandatory non-CPU acceleration requested, but only CPU NNAPI devices available (nnapi-reference))",0,PRESERVE,1.0000,1.0000,1.0000,"Acoustic guard: audible speech detected in microphone",-45.38,1,0.0140,1.0000,1.50,0.0000
267,34176.00,34304.00,0.5000,0,"Model unavailable (Mandatory non-CPU acceleration requested, but only CPU NNAPI devices available (nnapi-reference))",0,PRESERVE,1.0000,1.0000,1.0000,"Acoustic guard: audible speech detected in microphone",-47.05,1,0.0231,1.0000,2.00,0.0000
268,34304.00,34432.00,0.5000,0,"Model unavailable (Mandatory non-CPU acceleration requested, but only CPU NNAPI devices available (nnapi-reference))",0,PRESERVE,1.0000,1.0000,1.0000,"Acoustic guard: audible speech detected in microphone",-44.09,1,0.0259,1.0000,0.00,0.0000
269,34432.00,34560.00,0.5000,0,"Model unavailable (Mandatory non-CPU acceleration requested, but only CPU NNAPI devices available (nnapi-reference))",0,PRESERVE,1.0000,1.0000,1.0000,"Acoustic guard: audible speech detected in microphone",-46.67,1,0.0166,1.0000,0.50,0.0000
270,34560.00,34688.00,0.5000,0,"Model unavailable (Mandatory non-CPU acceleration requested, but only CPU NNAPI devices available (nnapi-reference))",0,PRESERVE,1.0000,1.0000,1.0000,"Acoustic guard: audible speech detected in microphone",-42.68,1,0.0180,1.0000,1.00,0.0000
271,34688.00,34816.00,0.5000,0,"Model unavailable (Mandatory non-CPU acceleration requested, but only CPU NNAPI devices available (nnapi-reference))",0,PRESERVE,1.0000,1.0000,1.0000,"Acoustic guard: audible speech detected in microphone",-49.28,1,0.0047,1.0000,1.50,0.0000
272,34816.00,34944.00,0.5000,0,"Model unavailable (Mandatory non-CPU acceleration requested, but only CPU NNAPI devices available (nnapi-reference))",0,PRESERVE,1.0000,1.0000,1.0000,"Acoustic guard: audible speech detected in microphone",-51.55,1,0.0136,1.0000,2.00,0.0000
273,34944.00,35072.00,0.5000,0,"Model unavailable (Mandatory non-CPU acceleration requested, but only CPU NNAPI devices available (nnapi-reference))",0,PRESERVE,1.0000,1.0000,1.0000,"Acoustic guard: audible speech detected in microphone",-53.45,1,0.0343,1.0000,0.00,0.0000
274,35072.00,35200.00,0.5000,0,"Model unavailable (Mandatory non-CPU acceleration requested, but only CPU NNAPI devices available (nnapi-reference))",0,PRESERVE,1.0000,1.0000,1.0000,"Model guard: inference failed or model unavailable",-85.00,0,0.0251,1.0000,0.50,0.0000
275,35200.00,35328.00,0.5000,0,"Model unavailable (Mandatory non-CPU acceleration requested, but only CPU NNAPI devices available (nnapi-reference))",0,PRESERVE,1.0000,1.0000,1.0000,"Model guard: inference failed or model unavailable",-62.73,0,0.0047,1.0000,1.00,0.0000
276,35328.00,35456.00,0.5000,0,"Model unavailable (Mandatory non-CPU acceleration requested, but only CPU NNAPI devices available (nnapi-reference))",0,PRESERVE,1.0000,1.0000,1.0000,"Acoustic guard: audible speech detected in microphone",-40.43,1,0.0326,1.0000,1.50,0.0000
277,35456.00,35584.00,0.5000,0,"Model unavailable (Mandatory non-CPU acceleration requested, but only CPU NNAPI devices available (nnapi-reference))",0,PRESERVE,1.0000,1.0000,1.0000,"Acoustic guard: audible speech detected in microphone",-36.07,1,0.0303,1.0000,2.00,0.0000
278,35584.00,35712.00,0.5000,0,"Model unavailable (Mandatory non-CPU acceleration requested, but only CPU NNAPI devices available (nnapi-reference))",0,PRESERVE,1.0000,1.0000,1.0000,"Acoustic guard: audible speech detected in microphone",-37.43,1,0.0305,1.0000,0.00,0.0000
279,35712.00,35840.00,0.5000,0,"Model unavailable (Mandatory non-CPU acceleration requested, but only CPU NNAPI devices available (nnapi-reference))",0,PRESERVE,1.0000,1.0000,1.0000,"Acoustic guard: audible speech detected in microphone",-44.73,1,0.0340,1.0000,0.50,0.0000
280,35840.00,35968.00,0.5000,0,"Model unavailable (Mandatory non-CPU acceleration requested, but only CPU NNAPI devices available (nnapi-reference))",0,PRESERVE,1.0000,1.0000,1.0000,"Model guard: inference failed or model unavailable",-69.94,0,0.0135,1.0000,1.00,0.0000
281,35968.00,36096.00,0.5000,0,"Model unavailable (Mandatory non-CPU acceleration requested, but only CPU NNAPI devices available (nnapi-reference))",0,PRESERVE,1.0000,1.0000,1.0000,"Model guard: inference failed or model unavailable",-120.00,0,0.0162,1.0000,1.50,0.0000
282,36096.00,36224.00,0.5000,0,"Model unavailable (Mandatory non-CPU acceleration requested, but only CPU NNAPI devices available (nnapi-reference))",0,PRESERVE,1.0000,1.0000,1.0000,"Model guard: inference failed or model unavailable",-120.00,0,0.0152,1.0000,2.00,0.0000
283,36224.00,36352.00,0.5000,0,"Model unavailable (Mandatory non-CPU acceleration requested, but only CPU NNAPI devices available (nnapi-reference))",0,PRESERVE,1.0000,1.0000,1.0000,"Model guard: inference failed or model unavailable",-120.00,0,0.0149,1.0000,0.00,0.0000
284,36352.00,36480.00,0.5000,0,"Model unavailable (Mandatory non-CPU acceleration requested, but only CPU NNAPI devices available (nnapi-reference))",0,PRESERVE,1.0000,1.0000,1.0000,"Model guard: inference failed or model unavailable",-120.00,0,0.0135,1.0000,0.50,0.0000
285,36480.00,36608.00,0.5000,0,"Model unavailable (Mandatory non-CPU acceleration requested, but only CPU NNAPI devices available (nnapi-reference))",0,PRESERVE,1.0000,1.0000,1.0000,"Model guard: inference failed or model unavailable",-120.00,0,0.0116,1.0000,1.00,0.0000
286,36608.00,36736.00,0.5000,0,"Model unavailable (Mandatory non-CPU acceleration requested, but only CPU NNAPI devices available (nnapi-reference))",0,PRESERVE,1.0000,1.0000,1.0000,"Model guard: inference failed or model unavailable",-105.23,0,0.0271,1.0000,1.50,0.0000
287,36736.00,36864.00,0.5000,0,"Model unavailable (Mandatory non-CPU acceleration requested, but only CPU NNAPI devices available (nnapi-reference))",0,PRESERVE,1.0000,1.0000,1.0000,"Acoustic guard: audible speech detected in microphone",-48.43,1,0.0464,1.0000,2.00,0.0000
288,36864.00,36992.00,0.5000,0,"Model unavailable (Mandatory non-CPU acceleration requested, but only CPU NNAPI devices available (nnapi-reference))",0,PRESERVE,1.0000,1.0000,1.0000,"Acoustic guard: audible speech detected in microphone",-46.03,1,0.0505,1.0000,0.00,0.0000
289,36992.00,37120.00,0.5000,0,"Model unavailable (Mandatory non-CPU acceleration requested, but only CPU NNAPI devices available (nnapi-reference))",0,PRESERVE,1.0000,1.0000,1.0000,"Acoustic guard: audible speech detected in microphone",-42.33,1,0.1395,1.0000,0.50,0.0000
290,37120.00,37248.00,0.5000,0,"Model unavailable (Mandatory non-CPU acceleration requested, but only CPU NNAPI devices available (nnapi-reference))",0,PRESERVE,1.0000,1.0000,1.0000,"Acoustic guard: audible speech detected in microphone",-38.82,1,0.2985,1.0000,1.00,0.0000
291,37248.00,37376.00,0.5000,0,"Model unavailable (Mandatory non-CPU acceleration requested, but only CPU NNAPI devices available (nnapi-reference))",0,PRESERVE,1.0000,1.0000,1.0000,"Acoustic guard: audible speech detected in microphone",-38.57,1,0.0730,1.0000,1.50,0.0000
292,37376.00,37504.00,0.5000,0,"Model unavailable (Mandatory non-CPU acceleration requested, but only CPU NNAPI devices available (nnapi-reference))",0,PRESERVE,1.0000,1.0000,1.0000,"Acoustic guard: audible speech detected in microphone",-39.73,1,0.1280,1.0000,2.00,0.0000
293,37504.00,37632.00,0.5000,0,"Model unavailable (Mandatory non-CPU acceleration requested, but only CPU NNAPI devices available (nnapi-reference))",0,PRESERVE,1.0000,1.0000,1.0000,"Acoustic guard: audible speech detected in microphone",-43.58,1,0.0783,1.0000,0.00,0.0000
294,37632.00,37760.00,0.5000,0,"Model unavailable (Mandatory non-CPU acceleration requested, but only CPU NNAPI devices available (nnapi-reference))",0,PRESERVE,1.0000,1.0000,1.0000,"Model guard: inference failed or model unavailable",-64.03,0,0.1973,1.0000,0.50,0.0000
295,37760.00,37888.00,0.5000,0,"Model unavailable (Mandatory non-CPU acceleration requested, but only CPU NNAPI devices available (nnapi-reference))",0,PRESERVE,1.0000,1.0000,1.0000,"Model guard: inference failed or model unavailable",-120.00,0,0.1634,1.0000,1.00,0.0000
296,37888.00,38016.00,0.5000,0,"Model unavailable (Mandatory non-CPU acceleration requested, but only CPU NNAPI devices available (nnapi-reference))",0,PRESERVE,1.0000,1.0000,1.0000,"Acoustic guard: audible speech detected in microphone",-45.87,1,0.2065,1.0000,1.50,0.0000
297,38016.00,38144.00,0.5000,0,"Model unavailable (Mandatory non-CPU acceleration requested, but only CPU NNAPI devices available (nnapi-reference))",0,PRESERVE,1.0000,1.0000,1.0000,"Acoustic guard: audible speech detected in microphone",-47.70,1,0.1428,1.0000,2.00,0.0000
298,38144.00,38272.00,0.5000,0,"Model unavailable (Mandatory non-CPU acceleration requested, but only CPU NNAPI devices available (nnapi-reference))",0,PRESERVE,1.0000,1.0000,1.0000,"Acoustic guard: audible speech detected in microphone",-49.70,1,0.1682,1.0000,0.00,0.0000
299,38272.00,38400.00,0.5000,0,"Model unavailable (Mandatory non-CPU acceleration requested, but only CPU NNAPI devices available (nnapi-reference))",0,PRESERVE,1.0000,1.0000,1.0000,"Acoustic guard: audible speech detected in microphone",-42.70,1,0.1348,1.0000,0.50,0.0000
300,38400.00,38528.00,0.5000,0,"Model unavailable (Mandatory non-CPU acceleration requested, but only CPU NNAPI devices available (nnapi-reference))",0,PRESERVE,1.0000,1.0000,1.0000,"Acoustic guard: audible speech detected in microphone",-42.85,1,0.2692,1.0000,1.00,0.0000
301,38528.00,38656.00,0.5000,0,"Model unavailable (Mandatory non-CPU acceleration requested, but only CPU NNAPI devices available (nnapi-reference))",0,PRESERVE,1.0000,1.0000,1.0000,"Acoustic guard: audible speech detected in microphone",-45.16,1,0.2588,1.0000,1.50,0.0000
302,38656.00,38784.00,0.5000,0,"Model unavailable (Mandatory non-CPU acceleration requested, but only CPU NNAPI devices available (nnapi-reference))",0,PRESERVE,1.0000,1.0000,1.0000,"Acoustic guard: audible speech detected in microphone",-40.22,1,0.1238,1.0000,2.00,0.0000
303,38784.00,38912.00,0.5000,0,"Model unavailable (Mandatory non-CPU acceleration requested, but only CPU NNAPI devices available (nnapi-reference))",0,PRESERVE,1.0000,1.0000,1.0000,"Acoustic guard: audible speech detected in microphone",-42.21,1,0.0380,1.0000,0.00,0.8091
304,38912.00,39040.00,0.5000,0,"Model unavailable (Mandatory non-CPU acceleration requested, but only CPU NNAPI devices available (nnapi-reference))",0,PRESERVE,1.0000,1.0000,1.0000,"Acoustic guard: audible speech detected in microphone",-46.77,1,0.0341,1.0000,0.50,0.0000
305,39040.00,39168.00,0.5000,0,"Model unavailable (Mandatory non-CPU acceleration requested, but only CPU NNAPI devices available (nnapi-reference))",0,PRESERVE,1.0000,1.0000,1.0000,"Acoustic guard: audible speech detected in microphone",-42.71,1,0.0225,1.0000,1.00,0.0000
306,39168.00,39296.00,0.5000,0,"Model unavailable (Mandatory non-CPU acceleration requested, but only CPU NNAPI devices available (nnapi-reference))",0,PRESERVE,1.0000,1.0000,1.0000,"Acoustic guard: audible speech detected in microphone",-40.95,0,0.0371,1.0000,1.50,0.0000
307,39296.00,39424.00,0.5000,0,"Model unavailable (Mandatory non-CPU acceleration requested, but only CPU NNAPI devices available (nnapi-reference))",0,PRESERVE,1.0000,1.0000,1.0000,"Acoustic guard: audible speech detected in microphone",-48.98,1,0.0571,1.0000,2.00,0.0000
308,39424.00,39552.00,0.5000,0,"Model unavailable (Mandatory non-CPU acceleration requested, but only CPU NNAPI devices available (nnapi-reference))",0,PRESERVE,1.0000,1.0000,1.0000,"Acoustic guard: audible speech detected in microphone",-39.22,1,0.0237,1.0000,0.00,0.0000
309,39552.00,39680.00,0.5000,0,"Model unavailable (Mandatory non-CPU acceleration requested, but only CPU NNAPI devices available (nnapi-reference))",0,PRESERVE,1.0000,1.0000,1.0000,"Acoustic guard: audible speech detected in microphone",-49.85,1,0.0323,1.0000,0.50,0.0000
310,39680.00,39808.00,0.5000,0,"Model unavailable (Mandatory non-CPU acceleration requested, but only CPU NNAPI devices available (nnapi-reference))",0,PRESERVE,1.0000,1.0000,1.0000,"Model guard: inference failed or model unavailable",-107.29,0,0.1143,1.0000,1.00,0.0000
311,39808.00,39936.00,0.5000,0,"Model unavailable (Mandatory non-CPU acceleration requested, but only CPU NNAPI devices available (nnapi-reference))",0,PRESERVE,1.0000,1.0000,1.0000,"Model guard: inference failed or model unavailable",-99.16,0,0.0549,1.0000,1.50,0.0000
312,39936.00,40064.00,0.5000,0,"Model unavailable (Mandatory non-CPU acceleration requested, but only CPU NNAPI devices available (nnapi-reference))",0,PRESERVE,1.0000,1.0000,1.0000,"Acoustic guard: audible speech detected in microphone",-51.37,0,0.1288,1.0000,2.00,0.0000
313,40064.00,40192.00,0.5000,0,"Model unavailable (Mandatory non-CPU acceleration requested, but only CPU NNAPI devices available (nnapi-reference))",0,PRESERVE,1.0000,1.0000,1.0000,"Acoustic guard: audible speech detected in microphone",-31.21,1,0.2176,1.0000,0.00,0.0000
314,40192.00,40320.00,0.5000,0,"Model unavailable (Mandatory non-CPU acceleration requested, but only CPU NNAPI devices available (nnapi-reference))",0,PRESERVE,1.0000,1.0000,1.0000,"Acoustic guard: audible speech detected in microphone",-42.93,1,0.1635,1.0000,0.50,0.0000
315,40320.00,40448.00,0.5000,0,"Model unavailable (Mandatory non-CPU acceleration requested, but only CPU NNAPI devices available (nnapi-reference))",0,PRESERVE,1.0000,1.0000,1.0000,"Acoustic guard: audible speech detected in microphone",-37.03,1,0.2080,1.0000,1.00,0.0000
316,40448.00,40576.00,0.5000,0,"Model unavailable (Mandatory non-CPU acceleration requested, but only CPU NNAPI devices available (nnapi-reference))",0,PRESERVE,1.0000,1.0000,1.0000,"Acoustic guard: audible speech detected in microphone",-44.13,1,0.2341,1.0000,1.50,0.0001
317,40576.00,40704.00,0.5000,0,"Model unavailable (Mandatory non-CPU acceleration requested, but only CPU NNAPI devices available (nnapi-reference))",0,PRESERVE,1.0000,1.0000,1.0000,"Acoustic guard: audible speech detected in microphone",-44.65,1,0.0180,1.0000,2.00,0.3654
318,40704.00,40832.00,0.5000,0,"Model unavailable (Mandatory non-CPU acceleration requested, but only CPU NNAPI devices available (nnapi-reference))",0,PRESERVE,1.0000,1.0000,1.0000,"Model guard: inference failed or model unavailable",-91.45,0,0.0193,1.0000,0.00,0.0000
319,40832.00,40960.00,0.5000,0,"Model unavailable (Mandatory non-CPU acceleration requested, but only CPU NNAPI devices available (nnapi-reference))",0,PRESERVE,1.0000,1.0000,1.0000,"Acoustic guard: audible speech detected in microphone",-50.88,1,0.0299,1.0000,0.50,0.0000
320,40960.00,41088.00,0.5000,0,"Model unavailable (Mandatory non-CPU acceleration requested, but only CPU NNAPI devices available (nnapi-reference))",0,PRESERVE,1.0000,1.0000,1.0000,"Acoustic guard: audible speech detected in microphone",-44.41,1,0.1242,1.0000,1.00,0.0001
321,41088.00,41216.00,0.5000,0,"Model unavailable (Mandatory non-CPU acceleration requested, but only CPU NNAPI devices available (nnapi-reference))",0,PRESERVE,1.0000,1.0000,1.0000,"Acoustic guard: audible speech detected in microphone",-47.48,0,0.0475,1.0000,1.50,0.0000
322,41216.00,41344.00,0.5000,0,"Model unavailable (Mandatory non-CPU acceleration requested, but only CPU NNAPI devices available (nnapi-reference))",0,PRESERVE,1.0000,1.0000,1.0000,"Acoustic guard: audible speech detected in microphone",-48.18,1,0.0393,1.0000,2.00,0.0000
323,41344.00,41472.00,0.5000,0,"Model unavailable (Mandatory non-CPU acceleration requested, but only CPU NNAPI devices available (nnapi-reference))",0,PRESERVE,1.0000,1.0000,1.0000,"Model guard: inference failed or model unavailable",-62.47,0,0.0507,1.0000,0.00,0.0000
324,41472.00,41600.00,0.5000,0,"Model unavailable (Mandatory non-CPU acceleration requested, but only CPU NNAPI devices available (nnapi-reference))",0,PRESERVE,1.0000,1.0000,1.0000,"Acoustic guard: audible speech detected in microphone",-48.60,1,0.0393,1.0000,0.50,0.0000
325,41600.00,41728.00,0.5000,0,"Model unavailable (Mandatory non-CPU acceleration requested, but only CPU NNAPI devices available (nnapi-reference))",0,PRESERVE,1.0000,1.0000,1.0000,"Acoustic guard: audible speech detected in microphone",-41.15,1,0.1347,1.0000,1.00,0.0015
326,41728.00,41856.00,0.5000,0,"Model unavailable (Mandatory non-CPU acceleration requested, but only CPU NNAPI devices available (nnapi-reference))",0,PRESERVE,1.0000,1.0000,1.0000,"Acoustic guard: audible speech detected in microphone",-47.58,1,0.1107,1.0000,1.50,0.0000
327,41856.00,41984.00,0.5000,0,"Model unavailable (Mandatory non-CPU acceleration requested, but only CPU NNAPI devices available (nnapi-reference))",0,PRESERVE,1.0000,1.0000,1.0000,"Model guard: inference failed or model unavailable",-93.22,0,0.0565,1.0000,2.00,0.0000
328,41984.00,42112.00,0.5000,0,"Model unavailable (Mandatory non-CPU acceleration requested, but only CPU NNAPI devices available (nnapi-reference))",0,PRESERVE,1.0000,1.0000,1.0000,"Model guard: inference failed or model unavailable",-69.50,0,0.0852,1.0000,0.00,0.0000
329,42112.00,42240.00,0.5000,0,"Model unavailable (Mandatory non-CPU acceleration requested, but only CPU NNAPI devices available (nnapi-reference))",0,PRESERVE,1.0000,1.0000,1.0000,"Acoustic guard: audible speech detected in microphone",-46.87,0,0.0400,1.0000,0.50,0.0000
330,42240.00,42368.00,0.5000,0,"Model unavailable (Mandatory non-CPU acceleration requested, but only CPU NNAPI devices available (nnapi-reference))",0,PRESERVE,1.0000,1.0000,1.0000,"Model guard: inference failed or model unavailable",-92.06,0,0.0251,1.0000,1.00,0.0000
331,42368.00,42496.00,0.5000,0,"Model unavailable (Mandatory non-CPU acceleration requested, but only CPU NNAPI devices available (nnapi-reference))",0,PRESERVE,1.0000,1.0000,1.0000,"Model guard: inference failed or model unavailable",-100.52,0,0.0334,1.0000,1.50,0.0000
332,42496.00,42624.00,0.5000,0,"Model unavailable (Mandatory non-CPU acceleration requested, but only CPU NNAPI devices available (nnapi-reference))",0,PRESERVE,1.0000,1.0000,1.0000,"Model guard: inference failed or model unavailable",-110.41,0,0.0512,1.0000,2.00,0.0000
333,42624.00,42752.00,0.5000,0,"Model unavailable (Mandatory non-CPU acceleration requested, but only CPU NNAPI devices available (nnapi-reference))",0,PRESERVE,1.0000,1.0000,1.0000,"Acoustic guard: audible speech detected in microphone",-54.86,0,0.0478,1.0000,0.00,0.0000
334,42752.00,42880.00,0.5000,0,"Model unavailable (Mandatory non-CPU acceleration requested, but only CPU NNAPI devices available (nnapi-reference))",0,PRESERVE,1.0000,1.0000,1.0000,"Model guard: inference failed or model unavailable",-90.08,0,0.0114,1.0000,0.50,0.0000
335,42880.00,43008.00,0.5000,0,"Model unavailable (Mandatory non-CPU acceleration requested, but only CPU NNAPI devices available (nnapi-reference))",0,PRESERVE,1.0000,1.0000,1.0000,"Model guard: inference failed or model unavailable",-73.48,0,0.0494,1.0000,1.00,0.0000
336,43008.00,43136.00,0.5000,0,"Model unavailable (Mandatory non-CPU acceleration requested, but only CPU NNAPI devices available (nnapi-reference))",0,PRESERVE,1.0000,1.0000,1.0000,"Model guard: inference failed or model unavailable",-90.01,0,0.0277,1.0000,1.50,0.0000
337,43136.00,43264.00,0.5000,0,"Model unavailable (Mandatory non-CPU acceleration requested, but only CPU NNAPI devices available (nnapi-reference))",0,PRESERVE,1.0000,1.0000,1.0000,"Model guard: inference failed or model unavailable",-120.00,0,0.0120,1.0000,2.00,0.0000
338,43264.00,43392.00,0.5000,0,"Model unavailable (Mandatory non-CPU acceleration requested, but only CPU NNAPI devices available (nnapi-reference))",0,PRESERVE,1.0000,1.0000,1.0000,"Model guard: inference failed or model unavailable",-120.00,0,0.0467,1.0000,0.00,0.0000
339,43392.00,43520.00,0.5000,0,"Model unavailable (Mandatory non-CPU acceleration requested, but only CPU NNAPI devices available (nnapi-reference))",0,PRESERVE,1.0000,1.0000,1.0000,"Model guard: inference failed or model unavailable",-120.00,0,0.1247,1.0000,0.50,0.0000
340,43520.00,43648.00,0.5000,0,"Model unavailable (Mandatory non-CPU acceleration requested, but only CPU NNAPI devices available (nnapi-reference))",0,PRESERVE,1.0000,1.0000,1.0000,"Model guard: inference failed or model unavailable",-120.00,0,0.1521,1.0000,1.00,0.0000
341,43648.00,43776.00,0.5000,0,"Model unavailable (Mandatory non-CPU acceleration requested, but only CPU NNAPI devices available (nnapi-reference))",0,PRESERVE,1.0000,1.0000,1.0000,"Model guard: inference failed or model unavailable",-120.00,0,0.1050,1.0000,1.50,0.0000
342,43776.00,43904.00,0.5000,0,"Model unavailable (Mandatory non-CPU acceleration requested, but only CPU NNAPI devices available (nnapi-reference))",0,PRESERVE,1.0000,1.0000,1.0000,"Model guard: inference failed or model unavailable",-120.00,0,0.0563,1.0000,2.00,0.0000
343,43904.00,44032.00,0.5000,0,"Model unavailable (Mandatory non-CPU acceleration requested, but only CPU NNAPI devices available (nnapi-reference))",0,PRESERVE,1.0000,1.0000,1.0000,"Model guard: inference failed or model unavailable",-120.00,0,0.0676,1.0000,0.00,0.0000
344,44032.00,44160.00,0.5000,0,"Model unavailable (Mandatory non-CPU acceleration requested, but only CPU NNAPI devices available (nnapi-reference))",0,PRESERVE,1.0000,1.0000,1.0000,"Model guard: inference failed or model unavailable",-120.00,0,0.1330,1.0000,0.50,0.0000
345,44160.00,44288.00,0.5000,0,"Model unavailable (Mandatory non-CPU acceleration requested, but only CPU NNAPI devices available (nnapi-reference))",0,PRESERVE,1.0000,1.0000,1.0000,"Model guard: inference failed or model unavailable",-120.00,0,0.0580,1.0000,1.00,0.0000
346,44288.00,44416.00,0.5000,0,"Model unavailable (Mandatory non-CPU acceleration requested, but only CPU NNAPI devices available (nnapi-reference))",0,PRESERVE,1.0000,1.0000,1.0000,"Model guard: inference failed or model unavailable",-120.00,0,0.0092,1.0000,1.50,0.0000
347,44416.00,44544.00,0.5000,0,"Model unavailable (Mandatory non-CPU acceleration requested, but only CPU NNAPI devices available (nnapi-reference))",0,PRESERVE,1.0000,1.0000,1.0000,"Model guard: inference failed or model unavailable",-120.00,0,0.0149,1.0000,2.00,0.0000
348,44544.00,44672.00,0.5000,0,"Model unavailable (Mandatory non-CPU acceleration requested, but only CPU NNAPI devices available (nnapi-reference))",0,PRESERVE,1.0000,1.0000,1.0000,"Model guard: inference failed or model unavailable",-120.00,0,0.0620,1.0000,0.00,0.0000
349,44672.00,44800.00,0.5000,0,"Model unavailable (Mandatory non-CPU acceleration requested, but only CPU NNAPI devices available (nnapi-reference))",0,PRESERVE,1.0000,1.0000,1.0000,"Model guard: inference failed or model unavailable",-120.00,0,0.0995,1.0000,0.50,0.0000
350,44800.00,44928.00,0.5000,0,"Model unavailable (Mandatory non-CPU acceleration requested, but only CPU NNAPI devices available (nnapi-reference))",0,PRESERVE,1.0000,1.0000,1.0000,"Model guard: inference failed or model unavailable",-120.00,0,0.0582,1.0000,1.00,0.0000
351,44928.00,45056.00,0.5000,0,"Model unavailable (Mandatory non-CPU acceleration requested, but only CPU NNAPI devices available (nnapi-reference))",0,PRESERVE,1.0000,1.0000,1.0000,"Model guard: inference failed or model unavailable",-120.00,0,0.0706,1.0000,1.50,0.0000
352,45056.00,45184.00,0.5000,0,"Model unavailable (Mandatory non-CPU acceleration requested, but only CPU NNAPI devices available (nnapi-reference))",0,PRESERVE,1.0000,1.0000,1.0000,"Model guard: inference failed or model unavailable",-120.00,0,0.0545,1.0000,2.00,0.0000
353,45184.00,45312.00,0.5000,0,"Model unavailable (Mandatory non-CPU acceleration requested, but only CPU NNAPI devices available (nnapi-reference))",0,PRESERVE,1.0000,1.0000,1.0000,"Model guard: inference failed or model unavailable",-120.00,0,0.0124,1.0000,0.00,0.0000
354,45312.00,45440.00,0.5000,0,"Model unavailable (Mandatory non-CPU acceleration requested, but only CPU NNAPI devices available (nnapi-reference))",0,PRESERVE,1.0000,1.0000,1.0000,"Model guard: inference failed or model unavailable",-120.00,0,0.0247,1.0000,0.50,0.0000
355,45440.00,45568.00,0.5000,0,"Model unavailable (Mandatory non-CPU acceleration requested, but only CPU NNAPI devices available (nnapi-reference))",0,PRESERVE,1.0000,1.0000,1.0000,"Model guard: inference failed or model unavailable",-120.00,0,0.0238,1.0000,1.00,0.0000
356,45568.00,45696.00,0.5000,0,"Model unavailable (Mandatory non-CPU acceleration requested, but only CPU NNAPI devices available (nnapi-reference))",0,PRESERVE,1.0000,1.0000,1.0000,"Model guard: inference failed or model unavailable",-120.00,0,0.0228,1.0000,1.50,0.0000
357,45696.00,45824.00,0.5000,0,"Model unavailable (Mandatory non-CPU acceleration requested, but only CPU NNAPI devices available (nnapi-reference))",0,PRESERVE,1.0000,1.0000,1.0000,"Model guard: inference failed or model unavailable",-120.00,0,0.0114,1.0000,2.00,0.0000
358,45824.00,45952.00,0.5000,0,"Model unavailable (Mandatory non-CPU acceleration requested, but only CPU NNAPI devices available (nnapi-reference))",0,PRESERVE,1.0000,1.0000,1.0000,"Model guard: inference failed or model unavailable",-120.00,0,0.0038,1.0000,0.00,0.0000
359,45952.00,46080.00,0.5000,0,"Model unavailable (Mandatory non-CPU acceleration requested, but only CPU NNAPI devices available (nnapi-reference))",0,PRESERVE,1.0000,1.0000,1.0000,"Model guard: inference failed or model unavailable",-120.00,0,0.0088,1.0000,0.50,0.0000
360,46080.00,46208.00,0.5000,0,"Model unavailable (Mandatory non-CPU acceleration requested, but only CPU NNAPI devices available (nnapi-reference))",0,PRESERVE,1.0000,1.0000,1.0000,"Model guard: inference failed or model unavailable",-120.00,0,0.0318,1.0000,1.00,0.0000
361,46208.00,46336.00,0.5000,0,"Model unavailable (Mandatory non-CPU acceleration requested, but only CPU NNAPI devices available (nnapi-reference))",0,PRESERVE,1.0000,1.0000,1.0000,"Model guard: inference failed or model unavailable",-120.00,0,0.0253,1.0000,1.50,0.0000
362,46336.00,46464.00,0.5000,0,"Model unavailable (Mandatory non-CPU acceleration requested, but only CPU NNAPI devices available (nnapi-reference))",0,PRESERVE,1.0000,1.0000,1.0000,"Model guard: inference failed or model unavailable",-120.00,0,0.0426,1.0000,2.00,0.0000
363,46464.00,46592.00,0.5000,0,"Model unavailable (Mandatory non-CPU acceleration requested, but only CPU NNAPI devices available (nnapi-reference))",0,PRESERVE,1.0000,1.0000,1.0000,"Model guard: inference failed or model unavailable",-120.00,0,0.0118,1.0000,0.00,0.0000
364,46592.00,46720.00,0.5000,0,"Model unavailable (Mandatory non-CPU acceleration requested, but only CPU NNAPI devices available (nnapi-reference))",0,PRESERVE,1.0000,1.0000,1.0000,"Acoustic guard: audible speech detected in microphone",-50.23,1,0.0085,1.0000,0.50,0.0000
365,46720.00,46848.00,0.5000,0,"Model unavailable (Mandatory non-CPU acceleration requested, but only CPU NNAPI devices available (nnapi-reference))",0,PRESERVE,1.0000,1.0000,1.0000,"Acoustic guard: audible speech detected in microphone",-43.07,1,0.0262,1.0000,1.00,0.0000
366,46848.00,46976.00,0.5000,0,"Model unavailable (Mandatory non-CPU acceleration requested, but only CPU NNAPI devices available (nnapi-reference))",0,PRESERVE,1.0000,1.0000,1.0000,"Acoustic guard: audible speech detected in microphone",-42.04,1,0.0389,1.0000,1.50,0.0000
367,46976.00,47104.00,0.5000,0,"Model unavailable (Mandatory non-CPU acceleration requested, but only CPU NNAPI devices available (nnapi-reference))",0,PRESERVE,1.0000,1.0000,1.0000,"Acoustic guard: audible speech detected in microphone",-42.77,1,0.0258,1.0000,2.00,0.0000
368,47104.00,47232.00,0.5000,0,"Model unavailable (Mandatory non-CPU acceleration requested, but only CPU NNAPI devices available (nnapi-reference))",0,PRESERVE,1.0000,1.0000,1.0000,"Acoustic guard: audible speech detected in microphone",-52.69,1,0.0160,1.0000,0.00,0.0000
369,47232.00,47360.00,0.5000,0,"Model unavailable (Mandatory non-CPU acceleration requested, but only CPU NNAPI devices available (nnapi-reference))",0,PRESERVE,1.0000,1.0000,1.0000,"Acoustic guard: audible speech detected in microphone",-44.59,0,0.0083,1.0000,0.50,0.0000
370,47360.00,47488.00,0.5000,0,"Model unavailable (Mandatory non-CPU acceleration requested, but only CPU NNAPI devices available (nnapi-reference))",0,PRESERVE,1.0000,1.0000,1.0000,"Acoustic guard: audible speech detected in microphone",-50.64,1,0.0047,1.0000,1.00,0.0000
371,47488.00,47616.00,0.5000,0,"Model unavailable (Mandatory non-CPU acceleration requested, but only CPU NNAPI devices available (nnapi-reference))",0,PRESERVE,1.0000,1.0000,1.0000,"Acoustic guard: audible speech detected in microphone",-46.94,1,0.0302,1.0000,1.50,0.0006
372,47616.00,47744.00,0.5000,0,"Model unavailable (Mandatory non-CPU acceleration requested, but only CPU NNAPI devices available (nnapi-reference))",0,PRESERVE,1.0000,1.0000,1.0000,"Acoustic guard: audible speech detected in microphone",-49.96,1,0.0733,1.0000,2.00,0.0000
373,47744.00,47872.00,0.5000,0,"Model unavailable (Mandatory non-CPU acceleration requested, but only CPU NNAPI devices available (nnapi-reference))",0,PRESERVE,1.0000,1.0000,1.0000,"Model guard: inference failed or model unavailable",-63.87,0,0.0284,1.0000,0.00,0.0000
374,47872.00,48000.00,0.5000,0,"Model unavailable (Mandatory non-CPU acceleration requested, but only CPU NNAPI devices available (nnapi-reference))",0,PRESERVE,1.0000,1.0000,1.0000,"Model guard: inference failed or model unavailable",-120.00,0,0.0166,1.0000,0.50,0.0000
375,48000.00,48128.00,0.5000,0,"Model unavailable (Mandatory non-CPU acceleration requested, but only CPU NNAPI devices available (nnapi-reference))",0,PRESERVE,1.0000,1.0000,1.0000,"Model guard: inference failed or model unavailable",-120.00,0,0.0079,1.0000,1.00,0.0000
376,48128.00,48256.00,0.5000,0,"Model unavailable (Mandatory non-CPU acceleration requested, but only CPU NNAPI devices available (nnapi-reference))",0,PRESERVE,1.0000,1.0000,1.0000,"Model guard: inference failed or model unavailable",-120.00,0,0.0076,1.0000,1.50,0.0000
377,48256.00,48384.00,0.5000,0,"Model unavailable (Mandatory non-CPU acceleration requested, but only CPU NNAPI devices available (nnapi-reference))",0,PRESERVE,1.0000,1.0000,1.0000,"Model guard: inference failed or model unavailable",-120.00,0,0.0333,1.0000,2.00,0.0000
378,48384.00,48512.00,0.5000,0,"Model unavailable (Mandatory non-CPU acceleration requested, but only CPU NNAPI devices available (nnapi-reference))",0,PRESERVE,1.0000,1.0000,1.0000,"Acoustic guard: audible speech detected in microphone",-49.40,1,0.0546,1.0000,0.00,0.0000
379,48512.00,48640.00,0.5000,0,"Model unavailable (Mandatory non-CPU acceleration requested, but only CPU NNAPI devices available (nnapi-reference))",0,PRESERVE,1.0000,1.0000,1.0000,"Acoustic guard: audible speech detected in microphone",-34.29,1,0.0701,1.0000,0.50,0.0000
380,48640.00,48768.00,0.5000,0,"Model unavailable (Mandatory non-CPU acceleration requested, but only CPU NNAPI devices available (nnapi-reference))",0,PRESERVE,1.0000,1.0000,1.0000,"Acoustic guard: audible speech detected in microphone",-33.24,1,0.0343,1.0000,1.00,0.0000
381,48768.00,48896.00,0.5000,0,"Model unavailable (Mandatory non-CPU acceleration requested, but only CPU NNAPI devices available (nnapi-reference))",0,PRESERVE,1.0000,1.0000,1.0000,"Acoustic guard: audible speech detected in microphone",-36.45,1,0.1309,1.0000,1.50,0.0000
382,48896.00,49024.00,0.5000,0,"Model unavailable (Mandatory non-CPU acceleration requested, but only CPU NNAPI devices available (nnapi-reference))",0,PRESERVE,1.0000,1.0000,1.0000,"Acoustic guard: audible speech detected in microphone",-34.65,1,0.1135,1.0000,2.00,0.0000
383,49024.00,49152.00,0.5000,0,"Model unavailable (Mandatory non-CPU acceleration requested, but only CPU NNAPI devices available (nnapi-reference))",0,PRESERVE,1.0000,1.0000,1.0000,"Acoustic guard: audible speech detected in microphone",-32.87,1,0.0541,1.0000,0.00,0.0000
384,49152.00,49280.00,0.5000,0,"Model unavailable (Mandatory non-CPU acceleration requested, but only CPU NNAPI devices available (nnapi-reference))",0,PRESERVE,1.0000,1.0000,1.0000,"Acoustic guard: audible speech detected in microphone",-48.90,1,0.0437,1.0000,0.50,0.0491
385,49280.00,49408.00,0.5000,0,"Model unavailable (Mandatory non-CPU acceleration requested, but only CPU NNAPI devices available (nnapi-reference))",0,PRESERVE,1.0000,1.0000,1.0000,"Acoustic guard: audible speech detected in microphone",-35.37,1,0.0841,1.0000,1.00,0.0000
386,49408.00,49536.00,0.5000,0,"Model unavailable (Mandatory non-CPU acceleration requested, but only CPU NNAPI devices available (nnapi-reference))",0,PRESERVE,1.0000,1.0000,1.0000,"Acoustic guard: audible speech detected in microphone",-37.49,1,0.0779,1.0000,1.50,0.0000
387,49536.00,49664.00,0.5000,0,"Model unavailable (Mandatory non-CPU acceleration requested, but only CPU NNAPI devices available (nnapi-reference))",0,PRESERVE,1.0000,1.0000,1.0000,"Acoustic guard: audible speech detected in microphone",-40.46,1,0.0388,1.0000,2.00,0.0000
388,49664.00,49792.00,0.5000,0,"Model unavailable (Mandatory non-CPU acceleration requested, but only CPU NNAPI devices available (nnapi-reference))",0,PRESERVE,1.0000,1.0000,1.0000,"Acoustic guard: audible speech detected in microphone",-41.65,1,0.0142,1.0000,0.00,0.0000
389,49792.00,49920.00,0.5000,0,"Model unavailable (Mandatory non-CPU acceleration requested, but only CPU NNAPI devices available (nnapi-reference))",0,PRESERVE,1.0000,1.0000,1.0000,"Acoustic guard: audible speech detected in microphone",-44.58,1,0.0218,1.0000,0.50,0.0002
390,49920.00,50048.00,0.5000,0,"Model unavailable (Mandatory non-CPU acceleration requested, but only CPU NNAPI devices available (nnapi-reference))",0,PRESERVE,1.0000,1.0000,1.0000,"Acoustic guard: audible speech detected in microphone",-50.97,1,0.0048,1.0000,1.00,0.0000
391,50048.00,50176.00,0.5000,0,"Model unavailable (Mandatory non-CPU acceleration requested, but only CPU NNAPI devices available (nnapi-reference))",0,PRESERVE,1.0000,1.0000,1.0000,"Model guard: inference failed or model unavailable",-96.00,0,0.0048,1.0000,1.50,0.0000
392,50176.00,50304.00,0.5000,0,"Model unavailable (Mandatory non-CPU acceleration requested, but only CPU NNAPI devices available (nnapi-reference))",0,PRESERVE,1.0000,1.0000,1.0000,"Acoustic guard: audible speech detected in microphone",-37.40,1,0.0052,1.0000,2.00,0.0000
393,50304.00,50432.00,0.5000,0,"Model unavailable (Mandatory non-CPU acceleration requested, but only CPU NNAPI devices available (nnapi-reference))",0,PRESERVE,1.0000,1.0000,1.0000,"Acoustic guard: audible speech detected in microphone",-37.58,1,0.0914,1.0000,0.00,0.0000
394,50432.00,50560.00,0.5000,0,"Model unavailable (Mandatory non-CPU acceleration requested, but only CPU NNAPI devices available (nnapi-reference))",0,PRESERVE,1.0000,1.0000,1.0000,"Acoustic guard: audible speech detected in microphone",-38.63,1,0.1241,1.0000,0.50,0.0000
395,50560.00,50688.00,0.5000,0,"Model unavailable (Mandatory non-CPU acceleration requested, but only CPU NNAPI devices available (nnapi-reference))",0,PRESERVE,1.0000,1.0000,1.0000,"Acoustic guard: audible speech detected in microphone",-40.59,1,0.0779,1.0000,1.00,0.0000
396,50688.00,50816.00,0.5000,0,"Model unavailable (Mandatory non-CPU acceleration requested, but only CPU NNAPI devices available (nnapi-reference))",0,PRESERVE,1.0000,1.0000,1.0000,"Acoustic guard: audible speech detected in microphone",-35.67,1,0.0162,1.0000,1.50,0.0000
397,50816.00,50944.00,0.5000,0,"Model unavailable (Mandatory non-CPU acceleration requested, but only CPU NNAPI devices available (nnapi-reference))",0,PRESERVE,1.0000,1.0000,1.0000,"Acoustic guard: audible speech detected in microphone",-39.20,1,0.0564,1.0000,2.00,0.0000
398,50944.00,51072.00,0.5000,0,"Model unavailable (Mandatory non-CPU acceleration requested, but only CPU NNAPI devices available (nnapi-reference))",0,PRESERVE,1.0000,1.0000,1.0000,"Acoustic guard: audible speech detected in microphone",-39.40,1,0.0463,1.0000,0.00,0.0000
399,51072.00,51200.00,0.5000,0,"Model unavailable (Mandatory non-CPU acceleration requested, but only CPU NNAPI devices available (nnapi-reference))",0,PRESERVE,1.0000,1.0000,1.0000,"Acoustic guard: audible speech detected in microphone",-42.95,1,0.0752,1.0000,0.50,0.0000
400,51200.00,51328.00,0.5000,0,"Model unavailable (Mandatory non-CPU acceleration requested, but only CPU NNAPI devices available (nnapi-reference))",0,PRESERVE,1.0000,1.0000,1.0000,"Acoustic guard: audible speech detected in microphone",-47.04,1,0.1304,1.0000,1.00,0.0321
401,51328.00,51456.00,0.5000,0,"Model unavailable (Mandatory non-CPU acceleration requested, but only CPU NNAPI devices available (nnapi-reference))",0,PRESERVE,1.0000,1.0000,1.0000,"Model guard: inference failed or model unavailable",-95.96,0,0.1164,1.0000,1.50,0.0000
402,51456.00,51584.00,0.5000,0,"Model unavailable (Mandatory non-CPU acceleration requested, but only CPU NNAPI devices available (nnapi-reference))",0,PRESERVE,1.0000,1.0000,1.0000,"Model guard: inference failed or model unavailable",-120.00,0,0.0978,1.0000,2.00,0.0000
403,51584.00,51712.00,0.5000,0,"Model unavailable (Mandatory non-CPU acceleration requested, but only CPU NNAPI devices available (nnapi-reference))",0,PRESERVE,1.0000,1.0000,1.0000,"Model guard: inference failed or model unavailable",-120.00,0,0.1556,1.0000,0.00,0.0000
404,51712.00,51840.00,0.5000,0,"Model unavailable (Mandatory non-CPU acceleration requested, but only CPU NNAPI devices available (nnapi-reference))",0,PRESERVE,1.0000,1.0000,1.0000,"Model guard: inference failed or model unavailable",-120.00,0,0.1081,1.0000,0.50,0.0000
405,51840.00,51968.00,0.5000,0,"Model unavailable (Mandatory non-CPU acceleration requested, but only CPU NNAPI devices available (nnapi-reference))",0,PRESERVE,1.0000,1.0000,1.0000,"Model guard: inference failed or model unavailable",-120.00,0,0.0723,1.0000,1.00,0.0000
406,51968.00,52096.00,0.5000,0,"Model unavailable (Mandatory non-CPU acceleration requested, but only CPU NNAPI devices available (nnapi-reference))",0,PRESERVE,1.0000,1.0000,1.0000,"Model guard: inference failed or model unavailable",-120.00,0,0.1612,1.0000,1.50,0.0000
407,52096.00,52224.00,0.5000,0,"Model unavailable (Mandatory non-CPU acceleration requested, but only CPU NNAPI devices available (nnapi-reference))",0,PRESERVE,1.0000,1.0000,1.0000,"Model guard: inference failed or model unavailable",-120.00,0,0.0911,1.0000,2.00,0.0000
408,52224.00,52352.00,0.5000,0,"Model unavailable (Mandatory non-CPU acceleration requested, but only CPU NNAPI devices available (nnapi-reference))",0,PRESERVE,1.0000,1.0000,1.0000,"Model guard: inference failed or model unavailable",-120.00,0,0.0633,1.0000,0.00,0.0000
409,52352.00,52480.00,0.5000,0,"Model unavailable (Mandatory non-CPU acceleration requested, but only CPU NNAPI devices available (nnapi-reference))",0,PRESERVE,1.0000,1.0000,1.0000,"Model guard: inference failed or model unavailable",-120.00,0,0.0493,1.0000,0.50,0.0000
410,52480.00,52608.00,0.5000,0,"Model unavailable (Mandatory non-CPU acceleration requested, but only CPU NNAPI devices available (nnapi-reference))",0,PRESERVE,1.0000,1.0000,1.0000,"Model guard: inference failed or model unavailable",-120.00,0,0.0302,1.0000,1.00,0.0000
411,52608.00,52736.00,0.5000,0,"Model unavailable (Mandatory non-CPU acceleration requested, but only CPU NNAPI devices available (nnapi-reference))",0,PRESERVE,1.0000,1.0000,1.0000,"Model guard: inference failed or model unavailable",-108.37,0,0.0950,1.0000,1.50,0.0000
412,52736.00,52864.00,0.5000,0,"Model unavailable (Mandatory non-CPU acceleration requested, but only CPU NNAPI devices available (nnapi-reference))",0,PRESERVE,1.0000,1.0000,1.0000,"Model guard: inference failed or model unavailable",-94.19,0,0.1985,1.0000,2.00,0.0000
413,52864.00,52992.00,0.5000,0,"Model unavailable (Mandatory non-CPU acceleration requested, but only CPU NNAPI devices available (nnapi-reference))",0,PRESERVE,1.0000,1.0000,1.0000,"Acoustic guard: audible speech detected in microphone",-50.94,0,0.2168,1.0000,0.00,0.0000
414,52992.00,53120.00,0.5000,0,"Model unavailable (Mandatory non-CPU acceleration requested, but only CPU NNAPI devices available (nnapi-reference))",0,PRESERVE,1.0000,1.0000,1.0000,"Acoustic guard: audible speech detected in microphone",-42.02,1,0.1623,1.0000,0.50,0.0000
415,53120.00,53248.00,0.5000,0,"Model unavailable (Mandatory non-CPU acceleration requested, but only CPU NNAPI devices available (nnapi-reference))",0,PRESERVE,1.0000,1.0000,1.0000,"Acoustic guard: audible speech detected in microphone",-44.41,1,0.3460,1.0000,1.00,0.0000
416,53248.00,53376.00,0.5000,0,"Model unavailable (Mandatory non-CPU acceleration requested, but only CPU NNAPI devices available (nnapi-reference))",0,PRESERVE,1.0000,1.0000,1.0000,"Acoustic guard: audible speech detected in microphone",-46.34,0,0.0915,1.0000,1.50,0.0000
417,53376.00,53504.00,0.5000,0,"Model unavailable (Mandatory non-CPU acceleration requested, but only CPU NNAPI devices available (nnapi-reference))",0,PRESERVE,1.0000,1.0000,1.0000,"Acoustic guard: audible speech detected in microphone",-46.77,1,0.0573,1.0000,2.00,0.0000
418,53504.00,53632.00,0.5000,0,"Model unavailable (Mandatory non-CPU acceleration requested, but only CPU NNAPI devices available (nnapi-reference))",0,PRESERVE,1.0000,1.0000,1.0000,"Model guard: inference failed or model unavailable",-103.29,0,0.0588,1.0000,0.00,0.0000
419,53632.00,53760.00,0.5000,0,"Model unavailable (Mandatory non-CPU acceleration requested, but only CPU NNAPI devices available (nnapi-reference))",0,PRESERVE,1.0000,1.0000,1.0000,"Model guard: inference failed or model unavailable",-120.00,0,0.0441,1.0000,0.50,0.0000
420,53760.00,53888.00,0.5000,0,"Model unavailable (Mandatory non-CPU acceleration requested, but only CPU NNAPI devices available (nnapi-reference))",0,PRESERVE,1.0000,1.0000,1.0000,"Model guard: inference failed or model unavailable",-120.00,0,0.0844,1.0000,1.00,0.0000
421,53888.00,54016.00,0.5000,0,"Model unavailable (Mandatory non-CPU acceleration requested, but only CPU NNAPI devices available (nnapi-reference))",0,PRESERVE,1.0000,1.0000,1.0000,"Model guard: inference failed or model unavailable",-120.00,0,0.2964,1.0000,1.50,0.0000
422,54016.00,54144.00,0.5000,0,"Model unavailable (Mandatory non-CPU acceleration requested, but only CPU NNAPI devices available (nnapi-reference))",0,PRESERVE,1.0000,1.0000,1.0000,"Model guard: inference failed or model unavailable",-120.00,0,0.2504,1.0000,2.00,0.0000
423,54144.00,54272.00,0.5000,0,"Model unavailable (Mandatory non-CPU acceleration requested, but only CPU NNAPI devices available (nnapi-reference))",0,PRESERVE,1.0000,1.0000,1.0000,"Model guard: inference failed or model unavailable",-120.00,0,0.1981,1.0000,0.00,0.0000
424,54272.00,54400.00,0.5000,0,"Model unavailable (Mandatory non-CPU acceleration requested, but only CPU NNAPI devices available (nnapi-reference))",0,PRESERVE,1.0000,1.0000,1.0000,"Model guard: inference failed or model unavailable",-120.00,0,0.1055,1.0000,0.50,0.0000
425,54400.00,54528.00,0.5000,0,"Model unavailable (Mandatory non-CPU acceleration requested, but only CPU NNAPI devices available (nnapi-reference))",0,PRESERVE,1.0000,1.0000,1.0000,"Model guard: inference failed or model unavailable",-120.00,0,0.4940,1.0000,1.00,0.0000
426,54528.00,54656.00,0.5000,0,"Model unavailable (Mandatory non-CPU acceleration requested, but only CPU NNAPI devices available (nnapi-reference))",0,PRESERVE,1.0000,1.0000,1.0000,"Model guard: inference failed or model unavailable",-120.00,0,0.4600,1.0000,1.50,0.0000
427,54656.00,54784.00,0.5000,0,"Model unavailable (Mandatory non-CPU acceleration requested, but only CPU NNAPI devices available (nnapi-reference))",0,PRESERVE,1.0000,1.0000,1.0000,"Model guard: inference failed or model unavailable",-120.00,0,1.0526,0.9737,2.00,0.0000
428,54784.00,54912.00,0.5000,0,"Model unavailable (Mandatory non-CPU acceleration requested, but only CPU NNAPI devices available (nnapi-reference))",0,PRESERVE,1.0000,1.0000,1.0000,"Model guard: inference failed or model unavailable",-120.00,0,1.0207,0.9896,0.00,0.0000
429,54912.00,55040.00,0.5000,0,"Model unavailable (Mandatory non-CPU acceleration requested, but only CPU NNAPI devices available (nnapi-reference))",0,PRESERVE,1.0000,1.0000,1.0000,"Model guard: inference failed or model unavailable",-120.00,0,1.1725,0.9137,0.50,0.0000
430,55040.00,55168.00,0.5000,0,"Model unavailable (Mandatory non-CPU acceleration requested, but only CPU NNAPI devices available (nnapi-reference))",0,PRESERVE,1.0000,1.0000,1.0000,"Model guard: inference failed or model unavailable",-120.00,0,0.7174,1.0000,1.00,0.0000
431,55168.00,55296.00,0.5000,0,"Model unavailable (Mandatory non-CPU acceleration requested, but only CPU NNAPI devices available (nnapi-reference))",0,PRESERVE,1.0000,1.0000,1.0000,"Model guard: inference failed or model unavailable",-120.00,0,0.2785,1.0000,1.50,0.0000
432,55296.00,55424.00,0.5000,0,"Model unavailable (Mandatory non-CPU acceleration requested, but only CPU NNAPI devices available (nnapi-reference))",0,PRESERVE,1.0000,1.0000,1.0000,"Model guard: inference failed or model unavailable",-120.00,0,0.5494,1.0000,2.00,0.0000
433,55424.00,55552.00,0.5000,0,"Model unavailable (Mandatory non-CPU acceleration requested, but only CPU NNAPI devices available (nnapi-reference))",0,PRESERVE,1.0000,1.0000,1.0000,"Model guard: inference failed or model unavailable",-120.00,0,0.2017,1.0000,0.00,0.0000
434,55552.00,55680.00,0.5000,0,"Model unavailable (Mandatory non-CPU acceleration requested, but only CPU NNAPI devices available (nnapi-reference))",0,PRESERVE,1.0000,1.0000,1.0000,"Model guard: inference failed or model unavailable",-120.00,0,0.1178,1.0000,0.50,0.0000
435,55680.00,55808.00,0.5000,0,"Model unavailable (Mandatory non-CPU acceleration requested, but only CPU NNAPI devices available (nnapi-reference))",0,PRESERVE,1.0000,1.0000,1.0000,"Model guard: inference failed or model unavailable",-120.00,0,0.0712,1.0000,1.00,0.0000
436,55808.00,55936.00,0.5000,0,"Model unavailable (Mandatory non-CPU acceleration requested, but only CPU NNAPI devices available (nnapi-reference))",0,PRESERVE,1.0000,1.0000,1.0000,"Model guard: inference failed or model unavailable",-120.00,0,0.4336,1.0000,1.50,0.0000
437,55936.00,56064.00,0.5000,0,"Model unavailable (Mandatory non-CPU acceleration requested, but only CPU NNAPI devices available (nnapi-reference))",0,PRESERVE,1.0000,1.0000,1.0000,"Model guard: inference failed or model unavailable",-120.00,0,0.3994,1.0000,2.00,0.0000
438,56064.00,56192.00,0.5000,0,"Model unavailable (Mandatory non-CPU acceleration requested, but only CPU NNAPI devices available (nnapi-reference))",0,PRESERVE,1.0000,1.0000,1.0000,"Model guard: inference failed or model unavailable",-120.00,0,0.1020,1.0000,0.00,0.0000
439,56192.00,56320.00,0.5000,0,"Model unavailable (Mandatory non-CPU acceleration requested, but only CPU NNAPI devices available (nnapi-reference))",0,PRESERVE,1.0000,1.0000,1.0000,"Model guard: inference failed or model unavailable",-120.00,0,0.4261,1.0000,0.50,0.0000
440,56320.00,56448.00,0.5000,0,"Model unavailable (Mandatory non-CPU acceleration requested, but only CPU NNAPI devices available (nnapi-reference))",0,PRESERVE,1.0000,1.0000,1.0000,"Model guard: inference failed or model unavailable",-120.00,0,0.4393,1.0000,1.00,0.0000
441,56448.00,56576.00,0.5000,0,"Model unavailable (Mandatory non-CPU acceleration requested, but only CPU NNAPI devices available (nnapi-reference))",0,PRESERVE,1.0000,1.0000,1.0000,"Model guard: inference failed or model unavailable",-120.00,0,0.5413,1.0000,1.50,0.0000
442,56576.00,56704.00,0.5000,0,"Model unavailable (Mandatory non-CPU acceleration requested, but only CPU NNAPI devices available (nnapi-reference))",0,PRESERVE,1.0000,1.0000,1.0000,"Model guard: inference failed or model unavailable",-120.00,0,0.8015,1.0000,2.00,0.0000
443,56704.00,56832.00,0.5000,0,"Model unavailable (Mandatory non-CPU acceleration requested, but only CPU NNAPI devices available (nnapi-reference))",0,PRESERVE,1.0000,1.0000,1.0000,"Model guard: inference failed or model unavailable",-120.00,0,0.2419,1.0000,0.00,0.0000
444,56832.00,56960.00,0.5000,0,"Model unavailable (Mandatory non-CPU acceleration requested, but only CPU NNAPI devices available (nnapi-reference))",0,PRESERVE,1.0000,1.0000,1.0000,"Model guard: inference failed or model unavailable",-120.00,0,0.0303,1.0000,0.50,0.0000
445,56960.00,57088.00,0.5000,0,"Model unavailable (Mandatory non-CPU acceleration requested, but only CPU NNAPI devices available (nnapi-reference))",0,PRESERVE,1.0000,1.0000,1.0000,"Model guard: inference failed or model unavailable",-120.00,0,0.0736,1.0000,1.00,0.0000
446,57088.00,57216.00,0.5000,0,"Model unavailable (Mandatory non-CPU acceleration requested, but only CPU NNAPI devices available (nnapi-reference))",0,PRESERVE,1.0000,1.0000,1.0000,"Model guard: inference failed or model unavailable",-120.00,0,0.2121,1.0000,1.50,0.0000
447,57216.00,57344.00,0.5000,0,"Model unavailable (Mandatory non-CPU acceleration requested, but only CPU NNAPI devices available (nnapi-reference))",0,PRESERVE,1.0000,1.0000,1.0000,"Model guard: inference failed or model unavailable",-120.00,0,0.7454,1.0000,2.00,0.0000
448,57344.00,57472.00,0.5000,0,"Model unavailable (Mandatory non-CPU acceleration requested, but only CPU NNAPI devices available (nnapi-reference))",0,PRESERVE,1.0000,1.0000,1.0000,"Model guard: inference failed or model unavailable",-120.00,0,0.4202,1.0000,0.00,0.0000
449,57472.00,57600.00,0.5000,0,"Model unavailable (Mandatory non-CPU acceleration requested, but only CPU NNAPI devices available (nnapi-reference))",0,PRESERVE,1.0000,1.0000,1.0000,"Model guard: inference failed or model unavailable",-120.00,0,0.0542,1.0000,0.50,0.0000
450,57600.00,57728.00,0.5000,0,"Model unavailable (Mandatory non-CPU acceleration requested, but only CPU NNAPI devices available (nnapi-reference))",0,PRESERVE,1.0000,1.0000,1.0000,"Model guard: inference failed or model unavailable",-120.00,0,0.4876,1.0000,1.00,0.0000
451,57728.00,57856.00,0.5000,0,"Model unavailable (Mandatory non-CPU acceleration requested, but only CPU NNAPI devices available (nnapi-reference))",0,PRESERVE,1.0000,1.0000,1.0000,"Model guard: inference failed or model unavailable",-120.00,0,0.2869,1.0000,1.50,0.0000
452,57856.00,57984.00,0.5000,0,"Model unavailable (Mandatory non-CPU acceleration requested, but only CPU NNAPI devices available (nnapi-reference))",0,PRESERVE,1.0000,1.0000,1.0000,"Model guard: inference failed or model unavailable",-120.00,0,0.1335,1.0000,2.00,0.0000
453,57984.00,58112.00,0.5000,0,"Model unavailable (Mandatory non-CPU acceleration requested, but only CPU NNAPI devices available (nnapi-reference))",0,PRESERVE,1.0000,1.0000,1.0000,"Model guard: inference failed or model unavailable",-120.00,0,0.1244,1.0000,0.00,0.0000
454,58112.00,58240.00,0.5000,0,"Model unavailable (Mandatory non-CPU acceleration requested, but only CPU NNAPI devices available (nnapi-reference))",0,PRESERVE,1.0000,1.0000,1.0000,"Model guard: inference failed or model unavailable",-120.00,0,0.0472,1.0000,0.50,0.0000
455,58240.00,58368.00,0.5000,0,"Model unavailable (Mandatory non-CPU acceleration requested, but only CPU NNAPI devices available (nnapi-reference))",0,PRESERVE,1.0000,1.0000,1.0000,"Model guard: inference failed or model unavailable",-120.00,0,0.0451,1.0000,1.00,0.0000
456,58368.00,58496.00,0.5000,0,"Model unavailable (Mandatory non-CPU acceleration requested, but only CPU NNAPI devices available (nnapi-reference))",0,PRESERVE,1.0000,1.0000,1.0000,"Model guard: inference failed or model unavailable",-120.00,0,0.0171,1.0000,1.50,0.0000
457,58496.00,58624.00,0.5000,0,"Model unavailable (Mandatory non-CPU acceleration requested, but only CPU NNAPI devices available (nnapi-reference))",0,PRESERVE,1.0000,1.0000,1.0000,"Model guard: inference failed or model unavailable",-120.00,0,0.0321,1.0000,2.00,0.0000
458,58624.00,58752.00,0.5000,0,"Model unavailable (Mandatory non-CPU acceleration requested, but only CPU NNAPI devices available (nnapi-reference))",0,PRESERVE,1.0000,1.0000,1.0000,"Model guard: inference failed or model unavailable",-120.00,0,0.0138,1.0000,0.00,0.0000
459,58752.00,58880.00,0.5000,0,"Model unavailable (Mandatory non-CPU acceleration requested, but only CPU NNAPI devices available (nnapi-reference))",0,PRESERVE,1.0000,1.0000,1.0000,"Model guard: inference failed or model unavailable",-120.00,0,0.1357,1.0000,0.50,0.0000
460,58880.00,59008.00,0.5000,0,"Model unavailable (Mandatory non-CPU acceleration requested, but only CPU NNAPI devices available (nnapi-reference))",0,PRESERVE,1.0000,1.0000,1.0000,"Model guard: inference failed or model unavailable",-120.00,0,0.1061,1.0000,1.00,0.0000
461,59008.00,59136.00,0.5000,0,"Model unavailable (Mandatory non-CPU acceleration requested, but only CPU NNAPI devices available (nnapi-reference))",0,PRESERVE,1.0000,1.0000,1.0000,"Model guard: inference failed or model unavailable",-120.00,0,0.0950,1.0000,1.50,0.0000
462,59136.00,59264.00,0.5000,0,"Model unavailable (Mandatory non-CPU acceleration requested, but only CPU NNAPI devices available (nnapi-reference))",0,PRESERVE,1.0000,1.0000,1.0000,"Model guard: inference failed or model unavailable",-120.00,0,0.0872,1.0000,2.00,0.0000
463,59264.00,59392.00,0.5000,0,"Model unavailable (Mandatory non-CPU acceleration requested, but only CPU NNAPI devices available (nnapi-reference))",0,PRESERVE,1.0000,1.0000,1.0000,"Model guard: inference failed or model unavailable",-120.00,0,0.0351,1.0000,0.00,0.0000
464,59392.00,59520.00,0.5000,0,"Model unavailable (Mandatory non-CPU acceleration requested, but only CPU NNAPI devices available (nnapi-reference))",0,PRESERVE,1.0000,1.0000,1.0000,"Acoustic guard: audible speech detected in microphone",-49.22,0,0.4143,1.0000,0.50,0.0000
465,59520.00,59648.00,0.5000,0,"Model unavailable (Mandatory non-CPU acceleration requested, but only CPU NNAPI devices available (nnapi-reference))",0,PRESERVE,1.0000,1.0000,1.0000,"Model guard: inference failed or model unavailable",-120.00,0,0.5497,1.0000,1.00,0.0000
466,59648.00,59776.00,0.5000,0,"Model unavailable (Mandatory non-CPU acceleration requested, but only CPU NNAPI devices available (nnapi-reference))",0,PRESERVE,1.0000,1.0000,1.0000,"Model guard: inference failed or model unavailable",-120.00,0,0.1375,1.0000,1.50,0.0000
467,59776.00,59904.00,0.5000,0,"Model unavailable (Mandatory non-CPU acceleration requested, but only CPU NNAPI devices available (nnapi-reference))",0,PRESERVE,1.0000,1.0000,1.0000,"Model guard: inference failed or model unavailable",-120.00,0,0.1940,1.0000,2.00,0.0000
468,59904.00,60032.00,0.5000,0,"Model unavailable (Mandatory non-CPU acceleration requested, but only CPU NNAPI devices available (nnapi-reference))",0,PRESERVE,1.0000,1.0000,1.0000,"Model guard: inference failed or model unavailable",-120.00,0,0.1154,1.0000,0.00,0.0000
469,60032.00,60160.00,0.5000,0,"Model unavailable (Mandatory non-CPU acceleration requested, but only CPU NNAPI devices available (nnapi-reference))",0,PRESERVE,1.0000,1.0000,1.0000,"Model guard: inference failed or model unavailable",-117.40,0,0.2477,1.0000,0.50,0.0000
470,60160.00,60288.00,0.5000,0,"Model unavailable (Mandatory non-CPU acceleration requested, but only CPU NNAPI devices available (nnapi-reference))",0,PRESERVE,1.0000,1.0000,1.0000,"Model guard: inference failed or model unavailable",-120.00,0,0.2471,1.0000,1.00,0.0000
471,60288.00,60416.00,0.5000,0,"Model unavailable (Mandatory non-CPU acceleration requested, but only CPU NNAPI devices available (nnapi-reference))",0,PRESERVE,1.0000,1.0000,1.0000,"Model guard: inference failed or model unavailable",-120.00,0,0.2092,1.0000,1.50,0.0000
472,60416.00,60544.00,0.5000,0,"Model unavailable (Mandatory non-CPU acceleration requested, but only CPU NNAPI devices available (nnapi-reference))",0,PRESERVE,1.0000,1.0000,1.0000,"Model guard: inference failed or model unavailable",-120.00,0,0.1401,1.0000,2.00,0.0000
473,60544.00,60672.00,0.5000,0,"Model unavailable (Mandatory non-CPU acceleration requested, but only CPU NNAPI devices available (nnapi-reference))",0,PRESERVE,1.0000,1.0000,1.0000,"Model guard: inference failed or model unavailable",-120.00,0,0.2225,1.0000,0.00,0.0000
474,60672.00,60800.00,0.5000,0,"Model unavailable (Mandatory non-CPU acceleration requested, but only CPU NNAPI devices available (nnapi-reference))",0,PRESERVE,1.0000,1.0000,1.0000,"Model guard: inference failed or model unavailable",-120.00,0,0.4244,1.0000,0.50,0.0000
475,60800.00,60928.00,0.5000,0,"Model unavailable (Mandatory non-CPU acceleration requested, but only CPU NNAPI devices available (nnapi-reference))",0,PRESERVE,1.0000,1.0000,1.0000,"Model guard: inference failed or model unavailable",-120.00,0,0.0969,1.0000,1.00,0.0000
476,60928.00,61056.00,0.5000,0,"Model unavailable (Mandatory non-CPU acceleration requested, but only CPU NNAPI devices available (nnapi-reference))",0,PRESERVE,1.0000,1.0000,1.0000,"Model guard: inference failed or model unavailable",-120.00,0,0.0686,1.0000,1.50,0.0000
477,61056.00,61184.00,0.5000,0,"Model unavailable (Mandatory non-CPU acceleration requested, but only CPU NNAPI devices available (nnapi-reference))",0,PRESERVE,1.0000,1.0000,1.0000,"Model guard: inference failed or model unavailable",-120.00,0,0.1460,1.0000,2.00,0.0000
478,61184.00,61312.00,0.5000,0,"Model unavailable (Mandatory non-CPU acceleration requested, but only CPU NNAPI devices available (nnapi-reference))",0,PRESERVE,1.0000,1.0000,1.0000,"Model guard: inference failed or model unavailable",-120.00,0,0.2468,1.0000,0.00,0.0000
479,61312.00,61440.00,0.5000,0,"Model unavailable (Mandatory non-CPU acceleration requested, but only CPU NNAPI devices available (nnapi-reference))",0,PRESERVE,1.0000,1.0000,1.0000,"Model guard: inference failed or model unavailable",-120.00,0,0.5776,1.0000,0.50,0.0000
480,61440.00,61568.00,0.5000,0,"Model unavailable (Mandatory non-CPU acceleration requested, but only CPU NNAPI devices available (nnapi-reference))",0,PRESERVE,1.0000,1.0000,1.0000,"Model guard: inference failed or model unavailable",-120.00,0,0.0725,1.0000,1.00,0.0000
481,61568.00,61696.00,0.5000,0,"Model unavailable (Mandatory non-CPU acceleration requested, but only CPU NNAPI devices available (nnapi-reference))",0,PRESERVE,1.0000,1.0000,1.0000,"Model guard: inference failed or model unavailable",-120.00,0,0.2092,1.0000,1.50,0.0000
482,61696.00,61824.00,0.5000,0,"Model unavailable (Mandatory non-CPU acceleration requested, but only CPU NNAPI devices available (nnapi-reference))",0,PRESERVE,1.0000,1.0000,1.0000,"Model guard: inference failed or model unavailable",-120.00,0,0.2392,1.0000,2.00,0.0000
483,61824.00,61952.00,0.5000,0,"Model unavailable (Mandatory non-CPU acceleration requested, but only CPU NNAPI devices available (nnapi-reference))",0,PRESERVE,1.0000,1.0000,1.0000,"Model guard: inference failed or model unavailable",-120.00,0,0.6039,1.0000,0.00,0.0000
484,61952.00,62080.00,0.5000,0,"Model unavailable (Mandatory non-CPU acceleration requested, but only CPU NNAPI devices available (nnapi-reference))",0,PRESERVE,1.0000,1.0000,1.0000,"Model guard: inference failed or model unavailable",-120.00,0,0.1383,1.0000,0.50,0.0000
485,62080.00,62208.00,0.5000,0,"Model unavailable (Mandatory non-CPU acceleration requested, but only CPU NNAPI devices available (nnapi-reference))",0,PRESERVE,1.0000,1.0000,1.0000,"Model guard: inference failed or model unavailable",-120.00,0,0.3334,1.0000,1.00,0.0000
486,62208.00,62336.00,0.5000,0,"Model unavailable (Mandatory non-CPU acceleration requested, but only CPU NNAPI devices available (nnapi-reference))",0,PRESERVE,1.0000,1.0000,1.0000,"Model guard: inference failed or model unavailable",-120.00,0,0.1649,1.0000,1.50,0.0000
487,62336.00,62464.00,0.5000,0,"Model unavailable (Mandatory non-CPU acceleration requested, but only CPU NNAPI devices available (nnapi-reference))",0,PRESERVE,1.0000,1.0000,1.0000,"Model guard: inference failed or model unavailable",-120.00,0,0.2550,1.0000,2.00,0.0000
488,62464.00,62592.00,0.5000,0,"Model unavailable (Mandatory non-CPU acceleration requested, but only CPU NNAPI devices available (nnapi-reference))",0,PRESERVE,1.0000,1.0000,1.0000,"Model guard: inference failed or model unavailable",-120.00,0,0.8252,1.0000,0.00,0.0000
489,62592.00,62720.00,0.5000,0,"Model unavailable (Mandatory non-CPU acceleration requested, but only CPU NNAPI devices available (nnapi-reference))",0,PRESERVE,1.0000,1.0000,1.0000,"Model guard: inference failed or model unavailable",-120.00,0,0.3101,1.0000,0.50,0.0000
490,62720.00,62848.00,0.5000,0,"Model unavailable (Mandatory non-CPU acceleration requested, but only CPU NNAPI devices available (nnapi-reference))",0,PRESERVE,1.0000,1.0000,1.0000,"Model guard: inference failed or model unavailable",-120.00,0,0.1199,1.0000,1.00,0.0000
491,62848.00,62976.00,0.5000,0,"Model unavailable (Mandatory non-CPU acceleration requested, but only CPU NNAPI devices available (nnapi-reference))",0,PRESERVE,1.0000,1.0000,1.0000,"Model guard: inference failed or model unavailable",-120.00,0,0.2495,1.0000,1.50,0.0000
492,62976.00,63104.00,0.5000,0,"Model unavailable (Mandatory non-CPU acceleration requested, but only CPU NNAPI devices available (nnapi-reference))",0,PRESERVE,1.0000,1.0000,1.0000,"Model guard: inference failed or model unavailable",-120.00,0,0.4479,1.0000,2.00,0.0000
493,63104.00,63232.00,0.5000,0,"Model unavailable (Mandatory non-CPU acceleration requested, but only CPU NNAPI devices available (nnapi-reference))",0,PRESERVE,1.0000,1.0000,1.0000,"Model guard: inference failed or model unavailable",-120.00,0,0.2741,1.0000,0.00,0.0000
494,63232.00,63360.00,0.5000,0,"Model unavailable (Mandatory non-CPU acceleration requested, but only CPU NNAPI devices available (nnapi-reference))",0,PRESERVE,1.0000,1.0000,1.0000,"Model guard: inference failed or model unavailable",-120.00,0,0.0966,1.0000,0.50,0.0000
495,63360.00,63488.00,0.5000,0,"Model unavailable (Mandatory non-CPU acceleration requested, but only CPU NNAPI devices available (nnapi-reference))",0,PRESERVE,1.0000,1.0000,1.0000,"Model guard: inference failed or model unavailable",-120.00,0,0.0471,1.0000,1.00,0.0000
496,63488.00,63616.00,0.5000,0,"Model unavailable (Mandatory non-CPU acceleration requested, but only CPU NNAPI devices available (nnapi-reference))",0,PRESERVE,1.0000,1.0000,1.0000,"Model guard: inference failed or model unavailable",-120.00,0,0.5913,1.0000,1.50,0.0000
497,63616.00,63744.00,0.5000,0,"Model unavailable (Mandatory non-CPU acceleration requested, but only CPU NNAPI devices available (nnapi-reference))",0,PRESERVE,1.0000,1.0000,1.0000,"Model guard: inference failed or model unavailable",-120.00,0,0.2385,1.0000,2.00,0.0000
498,63744.00,63872.00,0.5000,0,"Model unavailable (Mandatory non-CPU acceleration requested, but only CPU NNAPI devices available (nnapi-reference))",0,PRESERVE,1.0000,1.0000,1.0000,"Model guard: inference failed or model unavailable",-120.00,0,0.3496,1.0000,0.00,0.0000
499,63872.00,64000.00,0.5000,0,"Model unavailable (Mandatory non-CPU acceleration requested, but only CPU NNAPI devices available (nnapi-reference))",0,PRESERVE,1.0000,1.0000,1.0000,"Model guard: inference failed or model unavailable",-120.00,0,0.1656,1.0000,0.50,0.0000
500,64000.00,64128.00,0.5000,0,"Model unavailable (Mandatory non-CPU acceleration requested, but only CPU NNAPI devices available (nnapi-reference))",0,PRESERVE,1.0000,1.0000,1.0000,"Model guard: inference failed or model unavailable",-120.00,0,0.1964,1.0000,1.00,0.0000
501,64128.00,64256.00,0.5000,0,"Model unavailable (Mandatory non-CPU acceleration requested, but only CPU NNAPI devices available (nnapi-reference))",0,PRESERVE,1.0000,1.0000,1.0000,"Model guard: inference failed or model unavailable",-120.00,0,0.4578,1.0000,1.50,0.0000
502,64256.00,64384.00,0.5000,0,"Model unavailable (Mandatory non-CPU acceleration requested, but only CPU NNAPI devices available (nnapi-reference))",0,PRESERVE,1.0000,1.0000,1.0000,"Model guard: inference failed or model unavailable",-120.00,0,0.2246,1.0000,2.00,0.0000
503,64384.00,64512.00,0.5000,0,"Model unavailable (Mandatory non-CPU acceleration requested, but only CPU NNAPI devices available (nnapi-reference))",0,PRESERVE,1.0000,1.0000,1.0000,"Model guard: inference failed or model unavailable",-120.00,0,0.1571,1.0000,0.00,0.0000
504,64512.00,64640.00,0.5000,0,"Model unavailable (Mandatory non-CPU acceleration requested, but only CPU NNAPI devices available (nnapi-reference))",0,PRESERVE,1.0000,1.0000,1.0000,"Model guard: inference failed or model unavailable",-120.00,0,0.1349,1.0000,0.50,0.0000
505,64640.00,64768.00,0.5000,0,"Model unavailable (Mandatory non-CPU acceleration requested, but only CPU NNAPI devices available (nnapi-reference))",0,PRESERVE,1.0000,1.0000,1.0000,"Model guard: inference failed or model unavailable",-120.00,0,0.5729,1.0000,1.00,0.0000
506,64768.00,64896.00,0.5000,0,"Model unavailable (Mandatory non-CPU acceleration requested, but only CPU NNAPI devices available (nnapi-reference))",0,PRESERVE,1.0000,1.0000,1.0000,"Model guard: inference failed or model unavailable",-120.00,0,0.5415,1.0000,1.50,0.0000
507,64896.00,65024.00,0.5000,0,"Model unavailable (Mandatory non-CPU acceleration requested, but only CPU NNAPI devices available (nnapi-reference))",0,PRESERVE,1.0000,1.0000,1.0000,"Model guard: inference failed or model unavailable",-120.00,0,0.1783,1.0000,2.00,0.0000
508,65024.00,65152.00,0.5000,0,"Model unavailable (Mandatory non-CPU acceleration requested, but only CPU NNAPI devices available (nnapi-reference))",0,PRESERVE,1.0000,1.0000,1.0000,"Model guard: inference failed or model unavailable",-120.00,0,0.0450,1.0000,0.00,0.0000
509,65152.00,65280.00,0.5000,0,"Model unavailable (Mandatory non-CPU acceleration requested, but only CPU NNAPI devices available (nnapi-reference))",0,PRESERVE,1.0000,1.0000,1.0000,"Model guard: inference failed or model unavailable",-120.00,0,0.0619,1.0000,0.50,0.0000
510,65280.00,65408.00,0.5000,0,"Model unavailable (Mandatory non-CPU acceleration requested, but only CPU NNAPI devices available (nnapi-reference))",0,PRESERVE,1.0000,1.0000,1.0000,"Model guard: inference failed or model unavailable",-120.00,0,0.0847,1.0000,1.00,0.0000
511,65408.00,65536.00,0.5000,0,"Model unavailable (Mandatory non-CPU acceleration requested, but only CPU NNAPI devices available (nnapi-reference))",0,PRESERVE,1.0000,1.0000,1.0000,"Model guard: inference failed or model unavailable",-120.00,0,0.3699,1.0000,1.50,0.0000
512,65536.00,65664.00,0.5000,0,"Model unavailable (Mandatory non-CPU acceleration requested, but only CPU NNAPI devices available (nnapi-reference))",0,PRESERVE,1.0000,1.0000,1.0000,"Model guard: inference failed or model unavailable",-120.00,0,0.4200,1.0000,2.00,0.0000
513,65664.00,65792.00,0.5000,0,"Model unavailable (Mandatory non-CPU acceleration requested, but only CPU NNAPI devices available (nnapi-reference))",0,PRESERVE,1.0000,1.0000,1.0000,"Model guard: inference failed or model unavailable",-120.00,0,0.0890,1.0000,0.00,0.0000
514,65792.00,65920.00,0.5000,0,"Model unavailable (Mandatory non-CPU acceleration requested, but only CPU NNAPI devices available (nnapi-reference))",0,PRESERVE,1.0000,1.0000,1.0000,"Model guard: inference failed or model unavailable",-120.00,0,0.1798,1.0000,0.50,0.0000
515,65920.00,66048.00,0.5000,0,"Model unavailable (Mandatory non-CPU acceleration requested, but only CPU NNAPI devices available (nnapi-reference))",0,PRESERVE,1.0000,1.0000,1.0000,"Model guard: inference failed or model unavailable",-120.00,0,0.0980,1.0000,1.00,0.0000
516,66048.00,66176.00,0.5000,0,"Model unavailable (Mandatory non-CPU acceleration requested, but only CPU NNAPI devices available (nnapi-reference))",0,PRESERVE,1.0000,1.0000,1.0000,"Model guard: inference failed or model unavailable",-120.00,0,0.0906,1.0000,1.50,0.0000
517,66176.00,66304.00,0.5000,0,"Model unavailable (Mandatory non-CPU acceleration requested, but only CPU NNAPI devices available (nnapi-reference))",0,PRESERVE,1.0000,1.0000,1.0000,"Model guard: inference failed or model unavailable",-120.00,0,0.4295,1.0000,2.00,0.0000
518,66304.00,66432.00,0.5000,0,"Model unavailable (Mandatory non-CPU acceleration requested, but only CPU NNAPI devices available (nnapi-reference))",0,PRESERVE,1.0000,1.0000,1.0000,"Model guard: inference failed or model unavailable",-120.00,0,0.1958,1.0000,0.00,0.0000
519,66432.00,66560.00,0.5000,0,"Model unavailable (Mandatory non-CPU acceleration requested, but only CPU NNAPI devices available (nnapi-reference))",0,PRESERVE,1.0000,1.0000,1.0000,"Model guard: inference failed or model unavailable",-120.00,0,0.0204,1.0000,0.50,0.0000
520,66560.00,66688.00,0.5000,0,"Model unavailable (Mandatory non-CPU acceleration requested, but only CPU NNAPI devices available (nnapi-reference))",0,PRESERVE,1.0000,1.0000,1.0000,"Model guard: inference failed or model unavailable",-120.00,0,0.1806,1.0000,1.00,0.0000
521,66688.00,66816.00,0.5000,0,"Model unavailable (Mandatory non-CPU acceleration requested, but only CPU NNAPI devices available (nnapi-reference))",0,PRESERVE,1.0000,1.0000,1.0000,"Model guard: inference failed or model unavailable",-120.00,0,0.2661,1.0000,1.50,0.0000
522,66816.00,66944.00,0.5000,0,"Model unavailable (Mandatory non-CPU acceleration requested, but only CPU NNAPI devices available (nnapi-reference))",0,PRESERVE,1.0000,1.0000,1.0000,"Model guard: inference failed or model unavailable",-120.00,0,0.1505,1.0000,2.00,0.0000
523,66944.00,67072.00,0.5000,0,"Model unavailable (Mandatory non-CPU acceleration requested, but only CPU NNAPI devices available (nnapi-reference))",0,PRESERVE,1.0000,1.0000,1.0000,"Model guard: inference failed or model unavailable",-120.00,0,0.0312,1.0000,0.00,0.0000
524,67072.00,67200.00,0.5000,0,"Model unavailable (Mandatory non-CPU acceleration requested, but only CPU NNAPI devices available (nnapi-reference))",0,PRESERVE,1.0000,1.0000,1.0000,"Model guard: inference failed or model unavailable",-120.00,0,0.0806,1.0000,0.50,0.0000
525,67200.00,67328.00,0.5000,0,"Model unavailable (Mandatory non-CPU acceleration requested, but only CPU NNAPI devices available (nnapi-reference))",0,PRESERVE,1.0000,1.0000,1.0000,"Model guard: inference failed or model unavailable",-120.00,0,0.0517,1.0000,1.00,0.0000
526,67328.00,67456.00,0.5000,0,"Model unavailable (Mandatory non-CPU acceleration requested, but only CPU NNAPI devices available (nnapi-reference))",0,PRESERVE,1.0000,1.0000,1.0000,"Model guard: inference failed or model unavailable",-120.00,0,0.0913,1.0000,1.50,0.0000
527,67456.00,67584.00,0.5000,0,"Model unavailable (Mandatory non-CPU acceleration requested, but only CPU NNAPI devices available (nnapi-reference))",0,PRESERVE,1.0000,1.0000,1.0000,"Model guard: inference failed or model unavailable",-120.00,0,0.0786,1.0000,2.00,0.0000
528,67584.00,67712.00,0.5000,0,"Model unavailable (Mandatory non-CPU acceleration requested, but only CPU NNAPI devices available (nnapi-reference))",0,PRESERVE,1.0000,1.0000,1.0000,"Model guard: inference failed or model unavailable",-120.00,0,0.1035,1.0000,0.00,0.0000
529,67712.00,67840.00,0.5000,0,"Model unavailable (Mandatory non-CPU acceleration requested, but only CPU NNAPI devices available (nnapi-reference))",0,PRESERVE,1.0000,1.0000,1.0000,"Model guard: inference failed or model unavailable",-120.00,0,0.1331,1.0000,0.50,0.0000
530,67840.00,67968.00,0.5000,0,"Model unavailable (Mandatory non-CPU acceleration requested, but only CPU NNAPI devices available (nnapi-reference))",0,PRESERVE,1.0000,1.0000,1.0000,"Model guard: inference failed or model unavailable",-120.00,0,0.0923,1.0000,1.00,0.0000
531,67968.00,68096.00,0.5000,0,"Model unavailable (Mandatory non-CPU acceleration requested, but only CPU NNAPI devices available (nnapi-reference))",0,PRESERVE,1.0000,1.0000,1.0000,"Model guard: inference failed or model unavailable",-120.00,0,0.2095,1.0000,1.50,0.0000
532,68096.00,68224.00,0.5000,0,"Model unavailable (Mandatory non-CPU acceleration requested, but only CPU NNAPI devices available (nnapi-reference))",0,PRESERVE,1.0000,1.0000,1.0000,"Model guard: inference failed or model unavailable",-120.00,0,0.0576,1.0000,2.00,0.0000
533,68224.00,68352.00,0.5000,0,"Model unavailable (Mandatory non-CPU acceleration requested, but only CPU NNAPI devices available (nnapi-reference))",0,PRESERVE,1.0000,1.0000,1.0000,"Model guard: inference failed or model unavailable",-120.00,0,0.1265,1.0000,0.00,0.0000
534,68352.00,68480.00,0.5000,0,"Model unavailable (Mandatory non-CPU acceleration requested, but only CPU NNAPI devices available (nnapi-reference))",0,PRESERVE,1.0000,1.0000,1.0000,"Model guard: inference failed or model unavailable",-120.00,0,0.4321,1.0000,0.50,0.0000
535,68480.00,68608.00,0.5000,0,"Model unavailable (Mandatory non-CPU acceleration requested, but only CPU NNAPI devices available (nnapi-reference))",0,PRESERVE,1.0000,1.0000,1.0000,"Model guard: inference failed or model unavailable",-120.00,0,0.6607,1.0000,1.00,0.0000
536,68608.00,68736.00,0.5000,0,"Model unavailable (Mandatory non-CPU acceleration requested, but only CPU NNAPI devices available (nnapi-reference))",0,PRESERVE,1.0000,1.0000,1.0000,"Model guard: inference failed or model unavailable",-120.00,0,0.3727,1.0000,1.50,0.0000
537,68736.00,68864.00,0.5000,0,"Model unavailable (Mandatory non-CPU acceleration requested, but only CPU NNAPI devices available (nnapi-reference))",0,PRESERVE,1.0000,1.0000,1.0000,"Model guard: inference failed or model unavailable",-120.00,0,0.7043,1.0000,2.00,0.0000
538,68864.00,68992.00,0.5000,0,"Model unavailable (Mandatory non-CPU acceleration requested, but only CPU NNAPI devices available (nnapi-reference))",0,PRESERVE,1.0000,1.0000,1.0000,"Model guard: inference failed or model unavailable",-120.00,0,0.5045,1.0000,0.00,0.0000
539,68992.00,69120.00,0.5000,0,"Model unavailable (Mandatory non-CPU acceleration requested, but only CPU NNAPI devices available (nnapi-reference))",0,PRESERVE,1.0000,1.0000,1.0000,"Model guard: inference failed or model unavailable",-120.00,0,0.1404,1.0000,0.50,0.0000
540,69120.00,69248.00,0.5000,0,"Model unavailable (Mandatory non-CPU acceleration requested, but only CPU NNAPI devices available (nnapi-reference))",0,PRESERVE,1.0000,1.0000,1.0000,"Model guard: inference failed or model unavailable",-120.00,0,0.0728,1.0000,1.00,0.0000
541,69248.00,69376.00,0.5000,0,"Model unavailable (Mandatory non-CPU acceleration requested, but only CPU NNAPI devices available (nnapi-reference))",0,PRESERVE,1.0000,1.0000,1.0000,"Model guard: inference failed or model unavailable",-120.00,0,0.0774,1.0000,1.50,0.0000
542,69376.00,69504.00,0.5000,0,"Model unavailable (Mandatory non-CPU acceleration requested, but only CPU NNAPI devices available (nnapi-reference))",0,PRESERVE,1.0000,1.0000,1.0000,"Model guard: inference failed or model unavailable",-120.00,0,0.0853,1.0000,2.00,0.0000
543,69504.00,69632.00,0.5000,0,"Model unavailable (Mandatory non-CPU acceleration requested, but only CPU NNAPI devices available (nnapi-reference))",0,PRESERVE,1.0000,1.0000,1.0000,"Model guard: inference failed or model unavailable",-120.00,0,0.0620,1.0000,0.00,0.0000
544,69632.00,69760.00,0.5000,0,"Model unavailable (Mandatory non-CPU acceleration requested, but only CPU NNAPI devices available (nnapi-reference))",0,PRESERVE,1.0000,1.0000,1.0000,"Model guard: inference failed or model unavailable",-120.00,0,0.0383,1.0000,0.50,0.0000
545,69760.00,69888.00,0.5000,0,"Model unavailable (Mandatory non-CPU acceleration requested, but only CPU NNAPI devices available (nnapi-reference))",0,PRESERVE,1.0000,1.0000,1.0000,"Model guard: inference failed or model unavailable",-120.00,0,0.0673,1.0000,1.00,0.0000
546,69888.00,70016.00,0.5000,0,"Model unavailable (Mandatory non-CPU acceleration requested, but only CPU NNAPI devices available (nnapi-reference))",0,PRESERVE,1.0000,1.0000,1.0000,"Model guard: inference failed or model unavailable",-120.00,0,0.0466,1.0000,1.50,0.0000
547,70016.00,70144.00,0.5000,0,"Model unavailable (Mandatory non-CPU acceleration requested, but only CPU NNAPI devices available (nnapi-reference))",0,PRESERVE,1.0000,1.0000,1.0000,"Model guard: inference failed or model unavailable",-120.00,0,0.1127,1.0000,2.00,0.0000
548,70144.00,70272.00,0.5000,0,"Model unavailable (Mandatory non-CPU acceleration requested, but only CPU NNAPI devices available (nnapi-reference))",0,PRESERVE,1.0000,1.0000,1.0000,"Model guard: inference failed or model unavailable",-120.00,0,0.0264,1.0000,0.00,0.0000
549,70272.00,70400.00,0.5000,0,"Model unavailable (Mandatory non-CPU acceleration requested, but only CPU NNAPI devices available (nnapi-reference))",0,PRESERVE,1.0000,1.0000,1.0000,"Model guard: inference failed or model unavailable",-120.00,0,0.0457,1.0000,0.50,0.0000
550,70400.00,70528.00,0.5000,0,"Model unavailable (Mandatory non-CPU acceleration requested, but only CPU NNAPI devices available (nnapi-reference))",0,PRESERVE,1.0000,1.0000,1.0000,"Model guard: inference failed or model unavailable",-120.00,0,0.0351,1.0000,1.00,0.0000
551,70528.00,70656.00,0.5000,0,"Model unavailable (Mandatory non-CPU acceleration requested, but only CPU NNAPI devices available (nnapi-reference))",0,PRESERVE,1.0000,1.0000,1.0000,"Model guard: inference failed or model unavailable",-120.00,0,0.0684,1.0000,1.50,0.0000
552,70656.00,70784.00,0.5000,0,"Model unavailable (Mandatory non-CPU acceleration requested, but only CPU NNAPI devices available (nnapi-reference))",0,PRESERVE,1.0000,1.0000,1.0000,"Model guard: inference failed or model unavailable",-120.00,0,0.1548,1.0000,2.00,0.0000
553,70784.00,70912.00,0.5000,0,"Model unavailable (Mandatory non-CPU acceleration requested, but only CPU NNAPI devices available (nnapi-reference))",0,PRESERVE,1.0000,1.0000,1.0000,"Model guard: inference failed or model unavailable",-120.00,0,0.1408,1.0000,0.00,0.0000
554,70912.00,71040.00,0.5000,0,"Model unavailable (Mandatory non-CPU acceleration requested, but only CPU NNAPI devices available (nnapi-reference))",0,PRESERVE,1.0000,1.0000,1.0000,"Model guard: inference failed or model unavailable",-120.00,0,0.0827,1.0000,0.50,0.0000
555,71040.00,71168.00,0.5000,0,"Model unavailable (Mandatory non-CPU acceleration requested, but only CPU NNAPI devices available (nnapi-reference))",0,PRESERVE,1.0000,1.0000,1.0000,"Model guard: inference failed or model unavailable",-120.00,0,0.1441,1.0000,1.00,0.0000
556,71168.00,71296.00,0.5000,0,"Model unavailable (Mandatory non-CPU acceleration requested, but only CPU NNAPI devices available (nnapi-reference))",0,PRESERVE,1.0000,1.0000,1.0000,"Model guard: inference failed or model unavailable",-120.00,0,0.0449,1.0000,1.50,0.0000
557,71296.00,71424.00,0.5000,0,"Model unavailable (Mandatory non-CPU acceleration requested, but only CPU NNAPI devices available (nnapi-reference))",0,PRESERVE,1.0000,1.0000,1.0000,"Model guard: inference failed or model unavailable",-120.00,0,0.0994,1.0000,2.00,0.0000
558,71424.00,71552.00,0.5000,0,"Model unavailable (Mandatory non-CPU acceleration requested, but only CPU NNAPI devices available (nnapi-reference))",0,PRESERVE,1.0000,1.0000,1.0000,"Model guard: inference failed or model unavailable",-120.00,0,0.0580,1.0000,0.00,0.0000
559,71552.00,71680.00,0.5000,0,"Model unavailable (Mandatory non-CPU acceleration requested, but only CPU NNAPI devices available (nnapi-reference))",0,PRESERVE,1.0000,1.0000,1.0000,"Model guard: inference failed or model unavailable",-120.00,0,0.1166,1.0000,0.50,0.0000
560,71680.00,71808.00,0.5000,0,"Model unavailable (Mandatory non-CPU acceleration requested, but only CPU NNAPI devices available (nnapi-reference))",0,PRESERVE,1.0000,1.0000,1.0000,"Model guard: inference failed or model unavailable",-120.00,0,0.0966,1.0000,1.00,0.0000
561,71808.00,71936.00,0.5000,0,"Model unavailable (Mandatory non-CPU acceleration requested, but only CPU NNAPI devices available (nnapi-reference))",0,PRESERVE,1.0000,1.0000,1.0000,"Model guard: inference failed or model unavailable",-120.00,0,0.0529,1.0000,1.50,0.0000
562,71936.00,72064.00,0.5000,0,"Model unavailable (Mandatory non-CPU acceleration requested, but only CPU NNAPI devices available (nnapi-reference))",0,PRESERVE,1.0000,1.0000,1.0000,"Model guard: inference failed or model unavailable",-120.00,0,0.0583,1.0000,2.00,0.0000
563,72064.00,72192.00,0.5000,0,"Model unavailable (Mandatory non-CPU acceleration requested, but only CPU NNAPI devices available (nnapi-reference))",0,PRESERVE,1.0000,1.0000,1.0000,"Model guard: inference failed or model unavailable",-120.00,0,0.0391,1.0000,0.00,0.0000
564,72192.00,72320.00,0.5000,0,"Model unavailable (Mandatory non-CPU acceleration requested, but only CPU NNAPI devices available (nnapi-reference))",0,PRESERVE,1.0000,1.0000,1.0000,"Model guard: inference failed or model unavailable",-120.00,0,0.0307,1.0000,0.50,0.0000
565,72320.00,72448.00,0.5000,0,"Model unavailable (Mandatory non-CPU acceleration requested, but only CPU NNAPI devices available (nnapi-reference))",0,PRESERVE,1.0000,1.0000,1.0000,"Model guard: inference failed or model unavailable",-120.00,0,0.0077,1.0000,1.00,0.0000
566,72448.00,72576.00,0.5000,0,"Model unavailable (Mandatory non-CPU acceleration requested, but only CPU NNAPI devices available (nnapi-reference))",0,PRESERVE,1.0000,1.0000,1.0000,"Model guard: inference failed or model unavailable",-120.00,0,0.0691,1.0000,1.50,0.0000
567,72576.00,72704.00,0.5000,0,"Model unavailable (Mandatory non-CPU acceleration requested, but only CPU NNAPI devices available (nnapi-reference))",0,PRESERVE,1.0000,1.0000,1.0000,"Model guard: inference failed or model unavailable",-120.00,0,0.1197,1.0000,2.00,0.0000
568,72704.00,72832.00,0.5000,0,"Model unavailable (Mandatory non-CPU acceleration requested, but only CPU NNAPI devices available (nnapi-reference))",0,PRESERVE,1.0000,1.0000,1.0000,"Model guard: inference failed or model unavailable",-120.00,0,0.1077,1.0000,0.00,0.0000
569,72832.00,72960.00,0.5000,0,"Model unavailable (Mandatory non-CPU acceleration requested, but only CPU NNAPI devices available (nnapi-reference))",0,PRESERVE,1.0000,1.0000,1.0000,"Model guard: inference failed or model unavailable",-120.00,0,0.0601,1.0000,0.50,0.0000
570,72960.00,73088.00,0.5000,0,"Model unavailable (Mandatory non-CPU acceleration requested, but only CPU NNAPI devices available (nnapi-reference))",0,PRESERVE,1.0000,1.0000,1.0000,"Model guard: inference failed or model unavailable",-120.00,0,0.0233,1.0000,1.00,0.0000
571,73088.00,73216.00,0.5000,0,"Model unavailable (Mandatory non-CPU acceleration requested, but only CPU NNAPI devices available (nnapi-reference))",0,PRESERVE,1.0000,1.0000,1.0000,"Model guard: inference failed or model unavailable",-120.00,0,0.1297,1.0000,1.50,0.0000
572,73216.00,73344.00,0.5000,0,"Model unavailable (Mandatory non-CPU acceleration requested, but only CPU NNAPI devices available (nnapi-reference))",0,PRESERVE,1.0000,1.0000,1.0000,"Model guard: inference failed or model unavailable",-120.00,0,0.2125,1.0000,2.00,0.0000
573,73344.00,73472.00,0.5000,0,"Model unavailable (Mandatory non-CPU acceleration requested, but only CPU NNAPI devices available (nnapi-reference))",0,PRESERVE,1.0000,1.0000,1.0000,"Model guard: inference failed or model unavailable",-120.00,0,0.1853,1.0000,0.00,0.0000
574,73472.00,73600.00,0.5000,0,"Model unavailable (Mandatory non-CPU acceleration requested, but only CPU NNAPI devices available (nnapi-reference))",0,PRESERVE,1.0000,1.0000,1.0000,"Model guard: inference failed or model unavailable",-120.00,0,0.0923,1.0000,0.50,0.0000
575,73600.00,73728.00,0.5000,0,"Model unavailable (Mandatory non-CPU acceleration requested, but only CPU NNAPI devices available (nnapi-reference))",0,PRESERVE,1.0000,1.0000,1.0000,"Model guard: inference failed or model unavailable",-120.00,0,0.0748,1.0000,1.00,0.0000
576,73728.00,73856.00,0.5000,0,"Model unavailable (Mandatory non-CPU acceleration requested, but only CPU NNAPI devices available (nnapi-reference))",0,PRESERVE,1.0000,1.0000,1.0000,"Model guard: inference failed or model unavailable",-120.00,0,0.1409,1.0000,1.50,0.0000
577,73856.00,73984.00,0.5000,0,"Model unavailable (Mandatory non-CPU acceleration requested, but only CPU NNAPI devices available (nnapi-reference))",0,PRESERVE,1.0000,1.0000,1.0000,"Model guard: inference failed or model unavailable",-120.00,0,0.1416,1.0000,2.00,0.0000
578,73984.00,74112.00,0.5000,0,"Model unavailable (Mandatory non-CPU acceleration requested, but only CPU NNAPI devices available (nnapi-reference))",0,PRESERVE,1.0000,1.0000,1.0000,"Model guard: inference failed or model unavailable",-120.00,0,0.0293,1.0000,0.00,0.0000
579,74112.00,74240.00,0.5000,0,"Model unavailable (Mandatory non-CPU acceleration requested, but only CPU NNAPI devices available (nnapi-reference))",0,PRESERVE,1.0000,1.0000,1.0000,"Model guard: inference failed or model unavailable",-120.00,0,0.0459,1.0000,0.50,0.0000
580,74240.00,74368.00,0.5000,0,"Model unavailable (Mandatory non-CPU acceleration requested, but only CPU NNAPI devices available (nnapi-reference))",0,PRESERVE,1.0000,1.0000,1.0000,"Model guard: inference failed or model unavailable",-120.00,0,0.0165,1.0000,1.00,0.0000
581,74368.00,74496.00,0.5000,0,"Model unavailable (Mandatory non-CPU acceleration requested, but only CPU NNAPI devices available (nnapi-reference))",0,PRESERVE,1.0000,1.0000,1.0000,"Model guard: inference failed or model unavailable",-120.00,0,0.0413,1.0000,1.50,0.0000
582,74496.00,74624.00,0.5000,0,"Model unavailable (Mandatory non-CPU acceleration requested, but only CPU NNAPI devices available (nnapi-reference))",0,PRESERVE,1.0000,1.0000,1.0000,"Model guard: inference failed or model unavailable",-95.68,0,0.0655,1.0000,2.00,0.0000
583,74624.00,74752.00,0.5000,0,"Model unavailable (Mandatory non-CPU acceleration requested, but only CPU NNAPI devices available (nnapi-reference))",0,PRESERVE,1.0000,1.0000,1.0000,"Model guard: inference failed or model unavailable",-120.00,0,0.0634,1.0000,0.00,0.0000
584,74752.00,74880.00,0.5000,0,"Model unavailable (Mandatory non-CPU acceleration requested, but only CPU NNAPI devices available (nnapi-reference))",0,PRESERVE,1.0000,1.0000,1.0000,"Model guard: inference failed or model unavailable",-120.00,0,0.0688,1.0000,0.50,0.0000
585,74880.00,75008.00,0.5000,0,"Model unavailable (Mandatory non-CPU acceleration requested, but only CPU NNAPI devices available (nnapi-reference))",0,PRESERVE,1.0000,1.0000,1.0000,"Model guard: inference failed or model unavailable",-120.00,0,0.3226,1.0000,1.00,0.0000
586,75008.00,75136.00,0.5000,0,"Model unavailable (Mandatory non-CPU acceleration requested, but only CPU NNAPI devices available (nnapi-reference))",0,PRESERVE,1.0000,1.0000,1.0000,"Model guard: inference failed or model unavailable",-120.00,0,0.7273,1.0000,1.50,0.0000
587,75136.00,75264.00,0.5000,0,"Model unavailable (Mandatory non-CPU acceleration requested, but only CPU NNAPI devices available (nnapi-reference))",0,PRESERVE,1.0000,1.0000,1.0000,"Model guard: inference failed or model unavailable",-120.00,0,0.5438,1.0000,2.00,0.0000
588,75264.00,75392.00,0.5000,0,"Model unavailable (Mandatory non-CPU acceleration requested, but only CPU NNAPI devices available (nnapi-reference))",0,PRESERVE,1.0000,1.0000,1.0000,"Model guard: inference failed or model unavailable",-120.00,0,0.1789,1.0000,0.00,0.0000
589,75392.00,75520.00,0.5000,0,"Model unavailable (Mandatory non-CPU acceleration requested, but only CPU NNAPI devices available (nnapi-reference))",0,PRESERVE,1.0000,1.0000,1.0000,"Model guard: inference failed or model unavailable",-120.00,0,0.3615,1.0000,0.50,0.0000
590,75520.00,75648.00,0.5000,0,"Model unavailable (Mandatory non-CPU acceleration requested, but only CPU NNAPI devices available (nnapi-reference))",0,PRESERVE,1.0000,1.0000,1.0000,"Model guard: inference failed or model unavailable",-120.00,0,0.2087,1.0000,1.00,0.0000
591,75648.00,75776.00,0.5000,0,"Model unavailable (Mandatory non-CPU acceleration requested, but only CPU NNAPI devices available (nnapi-reference))",0,PRESERVE,1.0000,1.0000,1.0000,"Model guard: inference failed or model unavailable",-120.00,0,0.6257,1.0000,1.50,0.0000
592,75776.00,75904.00,0.5000,0,"Model unavailable (Mandatory non-CPU acceleration requested, but only CPU NNAPI devices available (nnapi-reference))",0,PRESERVE,1.0000,1.0000,1.0000,"Model guard: inference failed or model unavailable",-120.00,0,0.1509,1.0000,2.00,0.0000
593,75904.00,76032.00,0.5000,0,"Model unavailable (Mandatory non-CPU acceleration requested, but only CPU NNAPI devices available (nnapi-reference))",0,PRESERVE,1.0000,1.0000,1.0000,"Model guard: inference failed or model unavailable",-120.00,0,0.1330,1.0000,0.00,0.0000
594,76032.00,76160.00,0.5000,0,"Model unavailable (Mandatory non-CPU acceleration requested, but only CPU NNAPI devices available (nnapi-reference))",0,PRESERVE,1.0000,1.0000,1.0000,"Model guard: inference failed or model unavailable",-120.00,0,0.2771,1.0000,0.50,0.0000
595,76160.00,76288.00,0.5000,0,"Model unavailable (Mandatory non-CPU acceleration requested, but only CPU NNAPI devices available (nnapi-reference))",0,PRESERVE,1.0000,1.0000,1.0000,"Model guard: inference failed or model unavailable",-120.00,0,0.1346,1.0000,1.00,0.0000
596,76288.00,76416.00,0.5000,0,"Model unavailable (Mandatory non-CPU acceleration requested, but only CPU NNAPI devices available (nnapi-reference))",0,PRESERVE,1.0000,1.0000,1.0000,"Model guard: inference failed or model unavailable",-120.00,0,0.2246,1.0000,1.50,0.0000
597,76416.00,76544.00,0.5000,0,"Model unavailable (Mandatory non-CPU acceleration requested, but only CPU NNAPI devices available (nnapi-reference))",0,PRESERVE,1.0000,1.0000,1.0000,"Model guard: inference failed or model unavailable",-120.00,0,0.3148,1.0000,2.00,0.0000
598,76544.00,76672.00,0.5000,0,"Model unavailable (Mandatory non-CPU acceleration requested, but only CPU NNAPI devices available (nnapi-reference))",0,PRESERVE,1.0000,1.0000,1.0000,"Model guard: inference failed or model unavailable",-120.00,0,0.0968,1.0000,0.00,0.0000
599,76672.00,76800.00,0.5000,0,"Model unavailable (Mandatory non-CPU acceleration requested, but only CPU NNAPI devices available (nnapi-reference))",0,PRESERVE,1.0000,1.0000,1.0000,"Model guard: inference failed or model unavailable",-120.00,0,0.0090,1.0000,0.50,0.0000
600,76800.00,76928.00,0.5000,0,"Model unavailable (Mandatory non-CPU acceleration requested, but only CPU NNAPI devices available (nnapi-reference))",0,PRESERVE,1.0000,1.0000,1.0000,"Model guard: inference failed or model unavailable",-120.00,0,0.0962,1.0000,1.00,0.0000
601,76928.00,77056.00,0.5000,0,"Model unavailable (Mandatory non-CPU acceleration requested, but only CPU NNAPI devices available (nnapi-reference))",0,PRESERVE,1.0000,1.0000,1.0000,"Model guard: inference failed or model unavailable",-120.00,0,0.1175,1.0000,1.50,0.0000
602,77056.00,77184.00,0.5000,0,"Model unavailable (Mandatory non-CPU acceleration requested, but only CPU NNAPI devices available (nnapi-reference))",0,PRESERVE,1.0000,1.0000,1.0000,"Model guard: inference failed or model unavailable",-120.00,0,0.0367,1.0000,2.00,0.0000
603,77184.00,77312.00,0.5000,0,"Model unavailable (Mandatory non-CPU acceleration requested, but only CPU NNAPI devices available (nnapi-reference))",0,PRESERVE,1.0000,1.0000,1.0000,"Model guard: inference failed or model unavailable",-120.00,0,0.1157,1.0000,0.00,0.0000
604,77312.00,77440.00,0.5000,0,"Model unavailable (Mandatory non-CPU acceleration requested, but only CPU NNAPI devices available (nnapi-reference))",0,PRESERVE,1.0000,1.0000,1.0000,"Model guard: inference failed or model unavailable",-120.00,0,0.1293,1.0000,0.50,0.0000
605,77440.00,77568.00,0.5000,0,"Model unavailable (Mandatory non-CPU acceleration requested, but only CPU NNAPI devices available (nnapi-reference))",0,PRESERVE,1.0000,1.0000,1.0000,"Model guard: inference failed or model unavailable",-120.00,0,0.0309,1.0000,1.00,0.0000
606,77568.00,77696.00,0.5000,0,"Model unavailable (Mandatory non-CPU acceleration requested, but only CPU NNAPI devices available (nnapi-reference))",0,PRESERVE,1.0000,1.0000,1.0000,"Model guard: inference failed or model unavailable",-120.00,0,0.0397,1.0000,1.50,0.0000
607,77696.00,77824.00,0.5000,0,"Model unavailable (Mandatory non-CPU acceleration requested, but only CPU NNAPI devices available (nnapi-reference))",0,PRESERVE,1.0000,1.0000,1.0000,"Model guard: inference failed or model unavailable",-120.00,0,0.2381,1.0000,2.00,0.0000
608,77824.00,77952.00,0.5000,0,"Model unavailable (Mandatory non-CPU acceleration requested, but only CPU NNAPI devices available (nnapi-reference))",0,PRESERVE,1.0000,1.0000,1.0000,"Model guard: inference failed or model unavailable",-120.00,0,0.1905,1.0000,0.00,0.0000
609,77952.00,78080.00,0.5000,0,"Model unavailable (Mandatory non-CPU acceleration requested, but only CPU NNAPI devices available (nnapi-reference))",0,PRESERVE,1.0000,1.0000,1.0000,"Model guard: inference failed or model unavailable",-120.00,0,0.0425,1.0000,0.50,0.0000
610,78080.00,78208.00,0.5000,0,"Model unavailable (Mandatory non-CPU acceleration requested, but only CPU NNAPI devices available (nnapi-reference))",0,PRESERVE,1.0000,1.0000,1.0000,"Model guard: inference failed or model unavailable",-120.00,0,0.1217,1.0000,1.00,0.0000
611,78208.00,78336.00,0.5000,0,"Model unavailable (Mandatory non-CPU acceleration requested, but only CPU NNAPI devices available (nnapi-reference))",0,PRESERVE,1.0000,1.0000,1.0000,"Model guard: inference failed or model unavailable",-120.00,0,0.2912,1.0000,1.50,0.0000
612,78336.00,78464.00,0.5000,0,"Model unavailable (Mandatory non-CPU acceleration requested, but only CPU NNAPI devices available (nnapi-reference))",0,PRESERVE,1.0000,1.0000,1.0000,"Model guard: inference failed or model unavailable",-120.00,0,0.0859,1.0000,2.00,0.0000
613,78464.00,78592.00,0.5000,0,"Model unavailable (Mandatory non-CPU acceleration requested, but only CPU NNAPI devices available (nnapi-reference))",0,PRESERVE,1.0000,1.0000,1.0000,"Model guard: inference failed or model unavailable",-120.00,0,0.3224,1.0000,0.00,0.0000
614,78592.00,78720.00,0.5000,0,"Model unavailable (Mandatory non-CPU acceleration requested, but only CPU NNAPI devices available (nnapi-reference))",0,PRESERVE,1.0000,1.0000,1.0000,"Model guard: inference failed or model unavailable",-120.00,0,0.9059,1.0000,0.50,0.0000
615,78720.00,78848.00,0.5000,0,"Model unavailable (Mandatory non-CPU acceleration requested, but only CPU NNAPI devices available (nnapi-reference))",0,PRESERVE,1.0000,1.0000,1.0000,"Model guard: inference failed or model unavailable",-120.00,0,0.5375,1.0000,1.00,0.0000
616,78848.00,78976.00,0.5000,0,"Model unavailable (Mandatory non-CPU acceleration requested, but only CPU NNAPI devices available (nnapi-reference))",0,PRESERVE,1.0000,1.0000,1.0000,"Model guard: inference failed or model unavailable",-120.00,0,0.4804,1.0000,1.50,0.0000
617,78976.00,79104.00,0.5000,0,"Model unavailable (Mandatory non-CPU acceleration requested, but only CPU NNAPI devices available (nnapi-reference))",0,PRESERVE,1.0000,1.0000,1.0000,"Model guard: inference failed or model unavailable",-120.00,0,0.0319,1.0000,2.00,0.0000
618,79104.00,79232.00,0.5000,0,"Model unavailable (Mandatory non-CPU acceleration requested, but only CPU NNAPI devices available (nnapi-reference))",0,PRESERVE,1.0000,1.0000,1.0000,"Model guard: inference failed or model unavailable",-120.00,0,0.8612,1.0000,0.00,0.0000
619,79232.00,79360.00,0.5000,0,"Model unavailable (Mandatory non-CPU acceleration requested, but only CPU NNAPI devices available (nnapi-reference))",0,PRESERVE,1.0000,1.0000,1.0000,"Model guard: inference failed or model unavailable",-120.00,0,0.4147,1.0000,0.50,0.0000
620,79360.00,79488.00,0.5000,0,"Model unavailable (Mandatory non-CPU acceleration requested, but only CPU NNAPI devices available (nnapi-reference))",0,PRESERVE,1.0000,1.0000,1.0000,"Model guard: inference failed or model unavailable",-120.00,0,0.0219,1.0000,1.00,0.0000
621,79488.00,79616.00,0.5000,0,"Model unavailable (Mandatory non-CPU acceleration requested, but only CPU NNAPI devices available (nnapi-reference))",0,PRESERVE,1.0000,1.0000,1.0000,"Model guard: inference failed or model unavailable",-120.00,0,0.0576,1.0000,1.50,0.0000
622,79616.00,79744.00,0.5000,0,"Model unavailable (Mandatory non-CPU acceleration requested, but only CPU NNAPI devices available (nnapi-reference))",0,PRESERVE,1.0000,1.0000,1.0000,"Model guard: inference failed or model unavailable",-120.00,0,0.0423,1.0000,2.00,0.0000
623,79744.00,79872.00,0.5000,0,"Model unavailable (Mandatory non-CPU acceleration requested, but only CPU NNAPI devices available (nnapi-reference))",0,PRESERVE,1.0000,1.0000,1.0000,"Model guard: inference failed or model unavailable",-120.00,0,0.0537,1.0000,0.00,0.0000
624,79872.00,80000.00,0.5000,0,"Model unavailable (Mandatory non-CPU acceleration requested, but only CPU NNAPI devices available (nnapi-reference))",0,PRESERVE,1.0000,1.0000,1.0000,"Model guard: inference failed or model unavailable",-120.00,0,0.0124,1.0000,0.50,0.0000
625,80000.00,80128.00,0.5000,0,"Model unavailable (Mandatory non-CPU acceleration requested, but only CPU NNAPI devices available (nnapi-reference))",0,PRESERVE,1.0000,1.0000,1.0000,"Model guard: inference failed or model unavailable",-120.00,0,0.0540,1.0000,1.00,0.0000
626,80128.00,80256.00,0.5000,0,"Model unavailable (Mandatory non-CPU acceleration requested, but only CPU NNAPI devices available (nnapi-reference))",0,PRESERVE,1.0000,1.0000,1.0000,"Model guard: inference failed or model unavailable",-120.00,0,0.1582,1.0000,1.50,0.0000
627,80256.00,80384.00,0.5000,0,"Model unavailable (Mandatory non-CPU acceleration requested, but only CPU NNAPI devices available (nnapi-reference))",0,PRESERVE,1.0000,1.0000,1.0000,"Model guard: inference failed or model unavailable",-120.00,0,0.2412,1.0000,2.00,0.0000
628,80384.00,80512.00,0.5000,0,"Model unavailable (Mandatory non-CPU acceleration requested, but only CPU NNAPI devices available (nnapi-reference))",0,PRESERVE,1.0000,1.0000,1.0000,"Model guard: inference failed or model unavailable",-120.00,0,0.2119,1.0000,0.00,0.0000
629,80512.00,80640.00,0.5000,0,"Model unavailable (Mandatory non-CPU acceleration requested, but only CPU NNAPI devices available (nnapi-reference))",0,PRESERVE,1.0000,1.0000,1.0000,"Model guard: inference failed or model unavailable",-120.00,0,0.0749,1.0000,0.50,0.0000
630,80640.00,80768.00,0.5000,0,"Model unavailable (Mandatory non-CPU acceleration requested, but only CPU NNAPI devices available (nnapi-reference))",0,PRESERVE,1.0000,1.0000,1.0000,"Model guard: inference failed or model unavailable",-120.00,0,0.1586,1.0000,1.00,0.0000
631,80768.00,80896.00,0.5000,0,"Model unavailable (Mandatory non-CPU acceleration requested, but only CPU NNAPI devices available (nnapi-reference))",0,PRESERVE,1.0000,1.0000,1.0000,"Model guard: inference failed or model unavailable",-120.00,0,0.2160,1.0000,1.50,0.0000
632,80896.00,81024.00,0.5000,0,"Model unavailable (Mandatory non-CPU acceleration requested, but only CPU NNAPI devices available (nnapi-reference))",0,PRESERVE,1.0000,1.0000,1.0000,"Model guard: inference failed or model unavailable",-120.00,0,0.1264,1.0000,2.00,0.0000
633,81024.00,81152.00,0.5000,0,"Model unavailable (Mandatory non-CPU acceleration requested, but only CPU NNAPI devices available (nnapi-reference))",0,PRESERVE,1.0000,1.0000,1.0000,"Model guard: inference failed or model unavailable",-120.00,0,0.0264,1.0000,0.00,0.0000
634,81152.00,81280.00,0.5000,0,"Model unavailable (Mandatory non-CPU acceleration requested, but only CPU NNAPI devices available (nnapi-reference))",0,PRESERVE,1.0000,1.0000,1.0000,"Model guard: inference failed or model unavailable",-120.00,0,0.0315,1.0000,0.50,0.0000
635,81280.00,81408.00,0.5000,0,"Model unavailable (Mandatory non-CPU acceleration requested, but only CPU NNAPI devices available (nnapi-reference))",0,PRESERVE,1.0000,1.0000,1.0000,"Model guard: inference failed or model unavailable",-120.00,0,0.0486,1.0000,1.00,0.0000
636,81408.00,81536.00,0.5000,0,"Model unavailable (Mandatory non-CPU acceleration requested, but only CPU NNAPI devices available (nnapi-reference))",0,PRESERVE,1.0000,1.0000,1.0000,"Model guard: inference failed or model unavailable",-120.00,0,0.0537,1.0000,1.50,0.0000
637,81536.00,81664.00,0.5000,0,"Model unavailable (Mandatory non-CPU acceleration requested, but only CPU NNAPI devices available (nnapi-reference))",0,PRESERVE,1.0000,1.0000,1.0000,"Model guard: inference failed or model unavailable",-120.00,0,0.0671,1.0000,2.00,0.0000
638,81664.00,81792.00,0.5000,0,"Model unavailable (Mandatory non-CPU acceleration requested, but only CPU NNAPI devices available (nnapi-reference))",0,PRESERVE,1.0000,1.0000,1.0000,"Model guard: inference failed or model unavailable",-120.00,0,0.0787,1.0000,0.00,0.0000
639,81792.00,81920.00,0.5000,0,"Model unavailable (Mandatory non-CPU acceleration requested, but only CPU NNAPI devices available (nnapi-reference))",0,PRESERVE,1.0000,1.0000,1.0000,"Model guard: inference failed or model unavailable",-120.00,0,0.0658,1.0000,0.50,0.0000
640,81920.00,82048.00,0.5000,0,"Model unavailable (Mandatory non-CPU acceleration requested, but only CPU NNAPI devices available (nnapi-reference))",0,PRESERVE,1.0000,1.0000,1.0000,"Model guard: inference failed or model unavailable",-120.00,0,0.0721,1.0000,1.00,0.0000
641,82048.00,82176.00,0.5000,0,"Model unavailable (Mandatory non-CPU acceleration requested, but only CPU NNAPI devices available (nnapi-reference))",0,PRESERVE,1.0000,1.0000,1.0000,"Model guard: inference failed or model unavailable",-120.00,0,0.0393,1.0000,1.50,0.0000
642,82176.00,82304.00,0.5000,0,"Model unavailable (Mandatory non-CPU acceleration requested, but only CPU NNAPI devices available (nnapi-reference))",0,PRESERVE,1.0000,1.0000,1.0000,"Model guard: inference failed or model unavailable",-120.00,0,0.0962,1.0000,2.00,0.0000
643,82304.00,82432.00,0.5000,0,"Model unavailable (Mandatory non-CPU acceleration requested, but only CPU NNAPI devices available (nnapi-reference))",0,PRESERVE,1.0000,1.0000,1.0000,"Model guard: inference failed or model unavailable",-120.00,0,0.0443,1.0000,0.00,0.0000
644,82432.00,82560.00,0.5000,0,"Model unavailable (Mandatory non-CPU acceleration requested, but only CPU NNAPI devices available (nnapi-reference))",0,PRESERVE,1.0000,1.0000,1.0000,"Model guard: inference failed or model unavailable",-120.00,0,0.2647,1.0000,0.50,0.0000
645,82560.00,82688.00,0.5000,0,"Model unavailable (Mandatory non-CPU acceleration requested, but only CPU NNAPI devices available (nnapi-reference))",0,PRESERVE,1.0000,1.0000,1.0000,"Model guard: inference failed or model unavailable",-120.00,0,1.6059,0.6970,1.00,0.0000
646,82688.00,82816.00,0.5000,0,"Model unavailable (Mandatory non-CPU acceleration requested, but only CPU NNAPI devices available (nnapi-reference))",0,PRESERVE,1.0000,1.0000,1.0000,"Model guard: inference failed or model unavailable",-120.00,0,1.0096,0.9952,1.50,0.0000
647,82816.00,82944.00,0.5000,0,"Model unavailable (Mandatory non-CPU acceleration requested, but only CPU NNAPI devices available (nnapi-reference))",0,PRESERVE,1.0000,1.0000,1.0000,"Model guard: inference failed or model unavailable",-120.00,0,0.2389,1.0000,2.00,0.0000
648,82944.00,83072.00,0.5000,0,"Model unavailable (Mandatory non-CPU acceleration requested, but only CPU NNAPI devices available (nnapi-reference))",0,PRESERVE,1.0000,1.0000,1.0000,"Model guard: inference failed or model unavailable",-120.00,0,0.8408,1.0000,0.00,0.0000
649,83072.00,83200.00,0.5000,0,"Model unavailable (Mandatory non-CPU acceleration requested, but only CPU NNAPI devices available (nnapi-reference))",0,PRESERVE,1.0000,1.0000,1.0000,"Model guard: inference failed or model unavailable",-120.00,0,0.6247,1.0000,0.50,0.0000
650,83200.00,83328.00,0.5000,0,"Model unavailable (Mandatory non-CPU acceleration requested, but only CPU NNAPI devices available (nnapi-reference))",0,PRESERVE,1.0000,1.0000,1.0000,"Model guard: inference failed or model unavailable",-120.00,0,2.5740,0.2130,1.00,0.0000
651,83328.00,83456.00,0.5000,0,"Model unavailable (Mandatory non-CPU acceleration requested, but only CPU NNAPI devices available (nnapi-reference))",0,PRESERVE,1.0000,1.0000,1.0000,"Model guard: inference failed or model unavailable",-120.00,0,2.6225,0.1887,1.50,0.0000
652,83456.00,83584.00,0.5000,0,"Model unavailable (Mandatory non-CPU acceleration requested, but only CPU NNAPI devices available (nnapi-reference))",0,PRESERVE,1.0000,1.0000,1.0000,"Model guard: inference failed or model unavailable",-120.00,0,0.5218,1.0000,2.00,0.0000
653,83584.00,83620.00,0.5000,0,"Model unavailable (Mandatory non-CPU acceleration requested, but only CPU NNAPI devices available (nnapi-reference))",0,PRESERVE,1.0000,1.0000,1.0000,"Acoustic guard: audible speech detected in microphone",-42.32,1,1.3278,0.8361,0.50,0.0000
