sensor_timestamp_ns,relative_to_audio_start_ns,x_m_s2,y_m_s2,z_m_s2,accuracy
11589610711359,11589610711359,-0.13549358,5.017151,8.529515,3
11589613211359,11589613211359,-0.13549358,5.017151,8.529515,3
11589615711359,-1203676,-0.13549358,5.017151,8.529515,3
11589618211359,1296324,-0.13549358,5.017151,8.529515,3
11589620711359,3796324,-0.33409786,5.0330033,8.777472,3
11589623211359,6296324,-0.3909274,5.0177493,8.784052,3
11589625711359,8796324,-0.424726,5.0135617,8.7780695,3
11589628211359,11296324,-0.44177487,4.994419,8.797811,3
11589630711359,13796324,-0.46241298,4.9848475,8.800503,3
11589633211359,16296324,-0.49381876,4.9770713,8.778369,3
11589635711359,18796324,-0.50398827,4.97079,8.758628,3
11589638211359,21296324,-0.5102694,4.9579287,8.748159,3
11589640711359,23796324,-0.5273183,4.9525447,8.737691,3
11589643211359,26296324,-0.53659046,4.9525447,8.72812,3
11589645711359,28796324,-0.54346985,4.9525447,8.725428,3
11589648211359,31296324,-0.5285147,4.965107,8.691629,3
11589650711359,33796324,-0.5374878,4.9782677,8.678469,3
11589653211359,36296324,-0.5282156,4.9806604,8.676076,3
11589655711359,38796324,-0.52582276,4.976473,8.68475,3
11589658211359,41296324,-0.5087739,4.9845486,8.681459,3
11589660711359,43796324,-0.49172506,4.9839506,8.69462,3
11589663211359,46296324,-0.4866403,4.9956155,8.701798,3
11589665711359,48796324,-0.46002015,4.9899325,8.7113695,3
11589668211359,51296324,-0.43130627,4.980062,8.708678,3
11589670711359,53796324,-0.40677986,4.9788656,8.70479,3
11589673211359,56296324,-0.36610186,4.9672008,8.678469,3
11589675711359,58796324,-0.35234314,4.9462633,8.668598,3
11589678211359,61296324,-0.33110684,4.93729,8.660223,3
11589680711359,63796324,-0.30089745,4.928018,8.643174,3
11589683211359,66296324,-0.28384858,4.9196434,8.640781,3
11589685711359,68796324,-0.26799613,4.9145584,8.633005,3
11589688211359,71296324,-0.24795625,4.8918266,8.607581,3
11589690711359,73796324,-0.23629123,4.8849473,8.586046,3
11589693211359,76296324,-0.20937198,4.887041,8.571988,3
11589695711359,78796324,-0.19351953,4.883751,8.5423765,3
11589698211359,81296324,-0.19890338,4.896014,8.502297,3
11589700711359,83796324,-0.20249261,4.8900323,8.488539,3
11589703211359,86296324,-0.20518455,4.8882375,8.459227,3
11589705711359,88796324,-0.21296121,4.88734,8.450552,3
11589708211359,91296324,-0.21924238,4.886443,8.469695,3
11589710711359,93796324,-0.2318047,4.875974,8.485547,3
11589713211359,96296324,-0.253041,4.8858447,8.482257,3
11589715711359,98796324,-0.25812575,4.8909297,8.499007,3
11589718211359,101296324,-0.21684955,4.9118667,8.405686,3
11589720711359,103796324,-0.11545369,4.9812584,8.080263,3
11589723211359,106296324,-0.07298109,5.0135617,7.98784,3
11589725711359,108796324,-0.06430711,5.0141597,8.269895,3
11589728211359,111296324,-0.10887343,4.9752765,8.492725,3
11589730711359,113796324,-0.12113664,4.942076,8.532506,3
11589733211359,116296324,-0.11964113,4.914858,8.485249,3
11589735711359,118796324,-0.11784652,4.88076,8.427222,3
11589738211359,121296324,-0.12562318,4.869095,8.382058,3
11589740711359,123796324,-0.1381855,4.821837,8.367103,3
11589743211359,126296324,-0.14536397,4.8032923,8.357232,3
11589745711359,128796324,-0.16241284,4.7745786,8.393125,3
11589748211359,131296324,-0.17258233,4.7623153,8.472088,3
11589750711359,133796324,-0.19621146,4.741079,8.572288,3
11589753211359,136296324,-0.29671,4.684848,8.787342,3
11589755711359,138796324,-0.4546363,4.59392,8.973683,3
11589758211359,141296324,-0.5096712,4.557729,8.976674,3
11589760711359,143796324,-0.4881358,4.5592246,8.979067,3
11589763211359,146296324,-0.47347978,4.5690947,9.025128,3
11589765711359,148796324,-0.4941179,4.5505505,9.077472,3
11589768211359,151296324,-0.5057829,4.5502515,9.136096,3
11589770711359,153796324,-0.4743771,4.5634117,9.186645,3
11589773211359,156296324,-0.43489552,4.5673003,9.233903,3
11589775711359,158796324,-0.37686956,4.5732822,9.290732,3
11589778211359,161296324,-0.293719,4.616652,9.294023,3
11589780711359,163796324,-0.2015953,4.6429734,9.271889,3
11589783211359,166296324,-0.10767702,4.66062,9.262318,3
11589785711359,168796324,-0.038285162,4.668397,9.287741,3
11589788211359,171296324,0.035294134,4.6408796,9.329616,3
11589790711359,173796324,0.11216356,4.638786,9.32124,3
11589793211359,176296324,0.18484555,4.618746,9.309277,3
11589795711359,178796324,0.32362926,4.5191445,9.311669,3
11589798211359,181296324,0.4531408,4.382754,9.284152,3
11589800711359,183796324,0.65024954,4.1754756,8.832506,3
11589803211359,186296324,0.7160522,4.127021,8.749057,3
11589805711359,188796324,0.64845496,4.219743,9.116056,3
11589808211359,191296324,0.5916254,4.3265224,9.420243,3
11589810711359,193796324,0.5315057,4.3968115,9.670592,3
11589813211359,196296324,0.4764708,4.44736,9.821341,3
11589815711359,198796324,0.42652065,4.516453,9.904192,3
11589818211359,201296324,0.35473597,4.577171,9.904192,3
11589820711359,203796324,0.2754737,4.6519465,9.835399,3
11589823211359,206296324,0.2213361,4.711169,9.716056,3
11589825711359,208796324,0.17347965,4.769793,9.575179,3
11589828211359,211296324,0.14386846,4.7979083,9.400204,3
11589830711359,213796324,0.13100705,4.813163,9.28116,3
11589833211359,216296324,0.115752794,4.831707,9.148359,3
11589835711359,218796324,0.09601201,4.851747,9.056535,3
11589838211359,221296324,0.070289165,4.8771706,8.992228,3
11589840711359,223796324,0.059521463,4.897809,8.928518,3
11589843211359,226296324,0.058325052,4.923831,8.88814,3
11589845711359,228796324,0.059820566,4.961219,8.845966,3
11589848211359,231296324,0.07477571,4.982455,8.8492565,3
11589850711359,233796324,0.09840483,5.000401,8.853444,3
11589853211359,236296324,0.13250256,5.02074,8.87797,3
11589855711359,238796324,0.17377874,5.0344987,8.898908,3
11589858211359,241296324,0.2105684,5.055137,8.937791,3
11589860711359,243796324,0.26261228,5.066503,8.973982,3
11589863211359,246296324,0.2940181,5.078168,9.026923,3
11589865711359,248796324,0.32333016,5.0799623,9.088838,3
11589868211359,251296324,0.34516466,5.098208,9.179466,3
11589870711359,253796324,0.37776688,5.1352963,9.286545,3
11589873211359,256296324,0.41844487,5.1472607,9.365807,3
11589875711359,258796324,0.4351946,5.171488,9.491729,3
11589878211359,261296324,0.46181476,5.198108,9.559925,3
11589880711359,263796324,0.48125646,5.1993046,9.638289,3
11589883211359,266296324,0.5027919,5.232206,9.738789,3
11589885711359,268796324,0.4761717,5.2477593,9.84467,3
11589888211359,271296324,0.4426722,5.2680984,9.94846,3
11589890711359,273796324,0.3924229,5.285446,10.001699,3
11589893211359,276296324,0.3484548,5.278866,10.005887,3
11589895711359,278796324,0.30418757,5.2549376,9.993923,3
11589898211359,281296324,0.26141587,5.2342997,9.960423,3
11589900711359,283796324,0.20578274,5.2088757,9.926924,3
11589903211359,286296324,0.16869399,5.2160544,9.94487,3
11589905711359,288796324,0.1274178,5.2438707,9.9909315,3
11589908211359,291296324,0.08823533,5.255835,10.070493,3
11589910711359,293796324,0.06969096,5.2806606,10.156036,3
11589913211359,296296324,0.07058827,5.2896338,10.241879,3
11589915711359,298796324,0.09302098,5.3201423,10.373783,3
11589918211359,301296324,0.1271187,5.3533425,10.525727,3
11589920711359,303796324,0.1794617,5.3769717,10.7016,3
11589923211359,306296324,0.2434697,5.41406,10.873285,3
11589925711359,308796324,0.31076783,5.4670014,11.02852,3
11589928211359,311296324,0.38374892,5.51426,11.151152,3
11589930711359,313796324,0.45972106,5.5570316,11.182857,3
11589933211359,316296324,0.54346985,5.5911293,11.244472,3
11589935711359,318796324,0.6146563,5.631209,11.303993,3
11589938211359,321296324,0.7085746,5.642276,11.252547,3
11589940711359,323796324,0.79531443,5.6470613,11.273784,3
11589943211359,326296324,0.85154575,5.6330037,11.25165,3
11589945711359,328796324,0.898804,5.6114683,11.080264,3
11589948211359,331296324,0.93619186,5.5657053,10.939686,3
11589950711359,333796324,0.93320084,5.502595,10.780563,3
11589953211359,336296324,0.9203394,5.4167523,10.689935,3
11589955711359,338796324,0.86859465,5.345267,10.537393,3
11589958211359,341296324,0.8219346,5.2627144,10.298709,3
11589960711359,343796324,0.7833503,5.203791,10.023534,3
11589963211359,346296324,0.663111,5.1526446,9.803992,3
11589965711359,348796324,0.503091,5.118846,9.533604,3
11589968211359,351296324,0.33439696,5.113761,9.173484,3
11589970711359,353796324,0.15553348,5.1254263,8.799605,3
11589973211359,356296324,-0.05892326,5.1535416,8.462815,3
11589975711359,358796324,-0.26799613,5.195117,8.120343,3
11589978211359,361296324,-0.48155555,5.258527,7.75454,3
11589980711359,363796324,-0.65294147,5.3219366,7.327122,3
11589983211359,366296324,-0.8108678,5.4003015,6.925427,3
11589985711359,368796324,-0.9846465,5.5334024,6.4791656,3
11589988211359,371296324,-1.1464611,5.675476,5.925227,3
11589990711359,373796324,-1.2999009,5.82742,5.534898,3
11589993211359,376296324,-1.4491532,6.0026946,5.2663035,3
11589995711359,378796324,-1.5535401,6.1911297,5.0476594,3
11589998211359,381296324,-1.6304095,6.38764,4.833502,3
11590000711359,383796324,-1.7066808,6.5697937,4.6289153,3
11590003211359,386296324,-1.7359928,6.762715,4.433003,3
11590005711359,388796324,-1.7635103,6.9538417,4.3064823,3
11590008211359,391296324,-1.7877376,7.1285176,4.2559342,3
11590010711359,393796324,-1.8026928,7.300801,4.2424746,3
11590013211359,396296324,-1.8394824,7.455736,4.200899,3
11590015711359,398796324,-1.8598214,7.562815,4.145266,3
11590018211359,401296324,-1.8586249,7.6289167,4.1084766,3
11590020711359,403796324,-1.8421743,7.681559,4.098606,3
11590023211359,406296324,-1.8191434,7.732107,4.1339,3
11590025711359,408796324,-1.7718852,7.795517,4.194618,3
11590028211359,411296324,-1.6854445,7.841579,4.3375893,3
11590030711359,413796324,-1.5436697,7.919346,4.5481577,3
11590033211359,416296324,-1.3289139,7.9591265,4.813163,3
11590035711359,418796324,-1.0977074,7.9648094,5.10748,3
11590038211359,421296324,-0.881456,7.9151583,5.4113684,3
11590040711359,423796324,-0.6867401,7.8400836,5.7323055,3
11590043211359,426296324,-0.4977071,7.724929,6.041279,3
11590045711359,428796324,-0.32542387,7.5978103,6.3664036,3
11590048211359,431296324,-0.14895321,7.4452677,6.672386,3
11590050711359,433796324,0.039481573,7.2900333,6.91765,3
11590053211359,436296324,0.19621146,7.133303,7.164709,3
11590055711359,438796324,0.35533416,6.969993,7.411469,3
11590058211359,441296324,0.49800622,6.829116,7.646863,3
11590060711359,443796324,0.613759,6.698707,7.895417,3
11590063211359,446296324,0.70199436,6.5868425,8.187641,3
11590065711359,448796324,0.7929216,6.518049,8.507083,3
11590068211359,451296324,0.8455637,6.465706,8.854939,3
11590070711359,453796324,0.8757731,6.418747,9.196216,3
11590073211359,456296324,0.8967103,6.393323,9.518948,3
11590075711359,458796324,0.9167502,6.40439,9.801002,3
11590078211359,461296324,0.9412766,6.4106708,10.066605,3
11590080711359,463796324,0.97507524,6.439684,10.302597,3
11590083211359,466296324,1.0085747,6.471688,10.512866,3
11590085711359,468796324,1.061815,6.502496,10.677971,3
11590088211359,471296324,1.1039885,6.5147586,10.777871,3
11590090711359,473796324,1.1216356,6.532107,10.836197,3
11590093211359,476296324,1.1015958,6.518946,10.816754,3
11590095711359,478796324,1.0474582,6.5114684,10.72822,3
11590098211359,481296324,0.9622138,6.485746,10.626226,3
11590100711359,483796324,0.8751749,6.472585,10.465309,3
11590103211359,486296324,0.77347994,6.456434,10.291531,3
11590105711359,488796324,0.6589235,6.442675,10.065707,3
11590108211359,491296324,0.53330034,6.4498534,9.825229,3
11590110711359,493796324,0.4331009,6.4677997,9.530911,3
11590113211359,496296324,0.32452658,6.498308,9.197711,3
11590115711359,498796324,0.17078772,6.5491557,8.834899,3
11590118211359,501296324,0.03589234,6.579963,8.470293,3
11590120711359,503796324,-0.08554341,6.6305118,8.106584,3
11590123211359,506296324,-0.1788635,6.681359,7.7644105,3
11590125711359,508796324,-0.23928227,6.7408805,7.49103,3
11590128211359,511296324,-0.2551347,6.7761745,7.265208,3
11590130711359,513796324,-0.29042885,6.84766,7.0393853,3
11590133211359,516296324,-0.32063824,6.860821,6.8195443,3
11590135711359,518796324,-0.37597227,6.8763742,6.600302,3
11590138211359,521296324,-0.44745782,6.8721867,6.369096,3
11590140711359,523796324,-0.54646087,6.841379,6.152246,3
11590143211359,526296324,-0.6969096,6.7842503,5.828916,3
11590145711359,528796324,-0.96879405,6.649056,5.3596234,3
11590148211359,531296324,-1.3498511,6.619744,5.1463633,3
11590150711359,533796324,-1.8649062,6.7648087,4.863412,3
11590153211359,536296324,-2.3362923,7.0606213,4.575675,3
11590155711359,538796324,-2.632703,7.3689966,4.526024,3
11590158211359,541296324,-2.7379873,7.57448,4.630411,3
11590160711359,543796324,-2.7323043,7.673184,4.7545385,3
11590163211359,546296324,-2.7089744,7.70788,4.779065,3
11590165711359,548796324,-2.7182465,7.6860456,4.6325045,3
11590168211359,551296324,-2.774478,7.655836,4.377071,3
11590170711359,553796324,-2.8773692,7.5810604,4.030411,3
11590173211359,556296324,-2.9802606,7.489236,3.714259,3
11590175711359,558796324,-3.0643084,7.356135,3.4121652,3
11590178211359,561296324,-3.098107,7.1913295,3.1669009,3
11590180711359,563796324,-3.114857,7.0429745,2.9422746,3
11590183211359,566296324,-3.1199417,6.908378,2.745764,3
11590185711359,568796324,-3.100799,6.8108706,2.5549364,3
11590188211359,571296324,-3.0963125,6.7573314,2.385345,3
11590190711359,573796324,-3.112165,6.73101,2.213361,3
11590193211359,576296324,-3.124129,6.716055,2.0662024,3
11590195711359,578796324,-3.1695926,6.7208405,1.9657038,3
11590198211359,581296324,-3.199204,6.7369924,1.9286151,3
11590200711359,583796324,-3.231806,6.7707906,1.9199411,3
11590203211359,586296324,-3.275475,6.800701,1.9354944,3
11590205711359,588796324,-3.3281171,6.855736,1.9914266,3
11590208211359,591296324,-3.4049866,6.8874407,2.018944,3
11590210711359,593796324,-3.4857445,6.9209404,2.0665014,3
11590213211359,596296324,-3.5647075,6.9242306,2.138286,3
11590215711359,598796324,-3.6245282,6.9224358,2.2588246,3
11590218211359,601296324,-3.6580276,6.9128647,2.4101706,3
11590220711359,603796324,-3.6699917,6.940083,2.5986054,3
11590223211359,606296324,-3.6792638,6.957431,2.7741787,3
11590225711359,608796324,-3.7067814,6.9939213,2.9213374,3
11590228211359,611296324,-3.7471602,7.038488,3.0403802,3
11590230711359,613796324,-3.798606,7.0806613,3.1274192,3
11590233211359,616296324,-3.882654,7.1285176,3.2066815,3
11590235711359,618796324,-3.94397,7.1769724,3.2159536,3
11590238211359,621296324,-3.9804604,7.2329044,3.226123,3
11590240711359,623796324,-4.030411,7.280462,3.2362926,3
11590243211359,626296324,-4.098307,7.3417783,3.2395828,3
11590245711359,628796324,-4.1961136,7.407581,3.2560334,3
11590248211359,631296324,-4.3211384,7.467401,3.248556,3
11590250711359,633796324,-4.4614177,7.5346994,3.2476585,3
11590253211359,636296324,-4.6037908,7.6130643,3.2476585,3
11590255711359,638796324,-4.761418,7.70788,3.211467,3
11590258211359,641296324,-4.900202,7.81795,3.184548,3
11590260711359,643796324,-5.0081778,7.9334035,3.184548,3
11590263211359,646296324,-5.096413,8.047661,3.1806595,3
11590265711359,648796324,-5.169394,8.16461,3.1893334,3
11590268211359,651296324,-5.222934,8.280363,3.2042887,3
11590270711359,653796324,-5.2758746,8.386245,3.185146,3
11590273211359,656296324,-5.326124,8.492127,3.159423,3
11590275711359,658796324,-5.374878,8.5938225,3.112165,3
11590278211359,661296324,-5.41406,8.682058,3.0176485,3
11590280711359,663796324,-5.432605,8.778668,2.8908288,3
11590283211359,666296324,-5.421538,8.874082,2.731108,3
11590285711359,668796324,-5.406882,8.968598,2.5689943,3
11590288211359,671296324,-5.3682976,9.086145,2.3811576,3
11590290711359,673796324,-5.32074,9.1923275,2.2289143,3
11590293211359,676296324,-5.2749777,9.310772,2.07368,3
11590295711359,678796324,-5.241478,9.435797,1.943271,3
11590298211359,681296324,-5.1966124,9.555438,1.7967107,3
11590300711359,683796324,-5.0826545,9.634999,1.6495521,3
11590303211359,686296324,-4.9381876,9.697213,1.5182459,3
11590305711359,688796324,-4.772485,9.749855,1.4009976,3
11590308211359,691296324,-4.642375,9.817452,1.3301103,3
11590310711359,693796324,-4.4856453,9.905687,1.2783655,3
11590313211359,696296324,-4.298706,9.9756775,1.2400804,3
11590315711359,698796324,-4.1201415,10.066306,1.2035898,3
11590318211359,701296324,-3.9364924,10.150951,1.1611172,3
11590320711359,703796324,-3.7339997,10.191929,1.0962119,3
11590323211359,706296324,-3.4504502,10.21167,1.0534402,3
11590325711359,708796324,-3.2285159,10.227522,0.9526425,3
11590328211359,711296324,-3.0409784,10.232009,0.89371926,3
11590330711359,713796324,-2.7870402,10.219148,0.81236327,3
11590333211359,716296324,-2.5950162,10.18505,0.7259226,3
11590335711359,718796324,-2.4819553,10.163814,0.6589235,3
11590338211359,721296324,-2.3982065,10.096216,0.56111693,3
11590340711359,723796324,-2.2609184,10.019048,0.46091747,3
11590343211359,726296324,-2.1107686,9.899406,0.33439696,3
11590345711359,728796324,-2.0105693,9.764811,0.19322042,3
11590348211359,731296324,-1.8906289,9.640682,0.0634098,3
11590350711359,733796324,-1.7548363,9.540184,-0.028115666,3
11590353211359,736296324,-1.6534405,9.466006,-0.10767702,3
11590355711359,738796324,-1.5918252,9.390633,-0.1271187,3
11590358211359,741296324,-1.5816557,9.331111,-0.09421739,3
11590360711359,743796324,-1.6088741,9.302098,-0.033499517,3
11590363211359,746296324,-1.6366907,9.263813,0.071186475,3
11590365711359,748796324,-1.7102699,9.205189,0.212363,3
11590368211359,751296324,-1.7919251,9.160623,0.37298122,3
11590370711359,753796324,-1.8711873,9.134003,0.5377869,3
11590373211359,756296324,-1.9743778,9.121739,0.71395844,3
11590375711359,758796324,-2.0841484,9.104691,0.91196454,3
11590378211359,761296324,-2.2094727,9.116355,1.114158,3
11590380711359,763796324,-2.3464618,9.115159,1.3253247,3
11590383211359,766296324,-2.4553351,9.108279,1.5182459,3
11590385711359,768796324,-2.5405796,9.085547,1.6770695,3
11590388211359,771296324,-2.6039891,9.045169,1.7979071,3
11590390711359,773796324,-2.6991038,8.9928255,1.8622142,3
11590393211359,776296324,-2.7882366,8.949755,1.9133608,3
11590395711359,778796324,-2.8639095,8.875577,1.9289142,3
11590398211359,781296324,-2.9467611,8.804091,1.9088743,3
11590400711359,783796324,-3.0200412,8.750254,1.8810577,3
11590403211359,786296324,-3.0909286,8.666505,1.809273,3
11590405711359,788796324,-3.193521,8.6013,1.7688942,3
11590408211359,791296324,-3.3224342,8.522935,1.7428722,3
11590410711359,793796324,-3.4304104,8.448459,1.7111673,3
11590413211359,796296324,-3.5105698,8.388638,1.6423737,3
11590415711359,798796324,-3.5521452,8.327322,1.5783657,3
11590418211359,801296324,-3.6643088,8.252846,1.5568303,3
11590420711359,803796324,-3.7298124,8.182556,1.5352948,3
11590423211359,806296324,-3.7648072,8.11466,1.52692,3
11590425711359,808796324,-3.8374894,8.065906,1.550549,3
11590428211359,811296324,-3.9281175,8.015656,1.590928,3
11590430711359,813796324,-4.0301113,7.9707913,1.6115661,3
11590433211359,816296324,-4.193422,7.934301,1.6453646,3
11590435711359,818796324,-4.4004006,7.8909307,1.7228323,3
11590438211359,821296324,-4.5209394,7.8723865,1.7398812,3
11590440711359,823796324,-4.5747776,7.813463,1.7246269,3
11590443211359,826296324,-4.599603,7.795517,1.6660028,3
11590445711359,828796324,-4.6235313,7.771888,1.5993029,3
11590448211359,831296324,-4.6438704,7.7790666,1.5652051,3
11590450711359,833796324,-4.552943,7.728817,1.4422739,3
11590453211359,836296324,-4.558925,7.4916286,1.9651057,3
11590455711359,838796324,-4.749454,7.5056863,1.8828523,3
11590458211359,841296324,-4.8855457,7.4994054,1.7446668,3
11590460711359,843796324,-4.9791646,7.4919276,1.591227,3
11590463211359,846296324,-4.9989057,7.425527,1.407877,3
11590465711359,848796324,-5.0138607,7.364809,1.2149557,3
11590468211359,851296324,-5.0754757,7.3513494,1.0334003,3
11590470711359,853796324,-5.15085,7.3340015,0.9212367,3
11590473211359,856296324,-5.211867,7.3172517,0.7582257,3
11590475711359,858796324,-5.2238307,7.2906313,0.55423754,3
11590478211359,861296324,-5.2292147,7.2263246,0.3481557,3
11590480711359,863796324,-5.2441697,7.1883383,0.118145615,3
11590483211359,866296324,-5.2740803,7.1560354,-0.104985096,3
11590485711359,868796324,-5.3126645,7.123134,-0.29491538,3
11590488211359,871296324,-5.361717,7.086643,-0.43788654,3
11590490711359,873796324,-5.42094,7.0576305,-0.5518447,3
11590493211359,876296324,-5.495117,7.044171,-0.6349953,3
11590495711359,878796324,-5.5740805,7.02772,-0.7298109,3
11590498211359,881296324,-5.643771,7.0411797,-0.8389834,3
11590500711359,883796324,-5.710172,7.0746794,-0.98584294,3
11590503211359,886296324,-5.777171,7.134799,-1.1359925,3
11590505711359,888796324,-5.858527,7.1635127,-1.2669996,3
11590508211359,891296324,-5.9847484,7.2044897,-1.3387842,3
11590510711359,893796324,-6.094519,7.22782,-1.4123635,3
11590513211359,896296324,-6.1821566,7.2305117,-1.4216357,3
11590515711359,898796324,-6.24437,7.220342,-1.4144573,3
11590518211359,901296324,-6.2697935,7.198508,-1.3992031,3
11590520711359,903796324,-6.2724853,7.1632137,-1.3833506,3
11590523211359,906296324,-6.2772713,7.133004,-1.3941183,3
11590525711359,908796324,-6.256035,7.123134,-1.3923237,3
11590528211359,911296324,-6.262914,7.1374907,-1.3809577,3
11590530711359,913796324,-6.265307,7.1488566,-1.4234303,3
11590533211359,916296324,-6.253343,7.153343,-1.4353945,3
11590535711359,918796324,-6.2569323,7.1709905,-1.4907285,3
11590538211359,921296324,-6.27099,7.205088,-1.5583258,3
11590540711359,923796324,-6.2862444,7.2293153,-1.6384853,3
11590543211359,926296324,-6.2937217,7.2442703,-1.7036897,3
11590545711359,928796324,-6.290731,7.217052,-1.7353946,3
11590548211359,931296324,-6.315556,7.205686,-1.7587247,3
11590550711359,933796324,-6.323931,7.1763744,-1.7679968,3
11590553211359,936296324,-6.3290157,7.145866,-1.7679968,3
11590555711359,938796324,-6.343074,7.1219373,-1.7724833,3
11590558211359,941296324,-6.3538413,7.128817,-1.742274,3
11590560711359,943796324,-6.361319,7.140781,-1.7464614,3
11590563211359,946296324,-6.3774705,7.152446,-1.7440686,3
11590565711359,948796324,-6.3957157,7.175776,-1.7252251,3
11590568211359,951296324,-6.43101,7.193124,-1.7030915,3
11590570711359,953796324,-6.4567327,7.2320075,-1.6800606,3
11590573211359,956296324,-6.4935226,7.2586274,-1.654936,3
11590575711359,958796324,-6.513562,7.295118,-1.6477575,3
11590578211359,961296324,-6.526723,7.3453674,-1.6319051,3
11590580711359,963796324,-6.544968,7.405487,-1.6148561,3
11590583211359,966296324,-6.5491557,7.452446,-1.5661024,3
11590585711359,968796324,-6.5231338,7.5122666,-1.5278172,3
11590588211359,971296324,-6.4851475,7.5409803,-1.4871392,3
11590590711359,973796324,-6.431907,7.5723863,-1.4440684,3
11590593211359,976296324,-6.3568325,7.589435,-1.4168501,3
11590595711359,978796324,-6.265307,7.6011004,-1.39023,3
11590598211359,981296324,-6.201299,7.629814,-1.396212,3
11590600711359,983796324,-6.113064,7.6423764,-1.4001004,3
11590603211359,986296324,-6.032605,7.656434,-1.3974084,3
11590605711359,988796324,-5.9578295,7.667202,-1.4063815,3
11590608211359,991296324,-5.8917274,7.684251,-1.4183456,3
11590610711359,993796324,-5.8061843,7.690532,-1.474577,3
11590613211359,996296324,-5.7317076,7.6666036,-1.4988043,3
11590615711359,998796324,-5.648856,7.650452,-1.5173486,3
11590618211359,1001296324,-5.581857,7.636095,-1.5361922,3
11590620711359,1003796324,-5.546862,7.6082788,-1.5122639,3
11590623211359,1006296324,-5.517251,7.5999036,-1.4596218,3
11590625711359,1008796324,-5.5008,7.589136,-1.3896317,3
11590628211359,1011296324,-5.474479,7.589136,-1.2693924,3
11590630711359,1013796324,-5.4430733,7.6106715,-1.1736795,3
11590633211359,1016296324,-5.4095736,7.6076803,-1.061815,3
11590635711359,1018796324,-5.363811,7.6292157,-0.94636136,3
11590638211359,1021296324,-5.3312087,7.662117,-0.82283187,3
11590640711359,1023796324,-5.278567,7.716853,-0.6828518,3
11590643211359,1026296324,-5.2250276,7.7775707,-0.5183452,3
11590645711359,1028796324,-5.163113,7.835896,-0.36640096,3
11590648211359,1031296324,-5.1086764,7.888538,-0.19351953,3
11590650711359,1033796324,-5.0769715,7.9576306,-0.038584266,3
11590653211359,1036296324,-5.027919,8.008179,0.09571291,3
11590655711359,1038796324,-4.9863434,8.049156,0.20697916,3
11590658211359,1041296324,-4.9513483,8.071888,0.276371,3
11590660711359,1043796324,-4.9325047,8.072486,0.32542387,3
11590663211359,1046296324,-4.92742,8.077271,0.35353956,3
11590665711359,1048796324,-4.9345984,8.068598,0.34516466,3
11590668211359,1051296324,-4.9770713,8.073085,0.32243285,3
11590670711359,1053796324,-5.026722,8.063812,0.29312077,3
11590673211359,1056296324,-5.0862436,8.095218,0.27337998,3
11590675711359,1058796324,-5.1735816,8.136495,0.232702,3
11590678211359,1061296324,-5.258228,8.1789665,0.16331014,3
11590680711359,1063796324,-5.3566327,8.216654,0.07507481,3
11590683211359,1066296324,-5.447261,8.261519,-0.020937199,3
11590685711359,1068796324,-5.5280185,8.308778,-0.11395818,3
11590688211359,1071296324,-5.593821,8.325228,-0.22881366,3
11590690711359,1073796324,-5.631209,8.360822,-0.33110684,3
11590693211359,1076296324,-5.6611195,8.3994055,-0.41665024,3
11590695711359,1078796324,-5.666204,8.42782,-0.5135596,3
11590698211359,1081296324,-5.6671014,8.418549,-0.6233303,3
11590700711359,1083796324,-5.6189456,8.419446,-0.7498508,3
11590703211359,1086296324,-5.5447683,8.386544,-0.8757731,3
11590705711359,1088796324,-5.4628143,8.354839,-1.0268201,3
11590708211359,1091296324,-5.367101,8.309675,-1.1754742,3
11590710711359,1093796324,-5.276174,8.254341,-1.3070793,3
11590713211359,1096296324,-5.1607203,8.217851,-1.4228321,3
11590715711359,1098796324,-5.0545387,8.203493,-1.5293127,3
11590718211359,1101296324,-4.9716873,8.20798,-1.637588,3
11590720711359,1103796324,-4.901398,8.225926,-1.7491534,3
11590723211359,1106296324,-4.840082,8.245368,-1.8535402,3
11590725711359,1108796324,-4.8008995,8.25464,-1.9552352,3
11590728211359,1111296324,-4.779364,8.276773,-2.0350957,3
11590730711359,1113796324,-4.7623153,8.288439,-2.094019,3
11590733211359,1116296324,-4.7548375,8.302197,-2.1484556,3
11590735711359,1118796324,-4.7709894,8.318049,-2.1882362,3
11590738211359,1121296324,-4.79073,8.312068,-2.207977,3
11590740711359,1123796324,-4.8044887,8.306684,-2.2677977,3
11590743211359,1126296324,-4.829314,8.282456,-2.277668,3
11590745711359,1128796324,-4.8415775,8.258827,-2.312364,3
11590748211359,1131296324,-4.85743,8.240283,-2.3371894,3
11590750711359,1133796324,-4.8876395,8.239685,-2.3778675,3
11590753211359,1136296324,-4.913063,8.244769,-2.3608186,3
11590755711359,1138796324,-4.936692,8.2660055,-2.3697917,3
11590758211359,1141296324,-4.9674997,8.280662,-2.3662026,3
11590760711359,1143796324,-4.9980083,8.288737,-2.3778675,3
11590763211359,1146296324,-5.025825,8.307282,-2.376372,3
11590765711359,1148796324,-5.032106,8.295917,-2.3315065,3
11590768211359,1151296324,-5.026124,8.285447,-2.32702,3
11590770711359,1153796324,-5.026124,8.294122,-2.2725832,3
11590773211359,1156296324,-5.0105705,8.27139,-2.2292135,3
11590775711359,1158796324,-4.9881377,8.245069,-2.1723838,3
11590778211359,1161296324,-4.947759,8.217252,-2.1035903,3
11590780711359,1163796324,-4.912465,8.186444,-1.9917258,3
11590783211359,1166296324,-4.872684,8.1682,-1.8753748,3
11590785711359,1168796324,-4.846064,8.154141,-1.7560327,3
11590788211359,1171296324,-4.81406,8.153543,-1.6582261,3
11590790711359,1173796324,-4.8251266,8.173284,-1.5807585,3
11590793211359,1176296324,-4.835296,8.208578,-1.5071791,3
11590795711359,1178796324,-4.8418765,8.249556,-1.4234303,3
11590798211359,1181296324,-4.8732824,8.288139,-1.378565,3
11590800711359,1183796324,-4.9139605,8.337193,-1.3570296,3
11590803211359,1186296324,-4.95075,8.387142,-1.3471591,3
11590805711359,1188796324,-4.9722853,8.421539,-1.332204,3
11590808211359,1191296324,-4.989035,8.452047,-1.3420744,3
11590810711359,1193796324,-5.0120664,8.488539,-1.3247265,3
11590813211359,1196296324,-5.020441,8.521739,-1.334896,3
11590815711359,1198796324,-5.0165524,8.538189,-1.3351951,3
11590818211359,1201296324,-5.009374,8.5678005,-1.3462619,3
11590820711359,1203796324,-4.99083,8.588439,-1.3824533,3
11590823211359,1206296324,-4.982754,8.590532,-1.4204394,3
11590825711359,1208796324,-4.991129,8.59143,-1.4766706,3
11590828211359,1211296324,-4.9905305,8.585447,-1.5296118,3
11590830711359,1213796324,-4.9770713,8.59143,-1.5858432,3
11590833211359,1216296324,-4.9663033,8.585747,-1.6420746,3
11590835711359,1218796324,-4.9600224,8.583354,-1.7042879,3
11590838211359,1221296324,-4.9429736,8.571689,-1.7880367,3
11590840711359,1223796324,-4.910072,8.555239,-1.8526429,3
11590843211359,1226296324,-4.866702,8.535796,-1.9229321,3
11590845711359,1228796324,-4.8376894,8.522337,-1.9680966,3
11590848211359,1231296324,-4.7988057,8.526525,-2.0338993,3
11590850711359,1233796324,-4.7581277,8.513364,-2.0844476,3
11590853211359,1236296324,-4.7306104,8.50798,-2.1254246,3
11590855711359,1238796324,-4.6902313,8.486146,-2.1825533,3
11590858211359,1241296324,-4.6504507,8.450851,-2.2181466,3
11590860711359,1243796324,-4.610371,8.408977,-2.260021,3
11590863211359,1246296324,-4.5732822,8.3632145,-2.3027928,3
11590865711359,1248796324,-4.5484567,8.325228,-2.3410778,3
11590868211359,1251296324,-4.537988,8.293224,-2.34706,3
11590870711359,1253796324,-4.536493,8.26481,-2.3515465,3
11590873211359,1256296324,-4.560421,8.242078,-2.3159533,3
11590875711359,1258796324,-4.592425,8.2348995,-2.295315,3
11590878211359,1261296324,-4.632804,8.229217,-2.2456641,3
11590880711359,1263796324,-4.674379,8.236993,-2.1915264,3
11590883211359,1266296324,-4.7318068,8.239685,-2.1463618,3
11590885711359,1268796324,-4.7835517,8.239984,-2.1011975,3
11590888211359,1271296324,-4.852046,8.251051,-2.0410776,3
11590890711359,1273796324,-4.92413,8.268698,-1.977967,3
11590893211359,1276296324,-4.998307,8.286345,-1.9381863,3
11590895711359,1278796324,-5.063811,8.321639,-1.8729819,3
11590898211359,1281296324,-5.0955157,8.351849,-1.838286,3
11590900711359,1283796324,-5.1388855,8.383852,-1.8170497,3
11590903211359,1286296324,-5.178367,8.423633,-1.8167506,3
11590905711359,1288796324,-5.2073803,8.481061,-1.8242282,3
11590908211359,1291296324,-5.226822,8.5271225,-1.8442681,3
11590910711359,1293796324,-5.2292147,8.577372,-1.8864416,3
11590913211359,1296296324,-5.2345986,8.619844,-1.9402801,3
11590915711359,1298796324,-5.2549376,8.669196,-2.0051854,3
11590918211359,1301296324,-5.272585,8.715259,-2.0811574,3
11590920711359,1303796324,-5.282156,8.735298,-2.1305094,3
11590923211359,1306296324,-5.2929235,8.742178,-2.1996021,3
11590925711359,1308796324,-5.2929235,8.753544,-2.2444677,3
11590928211359,1311296324,-5.271388,8.76491,-2.2857437,3
11590930711359,1313796324,-5.232505,8.748159,-2.3087747,3
11590933211359,1316296324,-5.175077,8.735298,-2.3228326,3
11590935711359,1318796324,-5.111667,8.70479,-2.3344977,3
11590938211359,1321296324,-5.035097,8.668598,-2.356033,3
11590940711359,1323796324,-4.9489555,8.644969,-2.3632114,3
11590943211359,1326296324,-4.8882375,8.6090765,-2.3715863,3
11590945711359,1328796324,-4.8188457,8.556135,-2.39372,3
11590948211359,1331296324,-4.7715874,8.512466,-2.3916261,3
11590950711359,1333796324,-4.7045884,8.438289,-2.3862424,3
11590953211359,1336296324,-4.641777,8.372486,-2.359024,3
11590955711359,1338796324,-4.5894337,8.333005,-2.3111675,3
11590958211359,1341296324,-4.543671,8.284551,-2.2378874,3
11590960711359,1343796324,-4.508975,8.27797,-2.184049,3
11590963211359,1346296324,-4.4841495,8.275876,-2.1227329,3
11590965711359,1348796324,-4.475476,8.281858,-2.0656042,3
11590968211359,1351296324,-4.462614,8.300702,-2.013261,3
11590970711359,1353796324,-4.4521456,8.300702,-1.9462621,3
11590973211359,1356296324,-4.4398823,8.312666,-1.9130617,3
11590975711359,1358796324,-4.45065,8.325527,-1.8493528,3
11590978211359,1361296324,-4.4724846,8.341679,-1.7955143,3
11590980711359,1363796324,-4.4979086,8.347362,-1.7300107,3
11590983211359,1366296324,-4.5469613,8.362915,-1.6821543,3
11590985711359,1368796324,-4.596014,8.386544,-1.6139588,3
11590988211359,1371296324,-4.6375895,8.406285,-1.5672989,3
11590990711359,1373796324,-4.6710887,8.420642,-1.5257236,3
11590993211359,1376296324,-4.705187,8.444869,-1.4928222,3
11590995711359,1378796324,-4.727021,8.458329,-1.4596218,3
11590998211359,1381296324,-4.7575297,8.469695,-1.4712868,3
11591000711359,1383796324,-4.77398,8.458329,-1.4422739,3
11591003211359,1386296324,-4.7862434,8.4451685,-1.430908,3
11591005711359,1388796324,-4.8044887,8.426923,-1.4476577,3
11591008211359,1391296324,-4.829314,8.419446,-1.4715859,3
11591010711359,1393796324,-4.836792,8.410473,-1.4739788,3
11591013211359,1396296324,-4.845765,8.413464,-1.4931214,3
11591015711359,1398796324,-4.8568316,8.41795,-1.5263218,3
11591018211359,1401296324,-4.86072,8.411071,-1.5577276,3
11591020711359,1403796324,-4.8699923,8.402397,-1.5936198,3
11591023211359,1406296324,-4.859524,8.39821,-1.6438692,3
11591025711359,1408796324,-4.8750772,8.395517,-1.6890336,3
11591028211359,1411296324,-4.874479,8.386245,-1.7374884,3
11591030711359,1413796324,-4.8678985,8.36441,-1.7748762,3
11591033211359,1416296324,-4.863113,8.35783,-1.8302102,3
11591035711359,1418796324,-4.848457,8.331808,-1.8867407,3
11591038211359,1421296324,-4.846363,8.310572,-1.9328024,3
11591040711359,1423796324,-4.8451667,8.293822,-1.974976,3
11591043211359,1426296324,-4.842774,8.288737,-2.050649,3
11591045711359,1428796324,-4.857729,8.275278,-2.1134605,3
11591048211359,1431296324,-4.8655057,8.265408,-2.1708884,3
11591050711359,1433796324,-4.875376,8.249556,-2.2169502,3
11591053211359,1436296324,-4.8768716,8.239685,-2.2666013,3
11591055711359,1438796324,-4.866403,8.228618,-2.2857437,3
11591058211359,1441296324,-4.8562336,8.230113,-2.3012972,3
11591060711359,1443796324,-4.8448677,8.215756,-2.3060827,3
11591063211359,1446296324,-4.8251266,8.21127,-2.2971098,3
11591065711359,1448796324,-4.812864,8.214261,-2.2845473,3
11591068211359,1451296324,-4.8003016,8.20469,-2.2594228,3
11591070711359,1453796324,-4.7766724,8.203195,-2.2181466,3
11591073211359,1456296324,-4.7674,8.189734,-2.1816561,3
11591075711359,1458796324,-4.756034,8.184949,-2.1565313,3
11591078211359,1461296324,-4.7434716,8.1789665,-2.1499512,3
11591080711359,1463796324,-4.727619,8.183454,-2.1454647,3
11591083211359,1466296324,-4.724329,8.166405,-2.138286,3
11591085711359,1468796324,-4.733003,8.159226,-2.1329024,3
11591088211359,1471296324,-4.7318068,8.165507,-2.1275184,3
11591090711359,1473796324,-4.755137,8.151449,-2.1191435,3
11591093211359,1476296324,-4.775775,8.128419,-2.1026928,3
11591095711359,1478796324,-4.788935,8.115856,-2.047359,3
11591098211359,1481296324,-4.801797,8.112566,-1.986641,3
11591100711359,1483796324,-4.8245287,8.100901,-1.9444675,3
11591103211359,1486296324,-4.831109,8.078169,-1.8717855,3
11591105711359,1488796324,-4.854439,8.0614195,-1.8095721,3
11591108211359,1491296324,-4.871787,8.065906,-1.7599211,3
11591110711359,1493796324,-4.8885365,8.059027,-1.6974086,3
11591113211359,1496296324,-4.8858447,8.074281,-1.6716857,3
11591115711359,1498796324,-4.8990054,8.077271,-1.6292131,3
11591118211359,1501296324,-4.903791,8.079665,-1.6193427,3
11591120711359,1503796324,-4.9214377,8.078768,-1.6070795,3
11591123211359,1506296324,-4.9289155,8.073085,-1.6073786,3
11591125711359,1508796324,-4.94417,8.068299,-1.6100706,3
11591128211359,1511296324,-4.944469,8.041678,-1.6435701,3
11591130711359,1513796324,-4.9731827,8.019246,-1.6806588,3
11591133211359,1516296324,-4.99083,8.007282,-1.713261,3
11591135711359,1518796324,-5.0222354,8.002197,-1.7566309,3
11591138211359,1521296324,-5.0593243,7.9923267,-1.8332013,3
11591140711359,1523796324,-5.0826545,7.982157,-1.8816559,3
11591143211359,1526296324,-5.113163,7.9884386,-1.9513469,3
11591145711359,1528796324,-5.151149,8.014461,-2.0207388,3
11591148211359,1531296324,-5.1664033,8.027621,-2.076671,3
11591150711359,1533796324,-5.1810594,8.041978,-2.11705,3
11591153211359,1536296324,-5.1882377,8.043773,-2.1774685,3
11591155711359,1538796324,-5.2016973,8.058429,-2.2157538,3
11591158211359,1541296324,-5.211867,8.062017,-2.2576282,3
11591160711359,1543796324,-5.206483,8.070093,-2.277668,3
11591163211359,1546296324,-5.2112684,8.0766735,-2.2944179,3
11591165711359,1548796324,-5.1936216,8.070991,-2.2818556,3
11591168211359,1551296324,-5.191827,8.070991,-2.2618155,3
11591170711359,1553796324,-5.1667023,8.085946,-2.2372892,3
11591173211359,1556296324,-5.1406803,8.085647,-2.2175484,3
11591175711359,1558796324,-5.10748,8.085049,-2.1942184,3
11591178211359,1561296324,-5.0712886,8.077571,-2.1424735,3
11591180711359,1563796324,-5.020142,8.094321,-2.1260228,3
11591183211359,1566296324,-4.988437,8.105986,-2.1017957,3
11591185711359,1568796324,-4.9417768,8.112267,-2.0904298,3
11591188211359,1571296324,-4.896014,8.109276,-2.067997,3
11591190711359,1573796324,-4.851448,8.077571,-2.070988,3
11591193211359,1576296324,-4.8032923,8.072486,-2.0694926,3
11591195711359,1578796324,-4.7742796,8.050353,-2.0413768,3
11591198211359,1581296324,-4.744668,8.020741,-2.0006988,3
11591200711359,1583796324,-4.7371907,8.009076,-1.9758734,3
11591203211359,1586296324,-4.752146,7.998907,-1.9336998,3
11591205711359,1588796324,-4.77398,8.025826,-1.8801605,3
11591208211359,1591296324,-4.8003016,8.012965,-1.8125632,3
11591210711359,1593796324,-4.8266225,8.023434,-1.7877376,3
11591213211359,1596296324,-4.855037,8.044071,-1.7470596,3
11591215711359,1598796324,-4.8762736,8.052147,-1.701596,3
11591218211359,1601296324,-4.8996034,8.05783,-1.6453646,3
11591220711359,1603796324,-4.914858,8.0614195,-1.5801603,3
11591223211359,1606296324,-4.9289155,8.051549,-1.5681962,3
11591225711359,1608796324,-4.948058,8.065308,-1.5478572,3
11591228211359,1611296324,-4.965406,8.072486,-1.5278172,3
11591230711359,1613796324,-4.9812584,8.079066,-1.5433706,3
11591233211359,1616296324,-4.9992046,8.1071825,-1.5672989,3
11591235711359,1618796324,-4.9959145,8.095517,-1.6292131,3
11591238211359,1621296324,-4.9995036,8.108378,-1.7985053,3
11591240711359,1623796324,-5.002794,8.121839,-1.9992033,3
11591243211359,1626296324,-5.028517,8.143971,-2.1400807,3
11591245711359,1628796324,-5.042874,8.17478,-2.2010977,3
11591248211359,1631296324,-5.0515475,8.216953,-2.262713,3
11591250711359,1633796324,-5.052744,8.23819,-2.2962124,3
11591253211359,1636296324,-5.046463,8.251948,-2.3045874,3
11591255711359,1638796324,-5.051847,8.263613,-2.300699,3
11591258211359,1641296324,-5.0473604,8.275876,-2.3135605,3
11591260711359,1643796324,-5.058427,8.279166,-2.2962124,3
11591263211359,1646296324,-5.0593243,8.289635,-2.3060827,3
11591265711359,1648796324,-5.076373,8.306684,-2.286043,3
11591268211359,1651296324,-5.1053863,8.319246,-2.2615166,3
11591270711359,1653796324,-5.1349974,8.335098,-2.2677977,3
11591273211359,1656296324,-5.158028,8.358429,-2.228017,3
11591275711359,1658796324,-5.17747,8.36441,-2.1924238,3
11591278211359,1661296324,-5.1771708,8.36441,-2.1532412,3
11591280711359,1663796324,-5.1646085,8.353942,-2.1272194,3
11591283211359,1666296324,-5.124529,8.343473,-2.1000009,3
11591285711359,1668796324,-5.098806,8.309376,-2.0635104,3
11591288211359,1671296324,-5.046164,8.285149,-2.0359929,3
11591290711359,1673796324,-5.00399,8.253144,-2.0117657,3
11591293211359,1676296324,-4.953741,8.210971,-1.9764715,3
11591295711359,1678796324,-4.893023,8.184351,-1.9396819,3
11591298211359,1681296324,-4.8418765,8.175976,-1.9238294,3
11591300711359,1683796324,-4.812864,8.151749,-1.9175483,3
11591303211359,1686296324,-4.779065,8.126026,-1.879263,3
11591305711359,1688796324,-4.7548375,8.115557,-1.8520447,3
11591308211359,1691296324,-4.7362933,8.10778,-1.8346968,3
11591310711359,1693796324,-4.7509494,8.10778,-1.8095721,3
11591313211359,1696296324,-4.7623153,8.087741,-1.7668004,3
11591315711359,1698796324,-4.792525,8.073982,-1.7333009,3
11591318211359,1701296324,-4.819743,8.075478,-1.713261,3
11591320711359,1703796324,-4.8589253,8.073383,-1.6962122,3
11591323211359,1706296324,-4.9232326,8.084749,-1.6797615,3
11591325711359,1708796324,-4.9666023,8.104191,-1.7006987,3
11591328211359,1711296324,-5.0132627,8.123932,-1.7300107,3
11591330711359,1713796324,-5.0458646,8.1344,-1.768595,3
11591333211359,1716296324,-5.0674,8.145468,-1.7991035,3
11591335711359,1718796324,-5.089833,8.158329,-1.8203398,3
11591338211359,1721296324,-5.098208,8.159226,-1.8448663,3
11591340711359,1723796324,-5.119444,8.175378,-1.8828523,3
11591343211359,1726296324,-5.1379886,8.193922,-1.8894325,3
11591345711359,1728796324,-5.18076,8.19811,-1.9037895,3
11591348211359,1731296324,-5.1867423,8.215158,-1.9091734,3
11591350711359,1733796324,-5.191528,8.228319,-1.8858434,3
11591353211359,1736296324,-5.2163534,8.259425,-1.8879371,3
11591355711359,1738796324,-5.226822,8.261818,-1.8951155,3
11591358211359,1741296324,-5.219045,8.278568,-1.9034904,3
11591360711359,1743796324,-5.2169514,8.293523,-1.9193429,3
11591363211359,1746296324,-5.198407,8.308179,-1.9480567,3
11591365711359,1748796324,-5.1753764,8.298309,-1.9908284,3
11591368211359,1751296324,-5.1526446,8.303693,-2.030908,3
11591370711359,1753796324,-5.126323,8.30788,-2.0614166,3
11591373211359,1756296324,-5.1158547,8.2914295,-2.0841484,3
11591375711359,1758796324,-5.1014977,8.2761755,-2.1182463,3
11591378211359,1761296324,-5.076373,8.269595,-2.1272194,3
11591380711359,1763796324,-5.046164,8.240283,-2.0931215,3
11591383211359,1766296324,-5.032405,8.2346,-2.0662024,3
11591385711359,1768796324,-5.0327044,8.219047,-2.0285153,3
11591388211359,1771296324,-5.021039,8.213663,-1.96361,3
11591390711359,1773796324,-5.0195436,8.207083,-1.899602,3
11591393211359,1776296324,-5.003392,8.208878,-1.8502501,3
11591395711359,1778796324,-4.9977093,8.203195,-1.7958134,3
11591398211359,1781296324,-4.970491,8.197512,-1.7632111,3
11591400711359,1783796324,-4.9495535,8.182856,-1.7096717,3
11591403211359,1786296324,-4.9214377,8.176574,-1.6627127,3
11591405711359,1788796324,-4.9022956,8.16461,-1.6268203,3
11591408211359,1791296324,-4.903791,8.160422,-1.588236,3
11591410711359,1793796324,-4.90738,8.17119,-1.5475581,3
11591413211359,1796296324,-4.9085765,8.179864,-1.498206,3
11591415711359,1798796324,-4.910072,8.200502,-1.4856437,3
11591418211359,1801296324,-4.9196434,8.215158,-1.4539388,3
11591420711359,1803796324,-4.9256253,8.234301,-1.4509479,3
11591423211359,1806296324,-4.939384,8.2348995,-1.4587245,3
11591425711359,1808796324,-4.959424,8.252247,-1.5029917,3
11591428211359,1811296324,-4.949853,8.254042,-1.5302101,3
11591430711359,1813796324,-4.9579287,8.249556,-1.5738791,3
11591433211359,1816296324,-4.962415,8.248359,-1.6208383,3
11591435711359,1818796324,-4.9731827,8.247163,-1.6755741,3
11591438211359,1821296324,-4.9863434,8.257631,-1.7135601,3
11591440711359,1823796324,-4.995017,8.266604,-1.7458632,3
11591443211359,1826296324,-4.998307,8.274081,-1.782952,3
11591445711359,1828796324,-4.985147,8.271688,-1.8053846,3
11591448211359,1831296324,-4.9672008,8.281559,-1.814956,3
11591450711359,1833796324,-4.9695935,8.280363,-1.8454645,3
11591453211359,1836296324,-4.971089,8.302197,-1.8565313,3
11591455711359,1838796324,-4.982156,8.303095,-1.8562322,3
11591458211359,1841296324,-4.985147,8.303095,-1.8571295,3
11591460711359,1843796324,-4.9980083,8.293224,-1.8658035,3
11591463211359,1846296324,-5.015057,8.3015995,-1.8684953,3
11591465711359,1848796324,-5.046762,8.29771,-1.8664017,3
11591468211359,1851296324,-5.055436,8.313563,-1.8505492,3
11591470711359,1853796324,-5.0919266,8.33151,-1.8248264,3
11591473211359,1856296324,-5.101797,8.328518,-1.7886349,3
11591475711359,1858796324,-5.0958147,8.339286,-1.7527425,3
11591478211359,1861296324,-5.092824,8.336295,-1.7129619,3
11591480711359,1863796324,-5.0850472,8.343174,-1.6857436,3
11591483211359,1866296324,-5.0533423,8.349156,-1.6471593,3
11591485711359,1868796324,-5.0084767,8.353643,-1.593919,3
11591488211359,1871296324,-4.961817,8.343174,-1.5556338,3
11591490711359,1873796324,-4.9061837,8.347063,-1.5155541,3
11591493211359,1876296324,-4.875974,8.339286,-1.500898,3
11591495711359,1878796324,-4.8358946,8.329715,-1.4808581,3
11591498211359,1881296324,-4.811069,8.336893,-1.4668003,3
11591500711359,1883796324,-4.7856455,8.334201,-1.4659029,3
11591503211359,1886296324,-4.773382,8.318947,-1.4727824,3
11591505711359,1888796324,-4.7425747,8.30459,-1.489233,3
11591508211359,1891296324,-4.725526,8.306385,-1.5080764,3
11591510711359,1893796324,-4.72403,8.306385,-1.5233307,3
11591513211359,1896296324,-4.731209,8.299805,-1.5403795,3
11591515711359,1898796324,-4.743771,8.29801,-1.5672989,3
11591518211359,1901296324,-4.770391,8.304889,-1.5580267,3
11591520711359,1903796324,-4.8029933,8.309675,-1.5723835,3
11591523211359,1906296324,-4.8385863,8.309076,-1.5696917,3
11591525711359,1908796324,-4.889733,8.3174515,-1.5595222,3
11591528211359,1911296324,-4.881657,8.320442,-1.5669997,3
11591530711359,1913796324,-4.889135,8.323732,-1.5813566,3
11591533211359,1916296324,-4.9348974,8.340183,-1.5364913,3
11591535711359,1918796324,-4.9806604,8.350054,-1.4841483,3
11591538211359,1921296324,-4.996513,8.36471,-1.4395819,3
11591540711359,1923796324,-5.0084767,8.3835535,-1.3893327,3
11591543211359,1926296324,-5.002495,8.385946,-1.3351951,3
11591545711359,1928796324,-4.9860444,8.382656,-1.3052847,3
11591548211359,1931296324,-4.9770713,8.384451,-1.285843,3
11591550711359,1933796324,-4.9878387,8.370393,-1.2335001,3
11591553211359,1936296324,-4.97079,8.379366,-1.215853,3
11591555711359,1938796324,-4.9525447,8.379366,-1.2221341,3
11591558211359,1941296324,-4.959723,8.395218,-1.238884,3
11591560711359,1943796324,-4.942076,8.393424,-1.265205,3
11591563211359,1946296324,-4.935795,8.393424,-1.3058829,3
11591565711359,1948796324,-4.950152,8.390732,-1.3531412,3
11591568211359,1951296324,-4.9456654,8.393125,-1.3890336,3
11591570711359,1953796324,-4.9268217,8.370393,-1.4321043,3
11591573211359,1956296324,-4.9049873,8.347661,-1.4979069,3
11591575711359,1958796324,-4.85743,8.322536,-1.5424733,3
11591578211359,1961296324,-4.83739,8.300103,-1.5915262,3
11591580711359,1963796324,-4.807779,8.283054,-1.6118652,3
11591583211359,1966296324,-4.8152566,8.280662,-1.617249,3
11591585711359,1968796324,-4.801797,8.273483,-1.6211374,3
11591588211359,1971296324,-4.7841496,8.273483,-1.6331015,3
11591590711359,1973796324,-4.7970114,8.270791,-1.614557,3
11591593211359,1976296324,-4.821837,8.28784,-1.5762719,3
11591595711359,1978796324,-4.8436713,8.2761755,-1.5553347,3
11591598211359,1981296324,-4.8341,8.258827,-1.5170496,3
11591600711359,1983796324,-4.8529434,8.245966,-1.4784653,3
11591603211359,1986296324,-4.834698,8.229515,-1.4228321,3
11591605711359,1988796324,-4.826024,8.2014,-1.3803595,3
11591608211359,1991296324,-4.7952166,8.180761,-1.343869,3
11591610711359,1993796324,-4.84068,8.179266,-1.2789637,3
11591613211359,1996296324,-4.816752,8.162815,-1.2616158,3
11591615711359,1998796324,-4.787739,8.169395,-1.233201,3
11591618211359,2001296324,-4.726124,8.163115,-1.2308081,3
11591620711359,2003796324,-4.7428737,8.169695,-1.2125629,3
11591623211359,2006296324,-4.7835517,8.201998,-1.1943176,3
11591625711359,2008796324,-4.82064,8.207681,-1.1916257,3
11591628211359,2011296324,-4.8586264,8.218449,-1.1712867,3
11591630711359,2013796324,-4.9031925,8.225926,-1.1790633,3
11591633211359,2016296324,-4.9103713,8.219645,-1.1928221,3
11591635711359,2018796324,-4.93729,8.241778,-1.2062817,3
11591638211359,2021296324,-5.0222354,8.269595,-1.2092727,3
11591640711359,2023796324,-5.093123,8.290234,-1.21017,3
11591643211359,2026296324,-5.1323056,8.3015995,-1.2385849,3
11591645711359,2028796324,-5.1026945,8.313862,-1.2732807,3
11591648211359,2031296324,-5.1418767,8.317751,-1.2466606,3
11591650711359,2033796324,-5.183452,8.351849,-1.2520444,3
11591653211359,2036296324,-5.1661043,8.359027,-1.2702898,3
11591655711359,2038796324,-5.1870413,8.373085,-1.2903296,3
11591658211359,2041296324,-5.1885366,8.370093,-1.3121641,3
11591660711359,2043796324,-5.1529436,8.359625,-1.3277174,3
11591663211359,2046296324,-5.1616178,8.346464,-1.3561323,3
11591665711359,2048796324,-5.1469617,8.340483,-1.3624134,3
11591668211359,2051296324,-5.145466,8.324331,-1.3935201,3
11591670711359,2053796324,-5.13081,8.30459,-1.4141582,3
11591673211359,2056296324,-5.1125646,8.29771,-1.4117653,3
11591675711359,2058796324,-5.115556,8.274381,-1.410868,3
11591678211359,2061296324,-5.1323056,8.274979,-1.425225,3
11591680711359,2063796324,-5.096413,8.258529,-1.4383855,3
11591683211359,2066296324,-5.105685,8.251349,-1.434198,3
11591685711359,2068796324,-5.072186,8.24118,-1.4264214,3
11591688211359,2071296324,-5.072784,8.239086,-1.4338989,3
11591690711359,2073796324,-5.0662036,8.245368,-1.3953147,3
11591693211359,2076296324,-5.0808597,8.237591,-1.3710874,3
11591695711359,2078796324,-5.090431,8.246564,-1.3417753,3
11591698211359,2081296324,-5.1050873,8.249556,-1.326521,3
11591700711359,2083796324,-5.102096,8.2507515,-1.2780664,3
11591703211359,2086296324,-5.0826545,8.230712,-1.2777673,3
11591705711359,2088796324,-5.1269217,8.209774,-1.2607185,3
11591708211359,2091296324,-5.1287165,8.190034,-1.2756736,3
11591710711359,2093796324,-5.1182475,8.1789665,-1.2864413,3
11591713211359,2096296324,-5.116752,8.192725,-1.3007982,3
11591715711359,2098796324,-5.1966124,8.210373,-1.279861,3
11591718211359,2101296324,-5.229514,8.210671,-1.2771691,3
11591720711359,2103796324,-5.259723,8.223534,-1.2574283,3
11591723211359,2106296324,-5.311169,8.233703,-1.2343974,3
11591725711359,2108796324,-5.3153563,8.232805,-1.2203395,3
11591728211359,2111296324,-5.3386865,8.250452,-1.2233306,3
11591730711359,2113796324,-5.346463,8.267501,-1.2164512,3
11591733211359,2116296324,-5.3449674,8.284551,-1.20688,3
11591735711359,2118796324,-5.360521,8.307282,-1.1895319,3
11591738211359,2121296324,-5.386244,8.318648,-1.1844472,3
11591740711359,2123796324,-5.3907304,8.335996,-1.2074782,3
11591743211359,2126296324,-5.395815,8.349156,-1.2074782,3
11591745711359,2128796324,-5.3853464,8.3348,-1.2230315,3
11591748211359,2131296324,-5.3530436,8.320442,-1.2263216,3
11591750711359,2133796324,-5.308776,8.318947,-1.244866,3
11591753211359,2136296324,-5.2770715,8.327621,-1.2442678,3
11591755711359,2138796324,-5.2441697,8.318349,-1.256531,3
11591758211359,2141296324,-5.1933227,8.309376,-1.2894323,3
11591760711359,2143796324,-5.1643095,8.310273,-1.2894323,3
11591763211359,2146296324,-5.1239305,8.337193,-1.3166506,3
11591765711359,2148796324,-5.0769715,8.326425,-1.3226327,3
11591768211359,2151296324,-5.0416775,8.326125,-1.3546367,3
11591770711359,2153796324,-4.988437,8.3123665,-1.3923237,3
11591773211359,2156296324,-4.9522457,8.303095,-1.4273187,3
11591775711359,2158796324,-4.913362,8.292027,-1.4599209,3
11591778211359,2161296324,-4.883751,8.275278,-1.4533406,3
11591780711359,2163796324,-4.8559346,8.263314,-1.4808581,3
11591783211359,2166296324,-4.8248277,8.257631,-1.489233,3
11591785711359,2168796324,-4.816752,8.245368,-1.4596218,3
11591788211359,2171296324,-4.8098726,8.247163,-1.4132608,3
11591790711359,2173796324,-4.793721,8.239984,-1.3830515,3
11591793211359,2176296324,-4.822734,8.248658,-1.3310076,3
11591795711359,2178796324,-4.848158,8.246564,-1.2750753,3
11591798211359,2181296324,-4.881358,8.239984,-1.2206386,3
11591800711359,2183796324,-4.9169517,8.251349,-1.1739786,3
11591803211359,2186296324,-4.9713883,8.259127,-1.1443675,3
11591805711359,2188796324,-5.0012984,8.267202,-1.114158,3
11591808211359,2191296324,-5.0596237,8.266305,-1.1042876,3
11591810711359,2193796324,-5.0940204,8.268398,-1.079163,3
11591813211359,2196296324,-5.1158547,8.295917,-1.0740783,3
11591815711359,2198796324,-5.1412787,8.306684,-1.0698909,3
11591818211359,2201296324,-5.15743,8.312068,-1.0639088,3
11591820711359,2203796324,-5.1720862,8.324929,-1.0818549,3
11591823211359,2206296324,-5.1622157,8.322536,-1.1042876,3
11591825711359,2208796324,-5.1589255,8.318349,-1.1183455,3
11591828211359,2211296324,-5.149055,8.32463,-1.1386845,3
11591830711359,2213796324,-5.139484,8.312068,-1.1524432,3
11591833211359,2216296324,-5.1257253,8.314161,-1.1817553,3
11591835711359,2218796324,-5.122734,8.316554,-1.2152548,3
11591838211359,2221296324,-5.113761,8.315956,-1.2523435,3
11591840711359,2223796324,-5.1014977,8.322237,-1.2990036,3
11591843211359,2226296324,-5.074579,8.318947,-1.3298112,3
11591845711359,2228796324,-5.03749,8.322536,-1.3887345,3
11591848211359,2231296324,-5.0219364,8.333304,-1.4288142,3
11591850711359,2233796324,-5.0309095,8.350353,-1.4333007,3
11591853211359,2236296324,-5.0626144,8.354839,-1.4533406,3
11591855711359,2238796324,-5.0880384,8.359625,-1.4473586,3
11591858211359,2241296324,-5.0865426,8.350951,-1.4356936,3
11591860711359,2243796324,-5.0940204,8.344371,-1.4288142,3
11591863211359,2246296324,-5.1014977,8.345567,-1.4276178,3
11591865711359,2248796324,-5.113462,8.336594,-1.4069797,3
11591868211359,2251296324,-5.1029935,8.326425,-1.3881363,3
11591870711359,2253796324,-5.104788,8.324032,-1.4003994,3
11591873211359,2256296324,-5.105685,8.326125,-1.4001004,3
11591875711359,2258796324,-5.109873,8.339286,-1.3977076,3
11591878211359,2261296324,-5.122435,8.350054,-1.3791631,3
11591880711359,2263796324,-5.11077,8.343473,-1.3510475,3
11591883211359,2266296324,-5.098806,8.352746,-1.355235,3
11591885711359,2268796324,-5.1062837,8.341081,-1.3414762,3
11591888211359,2271296324,-5.1011987,8.347661,-1.3423735,3
11591890711359,2273796324,-5.092525,8.334201,-1.3495519,3
11591893211359,2276296324,-5.109574,8.326425,-1.364208,3
11591895711359,2278796324,-5.105984,8.320442,-1.3716856,3
11591898211359,2281296324,-5.0883374,8.305488,-1.4045869,3
11591900711359,2283796324,-5.0829535,8.292925,-1.4001004,3
11591903211359,2286296324,-5.0715876,8.287242,-1.3791631,3
11591905711359,2288796324,-5.063811,8.291729,-1.3812568,3
11591908211359,2291296324,-5.0805607,8.287242,-1.3746766,3
11591910711359,2293796324,-5.0697927,8.277671,-1.3570296,3
11591913211359,2296296324,-5.061119,8.287242,-1.3713865,3
11591915711359,2298796324,-5.0739803,8.282157,-1.3597214,3
11591918211359,2301296324,-5.078467,8.262117,-1.3543376,3
11591920711359,2303796324,-5.076074,8.247163,-1.3396816,3
11591923211359,2306296324,-5.090431,8.246265,-1.3316058,3
11591925711359,2308796324,-5.1083775,8.240582,-1.3354942,3
11591928211359,2311296324,-5.1272206,8.236395,-1.3316058,3
11591930711359,2313796324,-5.1346984,8.224132,-1.326222,3
11591933211359,2316296324,-5.1592245,8.230113,-1.3070793,3
11591935711359,2318796324,-5.171488,8.218149,-1.2873386,3
11591938211359,2321296324,-5.183153,8.219645,-1.2897314,3
11591940711359,2323796324,-5.192724,8.225627,-1.2864413,3
11591943211359,2326296324,-5.192724,8.23101,-1.2711871,3
11591945711359,2328796324,-5.1753764,8.221739,-1.268196,3
11591948211359,2331296324,-5.143073,8.21127,-1.2640085,3
11591950711359,2333796324,-5.144569,8.209774,-1.2664014,3
11591953211359,2336296324,-5.1379886,8.208878,-1.2646067,3
11591955711359,2338796324,-5.115257,8.213064,-1.2672987,3
11591958211359,2341296324,-5.1008997,8.207381,-1.2915261,3
11591960711359,2343796324,-5.0859447,8.215158,-1.3022938,3
11591963211359,2346296324,-5.091029,8.206485,-1.3124632,3
11591965711359,2348796324,-5.090431,8.205288,-1.3307085,3
11591968211359,2351296324,-5.0799623,8.19781,-1.3549358,3
11591970711359,2353796324,-5.0883374,8.188539,-1.3815559,3
11591973211359,2356296324,-5.086842,8.203195,-1.3767704,3
11591975711359,2358796324,-5.117051,8.187342,-1.3959129,3
11591978211359,2361296324,-5.1385865,8.193623,-1.4090735,3
11591980711359,2363796324,-5.1589255,8.201698,-1.4273187,3
11591983211359,2366296324,-5.1729836,8.211569,-1.4386846,3
11591985711359,2368796324,-5.1717873,8.199605,-1.442573,3
11591988211359,2371296324,-5.1759744,8.205587,-1.4389837,3
11591990711359,2373796324,-5.1589255,8.206485,-1.4228321,3
11591993211359,2376296324,-5.1475596,8.222337,-1.4111671,3
11591995711359,2378796324,-5.145466,8.220243,-1.3914263,3
11591998211359,2381296324,-5.145466,8.223234,-1.3830515,3
11592000711359,2383796324,-5.130212,8.2253275,-1.3654044,3
11592003211359,2386296324,-5.1203413,8.219944,-1.3280165,3
11592005711359,2388796324,-5.1122656,8.216354,-1.3151551,3
11592008211359,2391296324,-5.11077,8.204391,-1.2915261,3
11592010711359,2393796324,-5.1006007,8.206185,-1.2711871,3
11592013211359,2396296324,-5.102395,8.193922,-1.2550355,3
11592015711359,2398796324,-5.092525,8.198708,-1.2481561,3
11592018211359,2401296324,-5.105984,8.181359,-1.2526426,3
11592020711359,2403796324,-5.1029935,8.181958,-1.2601203,3
11592023211359,2406296324,-5.113163,8.180463,-1.2672987,3
11592025711359,2408796324,-5.130511,8.182257,-1.2930216,3
11592028211359,2411296324,-5.1493545,8.184949,-1.3002,3
11592030711359,2413796324,-5.165207,8.196913,-1.3103695,3
11592033211359,2416296324,-5.183751,8.198708,-1.3399807,3
11592035711359,2418796324,-5.1963134,8.211868,-1.3695918,3
11592038211359,2421296324,-5.2049875,8.214261,-1.3917254,3
11592040711359,2423796324,-5.1999025,8.223832,-1.4183456,3
11592043211359,2426296324,-5.1822557,8.2348995,-1.4186447,3
11592045711359,2428796324,-5.148457,8.2346,-1.4291133,3
11592048211359,2431296324,-5.124828,8.238788,-1.4144573,3
11592050711359,2433796324,-5.087739,8.220542,-1.398904,3
11592053211359,2436296324,-5.0644093,8.206185,-1.361217,3
11592055711359,2438796324,-5.0359945,8.2014,-1.3450655,3
11592058211359,2441296324,-5.023133,8.187042,-1.3121641,3
11592060711359,2443796324,-5.0048876,8.180163,-1.279861,3
11592063211359,2446296324,-5.0159545,8.189734,-1.2753744,3
11592065711359,2448796324,-5.0012984,8.176275,-1.2541381,3
11592068211359,2451296324,-5.0108695,8.169993,-1.250848,3
11592070711359,2453796324,-5.0192447,8.170293,-1.2430713,3
11592073211359,2456296324,-5.0306106,8.159226,-1.2586247,3
11592075711359,2458796324,-5.044369,8.156235,-1.2610176,3
11592078211359,2461296324,-5.0542397,8.16102,-1.2541381,3
11592080711359,2463796324,-5.058427,8.165807,-1.279861,3
11592083211359,2466296324,-5.0886364,8.1679,-1.3016955,3
11592085711359,2468796324,-5.1149573,8.166105,-1.3052847,3
11592088211359,2471296324,-5.1364927,8.17478,-1.3235301,3
11592090711359,2473796324,-5.1670012,8.190332,-1.3393825,3
11592093211359,2476296324,-5.1963134,8.193922,-1.3657036,3
11592095711359,2478796324,-5.215755,8.200203,-1.4036896,3
11592098211359,2481296324,-5.2429733,8.215458,-1.4213367,3
11592100711359,2483796324,-5.259424,8.212168,-1.4273187,3
11592103211359,2486296324,-5.260022,8.230113,-1.4443675,3
11592105711359,2488796324,-5.2609196,8.225627,-1.4769697,3
11592108211359,2491296324,-5.265705,8.229815,-1.4877375,3
11592110711359,2493796324,-5.2510495,8.228618,-1.4793626,3
11592113211359,2496296324,-5.226224,8.236395,-1.4527425,3
11592115711359,2498796324,-5.224429,8.244471,-1.4350954,3
11592118211359,2501296324,-5.218447,8.232207,-1.4096717,3
11592120711359,2503796324,-5.1993046,8.232507,-1.3737793,3
11592123211359,2506296324,-5.1879387,8.222337,-1.3351951,3
11592125711359,2508796324,-5.1822557,8.227122,-1.3130615,3
11592128211359,2511296324,-5.1696935,8.221141,-1.2924234,3
11592130711359,2513796324,-5.1469617,8.225627,-1.27687,3
11592133211359,2516296324,-5.1412787,8.222037,-1.2753744,3
11592135711359,2518796324,-5.1329036,8.214859,-1.282852,3
11592138211359,2521296324,-5.1233325,8.199306,-1.2831511,3
11592140711359,2523796324,-5.1239305,8.19452,-1.2936198,3
11592143211359,2526296324,-5.137091,8.204391,-1.2870395,3
11592145711359,2528796324,-5.1478586,8.206485,-1.2993027,3
11592148211359,2531296324,-5.1613183,8.210373,-1.3007982,3
11592150711359,2533796324,-5.1882377,8.230712,-1.3199408,3
11592153211359,2536296324,-5.2109694,8.222337,-1.3256238,3
11592155711359,2538796324,-5.2232327,8.244471,-1.3594223,3
11592158211359,2541296324,-5.234,8.240881,-1.3660027,3
11592160711359,2543796324,-5.24088,8.233105,-1.3779668,3
11592163211359,2546296324,-5.2402816,8.229815,-1.3968102,3
11592165711359,2548796324,-5.230112,8.247163,-1.4081762,3
11592168211359,2551296324,-5.232804,8.225926,-1.398904,3
11592170711359,2553796324,-5.211867,8.234002,-1.3821542,3
11592173211359,2556296324,-5.1942196,8.242676,-1.3555341,3
11592175711359,2558796324,-5.168497,8.239984,-1.3375878,3
11592178211359,2561296324,-5.127819,8.245966,-1.3091731,3
11592180711359,2563796324,-5.0970116,8.247461,-1.2996018,3
11592183211359,2566296324,-5.06411,8.252846,-1.3049856,3
11592185711359,2568796324,-5.031508,8.248059,-1.2864413,3
11592188211359,2571296324,-4.988736,8.246863,-1.2921243,3
11592190711359,2573796324,-4.973781,8.233403,-1.2996018,3
11592193211359,2576296324,-4.9519463,8.235198,-1.2756736,3
11592195711359,2578796324,-4.9402814,8.229815,-1.2969099,3
11592198211359,2581296324,-4.9289155,8.213364,-1.2744771,3
11592200711359,2583796324,-4.935197,8.207681,-1.2822539,3
11592203211359,2586296324,-4.939085,8.202895,-1.285843,3
11592205711359,2588796324,-4.962415,8.204091,-1.2756736,3
11592208211359,2591296324,-4.9845486,8.209176,-1.2732807,3
11592210711359,2593796324,-5.0162535,8.213064,-1.2840484,3
11592213211359,2596296324,-5.0330033,8.218747,-1.2939188,3
11592215711359,2598796324,-5.0682974,8.2346,-1.2957134,3
11592218211359,2601296324,-5.1006007,8.244471,-1.3100704,3
11592220711359,2603796324,-5.124828,8.245069,-1.3223336,3
11592223211359,2606296324,-5.1771708,8.250154,-1.3351951,3
11592225711359,2608796324,-5.1909294,8.259127,-1.3396816,3
11592228211359,2611296324,-5.194818,8.256734,-1.3411771,3
11592230711359,2613796324,-5.1933227,8.256434,-1.3564314,3
11592233211359,2616296324,-5.197211,8.240283,-1.3567305,3
11592235711359,2618796324,-5.1813583,8.245069,-1.3615161,3
11592238211359,2621296324,-5.1675997,8.254042,-1.3692927,3
11592240711359,2623796324,-5.1475596,8.241479,-1.355235,3
11592243211359,2626296324,-5.116752,8.232805,-1.343869,3
11592245711359,2628796324,-5.087739,8.2304125,-1.3399807,3
11592248211359,2631296324,-5.072784,8.227422,-1.3325031,3
11592250711359,2633796324,-5.052744,8.225627,-1.2984054,3
11592253211359,2636296324,-5.035695,8.225627,-1.2711871,3
11592255711359,2638796324,-5.0273204,8.23131,-1.2454642,3
11592258211359,2641296324,-5.0425744,8.2304125,-1.2179468,3
11592260711359,2643796324,-5.034798,8.224132,-1.204188,3
11592263211359,2646296324,-5.0389853,8.222636,-1.1823535,3
11592265711359,2648796324,-5.0383873,8.219047,-1.1611172,3
11592268211359,2651296324,-5.0536413,8.230712,-1.16351,3
11592270711359,2653796324,-5.0569315,8.251051,-1.1608181,3
11592273211359,2656296324,-5.0682974,8.25793,-1.1730813,3
11592275711359,2658796324,-5.0599227,8.259127,-1.1853445,3
11592278211359,2661296324,-5.043173,8.252247,-1.2047862,3
11592280711359,2663796324,-5.037191,8.254341,-1.2308081,3
11592283211359,2666296324,-5.022535,8.256734,-1.2502499,3
11592285711359,2668796324,-5.0312085,8.2710905,-1.2711871,3
11592288211359,2671296324,-5.034798,8.275578,-1.2990036,3
11592290711359,2673796324,-5.0341997,8.2914295,-1.3133606,3
11592293211359,2676296324,-5.0386863,8.300702,-1.3232309,3
11592295711359,2678796324,-5.0590253,8.308478,-1.3295121,3
11592298211359,2681296324,-5.05753,8.300103,-1.3420744,3
11592300711359,2683796324,-5.0596237,8.305786,-1.3447664,3
11592303211359,2686296324,-5.04078,8.303992,-1.3501502,3
11592305711359,2688796324,-5.0252266,8.309974,-1.3289139,3
11592308211359,2691296324,-5.0129633,8.314461,-1.3130615,3
11592310711359,2693796324,-4.994718,8.314161,-1.326222,3
11592313211359,2696296324,-4.98754,8.308778,-1.2804592,3
11592315711359,2698796324,-4.968696,8.306086,-1.2693924,3
11592318211359,2701296324,-4.964509,8.306086,-1.2352947,3
11592320711359,2703796324,-4.959723,8.297412,-1.2077773,3
11592323211359,2706296324,-4.9492545,8.299805,-1.1796615,3
11592325711359,2708796324,-4.9468617,8.312666,-1.166501,3
11592328211359,2711296324,-4.95404,8.318349,-1.1685947,3
11592330711359,2713796324,-4.9782677,8.320144,-1.1697912,3
11592333211359,2716296324,-4.995017,8.333603,-1.1784651,3
11592335711359,2718796324,-5.0108695,8.356634,-1.195514,3
11592338211359,2721296324,-5.0455656,8.368897,-1.2299109,3
11592340711359,2723796324,-5.06411,8.365308,-1.247857,3
11592343211359,2726296324,-5.085645,8.378768,-1.2966107,3
11592345711359,2728796324,-5.1035914,8.379066,-1.3435699,3
11592348211359,2731296324,-5.1158547,8.365308,-1.3719847,3
11592350711359,2733796324,-5.117051,8.354839,-1.3998013,3
11592353211359,2736296324,-5.122136,8.351849,-1.4087744,3
11592355711359,2738796324,-5.125127,8.350054,-1.422533,3
11592358211359,2741296324,-5.131408,8.348259,-1.4144573,3
11592360711359,2743796324,-5.1421757,8.341081,-1.4327025,3
11592363211359,2746296324,-5.1436715,8.353643,-1.4186447,3
11592365711359,2748796324,-5.15085,8.332407,-1.4156537,3
11592368211359,2751296324,-5.15085,8.318947,-1.4018949,3
11592370711359,2753796324,-5.144868,8.316554,-1.3893327,3
11592373211359,2756296324,-5.1341,8.314161,-1.3677973,3
11592375711359,2758796324,-5.113761,8.306983,-1.3220345,3
11592378211359,2761296324,-5.0940204,8.303693,-1.294218,3
11592380711359,2763796324,-5.055436,8.291729,-1.2604194,3
11592383211359,2766296324,-5.028517,8.290234,-1.2251252,3
11592385711359,2768796324,-4.999803,8.282456,-1.2179468,3
11592388211359,2771296324,-4.9923253,8.28784,-1.1844472,3
11592390711359,2773796324,-4.9722853,8.278269,-1.1733804,3
11592393211359,2776296324,-4.9657054,8.276474,-1.1560324,3
11592395711359,2778796324,-4.9585266,8.265108,-1.1587243,3
11592398211359,2781296324,-4.9600224,8.279466,-1.1572288,3
11592400711359,2783796324,-4.9636116,8.297112,-1.1739786,3
11592403211359,2786296324,-4.9725847,8.292925,-1.1778669,3
11592405711359,2788796324,-4.980062,8.298309,-1.1922239,3
11592408211359,2791296324,-5.0108695,8.305786,-1.2059826,3
11592410711359,2793796324,-5.0449677,8.322835,-1.2095718,3
11592413211359,2796296324,-5.074579,8.344071,-1.2191432,3
11592415711359,2798796324,-5.0901318,8.361719,-1.2272189,3
11592418211359,2801296324,-5.1083775,8.377272,-1.2514462,3
11592420711359,2803796324,-5.1203413,8.376375,-1.2705889,3
11592423211359,2806296324,-5.1323056,8.379066,-1.2861422,3
11592425711359,2808796324,-5.1421757,8.391928,-1.3175479,3
11592428211359,2811296324,-5.1409793,8.377272,-1.3202399,3
11592430711359,2813796324,-5.1409793,8.383852,-1.3151551,3
11592433211359,2816296324,-5.1236315,8.370393,-1.3091731,3
11592435711359,2818796324,-5.089235,8.359924,-1.2975081,3
11592438211359,2821296324,-5.058128,8.346764,-1.2924234,3
11592440711359,2823796324,-5.0126643,8.333304,-1.2601203,3
11592443211359,2826296324,-4.9749775,8.332407,-1.2397813,3
11592445711359,2828796324,-4.932804,8.318349,-1.2014961,3
11592448211359,2831296324,-4.910072,8.302197,-1.1596217,3
11592450711359,2833796324,-4.8903313,8.295019,-1.1533405,3
11592453211359,2836296324,-4.8822556,8.295019,-1.1123635,3
11592455711359,2838796324,-4.859225,8.292626,-1.1015958,3
11592458211359,2841296324,-4.849952,8.286046,-1.1129616,3
11592460711359,2843796324,-4.852345,8.300103,-1.1171491,3
11592463211359,2846296324,-4.8640103,8.3015995,-1.1294123,3
11592465711359,2848796324,-4.874778,8.30459,-1.1177473,3
11592468211359,2851296324,-4.881657,8.283054,-1.1264212,3
11592470711359,2853796324,-4.8900323,8.275278,-1.1312069,3
11592473211359,2856296324,-4.894818,8.286943,-1.1422737,3
11592475711359,2858796324,-4.9226346,8.292027,-1.1572288,3
11592478211359,2861296324,-4.959125,8.3015995,-1.1560324,3
11592480711359,2863796324,-4.98754,8.302496,-1.192523,3
11592483211359,2866296324,-5.0177493,8.309974,-1.2224332,3
11592485711359,2868796324,-5.0545387,8.324929,-1.2502499,3
11592488211359,2871296324,-5.0901318,8.331808,-1.2714862,3
11592490711359,2873796324,-5.1323056,8.344071,-1.2879368,3
11592493211359,2876296324,-5.1613183,8.35454,-1.2897314,3
11592495711359,2878796324,-5.180461,8.346764,-1.2921243,3
11592498211359,2881296324,-5.186443,8.336893,-1.2738789,3
11592500711359,2883796324,-5.179863,8.341978,-1.2472588,3
11592503211359,2886296324,-5.168796,8.322835,-1.2299109,3
11592505711359,2888796324,-5.1678987,8.315956,-1.1862419,3
11592508211359,2891296324,-5.135895,8.300702,-1.178166,3
11592510711359,2893796324,-5.1257253,8.286943,-1.1715858,3
11592513211359,2896296324,-5.1290154,8.273483,-1.1536397,3
11592515711359,2898796324,-5.1158547,8.252546,-1.1509477,3
11592518211359,2901296324,-5.131109,8.268698,-1.1506486,3
11592520711359,2903796324,-5.1239305,8.273483,-1.1473584,3
11592523211359,2906296324,-5.1161537,8.266903,-1.1533405,3
11592525711359,2908796324,-5.1233325,8.262715,-1.1491531,3
11592528211359,2911296324,-5.1206403,8.271688,-1.1608181,3
11592530711359,2913796324,-5.1215377,8.278269,-1.1581261,3
11592533211359,2916296324,-5.1206403,8.270791,-1.1521441,3
11592535711359,2918796324,-5.1209397,8.263613,-1.1572288,3
11592538211359,2921296324,-5.1182475,8.269296,-1.1811571,3
11592540711359,2923796324,-5.109574,8.262117,-1.1826526,3
11592543211359,2926296324,-5.111667,8.268398,-1.1976078,3
11592545711359,2928796324,-5.0997033,8.26122,-1.2092727,3
11592548211359,2931296324,-5.096712,8.260024,-1.2269198,3
11592550711359,2933796324,-5.089235,8.265108,-1.2179468,3
11592553211359,2936296324,-5.061418,8.260323,-1.2269198,3
11592555711359,2938796324,-5.052146,8.280363,-1.2233306,3
11592558211359,2941296324,-5.0473604,8.291729,-1.2170494,3
11592560711359,2943796324,-5.041378,8.283054,-1.2071791,3
11592563211359,2946296324,-5.0177493,8.277371,-1.1907284,3
11592565711359,2948796324,-5.017151,8.285447,-1.1802598,3
11592568211359,2951296324,-5.021039,8.286644,-1.1590235,3
11592570711359,2953796324,-5.0234323,8.261519,-1.1479566,3
11592573211359,2956296324,-5.0276194,8.263912,-1.1413764,3
11592575711359,2958796324,-5.041378,8.2660055,-1.1443675,3
11592578211359,2961296324,-5.0440702,8.266604,-1.1422737,3
11592580711359,2963796324,-5.0509496,8.267202,-1.1584252,3
11592583211359,2966296324,-5.0572305,8.261818,-1.160519,3
11592585711359,2968796324,-5.072485,8.278568,-1.1644074,3
11592588211359,2971296324,-5.0922256,8.297412,-1.1709876,3
11592590711359,2973796324,-5.103891,8.291729,-1.1835499,3
11592593211359,2976296324,-5.1161537,8.289635,-1.1952149,3
11592595711359,2978796324,-5.1239305,8.28784,-1.1916257,3
11592598211359,2981296324,-5.1287165,8.288737,-1.2167503,3
11592600711359,2983796324,-5.143372,8.290832,-1.2379866,3
11592603211359,2986296324,-5.145167,8.289336,-1.2520444,3
11592605711359,2988796324,-5.148457,8.293822,-1.2816557,3
11592608211359,2991296324,-5.1412787,8.297412,-1.2807583,3
11592610711359,2993796324,-5.154738,8.301001,-1.282852,3
11592613211359,2996296324,-5.1266227,8.304889,-1.2849457,3
11592615711359,2998796324,-5.0997033,8.298907,-1.2873386,3
11592618211359,3001296324,-5.084449,8.305488,-1.2744771,3
11592620711359,3003796324,-5.0766726,8.298309,-1.268196,3
11592623211359,3006296324,-5.046164,8.288139,-1.2547364,3
11592625711359,3008796324,-5.0362935,8.292327,-1.2637094,3
11592628211359,3011296324,-5.0416775,8.306684,-1.2675978,3
11592630711359,3013796324,-5.0392847,8.315059,-1.2726825,3
11592633211359,3016296324,-5.044369,8.314161,-1.2807583,3
11592635711359,3018796324,-5.0542397,8.32134,-1.2759727,3
11592638211359,3021296324,-5.0491548,8.323732,-1.2897314,3
11592640711359,3023796324,-5.065007,8.335098,-1.2822539,3
11592643211359,3026296324,-5.081458,8.333902,-1.2562319,3
11592645711359,3028796324,-5.087141,8.32792,-1.2523435,3
11592648211359,3031296324,-5.0808597,8.325827,-1.2511472,3
11592650711359,3033796324,-5.0880384,8.309675,-1.2373884,3
11592653211359,3036296324,-5.0802617,8.298608,-1.2269198,3
11592655711359,3038796324,-5.063213,8.305488,-1.2227324,3
11592658211359,3041296324,-5.0536413,8.301001,-1.2320045,3
11592660711359,3043796324,-5.038088,8.302197,-1.2182459,3
11592663211359,3046296324,-5.034798,8.306983,-1.2493526,3
11592665711359,3048796324,-5.0365925,8.295917,-1.2463615,3
11592668211359,3051296324,-5.0084767,8.293523,-1.265205,3
11592670711359,3053796324,-4.991129,8.293822,-1.2669996,3
11592673211359,3056296324,-4.9785666,8.288439,-1.2882359,3
11592675711359,3058796324,-4.968098,8.282456,-1.2936198,3
11592678211359,3061296324,-4.9525447,8.273483,-1.306182,3
11592680711359,3063796324,-4.9528437,8.259127,-1.314856,3
11592683211359,3066296324,-4.953442,8.252546,-1.3097713,3
11592685711359,3068796324,-4.956134,8.247761,-1.3214363,3
11592688211359,3071296324,-4.9528437,8.2348995,-1.3091731,3
11592690711359,3073796324,-4.9663033,8.234301,-1.2921243,3
11592693211359,3076296324,-4.9731827,8.226225,-1.2861422,3
11592695711359,3078796324,-4.968397,8.218449,-1.2720844,3
11592698211359,3081296324,-4.9866424,8.225029,-1.2783655,3
11592700711359,3083796324,-5.015356,8.23101,-1.2669996,3
11592703211359,3086296324,-5.0383873,8.242376,-1.2834502,3
11592705711359,3088796324,-5.049753,8.248658,-1.262513,3
11592708211359,3091296324,-5.063213,8.25793,-1.2616158,3
11592710711359,3093796324,-5.0662036,8.25793,-1.265205,3
11592713211359,3096296324,-5.0476594,8.247461,-1.2777673,3
11592715711359,3098796324,-5.052445,8.263314,-1.2792628,3
11592718211359,3101296324,-5.0449677,8.269296,-1.265205,3
11592720711359,3103796324,-5.0491548,8.280662,-1.2909278,3
11592723211359,3106296324,-5.0482574,8.295917,-1.3301103,3
11592725711359,3108796324,-5.0545387,8.316256,-1.3304094,3
11592728211359,3111296324,-5.040481,8.315657,-1.3615161,3
11592730711359,3113796324,-5.027919,8.310871,-1.3561323,3
11592733211359,3116296324,-5.0141597,8.313563,-1.3531412,3
11592735711359,3118796324,-4.9959145,8.314759,-1.3447664,3
11592738211359,3121296324,-4.994718,8.312068,-1.3558332,3
11592740711359,3123796324,-4.962714,8.304889,-1.3354942,3
11592743211359,3126296324,-4.9363933,8.3015995,-1.3304094,3
11592745711359,3128796324,-4.915157,8.295318,-1.3223336,3
11592748211359,3131296324,-4.901099,8.2965145,-1.3124632,3
11592750711359,3133796324,-4.8858447,8.308179,-1.3085749,3
11592753211359,3136296324,-4.886443,8.317751,-1.2984054,3
11592755711359,3138796324,-4.854439,8.32792,-1.2912269,3
11592758211359,3141296324,-4.8355956,8.319246,-1.2897314,3
11592760711359,3143796324,-4.8239303,8.311769,-1.2783655,3
11592763211359,3146296324,-4.80748,8.307581,-1.2771691,3
11592765711359,3148796324,-4.7973104,8.314461,-1.2777673,3
11592768211359,3151296324,-4.814658,8.319545,-1.2771691,3
11592770711359,3153796324,-4.8194437,8.325827,-1.274178,3
11592773211359,3156296324,-4.8379884,8.330911,-1.268196,3
11592775711359,3158796324,-4.8598228,8.335098,-1.2616158,3
11592778211359,3161296324,-4.877769,8.333005,-1.2771691,3
11592780711359,3163796324,-4.893023,8.326125,-1.2634103,3
11592783211359,3166296324,-4.903492,8.332108,-1.2747762,3
11592785711359,3168796324,-4.9265227,8.318049,-1.2834502,3
11592788211359,3171296324,-4.961518,8.32463,-1.3157533,3
11592790711359,3173796324,-4.982754,8.312068,-1.308874,3
11592793211359,3176296324,-4.996214,8.318049,-1.3354942,3
11592795711359,3178796324,-5.0102715,8.294122,-1.3277174,3
11592798211359,3181296324,-4.994718,8.284849,-1.2990036,3
11592800711359,3183796324,-4.989334,8.289635,-1.2876377,3
11592803211359,3186296324,-5.0081778,8.288139,-1.2849457,3
11592805711359,3188796324,-5.0303116,8.304889,-1.3004991,3
11592808211359,3191296324,-5.0536413,8.315059,-1.2960125,3
11592810711359,3193796324,-5.0473604,8.313563,-1.3130615,3
11592813211359,3196296324,-5.057829,8.323732,-1.3480564,3
11592815711359,3198796324,-5.0596237,8.328219,-1.3740784,3
11592818211359,3201296324,-5.0644093,8.34467,-1.4060824,3
11592820711359,3203796324,-5.063512,8.356036,-1.4324034,3
11592823211359,3206296324,-5.049753,8.353643,-1.4641083,3
11592825711359,3208796324,-5.037789,8.356335,-1.4626129,3
11592828211359,3211296324,-5.0270214,8.359027,-1.4554343,3
11592830711359,3213796324,-5.022834,8.357232,-1.4401802,3
11592833211359,3216296324,-5.015057,8.357532,-1.434198,3
11592835711359,3218796324,-5.023133,8.36441,-1.4138591,3
11592838211359,3221296324,-5.0312085,8.365906,-1.3911272,3
11592840711359,3223796324,-5.0330033,8.374879,-1.3633107,3
11592843211359,3226296324,-5.023731,8.369495,-1.3447664,3
11592845711359,3228796324,-5.0255256,8.381759,-1.3423735,3
11592848211359,3231296324,-5.020142,8.385647,-1.3223336,3
11592850711359,3233796324,-5.0330033,8.389834,-1.3190435,3
11592853211359,3236296324,-5.026423,8.386844,-1.3289139,3
11592855711359,3238796324,-5.0138607,8.405088,-1.3232309,3
11592858211359,3241296324,-4.9956155,8.394022,-1.3016955,3
11592860711359,3243796324,-4.963013,8.399705,-1.3115659,3
11592863211359,3246296324,-4.955536,8.406883,-1.3238292,3
11592865711359,3248796324,-4.9492545,8.398808,-1.3331013,3
11592868211359,3251296324,-4.9310093,8.402397,-1.3441681,3
11592870711359,3253796324,-4.933701,8.382955,-1.3369896,3
11592873211359,3256296324,-4.9286165,8.393125,-1.3639089,3
11592875711359,3258796324,-4.9340005,8.39821,-1.3773686,3
11592878211359,3261296324,-4.9322057,8.414959,-1.3887345,3
11592880711359,3263796324,-4.9522457,8.412866,-1.4141582,3
11592883211359,3266296324,-4.974379,8.406584,-1.4120644,3
11592885711359,3268796324,-4.982156,8.3994055,-1.4060824,3
11592888211359,3271296324,-4.9791646,8.396714,-1.4153546,3
11592890711359,3273796324,-4.9812584,8.385946,-1.4012967,3
11592893211359,3276296324,-4.9722853,8.385647,-1.3743775,3
11592895711359,3278796324,-4.9677987,8.392227,-1.3680964,3
11592898211359,3281296324,-4.963013,8.380861,-1.3573287,3
11592900711359,3283796324,-4.959723,8.390432,-1.3375878,3
11592903211359,3286296324,-4.936692,8.389236,-1.3459628,3
11592905711359,3288796324,-4.9199424,8.391928,-1.343869,3
11592908211359,3291296324,-4.915157,8.385946,-1.3112668,3
11592910711359,3293796324,-4.896014,8.387741,-1.3124632,3
11592913211359,3296296324,-4.900202,8.391031,-1.3070793,3
11592915711359,3298796324,-4.9145584,8.39133,-1.3220345,3
11592918211359,3301296324,-4.9103713,8.387442,-1.3375878,3
11592920711359,3303796324,-4.901398,8.378768,-1.3492528,3
11592923211359,3306296324,-4.8876395,8.366205,-1.3211372,3
11592925711359,3308796324,-4.88076,8.379964,-1.3277174,3
11592928211359,3311296324,-4.8822556,8.379665,-1.3295121,3
11592930711359,3313796324,-4.88405,8.389236,-1.3274183,3
11592933211359,3316296324,-4.898407,8.381459,-1.3256238,3
11592935711359,3318796324,-4.8993044,8.38804,-1.3133606,3
11592938211359,3321296324,-4.9046884,8.402696,-1.3049856,3
11592940711359,3323796324,-4.907081,8.399705,-1.3235301,3
11592943211359,3326296324,-4.8933225,8.389535,-1.3354942,3
11592945711359,3328796324,-4.8828535,8.3994055,-1.3351951,3
11592948211359,3331296324,-4.881358,8.39821,-1.3402798,3
11592950711359,3333796324,-4.872086,8.384151,-1.3256238,3
11592953211359,3336296324,-4.863113,8.384749,-1.3256238,3
11592955711359,3338796324,-4.859225,8.382058,-1.3187444,3
11592958211359,3341296324,-4.845765,8.385647,-1.3202399,3
11592960711359,3343796324,-4.8601217,8.371589,-1.3354942,3
11592963211359,3346296324,-4.852345,8.371589,-1.3097713,3
11592965711359,3348796324,-4.854738,8.368299,-1.302892,3
11592968211359,3351296324,-4.8598228,8.370692,-1.2897314,3
11592970711359,3353796324,-4.8529434,8.361719,-1.2948161,3
11592973211359,3356296324,-4.8637114,8.369495,-1.3037893,3
11592975711359,3358796324,-4.881657,8.376674,-1.3016955,3
11592978211359,3361296324,-4.8879385,8.368299,-1.3070793,3
11592980711359,3363796324,-4.8909297,8.374281,-1.2978072,3
11592983211359,3366296324,-4.909175,8.380861,-1.3091731,3
11592985711359,3368796324,-4.9109693,8.376375,-1.3064811,3
11592988211359,3371296324,-4.9268217,8.395517,-1.3007982,3
11592990711359,3373796324,-4.933402,8.3943205,-1.2936198,3
11592993211359,3376296324,-4.929514,8.40479,-1.2984054,3
11592995711359,3378796324,-4.9363933,8.406285,-1.2963116,3
11592998211359,3381296324,-4.93729,8.428419,-1.3106686,3
11593000711359,3383796324,-4.933701,8.442178,-1.3142579,3
11593003211359,3386296324,-4.927719,8.472088,-1.3166506,3
11593005711359,3388796324,-4.921139,8.473883,-1.3097713,3
11593008211359,3391296324,-4.921139,8.489735,-1.3187444,3
11593010711359,3393796324,-4.929514,8.50469,-1.3097713,3
11593013211359,3396296324,-4.9136615,8.513663,-1.314856,3
11593015711359,3398796324,-4.9340005,8.505588,-1.3136597,3
11593018211359,3401296324,-4.93729,8.503195,-1.326521,3
11593020711359,3403796324,-4.9438705,8.49781,-1.3214363,3
11593023211359,3406296324,-4.9405804,8.498408,-1.3250256,3
11593025711359,3408796324,-4.915456,8.486744,-1.3313067,3
11593028211359,3411296324,-4.916652,8.486146,-1.3393825,3
11593030711359,3413796324,-4.9265227,8.479266,-1.3211372,3
11593033211359,3416296324,-4.9214377,8.472985,-1.3079767,3
11593035711359,3418796324,-4.903791,8.486146,-1.3040884,3
11593038211359,3421296324,-4.863412,8.479266,-1.3531412,3
11593040711359,3423796324,-4.8714876,8.479266,-1.3304094,3
11593043211359,3426296324,-4.8708897,8.480463,-1.3169497,3
11593045711359,3428796324,-4.8735814,8.474181,-1.3013964,3
11593048211359,3431296324,-4.8472605,8.454142,-1.2969099,3
11593050711359,3433796324,-4.8320065,8.450552,-1.2870395,3
11593053211359,3436296324,-4.825426,8.441878,-1.2795619,3
11593055711359,3438796324,-4.808975,8.43141,-1.2918252,3
11593058211359,3441296324,-4.8047876,8.414361,-1.2837493,3
11593060711359,3443796324,-4.7991047,8.405686,-1.2801601,3
11593063211359,3446296324,-4.7916274,8.39133,-1.2846466,3
11593065711359,3448796324,-4.7976093,8.383852,-1.2903296,3
11593068211359,3451296324,-4.8083773,8.379366,-1.2876377,3
11593070711359,3453796324,-4.7952166,8.366803,-1.2876377,3
11593073211359,3456296324,-4.8003016,8.359924,-1.2834502,3
11593075711359,3458796324,-4.8098726,8.357232,-1.2780664,3
11593078211359,3461296324,-4.8116674,8.327023,-1.2864413,3
11593080711359,3463796324,-4.8086762,8.327322,-1.2792628,3
11593083211359,3466296324,-4.8176494,8.309376,-1.2789637,3
11593085711359,3468796324,-4.820341,8.309675,-1.2649059,3
11593088211359,3471296324,-4.8245287,8.309675,-1.2391831,3
11593090711359,3473796324,-4.8355956,8.29442,-1.2239288,3
11593093211359,3476296324,-4.8299127,8.28784,-1.2122638,3
11593095711359,3478796324,-4.849952,8.290234,-1.2038889,3
11593098211359,3481296324,-4.8559346,8.289635,-1.1979069,3
11593100711359,3483796324,-4.8625145,8.267501,-1.2110673,3
11593103211359,3486296324,-4.8616176,8.2678,-1.1997014,3
11593105711359,3488796324,-4.8843493,8.245368,-1.2179468,3
11593108211359,3491296324,-4.90738,8.24118,-1.2116655,3
11593110711359,3493796324,-4.9316072,8.243873,-1.2026925,3
11593113211359,3496296324,-4.953442,8.229217,-1.192523,3
11593115711359,3498796324,-4.9806604,8.23789,-1.1697912,3
11593118211359,3501296324,-5.0009995,8.249256,-1.1368898,3
11593120711359,3503796324,-5.026722,8.245368,-1.1159526,3
11593123211359,3506296324,-5.0395837,8.2507515,-1.1102697,3
11593125711359,3508796324,-5.0473604,8.249256,-1.0989038,3
11593128211359,3511296324,-5.026423,8.254341,-1.0911272,3
11593130711359,3513796324,-5.0270214,8.255537,-1.0785648,3
11593133211359,3516296324,-5.0288157,8.257332,-1.0731809,3
11593135711359,3518796324,-5.0425744,8.249556,-1.0639088,3
11593138211359,3521296324,-5.0195436,8.258529,-1.0950154,3
11593140711359,3523796324,-5.000401,8.2660055,-1.1252248,3
11593143211359,3526296324,-4.9986067,8.246863,-1.1473584,3
11593145711359,3528796324,-4.988437,8.25464,-1.166202,3
11593148211359,3531296324,-4.9716873,8.282157,-1.1952149,3
11593150711359,3533796324,-4.9636116,8.284551,-1.2212368,3
11593153211359,3536296324,-4.959424,8.308778,-1.2598212,3
11593155711359,3538796324,-4.9567323,8.309376,-1.268196,3
11593158211359,3541296324,-4.9663033,8.342277,-1.2939188,3
11593160711359,3543796324,-4.99412,8.37129,-1.3082758,3
11593163211359,3546296324,-5.002794,8.382058,-1.3184453,3
11593165711359,3548796324,-5.006084,8.406285,-1.3079767,3
11593168211359,3551296324,-5.026423,8.427222,-1.3226327,3
11593170711359,3553796324,-5.0383873,8.43799,-1.3211372,3
11593173211359,3556296324,-5.046463,8.453842,-1.3372887,3
11593175711359,3558796324,-5.0330033,8.473284,-1.3354942,3
11593178211359,3561296324,-5.0180483,8.480762,-1.3241283,3
11593180711359,3563796324,-4.994419,8.49123,-1.3274183,3
11593183211359,3566296324,-4.9600224,8.48465,-1.2984054,3
11593185711359,3568796324,-4.9199424,8.486444,-1.3002,3
11593188211359,3571296324,-4.8714876,8.480762,-1.2831511,3
11593190711359,3573796324,-4.837091,8.475079,-1.2771691,3
11593193211359,3576296324,-4.801498,8.462815,-1.268196,3
11593195711359,3578796324,-4.790132,8.4682,-1.2544373,3
11593198211359,3581296324,-4.7688956,8.460124,-1.2439687,3
11593200711359,3583796324,-4.7599225,8.456235,-1.2406785,3
11593203211359,3586296324,-4.7524447,8.451151,-1.2311072,3
11593205711359,3588796324,-4.753043,8.452945,-1.2230315,3
11593208211359,3591296324,-4.759025,8.449954,-1.2281163,3
11593210711359,3593796324,-4.7674,8.445766,-1.2194422,3
11593213211359,3596296324,-4.779663,8.448159,-1.2263216,3
11593215711359,3598796324,-4.7913284,8.443673,-1.2212368,3
11593218211359,3601296324,-4.8065825,8.456235,-1.2394822,3
11593220711359,3603796324,-4.828118,8.456235,-1.2281163,3
11593223211359,3606296324,-4.8646083,8.460722,-1.2364911,3
11593225711359,3608796324,-4.889135,8.448159,-1.2475579,3
11593228211359,3611296324,-4.913362,8.449057,-1.2568301,3
11593230711359,3613796324,-4.933103,8.448459,-1.2750753,3
11593233211359,3616296324,-4.94088,8.44128,-1.2738789,3
11593235711359,3618796324,-4.9606204,8.4451685,-1.2969099,3
11593238211359,3621296324,-4.968397,8.446364,-1.3133606,3
11593240711359,3623796324,-4.9728837,8.440981,-1.3190435,3
11593243211359,3626296324,-4.9782677,8.449057,-1.3247265,3
11593245711359,3628796324,-4.9923253,8.43141,-1.3304094,3
11593248211359,3631296324,-4.9866424,8.434102,-1.3447664,3
11593250711359,3633796324,-4.985745,8.449954,-1.3474582,3
11593253211359,3636296324,-4.9785666,8.441579,-1.3546367,3
11593255711359,3638796324,-4.966902,8.446066,-1.3603196,3
11593258211359,3641296324,-4.942674,8.415258,-1.3567305,3
11593260711359,3643796324,-4.8996034,8.407183,-1.3573287,3
11593263211359,3646296324,-4.8711886,8.400003,-1.3339987,3
11593265711359,3648796324,-4.846662,8.384151,-1.3157533,3
11593268211359,3651296324,-4.833801,8.393125,-1.2792628,3
11593270711359,3653796324,-4.8095737,8.402397,-1.2592229,3
11593273211359,3656296324,-4.795815,8.381759,-1.2059826,3
11593275711359,3658796324,-4.7596235,8.382955,-1.1778669,3
11593278211359,3661296324,-4.7455654,8.382656,-1.1647065,3
11593280711359,3663796324,-4.7488556,8.378169,-1.1542379,3
11593283211359,3666296324,-4.753043,8.369795,-1.157827,3
11593285711359,3668796324,-4.779364,8.358727,-1.1632109,3
11593288211359,3671296324,-4.7856455,8.34796,-1.1724831,3
11593290711359,3673796324,-4.8044887,8.346464,-1.1958131,3
11593293211359,3676296324,-4.811368,8.346764,-1.2326027,3
11593295711359,3678796324,-4.8086762,8.355737,-1.2502499,3
11593298211359,3681296324,-4.8008995,8.355437,-1.2690933,3
11593300711359,3683796324,-4.809274,8.369196,-1.2891332,3
11593303211359,3686296324,-4.846064,8.387741,-1.3016955,3
11593305711359,3688796324,-4.883751,8.408379,-1.3106686,3
11593308211359,3691296324,-4.9342995,8.414959,-1.317847,3
11593310711359,3693796324,-4.959424,8.417352,-1.3375878,3
11593313211359,3696296324,-4.987241,8.423334,-1.3504493,3
11593315711359,3698796324,-5.005486,8.416454,-1.3570296,3
11593318211359,3701296324,-5.029713,8.403593,-1.3657036,3
11593320711359,3703796324,-5.041079,8.407481,-1.3513466,3
11593323211359,3706296324,-5.049753,8.407481,-1.3540385,3
11593325711359,3708796324,-5.042874,8.410771,-1.3432708,3
11593328211359,3711296324,-5.028517,8.409276,-1.3390833,3
11593330711359,3713796324,-5.0048876,8.40449,-1.3220345,3
11593333211359,3716296324,-4.9725847,8.405686,-1.3082758,3
11593335711359,3718796324,-4.947759,8.414062,-1.2927225,3
11593338211359,3721296324,-4.930112,8.399705,-1.2960125,3
11593340711359,3723796324,-4.907679,8.391629,-1.2711871,3
11593343211359,3726296324,-4.875376,8.386245,-1.2586247,3
11593345711359,3728796324,-4.8589253,8.376375,-1.2379866,3
11593348211359,3731296324,-4.8451667,8.378169,-1.2299109,3
11593350711359,3733796324,-4.8394837,8.373981,-1.2107682,3
11593353211359,3736296324,-4.822435,8.359625,-1.1901301,3
11593355711359,3738796324,-4.8212385,8.371888,-1.1727822,3
11593358211359,3741296324,-4.8299127,8.370093,-1.1775678,3
11593360711359,3743796324,-4.84068,8.373683,-1.2032907,3
11593363211359,3746296324,-4.853841,8.376973,-1.1979069,3
11593365711359,3748796324,-4.8559346,8.380562,-1.1940185,3
11593368211359,3751296324,-4.858028,8.376076,-1.221835,3
11593370711359,3753796324,-4.86072,8.378169,-1.2299109,3
11593373211359,3756296324,-4.8768716,8.374281,-1.2436695,3
11593375711359,3758796324,-4.8993044,8.376674,-1.2634103,3
11593378211359,3761296324,-4.909175,8.380562,-1.2786646,3
11593380711359,3763796324,-4.9316072,8.377871,-1.2981063,3
11593383211359,3766296324,-4.9474597,8.3835535,-1.3142579,3
11593385711359,3768796324,-4.959723,8.388339,-1.3369896,3
11593388211359,3771296324,-4.9588256,8.381161,-1.3636098,3
11593390711359,3773796324,-4.983053,8.383852,-1.378864,3
11593393211359,3776296324,-4.9902315,8.390134,-1.4006985,3
11593395711359,3778796324,-4.982754,8.379964,-1.4084753,3
11593398211359,3781296324,-4.9663033,8.385946,-1.4024931,3
11593400711359,3783796324,-4.9474597,8.379366,-1.390529,3
11593403211359,3786296324,-4.9256253,8.386544,-1.404886,3
11593405711359,3788796324,-4.9052863,8.387442,-1.3836497,3
11593408211359,3791296324,-4.878068,8.379964,-1.3483555,3
11593410711359,3793796324,-4.866104,8.380562,-1.3342978,3
11593413211359,3796296324,-4.861019,8.387741,-1.2999009,3
11593415711359,3798796324,-4.859524,8.3943205,-1.2583256,3
11593418211359,3801296324,-4.848756,8.380861,-1.2646067,3
11593420711359,3803796324,-4.852345,8.377571,-1.2930216,3
11593423211359,3806296324,-4.8511486,8.384451,-1.2984054,3
11593425711359,3808796324,-4.857131,8.38804,-1.2882359,3
11593428211359,3811296324,-4.8469615,8.387142,-1.2756736,3
11593430711359,3813796324,-4.85414,8.399107,-1.279861,3
11593433211359,3816296324,-4.8454657,8.390432,-1.2771691,3
11593435711359,3818796324,-4.8508496,8.396115,-1.2840484,3
11593438211359,3821296324,-4.849952,8.394022,-1.2687942,3
11593440711359,3823796324,-4.8565326,8.402397,-1.2795619,3
11593443211359,3826296324,-4.8768716,8.394919,-1.2744771,3
11593445711359,3828796324,-4.8879385,8.393125,-1.3016955,3
11593448211359,3831296324,-4.900501,8.397611,-1.3130615,3
11593450711359,3833796324,-4.9139605,8.400303,-1.3256238,3
11593453211359,3836296324,-4.9253263,8.429017,-1.3420744,3
11593455711359,3838796324,-4.9319067,8.415856,-1.3657036,3
11593458211359,3841296324,-4.9405804,8.412267,-1.3935201,3
11593460711359,3843796324,-4.939384,8.430213,-1.4150555,3
11593463211359,3846296324,-4.955536,8.4400835,-1.4321043,3
11593465711359,3848796324,-4.9657054,8.461619,-1.4491532,3
11593468211359,3851296324,-4.962415,8.46102,-1.4590236,3
11593470711359,3853796324,-4.961817,8.475079,-1.451247,3
11593473211359,3856296324,-4.9453664,8.472386,-1.4377873,3
11593475711359,3858796324,-4.929813,8.482257,-1.4180465,3
11593478211359,3861296324,-4.910072,8.468798,-1.4183456,3
11593480711359,3863796324,-4.8825545,8.484949,-1.4147564,3
11593483211359,3866296324,-4.860421,8.478069,-1.3983058,3
11593485711359,3868796324,-4.8355956,8.49123,-1.3935201,3
11593488211359,3871296324,-4.8176494,8.493025,-1.375873,3
11593490711359,3873796324,-4.8026943,8.485249,-1.3471591,3
11593493211359,3876296324,-4.7976093,8.478967,-1.3208381,3
11593495711359,3878796324,-4.7880383,8.473883,-1.2900305,3
11593498211359,3881296324,-4.788636,8.472088,-1.2810575,3
11593500711359,3883796324,-4.792525,8.469096,-1.2598212,3
11593503211359,3886296324,-4.814957,8.469396,-1.2484552,3
11593505711359,3888796324,-4.825725,8.45773,-1.2391831,3
11593508211359,3891296324,-4.8496532,8.461918,-1.2445669,3
11593510711359,3893796324,-4.8598228,8.462217,-1.2807583,3
11593513211359,3896296324,-4.8598228,8.450851,-1.2966107,3
11593515711359,3898796324,-4.866403,8.438588,-1.3115659,3
11593518211359,3901296324,-4.8750772,8.436195,-1.3301103,3
11593520711359,3903796324,-4.872684,8.420642,-1.346561,3
11593523211359,3906296324,-4.8822556,8.399705,-1.3564314,3
11593525711359,3908796324,-4.8849473,8.385348,-1.3827524,3
11593528211359,3911296324,-4.887041,8.371888,-1.3950156,3
11593530711359,3913796324,-4.9055853,8.366803,-1.4156537,3
11593533211359,3916296324,-4.9103713,8.347661,-1.4198412,3
11593535711359,3918796324,-4.922335,8.3428755,-1.430908,3
11593538211359,3921296324,-4.9253263,8.333304,-1.4288142,3
11593540711359,3923796324,-4.9253263,8.328219,-1.4066806,3
11593543211359,3926296324,-4.9253263,8.319545,-1.402194,3
11593545711359,3928796324,-4.9348974,8.323434,-1.3866407,3
11593548211359,3931296324,-4.918746,8.330911,-1.3692927,3
11593550711359,3933796324,-4.9193444,8.354839,-1.3396816,3
11593553211359,3936296324,-4.933402,8.352447,-1.3070793,3
11593555711359,3938796324,-4.94417,8.356335,-1.2990036,3
11593558211359,3941296324,-4.942674,8.356933,-1.2873386,3
11593560711359,3943796324,-4.9459643,8.332108,-1.2472588,3
11593563211359,3946296324,-4.95075,8.347661,-1.2062817,3
11593565711359,3948796324,-4.9692945,8.349156,-1.1886346,3
11593568211359,3951296324,-4.976772,8.350054,-1.1940185,3
11593570711359,3953796324,-4.9791646,8.374281,-1.1949158,3
11593573211359,3956296324,-5.006084,8.380562,-1.2182459,3
11593575711359,3958796324,-5.0195436,8.382955,-1.2212368,3
11593578211359,3961296324,-5.0306106,8.397312,-1.2182459,3
11593580711359,3963796324,-5.0383873,8.420044,-1.2424731,3
11593583211359,3966296324,-5.085645,8.460124,-1.2610176,3
11593585711359,3968796324,-5.1119666,8.46102,-1.294218,3
11593588211359,3971296324,-5.1149573,8.464012,-1.340878,3
11593590711359,3973796324,-5.099105,8.459825,-1.3764713,3
11593593211359,3976296324,-5.0766726,8.439186,-1.3944174,3
11593595711359,3978796324,-5.052744,8.417651,-1.4018949,3
11593598211359,3981296324,-5.028517,8.417651,-1.4081762,3
11593600711359,3983796324,-5.0042896,8.396415,-1.3953147,3
11593603211359,3986296324,-5.0042896,8.411071,-1.3842479,3
11593605711359,3988796324,-5.014758,8.416454,-1.3606188,3
11593608211359,3991296324,-5.04078,8.399107,-1.3250256,3
11593610711359,3993796324,-5.0327044,8.407781,-1.2951152,3
11593613211359,3996296324,-5.028517,8.393125,-1.2750753,3
11593615711359,3998796324,-5.0126643,8.382357,-1.2499508,3
11593618211359,4001296324,-4.981857,8.351549,-1.2484552,3
11593620711359,4003796324,-4.956134,8.330014,-1.2257234,3
11593623211359,4006296324,-4.922335,8.32463,-1.2005987,3
11593625711359,4008796324,-4.915157,8.3345,-1.1847463,3
11593628211359,4011296324,-4.910072,8.332108,-1.1503495,3
11593630711359,4013796324,-4.8966126,8.333304,-1.1467602,3
11593633211359,4016296324,-4.881657,8.333304,-1.1264212,3
11593635711359,4018796324,-4.8655057,8.313563,-1.1078769,3
11593638211359,4021296324,-4.8562336,8.295318,-1.105484,3
11593640711359,4023796324,-4.833502,8.279764,-1.0869397,3
11593643211359,4026296324,-4.833502,8.273184,-1.0977074,3
11593645711359,4028796324,-4.8559346,8.270193,-1.0941181,3
11593648211359,4031296324,-4.8586264,8.263912,-1.1147562,3
11593650711359,4033796324,-4.888836,8.278867,-1.105484,3
11593653211359,4036296324,-4.920541,8.292027,-1.0968101,3
11593655711359,4038796324,-4.944469,8.293523,-1.1009976,3
11593658211359,4041296324,-4.9917274,8.300103,-1.0974083,3
11593660711359,4043796324,-5.022834,8.316256,-1.1051849,3
11593663211359,4046296324,-5.0539403,8.315358,-1.0926226,3
11593665711359,4048796324,-5.0659046,8.306983,-1.0944172,3
11593668211359,4051296324,-5.0676994,8.301001,-1.1159526,3
11593670711359,4053796324,-5.0629134,8.285747,-1.1368898,3
11593673211359,4056296324,-5.055137,8.285149,-1.1500504,3
11593675711359,4058796324,-5.0476594,8.282456,-1.1425728,3
11593678211359,4061296324,-5.0437713,8.283653,-1.1440684,3
11593680711359,4063796324,-5.0222354,8.28784,-1.1255239,3
11593683211359,4066296324,-4.9953165,8.263912,-1.1222339,3
11593685711359,4068796324,-4.976772,8.2609215,-1.1434702,3
11593688211359,4071296324,-4.9510493,8.253742,-1.1446666,3
11593690711359,4073796324,-4.945067,8.242676,-1.1303096,3
11593693211359,4076296324,-4.944768,8.225926,-1.131506,3
11593695711359,4078796324,-4.9405804,8.220841,-1.1078769,3
11593698211359,4081296324,-4.9438705,8.23101,-1.099502,3
11593700711359,4083796324,-4.941478,8.237591,-1.0597214,3
11593703211359,4086296324,-4.9325047,8.233703,-1.0522437,3
11593705711359,4088796324,-4.9375896,8.22802,-1.0307083,3
11593708211359,4091296324,-4.9399824,8.233105,-1.0100702,3
11593710711359,4093796324,-4.935496,8.222636,-0.98973125,3
11593713211359,4096296324,-4.927719,8.237591,-1.0166506,3
11593715711359,4098796324,-4.9253263,8.230113,-1.0106685,3
11593718211359,4101296324,-4.910072,8.232805,-1.0163515,3
11593720711359,4103796324,-4.918447,8.229815,-1.0390832,3
11593723211359,4106296324,-4.920541,8.227122,-1.0319048,3
11593725711359,4108796324,-4.9229336,8.244471,-1.0567303,3
11593728211359,4111296324,-4.9322057,8.234002,-1.038485,3
11593730711359,4113796324,-4.935197,8.22473,-1.0366904,3
11593733211359,4116296324,-4.948357,8.218449,-1.0283155,3
11593735711359,4118796324,-4.9588256,8.214859,-1.0363913,3
11593738211359,4121296324,-4.9657054,8.225029,-1.0543375,3
11593740711359,4123796324,-4.975875,8.239984,-1.0486546,3
11593743211359,4126296324,-4.97408,8.227122,-1.0504491,3
11593745711359,4128796324,-4.97079,8.237591,-1.0405787,3
11593748211359,4131296324,-4.9603214,8.2348995,-1.0292128,3
11593750711359,4133796324,-4.9432726,8.228618,-1.0199406,3
11593753211359,4136296324,-4.939384,8.225627,-1.0148559,3
11593755711359,4138796324,-4.9160542,8.222935,-1.0241281,3
11593758211359,4141296324,-4.918447,8.214859,-1.0304092,3
11593760711359,4143796324,-4.9022956,8.226524,-1.0208379,3
11593763211359,4146296324,-4.9007998,8.22473,-1.0316057,3
11593765711359,4148796324,-4.8900323,8.217551,-1.0435698,3
11593768211359,4151296324,-4.8972106,8.245368,-1.0546366,3
11593770711359,4153796324,-4.903492,8.25464,-1.0600204,3
11593773211359,4156296324,-4.921139,8.265408,-1.0749756,3
11593775711359,4158796324,-4.9268217,8.280064,-1.1192428,3
11593778211359,4161296324,-4.95404,8.292327,-1.1321042,3
11593780711359,4163796324,-4.961219,8.280662,-1.1691929,3
11593783211359,4166296324,-4.9755754,8.289336,-1.1796615,3
11593785711359,4168796324,-4.985745,8.282157,-1.1724831,3
11593788211359,4171296324,-4.985745,8.285747,-1.1629118,3
11593790711359,4173796324,-4.985147,8.292626,-1.1416755,3
11593793211359,4176296324,-4.9803615,8.283653,-1.1371889,3
11593795711359,4178796324,-4.9812584,8.283653,-1.119841,3
11593798211359,4181296324,-4.976174,8.282157,-1.1497513,3
11593800711359,4183796324,-4.9600224,8.292027,-1.1503495,3
11593803211359,4186296324,-4.9543395,8.281559,-1.1482558,3
11593805711359,4188796324,-4.9525447,8.281559,-1.1853445,3
11593808211359,4191296324,-4.9588256,8.274381,-1.2074782,3
11593810711359,4193796324,-4.965107,8.270791,-1.2146566,3
11593813211359,4196296324,-4.9674997,8.263314,-1.2278172,3
11593815711359,4198796324,-4.976772,8.259725,-1.2320045,3
11593818211359,4201296324,-4.9845486,8.271688,-1.1709876,3
11593820711359,4203796324,-4.9806604,8.271688,-1.1796615,3
11593823211359,4206296324,-4.985147,8.266305,-1.1587243,3
11593825711359,4208796324,-4.98754,8.277671,-1.1428719,3
11593828211359,4211296324,-4.985745,8.278568,-1.1688938,3
11593830711359,4213796324,-4.9995036,8.293224,-1.1730813,3
11593833211359,4216296324,-5.0007,8.303393,-1.1934203,3
11593835711359,4218796324,-5.0084767,8.315358,-1.2287145,3
11593838211359,4221296324,-5.006383,8.331808,-1.2499508,3
11593840711359,4223796324,-5.0138607,8.346464,-1.2580265,3
11593843211359,4226296324,-5.009374,8.352447,-1.2631112,3
11593845711359,4228796324,-5.014459,8.355437,-1.2613167,3
11593848211359,4231296324,-5.0042896,8.36112,-1.285843,3
11593850711359,4233796324,-5.020142,8.368299,-1.288535,3
11593853211359,4236296324,-5.0183473,8.384451,-1.2924234,3
11593855711359,4238796324,-5.0234323,8.388339,-1.2849457,3
11593858211359,4241296324,-5.0339007,8.389236,-1.2646067,3
11593860711359,4243796324,-5.0395837,8.394022,-1.2233306,3
11593863211359,4246296324,-5.0359945,8.400901,-1.2335001,3
11593865711359,4248796324,-5.0270214,8.406883,-1.233201,3
11593868211359,4251296324,-5.034798,8.409874,-1.1913266,3
11593870711359,4253796324,-5.0273204,8.405986,-1.2000005,3
11593873211359,4256296324,-5.0234323,8.413164,-1.1901301,3
11593875711359,4258796324,-5.0395837,8.420941,-1.1581261,3
11593878211359,4261296324,-5.0530434,8.423334,-1.1799606,3
11593880711359,4263796324,-5.076373,8.4349985,-1.1757733,3
11593883211359,4266296324,-5.09073,8.440981,-1.1703894,3
11593885711359,4268796324,-5.0997033,8.437391,-1.1811571,3
11593888211359,4271296324,-5.1212387,8.439486,-1.1928221,3
11593890711359,4273796324,-5.1182475,8.442476,-1.2005987,3
11593893211359,4276296324,-5.103891,8.42812,-1.2412767,3
11593895711359,4278796324,-5.1026945,8.43111,-1.2547364,3
11593898211359,4281296324,-5.1125646,8.422437,-1.2346965,3
11593900711359,4283796324,-5.1182475,8.409575,-1.2481561,3
11593903211359,4286296324,-5.1143594,8.389535,-1.2562319,3
11593905711359,4288796324,-5.102395,8.381459,-1.2699906,3
11593908211359,4291296324,-5.0901318,8.376076,-1.2771691,3
11593910711359,4293796324,-5.0718865,8.360223,-1.2601203,3
11593913211359,4296296324,-5.0509496,8.331808,-1.2616158,3
11593915711359,4298796324,-5.041079,8.313264,-1.2661023,3
11593918211359,4301296324,-5.0270214,8.302795,-1.2556337,3
11593920711359,4303796324,-5.0138607,8.288139,-1.2607185,3
11593923211359,4306296324,-4.996214,8.285149,-1.2601203,3
11593925711359,4308796324,-4.988736,8.2914295,-1.2601203,3
11593928211359,4311296324,-4.9896336,8.271988,-1.23021,3
11593930711359,4313796324,-4.991129,8.272287,-1.2287145,3
11593933211359,4316296324,-4.9989057,8.285149,-1.2209377,3
11593935711359,4318796324,-5.021039,8.29472,-1.1973087,3
11593938211359,4321296324,-5.0219364,8.291729,-1.2089736,3
11593940711359,4323796324,-5.0386863,8.2965145,-1.2164512,3
11593943211359,4326296324,-5.0539403,8.310871,-1.1994023,3
11593945711359,4328796324,-5.078467,8.307581,-1.1940185,3
11593948211359,4331296324,-5.070391,8.315657,-1.172184,3
11593950711359,4333796324,-5.0805607,8.330014,-1.1712867,3
11593953211359,4336296324,-5.078467,8.330911,-1.1760724,3
11593955711359,4338796324,-5.093123,8.341679,-1.1494522,3
11593958211359,4341296324,-5.0997033,8.343473,-1.1324034,3
11593960711359,4343796324,-5.107779,8.340781,-1.1117653,3
11593963211359,4346296324,-5.119145,8.347661,-1.0962119,3
11593965711359,4348796324,-5.126323,8.353942,-1.0893325,3
11593968211359,4351296324,-5.124828,8.355437,-1.0911272,3
11593970711359,4353796324,-5.1119666,8.357232,-1.0785648,3
11593973211359,4356296324,-5.128417,8.350054,-1.0794622,3
11593975711359,4358796324,-5.115556,8.349156,-1.0935199,3
11593978211359,4361296324,-5.125127,8.348857,-1.0911272,3
11593980711359,4363796324,-5.1364927,8.350652,-1.0770693,3
11593983211359,4366296324,-5.1460643,8.349754,-1.090529,3
11593985711359,4368796324,-5.135895,8.350054,-1.0959128,3
11593988211359,4371296324,-5.133502,8.337193,-1.1114662,3
11593990711359,4373796324,-5.1011987,8.33151,-1.1210374,3
11593993211359,4376296324,-5.08744,8.317751,-1.1297114,3
11593995711359,4378796324,-5.0922256,8.325827,-1.146162,3
11593998211359,4381296324,-5.0973105,8.340183,-1.1623136,3
11594000711359,4383796324,-5.1068816,8.329415,-1.1853445,3
11594003211359,4386296324,-5.096114,8.323134,-1.1772687,3
11594005711359,4388796324,-5.113462,8.321041,-1.1835499,3
11594008211359,4391296324,-5.115556,8.313264,-1.183849,3
11594010711359,4393796324,-5.1385865,8.309675,-1.1599208,3
11594013211359,4396296324,-5.137689,8.312666,-1.1521441,3
11594015711359,4398796324,-5.133502,8.298309,-1.1437693,3
11594018211359,4401296324,-5.1323056,8.295019,-1.1413764,3
11594020711359,4403796324,-5.1343994,8.298309,-1.1338989,3
11594023211359,4406296324,-5.1275196,8.285149,-1.1189437,3
11594025711359,4408796324,-5.1275196,8.280662,-1.1108679,3
11594028211359,4411296324,-5.108078,8.279466,-1.090529,3
11594030710764,4413795729,-5.0889354,8.277671,-1.0869397,3
11594033210764,4416295729,-5.0832524,8.266604,-1.0860424,3
11594035710764,4418795729,-5.085645,8.2761755,-1.0830513,3
11594038210764,4421295729,-5.0662036,8.2710905,-1.0929217,3
11594040710764,4423795729,-5.049753,8.268997,-1.0758729,3
11594043210764,4426295729,-5.0219364,8.27139,-1.0785648,3
11594045710764,4428795729,-4.9980083,8.277671,-1.0887343,3
11594048210764,4431295729,-4.9731827,8.282157,-1.0983056,3
11594050710764,4433795729,-4.9588256,8.285447,-1.1075778,3
11594053210764,4436295729,-4.9486566,8.286644,-1.1503495,3
11594055710764,4438795729,-4.939384,8.286046,-1.131506,3
11594058210764,4441295729,-4.941478,8.295019,-1.1458629,3
11594060710764,4443795729,-4.946563,8.298608,-1.1380863,3
11594063210764,4446295729,-4.953741,8.299805,-1.1617154,3
11594065710764,4448795729,-4.9636116,8.286345,-1.1763715,3
11594068210764,4451295729,-4.9956155,8.3013,-1.1814562,3
11594070710764,4453795729,-5.0183473,8.293822,-1.2011969,3
11594073210764,4456295729,-5.0333023,8.304889,-1.2122638,3
11594075710764,4458795729,-5.0596237,8.311769,-1.2020943,3
11594078210764,4461295729,-5.091029,8.303992,-1.180858,3
11594080710764,4463795729,-5.0946183,8.319545,-1.1850454,3
11594083210764,4466295729,-5.084449,8.328518,-1.160519,3
11594085710764,4468795729,-5.087739,8.315956,-1.1688938,3
11594088210764,4471295729,-5.0736814,8.317751,-1.1476575,3
11594090710764,4473795729,-5.042874,8.325228,-1.1539388,3
11594093210764,4476295729,-5.0159545,8.310572,-1.125823,3
11594095710764,4478795729,-4.994718,8.304889,-1.1084751,3
11594098210764,4481295729,-4.9546385,8.295917,-1.1165509,3
11594100710764,4483795729,-4.9178486,8.292626,-1.1255239,3
11594103210764,4486295729,-4.888836,8.299805,-1.1102697,3
11594105710764,4488795729,-4.8658047,8.288439,-1.1213365,3
11594108210764,4491295729,-4.852046,8.277371,-1.1377872,3
11594110710764,4493795729,-4.8475595,8.300103,-1.1416755,3
11594113210764,4496295729,-4.846064,8.295019,-1.1653047,3
11594115710764,4498795729,-4.8583274,8.297412,-1.1557333,3
11594118210764,4501295729,-4.87418,8.314759,-1.1847463,3
11594120710764,4503795729,-4.88734,8.313563,-1.1931212,3
11594123210764,4506295729,-4.910072,8.325228,-1.1730813,3
11594125710764,4508795729,-4.9345984,8.335398,-1.1452647,3
11594128210764,4511295729,-4.9396834,8.344969,-1.1805589,3
11594130710764,4513795729,-4.9468617,8.328817,-1.2026925,3
11594133210764,4516295729,-4.9492545,8.34138,-1.2077773,3
11594135710764,4518795729,-4.963013,8.33809,-1.23021,3
11594138210764,4521295729,-4.9639106,8.339884,-1.2397813,3
11594140710764,4523795729,-4.983352,8.349456,-1.2152548,3
11594143210764,4526295729,-4.982156,8.338388,-1.2176477,3
11594145710764,4528795729,-4.999803,8.344371,-1.2191432,3
11594148210764,4531295729,-5.0234323,8.340483,-1.2251252,3
11594150710764,4533795729,-5.0386863,8.346764,-1.2326027,3
11594153210764,4536295729,-5.0530434,8.352746,-1.2433704,3
11594155710764,4538795729,-5.078766,8.363513,-1.2358929,3
11594158210764,4541295729,-5.084449,8.355737,-1.2493526,3
11594160710764,4543795729,-5.0823555,8.359924,-1.2553346,3
11594163210764,4546295729,-5.076074,8.353344,-1.2586247,3
11594165710764,4548795729,-5.0679984,8.356634,-1.2640085,3
11594168210764,4551295729,-5.0685964,8.35454,-1.2568301,3
11594170710764,4553795729,-5.05753,8.355737,-1.2643076,3
11594173210764,4556295729,-5.0479584,8.373981,-1.2460624,3
11594175710764,4558795729,-5.048557,8.376973,-1.2415758,3
11594178210764,4561295729,-5.034798,8.382656,-1.2523435,3
11594180710764,4563795729,-5.0186462,8.378768,-1.2562319,3
11594183210764,4566295729,-4.9842496,8.382058,-1.2616158,3
11594185710764,4568795729,-4.9672008,8.387741,-1.2831511,3
11594188210764,4571295729,-4.944469,8.393424,-1.2738789,3
11594190710764,4573795729,-4.9178486,8.395517,-1.2837493,3
11594193210764,4576295729,-4.9064827,8.40479,-1.2616158,3
11594195710764,4578795729,-4.892126,8.393424,-1.2418749,3
11594198210764,4581295729,-4.9028935,8.407481,-1.2535399,3
11594200710764,4583795729,-4.892724,8.403593,-1.2370893,3
11594203210764,4586295729,-4.893023,8.402098,-1.218545,3
11594205710764,4588795729,-4.889733,8.389535,-1.204188,3
11594208210764,4591295729,-4.892425,8.388339,-1.1835499,3
11594210710764,4593795729,-4.901099,8.388339,-1.1611172,3
11594213210764,4596295729,-4.909773,8.3835535,-1.166501,3
11594215710764,4598795729,-4.9235315,8.385348,-1.1500504,3
11594218210764,4601295729,-4.928018,8.397013,-1.1497513,3
11594220710764,4603795729,-4.9432726,8.402397,-1.1688938,3
11594223210764,4606295729,-4.9322057,8.39462,-1.1787642,3
11594225710764,4608795729,-4.932804,8.391629,-1.1632109,3
11594228210764,4611295729,-4.918148,8.391629,-1.1682956,3
11594230710764,4613795729,-4.901099,8.390432,-1.160519,3
11594233210764,4616295729,-4.9049873,8.390732,-1.166501,3
11594235710764,4618795729,-4.871787,8.387142,-1.18684,3
11594238210764,4621295729,-4.837091,8.377272,-1.1877373,3
11594240710764,4623795729,-4.8182473,8.378169,-1.218545,3
11594243210764,4626295729,-4.8006005,8.3835535,-1.2424731,3
11594245710764,4628795729,-4.808078,8.390732,-1.2418749,3
11594248210764,4631295729,-4.810471,8.387442,-1.268196,3
11594250710764,4633795729,-4.8188457,8.393125,-1.2852448,3
11594253210764,4636295729,-4.8433723,8.40479,-1.2879368,3
11594255710764,4638795729,-4.860421,8.395218,-1.2846466,3
11594258210764,4641295729,-4.898108,8.39791,-1.2846466,3
11594260710764,4643795729,-4.933701,8.420342,-1.2744771,3
11594263210764,4646295729,-4.953442,8.43799,-1.2628121,3
11594265710764,4648795729,-4.9923253,8.454142,-1.2514462,3
11594268210764,4651295729,-5.0165524,8.475677,-1.2430713,3
11594270710764,4653795729,-5.052146,8.492725,-1.2236297,3
11594273210764,4656295729,-5.065007,8.506186,-1.2095718,3
11594275710764,4658795729,-5.0742793,8.510373,-1.21017,3
11594278210764,4661295729,-5.085645,8.513962,-1.2035898,3
11594280710764,4663795729,-5.090431,8.509176,-1.2179468,3
11594283210764,4666295729,-5.056034,8.507681,-1.2352947,3
11594285710764,4668795729,-5.0491548,8.495717,-1.256531,3
11594288210764,4671295729,-5.0120664,8.489735,-1.2876377,3
11594290710764,4673795729,-4.985745,8.47149,-1.2990036,3
11594293210764,4676295729,-4.97408,8.464012,-1.294517,3
11594295710764,4678795729,-4.95075,8.473284,-1.3019946,3
11594298210764,4681295729,-4.9079785,8.467302,-1.3037893,3
11594300710764,4683795729,-4.8909297,8.467302,-1.2939188,3
11594303210764,4686295729,-4.848756,8.462217,-1.2807583,3
11594305710764,4688795729,-4.822734,8.458329,-1.2786646,3
11594308210764,4691295729,-4.8044887,8.460124,-1.3064811,3
11594310710764,4693795729,-4.779065,8.438588,-1.2915261,3
11594313210764,4696295729,-4.76082,8.432905,-1.2550355,3
11594315710764,4698795729,-4.758726,8.432905,-1.2179468,3
11594318210764,4701295729,-4.750351,8.434401,-1.1862419,3
11594320710764,4703795729,-4.752146,8.407183,-1.1796615,3
11594323210764,4706295729,-4.7623153,8.409575,-1.1700903,3
11594325710764,4708795729,-4.766503,8.409874,-1.2002996,3
11594328210764,4711295729,-4.79073,8.40479,-1.1988041,3
11594330710764,4713795729,-4.8116674,8.409276,-1.1964114,3
11594333210764,4716295729,-4.840381,8.413464,-1.2242279,3
11594335710764,4718795729,-4.8532424,8.437391,-1.247857,3
11594338210764,4721295729,-4.863412,8.464311,-1.2490535,3
11594340710764,4723795729,-4.8846483,8.4502535,-1.2559328,3
11594343210764,4726295729,-4.88076,8.466105,-1.2975081,3
11594345710764,4728795729,-4.8828535,8.464012,-1.3181462,3
11594348210764,4731295729,-4.904389,8.458329,-1.3372887,3
11594350710764,4733795729,-4.910072,8.455039,-1.3633107,3
11594353210764,4736295729,-4.9055853,8.42812,-1.3471591,3
11594355710764,4738795729,-4.9169517,8.43141,-1.387239,3
11594358210764,4741295729,-4.9262238,8.4347,-1.3860425,3
11594360710764,4743795729,-4.9405804,8.438289,-1.3929219,3
11594363210764,4746295729,-4.9531426,8.429615,-1.3833506,3
11594365710764,4748795729,-4.9773703,8.439186,-1.3516457,3
11594368210764,4751295729,-4.9725847,8.429615,-1.3357933,3
11594370710764,4753795729,-4.9809594,8.412267,-1.2897314,3
11594373210764,4756295729,-4.9788656,8.389236,-1.2661023,3
11594375710764,4758795729,-4.985147,8.395517,-1.2077773,3
11594378210764,4761295729,-4.9878387,8.388339,-1.1892328,3
11594380710764,4763795729,-4.97079,8.369196,-1.1775678,3
11594383210764,4766295729,-4.9722853,8.352147,-1.1189437,3
11594385710764,4768795729,-4.9582276,8.342576,-1.1234303,3
11594388210764,4771295729,-4.9657054,8.352147,-1.0731809,3
11594390710764,4773795729,-4.97079,8.337193,-1.1001002,3
11594393210764,4776295729,-4.964808,8.334201,-1.0980065,3
11594395710764,4778795729,-4.9432726,8.3345,-1.093819,3
11594398210764,4781295729,-4.927719,8.322536,-1.1006985,3
11594400710764,4783795729,-4.916353,8.323434,-1.0779666,3
11594403210764,4786295729,-4.9193444,8.320742,-1.1006985,3
11594405710764,4788795729,-4.8918266,8.318049,-1.0998011,3
11594408210764,4791295729,-4.883452,8.323732,-1.1093724,3
11594410710764,4793795729,-4.8762736,8.321041,-1.1264212,3
11594413210764,4796295729,-4.874778,8.318947,-1.1575279,3
11594415710764,4798795729,-4.87747,8.314461,-1.2119647,3
11594418210764,4801295729,-4.87418,8.338388,-1.2732807,3
11594420710764,4803795729,-4.8711886,8.326425,-1.2684951,3
11594423210764,4806295729,-4.872684,8.315657,-1.2544373,3
11594425710764,4808795729,-4.88076,8.314161,-1.2206386,3
11594428210764,4811295729,-4.901996,8.3123665,-1.2436695,3
11594430710764,4813795729,-4.9193444,8.313563,-1.274178,3
11594433210764,4816295729,-4.9528437,8.3123665,-1.279861,3
11594435710764,4818795729,-4.9666023,8.3219385,-1.2930216,3
11594438210764,4821295729,-4.9902315,8.326425,-1.2693924,3
11594440710764,4823795729,-5.0162535,8.340781,-1.2562319,3
11594443210764,4826295729,-5.0177493,8.352447,-1.2616158,3
11594445710764,4828795729,-5.0186462,8.355437,-1.2329018,3
11594448210764,4831295729,-5.037191,8.366803,-1.212862,3
11594450710764,4833795729,-5.048856,8.381161,-1.2170494,3
11594453210764,4836295729,-5.063811,8.388339,-1.1754742,3
11594455710764,4838795729,-5.06411,8.387741,-1.1796615,3
11594458210764,4841295729,-5.0676994,8.405686,-1.1688938,3
11594460710764,4843795729,-5.0697927,8.402696,-1.154836,3
11594463210764,4846295729,-5.0629134,8.390134,-1.16351,3
11594465710764,4848795729,-5.06411,8.399705,-1.1877373,3
11594468210764,4851295729,-5.0587263,8.389535,-1.1670992,3
11594470710764,4853795729,-5.0330033,8.370991,-1.1907284,3
11594473210764,4856295729,-5.0249276,8.34138,-1.1766706,3
11594475710764,4858795729,-5.0135617,8.345268,-1.233201,3
11594478210764,4861295729,-4.9959145,8.3219385,-1.2888341,3
11594480710764,4863795729,-4.9755754,8.316554,-1.3151551,3
11594483210764,4866295729,-4.9666023,8.313862,-1.3241283,3
11594485710764,4868795729,-4.9432726,8.310572,-1.3519448,3
11594488210764,4871295729,-4.9307103,8.3174515,-1.3277174,3
11594490710764,4873795729,-4.9169517,8.316854,-1.3103695,3
11594493210764,4876295729,-4.910072,8.297412,-1.3022938,3
11594495710764,4878795729,-4.8942194,8.29442,-1.270888,3
11594498210764,4881295729,-4.896313,8.286644,-1.2490535,3
11594500710764,4883795729,-4.8990054,8.277073,-1.2403795,3
11594503210764,4886295729,-4.901099,8.26122,-1.2110673,3
11594505710764,4888795729,-4.9061837,8.259127,-1.1844472,3
11594508210764,4891295729,-4.907081,8.251051,-1.18684,3
11594510710764,4893795729,-4.922036,8.247163,-1.1883355,3
11594513210764,4896295729,-4.922036,8.247163,-1.1757733,3
11594515710764,4898795729,-4.939085,8.252846,-1.1653047,3
11594518210764,4901295729,-4.9585266,8.240283,-1.1745768,3
11594520710764,4903795729,-4.966902,8.247461,-1.1691929,3
11594523210764,4906295729,-4.9752765,8.26451,-1.1895319,3
11594525710764,4908795729,-4.9842496,8.273483,-1.1979069,3
11594528210764,4911295729,-4.985147,8.271688,-1.2029916,3
11594530710764,4913795729,-5.0102715,8.286943,-1.1739786,3
11594533210764,4916295729,-5.0156555,8.290532,-1.1512468,3
11594535710764,4918795729,-5.026722,8.29442,-1.1318051,3
11594538210764,4921295729,-5.043472,8.293822,-1.1135598,3
11594540710764,4923795729,-5.0536413,8.293822,-1.1102697,3
11594543210764,4926295729,-5.0542397,8.3015995,-1.1321042,3
11594545710764,4928795729,-5.0533423,8.298608,-1.1536397,3
11594548210764,4931295729,-5.070391,8.309076,-1.1623136,3
11594550710764,4933795729,-5.0880384,8.323434,-1.1688938,3
11594553210764,4936295729,-5.0970116,8.331808,-1.1455638,3
11594555710764,4938795729,-5.10419,8.333005,-1.1491531,3
11594558210764,4941295729,-5.0997033,8.340781,-1.172184,3
11594560710764,4943795729,-5.0952168,8.34467,-1.2020943,3
11594563210764,4946295729,-5.087739,8.346764,-1.2074782,3
11594565710764,4948795729,-5.0799623,8.339884,-1.2317054,3
11594568210764,4951295729,-5.064708,8.328219,-1.2472588,3
11594570710764,4953795729,-5.0452666,8.33121,-1.2726825,3
11594573210764,4956295729,-5.044668,8.338688,-1.2777673,3
11594575710764,4958795729,-5.008776,8.3327055,-1.2960125,3
11594578210764,4961295729,-4.981558,8.333005,-1.2861422,3
11594580710764,4963795729,-4.9692945,8.342576,-1.2394822,3
11594583210764,4966295729,-4.9636116,8.340483,-1.2083755,3
11594585710764,4968795729,-4.950451,8.343473,-1.1856437,3
11594588210764,4971295729,-4.936692,8.351549,-1.1494522,3
11594590710764,4973795729,-4.9289155,8.35783,-1.1234303,3
11594593210764,4976295729,-4.92413,8.347661,-1.0899308,3
11594595710764,4978795729,-4.92084,8.359027,-1.0564312,3
11594598210764,4981295729,-4.9052863,8.348259,-1.0339985,3
11594600710764,4983795729,-4.9109693,8.354839,-1.0142577,3
11594603210764,4986295729,-4.898706,8.35454,-0.9975079,3
11594605710764,4988795729,-4.8918266,8.358727,-0.99003035,3
11594608210764,4991295729,-4.9136615,8.350951,-0.9661021,3
11594610710764,4993795729,-4.8933225,8.350951,-0.9837492,3
11594613210764,4996295729,-4.889135,8.33809,-0.97956175,3
11594615710764,4998795729,-4.893023,8.340483,-0.9711869,3
11594618210764,5001295729,-4.8819566,8.339585,-1.009472,3
11594620710764,5003795729,-4.883751,8.344371,-1.0217353,3
11594623210764,5006295729,-4.8933225,8.345567,-1.0668998,3
11594625710764,5008795729,-4.879863,8.347063,-1.0944172,3
11594628210764,5011295729,-4.8681974,8.342576,-1.1150553,3
11594630710764,5013795729,-4.8646083,8.336893,-1.1745768,3
11594633210764,5016295729,-4.8655057,8.349156,-1.2014961,3
11594635710764,5018795729,-4.872086,8.343174,-1.2209377,3
11594638210764,5021295729,-4.861019,8.353643,-1.2418749,3
11594640710764,5023795729,-4.8762736,8.3581295,-1.2355938,3
11594643210764,5026295729,-4.889135,8.364112,-1.2376875,3
11594645710764,5028795729,-4.9052863,8.376375,-1.2364911,3
11594648210764,5031295729,-4.9109693,8.390732,-1.2394822,3
11594650710764,5033795729,-4.9262238,8.388937,-1.2714862,3
11594653210764,5036295729,-4.95075,8.39821,-1.2693924,3
11594655710764,5038795729,-4.973781,8.411369,-1.2765709,3
11594658210764,5041295729,-4.994419,8.4197445,-1.3070793,3
11594660710764,5043795729,-5.0362935,8.410473,-1.27687,3
11594663210764,5046295729,-5.0449677,8.418847,-1.2987045,3
11594665710764,5048795729,-5.061119,8.43141,-1.2732807,3
11594668210764,5051295729,-5.070391,8.432307,-1.2664014,3
11594670710764,5053795729,-5.076074,8.427222,-1.2664014,3
11594673210764,5056295729,-5.0826545,8.420044,-1.2281163,3
11594675710764,5058795729,-5.0802617,8.407781,-1.212862,3
11594678210764,5061295729,-5.0715876,8.406883,-1.2017952,3
11594680710764,5063795729,-5.058128,8.395517,-1.1856437,3
11594683210764,5066295729,-5.049454,8.382656,-1.1907284,3
11594685710764,5068795729,-5.034798,8.378768,-1.1620145,3
11594688210764,5071295729,-5.0102715,8.375178,-1.160519,3
11594690710764,5073795729,-4.9938207,8.35783,-1.154537,3
11594693210764,5076295729,-4.987241,8.342576,-1.128515,3
11594695710764,5078795729,-4.975875,8.330911,-1.1324034,3
11594698210764,5081295729,-4.9522457,8.314759,-1.1485549,3
11594700710764,5083795729,-4.9468617,8.311469,-1.1389836,3
11594703210764,5086295729,-4.9486566,8.305188,-1.1380863,3
11594705710764,5088795729,-4.949853,8.303992,-1.1288141,3
11594708210764,5091295729,-4.9495535,8.292626,-1.1309078,3
11594710710764,5093795729,-4.95075,8.278269,-1.1246266,3
11594713210764,5096295729,-4.9755754,8.275876,-1.1365907,3
11594715710764,5098795729,-4.9722853,8.28784,-1.148854,3
11594718210764,5101295729,-4.9881377,8.289635,-1.1584252,3
11594720710764,5103795729,-5.0180483,8.288439,-1.1763715,3
11594723210764,5106295729,-5.031807,8.287242,-1.2044871,3
11594725710764,5108795729,-5.0515475,8.303992,-1.1922239,3
11594728210764,5111295729,-5.075775,8.3123665,-1.2236297,3
11594730710764,5113795729,-5.0997033,8.322835,-1.2029916,3
11594733210764,5116295729,-5.1293144,8.326125,-1.2026925,3
11594735710764,5118795729,-5.1341,8.345268,-1.2032907,3
11594738210764,5121295729,-5.1535416,8.352147,-1.1964114,3
11594740710764,5123795729,-5.1792645,8.346166,-1.1805589,3
11594743210764,5126295729,-5.1667023,8.333304,-1.1823535,3
11594745710764,5128795729,-5.1681976,8.333304,-1.1724831,3
11594748210764,5131295729,-5.1514482,8.324929,-1.1754742,3
11594750710764,5133795729,-5.1326046,8.327621,-1.1641082,3
11594753210764,5136295729,-5.0976095,8.315956,-1.1668001,3
11594755710764,5138795729,-5.0886364,8.309974,-1.1931212,3
11594758210764,5141295729,-5.051847,8.312965,-1.2095718,3
11594760710764,5143795729,-5.0330033,8.3219385,-1.2176477,3
11594763210764,5146295729,-5.0102715,8.330313,-1.2532408,3
11594765710764,5148795729,-5.0015974,8.314461,-1.2445669,3
11594768210764,5151295729,-4.987241,8.319246,-1.2547364,3
11594770710764,5153795729,-4.959424,8.30459,-1.2616158,3
11594773210764,5156295729,-4.953442,8.303992,-1.2589238,3
11594775710764,5158795729,-4.9492545,8.305488,-1.2765709,3
11594778210764,5161295729,-4.9492545,8.297412,-1.2846466,3
11594780710764,5163795729,-4.9516473,8.312965,-1.259522,3
11594783210764,5166295729,-4.9543395,8.297112,-1.2646067,3
11594785710764,5168795729,-4.95733,8.307581,-1.227518,3
11594788210764,5171295729,-4.9657054,8.312068,-1.2086746,3
11594790710764,5173795729,-4.961518,8.314161,-1.1829517,3
11594793210764,5176295729,-4.968098,8.305488,-1.1153544,3
11594795710764,5178795729,-4.9567323,8.312068,-1.1114662,3
11594798210764,5181295729,-4.935795,8.313862,-1.0770693,3
11594800710764,5183795729,-4.9325047,8.315358,-1.0716854,3
11594803210764,5186295729,-4.9259243,8.323134,-1.0767702,3
11594805710764,5188795729,-4.921139,8.319246,-1.0719845,3
11594808210764,5191295729,-4.922335,8.333603,-1.0884352,3
11594810710764,5193795729,-4.9145584,8.328518,-1.1330016,3
11594813210764,5196295729,-4.9082775,8.336594,-1.1377872,3
11594815710764,5198795729,-4.9232326,8.33809,-1.1790633,3
11594818210764,5201295729,-4.927719,8.340183,-1.2236297,3
11594820710764,5203795729,-4.95404,8.340183,-1.2484552,3
11594823210764,5206295729,-4.95404,8.348558,-1.2915261,3
11594825710764,5208795729,-4.9698925,8.34467,-1.27687,3
11594828210764,5211295729,-4.982156,8.340483,-1.294218,3
11594830710764,5213795729,-4.9953165,8.335996,-1.2915261,3
11594833210764,5216295729,-5.0135617,8.338688,-1.2834502,3
11594835710764,5218795729,-5.032405,8.334201,-1.2912269,3
11594838210764,5221295729,-5.034798,8.332108,-1.2843475,3
11594840710764,5223795729,-5.046762,8.335697,-1.2649059,3
11594843210764,5226295729,-5.0736814,8.33809,-1.2610176,3
11594845710764,5228795729,-5.061717,8.344371,-1.2753744,3
11594848210764,5231295729,-5.0590253,8.3348,-1.2771691,3
11594850710764,5233795729,-5.0644093,8.336295,-1.2699906,3
11594853210764,5236295729,-5.069494,8.329715,-1.2783655,3
11594855710764,5238795729,-5.06411,8.335398,-1.2568301,3
11594858210764,5241295729,-5.0593243,8.335697,-1.2810575,3
11594860710764,5243795729,-5.0344987,8.337491,-1.2930216,3
11594863210764,5246295729,-5.0276194,8.3377905,-1.3184453,3
11594865710764,5248795729,-5.0180483,8.335697,-1.3232309,3
11594868210764,5251295729,-5.0273204,8.342576,-1.3498511,3
11594870710764,5253795729,-5.026124,8.343773,-1.3513466,3
11594873210764,5256295729,-5.0252266,8.36471,-1.3615161,3
11594875710764,5258795729,-5.002794,8.368299,-1.3651053,3
11594878210764,5261295729,-4.9606204,8.376375,-1.39023,3
11594880710764,5263795729,-4.953442,8.370093,-1.4207385,3
11594883210764,5266295729,-4.936991,8.377272,-1.4237294,3
11594885710764,5268795729,-4.927719,8.383852,-1.4243277,3
11594888210764,5271295729,-4.918148,8.382058,-1.4168501,3
11594890710764,5273795729,-4.9061837,8.397013,-1.398904,3
11594893210764,5276295729,-4.8825545,8.396714,-1.3866407,3
11594895710764,5278795729,-4.87747,8.386544,-1.3636098,3
11594898210764,5281295729,-4.8738804,8.398508,-1.3561323,3
11594900710764,5283795729,-4.8681974,8.400303,-1.3304094,3
11594903210764,5286295729,-4.861019,8.40479,-1.2936198,3
11594905710764,5288795729,-4.848457,8.397611,-1.2750753,3
11594908210764,5291295729,-4.834698,8.390732,-1.2484552,3
11594910710764,5293795729,-4.8394837,8.39462,-1.2005987,3
11594913210764,5296295729,-4.8233323,8.388937,-1.166202,3
11594915710764,5298795729,-4.8176494,8.385946,-1.1174482,3
11594918210764,5301295729,-4.799703,8.3784685,-1.0815558,3
11594920710764,5303795729,-4.793721,8.390432,-1.0881361,3
11594923210764,5306295729,-4.811368,8.406285,-1.1042876,3
11594925710764,5308795729,-4.8006005,8.390732,-1.0923235,3
11594928210764,5311295729,-4.7895336,8.372786,-1.1069796,3
11594930710764,5313795729,-4.769793,8.355437,-1.1261221,3
11594933210764,5316295729,-4.7674,8.35454,-1.1563315,3
11594935710764,5318795729,-4.7470613,8.349456,-1.1895319,3
11594938210764,5321295729,-4.7509494,8.3428755,-1.2580265,3
11594940710764,5323795729,-4.735097,8.333304,-1.3151551,3
11594943210764,5326295729,-4.7374897,8.330313,-1.3564314,3
11594945710764,5328795729,-4.7455654,8.330911,-1.3986049,3
11594948210764,5331295729,-4.752146,8.339884,-1.4371891,3
11594950710764,5333795729,-4.7952166,8.362018,-1.4656038,3
11594953210764,5336295729,-4.8287163,8.375178,-1.495215,3
11594955710764,5338795729,-4.8568316,8.377871,-1.4736797,3
11594958210764,5341295729,-4.8750772,8.39133,-1.4886348,3
11594960710764,5343795729,-4.921139,8.39791,-1.5260227,3
11594963210764,5346295729,-4.93729,8.400901,-1.518545,3
11594965710764,5348795729,-4.965406,8.417053,-1.5176477,3
11594968210764,5351295729,-5.005486,8.412566,-1.50359,3
11594970710764,5353795729,-5.0186462,8.413763,-1.5020944,3
11594973210764,5356295729,-5.014459,8.402696,-1.4880366,3
11594975710764,5358795729,-5.035695,8.40808,-1.4781662,3
11594978210764,5361295729,-5.0255256,8.409874,-1.4647065,3
11594980710764,5363795729,-5.0327044,8.417053,-1.4374882,3
11594983210764,5366295729,-5.032405,8.406883,-1.4213367,3
11594985710764,5368795729,-5.0401816,8.402696,-1.3977076,3
11594988210764,5371295729,-4.9917274,8.398508,-1.3890336,3
11594990710764,5373795729,-4.9657054,8.376076,-1.3878372,3
11594993210764,5376295729,-4.9310093,8.367701,-1.3704891,3
11594995710764,5378795729,-4.8918266,8.348259,-1.3537394,3
11594998210764,5381295729,-4.85743,8.3428755,-1.3719847,3
11595000710764,5383795729,-4.82752,8.318049,-1.3384851,3
11595003210764,5386295729,-4.8098726,8.305488,-1.3414762,3
11595005710764,5388795729,-4.791029,8.286345,-1.3277174,3
11595008210764,5391295729,-4.7742796,8.284251,-1.3208381,3
11595010710764,5393795729,-4.7656054,8.285447,-1.3229318,3
11595013210764,5396295729,-4.755436,8.289037,-1.3247265,3
11595015710764,5398795729,-4.7575297,8.303393,-1.3217354,3
11595018210764,5401295729,-4.7718863,8.312965,-1.3232309,3
11595020710764,5403795729,-4.7832522,8.299805,-1.3175479,3
11595023210764,5406295729,-4.773681,8.282456,-1.2726825,3
11595025710764,5408795729,-4.8176494,8.30788,-1.2954143,3
11595028210764,5411295729,-4.82064,8.326724,-1.311865,3
11595030710764,5413795729,-4.836792,8.338987,-1.3136597,3
11595033210764,5416295729,-4.858028,8.344371,-1.3103695,3
11595035710764,5418795729,-4.880162,8.357232,-1.3226327,3
11595038210764,5421295729,-4.8846483,8.36441,-1.3133606,3
11595040710764,5423795729,-4.8849473,8.356634,-1.2990036,3
11595043210764,5426295729,-4.8933225,8.355737,-1.2954143,3
11595045710764,5428795729,-4.8933225,8.361719,-1.3082758,3
11595048210764,5431295729,-4.896014,8.362616,-1.3187444,3
11595050710764,5433795729,-4.929514,8.385647,-1.3253247,3
11595053210764,5436295729,-4.953741,8.401798,-1.3486546,3
11595055710764,5438795729,-4.9698925,8.405088,-1.4015958,3
11595058210764,5441295729,-4.981857,8.413164,-1.4333007,3
11595060710764,5443795729,-4.9863434,8.418847,-1.4464613,3
11595063210764,5446295729,-5.0192447,8.424232,-1.4838492,3
11595065710764,5448795729,-5.046164,8.447561,-1.5239289,3
11595068210764,5451295729,-5.0512486,8.459227,-1.5367904,3
11595070710764,5453795729,-5.0512486,8.46132,-1.5373886,3
11595073210764,5456295729,-5.050052,8.451449,-1.5475581,3
11595075710764,5458795729,-5.0255256,8.441579,-1.5287145,3
11595078210764,5461295729,-4.983352,8.425727,-1.515255,3
11595080710764,5463795729,-4.9896336,8.439186,-1.5173486,3
11595083210764,5466295729,-5.000401,8.449057,-1.4910276,3
11595085710764,5468795729,-5.0099726,8.472386,-1.4673985,3
11595088210764,5471295729,-5.011468,8.485547,-1.46022,3
11595090710764,5473795729,-5.0222354,8.485547,-1.4306089,3
11595093210764,5476295729,-5.001897,8.502596,-1.3974084,3
11595095710764,5478795729,-4.983352,8.496913,-1.3884354,3
11595098210764,5481295729,-4.953442,8.487042,-1.37019,3
11595100710764,5483795729,-4.909773,8.473284,-1.378864,3
11595103210764,5486295729,-4.8673005,8.469396,-1.3884354,3
11595105710764,5488795729,-4.8308096,8.455039,-1.4063815,3
11595108210764,5491295729,-4.7922254,8.43799,-1.3956138,3
11595110710764,5493795729,-4.7620163,8.422437,-1.4141582,3
11595113210764,5496295729,-4.72403,8.402397,-1.4054842,3
11595115710764,5498795729,-4.688736,8.390732,-1.3782659,3
11595118210764,5501295729,-4.6704907,8.395817,-1.3660027,3
11595120710764,5503795729,-4.653741,8.385049,-1.3543376,3
11595123210764,5506295729,-4.627719,8.380861,-1.3393825,3
11595125710764,5508795729,-4.6232324,8.371589,-1.3334004,3
11595128210764,5511295729,-4.6351967,8.362317,-1.3259228,3
11595130710764,5513795729,-4.6286163,8.357532,-1.3079767,3
11595133210764,5516295729,-4.6495533,8.360522,-1.3184453,3
11595135710764,5518795729,-4.673482,8.37458,-1.3157533,3
11595138210764,5521295729,-4.712963,8.377272,-1.3136597,3
11595140710764,5523795729,-4.74407,8.373981,-1.326521,3
11595143210764,5526295729,-4.7841496,8.382955,-1.3232309,3
11595145710764,5528795729,-4.808975,8.381759,-1.3232309,3
11595148210764,5531295729,-4.831707,8.369495,-1.3193426,3
11595150710764,5533795729,-4.8448677,8.350054,-1.3271192,3
11595153210764,5536295729,-4.8442693,8.337491,-1.3325031,3
11595155710764,5538795729,-4.847859,8.3530445,-1.3142579,3
11595158210764,5541295729,-4.866104,8.362915,-1.329213,3
11595160710764,5543795729,-4.866104,8.376076,-1.3540385,3
11595163210764,5546295729,-4.8804607,8.381161,-1.3740784,3
11595165710764,5548795729,-4.874778,8.3632145,-1.3677973,3
11595168210764,5551295729,-4.8469615,8.340781,-1.3761721,3
11595170710764,5553795729,-4.8658047,8.352447,-1.3974084,3
11595173210764,5556295729,-4.8622155,8.356335,-1.422533,3
11595175710764,5558795729,-4.8852468,8.363513,-1.4198412,3
11595178210764,5561295729,-4.8909297,8.372188,-1.4189439,3
11595180710764,5563795729,-4.8846483,8.373981,-1.4258232,3
11595183210764,5566295729,-4.903492,8.349456,-1.3953147,3
11595185710764,5568795729,-4.9088755,8.353643,-1.3899308,3
11595188210764,5571295729,-4.920541,8.3530445,-1.3698909,3
11595190710764,5573795729,-4.9402814,8.359027,-1.3417753,3
11595193210764,5576295729,-4.955835,8.368897,-1.3076776,3
11595195710764,5578795729,-4.953741,8.358429,-1.3238292,3
11595198210764,5581295729,-4.970192,8.367701,-1.3109677,3
11595200710764,5583795729,-4.983053,8.372786,-1.3037893,3
11595203210764,5586295729,-4.991129,8.3733835,-1.3031911,3
11595205710764,5588795729,-5.003392,8.367402,-1.288535,3
11595208210764,5591295729,-5.023133,8.364112,-1.3169497,3
11595210710764,5593795729,-5.035097,8.344371,-1.3049856,3
11595213210764,5596295729,-5.0246286,8.345268,-1.3121641,3
11595215710764,5598795729,-5.022535,8.333005,-1.326521,3
11595218210764,5601295729,-5.0336018,8.328518,-1.3214363,3
11595220710764,5603795729,-5.0102715,8.312068,-1.306182,3
11595223210764,5606295729,-4.9959145,8.319246,-1.3046865,3
11595225710764,5608795729,-4.9917274,8.323434,-1.3031911,3
11595228210764,5611295729,-4.979763,8.321041,-1.3115659,3
11595230710764,5613795729,-4.955835,8.322237,-1.3342978,3
11595233210764,5616295729,-4.946563,8.307282,-1.3447664,3
11595235710764,5618795729,-4.933402,8.309076,-1.3516457,3
11595238210764,5621295729,-4.9196434,8.303992,-1.3680964,3
11595240710764,5623795729,-4.8999023,8.309376,-1.3848461,3
11595243210764,5626295729,-4.8942194,8.321041,-1.4012967,3
11595245710764,5628795729,-4.889434,8.311769,-1.4066806,3
11595248210764,5631295729,-4.870291,8.322536,-1.4249259,3
11595250710764,5633795729,-4.8675995,8.3327055,-1.4365909,3
11595253210764,5636295729,-4.868497,8.3428755,-1.4404793,3
11595255710764,5638795729,-4.874479,8.357232,-1.4437693,3
11595258210764,5641295729,-4.888836,8.357232,-1.4473586,3
11595260710764,5643795729,-4.896014,8.353942,-1.422533,3
11595263210764,5646295729,-4.8918266,8.340781,-1.430908,3
11595265710764,5648795729,-4.8906302,8.342277,-1.4231312,3
11595268210764,5651295729,-4.8771706,8.339286,-1.416551,3
11595270710764,5653795729,-4.874778,8.353643,-1.4030914,3
11595273210764,5656295729,-4.8855457,8.345866,-1.4066806,3
11595275710764,5658795729,-4.8969116,8.352147,-1.4030914,3
11595278210764,5661295729,-4.9061837,8.357232,-1.4009976,3
11595280710764,5663795729,-4.9088755,8.360522,-1.4186447,3
11595283210764,5666295729,-4.898407,8.351549,-1.4027922,3
11595285710764,5668795729,-4.9199424,8.364112,-1.4159528,3
11595288210764,5671295729,-4.9145584,8.359027,-1.419243,3
11595290710764,5673795729,-4.924728,8.360522,-1.4437693,3
11595293210764,5676295729,-4.924728,8.367701,-1.4536397,3
11595295710764,5678795729,-4.9286165,8.359027,-1.463211,3
11595298210764,5681295729,-4.92084,8.357532,-1.4883357,3
11595300710764,5683795729,-4.929813,8.36471,-1.4895321,3
11595303210764,5686295729,-4.9363933,8.359326,-1.4856437,3
11595305710764,5688795729,-4.9378886,8.353344,-1.4679967,3
11595308210764,5691295729,-4.922335,8.345866,-1.462912,3
11595310710764,5693795729,-4.920541,8.333304,-1.483251,3
11595313210764,5696295729,-4.9396834,8.338388,-1.4575281,3
11595315710764,5698795729,-4.933701,8.356933,-1.4434702,3
11595318210764,5701295729,-4.942375,8.35125,-1.4222339,3
11595320710764,5703795729,-4.94088,8.351849,-1.4270196,3
11595323210764,5706295729,-4.955835,8.361719,-1.4216357,3
11595325710764,5708795729,-4.9660044,8.370093,-1.422533,3
11595328210764,5711295729,-4.970491,8.367103,-1.4171492,3
11595330710764,5713795729,-4.9474597,8.379066,-1.4174483,3
11595333210764,5716295729,-4.948357,8.376076,-1.4129617,3
11595335710764,5718795729,-4.9316072,8.394022,-1.442573,3
11595338210764,5721295729,-4.933103,8.405686,-1.457229,3
11595340710764,5723795729,-4.9381876,8.407781,-1.462912,3
11595343210764,5726295729,-4.9289155,8.407481,-1.4895321,3
11595345710764,5728795729,-4.9064827,8.395817,-1.4976078,3
11595348210764,5731295729,-4.8909297,8.390432,-1.5038891,3
11595350710764,5733795729,-4.8843493,8.405686,-1.4997016,3
11595353210764,5736295729,-4.8828535,8.385348,-1.518545,3
11595355710764,5738795729,-4.8789654,8.390134,-1.509572,3
11595358210764,5741295729,-4.8804607,8.394919,-1.4988043,3
11595360710764,5743795729,-4.9049873,8.4012,-1.5011971,3
11595363210764,5746295729,-4.909175,8.3835535,-1.4928222,3
11595365710764,5748795729,-4.9235315,8.386544,-1.4383855,3
11595368210764,5751295729,-4.9283175,8.395517,-1.4291133,3
11595370710764,5753795729,-4.9570312,8.391031,-1.396212,3
11595373210764,5756295729,-4.983651,8.4038925,-1.387239,3
11595375710764,5758795729,-4.9992046,8.402696,-1.3803595,3
11595378210764,5761295729,-4.9636116,8.404191,-1.3375878,3
11595380710764,5763795729,-4.979763,8.406285,-1.3127624,3
11595383210764,5766295729,-4.983053,8.405986,-1.3025929,3
11595385710764,5768795729,-4.966902,8.400602,-1.2996018,3
11595388210764,5771295729,-4.9474597,8.39791,-1.2993027,3
11595390710764,5773795729,-4.92742,8.405986,-1.3393825,3
11595393210764,5776295729,-4.909175,8.391928,-1.3570296,3
11595395710764,5778795729,-4.901398,8.377272,-1.3956138,3
11595398210764,5781295729,-4.897809,8.367103,-1.4356936,3
11595400710764,5783795729,-4.874479,8.342277,-1.4449657,3
11595403210764,5786295729,-4.8771706,8.323732,-1.4979069,3
11595405710764,5788795729,-4.8583274,8.319246,-1.5167505,3
11595408210764,5791295729,-4.866702,8.306983,-1.5349957,3
11595410710764,5793795729,-4.8616176,8.296215,-1.5526428,3
11595413210764,5796295729,-4.866702,8.299206,-1.5613167,3
11595415710764,5798795729,-4.881059,8.284551,-1.5403795,3
11595418210764,5801295729,-4.892126,8.275578,-1.5427724,3
11595420710764,5803795729,-4.8939204,8.277371,-1.553241,3
11595423210764,5806295729,-4.918746,8.279764,-1.5314065,3
11595425710764,5808795729,-4.9340005,8.270791,-1.5179468,3
11595428210764,5811295729,-4.936094,8.275278,-1.5044873,3
11595430710764,5813795729,-4.9642096,8.263912,-1.4862419,3
11595433210764,5816295729,-4.9782677,8.2660055,-1.4488541,3
11595435710764,5818795729,-4.9956155,8.253742,-1.4201403,3
11595438210764,5821295729,-4.999803,8.252546,-1.3839488,3
11595440710764,5823795729,-5.0234323,8.251948,-1.3588241,3
11595443210764,5826295729,-5.029713,8.257631,-1.3423735,3
11595445710764,5828795729,-5.0276194,8.263613,-1.3354942,3
11595448210764,5831295729,-5.0306106,8.251948,-1.3351951,3
11595450710764,5833795729,-5.0455656,8.259425,-1.334896,3
11595453210764,5836295729,-5.0590253,8.257032,-1.3256238,3
11595455710764,5838795729,-5.070092,8.256135,-1.3357933,3
11595458210764,5841295729,-5.085346,8.2348995,-1.3740784,3
11595460710764,5843795729,-5.0880384,8.220542,-1.3839488,3
11595463210764,5846295729,-5.072485,8.208878,-1.3770695,3
11595465710764,5848795729,-5.086842,8.204391,-1.402194,3
11595468210764,5851295729,-5.0805607,8.19452,-1.4033905,3
11595470710764,5853795729,-5.0479584,8.177173,-1.4183456,3
11595473210764,5856295729,-5.0533423,8.1682,-1.4120644,3
11595475710764,5858795729,-5.0539403,8.16431,-1.442872,3
11595478210764,5861295729,-5.0674,8.161619,-1.4240286,3
11595480710764,5863795729,-5.085645,8.1586275,-1.4177474,3
11595483210764,5866295729,-5.090431,8.155039,-1.4593227,3
11595485710764,5868795729,-5.0955157,8.150253,-1.4703895,3
11595488210764,5871295729,-5.0976095,8.144271,-1.4721842,3
11595490710764,5873795729,-5.118846,8.129615,-1.4883357,3
11595493210764,5876295729,-5.1323056,8.150552,-1.4877375,3
11595495710764,5878795729,-5.1568317,8.1382885,-1.4808581,3
11595498210764,5881295729,-5.1705904,8.150253,-1.4955142,3
11595500710764,5883795729,-5.1879387,8.146963,-1.5002998,3
11595503210764,5886295729,-5.2019963,8.130512,-1.4919249,3
11595505710764,5888795729,-5.214858,8.120343,-1.4647065,3
11595508210764,5891295729,-5.212166,8.112865,-1.4904294,3
11595510710764,5893795729,-5.2292147,8.113763,-1.4712868,3
11595513210764,5896295729,-5.2220364,8.10808,-1.4587245,3
11595515710764,5898795729,-5.24746,8.108678,-1.462912,3
11595518210764,5901295729,-5.2462635,8.124829,-1.4315062,3
11595520710764,5903795729,-5.2546387,8.140083,-1.4440684,3
11595523210764,5906295729,-5.2480583,8.149654,-1.4506488,3
11595525710764,5908795729,-5.238188,8.158329,-1.4575281,3
11595528210764,5911295729,-5.2250276,8.155637,-1.4760724,3
11595530710764,5913795729,-5.2196436,8.1586275,-1.4856437,3
11595533210764,5916295729,-5.2202415,8.165507,-1.50359,3
11595535710764,5918795729,-5.193023,8.158927,-1.5469599,3
11595538210764,5921295729,-5.148756,8.147861,-1.564906,3
11595540710764,5923795729,-5.1257253,8.1586275,-1.5861423,3
11595543210764,5926295729,-5.1000023,8.159226,-1.6298113,3
11595545710764,5928795729,-5.0826545,8.1891365,-1.6040884,3
11595548210764,5931295729,-5.074579,8.184649,-1.6253247,3
11595550710764,5933795729,-5.066802,8.195417,-1.6393826,3
11595553210764,5936295729,-5.0602217,8.209774,-1.6301104,3
11595555710764,5938795729,-5.055137,8.207381,-1.6193427,3
11595558210764,5941295729,-5.0659046,8.231609,-1.6002002,3
11595560710764,5943795729,-5.0605206,8.250154,-1.5921243,3
11595563210764,5946295729,-5.0754757,8.241778,-1.5948163,3
11595565710764,5948795729,-5.0748777,8.245368,-1.5843477,3
11595568210764,5951295729,-5.069195,8.261519,-1.5672989,3
11595570710764,5953795729,-5.0736814,8.273483,-1.576571,3
11595573210764,5956295729,-5.072485,8.284251,-1.5658033,3
11595575710764,5958795729,-5.092525,8.306983,-1.5714862,3
11595578210764,5961295729,-5.1053863,8.318349,-1.5628123,3
11595580710764,5963795729,-5.0940204,8.333603,-1.5664015,3
11595583210764,5966295729,-5.0880384,8.335697,-1.553241,3
11595585710764,5968795729,-5.089534,8.350054,-1.5454643,3
11595588210764,5971295729,-5.0605206,8.350951,-1.5687944,3
11595590710764,5973795729,-5.025825,8.353942,-1.5559329,3
11595593210764,5976295729,-4.994718,8.347661,-1.5484554,3
11595595710764,5978795729,-4.9716873,8.345268,-1.5526428,3
11595598210764,5981295729,-4.9399824,8.344071,-1.5616158,3
11595600710764,5983795729,-4.9046884,8.342277,-1.57358,3
11595603210764,5986295729,-4.8882375,8.326425,-1.5717853,3
11595605710764,5988795729,-4.877769,8.318947,-1.570589,3
11595608210764,5991295729,-4.8771706,8.288139,-1.5696917,3
11595610710764,5993795729,-4.852345,8.27797,-1.509572,3
11595613210764,5996295729,-4.812864,8.272885,-1.5083755,3
11595615710764,5998795729,-4.8044887,8.266604,-1.4979069,3
11595618210764,6001295729,-4.8194437,8.285747,-1.4874383,3
11595620710764,6003795729,-4.835296,8.283054,-1.4733806,3
11595623210764,6006295729,-4.861318,8.297412,-1.4503496,3
11595625710764,6008795729,-4.8678985,8.293224,-1.4563317,3
11595628210764,6011295729,-4.8786664,8.284849,-1.4503496,3
11595630710764,6013795729,-4.901099,8.290234,-1.451247,3
11595633210764,6016295729,-4.9061837,8.284251,-1.4527425,3
11595635710764,6018795729,-4.9256253,8.268997,-1.4497514,3
11595638210764,6021295729,-4.9456654,8.278867,-1.448555,3
11595640710764,6023795729,-4.968696,8.284551,-1.4533406,3
11595643210764,6026295729,-5.000102,8.293224,-1.4503496,3
11595645710764,6028795729,-5.0341997,8.298907,-1.4533406,3
11595648210764,6031295729,-5.0566325,8.297412,-1.4593227,3
11595650710764,6033795729,-5.0769715,8.299805,-1.4458631,3
11595653210764,6036295729,-5.084449,8.298907,-1.4706886,3
11595655710764,6038795729,-5.093123,8.290832,-1.4769697,3
11595658210764,6041295729,-5.0952168,8.290832,-1.4871392,3
11595660710764,6043795729,-5.0793643,8.276773,-1.5041882,3
11595663210764,6046295729,-5.0739803,8.266903,-1.5146568,3
11595665710764,6048795729,-5.0832524,8.268698,-1.5311074,3
11595668210764,6051295729,-5.068896,8.265108,-1.5311074,3
11595670710764,6053795729,-5.0569315,8.259425,-1.5245271,3
11595673210764,6056295729,-5.0303116,8.258827,-1.5239289,3
11595675710764,6058795729,-5.015057,8.248059,-1.4961123,3
11595678210764,6061295729,-5.003691,8.25793,-1.5023935,3
11595680710764,6063795729,-5.0007,8.259425,-1.5002998,3
11595683210764,6066295729,-4.9881377,8.255239,-1.4718851,3
11595685710764,6068795729,-4.968098,8.267202,-1.4554343,3
11595688210764,6071295729,-4.970491,8.271688,-1.463211,3
11595690710764,6073795729,-4.97079,8.280064,-1.4482559,3
11595693210764,6076295729,-4.987241,8.286644,-1.4476577,3
11595695710764,6078795729,-4.9977093,8.295617,-1.425225,3
11595698210764,6081295729,-5.0138607,8.301898,-1.4099708,3
11595700710764,6083795729,-5.0120664,8.309076,-1.3893327,3
11595703210764,6086295729,-5.0330033,8.29771,-1.3651053,3
11595705710764,6088795729,-5.049753,8.312068,-1.3654044,3
11595708210764,6091295729,-5.052744,8.316256,-1.3498511,3
11595710710764,6093795729,-5.06411,8.3219385,-1.3441681,3
11595713210764,6096295729,-5.061717,8.333304,-1.3516457,3
11595715710764,6098795729,-5.0545387,8.345268,-1.3603196,3
11595718210764,6101295729,-5.0455656,8.336295,-1.3507484,3
11595720710764,6103795729,-5.023731,8.326724,-1.3695918,3
11595723210764,6106295729,-4.9986067,8.329117,-1.3648062,3
11595725710764,6108795729,-4.983352,8.328518,-1.3660027,3
11595728210764,6111295729,-4.9510493,8.332407,-1.3770695,3
11595730710764,6113795729,-4.942076,8.323732,-1.3660027,3
11595733210764,6116295729,-4.9109693,8.322835,-1.3680964,3
11595735710764,6118795729,-4.8849473,8.308778,-1.3833506,3
11595738210764,6121295729,-4.8625145,8.284849,-1.3657036,3
11595740710764,6123795729,-4.8376894,8.266305,-1.3725829,3
11595743210764,6126295729,-4.800002,8.26122,-1.4090735,3
11595745710764,6128795729,-4.781757,8.245966,-1.4009976,3
11595748210764,6131295729,-4.7623153,8.252247,-1.425225,3
11595750710764,6133795729,-4.7282176,8.256734,-1.4533406,3
11595753210764,6136295729,-4.735097,8.2761755,-1.4327025,3
11595755710764,6138795729,-4.755436,8.279466,-1.4575281,3
11595758210764,6141295729,-4.761418,8.272586,-1.451247,3
11595760710764,6143795729,-4.772485,8.276474,-1.4204394,3
11595763210764,6146295729,-4.805386,8.272586,-1.3983058,3
11595765710764,6148795729,-4.8041897,8.263912,-1.393221,3
11595768210764,6151295729,-4.834399,8.262117,-1.3345969,3
11595770710764,6153795729,-4.846064,8.256135,-1.3199408,3
11595773210764,6156295729,-4.8376894,8.25793,-1.3154542,3
11595775710764,6158795729,-4.852046,8.26451,-1.2723835,3
11595778210764,6161295729,-4.8915277,8.251948,-1.2466606,3
11595780710764,6163795729,-4.903791,8.261519,-1.2376875,3
11595783210764,6166295729,-4.918148,8.269296,-1.2179468,3
11595785710764,6168795729,-4.9516473,8.280064,-1.20688,3
11595788210764,6171295729,-4.94417,8.2812605,-1.2257234,3
11595790710764,6173795729,-4.9489555,8.2761755,-1.2206386,3
11595793210764,6176295729,-4.979763,8.293523,-1.1964114,3
11595795710764,6178795729,-4.994718,8.288737,-1.2179468,3
11595798210764,6181295729,-5.0132627,8.29771,-1.2272189,3
11595800710764,6183795729,-5.0365925,8.312068,-1.2487543,3
11595803210764,6186295729,-5.0491548,8.318648,-1.2496517,3
11595805710764,6188795729,-5.0515475,8.330612,-1.2586247,3
11595808210764,6191295729,-5.0605206,8.330014,-1.259522,3
11595810710764,6193795729,-5.0880384,8.339286,-1.2726825,3
11595813210764,6196295729,-5.072485,8.337193,-1.3010973,3
11595815710764,6198795729,-5.0476594,8.339585,-1.3085749,3
11595818210764,6201295729,-5.0276194,8.34796,-1.3193426,3
11595820710764,6203795729,-5.056034,8.353942,-1.3328022,3
11595823210764,6206295729,-5.0620165,8.377571,-1.34686,3
11595825710764,6208795729,-5.0491548,8.405686,-1.3698909,3
11595828210764,6211295729,-5.0772705,8.396115,-1.3812568,3
11595830710764,6213795729,-5.081757,8.410473,-1.4039887,3
11595833210764,6216295729,-5.10748,8.423334,-1.387239,3
11595835710764,6218795729,-5.107779,8.412267,-1.3944174,3
11595838210764,6221295729,-5.0937214,8.415258,-1.3965111,3
11595840710764,6223795729,-5.092824,8.415258,-1.3998013,3
11595843210764,6226295729,-5.06411,8.409874,-1.4042878,3
11595845710764,6228795729,-5.057829,8.410771,-1.378565,3
11595848210764,6231295729,-5.0449677,8.4197445,-1.3567305,3
11595850710764,6233795729,-5.026124,8.411071,-1.3630116,3
11595853210764,6236295729,-5.0009995,8.406285,-1.3369896,3
11595855710764,6238795729,-4.9672008,8.405088,-1.2981063,3
11595858210764,6241295729,-4.9519463,8.3994055,-1.3058829,3
11595860710764,6243795729,-4.9253263,8.3835535,-1.2933207,3
11595863210764,6246295729,-4.9193444,8.385946,-1.262513,3
11595865710764,6248795729,-4.8972106,8.3784685,-1.2675978,3
11595868210764,6251295729,-4.8738804,8.376375,-1.2771691,3
11595870710764,6253795729,-4.87418,8.366803,-1.2669996,3
11595873210764,6256295729,-4.863412,8.382357,-1.2702898,3
11595875710764,6258795729,-4.859524,8.366803,-1.3016955,3
11595878210764,6261295729,-4.868796,8.362915,-1.3064811,3
11595880710764,6263795729,-4.889434,8.370692,-1.3064811,3
11595883210764,6266295729,-4.883153,8.369495,-1.3498511,3
11595885710764,6268795729,-4.8993044,8.375478,-1.3483555,3
11595888210764,6271295729,-4.9079785,8.388339,-1.3331013,3
11595890710764,6273795729,-4.895117,8.376674,-1.3423735,3
11595893210764,6276295729,-4.9142594,8.385348,-1.3543376,3
11595895710764,6278795729,-4.9214377,8.402696,-1.3372887,3
11595898210764,6281295729,-4.94088,8.399705,-1.334896,3
11595900710764,6283795729,-4.948357,8.4012,-1.3471591,3
11595903210764,6286295729,-4.9752765,8.400003,-1.3423735,3
11595905710764,6288795729,-4.996214,8.412267,-1.340878,3
11595908210764,6291295729,-5.0138607,8.400303,-1.3447664,3
11595910710764,6293795729,-5.002196,8.3835535,-1.3336995,3
11595913210764,6296295729,-5.0195436,8.3835535,-1.3136597,3
11595915710764,6298795729,-5.0365925,8.385049,-1.3214363,3
11595918210764,6301295729,-5.0536413,8.395218,-1.3253247,3
11595920710764,6303795729,-5.0754757,8.402696,-1.2978072,3
11595923210764,6306295729,-5.06082,8.42124,-1.2975081,3
11595925710764,6308795729,-5.0790653,8.419446,-1.2966107,3
11595928210764,6311295729,-5.0916276,8.423035,-1.27687,3
11595930710764,6313795729,-5.104788,8.429017,-1.2909278,3
11595933210764,6316295729,-5.1026945,8.409276,-1.3034902,3
11595935710764,6318795729,-5.0955157,8.396115,-1.2930216,3
11595938210764,6321295729,-5.081458,8.39133,-1.3112668,3
11595940710764,6323795729,-5.061717,8.359625,-1.3435699,3
11595943210764,6326295729,-5.026722,8.347661,-1.3325031,3
11595945710764,6328795729,-5.0102715,8.347661,-1.3253247,3
11595948210764,6331295729,-4.9863434,8.345268,-1.3501502,3
11595950710764,6333795729,-4.968696,8.340183,-1.3477573,3
11595953210764,6336295729,-4.959723,8.333304,-1.326222,3
11595955710764,6338795729,-4.9588256,8.322237,-1.3477573,3
11595958210764,6341295729,-4.968696,8.316554,-1.3420744,3
11595960710764,6343795729,-4.9848475,8.299805,-1.3040884,3
11595963210764,6346295729,-4.9809594,8.289635,-1.3085749,3
11595965710764,6348795729,-4.9848475,8.2660055,-1.3034902,3
11595968210764,6351295729,-4.989035,8.265707,-1.2738789,3
11595970710764,6353795729,-4.9938207,8.256135,-1.2619148,3
11595973210764,6356295729,-4.999803,8.239984,-1.2750753,3
11595975710764,6358795729,-5.0306106,8.239685,-1.2230315,3
11595978210764,6361295729,-5.049454,8.242676,-1.1991032,3
11595980710764,6363795729,-5.0766726,8.235198,-1.1952149,3
11595983210764,6366295729,-5.096712,8.239086,-1.1835499,3
11595985710764,6368795729,-5.104489,8.242376,-1.1679965,3
11595988210764,6371295729,-5.1352963,8.246863,-1.1760724,3
11595990710764,6373795729,-5.159823,8.253444,-1.1647065,3
11595993210764,6376295729,-5.1873403,8.251051,-1.1889337,3
11595995710764,6378795729,-5.211568,8.254341,-1.1757733,3
11595998210764,6381295729,-5.2286167,8.26122,-1.1943176,3
11596000710764,6383795729,-5.2675,8.267202,-1.2113664,3
11596003210764,6386295729,-5.2866426,8.272885,-1.2038889,3
11596005710764,6388795729,-5.2998033,8.27468,-1.2251252,3
11596008210764,6391295729,-5.304888,8.271688,-1.2430713,3
11596010710764,6393795729,-5.3075795,8.292327,-1.2400804,3
11596013210764,6396295729,-5.2902317,8.306684,-1.236192,3
11596015710764,6398795729,-5.2947183,8.305488,-1.2502499,3
11596018210764,6401295729,-5.265406,8.3174515,-1.2463615,3
11596020710764,6403795729,-5.2405806,8.332407,-1.2514462,3
11596023210764,6406295729,-5.229514,8.330014,-1.2349956,3
11596025710764,6408795729,-5.1993046,8.336893,-1.2484552,3
11596028210764,6411295729,-5.1673007,8.313563,-1.2433704,3
11596030710764,6413795729,-5.131109,8.321041,-1.2520444,3
11596033210764,6416295729,-5.115556,8.325228,-1.2816557,3
11596035710764,6418795729,-5.105984,8.320442,-1.2987045,3
11596038210764,6421295729,-5.085346,8.292626,-1.2702898,3
11596040710764,6423795729,-5.040481,8.285149,-1.2556337,3
11596043210764,6426295729,-4.9929237,8.277371,-1.270888,3
11596045710764,6428795729,-4.9588256,8.271688,-1.2765709,3
11596048210764,6431295729,-4.9692945,8.256734,-1.2786646,3
11596050710764,6433795729,-4.9405804,8.242676,-1.2379866,3
11596053210764,6436295729,-4.9049873,8.236095,-1.2182459,3
11596055710764,6438795729,-4.895715,8.235796,-1.1970096,3
11596058210764,6441295729,-4.889434,8.230712,-1.1946167,3
11596060710764,6443795729,-4.901996,8.247163,-1.1790633,3
11596063210764,6446295729,-4.935197,8.229515,-1.1569297,3
11596065710764,6448795729,-4.9289155,8.237591,-1.1210374,3
11596068210764,6451295729,-4.9342995,8.241479,-1.1261221,3
11596070710764,6453795729,-4.941179,8.25464,-1.125823,3
11596073210764,6456295729,-4.975875,8.248957,-1.1045867,3
11596075710764,6458795729,-4.985147,8.264212,-1.1105688,3
11596078210764,6461295729,-5.0123653,8.251051,-1.105484,3
11596080710764,6463795729,-5.0270214,8.247163,-1.1069796,3
11596083210764,6466295729,-5.0449677,8.248957,-1.1156535,3
11596085710764,6468795729,-5.052146,8.248957,-1.1252248,3
11596088210764,6471295729,-5.08744,8.23789,-1.1120644,3
11596090710764,6473795729,-5.0997033,8.219047,-1.1120644,3
11596093210764,6476295729,-5.0976095,8.229815,-1.1087742,3
11596095710764,6478795729,-5.117051,8.233105,-1.1072787,3
11596098210764,6481295729,-5.13739,8.2348995,-1.0941181,3
11596100710764,6483795729,-5.1296134,8.247461,-1.0959128,3
11596103210764,6486295729,-5.135895,8.251948,-1.0887343,3
11596105710764,6488795729,-5.1382875,8.252546,-1.087837,3
11596108210764,6491295729,-5.127819,8.240881,-1.0698909,3
11596110710764,6493795729,-5.116453,8.243873,-1.0812567,3
11596113210764,6496295729,-5.130212,8.251349,-1.099502,3
11596115710764,6498795729,-5.1640105,8.233403,-1.1123635,3
11596118210764,6501295729,-5.1702914,8.236693,-1.1210374,3
11596120710764,6503795729,-5.17418,8.2253275,-1.1294123,3
11596123210764,6506295729,-5.1649075,8.226225,-1.1353943,3
11596125710764,6508795729,-5.162814,8.222636,-1.1383854,3
11596128210764,6511295729,-5.169095,8.22772,-1.1410773,3
11596130710764,6513795729,-5.1681976,8.231609,-1.16351,3
11596133210764,6516295729,-5.15743,8.224132,-1.1386845,3
11596135710764,6518795729,-5.149055,8.22443,-1.1473584,3
11596138210764,6521295729,-5.148756,8.219944,-1.1288141,3
11596140710764,6523795729,-5.148158,8.216354,-1.1153544,3
11596143210764,6526295729,-5.1550374,8.215458,-1.1096715,3
11596145710764,6528795729,-5.1529436,8.211569,-1.1006985,3
11596148210764,6531295729,-5.1409793,8.223234,-1.0908281,3
11596150710764,6533795729,-5.133502,8.218449,-1.082154,3
11596153210764,6536295729,-5.131408,8.205587,-1.0890334,3
11596155710764,6538795729,-5.144569,8.213962,-1.087837,3
11596158210764,6541295729,-5.131707,8.217252,-1.1150553,3
11596160710764,6543795729,-5.133502,8.222037,-1.1171491,3
11596163210764,6546295729,-5.1290154,8.22473,-1.1377872,3
11596165710764,6548795729,-5.126323,8.225627,-1.1503495,3
11596168210764,6551295729,-5.1215377,8.244769,-1.1700903,3
11596170710764,6553795729,-5.122435,8.2346,-1.1772687,3
11596173210764,6556295729,-5.1206403,8.227122,-1.1790633,3
11596175710764,6558795729,-5.116453,8.228618,-1.1919248,3
11596178210764,6561295729,-5.102096,8.233105,-1.1835499,3
11596180710764,6563795729,-5.083552,8.242376,-1.1700903,3
11596183210764,6566295729,-5.103891,8.240881,-1.1772687,3
11596185710764,6568795729,-5.096413,8.2346,-1.1691929,3
11596188210764,6571295729,-5.089235,8.233703,-1.1476575,3
11596190710764,6573795729,-5.089833,8.235796,-1.1467602,3
11596193210764,6576295729,-5.0880384,8.25793,-1.1392827,3
11596195710764,6578795729,-5.105685,8.2558365,-1.1398809,3
11596198210764,6581295729,-5.103891,8.268698,-1.1324034,3
11596200710764,6583795729,-5.1203413,8.289635,-1.1377872,3
11596203210764,6586295729,-5.127819,8.29472,-1.1464611,3
11596205710764,6588795729,-5.131109,8.305786,-1.16351,3
11596208210764,6591295729,-5.145167,8.318049,-1.1727822,3
11596210710764,6593795729,-5.146662,8.352447,-1.1916257,3
11596213210764,6596295729,-5.1469617,8.350054,-1.2227324,3
11596215710764,6598795729,-5.1463633,8.349456,-1.2370893,3
11596218210764,6601295729,-5.1418767,8.368897,-1.2610176,3
11596220710764,6603795729,-5.1409793,8.377272,-1.2846466,3
11596223210764,6606295729,-5.1460643,8.388937,-1.2789637,3
11596225710764,6608795729,-5.1436715,8.392227,-1.2849457,3
11596228210764,6611295729,-5.139783,8.404191,-1.2951152,3
11596230710764,6613795729,-5.1406803,8.411071,-1.288535,3
11596233210764,6616295729,-5.128417,8.412267,-1.2777673,3
11596235710764,6618795729,-5.1032925,8.406285,-1.2780664,3
11596238210764,6621295729,-5.072186,8.405986,-1.2684951,3
11596240710764,6623795729,-5.052146,8.393125,-1.2684951,3
11596243210764,6626295729,-5.026423,8.375178,-1.2684951,3
11596245710764,6628795729,-5.011767,8.381161,-1.2257234,3
11596248210764,6631295729,-5.006084,8.3733835,-1.2320045,3
11596250710764,6633795729,-4.983352,8.385348,-1.2122638,3
11596253210764,6636295729,-4.961817,8.367701,-1.183849,3
11596255710764,6638795729,-4.9456654,8.360822,-1.1760724,3
11596258210764,6641295729,-4.9307103,8.357532,-1.174876,3
11596260710764,6643795729,-4.9232326,8.348259,-1.1437693,3
11596263210764,6646295729,-4.9061837,8.348558,-1.1404791,3
11596265710764,6648795729,-4.9079785,8.346764,-1.1291132,3
11596268210764,6651295729,-4.9319067,8.362915,-1.1398809,3
11596270710764,6653795729,-4.950451,8.356036,-1.1524432,3
11596273210764,6656295729,-4.9713883,8.356933,-1.1476575,3
11596275710764,6658795729,-4.9986067,8.331808,-1.1590235,3
11596278210764,6661295729,-5.014758,8.324032,-1.1638091,3
11596280710764,6663795729,-5.029713,8.330313,-1.1626127,3
11596283210764,6666295729,-5.055735,8.318947,-1.180858,3
11596285710764,6668795729,-5.0826545,8.303095,-1.1904292,3
11596288210764,6671295729,-5.069195,8.314161,-1.2224332,3
11596290710764,6673795729,-5.0539403,8.320742,-1.2882359,3
11596293210764,6676295729,-5.0515475,8.328518,-1.3492528,3
11596295710764,6678795729,-5.091328,8.326425,-1.3833506,3
11596298210764,6681295729,-5.1218367,8.332407,-1.4258232,3
11596300710764,6683795729,-5.132006,8.292027,-1.4237294,3
11596303210764,6686295729,-5.122435,8.278867,-1.4117653,3
11596305710764,6688795729,-5.1254263,8.267202,-1.378864,3
11596308210764,6691295729,-5.153841,8.246265,-1.343869,3
11596310710764,6693795729,-5.133801,8.213962,-1.3067802,3
11596313210764,6696295729,-5.1403813,8.213663,-1.265205,3
11596315710764,6698795729,-5.1493545,8.211868,-1.2783655,3
11596318210764,6701295729,-5.154738,8.218449,-1.2810575,3
11596320710764,6703795729,-5.172385,8.236693,-1.2705889,3
11596323210764,6706295729,-5.194818,8.219645,-1.2385849,3
11596325710764,6708795729,-5.198407,8.230113,-1.2376875,3
11596328210764,6711295729,-5.191827,8.22473,-1.2251252,3
11596330710764,6713795729,-5.209175,8.209774,-1.218844,3
11596333210764,6716295729,-5.204389,8.203493,-1.2056835,3
11596335710764,6718795729,-5.211568,8.195417,-1.2032907,3
11596338210764,6721295729,-5.2106705,8.184649,-1.183849,3
11596340710764,6723795729,-5.229813,8.176574,-1.1988041,3
11596343210764,6726295729,-5.206483,8.16461,-1.2044871,3
11596345710764,6728795729,-5.198108,8.166105,-1.2107682,3
11596348210764,6731295729,-5.2085767,8.176574,-1.2065809,3
11596350710764,6733795729,-5.1825547,8.175676,-1.1880364,3
11596353210764,6736295729,-5.1589255,8.181061,-1.1793624,3
11596355710764,6738795729,-5.142475,8.197512,-1.1910275,3
11596358210764,6741295729,-5.1439705,8.2049885,-1.1757733,3
11596360710764,6743795729,-5.124529,8.206185,-1.1742777,3
11596363210764,6746295729,-5.1050873,8.204091,-1.1697912,3
11596365710764,6748795729,-5.1143594,8.2014,-1.1697912,3
11596368210764,6751295729,-5.102395,8.1891365,-1.1682956,3
11596370710764,6753795729,-5.092824,8.170592,-1.1584252,3
11596373210764,6756295729,-5.0862436,8.16102,-1.1584252,3
11596375710764,6758795729,-5.0832524,8.151449,-1.1485549,3
11596378210764,6761295729,-5.085346,8.147262,-1.1407782,3
11596380710764,6763795729,-5.072784,8.146664,-1.1353943,3
11596383210764,6766295729,-5.0850472,8.151749,-1.1237293,3
11596385710764,6768795729,-5.102395,8.168498,-1.119841,3
11596388210764,6771295729,-5.1092744,8.184649,-1.108176,3
11596390710764,6773795729,-5.1212387,8.1891365,-1.1072787,3
11596393210764,6776295729,-5.133502,8.199306,-1.1159526,3
11596395710764,6778795729,-5.133502,8.199306,-1.1377872,3
11596398210764,6781295729,-5.1403813,8.202895,-1.1353943,3
11596400710764,6783795729,-5.1496534,8.190931,-1.1494522,3
11596403210764,6786295729,-5.146662,8.197212,-1.1718849,3
11596405710764,6788795729,-5.158028,8.183154,-1.174876,3
11596408210764,6791295729,-5.165805,8.186146,-1.1832508,3
11596410710764,6793795729,-5.1699924,8.1891365,-1.1895319,3
11596413210764,6796295729,-5.171488,8.190034,-1.20688,3
11596415710764,6798795729,-5.180461,8.2094755,-1.2014961,3
11596418210764,6801295729,-5.169394,8.217252,-1.2119647,3
11596420710764,6803795729,-5.174778,8.226524,-1.2248261,3
11596423210764,6806295729,-5.186144,8.236095,-1.2352947,3
11596425710764,6808795729,-5.178367,8.237591,-1.2412767,3
11596428210764,6811295729,-5.171488,8.248059,-1.2329018,3
11596430710764,6813795729,-5.1583276,8.267202,-1.2463615,3
11596433210764,6816295729,-5.148457,8.250452,-1.2337992,3
11596435710764,6818795729,-5.145167,8.235198,-1.2173486,3
11596438210764,6821295729,-5.131109,8.256434,-1.2014961,3
11596440710764,6823795729,-5.1215377,8.266305,-1.2107682,3
11596443210764,6826295729,-5.1349974,8.269595,-1.1997014,3
11596445710764,6828795729,-5.132006,8.281858,-1.1760724,3
11596448210764,6831295729,-5.132006,8.285447,-1.1572288,3
11596450710764,6833795729,-5.1329036,8.287541,-1.166202,3
11596453210764,6836295729,-5.1403813,8.299505,-1.172184,3
11596455710764,6838795729,-5.15743,8.310871,-1.1470593,3
11596458210764,6841295729,-5.159823,8.319844,-1.1515459,3
11596460710764,6843795729,-5.1646085,8.334201,-1.1599208,3
11596463210764,6846295729,-5.157729,8.340183,-1.1629118,3
11596465710764,6848795729,-5.139484,8.35125,-1.1802598,3
11596468210764,6851295729,-5.091029,8.366205,-1.2110673,3
11596470710764,6853795729,-5.0769715,8.373683,-1.2541381,3
11596473210764,6856295729,-5.0712886,8.362018,-1.2634103,3
11596475710764,6858795729,-5.0623155,8.352147,-1.2672987,3
11596478210764,6861295729,-5.0422754,8.337193,-1.2553346,3
11596480710764,6863795729,-5.020441,8.324032,-1.265205,3
11596483210764,6866295729,-5.011169,8.322835,-1.2299109,3
11596485710764,6868795729,-4.994419,8.3174515,-1.2263216,3
11596488210764,6871295729,-4.9860444,8.327621,-1.2083755,3
11596490710764,6873795729,-4.981558,8.316854,-1.180858,3
11596493210764,6876295729,-4.9773703,8.302795,-1.1656038,3
11596495710764,6878795729,-4.9660044,8.315956,-1.1769696,3
11596498210764,6881295729,-4.9731827,8.317152,-1.178166,3
11596500710764,6883795729,-4.987241,8.308179,-1.1700903,3
11596503210764,6886295729,-4.9920263,8.301898,-1.166202,3
11596505710764,6888795729,-4.9803615,8.295019,-1.1964114,3
11596508210764,6891295729,-5.0012984,8.259127,-1.1862419,3
11596510710764,6893795729,-5.0030932,8.25464,-1.1727822,3
11596513210764,6896295729,-5.002196,8.251349,-1.1769696,3
11596515710764,6898795729,-5.01745,8.265408,-1.204188,3
11596518210764,6901295729,-5.0395837,8.259425,-1.2382857,3
11596520710764,6903795729,-5.057829,8.259725,-1.2233306,3
11596523210764,6906295729,-5.0709896,8.274381,-1.2266207,3
11596525710764,6908795729,-5.09073,8.262117,-1.227518,3
11596528210764,6911295729,-5.11735,8.268398,-1.2314063,3
11596530710764,6913795729,-5.126323,8.26481,-1.2278172,3
11596533210764,6916295729,-5.127819,8.267501,-1.2098709,3
11596535710764,6918795729,-5.1323056,8.277371,-1.1991032,3
11596538210764,6921295729,-5.113163,8.283054,-1.1928221,3
11596540710764,6923795729,-5.117051,8.272287,-1.1778669,3
11596543210764,6926295729,-5.11735,8.268398,-1.1763715,3
11596545710764,6928795729,-5.1182475,8.280662,-1.1464611,3
11596548210764,6931295729,-5.101797,8.279466,-1.1521441,3
11596550710764,6933795729,-5.089235,8.279166,-1.1656038,3
11596553210764,6936295729,-5.096712,8.281559,-1.1946167,3
11596555710764,6938795729,-5.089833,8.290832,-1.1934203,3
11596558210764,6941295729,-5.0802617,8.29472,-1.2209377,3
11596560710764,6943795729,-5.064708,8.294122,-1.2454642,3
11596563210764,6946295729,-5.074579,8.308179,-1.2696915,3
11596565710764,6948795729,-5.0796633,8.310871,-1.27687,3
11596568210764,6951295729,-5.070092,8.30788,-1.2855439,3
11596570710764,6953795729,-5.061717,8.299805,-1.294218,3
11596573210764,6956295729,-5.0479584,8.301898,-1.288535,3
11596575710764,6958795729,-5.041378,8.298907,-1.2795619,3
11596578210764,6961295729,-5.022535,8.291729,-1.2547364,3
11596580710764,6963795729,-4.994419,8.284251,-1.2517453,3
11596583210764,6966295729,-4.9713883,8.260024,-1.2373884,3
11596585710764,6968795729,-5.0042896,8.262417,-1.1892328,3
11596588210764,6971295729,-5.006084,8.239086,-1.1626127,3
11596590710764,6973795729,-4.994718,8.23819,-1.1476575,3
11596593210764,6976295729,-5.00399,8.253144,-1.1440684,3
11596595710764,6978795729,-5.000401,8.263613,-1.1572288,3
11596598210764,6981295729,-5.024329,8.244769,-1.1162517,3
11596600710764,6983795729,-5.015356,8.242676,-1.0902299,3
11596603210764,6986295729,-5.015057,8.237591,-1.1018949,3
11596605710764,6988795729,-5.0216374,8.245966,-1.0932208,3
11596608210764,6991295729,-5.030012,8.232507,-1.0923235,3
11596610710764,6993795729,-5.030012,8.233703,-1.1096715,3
11596613210764,6996295729,-5.029414,8.243873,-1.1353943,3
11596615710764,6998795729,-5.0539403,8.257332,-1.1464611,3
11596618210764,7001295729,-5.0862436,8.276773,-1.1506486,3
11596620710764,7003795729,-5.130212,8.284849,-1.1371889,3
11596623210764,7006295729,-5.159524,8.287541,-1.1527423,3
11596625710764,7008795729,-5.1532426,8.278269,-1.1943176,3
11596628210764,7011295729,-5.158028,8.284551,-1.2179468,3
11596630710764,7013795729,-5.1681976,8.289635,-1.2335001,3
11596633210764,7016295729,-5.1696935,8.289934,-1.2409776,3
11596635710764,7018795729,-5.169095,8.302197,-1.2634103,3
11596638210764,7021295729,-5.136792,8.304291,-1.2723835,3
11596640710764,7023795729,-5.1293144,8.311769,-1.2819548,3
11596643210764,7026295729,-5.1092744,8.320144,-1.2891332,3
11596645710764,7028795729,-5.0940204,8.32792,-1.2900305,3
11596648210764,7031295729,-5.069494,8.330911,-1.2687942,3
11596650710764,7033795729,-5.0533423,8.3428755,-1.2646067,3
11596653210764,7036295729,-5.037191,8.336893,-1.250848,3
11596655710764,7038795729,-5.027919,8.328817,-1.247857,3
11596658210764,7041295729,-5.0105705,8.347063,-1.2323036,3
11596660710764,7043795729,-5.0084767,8.343473,-1.2119647,3
11596663210764,7046295729,-5.0015974,8.348857,-1.1679965,3
11596665710764,7048795729,-4.99412,8.352746,-1.1593226,3
11596668210764,7051295729,-4.97408,8.350353,-1.1626127,3
11596670710764,7053795729,-4.962714,8.372486,-1.1596217,3
11596673210764,7056295729,-4.9698925,8.376674,-1.1452647,3
11596675710764,7058795729,-4.9567323,8.394022,-1.1736795,3
11596678210764,7061295729,-4.9603214,8.405388,-1.18684,3
11596680710764,7063795729,-4.9636116,8.41795,-1.2014961,3
11596683210764,7066295729,-4.9603214,8.440383,-1.2161521,3
11596685710764,7068795729,-4.9672008,8.4502535,-1.2544373,3
11596688210764,7071295729,-4.9749775,8.438888,-1.2601203,3
11596690710764,7073795729,-4.963013,8.43799,-1.2978072,3
11596693210764,7076295729,-4.9663033,8.441579,-1.3220345,3
11596695710764,7078795729,-4.9531426,8.444271,-1.3208381,3
11596698210764,7081295729,-4.9468617,8.434401,-1.3109677,3
11596700710764,7083795729,-4.9348974,8.419446,-1.3133606,3
11596703210764,7086295729,-4.9381876,8.408977,-1.294218,3
11596705710764,7088795729,-4.927719,8.403294,-1.2658032,3
11596708210764,7091295729,-4.916353,8.407481,-1.2442678,3
11596710710764,7093795729,-4.9172506,8.391629,-1.2224332,3
11596713210764,7096295729,-4.913362,8.388339,-1.2014961,3
11596715710764,7098795729,-4.9136615,8.384749,-1.1458629,3
11596718210764,7101295729,-4.916652,8.3943205,-1.1279168,3
11596720710764,7103795729,-4.924728,8.397611,-1.122533,3
11596723210764,7106295729,-4.921139,8.40449,-1.1288141,3
11596725710764,7108795729,-4.9519463,8.400901,-1.1473584,3
11596728210764,7111295729,-4.968098,8.433205,-1.1512468,3
11596730710764,7113795729,-4.9986067,8.392527,-1.1533405,3
11596733210764,7116295729,-4.9920263,8.377571,-1.1581261,3
11596735710764,7118795729,-4.97079,8.372188,-1.1745768,3
11596738210764,7121295729,-4.9812584,8.388937,-1.2227324,3
11596740710764,7123795729,-5.0213385,8.407481,-1.253839,3
11596743210764,7126295729,-5.0697927,8.382357,-1.2314063,3
11596745710764,7128795729,-5.06082,8.373085,-1.2376875,3
11596748210764,7131295729,-5.0512486,8.365308,-1.2529417,3
11596750710764,7133795729,-5.070391,8.366505,-1.247857,3
11596753210764,7136295729,-5.087739,8.368897,-1.2646067,3
11596755710764,7138795729,-5.083851,8.363812,-1.2502499,3
11596758210764,7141295729,-5.085645,8.364112,-1.2472588,3
11596760710764,7143795729,-5.0826545,8.348558,-1.236192,3
11596763210764,7146295729,-5.0709896,8.330313,-1.2326027,3
11596765710764,7148795729,-5.047061,8.323434,-1.2224332,3
11596768210764,7151295729,-5.0219364,8.304889,-1.2137593,3
11596770710764,7153795729,-5.0123653,8.29442,-1.2230315,3
11596773210764,7156295729,-5.0081778,8.283054,-1.218844,3
11596775710764,7158795729,-4.982754,8.27468,-1.2311072,3
11596778210764,7161295729,-4.945067,8.252546,-1.1877373,3
11596780710764,7163795729,-4.939085,8.266305,-1.2149557,3
11596783210764,7166295729,-4.912465,8.260323,-1.1928221,3
11596785710764,7168795729,-4.9109693,8.258827,-1.1581261,3
11596788210764,7171295729,-4.9055853,8.26451,-1.154537,3
11596790710764,7173795729,-4.894818,8.263912,-1.1036894,3
11596793210764,7176295729,-4.9079785,8.276773,-1.0683953,3
11596795710764,7178795729,-4.912465,8.286943,-1.0360922,3
11596798210764,7181295729,-4.930112,8.293822,-0.99930257,3
11596800710764,7183795729,-4.9471607,8.289336,-0.9765707,3
11596803210764,7186295729,-4.9606204,8.29442,-0.9954142,3
11596805710764,7188795729,-4.974379,8.299505,-0.9774681,3
11596808210764,7191295729,-4.9899325,8.321041,-0.99661064,3
11596810710764,7193795729,-5.0007,8.324929,-1.0250254,3
11596813210764,7196295729,-5.0108695,8.328518,-1.0513464,3
11596815710764,7198795729,-5.020441,8.335098,-1.0743774,3
11596818210764,7201295729,-5.0327044,8.345866,-1.1123635,3
11596820710764,7203795729,-5.0330033,8.355437,-1.1509477,3
11596823210764,7206295729,-5.049454,8.36112,-1.1835499,3
11596825710764,7208795729,-5.0476594,8.363513,-1.2352947,3
11596828210764,7211295729,-5.0530434,8.370692,-1.262513,3
11596830710764,7213795729,-5.049454,8.371589,-1.2876377,3
11596833210764,7216295729,-5.0383873,8.362317,-1.3163515,3
11596835710764,7218795729,-5.0156555,8.350951,-1.3331013,3
11596838210764,7221295729,-4.9986067,8.33809,-1.3316058,3
11596840710764,7223795729,-4.964509,8.329415,-1.3232309,3
11596843210764,7226295729,-4.9492545,8.316854,-1.3325031,3
11596845710764,7228795729,-4.922335,8.313563,-1.2834502,3
11596848210764,7231295729,-4.9031925,8.3015995,-1.2613167,3
11596850710764,7233795729,-4.8903313,8.300702,-1.2323036,3
11596853210764,7236295729,-4.883452,8.297412,-1.1991032,3
11596855710764,7238795729,-4.877769,8.297412,-1.146162,3
11596858210764,7241295729,-4.8771706,8.288439,-1.1410773,3
11596860710764,7243795729,-4.878367,8.292027,-1.1132607,3
11596863210764,7246295729,-4.894818,8.290234,-1.0911272,3
11596865710764,7248795729,-4.915755,8.290234,-1.0944172,3
11596868210764,7251295729,-4.9489555,8.29472,-1.076172,3
11596870710764,7253795729,-4.982455,8.310871,-1.0510473,3
11596873210764,7256295729,-5.008776,8.308478,-1.099502,3
11596875710764,7258795729,-5.0482574,8.326125,-1.1051849,3
11596878210764,7261295729,-5.0796633,8.327023,-1.1321042,3
11596880710764,7263795729,-5.1065826,8.330313,-1.1979069,3
11596883210764,7266295729,-5.112864,8.338688,-1.2116655,3
11596885710764,7268795729,-5.125127,8.350951,-1.2409776,3
11596888210764,7271295729,-5.124828,8.362616,-1.2897314,3
11596890710764,7273795729,-5.122435,8.355737,-1.3184453,3
11596893210764,7276295729,-5.123033,8.354839,-1.3097713,3
11596895710764,7278795729,-5.104788,8.366803,-1.3474582,3
11596898210764,7281295729,-5.1006007,8.365009,-1.3573287,3
11596900710764,7283795729,-5.089534,8.366803,-1.3498511,3
11596903210764,7286295729,-5.0850472,8.375478,-1.3543376,3
11596905710764,7288795729,-5.0766726,8.392527,-1.3627125,3
11596908210764,7291295729,-5.0736814,8.381459,-1.3187444,3
11596910710764,7293795729,-5.0659046,8.383852,-1.3142579,3
11596913210764,7296295729,-5.0772705,8.383852,-1.2957134,3
11596915710764,7298795729,-5.0805607,8.375178,-1.2424731,3
11596918210764,7301295729,-5.0766726,8.388937,-1.195514,3
11596920710764,7303795729,-5.064708,8.381759,-1.1641082,3
11596923210764,7306295729,-5.057829,8.382656,-1.0977074,3
11596925710764,7308795729,-5.046463,8.389236,-1.0639088,3
11596928210764,7311295729,-5.0425744,8.385946,-1.0648061,3
11596930710764,7313795729,-5.050052,8.379066,-1.047159,3
11596933210764,7316295729,-5.0566325,8.385049,-1.0390832,3
11596935710764,7318795729,-5.0491548,8.381161,-1.0537393,3
11596938210764,7321295729,-5.042874,8.365607,-1.038186,3
11596940710764,7323795729,-5.0365925,8.367103,-1.0453644,3
11596943210764,7326295729,-5.0255256,8.362915,-1.0663016,3
11596945710764,7328795729,-5.0084767,8.362317,-1.0818549,3
11596948210764,7331295729,-5.015057,8.348259,-1.1015958,3
11596950710764,7333795729,-4.998307,8.351849,-1.1210374,3
11596953210764,7336295729,-4.994718,8.346166,-1.1350952,3
11596955710764,7338795729,-4.988437,8.342277,-1.16351,3
11596958210764,7341295729,-4.987241,8.326125,-1.2053844,3
11596960710764,7343795729,-4.9803615,8.328518,-1.2131611,3
11596963210764,7346295729,-4.9773703,8.327621,-1.2299109,3
11596965710764,7348795729,-4.9734817,8.314461,-1.265205,3
11596968210764,7351295729,-4.9752765,8.320442,-1.2738789,3
11596970710764,7353795729,-5.0048876,8.318648,-1.2661023,3
11596973210764,7356295729,-4.9995036,8.326125,-1.2774682,3
11596975710764,7358795729,-5.003691,8.321639,-1.2843475,3
11596978210764,7361295729,-5.026124,8.330014,-1.2726825,3
11596980710764,7363795729,-5.0922256,8.389834,-1.3369896,3
11596983210764,7366295729,-5.1332026,8.3994055,-1.3689936,3
11596985710764,7368795729,-5.1472607,8.372786,-1.3274183,3
11596988210764,7371295729,-5.0823555,8.32792,-1.3208381,3
11596990710764,7373795729,-5.000102,8.290234,-1.3268201,3
11596993210764,7376295729,-4.9878387,8.283653,-1.2984054,3
11596995710764,7378795729,-4.980062,8.281559,-1.2873386,3
11596998210764,7381295729,-4.964509,8.260622,-1.2783655,3
11597000710764,7383795729,-4.9292145,8.268398,-1.236192,3
11597003210764,7386295729,-4.924429,8.248059,-1.198206,3
11597005710764,7388795729,-4.927719,8.259127,-1.1485549,3
11597008210764,7391295729,-4.942674,8.275278,-1.0971092,3
11597010710764,7393795729,-4.968098,8.265707,-1.05015,3
11597013210764,7396295729,-4.9788656,8.262715,-1.0390832,3
11597015710764,7398795729,-5.000102,8.249256,-1.0052847,3
11597018210764,7401295729,-5.028218,8.257631,-0.98913306,3
11597020710764,7403795729,-5.0344987,8.261519,-0.99960166,3
11597023210764,7406295729,-5.0458646,8.253444,-0.9954142,3
11597025710764,7408795729,-5.0449677,8.235198,-0.98644114,3
11597028210764,7411295729,-5.050052,8.239386,-1.0040882,3
11597030710764,7413795729,-5.063213,8.245966,-1.0166506,3
11597033210764,7416295729,-5.0748777,8.253144,-1.0396814,3
11597035710764,7418795729,-5.0766726,8.256734,-1.0654043,3
11597038210764,7421295729,-5.0952168,8.266305,-1.1051849,3
11597040710764,7423795729,-5.1035914,8.278867,-1.1183455,3
11597043210764,7426295729,-5.1218367,8.278867,-1.1697912,3
11597045710764,7428795729,-5.1346984,8.278568,-1.186541,3
11597048210764,7431295729,-5.148158,8.27139,-1.1979069,3
11597050710764,7433795729,-5.1457653,8.282456,-1.2493526,3
11597053210764,7436295729,-5.146662,8.2812605,-1.2658032,3
11597055710764,7438795729,-5.1469617,8.271988,-1.2672987,3
11597058210764,7441295729,-5.13081,8.27468,-1.2807583,3
11597060710764,7443795729,-5.1332026,8.279466,-1.2616158,3
11597063210764,7446295729,-5.1403813,8.293822,-1.2556337,3
11597065710764,7448795729,-5.1382875,8.286644,-1.2427722,3
11597068210764,7451295729,-5.1382875,8.298608,-1.1697912,3
11597070710764,7453795729,-5.129913,8.303393,-1.1365907,3
11597073210764,7456295729,-5.1149573,8.2965145,-1.108176,3
11597075710764,7458795729,-5.094918,8.299206,-1.0944172,3
11597078210764,7461295729,-5.0883374,8.3015995,-1.0737791,3
11597080710764,7463795729,-5.0590253,8.295617,-1.0677971,3
11597083210764,7466295729,-5.044369,8.296215,-1.0639088,3
11597085710764,7468795729,-5.035396,8.290234,-1.0654043,3
11597088210764,7471295729,-5.0333023,8.28784,-1.0917253,3
11597090710764,7473795729,-5.0333023,8.286046,-1.0881361,3
11597093210764,7476295729,-5.0398827,8.299206,-1.0884352,3
11597095710764,7478795729,-5.0515475,8.300403,-1.1147562,3
11597098210764,7481295729,-5.0715876,8.315059,-1.1078769,3
11597100710764,7483795729,-5.069195,8.30788,-1.1231312,3
11597103210764,7486295729,-5.0712886,8.30459,-1.1270195,3
11597105710764,7488795729,-5.0808597,8.29801,-1.1219348,3
11597108210764,7491295729,-5.0808597,8.297112,-1.1506486,3
11597110710764,7493795729,-5.0808597,8.281559,-1.1653047,3
11597113210764,7496295729,-5.0826545,8.269895,-1.1614163,3
11597115710764,7498795729,-5.078766,8.2710905,-1.1787642,3
11597118210764,7501295729,-5.0662036,8.253742,-1.1814562,3
11597120710764,7503795729,-5.0674,8.257332,-1.1862419,3
11597123210764,7506295729,-5.063213,8.247461,-1.1961123,3
11597125710764,7508795729,-5.0563335,8.245966,-1.1799606,3
11597128210764,7511295729,-5.050351,8.240283,-1.1904292,3
11597130710764,7513795729,-5.050052,8.233403,-1.1706885,3
11597133210764,7516295729,-5.0476594,8.220243,-1.1739786,3
11597135710764,7518795729,-5.0449677,8.216056,-1.1542379,3
11597138210764,7521295729,-5.067101,8.208578,-1.1147562,3
11597140710764,7523795729,-5.0674,8.193922,-1.0968101,3
11597143210764,7526295729,-5.0766726,8.200203,-1.0944172,3
11597145710764,7528795729,-5.082056,8.202297,-1.0776675,3
11597148210764,7531295729,-5.0829535,8.192725,-1.0621141,3
11597150710764,7533795729,-5.091328,8.190632,-1.0654043,3
11597153210764,7536295729,-5.094918,8.181061,-1.0660025,3
11597155710764,7538795729,-5.1089754,8.180463,-1.0731809,3
11597158210764,7541295729,-5.096413,8.185547,-1.1063814,3
11597160710764,7543795729,-5.0919266,8.190632,-1.1255239,3
11597163210764,7546295729,-5.090431,8.206485,-1.1542379,3
11597165710764,7548795729,-5.10419,8.217551,-1.186541,3
11597168210764,7551295729,-5.1143594,8.225627,-1.2251252,3
11597170710764,7553795729,-5.1239305,8.238488,-1.2675978,3
11597173210764,7556295729,-5.1382875,8.262417,-1.2906287,3
11597175710764,7558795729,-5.1436715,8.286644,-1.302892,3
11597178210764,7561295729,-5.145167,8.301898,-1.3253247,3
11597180710764,7563795729,-5.1568317,8.313862,-1.3301103,3
11597183210764,7566295729,-5.1583276,8.328817,-1.3295121,3
11597185710764,7568795729,-5.148457,8.346166,-1.3339987,3
11597188210764,7571295729,-5.137689,8.349754,-1.314856,3
11597190710764,7573795729,-5.1275196,8.349456,-1.3091731,3
11597193210764,7576295729,-5.1197433,8.350054,-1.2777673,3
11597195710764,7578795729,-5.0973105,8.352447,-1.2433704,3
11597198210764,7581295729,-5.2008,8.404191,-1.2346965,3
11597200710764,7583795729,-5.2660046,8.4349985,-1.2212368,3
11597203210764,7586295729,-5.177769,8.396415,-1.2011969,3
11597205710764,7588795729,-5.0901318,8.347362,-1.1599208,3
11597208210764,7591295729,-5.1218367,8.34138,-1.1353943,3
11597210710764,7593795729,-5.1011987,8.330911,-1.151845,3
11597213210764,7596295729,-5.086842,8.3327055,-1.1626127,3
11597215710764,7598795729,-5.0473604,8.322835,-1.1557333,3
11597218210764,7601295729,-5.0255256,8.33809,-1.1632109,3
11597220710764,7603795729,-5.000102,8.330014,-1.1359925,3
11597223210764,7606295729,-5.009374,8.3174515,-1.1267203,3
11597225710764,7608795729,-4.9959145,8.330612,-1.1392827,3
11597228210764,7611295729,-5.0120664,8.3327055,-1.146162,3
11597230710764,7613795729,-5.0309095,8.320442,-1.1638091,3
11597233210764,7616295729,-5.0425744,8.323732,-1.1892328,3
11597235710764,7618795729,-5.056034,8.312666,-1.1916257,3
11597238210764,7621295729,-5.0712886,8.306983,-1.2113664,3
11597240710764,7623795729,-5.091029,8.311171,-1.2373884,3
11597243210764,7626295729,-5.1158547,8.330911,-1.2442678,3
11597245710764,7628795729,-5.093422,8.333304,-1.265205,3
11597248210764,7631295729,-5.078467,8.334201,-1.2329018,3
11597250710764,7633795729,-5.0623155,8.342277,-1.2376875,3
11597253210764,7636295729,-5.046762,8.350054,-1.23021,3
11597255710764,7638795729,-5.0312085,8.351849,-1.2065809,3
11597258210764,7641295729,-5.014758,8.354839,-1.2257234,3
11597260710764,7643795729,-4.9791646,8.352147,-1.2179468,3
11597263210764,7646295729,-4.97079,8.350054,-1.2092727,3
11597265710764,7648795729,-4.963312,8.3428755,-1.2000005,3
11597268210764,7651295729,-4.9462633,8.337491,-1.2134602,3
11597270710764,7653795729,-4.9313083,8.335996,-1.1874382,3
11597273210764,7656295729,-4.918746,8.327621,-1.1724831,3
11597275710764,7658795729,-4.8966126,8.320442,-1.1697912,3
11597278210764,7661295729,-4.889135,8.321639,-1.166202,3
11597280710764,7663795729,-4.892724,8.315657,-1.1778669,3
11597283210764,7666295729,-4.9103713,8.328518,-1.1799606,3
11597285710764,7668795729,-4.8966126,8.328817,-1.1608181,3
11597288210764,7671295729,-4.8936214,8.33151,-1.172184,3
11597290710764,7673795729,-4.8900323,8.328219,-1.1793624,3
11597293210764,7676295729,-4.892126,8.328817,-1.1700903,3
11597295710764,7678795729,-4.8972106,8.33151,-1.1916257,3
11597298210764,7681295729,-4.8990054,8.319246,-1.2104691,3
11597300710764,7683795729,-4.909175,8.33151,-1.2008978,3
11597303210764,7686295729,-4.9310093,8.319844,-1.2379866,3
11597305710764,7688795729,-4.9381876,8.3015995,-1.2550355,3
11597308210764,7691295729,-4.9552364,8.298309,-1.244866,3
11597310710764,7693795729,-4.961219,8.269595,-1.2696915,3
11597313210764,7696295729,-4.956134,8.2660055,-1.2732807,3
11597315710764,7698795729,-4.9719863,8.252846,-1.2640085,3
11597318210764,7701295729,-4.9935217,8.250452,-1.250848,3
11597320710764,7703795729,-4.994718,8.243573,-1.2490535,3
11597323210764,7706295729,-4.9992046,8.226824,-1.2263216,3
11597325710764,7708795729,-5.02074,8.246863,-1.2131611,3
11597328210764,7711295729,-5.02403,8.240283,-1.2236297,3
11597330710764,7713795729,-5.0389853,8.22802,-1.198206,3
11597333210764,7716295729,-5.044369,8.225627,-1.2086746,3
11597335710764,7718795729,-5.0515475,8.221439,-1.2092727,3
11597338210764,7721295729,-5.081159,8.233403,-1.18684,3
11597340710764,7723795729,-5.109873,8.242078,-1.1727822,3
11597343210764,7726295729,-5.1272206,8.241479,-1.1904292,3
11597345710764,7728795729,-5.151149,8.252846,-1.1859428,3
11597348210764,7731295729,-5.1696935,8.261519,-1.1967105,3
11597350710764,7733795729,-5.1789656,8.269296,-1.1967105,3
11597353210764,7736295729,-5.1825547,8.284251,-1.2047862,3
11597355710764,7738795729,-5.1903315,8.3013,-1.1967105,3
11597358210764,7741295729,-5.1957154,8.303393,-1.2035898,3
11597360710764,7743795729,-5.197809,8.325527,-1.2107682,3
11597363210764,7746295729,-5.1885366,8.326125,-1.1847463,3
11597365710764,7748795729,-5.176573,8.320742,-1.2011969,3
11597368210764,7751295729,-5.142475,8.3123665,-1.2038889,3
11597370710764,7753795729,-5.1296134,8.319545,-1.192523,3
11597373210764,7756295729,-5.115556,8.317751,-1.2008978,3
11597375710764,7758795729,-5.1143594,8.32134,-1.224527,3
11597378210764,7761295729,-5.083552,8.338987,-1.2287145,3
11597380710764,7763795729,-5.0751767,8.337193,-1.2415758,3
11597383210764,7766295729,-5.050351,8.336893,-1.2616158,3
11597385710764,7768795729,-5.048557,8.348259,-1.2463615,3
11597388210764,7771295729,-5.0452666,8.354839,-1.2598212,3
11597390710764,7773795729,-5.0198426,8.339585,-1.2843475,3
11597393210764,7776295729,-5.026722,8.365906,-1.262513,3
11597395710764,7778795729,-5.028517,8.371589,-1.2649059,3
11597398210764,7781295729,-5.038088,8.373981,-1.262513,3
11597400710764,7783795729,-5.031508,8.382656,-1.2326027,3
11597403210764,7786295729,-5.0327044,8.375776,-1.2266207,3
11597405710764,7788795729,-5.025825,8.36441,-1.2167503,3
11597408210764,7791295729,-5.0162535,8.356036,-1.195514,3
11597410710764,7793795729,-4.9992046,8.359625,-1.1949158,3
11597413210764,7796295729,-4.965107,8.355437,-1.2113664,3
11597415710764,7798795729,-4.9510493,8.354839,-1.2200404,3
11597418210764,7801295729,-4.94088,8.354839,-1.2197413,3
11597420710764,7803795729,-4.9340005,8.344071,-1.2430713,3
11597423210764,7806295729,-4.9286165,8.340183,-1.2640085,3
11597425710764,7808795729,-4.9178486,8.333304,-1.2454642,3
11597428210764,7811295729,-4.9345984,8.33151,-1.2451651,3
11597430710764,7813795729,-4.9169517,8.351849,-1.2771691,3
11597433210764,7816295729,-4.930411,8.343473,-1.2499508,3
11597435710764,7818795729,-4.9342995,8.341978,-1.2469597,3
11597438210764,7821295729,-4.9316072,8.332407,-1.2574283,3
11597440710764,7823795729,-4.927719,8.333304,-1.23021,3
11597443210764,7826295729,-4.936991,8.336594,-1.2140584,3
11597445710764,7828795729,-4.941179,8.319844,-1.198505,3
11597448210764,7831295729,-4.955835,8.318648,-1.1859428,3
11597450710764,7833795729,-4.9588256,8.312965,-1.1638091,3
11597453210764,7836295729,-4.963312,8.321041,-1.1602199,3
11597455710764,7838795729,-4.989334,8.319844,-1.1491531,3
11597458210764,7841295729,-5.0186462,8.306385,-1.128515,3
11597460710764,7843795729,-5.043173,8.296215,-1.1015958,3
11597463210764,7846295729,-5.0587263,8.289336,-1.0890334,3
11597465710764,7848795729,-5.072485,8.28784,-1.0884352,3
11597468210764,7851295729,-5.0883374,8.276474,-1.0839486,3
11597470710764,7853795729,-5.0940204,8.282756,-1.1075778,3
11597473210764,7856295729,-5.102395,8.282157,-1.1114662,3
11597475710764,7858795729,-5.0976095,8.275876,-1.1216356,3
11597478210764,7861295729,-5.105685,8.257032,-1.1581261,3
11597480710764,7863795729,-5.0946183,8.247461,-1.2215359,3
11597483210764,7866295729,-5.0886364,8.248957,-1.2379866,3
11597485710764,7868795729,-5.0862436,8.239984,-1.2412767,3
11597488210764,7871295729,-5.074579,8.2507515,-1.2646067,3
11597490710764,7873795729,-5.0751767,8.246863,-1.2879368,3
11597493210764,7876295729,-5.0587263,8.244471,-1.2975081,3
11597495710764,7878795729,-5.040481,8.235796,-1.3199408,3
11597498210764,7881295729,-5.0309095,8.239685,-1.308874,3
11597500710764,7883795729,-5.0165524,8.23819,-1.3002,3
11597503210764,7886295729,-4.9977093,8.240881,-1.3076776,3
11597505710764,7888795729,-4.9923253,8.223534,-1.3112668,3
11597508210764,7891295729,-4.982455,8.218449,-1.2894323,3
11597510710764,7893795729,-4.959125,8.214859,-1.2529417,3
11597513210764,7896295729,-4.9396834,8.208878,-1.2179468,3
11597515710764,7898795729,-4.9214377,8.216354,-1.1814562,3
11597518210764,7901295729,-4.9250274,8.2094755,-1.1563315,3
11597520710764,7903795729,-4.9363933,8.238488,-1.1300105,3
11597523210764,7906295729,-4.9453664,8.252846,-1.1030912,3
11597525710764,7908795729,-4.955835,8.251051,-1.0866406,3
11597528210764,7911295729,-4.9672008,8.270493,-1.0698909,3
11597530710764,7913795729,-4.9749775,8.289037,-1.0606186,3
11597533210764,7916295729,-4.974678,8.296813,-1.0513464,3
11597535710764,7918795729,-4.98754,8.29472,-1.0480564,3
11597538210764,7921295729,-4.9863434,8.311769,-1.0612168,3
11597540710764,7923795729,-4.988437,8.322237,-1.0854442,3
11597543210764,7926295729,-4.996214,8.32792,-1.1129616,3
11597545710764,7928795729,-4.9806604,8.357232,-1.1709876,3
11597548210764,7931295729,-4.985745,8.36112,-1.218545,3
11597550710764,7933795729,-4.9842496,8.376973,-1.2535399,3
11597553210764,7936295729,-4.9773703,8.3835535,-1.3172488,3
11597555710764,7938795729,-4.9716873,8.381459,-1.3510475,3
11597558210764,7941295729,-4.968696,8.411968,-1.3561323,3
11597560710764,7943795729,-4.983053,8.4012,-1.3453646,3
11597563210764,7946295729,-5.0889354,8.425129,-1.3295121,3
11597565710764,7948795729,-5.2573304,8.455039,-1.2774682,3
11597568210764,7951295729,-5.265107,8.462517,-1.2777673,3
11597570710764,7953795729,-5.2199426,8.426923,-1.2729816,3
11597573210764,7956295729,-5.1421757,8.39791,-1.2571292,3
11597575710764,7958795729,-5.0976095,8.370393,-1.2496517,3
11597578210764,7961295729,-5.0515475,8.373683,-1.2397813,3
11597580710764,7963795729,-5.0419765,8.393424,-1.2547364,3
11597583210764,7966295729,-5.026423,8.414062,-1.2424731,3
11597585710764,7968795729,-5.0156555,8.439486,-1.2397813,3
11597588210764,7971295729,-5.000401,8.449057,-1.2089736,3
11597590710764,7973795729,-4.9980083,8.451151,-1.1976078,3
11597593210764,7976295729,-4.9600224,8.439785,-1.1778669,3
11597595710764,7978795729,-4.927121,8.416754,-1.1590235,3
11597598210764,7981295729,-4.9115677,8.393125,-1.1611172,3
11597600710764,7983795729,-4.8909297,8.3784685,-1.1727822,3
11597603210764,7986295729,-4.8822556,8.3835535,-1.174876,3
11597605710764,7988795729,-4.883751,8.372188,-1.1817553,3
11597608210764,7991295729,-4.892724,8.386245,-1.195514,3
11597610710764,7993795729,-4.938487,8.389834,-1.1682956,3
11597613210764,7996295729,-4.9567323,8.410473,-1.1823535,3
11597615710764,7998795729,-4.968696,8.413464,-1.189831,3
11597618210764,8001295729,-4.9660044,8.409874,-1.1835499,3
11597620710764,8003795729,-4.9782677,8.415557,-1.192523,3
11597623210764,8006295729,-4.968696,8.419147,-1.1964114,3
11597625710764,8008795729,-4.976772,8.408678,-1.1880364,3
11597628210764,8011295729,-4.970192,8.404191,-1.1703894,3
11597630710764,8013795729,-4.933103,8.410173,-1.2017952,3
11597633210764,8016295729,-4.9064827,8.412866,-1.2053844,3
11597635710764,8018795729,-4.889434,8.39791,-1.2083755,3
11597638210764,8021295729,-4.868796,8.388937,-1.2083755,3
11597640710764,8023795729,-4.845765,8.370692,-1.1991032,3
11597643210764,8026295729,-4.814957,8.359625,-1.189831,3
11597645710764,8028795729,-4.809274,8.348857,-1.1994023,3
11597648210764,8031295729,-4.7988057,8.35454,-1.1895319,3
11597650710764,8033795729,-4.8011985,8.34467,-1.1922239,3
11597653210764,8036295729,-4.817051,8.340483,-1.1979069,3
11597655710764,8038795729,-4.8239303,8.341679,-1.1934203,3
11597658210764,8041295729,-4.855336,8.34467,-1.1673983,3
11597660710764,8043795729,-4.881059,8.343174,-1.1647065,3
11597663210764,8046295729,-4.888836,8.342576,-1.180858,3
11597665710764,8048795729,-4.909474,8.356634,-1.1694921,3
11597668210764,8051295729,-4.93729,8.353643,-1.1617154,3
11597670710764,8053795729,-4.953442,8.347661,-1.1703894,3
11597673210764,8056295729,-4.9734817,8.356036,-1.1853445,3
11597675710764,8058795729,-4.994718,8.359924,-1.1892328,3
11597678210764,8061295729,-5.020441,8.365308,-1.1922239,3
11597680710764,8063795729,-5.02074,8.377272,-1.1994023,3
11597683210764,8066295729,-5.0327044,8.3733835,-1.2059826,3
11597685710764,8068795729,-5.0479584,8.381459,-1.236192,3
11597688210764,8071295729,-5.0234323,8.385647,-1.2711871,3
11597690710764,8073795729,-5.0189457,8.379066,-1.2810575,3
11597693210764,8076295729,-5.0072803,8.372786,-1.2699906,3
11597695710764,8078795729,-4.9959145,8.376973,-1.2744771,3
11597698210764,8081295729,-4.9788656,8.367103,-1.253839,3
11597700710764,8083795729,-4.975875,8.391031,-1.2323036,3
11597703210764,8086295729,-5.0437713,8.443673,-1.256531,3
11597705710764,8088795729,-5.098507,8.467003,-1.2780664,3
11597708210764,8091295729,-5.0847483,8.441579,-1.2646067,3
11597710710764,8093795729,-5.0458646,8.422137,-1.2840484,3
11597713210764,8096295729,-5.0099726,8.380263,-1.294218,3
11597715710764,8098795729,-4.9977093,8.3632145,-1.3031911,3
11597718210764,8101295729,-4.988437,8.357232,-1.3187444,3
11597720710764,8103795729,-4.9860444,8.363812,-1.3274183,3
11597723210764,8106295729,-4.9773703,8.372786,-1.317847,3
11597725710764,8108795729,-4.962415,8.371888,-1.3004991,3
11597728210764,8111295729,-4.95404,8.362018,-1.2954143,3
11597730710764,8113795729,-4.948058,8.360522,-1.250549,3
11597733210764,8116295729,-4.9325047,8.347661,-1.233201,3
11597735710764,8118795729,-4.9235315,8.333005,-1.2143575,3
11597738210764,8121295729,-4.933402,8.341679,-1.2002996,3
11597740710764,8123795729,-4.9136615,8.329415,-1.2071791,3
11597743210764,8126295729,-4.8990054,8.3377905,-1.192523,3
11597745710764,8128795729,-4.914858,8.330911,-1.18684,3
11597748210764,8131295729,-4.9046884,8.32463,-1.174876,3
11597750710764,8133795729,-4.901398,8.33151,-1.1515459,3
11597753210764,8136295729,-4.9118667,8.34796,-1.1784651,3
11597755710764,8138795729,-4.9250274,8.350353,-1.1509477,3
11597758210764,8141295729,-4.9064827,8.349156,-1.1395818,3
11597760710764,8143795729,-4.9142594,8.354241,-1.1554343,3
11597763210764,8146295729,-4.924429,8.362317,-1.1763715,3
11597765710764,8148795729,-4.942076,8.352447,-1.1700903,3
11597768210764,8151295729,-4.933103,8.353942,-1.1862419,3
11597770710764,8153795729,-4.914858,8.346166,-1.1892328,3
11597773210764,8156295729,-4.921737,8.350652,-1.1889337,3
11597775710764,8158795729,-4.933402,8.353344,-1.1901301,3
11597778210764,8161295729,-4.9417768,8.357232,-1.1937194,3
11597780710764,8163795729,-4.94417,8.363812,-1.2011969,3
11597783210764,8166295729,-4.9259243,8.358727,-1.1952149,3
11597785710764,8168795729,-4.922036,8.357232,-1.1817553,3
11597788210764,8171295729,-4.927121,8.360822,-1.1742777,3
11597790710764,8173795729,-4.9322057,8.366505,-1.1769696,3
11597793210764,8176295729,-4.9325047,8.36441,-1.1443675,3
11597795710764,8178795729,-4.9378886,8.379665,-1.1515459,3
11597798210764,8181295729,-4.9579287,8.378768,-1.1458629,3
11597800710764,8183795729,-4.976174,8.39462,-1.1389836,3
11597803210764,8186295729,-4.9995036,8.39821,-1.1306087,3
11597805710764,8188795729,-5.02074,8.386544,-1.1201401,3
11597808210764,8191295729,-5.0234323,8.393723,-1.1219348,3
11597810710764,8193795729,-5.0398827,8.391031,-1.1114662,3
11597813210764,8196295729,-5.043472,8.384451,-1.1219348,3
11597815710764,8198795729,-5.0362935,8.393723,-1.1252248,3
11597818210764,8201295729,-5.050351,8.393125,-1.1309078,3
11597820710764,8203795729,-5.0587263,8.3943205,-1.1231312,3
11597823210764,8206295729,-5.051847,8.39791,-1.1350952,3
11597825710764,8208795729,-5.0545387,8.393424,-1.1270195,3
11597828210764,8211295729,-5.044668,8.388937,-1.1231312,3
11597830710764,8213795729,-5.0401816,8.367103,-1.1294123,3
11597833210764,8216295729,-5.0386863,8.374281,-1.1270195,3
11597835710764,8218795729,-5.0425744,8.3581295,-1.1288141,3
11597838210764,8221295729,-5.0452666,8.352746,-1.1386845,3
11597840710764,8223795729,-5.0491548,8.344071,-1.1380863,3
11597843210764,8226295729,-5.042874,8.328817,-1.1551352,3
11597845710764,8228795729,-5.040481,8.319844,-1.166501,3
11597848210764,8231295729,-5.055436,8.320442,-1.1835499,3
11597850710764,8233795729,-5.0596237,8.322536,-1.1793624,3
11597853210764,8236295729,-5.0563335,8.320742,-1.1913266,3
11597855710764,8238795729,-5.0679984,8.317152,-1.2164512,3
11597858210764,8241295729,-5.081458,8.316554,-1.1991032,3
11597860710764,8243795729,-5.085645,8.315059,-1.2170494,3
11597863210764,8246295729,-5.089235,8.320442,-1.2227324,3
11597865710764,8248795729,-5.104788,8.330313,-1.2433704,3
11597868210764,8251295729,-5.0901318,8.320144,-1.2466606,3
11597870710764,8253795729,-5.083552,8.318349,-1.2442678,3
11597873210764,8256295729,-5.083552,8.308478,-1.2424731,3
11597875710764,8258795729,-5.0715876,8.301001,-1.2299109,3
11597878210764,8261295729,-5.057829,8.292626,-1.227518,3
11597880710764,8263795729,-5.0422754,8.281858,-1.2212368,3
11597883210764,8266295729,-5.027919,8.279166,-1.2146566,3
11597885710764,8268795729,-5.0186462,8.251948,-1.1940185,3
11597888210764,8271295729,-5.0126643,8.253144,-1.1742777,3
11597890710764,8273795729,-5.007879,8.252846,-1.172184,3
11597893210764,8276295729,-5.000401,8.248059,-1.1706885,3
11597895710764,8278795729,-4.9974103,8.246863,-1.1751751,3
11597898210764,8281295729,-5.009075,8.231609,-1.195514,3
11597900710764,8283795729,-4.9995036,8.232507,-1.2029916,3
11597903210764,8286295729,-4.9980083,8.23101,-1.2029916,3
11597905710764,8288795729,-5.0009995,8.221439,-1.2011969,3
11597908210764,8291295729,-5.001897,8.209176,-1.1964114,3
11597910710764,8293795729,-5.0141597,8.200802,-1.1871392,3
11597913210764,8296295729,-5.02074,8.195119,-1.1718849,3
11597915710764,8298795729,-5.032106,8.193623,-1.1536397,3
11597918210764,8301295729,-5.049753,8.180163,-1.1638091,3
11597920710764,8303795729,-5.0545387,8.186744,-1.1700903,3
11597923210764,8306295729,-5.0653067,8.182257,-1.1682956,3
11597925710764,8308795729,-5.0880384,8.185547,-1.1691929,3
11597928210764,8311295729,-5.089235,8.196913,-1.1590235,3
11597930710764,8313795729,-5.0937214,8.195417,-1.1608181,3
11597933210764,8316295729,-5.110471,8.205288,-1.1584252,3
11597935710764,8318795729,-5.1197433,8.209176,-1.1395818,3
11597938210764,8321295729,-5.1296134,8.213962,-1.1270195,3
11597940710764,8323795729,-5.1418767,8.211569,-1.1389836,3
11597943210764,8326295729,-5.148756,8.196913,-1.1389836,3
11597945710764,8328795729,-5.152345,8.196614,-1.1449656,3
11597948210764,8331295729,-5.152046,8.201698,-1.1623136,3
11597950710764,8333795729,-5.1406803,8.204091,-1.1964114,3
11597953210764,8336295729,-5.128118,8.206185,-1.2023934,3
11597955710764,8338795729,-5.1200423,8.205587,-1.1997014,3
11597958210764,8341295729,-5.111368,8.220841,-1.2125629,3
11597960710764,8343795729,-5.1068816,8.22802,-1.2182459,3
11597963210764,8346295729,-5.0970116,8.231908,-1.233201,3
11597965710764,8348795729,-5.083552,8.254341,-1.2293127,3
11597968210764,8351295729,-5.0736814,8.270193,-1.2308081,3
11597970710764,8353795729,-5.067101,8.284551,-1.2092727,3
11597973210764,8356295729,-5.066503,8.304291,-1.2197413,3
11597975710764,8358795729,-5.0548377,8.322237,-1.2376875,3
11597978210764,8361295729,-5.0395837,8.327023,-1.2299109,3
11597980710764,8363795729,-5.017151,8.3327055,-1.2326027,3
11597983210764,8366295729,-5.0030932,8.337491,-1.2074782,3
11597985710764,8368795729,-4.974678,8.33121,-1.2122638,3
11597988210764,8371295729,-4.94417,8.336295,-1.23021,3
11597990710764,8373795729,-4.918148,8.3428755,-1.2146566,3
11597993210764,8376295729,-4.8990054,8.344071,-1.2107682,3
11597995710764,8378795729,-4.9058847,8.340483,-1.2233306,3
11597998210764,8381295729,-4.9064827,8.35125,-1.218844,3
11598000710764,8383795729,-4.909773,8.360223,-1.2017952,3
11598003210764,8386295729,-4.9058847,8.366505,-1.2095718,3
11598005710764,8388795729,-4.9229336,8.370393,-1.2176477,3
11598008210764,8391295729,-4.927719,8.365906,-1.2062817,3
11598010710764,8393795729,-4.959125,8.376973,-1.2089736,3
11598013210764,8396295729,-4.9812584,8.386544,-1.2152548,3
11598015710764,8398795729,-5.002495,8.391928,-1.2149557,3
11598018210764,8401295729,-5.0165524,8.384451,-1.2116655,3
11598020710764,8403795729,-5.023133,8.380861,-1.1949158,3
11598023210764,8406295729,-5.038088,8.358429,-1.1856437,3
11598025710764,8408795729,-5.0593243,8.343174,-1.1916257,3
11598028210764,8411295729,-5.063512,8.354241,-1.1970096,3
11598030710764,8413795729,-5.06082,8.338987,-1.2050853,3
11598033210764,8416295729,-5.0593243,8.327621,-1.2308081,3
11598035710764,8418795729,-5.065007,8.314161,-1.2439687,3
11598038210764,8421295729,-5.0476594,8.309376,-1.2466606,3
11598040710764,8423795729,-5.0512486,8.29113,-1.2705889,3
11598043210764,8426295729,-5.042874,8.298608,-1.2912269,3
11598045710764,8428795729,-5.035396,8.288439,-1.314557,3
11598048210764,8431295729,-5.037191,8.275876,-1.326222,3
11598050710764,8433795729,-5.0515475,8.27139,-1.311865,3
11598053210764,8436295729,-5.0383873,8.2914295,-1.3211372,3
11598055710764,8438795729,-5.043472,8.281559,-1.3031911,3
11598058210764,8441295729,-5.0398827,8.284551,-1.2882359,3
11598060710764,8443795729,-5.0473604,8.283354,-1.2813566,3
11598063210764,8446295729,-5.034798,8.265408,-1.2801601,3
11598065710764,8448795729,-5.020441,8.274381,-1.2550355,3
11598068210764,8451295729,-5.0138607,8.284251,-1.2466606,3
11598070710764,8453795729,-4.999803,8.283354,-1.2349956,3
11598073210764,8456295729,-5.0030932,8.276773,-1.2308081,3
11598075710764,8458795729,-5.0219364,8.2761755,-1.2116655,3
11598078210764,8461295729,-5.0392847,8.300403,-1.2179468,3
11598080710764,8463795729,-5.0333023,8.307581,-1.1847463,3
11598083210764,8466295729,-5.0548377,8.320144,-1.166501,3
11598085710764,8468795729,-5.077869,8.3348,-1.1569297,3
11598088210764,8471295729,-5.081757,8.351849,-1.134497,3
11598090710764,8473795729,-5.0952168,8.356634,-1.1443675,3
11598093210764,8476295729,-5.094918,8.342277,-1.1626127,3
11598095710764,8478795729,-5.081757,8.355437,-1.1590235,3
11598098210764,8481295729,-5.068896,8.358429,-1.1778669,3
11598100710764,8483795729,-5.0602217,8.360223,-1.2032907,3
11598103210764,8486295729,-5.042874,8.362018,-1.2107682,3
11598105710764,8488795729,-5.029115,8.367701,-1.2167503,3
11598108210764,8491295729,-5.009673,8.369795,-1.2254243,3
11598110710764,8493795729,-5.0012984,8.36142,-1.2311072,3
11598113210764,8496295729,-5.002495,8.366505,-1.2340983,3
11598115710764,8498795729,-4.9905305,8.355437,-1.2278172,3
11598118210764,8501295729,-4.9938207,8.357232,-1.2418749,3
11598120710764,8503795729,-4.988437,8.357232,-1.2391831,3
11598123210764,8506295729,-4.982455,8.354839,-1.2370893,3
11598125710764,8508795729,-4.966902,8.347362,-1.2376875,3
11598128210764,8511295729,-4.9417768,8.356335,-1.2457633,3
11598130710764,8513795729,-4.945067,8.339585,-1.2355938,3
11598133210764,8516295729,-4.947759,8.352447,-1.218545,3
11598135710764,8518795729,-4.9528437,8.365308,-1.2056835,3
11598138210764,8521295729,-4.959723,8.378768,-1.1934203,3
11598140710764,8523795729,-4.963013,8.385049,-1.1784651,3
11598143210764,8526295729,-4.9953165,8.39821,-1.1572288,3
11598145710764,8528795729,-5.0069814,8.400303,-1.1497513,3
11598148210764,8531295729,-5.0341997,8.400303,-1.1509477,3
11598150710764,8533795729,-5.0545387,8.405088,-1.1500504,3
11598153210764,8536295729,-5.087141,8.415557,-1.1650056,3
11598155710764,8538795729,-5.1011987,8.422437,-1.1841481,3
11598158210764,8541295729,-5.1382875,8.443374,-1.1853445,3
11598160710764,8543795729,-5.1589255,8.445468,-1.1988041,3
11598163210764,8546295729,-5.1879387,8.436495,-1.1715858,3
11598165710764,8548795729,-5.460122,8.48465,-1.1084751,3
11598168210764,8551295729,-5.511568,8.522337,-1.1051849,3
11598170710764,8553795729,-5.424828,8.478668,-1.134497,3
11598173210764,8556295729,-5.3539405,8.450552,-1.1479566,3
11598175710764,8558795729,-5.308178,8.414361,-1.1479566,3
11598178210764,8561295729,-5.279165,8.412566,-1.1551352,3
11598180710764,8563795729,-5.2426744,8.417053,-1.180858,3
11598183210764,8566295729,-5.1792645,8.427522,-1.1886346,3
11598185710764,8568795729,-5.12423,8.430512,-1.195514,3
11598188210764,8571295729,-5.0775695,8.426624,-1.1943176,3
11598190710764,8573795729,-5.0327044,8.408678,-1.186541,3
11598193210764,8576295729,-4.9639106,8.387442,-1.1644074,3
11598195710764,8578795729,-4.9459643,8.348558,-1.1575279,3
11598198210764,8581295729,-4.9310093,8.327621,-1.1802598,3
11598200710764,8583795729,-4.880162,8.30459,-1.2032907,3
11598203210764,8586295729,-4.8041897,8.274979,-1.2149557,3
11598205710764,8588795729,-4.7545385,8.255537,-1.2179468,3
11598208210764,8591295729,-4.752146,8.2609215,-1.21017,3
11598210710764,8593795729,-4.7596235,8.285747,-1.2020943,3
11598213210764,8596295729,-4.732704,8.300403,-1.1904292,3
11598215710764,8598795729,-4.7431726,8.30788,-1.1688938,3
11598218210764,8601295729,-4.7482576,8.33121,-1.1458629,3
11598220710764,8603795729,-4.7829533,8.367402,-1.1177473,3
11598223210764,8606295729,-4.820341,8.377272,-1.1228321,3
11598225710764,8608795729,-4.8586264,8.378768,-1.1045867,3
11598228210764,8611295729,-4.8699923,8.378169,-1.1057831,3
11598230710764,8613795729,-4.863113,8.352447,-1.1009976,3
11598233210764,8616295729,-4.8678985,8.359625,-1.0935199,3
11598235710764,8618795729,-4.842475,8.351549,-1.1027921,3
11598238210764,8621295729,-4.8412786,8.3581295,-1.1267203,3
11598240710764,8623795729,-4.855635,8.368,-1.1395818,3
11598243210764,8626295729,-4.881059,8.407183,-1.154836,3
11598245710764,8628795729,-4.875675,8.400901,-1.180858,3
11598248210764,8631295729,-4.8729835,8.414062,-1.2014961,3
11598250710764,8633795729,-4.872684,8.409874,-1.2337992,3
11598253210764,8636295729,-4.8705907,8.414959,-1.2493526,3
11598255710764,8638795729,-4.872684,8.408977,-1.2840484,3
11598258210764,8641295729,-4.8858447,8.425129,-1.2789637,3
11598260710764,8643795729,-4.886742,8.430213,-1.2732807,3
11598263210764,8646295729,-4.9022956,8.440981,-1.2592229,3
11598265710764,8648795729,-4.9049873,8.444571,-1.2550355,3
11598268210764,8651295729,-4.9079785,8.441878,-1.2373884,3
11598270710764,8653795729,-4.9064827,8.430512,-1.2257234,3
11598273210764,8656295729,-4.924429,8.414959,-1.1994023,3
11598275710764,8658795729,-4.9402814,8.418847,-1.178166,3
11598278210764,8661295729,-4.9459643,8.413763,-1.1712867,3
11598280710764,8663795729,-4.9666023,8.402098,-1.1784651,3
11598283210764,8666295729,-4.9728837,8.395817,-1.1802598,3
11598285710764,8668795729,-4.9905305,8.39821,-1.1682956,3
11598288210764,8671295729,-5.005486,8.405986,-1.178166,3
11598290710764,8673795729,-4.9938207,8.3994055,-1.1703894,3
11598293210764,8676295729,-4.9812584,8.39791,-1.1742777,3
11598295710764,8678795729,-4.9803615,8.4038925,-1.178166,3
11598298210764,8681295729,-4.9731827,8.39791,-1.1988041,3
11598300710764,8683795729,-4.9552364,8.392825,-1.1928221,3
11598303210764,8686295729,-4.9340005,8.388937,-1.1871392,3
11598305710764,8688795729,-4.9085765,8.374879,-1.1844472,3
11598308210764,8691295729,-4.88734,8.365009,-1.1751751,3
11598310710764,8693795729,-4.854738,8.350652,-1.1676974,3
11598313210764,8696295729,-4.831707,8.322536,-1.1907284,3
11598315710764,8698795729,-4.818547,8.315657,-1.2080764,3
11598318210764,8701295729,-4.813462,8.312965,-1.1895319,3
11598320710764,8703795729,-4.8116674,8.299505,-1.1907284,3
11598323210764,8706295729,-4.8263235,8.290532,-1.2050853,3
11598325710764,8708795729,-4.8415775,8.284551,-1.1850454,3
11598328210764,8711295729,-4.840979,8.276773,-1.1916257,3
11598330710764,8713795729,-4.840381,8.273483,-1.1988041,3
11598333210764,8716295729,-4.8616176,8.266903,-1.1976078,3
11598335710764,8718795729,-4.8789654,8.246863,-1.2044871,3
11598338210764,8721295729,-4.8903313,8.245368,-1.2029916,3
11598340710764,8723795729,-4.9022956,8.2304125,-1.1973087,3
11598343210764,8726295729,-4.916652,8.245069,-1.198505,3
11598345710764,8728795729,-4.9292145,8.235198,-1.1829517,3
11598348210764,8731295729,-4.942674,8.230712,-1.1967105,3
11598350710764,8733795729,-4.9375896,8.230712,-1.1934203,3
11598353210764,8736295729,-4.942674,8.235796,-1.1814562,3
11598355710764,8738795729,-4.9495535,8.232507,-1.1703894,3
11598358210764,8741295729,-4.956433,8.239685,-1.1691929,3
11598360710764,8743795729,-4.950451,8.238488,-1.1641082,3
11598363210764,8746295729,-4.944469,8.23789,-1.1673983,3
11598365710764,8748795729,-4.9525447,8.254939,-1.1557333,3
11598368210764,8751295729,-4.9468617,8.242376,-1.154537,3
11598370710764,8753795729,-4.935795,8.249556,-1.1560324,3
11598373210764,8756295729,-4.922036,8.255239,-1.1617154,3
11598375710764,8758795729,-4.8996034,8.268398,-1.1581261,3
11598378210764,8761295729,-4.9082775,8.266305,-1.1563315,3
11598380710764,8763795729,-4.9121656,8.272287,-1.1485549,3
11598383210764,8766295729,-4.8936214,8.284551,-1.1404791,3
11598385710764,8768795729,-4.8942194,8.292626,-1.151845,3
11598388210764,8771295729,-4.916652,8.308478,-1.1736795,3
11598390710764,8773795729,-4.918746,8.318349,-1.189831,3
11598393210764,8776295729,-4.9381876,8.331808,-1.2000005,3
11598395710764,8778795729,-4.9325047,8.343174,-1.2080764,3
11598398210764,8781295729,-4.9250274,8.359326,-1.198505,3
11598400710764,8783795729,-4.9250274,8.366205,-1.20688,3
11598403210764,8786295729,-4.910072,8.369795,-1.2083755,3
11598405710764,8788795729,-4.886443,8.378169,-1.2113664,3
11598408210764,8791295729,-4.852345,8.379366,-1.2176477,3
11598410710764,8793795729,-4.833801,8.373981,-1.2146566,3
11598413210764,8796295729,-4.814658,8.366205,-1.2311072,3
11598415710764,8798795729,-4.7952166,8.36471,-1.2352947,3
11598418210764,8801295729,-4.7715874,8.363812,-1.2412767,3
11598420710764,8803795729,-4.764708,8.360223,-1.218844,3
11598423210764,8806295729,-4.764409,8.35783,-1.2065809,3
11598425710764,8808795729,-4.7685966,8.350652,-1.1946167,3
11598428210764,8811295729,-4.772485,8.340483,-1.1769696,3
11598430710764,8813795729,-4.7880383,8.347661,-1.1623136,3
11598433210764,8816295729,-4.796712,8.3581295,-1.1383854,3
11598435710764,8818795729,-4.799404,8.35125,-1.1213365,3
11598438210764,8821295729,-4.8152566,8.339585,-1.1162517,3
11598440710764,8823795729,-4.8341,8.349754,-1.1009976,3
11598443210764,8826295729,-4.838886,8.345567,-1.1213365,3
11598445710764,8828795729,-4.848756,8.355437,-1.1207383,3
11598448210764,8831295729,-4.858028,8.3530445,-1.1255239,3
11598450710764,8833795729,-4.872684,8.353643,-1.1350952,3
11598453210764,8836295729,-4.8885365,8.352447,-1.154537,3
11598455710764,8838795729,-4.8942194,8.35783,-1.1730813,3
11598458210764,8841295729,-4.9085765,8.36142,-1.1826526,3
11598460710764,8843795729,-4.900202,8.362018,-1.2098709,3
11598463210764,8846295729,-4.894818,8.367701,-1.2335001,3
11598465710764,8848795729,-4.8942194,8.377871,-1.2628121,3
11598468210764,8851295729,-4.8969116,8.383254,-1.2553346,3
11598470710764,8853795729,-4.922335,8.409276,-1.2481561,3
11598473210764,8856295729,-4.914858,8.421839,-1.2613167,3
11598475710764,8858795729,-4.8879385,8.420941,-1.2649059,3
11598478210764,8861295729,-4.861019,8.42782,-1.2750753,3
11598480710764,8863795729,-4.828417,8.412566,-1.2807583,3
11598483210764,8866295729,-4.8098726,8.417651,-1.2553346,3
11598485710764,8868795729,-4.811069,8.425727,-1.2619148,3
11598488210764,8871295729,-4.8086762,8.436793,-1.2526426,3
11598490710764,8873795729,-4.810471,8.438588,-1.2367902,3
11598493210764,8876295729,-4.842176,8.460124,-1.2152548,3
11598495710764,8878795729,-4.870291,8.451449,-1.1859428,3
11598498210764,8881295729,-4.8846483,8.463115,-1.1392827,3
11598500710764,8883795729,-4.924728,8.471788,-1.1294123,3
11598503210764,8886295729,-4.944768,8.469695,-1.0992029,3
11598505710764,8888795729,-4.9609194,8.472088,-1.0887343,3
11598508210764,8891295729,-4.973781,8.488837,-1.1057831,3
11598510710764,8893795729,-4.9935217,8.487342,-1.1045867,3
11598513210764,8896295729,-5.009673,8.510971,-1.1318051,3
11598515710764,8898795729,-5.0084767,8.511569,-1.1733804,3
11598518210764,8901295729,-5.0180483,8.521739,-1.1730813,3
11598520710764,8903795729,-5.003392,8.525328,-1.2116655,3
11598523210764,8906295729,-4.99412,8.533403,-1.2323036,3
11598525710764,8908795729,-4.9926243,8.536694,-1.2335001,3
11598528210764,8911295729,-4.9989057,8.518449,-1.2580265,3
11598530710764,8913795729,-4.982156,8.510672,-1.2765709,3
11598533210764,8916295729,-4.9672008,8.493324,-1.250848,3
11598535710764,8918795729,-4.9549375,8.490632,-1.268196,3
11598538210764,8921295729,-4.944768,8.486444,-1.2783655,3
11598540710764,8923795729,-4.9229336,8.480762,-1.2783655,3
11598543210764,8926295729,-4.9052863,8.4813595,-1.262513,3
11598545710764,8928795729,-4.896014,8.465208,-1.274178,3
11598548210764,8931295729,-4.888836,8.468498,-1.2251252,3
11598550710764,8933795729,-4.8900323,8.460722,-1.236192,3
11598553210764,8936295729,-4.883153,8.452347,-1.2017952,3
11598555710764,8938795729,-4.892126,8.452646,-1.1742777,3
11598558210764,8941295729,-4.920541,8.4502535,-1.1650056,3
11598560710764,8943795729,-4.916353,8.439785,-1.1509477,3
11598563210764,8946295729,-4.9307103,8.445468,-1.1138589,3
11598565710764,8948795729,-4.942076,8.443972,-1.099502,3
11598568210764,8951295729,-4.95075,8.431708,-1.0740783,3
11598570710764,8953795729,-4.95404,8.447861,-1.0716854,3
11598573210764,8956295729,-4.956134,8.4451685,-1.0842477,3
11598575710764,8958795729,-4.973781,8.452047,-1.0863415,3
11598578210764,8961295729,-4.9929237,8.455936,-1.0956137,3
11598580710764,8963795729,-4.9989057,8.463713,-1.1210374,3
11598583210764,8966295729,-4.995017,8.467302,-1.151845,3
11598585710764,8968795729,-5.006383,8.486146,-1.2065809,3
11598588210764,8971295729,-5.0009995,8.484052,-1.2170494,3
11598590710764,8973795729,-4.988437,8.480463,-1.2559328,3
11598593210764,8976295729,-4.979464,8.480463,-1.297209,3
11598595710764,8978795729,-4.973781,8.475079,-1.3103695,3
11598598210764,8981295729,-4.9516473,8.478967,-1.3172488,3
11598600710764,8983795729,-4.9510493,8.475378,-1.3268201,3
11598603210764,8986295729,-4.942375,8.478967,-1.3100704,3
11598605710764,8988795729,-4.9253263,8.478369,-1.3064811,3
11598608210764,8991295729,-4.933103,8.4682,-1.3253247,3
11598610710764,8993795729,-4.901697,8.46461,-1.3076776,3
11598613210764,8996295729,-4.901996,8.45773,-1.2906287,3
11598615710764,8998795729,-4.8861437,8.451749,-1.2774682,3
11598618210764,9001295729,-4.874778,8.449954,-1.2442678,3
11598620710764,9003795729,-4.8565326,8.444271,-1.2400804,3
11598623210764,9006295729,-4.8272204,8.419446,-1.224527,3
11598625710764,9008795729,-4.8182473,8.41795,-1.2080764,3
11598628210764,9011295729,-4.799404,8.410473,-1.1880364,3
11598630710764,9013795729,-4.799404,8.40479,-1.178166,3
11598633210764,9016295729,-4.8032923,8.406584,-1.1647065,3
11598635710764,9018795729,-4.7985067,8.405088,-1.1673983,3
11598638210764,9021295729,-4.8182473,8.385647,-1.1587243,3
11598640710764,9023795729,-4.828417,8.381759,-1.180858,3
11598643210764,9026295729,-4.8412786,8.385647,-1.1829517,3
11598645710764,9028795729,-4.877769,8.387142,-1.1928221,3
11598648210764,9031295729,-4.880162,8.390432,-1.1847463,3
11598650710764,9033795729,-4.8972106,8.391928,-1.1880364,3
11598653210764,9036295729,-4.9028935,8.387442,-1.1826526,3
11598655710764,9038795729,-4.903791,8.390432,-1.1880364,3
11598658210764,9041295729,-4.9049873,8.384151,-1.1931212,3
11598660710764,9043795729,-4.9082775,8.379366,-1.1874382,3
11598663210764,9046295729,-4.9160542,8.368,-1.1940185,3
11598665710764,9048795729,-4.915456,8.357232,-1.2119647,3
11598668210764,9051295729,-4.9085765,8.350353,-1.2164512,3
11598670710764,9053795729,-4.903791,8.3348,-1.2346965,3
11598673210764,9056295729,-4.907679,8.326724,-1.2598212,3
11598675710764,9058795729,-4.912465,8.311769,-1.2619148,3
11598678210764,9061295729,-4.9088755,8.310572,-1.2732807,3
11598680710764,9063795729,-4.9235315,8.309076,-1.2810575,3
11598683210764,9066295729,-4.918746,8.307282,-1.2876377,3
11598685710764,9068795729,-4.9226346,8.308778,-1.3004991,3
11598688210764,9071295729,-4.9226346,8.29771,-1.2993027,3
11598690710764,9073795729,-4.915755,8.303992,-1.306182,3
11598693210764,9076295729,-4.9178486,8.300403,-1.3253247,3
11598695710764,9078795729,-4.927719,8.295917,-1.3196417,3
11598698210764,9081295729,-4.907679,8.287541,-1.3226327,3
11598700710764,9083795729,-4.915755,8.283054,-1.3160524,3
11598703210764,9086295729,-4.8876395,8.293822,-1.2993027,3
11598705710764,9088795729,-4.886742,8.292327,-1.2861422,3
11598708210764,9091295729,-4.879564,8.292925,-1.2771691,3
11598710710764,9093795729,-4.8975096,8.304291,-1.2442678,3
11598713210764,9096295729,-4.8855457,8.286644,-1.2299109,3
11598715710764,9098795729,-4.880162,8.300103,-1.2290136,3
11598718210764,9101295729,-4.872086,8.303992,-1.2200404,3
11598720710764,9103795729,-4.872385,8.306983,-1.2182459,3
11598723210764,9106295729,-4.8586264,8.305188,-1.2197413,3
11598725710764,9108795729,-4.853841,8.322237,-1.2179468,3
11598728210764,9111295729,-4.8230333,8.316554,-1.2317054,3
11598730710764,9113795729,-4.825725,8.314461,-1.2502499,3
11598733210764,9116295729,-4.826024,8.311769,-1.2631112,3
11598735710764,9118795729,-4.816453,8.312666,-1.2714862,3
11598738210764,9121295729,-4.8209395,8.307581,-1.270888,3
11598740710764,9123795729,-4.805087,8.317751,-1.2831511,3
11598743210764,9126295729,-4.8003016,8.324032,-1.2936198,3
11598745710764,9128795729,-4.805685,8.314461,-1.2930216,3
11598748210764,9131295729,-4.8086762,8.329415,-1.314557,3
11598750710764,9133795729,-4.816453,8.335098,-1.3214363,3
11598753210764,9136295729,-4.834399,8.350054,-1.3325031,3
11598755710764,9138795729,-4.834698,8.350054,-1.3280165,3
11598758210764,9141295729,-4.8242297,8.354241,-1.3259228,3
11598760710764,9143795729,-4.8215375,8.364112,-1.3127624,3
11598763210764,9146295729,-4.8320065,8.370692,-1.3064811,3
11598765710764,9148795729,-4.8248277,8.352447,-1.3040884,3
11598768210764,9151295729,-4.8179483,8.358727,-1.3022938,3
11598770710764,9153795729,-4.8305106,8.354839,-1.2852448,3
11598773210764,9156295729,-4.83739,8.354839,-1.2732807,3
11598775710764,9158795729,-4.8490553,8.347661,-1.2696915,3
11598778210764,9161295729,-4.8693943,8.377272,-1.2634103,3
11598780710764,9163795729,-4.889135,8.379665,-1.2640085,3
11598783210764,9166295729,-4.9088755,8.382656,-1.2649059,3
11598785710764,9168795729,-4.935795,8.383852,-1.2532408,3
11598788210764,9171295729,-4.9417768,8.39821,-1.2541381,3
11598790710764,9173795729,-4.948357,8.407183,-1.236192,3
11598793210764,9176295729,-4.94088,8.416754,-1.2370893,3
11598795710764,9178795729,-4.95075,8.4197445,-1.2400804,3
11598798210764,9181295729,-4.9528437,8.425427,-1.2487543,3
11598800710764,9183795729,-4.9417768,8.445766,-1.2346965,3
11598803210764,9186295729,-4.9435716,8.4347,-1.2439687,3
11598805710764,9188795729,-4.920541,8.453544,-1.2574283,3
11598808210764,9191295729,-4.923831,8.461918,-1.2753744,3
11598810710764,9193795729,-4.9325047,8.473284,-1.2894323,3
11598813210764,9196295729,-4.929514,8.479566,-1.3046865,3
11598815710764,9198795729,-4.9399824,8.492725,-1.3121641,3
11598818210764,9201295729,-4.92742,8.500801,-1.3271192,3
11598820710764,9203795729,-4.9202414,8.503195,-1.3124632,3
11598823210764,9206295729,-4.918148,8.501101,-1.326521,3
11598825710764,9208795729,-4.9202414,8.5014,-1.3235301,3
11598828210764,9211295729,-4.90409,8.503195,-1.3187444,3
11598830710764,9213795729,-4.8918266,8.503195,-1.3136597,3
11598833210764,9216295729,-4.8825545,8.506186,-1.3082758,3
11598835710764,9218795729,-4.8658047,8.501101,-1.3073785,3
11598838210764,9221295729,-4.8619165,8.505588,-1.3046865,3
11598840710764,9223795729,-4.857729,8.503793,-1.3052847,3
11598843210764,9226295729,-4.842176,8.510074,-1.3109677,3
11598845710764,9228795729,-4.8320065,8.49781,-1.2867404,3
11598848210764,9231295729,-4.8269215,8.492725,-1.2927225,3
11598850710764,9233795729,-4.8125644,8.495118,-1.2810575,3
11598853210764,9236295729,-4.795815,8.496614,-1.2723835,3
11598855710764,9238795729,-4.784748,8.487342,-1.2439687,3
11598858210764,9241295729,-4.761119,8.488239,-1.2532408,3
11598860710764,9243795729,-4.743771,8.487042,-1.2400804,3
11598863210764,9246295729,-4.7374897,8.493623,-1.2311072,3
11598865710764,9248795729,-4.7395835,8.485249,-1.2433704,3
11598868210764,9251295729,-4.7216372,8.492427,-1.2376875,3
11598870710764,9253795729,-4.7084765,8.489137,-1.2370893,3
11598873210764,9256295729,-4.7192445,8.48794,-1.2400804,3
11598875710764,9258795729,-4.7231326,8.484949,-1.2460624,3
11598878210764,9261295729,-4.74078,8.478668,-1.2466606,3
11598880710764,9263795729,-4.76082,8.474181,-1.2562319,3
11598883210764,9266295729,-4.7659044,8.473883,-1.2655041,3
11598885710764,9268795729,-4.786842,8.456834,-1.2541381,3
11598888210764,9271295729,-4.8032923,8.441579,-1.2445669,3
11598890710764,9273795729,-4.8173504,8.44128,-1.2290136,3
11598893210764,9276295729,-4.8182473,8.425129,-1.2000005,3
11598895710764,9278795729,-4.8320065,8.412267,-1.1940185,3
11598898210764,9281295729,-4.822435,8.397013,-1.1844472,3
11598900710764,9283795729,-4.8263235,8.380861,-1.1641082,3
11598903210764,9286295729,-4.834698,8.366803,-1.1766706,3
11598905710764,9288795729,-4.831408,8.396714,-1.1829517,3
11598908210764,9291295729,-4.924429,8.5576315,-1.3597214,3
11598910710764,9293795729,-4.9902315,8.526525,-1.3669,3
11598913210764,9296295729,-4.9713883,8.455637,-1.2921243,3
11598915710764,9298795729,-4.892126,8.365009,-1.2553346,3
11598918210764,9301295729,-4.81077,8.299805,-1.2589238,3
11598920710764,9303795729,-4.7916274,8.263613,-1.2765709,3
11598923210764,9306295729,-4.7898326,8.263314,-1.262214,3
11598925710764,9308795729,-4.8263235,8.297112,-1.2418749,3
11598928210764,9311295729,-4.8729835,8.327621,-1.1766706,3
11598930710764,9313795729,-4.9112687,8.352746,-1.1072787,3
11598933210764,9316295729,-4.9438705,8.356933,-1.0573285,3
11598935710764,9318795729,-4.956134,8.356335,-1.0510473,3
11598938210764,9321295729,-4.956134,8.346464,-1.064507,3
11598940710764,9323795729,-4.953442,8.327322,-1.0776675,3
11598943210764,9326295729,-4.936692,8.288737,-1.0980065,3
11598945710764,9328795729,-4.9058847,8.2761755,-1.1240284,3
11598948210764,9331295729,-4.870291,8.26122,-1.1503495,3
11598950710764,9333795729,-4.862814,8.255537,-1.1967105,3
11598953210764,9336295729,-4.840381,8.259127,-1.2149557,3
11598955710764,9338795729,-4.8385863,8.27468,-1.2104691,3
11598958210764,9341295729,-4.846662,8.270493,-1.2194422,3
11598960710764,9343795729,-4.8415775,8.290234,-1.2083755,3
11598963210764,9346295729,-4.8320065,8.292327,-1.2179468,3
11598965710764,9348795729,-4.8263235,8.274979,-1.2179468,3
11598968210764,9351295729,-4.8176494,8.2678,-1.2137593,3
11598970710764,9353795729,-4.8326044,8.2761755,-1.2125629,3
11598973210764,9356295729,-4.8415775,8.278269,-1.2224332,3
11598975710764,9358795729,-4.8559346,8.29442,-1.2173486,3
11598978210764,9361295729,-4.883153,8.3013,-1.2170494,3
11598980710764,9363795729,-4.901099,8.325228,-1.2110673,3
11598983210764,9366295729,-4.939384,8.344371,-1.2000005,3
11598985710764,9368795729,-4.9672008,8.37458,-1.1919248,3
11598988210764,9371295729,-4.994419,8.382656,-1.1829517,3
11598990710764,9373795729,-5.014459,8.4015,-1.1814562,3
11598993210764,9376295729,-5.0344987,8.415856,-1.1772687,3
11598995710764,9378795729,-5.0542397,8.429017,-1.2026925,3
11598998210764,9381295729,-5.0530434,8.446963,-1.2233306,3
11599000710764,9383795729,-5.070391,8.462217,-1.2661023,3
11599003210764,9386295729,-5.0674,8.447262,-1.2104691,3
11599005710764,9388795729,-5.094918,8.469396,-1.2397813,3
11599008210764,9391295729,-5.0976095,8.456834,-1.2607185,3
11599010710764,9393795729,-5.072784,8.44128,-1.2669996,3
11599013210764,9396295729,-5.055436,8.43111,-1.2349956,3
11599015710764,9398795729,-5.0183473,8.427222,-1.2376875,3
11599018210764,9401295729,-4.977968,8.438289,-1.2179468,3
11599020710764,9403795729,-4.965406,8.459525,-1.2056835,3
11599023210764,9406295729,-4.9178486,8.457132,-1.1769696,3
11599025710764,9408795729,-4.87747,8.474181,-1.2251252,3
11599028210764,9411295729,-4.855336,8.451151,-1.2340983,3
11599030710764,9413795729,-4.8230333,8.440681,-1.2254243,3
11599033210764,9416295729,-4.8116674,8.440383,-1.2209377,3
11599035710764,9418795729,-4.785047,8.430213,-1.2155539,3
11599038210764,9421295729,-4.7653065,8.40808,-1.2035898,3
11599040710764,9423795729,-4.7563334,8.4197445,-1.2215359,3
11599043210764,9426295729,-4.7431726,8.402098,-1.2290136,3
11599045710764,9428795729,-4.732704,8.398808,-1.215853,3
11599048210764,9431295729,-4.7225347,8.4038925,-1.2290136,3
11599050710764,9433795729,-4.715057,8.405088,-1.2343974,3
11599053210764,9436295729,-4.7318068,8.408977,-1.2062817,3
11599055710764,9438795729,-4.7569313,8.405686,-1.18684,3
11599058210764,9441295729,-4.776074,8.408678,-1.1847463,3
11599060710764,9443795729,-4.788636,8.401798,-1.1742777,3
11599063210764,9446295729,-4.8086762,8.396115,-1.1931212,3
11599065710764,9448795729,-4.8236313,8.387741,-1.2095718,3
11599068210764,9451295729,-4.8433723,8.379066,-1.2026925,3
11599070710764,9453795729,-4.881358,8.377571,-1.2152548,3
11599073210764,9456295729,-4.892724,8.382656,-1.2032907,3
11599075710764,9458795729,-4.8999023,8.375478,-1.2230315,3
11599078210764,9461295729,-4.9088755,8.357232,-1.2469597,3
11599080710764,9463795729,-4.9175496,8.355437,-1.2164512,3
11599083210764,9466295729,-4.9199424,8.354241,-1.2254243,3
11599085710764,9468795729,-4.9142594,8.359625,-1.1895319,3
11599088210764,9471295729,-4.8996034,8.35783,-1.1659029,3
11599090710764,9473795729,-4.913362,8.342576,-1.1413764,3
11599093210764,9476295729,-4.910072,8.330014,-1.1455638,3
11599095710764,9478795729,-4.920541,8.336594,-1.1521441,3
11599098210764,9481295729,-4.913362,8.33809,-1.1521441,3
11599100710764,9483795729,-4.92084,8.330612,-1.1362916,3
11599103210764,9486295729,-4.9438705,8.340183,-1.1832508,3
11599105710764,9488795729,-4.93729,8.341081,-1.2002996,3
11599108210764,9491295729,-4.950152,8.349754,-1.2050853,3
11599110710764,9493795729,-4.945067,8.365906,-1.2176477,3
11599113210764,9496295729,-4.9522457,8.3835535,-1.2227324,3
11599115710764,9498795729,-4.9519463,8.392825,-1.2406785,3
11599118210764,9501295729,-4.9510493,8.405986,-1.2529417,3
11599120710764,9503795729,-4.948357,8.418549,-1.2406785,3
11599123210764,9506295729,-4.9417768,8.4400835,-1.2684951,3
11599125710764,9508795729,-4.922335,8.443074,-1.2777673,3
11599128210764,9511295729,-4.9202414,8.447561,-1.3079767,3
11599130710764,9513795729,-4.88734,8.47149,-1.314557,3
11599133210764,9516295729,-4.860421,8.468498,-1.3223336,3
11599135710764,9518795729,-4.833502,8.4813595,-1.3208381,3
11599138210764,9521295729,-4.794319,8.475079,-1.3157533,3
11599140710764,9523795729,-4.7566323,8.478069,-1.2867404,3
11599143210764,9526295729,-4.74407,8.469396,-1.2661023,3
11599145710764,9528795729,-4.706383,8.464311,-1.2747762,3
11599148210764,9531295729,-4.6896334,8.463413,-1.2592229,3
11599150710764,9533795729,-4.6755753,8.458329,-1.2340983,3
11599153210764,9536295729,-4.657031,8.454142,-1.2239288,3
11599155710764,9538795729,-4.65733,8.469695,-1.2104691,3
11599158210764,9541295729,-4.660321,8.463115,-1.2035898,3
11599160710764,9543795729,-4.6746783,8.469695,-1.1817553,3
11599163210764,9546295729,-4.6989055,8.474181,-1.1718849,3
11599165710764,9548795729,-4.74078,8.481659,-1.1718849,3
11599168210764,9551295729,-4.7506504,8.500503,-1.1536397,3
11599170710764,9553795729,-4.793721,8.524132,-1.1676974,3
11599173210764,9556295729,-4.814957,8.498408,-1.1138589,3
11599175710764,9558795729,-4.8646083,8.501101,-1.1297114,3
11599178210764,9561295729,-4.88405,8.485249,-1.1641082,3
11599180710764,9563795729,-4.880162,8.465807,-1.1679965,3
11599183210764,9566295729,-4.883452,8.447861,-1.2056835,3
11599185710764,9568795729,-4.9085765,8.445766,-1.2203395,3
11599188210764,9571295729,-4.918447,8.445766,-1.2113664,3
11599190710764,9573795729,-4.9417768,8.45773,-1.218844,3
11599193210764,9576295729,-4.9319067,8.449655,-1.2272189,3
11599195710764,9578795729,-4.944768,8.456534,-1.221835,3
11599198210764,9581295729,-4.941179,8.442178,-1.2329018,3
11599200710764,9583795729,-4.9405804,8.433803,-1.2308081,3
11599203210764,9586295729,-4.95733,8.440383,-1.2523435,3
11599205710764,9588795729,-4.94417,8.4248295,-1.262513,3
11599208210764,9591295729,-4.9235315,8.423633,-1.2649059,3
11599210710764,9593795729,-4.9283175,8.412267,-1.2616158,3
11599213210764,9596295729,-4.9250274,8.404191,-1.2780664,3
11599215710764,9598795729,-4.9199424,8.395218,-1.2669996,3
11599218210764,9601295729,-4.8999023,8.380861,-1.2586247,3
11599220710764,9603795729,-4.8936214,8.379366,-1.2535399,3
11599223210764,9606295729,-4.87418,8.3994055,-1.2278172,3
11599225710764,9608795729,-4.8819566,8.403294,-1.1691929,3
11599228210764,9611295729,-4.8918266,8.401798,-1.1521441,3
11599230710764,9613795729,-4.889135,8.397013,-1.1368898,3
11599233210764,9616295729,-4.8705907,8.381459,-1.1670992,3
11599235710764,9618795729,-4.866403,8.403294,-1.1309078,3
11599238210764,9621295729,-4.870291,8.396415,-1.1458629,3
11599240710764,9623795729,-4.878367,8.40479,-1.1479566,3
11599243210764,9626295729,-4.8792644,8.40808,-1.1641082,3
11599245710764,9628795729,-4.8933225,8.416454,-1.1856437,3
11599248210764,9631295729,-4.8990054,8.420941,-1.2020943,3
11599250710764,9633795729,-4.9118667,8.432905,-1.227518,3
11599253210764,9636295729,-4.9085765,8.45474,-1.2547364,3
11599255710764,9638795729,-4.9085765,8.4502535,-1.2326027,3
11599258210764,9641295729,-4.90409,8.458628,-1.2394822,3
11599260710764,9643795729,-4.9046884,8.439785,-1.2323036,3
11599263210764,9646295729,-4.8846483,8.434102,-1.242174,3
11599265710764,9648795729,-4.866702,8.435298,-1.253839,3
11599268210764,9651295729,-4.8655057,8.426025,-1.244866,3
11599270710764,9653795729,-4.861318,8.426624,-1.250848,3
11599273210764,9656295729,-4.855635,8.420342,-1.259522,3
11599275710764,9658795729,-4.8529434,8.429615,-1.2385849,3
11599278210764,9661295729,-4.8583274,8.437093,-1.2320045,3
11599280710764,9663795729,-4.861318,8.446963,-1.2221341,3
11599283210764,9666295729,-4.863113,8.437391,-1.1934203,3
11599285710764,9668795729,-4.863412,8.455637,-1.198505,3
11599288210764,9671295729,-4.8708897,8.464012,-1.1889337,3
11599290710764,9673795729,-4.8705907,8.452047,-1.1638091,3
11599293210764,9676295729,-4.86072,8.438888,-1.1536397,3
11599295710764,9678795729,-4.857729,8.429615,-1.1422737,3
11599298210764,9681295729,-4.86072,8.429017,-1.1365907,3
11599300710764,9683795729,-4.860421,8.427522,-1.1359925,3
11599303210764,9686295729,-4.8735814,8.411669,-1.131506,3
11599305710764,9688795729,-4.868497,8.4146595,-1.1297114,3
11599308210764,9691295729,-4.869095,8.412866,-1.1371889,3
11599310710764,9693795729,-4.8861437,8.407781,-1.134198,3
11599313210764,9696295729,-4.892126,8.408977,-1.137488,3
11599315710764,9698795729,-4.8966126,8.417053,-1.1715858,3
11599318210764,9701295729,-4.8861437,8.410771,-1.1787642,3
11599320710764,9703795729,-4.877769,8.400003,-1.1901301,3
11599323210764,9706295729,-4.895117,8.389236,-1.20688,3
11599325710764,9708795729,-4.8942194,8.366205,-1.20688,3
11599328210764,9711295729,-4.895715,8.363513,-1.2146566,3
11599330710764,9713795729,-4.8954163,8.362018,-1.2236297,3
11599333210764,9716295729,-4.8936214,8.360522,-1.2281163,3
11599335710764,9718795729,-4.8900323,8.35783,-1.2209377,3
11599338210764,9721295729,-4.881059,8.350054,-1.2311072,3
11599340710764,9723795729,-4.858028,8.348857,-1.218545,3
11599343210764,9726295729,-4.8341,8.343174,-1.2179468,3
11599345710764,9728795729,-4.822435,8.340483,-1.2092727,3
11599348210764,9731295729,-4.8266225,8.342576,-1.2017952,3
11599350710764,9733795729,-4.829314,8.338388,-1.1847463,3
11599353210764,9736295729,-4.825725,8.345268,-1.18684,3
11599355710764,9738795729,-4.842774,8.340183,-1.1647065,3
11599358210764,9741295729,-4.8496532,8.336295,-1.1718849,3
11599360710764,9743795729,-4.8583274,8.345866,-1.1575279,3
11599363210764,9746295729,-4.87747,8.378768,-1.1673983,3
11599365710764,9748795729,-4.927719,8.416754,-1.2164512,3
11599368210764,9751295729,-4.962415,8.409276,-1.1997014,3
11599370710764,9753795729,-4.942375,8.392227,-1.1724831,3
11599373210764,9756295729,-4.8918266,8.3530445,-1.1506486,3
11599375710764,9758795729,-4.852345,8.322237,-1.1186446,3
11599378210764,9761295729,-4.8475595,8.337491,-1.1392827,3
11599380710764,9763795729,-4.874479,8.344371,-1.1572288,3
11599383210764,9766295729,-4.889733,8.348259,-1.1476575,3
11599385710764,9768795729,-4.8882375,8.353942,-1.1243275,3
11599388210764,9771295729,-4.8673005,8.354839,-1.1153544,3
11599390710764,9773795729,-4.886443,8.365009,-1.0992029,3
11599393210764,9776295729,-4.883153,8.37129,-1.1150553,3
11599395710764,9778795729,-4.8822556,8.375178,-1.1294123,3
11599398210764,9781295729,-4.8732824,8.359027,-1.1252248,3
11599400710764,9783795729,-4.8681974,8.365009,-1.1096715,3
11599403210764,9786295729,-4.83739,8.367701,-1.1222339,3
11599405710764,9788795729,-4.81077,8.373981,-1.125823,3
11599408210764,9791295729,-4.7952166,8.365607,-1.1479566,3
11599410710764,9793795729,-4.788337,8.370692,-1.1653047,3
11599413210764,9796295729,-4.7946186,8.373981,-1.1629118,3
11599415710764,9798795729,-4.8008995,8.385946,-1.1850454,3
11599418210764,9801295729,-4.802096,8.3835535,-1.2035898,3
11599420710764,9803795729,-4.8098726,8.382656,-1.2053844,3
11599423210764,9806295729,-4.8269215,8.379665,-1.224527,3
11599425710764,9808795729,-4.8266225,8.378768,-1.2382857,3
11599428210764,9811295729,-4.8559346,8.376375,-1.2299109,3
11599430710764,9813795729,-4.88405,8.39462,-1.2224332,3
11599433210764,9816295729,-4.896313,8.395517,-1.236192,3
11599435710764,9818795729,-4.9202414,8.405388,-1.2206386,3
11599438210764,9821295729,-4.936094,8.400303,-1.2209377,3
11599440710764,9823795729,-4.94417,8.39791,-1.2457633,3
11599443210764,9826295729,-4.9265227,8.413164,-1.2134602,3
11599445710764,9828795729,-4.9316072,8.406883,-1.2451651,3
11599448210764,9831295729,-4.9199424,8.414959,-1.2667005,3
11599450710764,9833795729,-4.9058847,8.415856,-1.2678969,3
11599453210764,9836295729,-4.892724,8.430213,-1.2523435,3
11599455710764,9838795729,-4.8705907,8.447861,-1.2753744,3
11599458210764,9841295729,-4.852046,8.429615,-1.2747762,3
11599460710764,9843795729,-4.8439703,8.432606,-1.2753744,3
11599463210764,9846295729,-4.8209395,8.429017,-1.2723835,3
11599465710764,9848795729,-4.817051,8.439785,-1.2511472,3
11599468210764,9851295729,-4.812864,8.442476,-1.2589238,3
11599470710764,9853795729,-4.813462,8.455039,-1.2269198,3
11599473210764,9856295729,-4.81406,8.450552,-1.1991032,3
11599475710764,9858795729,-4.8302116,8.460722,-1.1772687,3
11599478210764,9861295729,-4.8433723,8.46102,-1.1862419,3
11599480710764,9863795729,-4.8565326,8.479864,-1.1503495,3
11599483210764,9866295729,-4.868497,8.493025,-1.1333007,3
11599485710764,9868795729,-4.875376,8.49123,-1.1108679,3
11599488210764,9871295729,-4.895715,8.490632,-1.0815558,3
11599490710764,9873795729,-4.915456,8.507681,-1.0651052,3
11599493210764,9876295729,-4.913362,8.505588,-1.0908281,3
11599495710764,9878795729,-4.9199424,8.514561,-1.0764711,3
11599498210764,9881295729,-4.9363933,8.523234,-1.1009976,3
11599500710764,9883795729,-4.9322057,8.512167,-1.1509477,3
11599503210764,9886295729,-4.9319067,8.518149,-1.1718849,3
11599505710764,9888795729,-4.930112,8.517851,-1.1769696,3
11599508210764,9891295729,-4.901398,8.495118,-1.1973087,3
11599510710764,9893795729,-4.9025946,8.474481,-1.204188,3
11599513210764,9896295729,-4.8900323,8.472386,-1.2098709,3
11599515710764,9898795729,-4.8789654,8.465807,-1.2340983,3
11599518210764,9901295729,-4.8681974,8.449356,-1.2529417,3
11599520710764,9903795729,-4.868796,8.444571,-1.259522,3
11599523210764,9906295729,-4.875974,8.4347,-1.2807583,3
11599525710764,9908795729,-4.859225,8.433803,-1.3037893,3
11599528210764,9911295729,-4.8266225,8.459525,-1.3510475,3
11599530710764,9913795729,-4.860421,8.4909315,-1.4288142,3
11599533210764,9916295729,-4.881657,8.483154,-1.3782659,3
11599535710764,9918795729,-4.8771706,8.458329,-1.3489537,3
11599538210764,9921295729,-4.868796,8.409575,-1.3193426,3
11599540710764,9923795729,-4.8394837,8.395517,-1.2699906,3
11599543210764,9926295729,-4.840082,8.39133,-1.233201,3
11599545710764,9928795729,-4.8490553,8.372786,-1.1967105,3
11599548210764,9931295729,-4.857131,8.349456,-1.1404791,3
11599550710764,9933795729,-4.8678985,8.356933,-1.0797613,3
11599553210764,9936295729,-4.8879385,8.352147,-1.0683953,3
11599555710764,9938795729,-4.901996,8.36142,-1.0432707,3
11599558210764,9941295729,-4.915755,8.354839,-1.026521,3
11599560710764,9943795729,-4.9199424,8.350951,-1.0348958,3
11599563210764,9946295729,-4.912465,8.338688,-1.0474582,3
11599565710764,9948795729,-4.912465,8.3327055,-1.0600204,3
11599568210764,9951295729,-4.8900323,8.320742,-1.1108679,3
11599570710764,9953795729,-4.8729835,8.300403,-1.119841,3
11599573210764,9956295729,-4.875974,8.301001,-1.1572288,3
11599575710764,9958795729,-4.849952,8.299206,-1.1778669,3
11599578210764,9961295729,-4.840381,8.316256,-1.1886346,3
11599580710764,9963795729,-4.8397827,8.3327055,-1.2176477,3
11599583210764,9966295729,-4.8212385,8.326724,-1.2427722,3
11599585710764,9968795729,-4.827819,8.325527,-1.2589238,3
11599588210764,9971295729,-4.846363,8.358727,-1.2792628,3
11599590710764,9973795729,-4.8355956,8.368,-1.2714862,3
11599593210764,9976295729,-4.8379884,8.380861,-1.2523435,3
11599595710764,9978795729,-4.8415775,8.385946,-1.2661023,3
11599598210764,9981295729,-4.8439703,8.390134,-1.2684951,3
11599600710764,9983795729,-4.842774,8.411369,-1.2529417,3
11599603210764,9986295729,-4.8323054,8.421539,-1.2577274,3
11599605710764,9988795729,-4.8263235,8.416454,-1.2385849,3
11599608210764,9991295729,-4.83739,8.424232,-1.2239288,3
11599610710764,9993795729,-4.8433723,8.438888,-1.2197413,3
11599613210764,9996295729,-4.834399,8.449356,-1.2047862,3
11599615710764,9998795729,-4.845765,8.459227,-1.1970096,3
11599618210764,10001295729,-4.8355956,8.45474,-1.2026925,3
11599620710764,10003795729,-4.8397827,8.462815,-1.1700903,3
11599623210764,10006295729,-4.8439703,8.469994,-1.1796615,3
11599625710764,10008795729,-4.831408,8.490333,-1.1814562,3
11599628210764,10011295729,-4.8209395,8.489435,-1.1670992,3
11599630710764,10013795729,-4.8068814,8.492127,-1.1913266,3
11599633210764,10016295729,-4.792525,8.502596,-1.1766706,3
11599635710764,10018795729,-4.7913284,8.496315,-1.1979069,3
11599638210764,10021295729,-4.796413,8.500801,-1.2065809,3
11599640710764,10023795729,-4.784748,8.5118685,-1.2191432,3
11599643210764,10026295729,-4.784449,8.507681,-1.2197413,3
11599645710764,10028795729,-4.7775693,8.505588,-1.2391831,3
11599648210764,10031295729,-4.8059845,8.512466,-1.2329018,3
11599650710764,10033795729,-4.8095737,8.505588,-1.2523435,3
11599653210764,10036295729,-4.8209395,8.502596,-1.2442678,3
11599655710764,10038795729,-4.8287163,8.507083,-1.2379866,3
11599658210764,10041295729,-4.8529434,8.505886,-1.2457633,3
11599660710764,10043795729,-4.8586264,8.48794,-1.236192,3
11599663210764,10046295729,-4.8658047,8.490632,-1.2370893,3
11599665710764,10048795729,-4.8646083,8.479266,-1.2373884,3
11599668210764,10051295729,-4.859524,8.462815,-1.218545,3
11599670710764,10053795729,-4.8678985,8.449655,-1.2146566,3
11599673210764,10056295729,-4.8786664,8.423035,-1.2182459,3
11599675710764,10058795729,-4.8729835,8.418249,-1.2008978,3
11599678210764,10061295729,-4.8792644,8.396115,-1.2014961,3
11599680710764,10063795729,-4.8765726,8.386544,-1.2020943,3
11599683210764,10066295729,-4.88405,8.36471,-1.1682956,3
11599685710764,10068795729,-4.8972106,8.360822,-1.1859428,3
11599688210764,10071295729,-4.8966126,8.366505,-1.1844472,3
11599690710764,10073795729,-4.9088755,8.355737,-1.189831,3
11599693210764,10076295729,-4.941179,8.361719,-1.2047862,3
11599695710764,10078795729,-4.9510493,8.362915,-1.1922239,3
11599698210764,10081295729,-4.9842496,8.363812,-1.2002996,3
11599700710764,10083795729,-4.9782677,8.345866,-1.2293127,3
11599703210764,10086295729,-4.9672008,8.363513,-1.2182459,3
11599705710764,10088795729,-4.9809594,8.358727,-1.2290136,3
11599708210764,10091295729,-4.9719863,8.353344,-1.2415758,3
11599710710764,10093795729,-4.976174,8.359027,-1.2251252,3
11599713210764,10096295729,-4.975875,8.366505,-1.2427722,3
11599715710764,10098795729,-4.9722853,8.36142,-1.2433704,3
11599718210764,10101295729,-4.964509,8.362616,-1.2074782,3
11599720710764,10103795729,-4.9489555,8.371589,-1.2182459,3
11599723210764,10106295729,-4.927121,8.379366,-1.2008978,3
11599725710764,10108795729,-4.916353,8.390134,-1.1760724,3
11599728210764,10111295729,-4.895117,8.39462,-1.1943176,3
11599730710764,10113795729,-4.8789654,8.406883,-1.1691929,3
11599733210764,10116295729,-4.8678985,8.409874,-1.1647065,3
11599735710764,10118795729,-4.847859,8.409874,-1.1877373,3
11599738210764,10121295729,-4.8287163,8.411669,-1.1730813,3
11599740710764,10123795729,-4.827819,8.407781,-1.1712867,3
11599743210764,10126295729,-4.794319,8.40808,-1.1892328,3
11599745710764,10128795729,-4.7922254,8.40808,-1.1653047,3
11599748210764,10131295729,-4.793123,8.420642,-1.1608181,3
11599750710764,10133795729,-4.7934217,8.412267,-1.1730813,3
11599753210764,10136295729,-4.8173504,8.424232,-1.1533405,3
11599755710764,10138795729,-4.8062835,8.418249,-1.1617154,3
11599758210764,10141295729,-4.812864,8.421839,-1.1754742,3
11599760710764,10143795729,-4.8329034,8.423334,-1.1527423,3
11599763210764,10146295729,-4.8490553,8.424232,-1.1479566,3
11599765710764,10148795729,-4.8583274,8.43141,-1.183849,3
11599768210764,10151295729,-4.859524,8.43141,-1.1656038,3
11599770710764,10153795729,-4.8673005,8.436793,-1.1676974,3
11599773210764,10156295729,-4.871787,8.440383,-1.1835499,3
11599775710764,10158795729,-4.8673005,8.432606,-1.1892328,3
11599778210764,10161295729,-4.874479,8.444869,-1.2092727,3
11599780710764,10163795729,-4.857729,8.420342,-1.2251252,3
11599783210764,10166295729,-4.853542,8.426624,-1.2224332,3
11599785710764,10168795729,-4.853542,8.424232,-1.247857,3
11599788210764,10171295729,-4.8448677,8.418549,-1.2403795,3
11599790710764,10173795729,-4.846064,8.410473,-1.2433704,3
11599793210764,10176295729,-4.8379884,8.395517,-1.2553346,3
11599795710764,10178795729,-4.831408,8.397013,-1.2460624,3
11599798210764,10181295729,-4.842774,8.396714,-1.2475579,3
11599800710764,10183795729,-4.826024,8.393125,-1.2511472,3
11599803210764,10186295729,-4.8155556,8.386844,-1.2323036,3
11599805710764,10188795729,-4.807779,8.376375,-1.2296118,3
11599808210764,10191295729,-4.8032923,8.371589,-1.2200404,3
11599810710764,10193795729,-4.8032923,8.369795,-1.1931212,3
11599813210764,10196295729,-4.807779,8.3733835,-1.1940185,3
11599815710764,10198795729,-4.8065825,8.369495,-1.1895319,3
11599818210764,10201295729,-4.8083773,8.365308,-1.1629118,3
11599820710764,10203795729,-4.814658,8.399705,-1.1715858,3
11599823210764,10206295729,-4.82064,8.39791,-1.1790633,3
11599825710764,10208795729,-4.833502,8.393723,-1.1673983,3
11599828210764,10211295729,-4.8361936,8.407781,-1.1617154,3
11599830710764,10213795729,-4.8415775,8.386245,-1.1793624,3
11599833210764,10216295729,-4.8490553,8.405088,-1.174876,3
11599835710764,10218795729,-4.8708897,8.407781,-1.1844472,3
11599838210764,10221295729,-4.8640103,8.405686,-1.1958131,3
11599840710764,10223795729,-4.8825545,8.4038925,-1.1934203,3
11599843210764,10226295729,-4.8735814,8.409575,-1.2074782,3
11599845710764,10228795729,-4.8885365,8.407183,-1.2032907,3
11599848210764,10231295729,-4.898108,8.411669,-1.1763715,3
11599850710764,10233795729,-4.901398,8.425427,-1.1856437,3
11599853210764,10236295729,-4.9049873,8.4197445,-1.1814562,3
11599855710764,10238795729,-4.914858,8.406285,-1.183849,3
11599858210764,10241295729,-4.907081,8.420044,-1.2032907,3
11599860710764,10243795729,-4.909773,8.411369,-1.2023934,3
11599863210764,10246295729,-4.900202,8.420941,-1.2035898,3
11599865710764,10248795729,-4.9121656,8.419446,-1.2026925,3
11599868210764,10251295729,-4.918148,8.417651,-1.1889337,3
11599870710764,10253795729,-4.898706,8.40479,-1.2098709,3
11599873210764,10256295729,-4.8936214,8.39791,-1.198206,3
11599875710764,10258795729,-4.898407,8.391928,-1.1952149,3
11599878210764,10261295729,-4.9031925,8.393125,-1.2062817,3
11599880710764,10263795729,-4.8933225,8.379066,-1.1931212,3
11599883210764,10266295729,-4.8966126,8.379366,-1.1919248,3
11599885710764,10268795729,-4.8942194,8.389236,-1.2000005,3
11599888210764,10271295729,-4.8993044,8.368897,-1.1784651,3
11599890710764,10273795729,-4.8975096,8.37458,-1.1886346,3
11599893210764,10276295729,-4.907081,8.37458,-1.1847463,3
11599895710764,10278795729,-4.918148,8.3835535,-1.1820544,3
11599898210764,10281295729,-4.9028935,8.367103,-1.1769696,3
11599900710764,10283795729,-4.9169517,8.363513,-1.1626127,3
11599903210764,10286295729,-4.919045,8.376674,-1.1647065,3
11599905710764,10288795729,-4.9145584,8.376973,-1.1482558,3
11599908210764,10291295729,-4.9292145,8.367402,-1.1730813,3
11599910710764,10293795729,-4.901099,8.357532,-1.1428719,3
11599913210764,10296295729,-4.9061837,8.359625,-1.1324034,3
11599915710764,10298795729,-4.8906302,8.368598,-1.1261221,3
11599918210764,10301295729,-4.889434,8.367701,-1.1162517,3
11599920710764,10303795729,-4.8762736,8.370991,-1.1386845,3
11599923210764,10306295729,-4.875376,8.360822,-1.1706885,3
11599925710764,10308795729,-4.878068,8.368598,-1.166501,3
11599928210764,10311295729,-4.8858447,8.372786,-1.1889337,3
11599930710764,10313795729,-4.887041,8.370692,-1.1916257,3
11599933210764,10316295729,-4.895117,8.370991,-1.2020943,3
11599935710764,10318795729,-4.907081,8.376973,-1.1940185,3
11599938210764,10321295729,-4.924429,8.381459,-1.1988041,3
11599940710764,10323795729,-4.942674,8.369196,-1.2020943,3
11599943210764,10326295729,-4.962415,8.375478,-1.1970096,3
11599945710764,10328795729,-4.9722853,8.378768,-1.2050853,3
11599948210764,10331295729,-4.968995,8.390432,-1.2020943,3
11599950710764,10333795729,-4.9842496,8.379366,-1.2254243,3
11599953210764,10336295729,-4.99083,8.380263,-1.1958131,3
11599955710764,10338795729,-4.9878387,8.375776,-1.2014961,3
11599958210764,10341295729,-4.983352,8.376076,-1.1997014,3
11599960710764,10343795729,-4.9923253,8.36441,-1.1796615,3
11599963210764,10346295729,-4.9878387,8.375478,-1.1841481,3
11599965710764,10348795729,-4.979763,8.372188,-1.1673983,3
11599968210764,10351295729,-4.9842496,8.356036,-1.1653047,3
11599970710764,10353795729,-5.0015974,8.360522,-1.1688938,3
11599973210764,10356295729,-5.0159545,8.362018,-1.1724831,3
11599975710764,10358795729,-5.0099726,8.356634,-1.1691929,3
11599978210764,10361295729,-4.9986067,8.355737,-1.16351,3
11599980710764,10363795729,-4.983352,8.346764,-1.1694921,3
11599983210764,10366295729,-4.9582276,8.349156,-1.1841481,3
11599985710764,10368795729,-4.92742,8.341679,-1.18684,3
11599988210764,10371295729,-4.914858,8.347661,-1.1988041,3
11599990710764,10373795729,-4.8903313,8.350652,-1.1973087,3
11599993210764,10376295729,-4.872684,8.358429,-1.1964114,3
11599995710764,10378795729,-4.853542,8.369495,-1.20688,3
11599998210764,10381295729,-4.840979,8.388937,-1.2107682,3
11600000710764,10383795729,-4.8191447,8.384749,-1.2278172,3
11600003210764,10386295729,-4.8062835,8.402397,-1.2352947,3
11600005710764,10388795729,-4.799703,8.416754,-1.2451651,3
11600008210764,10391295729,-4.7955155,8.425727,-1.2326027,3
11600010710764,10393795729,-4.7835517,8.425129,-1.2349956,3
11600013210764,10396295729,-4.779065,8.450552,-1.2149557,3
11600015710764,10398795729,-4.772485,8.447561,-1.2008978,3
11600018210764,10401295729,-4.7859445,8.45803,-1.1823535,3
11600020710764,10403795729,-4.788337,8.466405,-1.1736795,3
11600023210764,10406295729,-4.7982078,8.486744,-1.1641082,3
11600025710764,10408795729,-4.805685,8.479266,-1.1629118,3
11600028210764,10411295729,-4.8137608,8.511569,-1.1527423,3
11600030710764,10413795729,-4.8299127,8.498708,-1.1572288,3
11600033210764,10416295729,-4.848158,8.5016985,-1.1566306,3
11600035710764,10418795729,-4.8565326,8.513663,-1.1521441,3
11600038210764,10421295729,-4.862814,8.519944,-1.1485549,3
11600040710764,10423795729,-4.8678985,8.513663,-1.1596217,3
11600043210764,10426295729,-4.8637114,8.497212,-1.1688938,3
11600045710764,10428795729,-4.866403,8.477771,-1.1874382,3
11600048210764,10431295729,-4.8646083,8.481659,-1.1802598,3
11600050710764,10433795729,-4.85414,8.470891,-1.2104691,3
11600053210764,10436295729,-4.8448677,8.457432,-1.1994023,3
11600055710764,10438795729,-4.8496532,8.451749,-1.2155539,3
11600058210764,10441295729,-4.8451667,8.439785,-1.2442678,3
11600060710764,10443795729,-4.853841,8.436195,-1.2562319,3
11600063210764,10446295729,-4.8711886,8.42782,-1.2840484,3
11600065710764,10448795729,-4.875974,8.419147,-1.2786646,3
11600068210764,10451295729,-4.889135,8.407481,-1.2909278,3
11600070710764,10453795729,-4.898706,8.390732,-1.2909278,3
11600073210764,10456295729,-4.9115677,8.39791,-1.265205,3
11600075710764,10458795729,-4.921737,8.38804,-1.2556337,3
11600078210764,10461295729,-4.927719,8.395218,-1.2394822,3
11600080710764,10463795729,-4.927719,8.39133,-1.2433704,3
11600083210764,10466295729,-4.936991,8.387142,-1.2427722,3
11600085710764,10468795729,-4.933701,8.369795,-1.2433704,3
11600088210764,10471295729,-4.9283175,8.368299,-1.2469597,3
11600090710764,10473795729,-4.930112,8.350054,-1.2418749,3
11600093210764,10476295729,-4.942076,8.34467,-1.2637094,3
11600095710764,10478795729,-4.922335,8.353344,-1.2678969,3
11600098210764,10481295729,-4.903492,8.357532,-1.2589238,3
11600100710764,10483795729,-4.886742,8.3428755,-1.2738789,3
11600103210764,10486295729,-4.8705907,8.356634,-1.2777673,3
11600105710764,10488795729,-4.8616176,8.362317,-1.2951152,3
11600108210764,10491295729,-4.8502517,8.363513,-1.2951152,3
11600110710764,10493795729,-4.8361936,8.368598,-1.2897314,3
11600113210764,10496295729,-4.8155556,8.363513,-1.2867404,3
11600115710764,10498795729,-4.8194437,8.3530445,-1.2849457,3
11600118210764,10501295729,-4.8179483,8.368299,-1.2930216,3
11600120710764,10503795729,-4.817051,8.377272,-1.2786646,3
11600123210764,10506295729,-4.8116674,8.372786,-1.2631112,3
11600125710764,10508795729,-4.812864,8.381759,-1.2376875,3
11600128210764,10511295729,-4.817051,8.390134,-1.2553346,3
11600130710764,10513795729,-4.814359,8.403593,-1.224527,3
11600133210764,10516295729,-4.82752,8.412866,-1.215853,3
11600135710764,10518795729,-4.8236313,8.40808,-1.2095718,3
11600138210764,10521295729,-4.8329034,8.403593,-1.2083755,3
11600140710764,10523795729,-4.843073,8.413164,-1.2020943,3
11600143210764,10526295729,-4.834698,8.417651,-1.2125629,3
11600145710764,10528795729,-4.8415775,8.430213,-1.2074782,3
11600148210764,10531295729,-4.8508496,8.429615,-1.2233306,3
11600150710764,10533795729,-4.8625145,8.436793,-1.2161521,3
11600153210764,10536295729,-4.871787,8.444571,-1.2152548,3
11600155710764,10538795729,-4.8822556,8.45773,-1.2466606,3
11600158210764,10541295729,-4.878068,8.46102,-1.2634103,3
11600160710764,10543795729,-4.896014,8.481958,-1.2672987,3
11600163210764,10546295729,-4.900501,8.499306,-1.2696915,3
11600165710764,10548795729,-4.90409,8.507083,-1.2720844,3
11600168210764,10551295729,-4.901697,8.505588,-1.2774682,3
11600170710764,10553795729,-4.892724,8.506484,-1.2840484,3
11600173210764,10556295729,-4.872684,8.497512,-1.2783655,3
11600175710764,10558795729,-4.8649077,8.50798,-1.2607185,3
11600178210764,10561295729,-4.8529434,8.507083,-1.2559328,3
11600180710764,10563795729,-4.840082,8.489735,-1.265205,3
11600183210764,10566295729,-4.82064,8.4813595,-1.2577274,3
11600185710764,10568795729,-4.8041897,8.476873,-1.2598212,3
11600188210764,10571295729,-4.792525,8.470891,-1.2502499,3
11600190710764,10573795729,-4.7823553,8.469695,-1.2568301,3
11600193210764,10576295729,-4.77069,8.473883,-1.2517453,3
11600195710764,10578795729,-4.7659044,8.474181,-1.2089736,3
11600198210764,10581295729,-4.7685966,8.470891,-1.224527,3
11600200710764,10583795729,-4.753043,8.458329,-1.2293127,3
11600203210764,10586295729,-4.7674,8.449655,-1.2122638,3
11600205710764,10588795729,-4.778766,8.42812,-1.2125629,3
11600208210764,10591295729,-4.764708,8.411669,-1.2200404,3
11600210710764,10593795729,-4.7659044,8.400303,-1.2083755,3
11600213210764,10596295729,-4.7913284,8.391928,-1.1919248,3
11600215710764,10598795729,-4.7949176,8.372188,-1.2002996,3
11600218210764,10601295729,-4.7934217,8.366803,-1.1775678,3
11600220710764,10603795729,-4.8155556,8.362018,-1.1796615,3
11600223210764,10606295729,-4.825426,8.362915,-1.1823535,3
11600225710764,10608795729,-4.831109,8.357232,-1.1623136,3
11600228210764,10611295729,-4.8693943,8.347362,-1.1407782,3
11600230710764,10613795729,-4.8655057,8.329415,-1.1500504,3
11600233210764,10616295729,-4.8909297,8.333304,-1.1416755,3
11600235710764,10618795729,-4.901099,8.329415,-1.1353943,3
11600238210764,10621295729,-4.9109693,8.322237,-1.1670992,3
11600240710764,10623795729,-4.9109693,8.325228,-1.1730813,3
11600243210764,10626295729,-4.9235315,8.33151,-1.1599208,3
11600245710764,10628795729,-4.939085,8.34467,-1.1895319,3
11600248210764,10631295729,-4.914858,8.350951,-1.212862,3
11600250710764,10633795729,-4.927719,8.357232,-1.2161521,3
11600253210764,10636295729,-4.9289155,8.358429,-1.2445669,3
11600255710764,10638795729,-4.918447,8.36142,-1.2574283,3
11600258210764,10641295729,-4.9178486,8.368598,-1.2260225,3
11600260710764,10643795729,-4.929813,8.379066,-1.2667005,3
11600263210764,10646295729,-4.92413,8.382656,-1.2762718,3
11600265710764,10648795729,-4.912465,8.391629,-1.268196,3
11600268210764,10651295729,-4.913362,8.420342,-1.268196,3
11600270710764,10653795729,-4.9139605,8.429316,-1.282852,3
11600273210764,10656295729,-4.896313,8.427222,-1.2571292,3
11600275710764,10658795729,-4.8912287,8.443972,-1.2397813,3
11600278210764,10661295729,-4.8789654,8.460124,-1.2466606,3
11600280710764,10663795729,-4.859524,8.469096,-1.2284154,3
11600283210764,10666295729,-4.853841,8.474481,-1.2131611,3
11600285710764,10668795729,-4.8269215,8.4813595,-1.2200404,3
11600288210764,10671295729,-4.8065825,8.474779,-1.2000005,3
11600290710764,10673795729,-4.784748,8.489735,-1.1856437,3
11600293210764,10676295729,-4.7745786,8.489735,-1.1727822,3
11600295710764,10678795729,-4.7653065,8.482257,-1.1973087,3
11600298210764,10681295729,-4.7344985,8.486444,-1.1706885,3
11600300710764,10683795729,-4.7434716,8.496315,-1.1629118,3
11600303210764,10686295729,-4.735695,8.502895,-1.1817553,3
11600305710764,10688795729,-4.7246284,8.507681,-1.1913266,3
11600308210764,10691295729,-4.7339005,8.505588,-1.1784651,3
11600310710764,10693795729,-4.7431726,8.50798,-1.1859428,3
11600313210764,10696295729,-4.770391,8.510971,-1.1832508,3
11600315710764,10698795729,-4.7856455,8.515159,-1.2023934,3
11600318210764,10701295729,-4.809274,8.511569,-1.2299109,3
11600320710764,10703795729,-4.807181,8.496016,-1.2296118,3
11600323210764,10706295729,-4.816453,8.489137,-1.2511472,3
11600325710764,10708795729,-4.8038907,8.489137,-1.2696915,3
11600328210764,10711295729,-4.8101716,8.473284,-1.2628121,3
11600330710764,10713795729,-4.816453,8.470293,-1.2669996,3
11600333210764,10716295729,-4.8191447,8.446364,-1.2705889,3
11600335710764,10718795729,-4.822136,8.453544,-1.2397813,3
11600338210764,10721295729,-4.846662,8.453842,-1.2287145,3
11600340710764,10723795729,-4.8529434,8.428419,-1.21017,3
11600343210764,10726295729,-4.871787,8.423334,-1.1988041,3
11600345710764,10728795729,-4.895117,8.407183,-1.189831,3
11600348210764,10731295729,-4.915755,8.392527,-1.1895319,3
11600350710764,10733795729,-4.935197,8.407183,-1.1964114,3
11600353210764,10736295729,-4.957629,8.391031,-1.1964114,3
11600355710764,10738795729,-4.97079,8.3835535,-1.2020943,3
11600358210764,10741295729,-4.9722853,8.374879,-1.1919248,3
11600360710764,10743795729,-4.988437,8.380562,-1.204188,3
11600363210764,10746295729,-4.9806604,8.381161,-1.2152548,3
11600365710764,10748795729,-4.982455,8.370093,-1.2370893,3
11600368210764,10751295729,-4.9839506,8.356634,-1.2242279,3
11600370710764,10753795729,-4.977968,8.347661,-1.2460624,3
11600373210764,10756295729,-4.959424,8.345866,-1.2568301,3
11600375710764,10758795729,-4.9677987,8.345268,-1.2789637,3
11600378210764,10761295729,-4.94088,8.3377905,-1.3004991,3
11600380710764,10763795729,-4.918148,8.330911,-1.3097713,3
11600383210764,10766295729,-4.904389,8.315059,-1.2948161,3
11600385710764,10768795729,-4.8711886,8.306086,-1.3130615,3
11600388210764,10771295729,-4.845765,8.295917,-1.2963116,3
11600390710764,10773795729,-4.846662,8.305786,-1.2897314,3
11600393210764,10776295729,-4.8696933,8.288139,-1.2661023,3
11600395710764,10778795729,-4.8678985,8.277073,-1.2424731,3
11600398210764,10781295729,-4.866403,8.283054,-1.1949158,3
11600400710764,10783795729,-4.861318,8.276773,-1.1820544,3
11600403210764,10786295729,-4.8382874,8.275578,-1.1644074,3
11600405710764,10788795729,-4.8242297,8.270493,-1.1422737,3
11600408210764,10791295729,-4.8263235,8.274979,-1.1219348,3
11600410710764,10793795729,-4.8209395,8.278269,-1.1347961,3
11600413210764,10796295729,-4.8179483,8.300702,-1.1321042,3
11600415710764,10798795729,-4.8323054,8.304889,-1.1246266,3
11600418210764,10801295729,-4.8490553,8.318349,-1.134497,3
11600420710764,10803795729,-4.8699923,8.337193,-1.1365907,3
11600423210764,10806295729,-4.8915277,8.35454,-1.1479566,3
11600425710764,10808795729,-4.907679,8.367701,-1.1670992,3
11600428210764,10811295729,-4.9085765,8.392825,-1.21017,3
11600430710764,10813795729,-4.9265227,8.407183,-1.238884,3
11600433210764,10816295729,-4.936094,8.422437,-1.2604194,3
11600435710764,10818795729,-4.9474597,8.435597,-1.274178,3
11600438210764,10821295729,-4.9462633,8.445766,-1.2843475,3
11600440710764,10823795729,-4.9489555,8.446066,-1.2801601,3
11600443210764,10826295729,-4.939384,8.450552,-1.282852,3
11600445710764,10828795729,-4.948357,8.450552,-1.2801601,3
11600448210764,10831295729,-4.9396834,8.456834,-1.2780664,3
11600450710764,10833795729,-4.9286165,8.452347,-1.2744771,3
11600453210764,10836295729,-4.910072,8.441579,-1.2661023,3
11600455710764,10838795729,-4.8912287,8.439186,-1.2562319,3
11600458210764,10841295729,-4.867001,8.4248295,-1.250549,3
11600460710764,10843795729,-4.8750772,8.4349985,-1.2463615,3
11600463210764,10846295729,-4.8637114,8.438588,-1.2382857,3
11600465710764,10848795729,-4.837091,8.434102,-1.2152548,3
11600468210764,10851295729,-4.840381,8.432307,-1.2020943,3
11600470710764,10853795729,-4.853542,8.411669,-1.2092727,3
11600473210764,10856295729,-4.8436713,8.421539,-1.1805589,3
11600475710764,10858795729,-4.8565326,8.425129,-1.172184,3
11600478210764,10861295729,-4.8568316,8.426325,-1.1967105,3
11600480710764,10863795729,-4.8511486,8.417352,-1.192523,3
11600483210764,10866295729,-4.847859,8.420342,-1.2212368,3
11600485710764,10868795729,-4.8505507,8.409874,-1.2113664,3
11600488210764,10871295729,-4.8448677,8.397013,-1.2212368,3
11600490710764,10873795729,-4.840082,8.406584,-1.2439687,3
11600493210764,10876295729,-4.829613,8.409874,-1.2299109,3
11600495710764,10878795729,-4.834698,8.406883,-1.2526426,3
11600498210764,10881295729,-4.8436713,8.3994055,-1.2658032,3
11600500710764,10883795729,-4.84068,8.40449,-1.2747762,3
11600503210764,10886295729,-4.8415775,8.394919,-1.2765709,3
11600505710764,10888795729,-4.8439703,8.40449,-1.2729816,3
11600508210764,10891295729,-4.8397827,8.410771,-1.2690933,3
11600510710764,10893795729,-4.8496532,8.408379,-1.2735798,3
11600513210764,10896295729,-4.8646083,8.420642,-1.2678969,3
11600515710764,10898795729,-4.861019,8.409874,-1.2672987,3
11600518210764,10901295729,-4.867001,8.411669,-1.2702898,3
11600520710764,10903795729,-4.8598228,8.407781,-1.2753744,3
11600523210764,10906295729,-4.8696933,8.397312,-1.2711871,3
11600525710764,10908795729,-4.8619165,8.413464,-1.2702898,3
11600528210764,10911295729,-4.8658047,8.4146595,-1.2849457,3
11600530710764,10913795729,-4.886742,8.418847,-1.2574283,3
11600533210764,10916295729,-4.894519,8.423035,-1.2861422,3
11600535710764,10918795729,-4.9028935,8.437391,-1.2672987,3
11600538210764,10921295729,-4.9253263,8.441579,-1.268196,3
11600540710764,10923795729,-4.944469,8.456834,-1.2894323,3
11600543210764,10926295729,-4.9549375,8.464311,-1.2762718,3
11600545710764,10928795729,-4.9516473,8.451151,-1.2924234,3
11600548210764,10931295729,-4.9552364,8.4682,-1.3082758,3
11600550710764,10933795729,-4.9489555,8.450552,-1.3082758,3
11600553210764,10936295729,-4.9262238,8.430812,-1.3112668,3
11600555710764,10938795729,-4.901398,8.415557,-1.3342978,3
11600558210764,10941295729,-4.8942194,8.412267,-1.3375878,3
11600560710764,10943795729,-4.9022956,8.426025,-1.3435699,3
11600563210764,10946295729,-4.8846483,8.414062,-1.3534403,3
11600565710764,10948795729,-4.88734,8.425427,-1.3528421,3
11600568210764,10951295729,-4.8765726,8.43141,-1.3570296,3
11600570710764,10953795729,-4.854439,8.442776,-1.338186,3
11600573210764,10956295729,-4.83739,8.452047,-1.3339987,3
11600575710764,10958795729,-4.8191447,8.445766,-1.338186,3
11600578210764,10961295729,-4.8008995,8.450851,-1.3277174,3
11600580710764,10963795729,-4.779364,8.458927,-1.3256238,3
11600583210764,10966295729,-4.772186,8.435896,-1.3166506,3
11600585710764,10968795729,-4.7362933,8.43111,-1.2861422,3
11600588210764,10971295729,-4.7165527,8.426025,-1.2954143,3
11600590710764,10973795729,-4.6992044,8.421839,-1.2765709,3
11600593210764,10976295729,-4.6836514,8.434102,-1.2577274,3
11600595710764,10978795729,-4.6815577,8.426025,-1.2391831,3
11600598210764,10981295729,-4.692624,8.429017,-1.2203395,3
11600600710764,10983795729,-4.715057,8.430213,-1.2206386,3
11600603210764,10986295729,-4.727619,8.441579,-1.2131611,3
11600605710764,10988795729,-4.7431726,8.447561,-1.2167503,3
11600608210764,10991295729,-4.772485,8.441878,-1.2445669,3
11600610710764,10993795729,-4.8047876,8.445468,-1.218844,3
11600613210764,10996295729,-4.8391848,8.437093,-1.2427722,3
11600615710764,10998795729,-4.846363,8.446066,-1.2526426,3
11600618210764,11001295729,-4.872086,8.441878,-1.2520444,3
11600620710764,11003795729,-4.8996034,8.446664,-1.2580265,3
11600623210764,11006295729,-4.9061837,8.433803,-1.2658032,3
11600625710764,11008795729,-4.9055853,8.419147,-1.2771691,3
11600628210764,11011295729,-4.915157,8.417053,-1.2930216,3
11600630710764,11013795729,-4.9196434,8.411669,-1.3064811,3
11600633210764,11016295729,-4.92413,8.4038925,-1.3136597,3
11600635710764,11018795729,-4.9253263,8.400303,-1.3274183,3
11600638210764,11021295729,-4.9175496,8.38804,-1.302892,3
11600640710764,11023795729,-4.9109693,8.375776,-1.3076776,3
11600643210764,11026295729,-4.9049873,8.381459,-1.3202399,3
11600645710764,11028795729,-4.90738,8.37129,-1.3100704,3
11600648210764,11031295729,-4.901996,8.3581295,-1.3220345,3
11600650710764,11033795729,-4.8966126,8.351549,-1.288535,3
11600653210764,11036295729,-4.901099,8.341679,-1.2786646,3
11600655710764,11038795729,-4.90738,8.341679,-1.2619148,3
11600658210764,11041295729,-4.892126,8.340183,-1.2239288,3
11600660710764,11043795729,-4.9103713,8.333603,-1.1961123,3
11600663210764,11046295729,-4.8975096,8.330612,-1.1862419,3
11600665710764,11048795729,-4.9055853,8.3327055,-1.1691929,3
11600668210764,11051295729,-4.900501,8.341081,-1.1512468,3
11600670710764,11053795729,-4.901398,8.335697,-1.1673983,3
11600673210764,11056295729,-4.918148,8.344371,-1.1515459,3
11600675710764,11058795729,-4.9106703,8.341081,-1.1757733,3
11600678210764,11061295729,-4.9049873,8.35125,-1.1970096,3
11600680710764,11063795729,-4.909474,8.347661,-1.1895319,3
11600683210764,11066295729,-4.90738,8.356634,-1.1979069,3
11600685710764,11068795729,-4.8972106,8.354241,-1.2083755,3
11600688210764,11071295729,-4.8822556,8.362018,-1.2083755,3
11600690710764,11073795729,-4.883153,8.365009,-1.2224332,3
11600693210764,11076295729,-4.871787,8.359924,-1.2406785,3
11600695710764,11078795729,-4.8589253,8.372786,-1.242174,3
11600698210764,11081295729,-4.8708897,8.3733835,-1.2442678,3
11600700710764,11083795729,-4.840381,8.376375,-1.2487543,3
11600703210764,11086295729,-4.8732824,8.392825,-1.2487543,3
11600705710764,11088795729,-4.8622155,8.392527,-1.2616158,3
11600708210764,11091295729,-4.8673005,8.39821,-1.2553346,3
11600710710764,11093795729,-4.8673005,8.4038925,-1.2541381,3
11600713210764,11096295729,-4.852345,8.414062,-1.2628121,3
11600715710764,11098795729,-4.8505507,8.411669,-1.2523435,3
11600718210764,11101295729,-4.8418765,8.422736,-1.262513,3
11600720710764,11103795729,-4.822435,8.418249,-1.2571292,3
11600723210764,11106295729,-4.8230333,8.428718,-1.2607185,3
11600725710764,11108795729,-4.8209395,8.423035,-1.2658032,3
11600728210764,11111295729,-4.821837,8.421539,-1.2517453,3
11600730710764,11113795729,-4.818547,8.426624,-1.2613167,3
11600733210764,11116295729,-4.8215375,8.444571,-1.2684951,3
11600735710764,11118795729,-4.8152566,8.440383,-1.2655041,3
11600738210764,11121295729,-4.8152566,8.446664,-1.2577274,3
11600740710764,11123795729,-4.811069,8.427222,-1.2580265,3
11600743210764,11126295729,-4.821837,8.4349985,-1.2475579,3
11600745710764,11128795729,-4.8251266,8.43141,-1.2400804,3
11600748210764,11131295729,-4.8239303,8.432905,-1.2071791,3
11600750710764,11133795729,-4.8308096,8.439785,-1.204188,3
11600753210764,11136295729,-4.829613,8.433803,-1.2176477,3
11600755710764,11138795729,-4.8266225,8.438588,-1.2164512,3
11600758210764,11141295729,-4.8182473,8.42812,-1.2308081,3
11600760710764,11143795729,-4.8152566,8.430812,-1.2335001,3
11600763210764,11146295729,-4.821837,8.426325,-1.2400804,3
11600765710764,11148795729,-4.8433723,8.417352,-1.2463615,3
11600768210764,11151295729,-4.833203,8.407183,-1.2640085,3
11600770710764,11153795729,-4.857131,8.405088,-1.2544373,3
11600773210764,11156295729,-4.871787,8.408977,-1.2643076,3
11600775710764,11158795729,-4.8786664,8.406883,-1.2523435,3
11600778210764,11161295729,-4.9199424,8.400602,-1.2397813,3
11600780710764,11163795729,-4.9253263,8.394022,-1.2774682,3
11600783210764,11166295729,-4.9435716,8.3943205,-1.2714862,3
11600785710764,11168795729,-4.9567323,8.3835535,-1.2646067,3
11600788210764,11171295729,-4.9609194,8.389236,-1.282553,3
11600790710764,11173795729,-4.9609194,8.373683,-1.2789637,3
11600793210764,11176295729,-4.962116,8.375478,-1.2664014,3
11600795710764,11178795729,-4.939384,8.366803,-1.2541381,3
11600798210764,11181295729,-4.9103713,8.36471,-1.2466606,3
11600800710764,11183795729,-4.9052863,8.365308,-1.2433704,3
11600803210764,11186295729,-4.898407,8.368897,-1.2640085,3
11600805710764,11188795729,-4.868497,8.368,-1.2472588,3
11600808210764,11191295729,-4.8750772,8.387741,-1.262513,3
11600810710764,11193795729,-4.8658047,8.382955,-1.2762718,3
11600813210764,11196295729,-4.857131,8.388339,-1.285843,3
11600815710764,11198795729,-4.8652067,8.388339,-1.2867404,3
11600818210764,11201295729,-4.8652067,8.395218,-1.2993027,3
11600820710764,11203795729,-4.8493543,8.376375,-1.2981063,3
11600823210764,11206295729,-4.8502517,8.385049,-1.285843,3
11600825710764,11208795729,-4.854738,8.385049,-1.2843475,3
11600828210764,11211295729,-4.8505507,8.389834,-1.2750753,3
11600830710764,11213795729,-4.8696933,8.39791,-1.2613167,3
11600833210764,11216295729,-4.870291,8.402696,-1.2756736,3
11600835710764,11218795729,-4.861019,8.40449,-1.2672987,3
11600838210764,11221295729,-4.8735814,8.40479,-1.2409776,3
11600840710764,11223795729,-4.872684,8.413464,-1.2469597,3
11600843210764,11226295729,-4.8502517,8.405986,-1.2355938,3
11600845710764,11228795729,-4.8511486,8.398808,-1.215853,3
11600848210764,11231295729,-4.8442693,8.405986,-1.2337992,3
11600850710764,11233795729,-4.8209395,8.4038925,-1.2370893,3
11600853210764,11236295729,-4.807779,8.395218,-1.2164512,3
11600855710764,11238795729,-4.799404,8.393125,-1.2209377,3
11600858210764,11241295729,-4.7778687,8.392825,-1.2352947,3
11600860710764,11243795729,-4.8062835,8.392527,-1.2116655,3
11600863210764,11246295729,-4.8006005,8.39821,-1.2008978,3
11600865710764,11248795729,-4.8122654,8.389834,-1.2074782,3
11600868210764,11251295729,-4.833801,8.388339,-1.1772687,3
11600870710764,11253795729,-4.863412,8.402995,-1.1796615,3
11600873210764,11256295729,-4.870291,8.40449,-1.1790633,3
11600875710764,11258795729,-4.88076,8.398808,-1.1688938,3
11600878210764,11261295729,-4.9031925,8.408678,-1.1611172,3
11600880710764,11263795729,-4.924429,8.412267,-1.1706885,3
11600883210764,11266295729,-4.9088755,8.424232,-1.174876,3
11600885710764,11268795729,-4.928018,8.419147,-1.18684,3
11600888210764,11271295729,-4.9429736,8.432307,-1.2146566,3
11600890710764,11273795729,-4.935795,8.430812,-1.2346965,3
11600893210764,11276295729,-4.944469,8.446963,-1.2352947,3
11600895710764,11278795729,-4.9657054,8.450552,-1.2628121,3
11600898210764,11281295729,-4.9456654,8.462517,-1.2717853,3
11600900710764,11283795729,-4.945067,8.449655,-1.2777673,3
11600903210764,11286295729,-4.95404,8.456235,-1.2762718,3
11600905710764,11288795729,-4.955835,8.457132,-1.2876377,3
11600908210764,11291295729,-4.9429736,8.45773,-1.3010973,3
11600910710764,11293795729,-4.947759,8.454142,-1.3043875,3
11600913210764,11296295729,-4.9486566,8.448159,-1.294218,3
11600915710764,11298795729,-4.938487,8.446664,-1.2906287,3
11600918210764,11301295729,-4.944768,8.440981,-1.2909278,3
11600920710764,11303795729,-4.9316072,8.443074,-1.2726825,3
11600923210764,11306295729,-4.9145584,8.440981,-1.2658032,3
11600925710764,11308795729,-4.8954163,8.435597,-1.2589238,3
11600928210764,11311295729,-4.861318,8.425427,-1.2346965,3
11600930710764,11313795729,-4.833502,8.419446,-1.2161521,3
11600933210764,11316295729,-4.8065825,8.408379,-1.1877373,3
11600935710764,11318795729,-4.7709894,8.411669,-1.1670992,3
11600938210764,11321295729,-4.747659,8.399705,-1.1539388,3
11600940710764,11323795729,-4.7282176,8.391928,-1.1434702,3
11600943210764,11326295729,-4.724329,8.39462,-1.1216356,3
11600945710764,11328795729,-4.714459,8.391629,-1.1156535,3
11600948210764,11331295729,-4.7222357,8.378768,-1.1126626,3
11600950710764,11333795729,-4.7344985,8.378169,-1.1192428,3
11600953210764,11336295729,-4.746164,8.394022,-1.1162517,3
11600955710764,11338795729,-4.7715874,8.382656,-1.1135598,3
11600958210764,11341295729,-4.7946186,8.389236,-1.1126626,3
11600960710764,11343795729,-4.8101716,8.390732,-1.1102697,3
11600963210764,11346295729,-4.8320065,8.38804,-1.1150553,3
11600965710764,11348795729,-4.855336,8.385049,-1.128515,3
11600968210764,11351295729,-4.861019,8.386245,-1.1383854,3
11600970710764,11353795729,-4.872086,8.406285,-1.1653047,3
11600973210764,11356295729,-4.897809,8.400901,-1.1835499,3
11600975710764,11358795729,-4.90738,8.394919,-1.2062817,3
11600978210764,11361295729,-4.9292145,8.392227,-1.2194422,3
11600980710764,11363795729,-4.9226346,8.385647,-1.2466606,3
11600983210764,11366295729,-4.9079785,8.385049,-1.2580265,3
11600985710764,11368795729,-4.9103713,8.384151,-1.2544373,3
11600988210764,11371295729,-4.9112687,8.375478,-1.2439687,3
11600990710764,11373795729,-4.909773,8.384151,-1.2397813,3
11600993210764,11376295729,-4.9049873,8.373981,-1.2299109,3
11600995710764,11378795729,-4.900501,8.373981,-1.221835,3
11600998210764,11381295729,-4.894519,8.369795,-1.2203395,3
11601000710764,11383795729,-4.862814,8.368897,-1.2140584,3
11601003210764,11386295729,-4.855336,8.365009,-1.1934203,3
11601005710764,11388795729,-4.838886,8.36471,-1.1889337,3
11601008210764,11391295729,-4.8266225,8.362018,-1.1617154,3
11601010710764,11393795729,-4.8287163,8.362018,-1.1392827,3
11601013210764,11396295729,-4.822734,8.395218,-1.1365907,3
11601015710764,11398795729,-4.8364925,8.383852,-1.1312069,3
11601018210764,11401295729,-4.847859,8.39821,-1.1183455,3
11601020710764,11403795729,-4.853542,8.403593,-1.1255239,3
11601023210764,11406295729,-4.8496532,8.41795,-1.1282159,3
11601025710764,11408795729,-4.8675995,8.4146595,-1.1102697,3
11601028210764,11411295729,-4.879564,8.424232,-1.1147562,3
11601030710764,11413795729,-4.8855457,8.423334,-1.1039885,3
11601033210764,11416295729,-4.907081,8.432606,-1.108176,3
11601035710764,11418795729,-4.922335,8.444571,-1.1174482,3
11601038210764,11421295729,-4.9525447,8.452646,-1.0947163,3
11601040710764,11423795729,-4.9728837,8.478668,-1.11685,3
11601043210764,11426295729,-4.977968,8.4705925,-1.1270195,3
11601045710764,11428795729,-4.9974103,8.47149,-1.1347961,3
11601048210764,11431295729,-4.9932227,8.4705925,-1.1632109,3
11601050710764,11433795729,-4.9812584,8.460722,-1.1524432,3
11601053210764,11436295729,-4.9839506,8.467302,-1.1778669,3
11601055710764,11438795729,-4.9716873,8.447861,-1.204188,3
11601058210764,11441295729,-4.9567323,8.455338,-1.2233306,3
11601060710764,11443795729,-4.933103,8.446364,-1.2481561,3
11601063210764,11446295729,-4.9214377,8.443074,-1.2804592,3
11601065710764,11448795729,-4.9172506,8.44128,-1.2726825,3
11601068210764,11451295729,-4.903791,8.442178,-1.2753744,3
11601070710764,11453795729,-4.8966126,8.437691,-1.2873386,3
11601073210764,11456295729,-4.895117,8.439186,-1.2894323,3
11601075710764,11458795729,-4.8681974,8.43111,-1.2738789,3
11601078210764,11461295729,-4.855037,8.429017,-1.2771691,3
11601080710764,11463795729,-4.8266225,8.423334,-1.2541381,3
11601083210764,11466295729,-4.811069,8.415557,-1.2433704,3
11601085710764,11468795729,-4.794319,8.411369,-1.2200404,3
11601088210764,11471295729,-4.7769713,8.400901,-1.2011969,3
11601090710764,11473795729,-4.779364,8.407481,-1.2080764,3
11601093210764,11476295729,-4.7805605,8.39462,-1.1847463,3
11601095710764,11478795729,-4.801498,8.400303,-1.1814562,3
11601098210764,11481295729,-4.8212385,8.400303,-1.1682956,3
11601100710764,11483795729,-4.833203,8.405686,-1.1524432,3
11601103210764,11486295729,-4.8502517,8.409874,-1.146162,3
11601105710764,11488795729,-4.8652067,8.411968,-1.1560324,3
11601108210764,11491295729,-4.8855457,8.398808,-1.1404791,3
11601110710764,11493795729,-4.9064827,8.400003,-1.1506486,3
11601113210764,11496295729,-4.9178486,8.399107,-1.154836,3
11601115710764,11498795729,-4.942375,8.391629,-1.1419746,3
11601118210764,11501295729,-4.94417,8.388339,-1.1521441,3
11601120710764,11503795729,-4.961817,8.380562,-1.1422737,3
11601123210764,11506295729,-4.9636116,8.360822,-1.1365907,3
11601125710764,11508795729,-4.950451,8.354839,-1.148854,3
11601128210764,11511295729,-4.9486566,8.358727,-1.1303096,3
11601130710764,11513795729,-4.9570312,8.347362,-1.1207383,3
11601133210764,11516295729,-4.963013,8.335996,-1.1371889,3
11601135710764,11518795729,-4.959424,8.319844,-1.1416755,3
11601138210764,11521295729,-4.980062,8.327023,-1.1425728,3
11601140710764,11523795729,-4.9995036,8.3123665,-1.1602199,3
11601143210764,11526295729,-4.9588256,8.318349,-1.1937194,3
11601145710764,11528795729,-4.9546385,8.302197,-1.1919248,3
11601148210764,11531295729,-4.942375,8.297112,-1.2131611,3
11601150710764,11533795729,-4.9172506,8.286046,-1.2370893,3
11601153210764,11536295729,-4.8999023,8.285149,-1.2571292,3
11601155710764,11538795729,-4.8966126,8.278269,-1.2634103,3
11601158210764,11541295729,-4.894519,8.276773,-1.2960125,3
11601160710764,11543795729,-4.880162,8.286943,-1.3079767,3
11601163210764,11546295729,-4.875376,8.296215,-1.2867404,3
11601165710764,11548795729,-4.8738804,8.306086,-1.2667005,3
11601168210764,11551295729,-4.88405,8.316256,-1.2747762,3
11601170710764,11553795729,-4.8954163,8.320442,-1.250848,3
11601173210764,11556295729,-4.9055853,8.333603,-1.2337992,3
11601175710764,11558795729,-4.9160542,8.340483,-1.2155539,3
11601178210764,11561295729,-4.9199424,8.344969,-1.1802598,3
11601180710764,11563795729,-4.9052863,8.350054,-1.1482558,3
11601183210764,11566295729,-4.9199424,8.344071,-1.1380863,3
11601185710764,11568795729,-4.9348974,8.36112,-1.1087742,3
11601188210764,11571295729,-4.94088,8.376375,-1.0947163,3
11601190710764,11573795729,-4.965107,8.383254,-1.082154,3
11601193210764,11576295729,-4.9731827,8.392527,-1.0683953,3
11601195710764,11578795729,-4.99083,8.391629,-1.0896316,3
11601198210764,11581295729,-5.0030932,8.405388,-1.105484,3
11601200710764,11583795729,-5.015356,8.411071,-1.125823,3
11601203210764,11586295729,-5.0180483,8.406883,-1.1599208,3
11601205710764,11588795729,-5.005785,8.4012,-1.2125629,3
11601208210764,11591295729,-4.994718,8.40449,-1.2278172,3
11601210710764,11593795729,-4.99083,8.39133,-1.2487543,3
11601213210764,11596295729,-4.9719863,8.3943205,-1.270888,3
11601215710764,11598795729,-4.956134,8.392527,-1.2637094,3
11601218210764,11601295729,-4.936094,8.382955,-1.2975081,3
11601220710764,11603795729,-4.927719,8.373981,-1.294517,3
11601223210764,11606295729,-4.898108,8.362915,-1.320539,3
11601225710764,11608795729,-4.8771706,8.3632145,-1.3369896,3
11601228210764,11611295729,-4.8586264,8.366803,-1.3202399,3
11601230710764,11613795729,-4.855336,8.36471,-1.3130615,3
11601233210764,11616295729,-4.826024,8.345866,-1.3226327,3
11601235710764,11618795729,-4.828417,8.368299,-1.2792628,3
11601238210764,11621295729,-4.822435,8.377272,-1.265205,3
11601240710764,11623795729,-4.822435,8.382656,-1.236192,3
11601243210764,11626295729,-4.8155556,8.403593,-1.2116655,3
11601245710764,11628795729,-4.8439703,8.412267,-1.1970096,3
11601248210764,11631295729,-4.842774,8.432606,-1.1874382,3
11601250710764,11633795729,-4.840979,8.435896,-1.1739786,3
11601253210764,11636295729,-4.86072,8.432606,-1.1676974,3
11601255710764,11638795729,-4.8822556,8.446066,-1.1793624,3
11601258210764,11641295729,-4.904389,8.456534,-1.2035898,3
11601260710764,11643795729,-4.887041,8.455637,-1.2281163,3
11601263210764,11646295729,-4.8936214,8.460722,-1.2400804,3
11601265710764,11648795729,-4.904389,8.462517,-1.2655041,3
11601268210764,11651295729,-4.9028935,8.45474,-1.2912269,3
11601270710764,11653795729,-4.892126,8.446664,-1.274178,3
11601273210764,11656295729,-4.8915277,8.440383,-1.2903296,3
11601275710764,11658795729,-4.880162,8.425129,-1.3043875,3
11601278210764,11661295729,-4.8655057,8.407183,-1.3052847,3
11601280710764,11663795729,-4.860421,8.400303,-1.3040884,3
11601283210764,11666295729,-4.8475595,8.392527,-1.3040884,3
11601285710764,11668795729,-4.814957,8.374281,-1.3136597,3
11601288210764,11671295729,-4.7096734,8.410771,-1.3707882,3
11601290710764,11673795729,-4.6971107,8.423334,-1.4027922,3
11601293210764,11676295729,-4.71087,8.417651,-1.3606188,3
11601295710764,11678795729,-4.746164,8.409276,-1.3040884,3
11601298210764,11681295729,-4.7808595,8.409874,-1.2759727,3
11601300710764,11683795729,-4.8101716,8.395817,-1.242174,3
11601303210764,11686295729,-4.8029933,8.381161,-1.1820544,3
11601305710764,11688795729,-4.7976093,8.373683,-1.1566306,3
11601308210764,11691295729,-4.811368,8.376973,-1.119841,3
11601310710764,11693795729,-4.819743,8.365607,-1.0722836,3
11601313210764,11696295729,-4.834997,8.380263,-1.0668998,3
11601315710764,11698795729,-4.8376894,8.393125,-1.0875379,3
11601318210764,11701295729,-4.829613,8.408977,-1.0884352,3
11601320710764,11703795729,-4.8532424,8.419446,-1.0899308,3
11601323210764,11706295729,-4.854738,8.42812,-1.11685,3
11601325710764,11708795729,-4.859524,8.442476,-1.1365907,3
11601328210764,11711295729,-4.872086,8.426923,-1.1473584,3
11601330710764,11713795729,-4.8601217,8.402397,-1.1889337,3
11601333210764,11716295729,-4.848756,8.393125,-1.218545,3
11601335710764,11718795729,-4.875376,8.414062,-1.2287145,3
11601338210764,11721295729,-4.868497,8.409874,-1.247857,3
11601340710764,11723795729,-4.8819566,8.409276,-1.2777673,3
11601343210764,11726295729,-4.907081,8.409575,-1.2849457,3
11601345710764,11728795729,-4.9145584,8.418249,-1.3002,3
11601348210764,11731295729,-4.918746,8.421839,-1.2960125,3
11601350710764,11733795729,-4.9636116,8.4146595,-1.2870395,3
11601353210764,11736295729,-4.970192,8.425129,-1.2756736,3
11601355710764,11738795729,-4.959723,8.419446,-1.2786646,3
11601358210764,11741295729,-4.962714,8.41795,-1.2487543,3
11601360710764,11743795729,-4.982156,8.415258,-1.212862,3
11601363210764,11746295729,-4.9734817,8.396115,-1.2266207,3
11601365710764,11748795729,-4.9719863,8.389834,-1.1958131,3
11601368210764,11751295729,-4.973781,8.396115,-1.1844472,3
11601370710764,11753795729,-4.9698925,8.389236,-1.1826526,3
11601373210764,11756295729,-4.9713883,8.384151,-1.1718849,3
11601375710764,11758795729,-4.9863434,8.376973,-1.1787642,3
11601378210764,11761295729,-4.956433,8.359027,-1.1958131,3
11601380710764,11763795729,-4.933701,8.369495,-1.2083755,3
11601383210764,11766295729,-4.9193444,8.366803,-1.2056835,3
11601385710764,11768795729,-4.918148,8.365906,-1.2287145,3
11601388210764,11771295729,-4.9031925,8.368598,-1.2394822,3
11601390710764,11773795729,-4.9049873,8.362616,-1.2335001,3
11601393210764,11776295729,-4.9175496,8.370692,-1.2469597,3
11601395710764,11778795729,-4.919045,8.369495,-1.2520444,3
11601398210764,11781295729,-4.914858,8.375478,-1.2601203,3
11601400710764,11783795729,-4.933701,8.370991,-1.2667005,3
11601403210764,11786295729,-4.932804,8.375178,-1.2723835,3
11601405710764,11788795729,-4.933701,8.3943205,-1.2646067,3
11601408210764,11791295729,-4.9313083,8.391928,-1.2568301,3
11601410710764,11793795729,-4.930112,8.397611,-1.242174,3
11601413210764,11796295729,-4.9052863,8.404191,-1.250549,3
11601415710764,11798795729,-4.9082775,8.419446,-1.2559328,3
11601418210764,11801295729,-4.892425,8.429316,-1.2436695,3
11601420710764,11803795729,-4.8828535,8.455039,-1.2379866,3
11601423210764,11806295729,-4.872684,8.456235,-1.2278172,3
11601425710764,11808795729,-4.8511486,8.467601,-1.2251252,3
11601428210764,11811295729,-4.8323054,8.448758,-1.2086746,3
11601430710764,11813795729,-4.8179483,8.458927,-1.2014961,3
11601433210764,11816295729,-4.7919264,8.441878,-1.2000005,3
11601435710764,11818795729,-4.786842,8.443374,-1.2017952,3
11601438210764,11821295729,-4.7781677,8.441579,-1.2116655,3
11601440710764,11823795729,-4.770092,8.454441,-1.2221341,3
11601443210764,11826295729,-4.7781677,8.450552,-1.2215359,3
11601445710764,11828795729,-4.781159,8.448159,-1.2209377,3
11601448210764,11831295729,-4.773382,8.439785,-1.2370893,3
11601450710764,11833795729,-4.7769713,8.43799,-1.2433704,3
11601453210764,11836295729,-4.779065,8.425727,-1.2699906,3
11601455710764,11838795729,-4.802395,8.438588,-1.262214,3
11601458210764,11841295729,-4.821837,8.4400835,-1.2744771,3
11601460710764,11843795729,-4.8320065,8.440981,-1.2717853,3
11601463210764,11846295729,-4.848158,8.438588,-1.2849457,3
11601465710764,11848795729,-4.8559346,8.438588,-1.2900305,3
11601468210764,11851295729,-4.8469615,8.43799,-1.2667005,3
11601470710764,11853795729,-4.85414,8.428419,-1.2852448,3
11601473210764,11856295729,-4.846662,8.428718,-1.285843,3
11601475710764,11858795729,-4.848457,8.409874,-1.2843475,3
11601478210764,11861295729,-4.8433723,8.392825,-1.2777673,3
11601480710764,11863795729,-4.8391848,8.40479,-1.2753744,3
11601483210764,11866295729,-4.834399,8.391629,-1.282553,3
11601485710764,11868795729,-4.8248277,8.392825,-1.2777673,3
11601488210764,11871295729,-4.802096,8.369795,-1.2732807,3
11601490710764,11873795729,-4.7829533,8.36471,-1.2601203,3
11601493210764,11876295729,-4.7676992,8.362018,-1.2678969,3
11601495710764,11878795729,-4.7676992,8.355737,-1.2762718,3
11601498210764,11881295729,-4.773382,8.344969,-1.2610176,3
11601500710764,11883795729,-4.77398,8.352447,-1.2589238,3
11601503210764,11886295729,-4.778766,8.356634,-1.2592229,3
11601505710764,11888795729,-4.8065825,8.368299,-1.2744771,3
11601508210764,11891295729,-4.8155556,8.367402,-1.256531,3
11601510710764,11893795729,-4.8397827,8.373981,-1.2418749,3
11601513210764,11896295729,-4.857131,8.378768,-1.2284154,3
11601515710764,11898795729,-4.8601217,8.390732,-1.218545,3
11601518210764,11901295729,-4.875974,8.419446,-1.1919248,3
11601520710764,11903795729,-4.901398,8.441579,-1.2311072,3
11601523210764,11906295729,-4.9286165,8.455338,-1.218844,3
11601525710764,11908795729,-4.955835,8.493025,-1.2236297,3
11601528210764,11911295729,-4.9674997,8.499905,-1.2403795,3
11601530710764,11913795729,-4.9660044,8.508578,-1.2502499,3
11601533210764,11916295729,-4.955835,8.516953,-1.2726825,3
11601535710764,11918795729,-4.942076,8.506186,-1.3154542,3
11601538210764,11921295729,-4.922335,8.501998,-1.3184453,3
11601540710764,11923795729,-4.9082775,8.492725,-1.3094722,3
11601543210764,11926295729,-4.8819566,8.49452,-1.3486546,3
11601545710764,11928795729,-4.8652067,8.486744,-1.3328022,3
11601548210764,11931295729,-4.8451667,8.498408,-1.340878,3
11601550710764,11933795729,-4.8251266,8.493623,-1.340878,3
11601553210764,11936295729,-4.816752,8.486444,-1.329213,3
11601555710764,11938795729,-4.7949176,8.488239,-1.3121641,3
11601558210764,11941295729,-4.7748775,8.472386,-1.320539,3
11601560710764,11943795729,-4.749454,8.472686,-1.2678969,3
11601563210764,11946295729,-4.734798,8.4604225,-1.2562319,3
11601565710764,11948795729,-4.703392,8.46491,-1.2589238,3
11601568210764,11951295729,-4.698008,8.460124,-1.23021,3
11601570710764,11953795729,-4.686941,8.459825,-1.2179468,3
11601573210764,11956295729,-4.6845484,8.459825,-1.2269198,3
11601575710764,11958795729,-4.662116,8.45773,-1.2089736,3
11601578210764,11961295729,-4.6582274,8.454142,-1.2107682,3
11601580710764,11963795729,-4.657031,8.448758,-1.2122638,3
11601583210764,11966295729,-4.651049,8.441579,-1.1934203,3
11601585710764,11968795729,-4.679165,8.443673,-1.2230315,3
11601588210764,11971295729,-4.686941,8.443074,-1.2296118,3
11601590710764,11973795729,-4.7096734,8.440981,-1.2379866,3
11601593210764,11976295729,-4.726124,8.439186,-1.2562319,3
11601595710764,11978795729,-4.7374897,8.438289,-1.2903296,3
11601598210764,11981295729,-4.76411,8.433803,-1.2738789,3
11601600710764,11983795729,-4.7823553,8.429615,-1.2927225,3
11601603210764,11986295729,-4.7748775,8.41795,-1.3130615,3
11601605710764,11988795729,-4.7799625,8.416156,-1.3214363,3
11601608210764,11991295729,-4.7841496,8.413464,-1.3310076,3
11601610710764,11993795729,-4.7865424,8.374281,-1.3345969,3
11601613210764,11996295729,-4.7892346,8.384151,-1.3184453,3
11601615710764,11998795729,-4.796712,8.385049,-1.3211372,3
11601618210764,12001295729,-4.802395,8.376375,-1.3241283,3
11601620710764,12003795729,-4.8098726,8.3733835,-1.2966107,3
11601623210764,12006295729,-4.8245287,8.36471,-1.282553,3
11601625710764,12008795729,-4.8086762,8.362018,-1.2948161,3
11601628210764,12011295729,-4.808078,8.35454,-1.2619148,3
11601630710764,12013795729,-4.813462,8.360822,-1.2311072,3
11601633210764,12016295729,-4.8098726,8.3632145,-1.2323036,3
11601635710764,12018795729,-4.8059845,8.359924,-1.2299109,3
11601638210764,12021295729,-4.813462,8.382955,-1.2236297,3
11601640710764,12023795729,-4.816154,8.377272,-1.2343974,3
11601643210764,12026295729,-4.825426,8.376674,-1.2092727,3
11601645710764,12028795729,-4.8436713,8.383852,-1.2086746,3
11601648210764,12031295729,-4.846363,8.385946,-1.23021,3
11601650710764,12033795729,-4.8649077,8.393424,-1.2131611,3
11601653210764,12036295729,-4.877769,8.398508,-1.1916257,3
11601655710764,12038795729,-4.8762736,8.412267,-1.192523,3
11601658210764,12041295729,-4.8879385,8.435896,-1.1937194,3
11601660710764,12043795729,-4.8918266,8.453842,-1.2083755,3
11601663210764,12046295729,-4.886443,8.488539,-1.2278172,3
11601665710764,12048795729,-4.881657,8.484052,-1.2352947,3
11601668210764,12051295729,-4.87747,8.486146,-1.2358929,3
11601670710764,12053795729,-4.854738,8.491829,-1.2562319,3
11601673210764,12056295729,-4.838886,8.515757,-1.2619148,3
11601675710764,12058795729,-4.8245287,8.501101,-1.2690933,3
11601678210764,12061295729,-4.808975,8.514261,-1.2963116,3
11601680710764,12063795729,-4.807181,8.522935,-1.2726825,3
11601683210764,12066295729,-4.820042,8.5271225,-1.2628121,3
11601685710764,12068795729,-4.811368,8.540583,-1.2723835,3
11601688210764,12071295729,-4.812864,8.551051,-1.2466606,3
11601690710764,12073795729,-4.8188457,8.548359,-1.2481561,3
11601693210764,12076295729,-4.8379884,8.5678005,-1.2370893,3
11601695710764,12078795729,-4.853542,8.565108,-1.2071791,3
11601698210764,12081295729,-4.857131,8.56481,-1.1958131,3
11601700710764,12083795729,-4.87418,8.556435,-1.2077773,3
11601703210764,12086295729,-4.883452,8.5346,-1.1973087,3
11601705710764,12088795729,-4.8885365,8.519944,-1.2083755,3
11601708210764,12091295729,-4.8846483,8.513962,-1.2164512,3
11601710710764,12093795729,-4.8804607,8.510971,-1.2412767,3
11601713210764,12096295729,-4.877769,8.499306,-1.2646067,3
11601715710764,12098795729,-4.8640103,8.478668,-1.270888,3
11601718210764,12101295729,-4.8475595,8.470891,-1.2789637,3
11601720710764,12103795729,-4.82752,8.453244,-1.2906287,3
11601723210764,12106295729,-4.7955155,8.438588,-1.294517,3
11601725710764,12108795729,-4.792824,8.415258,-1.285843,3
11601728210764,12111295729,-4.76082,8.400303,-1.3079767,3
11601730710764,12113795729,-4.738088,8.396714,-1.3328022,3
11601733210764,12116295729,-4.733003,8.387741,-1.3405789,3
11601735710764,12118795729,-4.7339005,8.390432,-1.3450655,3
11601738210764,12121295729,-4.7524447,8.379366,-1.343869,3
11601740710764,12123795729,-4.7506504,8.37129,-1.3124632,3
11601743210764,12126295729,-4.7545385,8.36142,-1.2753744,3
11601745710764,12128795729,-4.7775693,8.353643,-1.2571292,3
11601748210764,12131295729,-4.801498,8.35125,-1.2095718,3
11601750710764,12133795729,-4.842774,8.36441,-1.1563315,3
11601753210764,12136295729,-4.87747,8.359625,-1.1413764,3
11601755710764,12138795729,-4.904389,8.382058,-1.1099706,3
11601758210764,12141295729,-4.9492545,8.393723,-1.087837,3
11601760710764,12143795729,-4.982156,8.389535,-1.082154,3
11601763210764,12146295729,-5.0105705,8.395817,-1.0881361,3
11601765710764,12148795729,-5.0069814,8.393424,-1.1093724,3
11601768210764,12151295729,-5.003691,8.387142,-1.1186446,3
11601770710764,12153795729,-4.985147,8.371888,-1.151845,3
11601773210764,12156295729,-4.97408,8.377272,-1.2014961,3
11601775710764,12158795729,-4.964808,8.373981,-1.2382857,3
11601778210764,12161295729,-4.950451,8.389535,-1.2484552,3
11601780710764,12163795729,-4.9259243,8.390134,-1.2993027,3
11601783210764,12166295729,-4.9088755,8.402098,-1.3226327,3
11601785710764,12168795729,-4.8942194,8.389535,-1.3360924,3
11601788210764,12171295729,-4.8846483,8.385348,-1.3366905,3
11601790710764,12173795729,-4.863412,8.38804,-1.3223336,3
11601793210764,12176295729,-4.860421,8.379066,-1.302892,3
11601795710764,12178795729,-4.855336,8.377272,-1.2843475,3
11601798210764,12181295729,-4.8568316,8.368897,-1.2661023,3
11601800710764,12183795729,-4.849952,8.368598,-1.2343974,3
11601803210764,12186295729,-4.85414,8.362915,-1.21017,3
11601805710764,12188795729,-4.831707,8.373683,-1.1841481,3
11601808210764,12191295729,-4.8266225,8.360522,-1.1802598,3
11601810710764,12193795729,-4.827819,8.356036,-1.1715858,3
11601813210764,12196295729,-4.8248277,8.361719,-1.166202,3
11601815710764,12198795729,-4.8239303,8.370393,-1.1670992,3
11601818210764,12201295729,-4.8320065,8.357232,-1.1533405,3
11601820710764,12203795729,-4.842774,8.381759,-1.1790633,3
11601823210764,12206295729,-4.8583274,8.3835535,-1.1751751,3
11601825710764,12208795729,-4.8625145,8.389236,-1.1763715,3
11601828210764,12211295729,-4.8655057,8.405986,-1.1979069,3
11601830710764,12213795729,-4.88405,8.407481,-1.1943176,3
11601833210764,12216295729,-4.8969116,8.415856,-1.2107682,3
11601835710764,12218795729,-4.8903313,8.4347,-1.2370893,3
11601838210764,12221295729,-4.9079785,8.435298,-1.2317054,3
11601840710764,12223795729,-4.936094,8.440383,-1.2290136,3
11601843210764,12226295729,-4.946563,8.434401,-1.2143575,3
11601845710764,12228795729,-4.9495535,8.42812,-1.198505,3
11601848210764,12231295729,-4.9486566,8.421839,-1.2020943,3
11601850710764,12233795729,-4.9348974,8.43141,-1.2155539,3
11601853210764,12236295729,-4.927719,8.440981,-1.2320045,3
11601855710764,12238795729,-4.9193444,8.440981,-1.2457633,3
11601858210764,12241295729,-4.8912287,8.442776,-1.2502499,3
11601860710764,12243795729,-4.8852468,8.467003,-1.2687942,3
11601863210764,12246295729,-4.8825545,8.47149,-1.279861,3
11601865710764,12248795729,-4.8601217,8.468798,-1.2777673,3
11601868210764,12251295729,-4.8490553,8.451749,-1.2753744,3
11601870710764,12253795729,-4.833502,8.464311,-1.2915261,3
11601873210764,12256295729,-4.811368,8.451749,-1.2750753,3
11601875710764,12258795729,-4.796413,8.448159,-1.259522,3
11601878210764,12261295729,-4.7805605,8.446664,-1.2637094,3
11601880710764,12263795729,-4.7781677,8.451749,-1.2580265,3
11601883210764,12266295729,-4.781757,8.443374,-1.2323036,3
11601885710764,12268795729,-4.7982078,8.448758,-1.2293127,3
11601888210764,12271295729,-4.8026943,8.447861,-1.2047862,3
11601890710764,12273795729,-4.817051,8.441878,-1.1856437,3
11601893210764,12276295729,-4.821837,8.435597,-1.1829517,3
11601895710764,12278795729,-4.8272204,8.415258,-1.1820544,3
11601898210764,12281295729,-4.8323054,8.421539,-1.1398809,3
11601900710764,12283795729,-4.835296,8.404191,-1.154537,3
11601903210764,12286295729,-4.8433723,8.39133,-1.166202,3
11601905710764,12288795729,-4.848756,8.368299,-1.1769696,3
11601908210764,12291295729,-4.8643093,8.370991,-1.2131611,3
11601910710764,12293795729,-4.854738,8.352447,-1.2343974,3
11601913210764,12296295729,-4.8640103,8.350353,-1.238884,3
11601915710764,12298795729,-4.8643093,8.332108,-1.2658032,3
11601918210764,12301295729,-4.863113,8.3174515,-1.2759727,3
11601920710764,12303795729,-4.8652067,8.314461,-1.2583256,3
11601923210764,12306295729,-4.8646083,8.298907,-1.2705889,3
11601925710764,12308795729,-4.8828535,8.289037,-1.268196,3
11601928210764,12311295729,-4.8936214,8.289934,-1.2460624,3
11601930710764,12313795729,-4.9022956,8.277671,-1.2299109,3
11601933210764,12316295729,-4.9055853,8.266604,-1.2355938,3
11601935710764,12318795729,-4.923831,8.280064,-1.2083755,3
11601938210764,12321295729,-4.942674,8.269296,-1.2071791,3
11601940710764,12323795729,-4.9579287,8.266903,-1.1952149,3
11601943210764,12326295729,-4.9719863,8.276474,-1.1760724,3
11601945710764,12328795729,-4.987241,8.281559,-1.1575279,3
11601948210764,12331295729,-5.021039,8.288139,-1.1841481,3
11601950710764,12333795729,-5.0276194,8.306684,-1.1638091,3
11601953210764,12336295729,-5.038088,8.306385,-1.16351,3
11601955710764,12338795729,-5.0398827,8.329117,-1.1862419,3
11601958210764,12341295729,-5.032106,8.339286,-1.1682956,3
11601960710764,12343795729,-5.035396,8.356634,-1.1533405,3
11601963210764,12346295729,-5.0183473,8.35454,-1.1739786,3
11601965710764,12348795729,-4.987241,8.372188,-1.1530414,3
11601968210764,12351295729,-4.977968,8.382058,-1.1207383,3
11601970710764,12353795729,-4.976174,8.368299,-1.1321042,3
11601973210764,12356295729,-4.9531426,8.37129,-1.1386845,3
11601975710764,12358795729,-4.933701,8.388937,-1.1793624,3
11601978210764,12361295729,-4.9169517,8.397013,-1.2227324,3
11601980710764,12363795729,-4.886742,8.411369,-1.2661023,3
11601983210764,12366295729,-4.886742,8.427222,-1.285843,3
11601985710764,12368795729,-4.883153,8.420642,-1.3151551,3
11601988210764,12371295729,-4.8673005,8.408977,-1.3112668,3
11601990710764,12373795729,-4.8394837,8.422137,-1.3064811,3
11601993210764,12376295729,-4.834997,8.413763,-1.294517,3
11601995710764,12378795729,-4.812864,8.395517,-1.2783655,3
11601998210764,12381295729,-4.808078,8.398508,-1.2254243,3
11602000710764,12383795729,-4.8242297,8.395817,-1.2038889,3
11602003210764,12386295729,-4.81406,8.399705,-1.166202,3
11602005710764,12388795729,-4.822734,8.402098,-1.1542379,3
11602008210764,12391295729,-4.8355956,8.4038925,-1.1282159,3
11602010710764,12393795729,-4.831408,8.411369,-1.14018,3
11602013210764,12396295729,-4.834698,8.402995,-1.1410773,3
11602015710764,12398795729,-4.857729,8.415258,-1.1389836,3
11602018210764,12401295729,-4.8598228,8.409276,-1.1608181,3
11602020710764,12403795729,-4.868497,8.405388,-1.1766706,3
11602023210764,12406295729,-4.872086,8.402098,-1.1784651,3
11602025710764,12408795729,-4.8819566,8.419147,-1.2215359,3
11602028210764,12411295729,-4.877769,8.41795,-1.2203395,3
11602030710764,12413795729,-4.8738804,8.412566,-1.238884,3
11602033210764,12416295729,-4.8643093,8.426325,-1.2430713,3
11602035710764,12418795729,-4.874479,8.428419,-1.2556337,3
11602038210764,12421295729,-4.879863,8.43111,-1.2517453,3
11602040710764,12423795729,-4.8993044,8.427222,-1.2619148,3
11602043210764,12426295729,-4.9028935,8.429914,-1.262214,3
11602045710764,12428795729,-4.903791,8.426624,-1.2837493,3
11602048210764,12431295729,-4.9046884,8.4248295,-1.2822539,3
11602050710764,12433795729,-4.8933225,8.415557,-1.2628121,3
11602053210764,12436295729,-4.907679,8.420941,-1.2774682,3
11602055710764,12438795729,-4.901697,8.407481,-1.2493526,3
11602058210764,12441295729,-4.9052863,8.405686,-1.2406785,3
11602060710764,12443795729,-4.907679,8.3994055,-1.2242279,3
11602063210764,12446295729,-4.915157,8.388638,-1.2137593,3
11602065710764,12448795729,-4.9088755,8.383254,-1.1880364,3
11602068210764,12451295729,-4.9139605,8.375776,-1.1659029,3
11602070710764,12453795729,-4.919045,8.373085,-1.1688938,3
11602073210764,12456295729,-4.92742,8.383852,-1.1718849,3
11602075710764,12458795729,-4.9340005,8.369196,-1.1656038,3
11602078210764,12461295729,-4.9468617,8.348259,-1.1769696,3
11602080710764,12463795729,-4.9435716,8.370393,-1.1715858,3
11602083210764,12466295729,-4.9405804,8.351549,-1.1895319,3
11602085710764,12468795729,-4.9435716,8.343174,-1.2008978,3
11602088210764,12471295729,-4.9405804,8.333304,-1.2152548,3
11602090710764,12473795729,-4.9468617,8.330911,-1.2179468,3
11602093210764,12476295729,-4.936692,8.339585,-1.2469597,3
11602095710764,12478795729,-4.9417768,8.337491,-1.2616158,3
11602098210764,12481295729,-4.936094,8.3377905,-1.2580265,3
11602100710764,12483795729,-4.936692,8.341081,-1.2714862,3
11602103210764,12486295729,-4.9283175,8.351849,-1.2753744,3
11602105710764,12488795729,-4.9256253,8.3428755,-1.2951152,3
11602108210764,12491295729,-4.9262238,8.339884,-1.2801601,3
11602110710764,12493795729,-4.930411,8.339585,-1.2729816,3
11602113210764,12496295729,-4.939085,8.352147,-1.2616158,3
11602115710764,12498795729,-4.9375896,8.354839,-1.2669996,3
11602118210764,12501295729,-4.9674997,8.358429,-1.2233306,3
11602120710764,12503795729,-4.976174,8.346764,-1.1802598,3
11602123210764,12506295729,-4.9695935,8.348857,-1.1709876,3
11602125710764,12508795729,-4.977968,8.365308,-1.1563315,3
11602128210764,12511295729,-4.9866424,8.396714,-1.1422737,3
11602130710764,12513795729,-5.008776,8.4347,-1.1524432,3
11602133210764,12516295729,-5.001897,8.452945,-1.1383854,3
11602135710764,12518795729,-4.994419,8.475677,-1.1482558,3
11602138210764,12521295729,-4.9698925,8.484949,-1.1673983,3
11602140710764,12523795729,-4.9375896,8.481958,-1.1817553,3
11602143210764,12526295729,-4.9031925,8.488837,-1.1889337,3
11602145710764,12528795729,-4.8646083,8.484351,-1.1883355,3
11602148210764,12531295729,-4.834399,8.495717,-1.2203395,3
11602150710764,12533795729,-4.7985067,8.502596,-1.2260225,3
11602153210764,12536295729,-4.7709894,8.503793,-1.2317054,3
11602155710764,12538795729,-4.7321057,8.493922,-1.2463615,3
11602158210764,12541295729,-4.692624,8.502297,-1.2672987,3
11602160710764,12543795729,-4.6582274,8.493025,-1.2753744,3
11602163210764,12546295729,-4.640281,8.477471,-1.2780664,3
11602165710764,12548795729,-4.6345983,8.475677,-1.2744771,3
11602168210764,12551295729,-4.6357946,8.456534,-1.2592229,3
11602170710764,12553795729,-4.644469,8.443972,-1.2523435,3
11602173210764,12556295729,-4.6755753,8.43141,-1.2337992,3
11602175710764,12558795729,-4.7021956,8.418847,-1.2017952,3
11602178210764,12561295729,-4.7249274,8.397312,-1.1778669,3
11602180710764,12563795729,-4.7485566,8.388937,-1.1551352,3
11602183210764,12566295729,-4.7826543,8.363812,-1.1389836,3
11602185710764,12568795729,-4.7982078,8.356634,-1.1443675,3
11602188210764,12571295729,-4.829314,8.349156,-1.1602199,3
11602190710764,12573795729,-4.8490553,8.34467,-1.1823535,3
11602193210764,12576295729,-4.8598228,8.343174,-1.2059826,3
11602195710764,12578795729,-4.8900323,8.35783,-1.2329018,3
11602198210764,12581295729,-4.9025946,8.369795,-1.2867404,3
11602200710764,12583795729,-4.918447,8.378768,-1.3085749,3
11602203210764,12586295729,-4.9235315,8.381759,-1.3402798,3
11602205710764,12588795729,-4.927719,8.371589,-1.3645071,3
11602208210764,12591295729,-4.9322057,8.352746,-1.3782659,3
11602210710764,12593795729,-4.9172506,8.362317,-1.3857434,3
11602213210764,12596295729,-4.9142594,8.356933,-1.390529,3
11602215710764,12598795729,-4.910072,8.356933,-1.3803595,3
11602218210764,12601295729,-4.9253263,8.356933,-1.3651053,3
11602220710764,12603795729,-4.930112,8.350054,-1.3471591,3
11602223210764,12606295729,-4.9265227,8.359924,-1.3342978,3
11602225710764,12608795729,-4.9316072,8.356335,-1.2918252,3
11602228210764,12611295729,-4.9262238,8.365607,-1.2580265,3
11602230710764,12613795729,-4.9175496,8.379066,-1.2373884,3
11602233210764,12616295729,-4.906782,8.397312,-1.2047862,3
11602235710764,12618795729,-4.9055853,8.39791,-1.1877373,3
11602238210764,12621295729,-4.898108,8.402098,-1.1778669,3
11602240710764,12623795729,-4.8918266,8.4012,-1.1784651,3
11602243210764,12626295729,-4.878068,8.405088,-1.1904292,3
11602245710764,12628795729,-4.8705907,8.405686,-1.1940185,3
11602248210764,12631295729,-4.8625145,8.418847,-1.2086746,3
11602250710764,12633795729,-4.8589253,8.416454,-1.2323036,3
11602253210764,12636295729,-4.859524,8.432606,-1.2415758,3
11602255710764,12638795729,-4.840381,8.433803,-1.2675978,3
11602258210764,12641295729,-4.8320065,8.423035,-1.2837493,3
11602260710764,12643795729,-4.8215375,8.429017,-1.2981063,3
11602263210764,12646295729,-4.8068814,8.43141,-1.3163515,3
11602265710764,12648795729,-4.792824,8.429017,-1.3142579,3
11602268210764,12651295729,-4.788935,8.429316,-1.3151551,3
11602270710764,12653795729,-4.7991047,8.432307,-1.2996018,3
11602273210764,12656295729,-4.7955155,8.436195,-1.3037893,3
11602275710764,12658795729,-4.7805605,8.43799,-1.2987045,3
11602278210764,12661295729,-4.7862434,8.436195,-1.2810575,3
11602280710764,12663795729,-4.790431,8.442178,-1.2556337,3
11602283210764,12666295729,-4.7991047,8.4400835,-1.247857,3
11602285710764,12668795729,-4.7913284,8.445766,-1.2323036,3
11602288210764,12671295729,-4.7949176,8.437691,-1.2367902,3
11602290710764,12673795729,-4.7970114,8.438289,-1.2314063,3
11602293210764,12676295729,-4.810471,8.444571,-1.2376875,3
11602295710764,12678795729,-4.819743,8.454441,-1.2472588,3
11602298210764,12681295729,-4.833801,8.46461,-1.233201,3
11602300710764,12683795729,-4.8418765,8.485547,-1.2445669,3
11602303210764,12686295729,-4.8448677,8.492725,-1.2466606,3
11602305710764,12688795729,-4.855336,8.495118,-1.2376875,3
11602308210764,12691295729,-4.871787,8.498408,-1.2227324,3
11602310710764,12693795729,-4.868497,8.513663,-1.2113664,3
11602313210764,12696295729,-4.8750772,8.506484,-1.2071791,3
11602315710764,12698795729,-4.8735814,8.513364,-1.2164512,3
11602318210764,12701295729,-4.87747,8.517551,-1.2152548,3
11602320710764,12703795729,-4.879863,8.513364,-1.2308081,3
11602323210764,12706295729,-4.869095,8.510373,-1.2200404,3
11602325710764,12708795729,-4.8681974,8.488837,-1.2469597,3
11602328210764,12711295729,-4.8678985,8.480762,-1.253839,3
11602330710764,12713795729,-4.855336,8.459525,-1.2643076,3
11602333210764,12716295729,-4.840979,8.449954,-1.268196,3
11602335710764,12718795729,-4.834698,8.43799,-1.2801601,3
11602338210764,12721295729,-4.8263235,8.423932,-1.2759727,3
11602340710764,12723795729,-4.8032923,8.413763,-1.2933207,3
11602343210764,12726295729,-4.799404,8.397611,-1.2906287,3
11602345710764,12728795729,-4.7952166,8.3835535,-1.2801601,3
11602348210764,12731295729,-4.7769713,8.373085,-1.2804592,3
11602350710764,12733795729,-4.769793,8.36441,-1.2610176,3
11602353210764,12736295729,-4.7985067,8.360522,-1.2439687,3
11602355710764,12738795729,-4.8011985,8.370393,-1.2293127,3
11602358210764,12741295729,-4.8236313,8.365906,-1.2263216,3
11602360710764,12743795729,-4.833203,8.359625,-1.212862,3
11602363210764,12746295729,-4.8412786,8.366505,-1.1922239,3
11602365710764,12748795729,-4.866702,8.364112,-1.2014961,3
11602368210764,12751295729,-4.875974,8.362915,-1.2002996,3
11602370710764,12753795729,-4.892425,8.356634,-1.2092727,3
11602373210764,12756295729,-4.896313,8.351849,-1.2155539,3
11602375710764,12758795729,-4.881059,8.337193,-1.2349956,3
11602378210764,12761295729,-4.892724,8.3530445,-1.2317054,3
11602380710764,12763795729,-4.9061837,8.361719,-1.2628121,3
11602383210764,12766295729,-4.933701,8.372786,-1.2667005,3
11602385710764,12768795729,-4.9510493,8.377272,-1.2843475,3
11602388210764,12771295729,-4.9456654,8.385049,-1.2894323,3
11602390710764,12773795729,-4.9432726,8.383852,-1.2888341,3
11602393210764,12776295729,-4.932804,8.384151,-1.2831511,3
11602395710764,12778795729,-4.929813,8.377571,-1.2888341,3
11602398210764,12781295729,-4.9103713,8.3733835,-1.27687,3
11602400710764,12783795729,-4.9142594,8.377571,-1.2586247,3
11602403210764,12786295729,-4.8942194,8.381459,-1.2574283,3
11602405710764,12788795729,-4.8954163,8.389236,-1.230509,3
11602408210764,12791295729,-4.8846483,8.379665,-1.218844,3
11602410710764,12793795729,-4.8705907,8.376973,-1.2092727,3
11602413210764,12796295729,-4.87747,8.384749,-1.2044871,3
11602415710764,12798795729,-4.8822556,8.393125,-1.1964114,3
11602418210764,12801295729,-4.8954163,8.404191,-1.1988041,3
11602420710764,12803795729,-4.881657,8.397611,-1.2032907,3
11602423210764,12806295729,-4.883153,8.393125,-1.2077773,3
11602425710764,12808795729,-4.8858447,8.393125,-1.2149557,3
11602428210764,12811295729,-4.8825545,8.390732,-1.2062817,3
11602430710764,12813795729,-4.8681974,8.408977,-1.2293127,3
11602433210764,12816295729,-4.8789654,8.416156,-1.2418749,3
11602435710764,12818795729,-4.8843493,8.422437,-1.2517453,3
11602438210764,12821295729,-4.889135,8.430812,-1.2699906,3
11602440710764,12823795729,-4.8915277,8.444571,-1.2819548,3
11602443210764,12826295729,-4.8903313,8.445468,-1.2756736,3
11602445710764,12828795729,-4.898108,8.445766,-1.2667005,3
11602448210764,12831295729,-4.8906302,8.45773,-1.2849457,3
11602450710764,12833795729,-4.879863,8.453244,-1.3010973,3
11602453210764,12836295729,-4.88405,8.454441,-1.2915261,3
11602455710764,12838795729,-4.888836,8.466405,-1.2723835,3
11602458210764,12841295729,-4.8765726,8.45803,-1.262513,3
11602460710764,12843795729,-4.8658047,8.4682,-1.2502499,3
11602463210764,12846295729,-4.853841,8.469096,-1.2511472,3
11602465710764,12848795729,-4.8589253,8.453244,-1.2436695,3
11602468210764,12851295729,-4.8532424,8.469695,-1.23021,3
11602470710764,12853795729,-4.842774,8.469396,-1.2394822,3
11602473210764,12856295729,-4.8433723,8.459227,-1.2403795,3
11602475710764,12858795729,-4.8442693,8.460722,-1.2409776,3
11602478210764,12861295729,-4.8493543,8.468498,-1.2403795,3
11602480710764,12863795729,-4.836792,8.45773,-1.2559328,3
11602483210764,12866295729,-4.836792,8.467302,-1.2493526,3
11602485710764,12868795729,-4.8263235,8.454142,-1.2457633,3
11602488210764,12871295729,-4.82064,8.443972,-1.2382857,3
11602490710764,12873795729,-4.8176494,8.444571,-1.2430713,3
11602493210764,12876295729,-4.8176494,8.432008,-1.2463615,3
11602495710764,12878795729,-4.81077,8.427222,-1.2382857,3
11602498210764,12881295729,-4.811069,8.403593,-1.2176477,3
11602500710764,12883795729,-4.8119664,8.387442,-1.2077773,3
11602503210764,12886295729,-4.813462,8.37458,-1.20688,3
11602505710764,12888795729,-4.8194437,8.382955,-1.1970096,3
11602508210764,12891295729,-4.813163,8.375776,-1.1907284,3
11602510710764,12893795729,-4.8290153,8.373085,-1.1784651,3
11602513210764,12896295729,-4.8176494,8.370393,-1.1554343,3
11602515710764,12898795729,-4.831408,8.366205,-1.1560324,3
11602518210764,12901295729,-4.8433723,8.353942,-1.1581261,3
11602520710764,12903795729,-4.8415775,8.362317,-1.1590235,3
11602523210764,12906295729,-4.846363,8.360522,-1.1778669,3
11602525710764,12908795729,-4.8526444,8.355737,-1.2110673,3
11602528210764,12911295729,-4.8496532,8.359027,-1.218545,3
11602530710764,12913795729,-4.8329034,8.349156,-1.2418749,3
11602533210764,12916295729,-4.8445687,8.347362,-1.2711871,3
11602535710764,12918795729,-4.855336,8.338388,-1.2867404,3
11602538210764,12921295729,-4.855635,8.32792,-1.2849457,3
11602540710764,12923795729,-4.8508496,8.335697,-1.2915261,3
11602543210764,12926295729,-4.8502517,8.329117,-1.2876377,3
11602545710764,12928795729,-4.8583274,8.33809,-1.2969099,3
11602548210764,12931295729,-4.8637114,8.333902,-1.3076776,3
11602550710764,12933795729,-4.8675995,8.342576,-1.3094722,3
11602553210764,12936295729,-4.8714876,8.335398,-1.302892,3
11602555710764,12938795729,-4.8861437,8.342576,-1.2846466,3
11602558210764,12941295729,-4.8918266,8.347661,-1.2568301,3
11602560710764,12943795729,-4.88734,8.353643,-1.2613167,3
11602563210764,12946295729,-4.898108,8.362317,-1.2367902,3
11602565710764,12948795729,-4.8996034,8.376076,-1.2230315,3
11602568210764,12951295729,-4.9202414,8.381759,-1.2047862,3
11602570710764,12953795729,-4.90738,8.403593,-1.180858,3
11602573210764,12956295729,-4.9226346,8.388339,-1.2035898,3
11602575710764,12958795729,-4.920541,8.40808,-1.204188,3
11602578210764,12961295729,-4.9193444,8.429316,-1.2191432,3
11602580710764,12963795729,-4.9079785,8.448459,-1.2337992,3
11602583210764,12966295729,-4.9058847,8.448459,-1.2451651,3
11602585710764,12968795729,-4.883153,8.451151,-1.247857,3
11602588210764,12971295729,-4.8658047,8.45773,-1.2619148,3
11602590710764,12973795729,-4.8562336,8.460124,-1.270888,3
11602593210764,12976295729,-4.8415775,8.456235,-1.2897314,3
11602595710764,12978795729,-4.814359,8.457132,-1.285843,3
11602598210764,12981295729,-4.7892346,8.437093,-1.2969099,3
11602600710764,12983795729,-4.79073,8.446963,-1.2996018,3
11602603210764,12986295729,-4.781757,8.435298,-1.2963116,3
11602605710764,12988795729,-4.7676992,8.429316,-1.297209,3
11602608210764,12991295729,-4.7688956,8.436495,-1.2759727,3
11602610710764,12993795729,-4.7509494,8.412267,-1.2774682,3
11602613210764,12996295729,-4.7632127,8.406584,-1.2619148,3
11602615710764,12998795729,-4.7802615,8.403593,-1.2667005,3
11602618210764,13001295729,-4.7946186,8.402397,-1.2553346,3
11602620710764,13003795729,-4.8098726,8.402098,-1.2466606,3
11602623210764,13006295729,-4.840979,8.409874,-1.2466606,3
11602625710764,13008795729,-4.855037,8.400602,-1.2278172,3
11602628210764,13011295729,-4.8792644,8.397611,-1.2281163,3
11602630710764,13013795729,-4.900202,8.385647,-1.23021,3
11602633210764,13016295729,-4.927121,8.387142,-1.2487543,3
11602635710764,13018795729,-4.948357,8.372786,-1.2514462,3
11602638210764,13021295729,-4.9636116,8.37458,-1.2451651,3
11602640710764,13023795729,-4.9728837,8.378768,-1.2604194,3
11602643210764,13026295729,-4.994718,8.378768,-1.253839,3
11602645710764,13028795729,-4.9989057,8.380562,-1.2954143,3
11602648210764,13031295729,-4.99083,8.376973,-1.2894323,3
11602650710764,13033795729,-5.0135617,8.380861,-1.2936198,3
11602653210764,13036295729,-5.009673,8.376076,-1.3139588,3
11602655710764,13038795729,-5.017151,8.373683,-1.3139588,3
11602658210764,13041295729,-5.009075,8.373981,-1.3112668,3
11602660710764,13043795729,-5.001897,8.385946,-1.3196417,3
11602663210764,13046295729,-4.9956155,8.367103,-1.3211372,3
11602665710764,13048795729,-4.968397,8.369795,-1.3268201,3
11602668210764,13051295729,-4.9486566,8.371589,-1.3115659,3
11602670710764,13053795729,-4.9340005,8.376076,-1.2846466,3
11602673210764,13056295729,-4.909175,8.376973,-1.2678969,3
11602675710764,13058795729,-4.901099,8.383254,-1.2514462,3
11602678210764,13061295729,-4.8786664,8.36441,-1.2499508,3
11602680710764,13063795729,-4.8822556,8.378768,-1.2490535,3
11602683210764,13066295729,-4.8708897,8.381759,-1.2574283,3
11602685710764,13068795729,-4.855635,8.395817,-1.2547364,3
11602688210764,13071295729,-4.853542,8.388638,-1.2349956,3
11602690710764,13073795729,-4.8568316,8.387142,-1.2436695,3
11602693210764,13076295729,-4.8625145,8.394919,-1.2278172,3
11602695710764,13078795729,-4.8562336,8.392527,-1.2047862,3
11602698210764,13081295729,-4.85414,8.382955,-1.204188,3
11602700710764,13083795729,-4.8493543,8.397013,-1.1877373,3
11602703210764,13086295729,-4.8619165,8.397611,-1.1880364,3
11602705710764,13088795729,-4.8673005,8.395517,-1.1811571,3
11602708210764,13091295729,-4.867001,8.389236,-1.1895319,3
11602710710764,13093795729,-4.8658047,8.392227,-1.2020943,3
11602713210764,13096295729,-4.8652067,8.380562,-1.2206386,3
11602715710764,13098795729,-4.8472605,8.389535,-1.2239288,3
11602718210764,13101295729,-4.8526444,8.400901,-1.2152548,3
11602720710764,13103795729,-4.846363,8.393424,-1.2293127,3
11602723210764,13106295729,-4.8439703,8.382058,-1.2424731,3
11602725710764,13108795729,-4.8251266,8.391629,-1.242174,3
11602728210764,13111295729,-4.8433723,8.394919,-1.2439687,3
11602730710764,13113795729,-4.834997,8.388339,-1.2442678,3
11602733210764,13116295729,-4.8326044,8.38804,-1.2469597,3
11602735710764,13118795729,-4.8302116,8.384749,-1.2601203,3
11602738210764,13121295729,-4.8320065,8.3943205,-1.2586247,3
11602740710764,13123795729,-4.8323054,8.388339,-1.2610176,3
11602743210764,13126295729,-4.842176,8.383254,-1.270888,3
11602745710764,13128795729,-4.8448677,8.386844,-1.259522,3
11602748210764,13131295729,-4.84068,8.386844,-1.259522,3
11602750710764,13133795729,-4.821837,8.381459,-1.2801601,3
11602753210764,13136295729,-4.838886,8.385946,-1.2472588,3
11602755710764,13138795729,-4.838886,8.396714,-1.2640085,3
11602758210764,13141295729,-4.836792,8.390732,-1.2574283,3
11602760710764,13143795729,-4.8475595,8.393424,-1.2352947,3
11602763210764,13146295729,-4.8469615,8.393723,-1.2248261,3
11602765710764,13148795729,-4.848457,8.391031,-1.2337992,3
11602768210764,13151295729,-4.8589253,8.392527,-1.2290136,3
11602770710764,13153795729,-4.8750772,8.408379,-1.2481561,3
11602773210764,13156295729,-4.8765726,8.418249,-1.2658032,3
11602775710764,13158795729,-4.8771706,8.417053,-1.2810575,3
11602778210764,13161295729,-4.892425,8.430213,-1.2849457,3
11602780710764,13163795729,-4.8933225,8.423633,-1.2897314,3
11602783210764,13166295729,-4.9046884,8.432905,-1.2912269,3
11602785710764,13168795729,-4.903791,8.421839,-1.2999009,3
11602788210764,13171295729,-4.9046884,8.429017,-1.3160524,3
11602790710764,13173795729,-4.903791,8.425129,-1.3037893,3
11602793210764,13176295729,-4.9232326,8.4347,-1.3295121,3
11602795710764,13178795729,-4.8966126,8.409874,-1.3139588,3
11602798210764,13181295729,-4.906782,8.420642,-1.3076776,3
11602800710764,13183795729,-4.8999023,8.430812,-1.294218,3
11602803210764,13186295729,-4.8969116,8.420941,-1.2613167,3
11602805710764,13188795729,-4.8966126,8.424232,-1.2822539,3
11602808210764,13191295729,-4.8909297,8.423633,-1.2672987,3
11602810710764,13193795729,-4.8861437,8.422736,-1.2550355,3
11602813210764,13196295729,-4.8789654,8.425727,-1.242174,3
11602815710764,13198795729,-4.8789654,8.426624,-1.2346965,3
11602818210764,13201295729,-4.870291,8.405388,-1.2203395,3
11602820710764,13203795729,-4.8906302,8.420941,-1.2026925,3
11602823210764,13206295729,-4.881059,8.423334,-1.1979069,3
11602825710764,13208795729,-4.8711886,8.433803,-1.2083755,3
11602828210764,13211295729,-4.8589253,8.432008,-1.2233306,3
11602830710764,13213795729,-4.8490553,8.435896,-1.2454642,3
11602833210764,13216295729,-4.863113,8.454142,-1.2373884,3
11602835710764,13218795729,-4.867001,8.449655,-1.2696915,3
11602838210764,13221295729,-4.8699923,8.456534,-1.2792628,3
11602840710764,13223795729,-4.8637114,8.455338,-1.2864413,3
11602843210764,13226295729,-4.854439,8.466405,-1.2936198,3
11602845710764,13228795729,-4.855336,8.449356,-1.3220345,3
11602848210764,13231295729,-4.8526444,8.460124,-1.294218,3
11602850710764,13233795729,-4.852345,8.458927,-1.2993027,3
11602853210764,13236295729,-4.848756,8.452945,-1.308874,3
11602855710764,13238795729,-4.855037,8.448459,-1.2990036,3
11602858210764,13241295729,-4.8379884,8.437691,-1.3016955,3
11602860710764,13243795729,-4.8529434,8.425427,-1.2978072,3
11602863210764,13246295729,-4.8598228,8.42812,-1.268196,3
11602865710764,13248795729,-4.8640103,8.418847,-1.2553346,3
11602868210764,13251295729,-4.866702,8.40479,-1.2640085,3
11602870710764,13253795729,-4.863113,8.409575,-1.236192,3
11602873210764,13256295729,-4.8678985,8.391031,-1.2035898,3
11602875710764,13258795729,-4.8825545,8.387442,-1.18684,3
11602878210764,13261295729,-4.87418,8.39462,-1.183849,3
11602880710764,13263795729,-4.87418,8.3784685,-1.1608181,3
11602883210764,13266295729,-4.887041,8.378768,-1.1581261,3
11602885710764,13268795729,-4.883751,8.363513,-1.1659029,3
11602888210764,13271295729,-4.8789654,8.36142,-1.1778669,3
11602890710764,13273795729,-4.8678985,8.354839,-1.1841481,3
11602893210764,13276295729,-4.857131,8.342277,-1.1952149,3
11602895710764,13278795729,-4.8673005,8.333603,-1.2008978,3
11602898210764,13281295729,-4.8640103,8.33151,-1.2017952,3
11602900710764,13283795729,-4.8583274,8.311171,-1.2227324,3
11602903210764,13286295729,-4.86072,8.311469,-1.2337992,3
11602905710764,13288795729,-4.855037,8.29771,-1.2340983,3
11602908210764,13291295729,-4.858028,8.303693,-1.2583256,3
11602910710764,13293795729,-4.8649077,8.303992,-1.2849457,3
11602913210764,13296295729,-4.879863,8.29771,-1.2921243,3
11602915710764,13298795729,-4.879863,8.299805,-1.3040884,3
11602918210764,13301295729,-4.889733,8.310273,-1.2975081,3
11602920710764,13303795729,-4.8942194,8.315956,-1.2966107,3
11602923210764,13306295729,-4.904389,8.3174515,-1.2795619,3
11602925710764,13308795729,-4.913362,8.327322,-1.2684951,3
11602928210764,13311295729,-4.9199424,8.336893,-1.2529417,3
11602930710764,13313795729,-4.9199424,8.349456,-1.2457633,3
11602933210764,13316295729,-4.921737,8.35783,-1.2340983,3
11602935710764,13318795729,-4.9112687,8.367701,-1.2628121,3
11602938210764,13321295729,-4.9160542,8.3943205,-1.2460624,3
11602940710764,13323795729,-4.9055853,8.405986,-1.2451651,3
11602943210764,13326295729,-4.895715,8.408379,-1.2451651,3
11602945710764,13328795729,-4.8822556,8.410473,-1.2517453,3
11602948210764,13331295729,-4.872684,8.424232,-1.2466606,3
11602950710764,13333795729,-4.8619165,8.416454,-1.253839,3
11602953210764,13336295729,-4.842774,8.424232,-1.2529417,3
11602955710764,13338795729,-4.8287163,8.423035,-1.2664014,3
11602958210764,13341295729,-4.817051,8.425427,-1.2720844,3
11602960710764,13343795729,-4.812864,8.43111,-1.2864413,3
11602963210764,13346295729,-4.8101716,8.410771,-1.2984054,3
11602965710764,13348795729,-4.8137608,8.40449,-1.2861422,3
11602968210764,13351295729,-4.8236313,8.397312,-1.2705889,3
11602970710764,13353795729,-4.831109,8.384749,-1.2687942,3
11602973210764,13356295729,-4.8475595,8.370393,-1.2637094,3
11602975710764,13358795729,-4.8472605,8.369495,-1.2523435,3
11602978210764,13361295729,-4.8601217,8.349456,-1.2379866,3
11602980710764,13363795729,-4.883452,8.339286,-1.2191432,3
11602983210764,13366295729,-4.898407,8.335697,-1.2000005,3
11602985710764,13368795729,-4.907679,8.329415,-1.1856437,3
11602988210764,13371295729,-4.9307103,8.3348,-1.1709876,3
11602990710764,13373795729,-4.9429736,8.326425,-1.1823535,3
11602993210764,13376295729,-4.963312,8.338987,-1.1760724,3
11602995710764,13378795729,-4.9776692,8.343773,-1.1841481,3
11602998210764,13381295729,-4.988736,8.338987,-1.1910275,3
11603000710764,13383795729,-5.0069814,8.3377905,-1.1871392,3
11603003210764,13386295729,-5.0156555,8.328518,-1.1967105,3
11603005710764,13388795729,-5.011767,8.338688,-1.1997014,3
11603008210764,13391295729,-5.0030932,8.3327055,-1.2038889,3
11603010710764,13393795729,-5.009075,8.333902,-1.2000005,3
11603013210764,13396295729,-4.968397,8.3428755,-1.2059826,3
11603015710764,13398795729,-4.9657054,8.349754,-1.2038889,3
11603018210764,13401295729,-4.9256253,8.344969,-1.2191432,3
11603020710764,13403795729,-4.898706,8.343174,-1.2430713,3
11603023210764,13406295729,-4.880162,8.330612,-1.2469597,3
11603025710764,13408795729,-4.8568316,8.326125,-1.2281163,3
11603028210764,13411295729,-4.8376894,8.316554,-1.2323036,3
11603030710764,13413795729,-4.8176494,8.321639,-1.2424731,3
11603033210764,13416295729,-4.814658,8.332108,-1.2242279,3
11603035710764,13418795729,-4.8011985,8.33151,-1.2083755,3
11603038210764,13421295729,-4.818547,8.319844,-1.2212368,3
11603040710764,13423795729,-4.822136,8.329415,-1.2008978,3
11603043210764,13426295729,-4.7267222,8.311469,-1.2352947,3
11603045710764,13428795729,-4.6501517,8.30459,-1.247857,3
11603048210764,13431295729,-4.706383,8.322835,-1.2335001,3
11603050710764,13433795729,-4.779663,8.349754,-1.2290136,3
11603053210764,13436295729,-4.821837,8.389834,-1.1931212,3
11603055710764,13438795729,-4.847859,8.379964,-1.1727822,3
11603058210764,13441295729,-4.8649077,8.386844,-1.1279168,3
11603060710764,13443795729,-4.896313,8.395517,-1.1219348,3
11603063210764,13446295729,-4.918746,8.400003,-1.1126626,3
11603065710764,13448795729,-4.944768,8.400303,-1.0860424,3
11603068210764,13451295729,-4.961219,8.405388,-1.082154,3
11603070710764,13453795729,-4.982156,8.415856,-1.0929217,3
11603073210764,13456295729,-4.9839506,8.420044,-1.1096715,3
11603075710764,13458795729,-4.979763,8.429615,-1.1144571,3
11603078210764,13461295729,-4.98754,8.426624,-1.1581261,3
11603080710764,13463795729,-5.0009995,8.441878,-1.1629118,3
11603083210764,13466295729,-4.9848475,8.448459,-1.1682956,3
11603085710764,13468795729,-4.976174,8.448758,-1.1910275,3
11603088210764,13471295729,-4.9639106,8.43111,-1.1991032,3
11603090710764,13473795729,-4.9474597,8.424232,-1.2263216,3
11603093210764,13476295729,-4.929514,8.430512,-1.2433704,3
11603095710764,13478795729,-4.9160542,8.419147,-1.2547364,3
11603098210764,13481295729,-4.896313,8.43141,-1.2789637,3
11603100710764,13483795729,-4.8996034,8.445468,-1.3172488,3
11603103210764,13486295729,-4.892425,8.432905,-1.3277174,3
11603105710764,13488795729,-4.8885365,8.43141,-1.3280165,3
11603108210764,13491295729,-4.881657,8.430812,-1.3462619,3
11603110710764,13493795729,-4.869095,8.429017,-1.3360924,3
11603113210764,13496295729,-4.8583274,8.430812,-1.326222,3
11603115710764,13498795729,-4.8454657,8.416454,-1.3169497,3
11603118210764,13501295729,-4.8329034,8.425427,-1.2957134,3
11603120710764,13503795729,-4.840979,8.412866,-1.2804592,3
11603123210764,13506295729,-4.8358946,8.415856,-1.2640085,3
11603125710764,13508795729,-4.8493543,8.412267,-1.2385849,3
11603128210764,13511295729,-4.866403,8.41795,-1.221835,3
11603130710764,13513795729,-4.866403,8.421839,-1.2230315,3
11603133210764,13516295729,-4.879564,8.420044,-1.2320045,3
11603135710764,13518795729,-4.863113,8.418847,-1.2475579,3
11603138210764,13521295729,-4.8601217,8.428718,-1.2702898,3
11603140710764,13523795729,-4.8565326,8.427522,-1.2951152,3
11603143210764,13526295729,-4.8559346,8.43141,-1.3085749,3
11603145710764,13528795729,-4.8496532,8.428718,-1.2969099,3
11603148210764,13531295729,-4.829613,8.420941,-1.3004991,3
11603150710764,13533795729,-4.8041897,8.419446,-1.3076776,3
11603153210764,13536295729,-4.7913284,8.422437,-1.3049856,3
11603155710764,13538795729,-4.782056,8.410173,-1.2969099,3
11603158210764,13541295729,-4.7949176,8.426325,-1.2888341,3
11603160710764,13543795729,-4.7916274,8.422437,-1.2849457,3
11603163210764,13546295729,-4.7988057,8.418249,-1.2738789,3
11603165710764,13548795729,-4.7973104,8.42782,-1.2894323,3
11603168210764,13551295729,-4.81406,8.442476,-1.2852448,3
11603170710764,13553795729,-4.8364925,8.443972,-1.2813566,3
11603173210764,13556295729,-4.857131,8.466405,-1.2888341,3
11603175710764,13558795729,-4.872684,8.477173,-1.285843,3
11603178210764,13561295729,-4.878367,8.489137,-1.2831511,3
11603180710764,13563795729,-4.886443,8.512766,-1.2610176,3
11603183210764,13566295729,-4.883751,8.505886,-1.2690933,3
11603185710764,13568795729,-4.872086,8.509774,-1.2568301,3
11603188210764,13571295729,-4.869095,8.512466,-1.2574283,3
11603190710764,13573795729,-4.8616176,8.516056,-1.2672987,3
11603193210764,13576295729,-4.8502517,8.53161,-1.2831511,3
11603195710764,13578795729,-4.8299127,8.501101,-1.2930216,3
11603198210764,13581295729,-4.833203,8.505588,-1.3217354,3
11603200710764,13583795729,-4.8329034,8.505588,-1.3471591,3
11603203210764,13586295729,-4.833801,8.516654,-1.3486546,3
11603205710764,13588795729,-4.826024,8.519645,-1.3671991,3
11603208210764,13591295729,-4.8248277,8.548658,-1.3755739,3
11603210710764,13593795729,-4.828417,8.550154,-1.3689936,3
11603213210764,13596295729,-4.834997,8.571091,-1.3519448,3
11603215710764,13598795729,-4.8290153,8.569894,-1.3357933,3
11603218210764,13601295729,-4.8302116,8.568698,-1.3241283,3
11603220710764,13603795729,-4.8062835,8.579466,-1.3229318,3
11603223210764,13606295729,-4.79402,8.576474,-1.3274183,3
11603225710764,13608795729,-4.7694936,8.563912,-1.3109677,3
11603228210764,13611295729,-4.742275,8.544769,-1.3076776,3
11603230710764,13613795729,-4.7216372,8.541479,-1.2999009,3
11603233210764,13616295729,-4.692325,8.52802,-1.2834502,3
11603235710764,13618795729,-4.636094,8.522337,-1.2807583,3
11603238210764,13621295729,-4.6145587,8.514561,-1.2726825,3
11603240710764,13623795729,-4.5852466,8.507083,-1.2789637,3
11603243210764,13626295729,-4.5628138,8.513364,-1.2765709,3
11603245710764,13628795729,-4.5335016,8.508578,-1.2559328,3
11603248210764,13631295729,-4.531109,8.491829,-1.2658032,3
11603250710764,13633795729,-4.511368,8.487342,-1.2690933,3
11603253210764,13636295729,-4.505685,8.467302,-1.2822539,3
11603255710764,13638795729,-4.4913282,8.469695,-1.2903296,3
11603258210764,13641295729,-4.4814577,8.459525,-1.285843,3
11603260710764,13643795729,-4.4955153,8.459525,-1.306182,3
11603263210764,13646295729,-4.513761,8.448159,-1.3031911,3
11603265710764,13648795729,-4.5355954,8.446364,-1.3046865,3
11603268210764,13651295729,-4.5634117,8.451449,-1.3112668,3
11603270710764,13653795729,-4.5945187,8.444571,-1.3004991,3
11603273210764,13656295729,-4.6148577,8.443374,-1.2777673,3
11603275710764,13658795729,-4.6615176,8.436495,-1.2900305,3
11603278210764,13661295729,-4.689035,8.433803,-1.2873386,3
11603280710764,13663795729,-4.714459,8.433803,-1.2957134,3
11603283210764,13666295729,-4.7309093,8.429017,-1.2873386,3
11603285710764,13668795729,-4.750351,8.4197445,-1.3034902,3
11603288210764,13671295729,-4.767101,8.429914,-1.2948161,3
11603290710764,13673795729,-4.7769713,8.417651,-1.3166506,3
11603293210764,13676295729,-4.7784667,8.416454,-1.3235301,3
11603295710764,13678795729,-4.761418,8.405686,-1.3378869,3
11603298210764,13681295729,-4.7599225,8.40479,-1.3603196,3
11603300710764,13683795729,-4.7509494,8.396714,-1.3528421,3
11603303210764,13686295729,-4.7524447,8.381459,-1.3606188,3
11603305710764,13688795729,-4.749454,8.376674,-1.3639089,3
11603308210764,13691295729,-4.778766,8.373981,-1.358525,3
11603310710764,13693795729,-4.7784667,8.365009,-1.334896,3
11603313210764,13696295729,-4.779364,8.348857,-1.3351951,3
11603315710764,13698795729,-4.7751765,8.336893,-1.314856,3
11603318210764,13701295729,-4.7685966,8.320742,-1.3079767,3
11603320710764,13703795729,-4.7512484,8.310273,-1.2984054,3
11603323210764,13706295729,-4.7368917,8.315956,-1.2951152,3
11603325710764,13708795729,-4.7368917,8.316854,-1.2993027,3
11603328210764,13711295729,-4.7470613,8.320742,-1.3010973,3
11603330710764,13713795729,-4.7506504,8.328219,-1.3073785,3
11603333210764,13716295729,-4.752146,8.333902,-1.3316058,3
11603335710764,13718795729,-4.7569313,8.32792,-1.3486546,3
11603338210764,13721295729,-4.779065,8.33121,-1.378864,3
11603340710764,13723795729,-4.7635117,8.344371,-1.4060824,3
11603343210764,13726295729,-4.7470613,8.349156,-1.3938192,3
11603345710764,13728795729,-4.7344985,8.365009,-1.3839488,3
11603348210764,13731295729,-4.7288156,8.376375,-1.3761721,3
11603350710764,13733795729,-4.7691946,8.36471,-1.3734802,3
11603353210764,13736295729,-4.7982078,8.348558,-1.3136597,3
11603355710764,13738795729,-4.8305106,8.366205,-1.2981063,3
11603358210764,13741295729,-4.820042,8.371888,-1.3489537,3
11603360710764,13743795729,-4.794319,8.388339,-1.4147564,3
11603363210764,13746295729,-4.7799625,8.41795,-1.4712868,3
11603365710764,13748795729,-4.7581277,8.430812,-1.5595222,3
11603368210764,13751295729,-4.7769713,8.470293,-1.5687944,3
11603370710764,13753795729,-4.7841496,8.50469,-1.5499508,3
11603373210764,13756295729,-4.796712,8.540283,-1.5041882,3
11603375710764,13758795729,-4.7880383,8.5576315,-1.4383855,3
11603378210764,13761295729,-4.7799625,8.585149,-1.4114662,3
11603380710764,13763795729,-4.752744,8.585747,-1.3812568,3
11603383210764,13766295729,-4.706084,8.582157,-1.3683954,3
11603385710764,13768795729,-4.657031,8.591729,-1.3806586,3
11603388210764,13771295729,-4.634897,8.573184,-1.3935201,3
11603390710764,13773795729,-4.58405,8.550752,-1.3917254,3
11603393210764,13776295729,-4.5616174,8.540283,-1.3761721,3
11603395710764,13778795729,-4.560421,8.5220375,-1.3540385,3
11603398210764,13781295729,-4.5544386,8.512766,-1.3286148,3
11603400710764,13783795729,-4.555037,8.50469,-1.3268201,3
11603403210764,13786295729,-4.5526443,8.493623,-1.3091731,3
11603405710764,13788795729,-4.5705905,8.495118,-1.3286148,3
11603408210764,13791295729,-4.571787,8.482556,-1.3241283,3
11603410710764,13793795729,-4.5744786,8.4682,-1.3384851,3
11603413210764,13796295729,-4.573581,8.461619,-1.3450655,3
11603415710764,13798795729,-4.583153,8.452945,-1.3492528,3
11603418210764,13801295729,-4.5891347,8.439186,-1.3369896,3
11603420710764,13803795729,-4.6064825,8.447262,-1.3411771,3
11603423210764,13806295729,-4.6175494,8.4604225,-1.3492528,3
11603425710764,13808795729,-4.642076,8.457132,-1.3669,3
11603428210764,13811295729,-4.6636114,8.439486,-1.4210376,3
11603430710764,13813795729,-4.684848,8.426025,-1.480559,3
11603433210764,13816295729,-4.7626143,8.424232,-1.5840486,3
11603435710764,13818795729,-4.7955155,8.411369,-1.6298113,3
11603438210764,13821295729,-4.82064,8.393723,-1.6486548,3
11603440710764,13823795729,-4.8490553,8.377871,-1.6926229,3
11603443210764,13826295729,-4.8822556,8.366205,-1.7102699,3
11603445710764,13828795729,-4.910072,8.381161,-1.7297117,3
11603448210764,13831295729,-4.933701,8.381161,-1.750948,3
11603450710764,13833795729,-4.9486566,8.399107,-1.7943178,3
11603453210764,13836295729,-4.9728837,8.424232,-1.8167506,3
11603455710764,13838795729,-5.0051866,8.439785,-1.7847466,3
11603458210764,13841295729,-5.021039,8.462815,-1.7817556,3
11603460710764,13843795729,-5.032405,8.488837,-1.7718852,3
11603463210764,13846295729,-5.034798,8.506186,-1.7721843,3
11603465710764,13848795729,-5.0330033,8.504091,-1.7808583,3
11603468210764,13851295729,-5.0327044,8.507681,-1.7925233,3
11603470710764,13853795729,-5.0273204,8.4909315,-1.8131614,3
11603473210764,13856295729,-5.035097,8.469695,-1.8523438,3
11603475710764,13858795729,-5.0362935,8.447262,-1.8879371,3
11603478210764,13861295729,-5.052744,8.424232,-1.8954146,3
11603480710764,13863795729,-5.094918,8.419446,-1.8592232,3
11603483210764,13866295729,-5.132006,8.395517,-1.8708882,3
11603485710764,13868795729,-5.1699924,8.37129,-1.878964,3
11603488210764,13871295729,-5.2277193,8.364112,-1.8870398,3
11603490710764,13873795729,-5.31745,8.365607,-1.9085752,3
11603493210764,13876295729,-5.421239,8.373683,-1.945963,3
11603495710764,13878795729,-5.5226345,8.376076,-2.0656042,3
11603498210764,13881295729,-5.6300125,8.373085,-2.2363918,3
11603500710764,13883795729,-5.729614,8.382955,-2.4197419,3
11603503210764,13886295729,-5.820242,8.377571,-2.5782664,3
11603505710764,13888795729,-5.8920264,8.373683,-2.7376883,3
11603508210764,13891295729,-5.9676995,8.368598,-2.9306095,3
11603510710764,13893795729,-6.0361943,8.355737,-3.1543384,3
11603513210764,13896295729,-6.0915284,8.326425,-3.3367913,3
11603515710764,13898795729,-6.136693,8.298608,-3.528516,3
11603518210764,13901295729,-6.196214,8.267202,-3.752245,3
11603520710764,13903795729,-6.2344995,8.219645,-3.9771702,3
11603523210764,13906295729,-6.239285,8.190332,-4.182056,3
11603525710764,13908795729,-6.239584,8.136793,-4.3633122,3
11603528210764,13911295729,-6.2461643,8.084451,-4.5544386,3
11603530710764,13913795729,-6.2581286,8.032107,-4.7303114,3
11603533210764,13916295729,-6.279664,7.953144,-4.9082775,3
11603535710764,13918795729,-6.280262,7.8759756,-5.0368915,3
11603538210764,13921295729,-6.2727847,7.786544,-5.191827,3
11603540710764,13923795729,-6.2611194,7.7039914,-5.328218,3
11603543210764,13926295729,-6.2383876,7.6181493,-5.4355955,3
11603545710764,13928795729,-6.210272,7.5463643,-5.512166,3
11603548210764,13931295729,-6.178268,7.455138,-5.5591254,3
11603550710764,13933795729,-6.1642103,7.3863444,-5.578866,3
11603553210764,13936295729,-6.148059,7.318448,-5.558826,3
11603555710764,13938795729,-6.1534424,7.245766,-5.4849477,3
11603558210764,13941295729,-6.155237,7.1685977,-5.373083,3
11603560710764,13943795729,-6.1848483,7.09113,-5.244768,3
11603563210764,13946295729,-6.1911297,7.051349,-5.130212,3
11603565710764,13948795729,-6.194719,7.0175505,-5.0165524,3
11603568210764,13951295729,-6.218946,6.999604,-4.901697,3
11603570710764,13953795729,-6.259923,6.991828,-4.8032923,3
11603573210764,13956295729,-6.348757,6.9882383,-4.744369,3
11603575710764,13958795729,-6.4698935,6.9852476,-4.677669,3
11603578210764,13961295729,-6.582057,6.9876404,-4.6429734,3
11603580710764,13963795729,-6.728617,6.9598236,-4.6262236,3
11603583210764,13966295729,-6.844071,6.93111,-4.572086,3
11603585710764,13968795729,-6.9469624,6.876673,-4.5224347,3
11603588210764,13971295729,-7.019943,6.806384,-4.4898324,3
11603590710764,13973795729,-7.077371,6.7316084,-4.4371905,3
11603593210764,13976295729,-7.109375,6.661917,-4.360321,3
11603595710764,13978795729,-7.157232,6.6014986,-4.2448673,3
11603598210764,13981295729,-7.177571,6.560222,-4.084249,3
11603600710764,13983795729,-7.192526,6.541678,-3.932604,3
11603603210764,13986295729,-7.161419,6.4830537,-3.7468612,3
11603605710764,13988795729,-7.117451,6.4528446,-3.5494533,3
11603608210764,13991295729,-7.132406,6.5057855,-3.4082768,3
11603610710764,13993795729,-7.1216383,6.5772715,-3.23719,3
11603613210764,13996295729,-6.747162,6.6849484,-2.9874392,3
11603615710764,13998795729,-6.3451676,6.7905316,-2.7508488,3
11603618210764,14001295729,-6.4345994,6.818348,-2.4762723,3
11603620710764,14003795729,-6.6278195,6.8635125,-2.1888344,3
11603623210764,14006295729,-6.7728844,6.88774,-1.9683957,3
11603625710764,14008795729,-6.8261247,6.8509502,-1.8233309,3
11603628210764,14011295729,-6.8611197,6.791728,-1.6815561,3
11603630710764,14013795729,-6.834799,6.7112694,-1.5101702,3
11603633210764,14016295729,-6.6999035,6.650851,-1.2963116,3
11603635710764,14018795729,-6.4675007,6.595217,-1.0184451,3
11603638210764,14021295729,-6.135496,6.5958157,-0.7109674,3
11603640710764,14023795729,-5.7652073,6.629315,-0.33409786,3
11603643210764,14026295729,-5.4032927,6.713662,0.08075777,3
11603645710764,14028795729,-5.0530434,6.853044,0.50009996,3
11603648210764,14031295729,-4.70728,6.9972115,0.91346,3
11603650710764,14033795729,-4.3531427,7.135397,1.3372887,3
11603653210764,14036295729,-4.011268,7.2499533,1.762912,3
11603655710764,14038795729,-3.638885,7.3360953,2.160719,3
11603658210764,14041295729,-3.2673993,7.4042907,2.5636103,3
11603660710764,14043795729,-2.9123642,7.4647093,2.9485557,3
11603663210764,14046295729,-2.5669005,7.4994054,3.2913275,3
11603665710764,14048795729,-2.2438695,7.522735,3.6637106,3
11603668210764,14051295729,-1.9486549,7.5349984,3.9675992,3
11603670710764,14053795729,-1.6809579,7.5885377,4.255336,3
11603673210764,14056295729,-1.4928222,7.6947193,4.531109,3
11603675710764,14058795729,-1.3142579,7.7497544,4.766503,3
11603678210764,14061295729,-1.0851451,7.772486,4.9606204,3
11603680710764,14063795729,-0.86081797,7.799106,5.1409793,3
11603683210764,14066295729,-0.6448657,7.8236327,5.341079,3
11603685710764,14068795729,-0.4776672,7.852646,5.5274205,3
11603688210764,14071295729,-0.3610171,7.9011,5.643472,3
11603690710764,14073795729,-0.29042885,7.9462647,5.7574306,3
11603693210764,14076295729,-0.24436702,8.018349,5.813961,3
11603695710764,14078795729,-0.21924238,8.076973,5.879165,3
11603698210764,14081295729,-0.18783657,8.142776,5.9823556,3
11603700710764,14083795729,-0.12981063,8.200802,6.11426,3
11603703210764,14086295729,-0.029012974,8.238788,6.277869,3
11603705710764,14088795729,0.0846461,8.2965145,6.4624157,3
11603708210764,14091295729,0.21445672,8.359924,6.6475606,3
11603710710764,14093795729,0.32273194,8.443374,6.797411,3
11603713210764,14096295729,0.4459623,8.543872,6.9113693,3
11603715710764,14098795729,0.56470615,8.669795,7.043872,3
11603718210764,14101295729,0.6858428,8.752048,7.09442,3
11603720710764,14103795729,0.79830545,8.79482,6.9873414,3
11603723210764,14106295729,0.99720883,8.720942,5.9676995,3
11603725710764,14108795729,1.3689936,8.592627,3.0747771,3
11603728210764,14111295729,1.4057833,8.594122,3.3317065,3
11603730710764,14113795729,1.2870395,8.644969,3.9451663,3
11603733210764,14116295729,1.1706885,8.625228,4.3441696,3
11603735710764,14118795729,1.0465608,8.565108,4.7078786,3
11603738210764,14121295729,0.9493524,8.530712,5.0593243,3
11603740710764,14123795729,0.8955139,8.553742,5.3650074,3
11603743210764,14126295729,0.86291164,8.628518,5.477171,3
11603745710764,14128795729,0.8446664,8.7673025,5.5573306,3
11603748210764,14131295729,0.8120642,8.918648,5.5477595,3
11603750710764,14133795729,0.7516454,9.057731,5.4810596,3
11603753210764,14136295729,0.6358926,9.193523,5.3533425,3
11603755710764,14138795729,0.49232325,9.285947,5.206184,3
11603758210764,14141295729,0.3044867,9.326325,5.0189457,3
11603760710764,14143795729,0.07597212,9.347262,4.8158545,3
11603763210764,14146295729,-0.180359,9.357133,4.6058846,3
11603765710764,14148795729,-0.45912284,9.333204,4.4195433,3
11603768210764,14151295729,-0.7265208,9.332606,4.221537,3
11603770710764,14153795729,-0.9804591,9.368798,4.0845485,3
11603773210764,14156295729,-1.2248261,9.403194,3.9418762,3
11603775710764,14158795729,-1.4826528,9.432208,3.8087754,3
11603778210764,14161295729,-1.7336,9.48156,3.7325041,3
11603780710764,14163795729,-1.9507487,9.543773,3.6900315,3
11603783210764,14166295729,-2.1744776,9.590134,3.659224,3
11603785710764,14168795729,-2.411068,9.679565,3.615854,3
11603788210764,14171295729,-2.638386,9.74806,3.600899,3
11603790710764,14173795729,-2.792424,9.782457,3.5739796,3
11603793210764,14176295729,-2.8860433,9.764811,3.5111682,3
11603795710764,14178795729,-2.9132617,9.71845,3.482155,3
11603798210764,14181295729,-2.917449,9.654441,3.4683964,3
11603800710764,14183795729,-2.9168508,9.55155,3.495914,3
11603803210764,14186295729,-2.8818557,9.426226,3.5270207,3
11603805710764,14188795729,-2.8025935,9.276674,3.534199,3
11603808210764,14191295729,-2.7502506,9.119047,3.591627,3
11603810710764,14193795729,-2.684747,8.976375,3.7019958,3
11603813210764,14196295729,-2.5905297,8.820842,3.8318064,3
11603815710764,14198795729,-2.477768,8.695817,4.0031924,3
11603818210764,14201295729,-2.3234308,8.570493,4.162315,3
11603820710764,14203795729,-2.1484556,8.4705925,4.3495536,3
11603823210764,14206295729,-1.9666011,8.394919,4.5242295,3
11603825710764,14208795729,-1.7617157,8.326724,4.6893344,3
11603828210764,14211295729,-1.5403795,8.280363,4.8786664,3
11603830710764,14213795729,-1.2771691,8.210671,5.046762,3
11603833210764,14216295729,-1.0609177,8.158329,5.1816573,3
11603835710764,14218795729,-0.8662018,8.132008,5.311169,3
11603838210764,14221295729,-0.6870392,8.100901,5.4843497,3
11603840710764,14223795729,-0.5201398,8.078468,5.6264234,3
11603843210764,14226295729,-0.37477586,8.059924,5.7017975,3
11603845710764,14228795729,-0.26171497,8.036594,5.730511,3
11603848210764,14231295729,-0.16660027,8.033603,5.768198,3
11603850710764,14233795729,-0.10378868,8.030612,5.81426,3
11603853210764,14236295729,-0.089132644,8.038987,5.8426747,3
11603855710764,14238795729,-0.11455639,8.052147,5.866005,3
11603858210764,14241295729,-0.17138593,8.070393,5.901299,3
11603860710764,14243795729,-0.28115666,8.085049,5.9294147,3
11603863210764,14246295729,-0.38793638,8.120941,5.9602222,3
11603865710764,14248795729,-0.53210396,8.1637125,5.9880385,3
11603868210764,14251295729,-0.6855437,8.240283,6.026922,3
11603870710764,14253795729,-0.84347,8.298608,6.142675,3
11603873210764,14256295729,-1.0013963,8.386544,6.1956162,3
11603875710764,14258795729,-1.151845,8.455039,6.1854467,3
11603878210764,14261295729,-1.3232309,8.514859,6.1881385,3
11603880710764,14263795729,-1.4715859,8.579466,6.203991,3
11603883210764,14266295729,-1.6184454,8.633903,6.2790656,3
11603885710764,14268795729,-1.7347964,8.708379,6.3257256,3
11603888210764,14271295729,-1.8200407,8.75145,6.410372,3
11603890710764,14273795729,-1.8885353,8.79123,6.501299,3
11603893210764,14276295729,-1.9525433,8.826823,6.588338,3
11603895710764,14278795729,-1.98365,8.82443,6.6687965,3
11603898210764,14281295729,-2.001297,8.806186,6.7205415,3
11603900710764,14283795729,-1.9812572,8.756235,6.7636123,3
11603903210764,14286295729,-1.9280169,8.702098,6.8111696,3
11603905710764,14288795729,-1.8535402,8.63809,6.8488564,3
11603908210764,14291295729,-1.7668004,8.579764,6.8742805,3
11603910710764,14293795729,-1.660918,8.544471,6.9266233,3
11603913210764,14296295729,-1.5323038,8.514859,6.9278197,3
11603915710764,14298795729,-1.4090735,8.469096,6.9266233,3
11603918210764,14301295729,-1.2984054,8.444869,6.9119673,3
11603920710764,14303795729,-1.2098709,8.414062,6.888637,3
11603923210764,14306295729,-1.0908281,8.377272,6.862017,3
11603925710764,14308795729,-1.006182,8.343473,6.818348,3
11603928210764,14311295729,-0.9296116,8.3174515,6.773782,3
11603930710764,14313795729,-0.8491529,8.280662,6.701399,3
11603933210764,14316295729,-0.7686943,8.236095,6.617949,3
11603935710764,14318795729,-0.70678,8.198708,6.515357,3
11603938210764,14321295729,-0.67477596,8.161918,6.396912,3
11603940710764,14323795729,-0.6358926,8.134998,6.2811594,3
11603943210764,14326295729,-0.6158527,8.112267,6.1911297,3
11603945710764,14328795729,-0.60717875,8.082058,6.072685,3
11603948210764,14331295729,-0.60687965,8.070393,5.933303,3
11603950710764,14333795729,-0.62153566,8.062915,5.7783675,3
11603953210764,14336295729,-0.6433702,8.071888,5.639883,3
11603955710764,14338795729,-0.66370916,8.092227,5.4957156,3
11603958210764,14341295729,-0.68345,8.108976,5.352445,3
11603960710764,14343795729,-0.6972087,8.120044,5.22413,3
11603963210764,14346295729,-0.71724856,8.149056,5.122435,3
11603965710764,14348795729,-0.7405786,8.180163,5.0102715,3
11603968210764,14351295729,-0.7465607,8.190034,4.9519463,3
11603970710764,14353795729,-0.7429714,8.206485,4.90738,3
11603973210764,14356295729,-0.7495517,8.200502,4.8822556,3
11603975710764,14358795729,-0.7498508,8.224132,4.904389,3
11603978210764,14361295729,-0.73579293,8.213962,4.901996,3
11603980710764,14363795729,-0.6969096,8.217551,4.9235315,3
11603983210764,14366295729,-0.65653074,8.213663,4.968098,3
11603985710764,14368795729,-0.60747784,8.209774,5.016852,3
11603988210764,14371295729,-0.53359944,8.213364,5.0644093,3
11603990710764,14373795729,-0.46241298,8.167601,5.093422,3
11603993210764,14376295729,-0.39511484,8.145766,5.115257,3
11603995710764,14378795729,-0.32123643,8.100901,5.12423,3
11603998210764,14381295729,-0.23868406,8.056634,5.142475,3
11604000710764,14383795729,-0.17527425,8.009675,5.193023,3
11604003210764,14386295729,-0.12951152,7.974979,5.258228,3
11604005710764,14388795729,-0.08973085,7.9570327,5.349454,3
11604008210764,14391295729,-0.06849455,7.9501534,5.4580283,3
11604010710764,14393795729,-0.069391854,7.9462647,5.593223,3
11604013210764,14396295729,-0.096909314,7.9504523,5.7807603,3
11604015710764,14398795729,-0.16749759,7.945368,5.9464636,3
11604018210764,14401295729,-0.22342981,7.943274,6.1190457,3
11604020710764,14403795729,-0.28863424,7.960921,6.2979093,3
11604023210764,14406295729,-0.36729828,7.9761753,6.4534426,3
11604025710764,14408795729,-0.43639103,7.9746795,6.5814586,3
11604028210764,14411295729,-0.49202415,7.986345,6.6870418,3
11604030710764,14413795729,-0.54287165,7.9920278,6.7701926,3
11604033210764,14416295729,-0.5766702,8.000702,6.8189464,3
11604035710764,14418795729,-0.6041877,8.008778,6.849754,3
11604038210764,14421295729,-0.61764735,8.019246,6.8479595,3
11604040710764,14423795729,-0.6442675,8.02792,6.8108706,3
11604043210764,14426295729,-0.6625128,8.019246,6.748956,3
11604045710764,14428795729,-0.6855437,8.028219,6.678368,3
11604048210764,14431295729,-0.70348984,8.010871,6.5979095,3
11604050710764,14433795729,-0.7363912,8.011469,6.518647,3
11604053210764,14436295729,-0.77318084,8.014461,6.428318,3
11604055710764,14438795729,-0.79830545,8.005786,6.3385873,3
11604058210764,14441295729,-0.82612205,8.010572,6.2718873,3
11604060710764,14443795729,-0.846461,8.015656,6.233303,3
11604063210764,14446295729,-0.8790632,8.039884,6.1974106,3
11604065710764,14448795729,-0.89461654,8.046763,6.1651077,3
11604068210764,14451295729,-0.92482597,8.065906,6.1384873,3
11604070710764,14453795729,-0.94277215,8.072785,6.1253266,3
11604073210764,14456295729,-0.94277215,8.079665,6.107979,3
11604075710764,14458795729,-0.9379865,8.0817585,6.079564,3
11604078210764,14461295729,-0.9299107,8.117651,6.072386,3
11604080710764,14463795729,-0.9179466,8.112267,6.076573,3
11604083210764,14466295729,-0.9026923,8.108378,6.059225,3
11604085710764,14468795729,-0.88295156,8.10449,6.0640106,3
11604088210764,14471295729,-0.863809,8.102995,6.061319,3
11604090710764,14473795729,-0.85124665,8.099107,6.073881,3
11604093210764,14476295729,-0.8207382,8.082656,6.0954165,3
11604095710764,14478795729,-0.80847496,8.073383,6.0987067,3
11604098210764,14481295729,-0.7788638,8.066205,6.0714884,3
11604100710764,14483795729,-0.7495517,8.068598,6.0451674,3
11604103210764,14486295729,-0.73011,8.065906,5.999704,3
11604105710764,14488795729,-0.7076773,8.051549,5.919544,3
11604108210764,14491295729,-0.68853474,8.052147,5.8396835,3
11604110710764,14493795729,-0.68075806,8.043773,5.7664037,3
11604113210764,14496295729,-0.68345,8.0404825,5.705087,3
11604115710764,14498795729,-0.6789634,8.032705,5.6410794,3
11604118210764,14501295729,-0.6759724,8.036594,5.5830536,3
11604120710764,14503795729,-0.70229346,8.034201,5.5262237,3
11604123210764,14506295729,-0.7082755,8.032107,5.4819565,3
11604125710764,14508795729,-0.73011,8.032705,5.425127,3
11604128210764,14511295729,-0.76570326,8.034201,5.354539,3
11604130710764,14513795729,-0.7704889,8.018049,5.2872405,3
11604133210764,14516295729,-0.80518484,8.029415,5.192126,3
11604135710764,14518795729,-0.81954175,8.006683,5.126323,3
11604138210764,14521295729,-0.84077805,8.0013,5.063811,3
11604140710764,14523795729,-0.86171526,8.010871,5.0132627,3
11604143210764,14526295729,-0.8865408,8.017451,4.988736,3
11604145710764,14528795729,-0.91854477,8.033304,4.968397,3
11604148210764,14531295729,-0.9317053,8.042277,4.971089,3
11604150710764,14533795729,-0.9601201,8.072486,4.9992046,3
11604153210764,14536295729,-0.97597253,8.085348,5.0306106,3
11604155710764,14538795729,-1.0118649,8.102995,5.0662036,3
11604158210764,14541295729,-1.0166506,8.118548,5.1029935,3
11604160710764,14543795729,-1.0390832,8.13799,5.1472607,3
11604163210764,14546295729,-1.055833,8.152048,5.154439,3
11604165710764,14548795729,-1.0707881,8.165507,5.1670012,3
11604168210764,14551295729,-1.0731809,8.1637125,5.2013984,3
11604170710764,14553795729,-1.1090733,8.1275215,5.181957,3
11604173210764,14556295729,-1.1129616,8.117352,5.186443,3
11604175710764,14558795729,-1.1270195,8.075178,5.209773,3
11604178210764,14561295729,-1.1446666,8.04108,5.241179,3
11604180710764,14563795729,-1.1584252,8.021639,5.2645087,3
11604183210764,14566295729,-1.14018,8.009675,5.252545,3
11604185710764,14568795729,-1.1383854,8.002795,5.265107,3
11604188210764,14571295729,-1.1413764,8.005786,5.273482,3
11604190710764,14573795729,-1.1410773,8.001599,5.278567,3
11604193210764,14576295729,-1.134198,8.0048895,5.274678,3
11604195710764,14578795729,-1.1383854,8.008179,5.2719865,3
11604198210764,14581295729,-1.151845,8.006983,5.293522,3
11604200710764,14583795729,-1.1727822,7.9980097,5.2884374,3
11604203210764,14586295729,-1.195514,8.000702,5.3150573,3
11604205710764,14588795729,-1.2164512,8.010572,5.316852,3
11604208210764,14591295729,-1.2287145,8.005487,5.3425746,3
11604210710764,14593795729,-1.2511472,7.9998045,5.354539,3
11604213210764,14596295729,-1.2843475,8.000103,5.3593245,3
11604215710764,14598795729,-1.3211372,7.9884386,5.3611193,3
11604218210764,14601295729,-1.3603196,7.973483,5.3826547,3
11604220710764,14603795729,-1.3929219,7.9651084,5.413462,3
11604223210764,14606295729,-1.4246268,7.9657063,5.465805,3
11604225710764,14608795729,-1.4850456,7.938488,5.519644,3
11604228210764,14611295729,-1.5206388,7.928917,5.5887365,3
11604230710764,14613795729,-1.5631114,7.9307117,5.6443696,3
11604233210764,14616295729,-1.5822539,7.913663,5.682655,3
11604235710764,14618795729,-1.5840486,7.915756,5.7077794,3
11604238210764,14621295729,-1.6130615,7.905886,5.72423,3
11604240710764,14623795729,-1.6151553,7.8978105,5.7397833,3
11604243210764,14626295729,-1.6307086,7.8816586,5.7637115,3
11604245710764,14628795729,-1.6399808,7.8661056,5.7583275,3
11604248210764,14631295729,-1.6537396,7.8344007,5.743971,3
11604250710764,14633795729,-1.6689938,7.8227353,5.7370915,3
11604253210764,14636295729,-1.66361,7.832307,5.7466626,3
11604255710764,14638795729,-1.6710875,7.8293157,5.7469616,3
11604258210764,14641295729,-1.6827525,7.8346996,5.730511,3
11604260710764,14643795729,-1.6767704,7.8427753,5.723632,3
11604263210764,14646295729,-1.689931,7.8409805,5.7349977,3
11604265710764,14648795729,-1.6953149,7.8571324,5.73081,3
11604268210764,14651295729,-1.6983058,7.8696947,5.697311,3
11604270710764,14653795729,-1.7099708,7.8637123,5.658726,3
11604273210764,14656295729,-1.7144574,7.871489,5.6536417,3
11604275710764,14658795729,-1.7413766,7.8870425,5.6207404,3
11604278210764,14661295729,-1.7353946,7.8810606,5.5761743,3
11604280710764,14663795729,-1.7356937,7.879864,5.534599,3
11604283210764,14666295729,-1.7168503,7.882556,5.5040903,3
11604285710764,14668795729,-1.7006987,7.8720875,5.468198,3
11604288210764,14671295729,-1.6821543,7.862516,5.40419,3
11604290710764,14673795729,-1.6594225,7.8430743,5.355137,3
11604293210764,14676295729,-1.6178472,7.8352976,5.319245,3
11604295710764,14678795729,-1.5951154,7.8409805,5.29083,3
11604298210764,14681295729,-1.5613167,7.847262,5.2609196,3
11604300710764,14683795729,-1.5323038,7.8523464,5.230411,3
11604303210764,14686295729,-1.50359,7.8553376,5.2016973,3
11604305710764,14688795729,-1.4787644,7.8571324,5.163113,3
11604308210764,14691295729,-1.4620147,7.865806,5.1343994,3
11604310710764,14693795729,-1.4584254,7.867302,5.1014977,3
11604313210764,14696295729,-1.4515461,7.85444,5.055436,3
11604315710764,14698795729,-1.4575281,7.8481593,5.0542397,3
11604318210764,14701295729,-1.489233,7.8427753,5.046164,3
11604320710764,14703795729,-1.5308083,7.8490562,5.0569315,3
11604323210764,14706295729,-1.5786648,7.8442707,5.0772705,3
11604325710764,14708795729,-1.637588,7.855936,5.1329036,3
11604328210764,14711295729,-1.7033906,7.879266,5.152345,3
11604330710764,14713795729,-1.7886349,7.8852477,5.17747,3
11604333210764,14716295729,-1.8562322,7.887641,5.234,3
11604335710764,14718795729,-1.934298,7.8897343,5.3012986,3
11604338210764,14721295729,-1.9806589,7.8813596,5.3144593,3
11604340710764,14723795729,-2.0494525,7.904989,5.3769717,3
11604343210764,14726295729,-2.0931215,7.908877,5.4293146,3
11604345710764,14728795729,-2.126322,7.9103727,5.4837513,3
11604348210764,14731295729,-2.1332014,7.9166536,5.521139,3
11604350710764,14733795729,-2.1077776,7.926524,5.5872407,3
11604353210764,14736295729,-2.0994027,7.9247293,5.642276,3
11604355710764,14738795729,-2.0673988,7.932506,5.680561,3
11604358210764,14741295729,-2.0488544,7.945966,5.702994,3
11604360710764,14743795729,-2.030011,7.919944,5.7026944,3
11604363210764,14746295729,-2.000998,7.903194,5.710471,3
11604365710764,14748795729,-1.9677975,7.8816586,5.7041903,3
11604368210764,14751295729,-1.9444675,7.861619,5.672186,3
11604370710764,14753795729,-1.9199411,7.835597,5.65095,3
11604373210764,14756295729,-1.899303,7.817651,5.6321063,3
11604375710764,14758795729,-1.8900307,7.784151,5.6129637,3
11604378210764,14761295729,-1.8723837,7.7554374,5.6093745,3
11604380710764,14763795729,-1.8658035,7.7383885,5.593522,3
11604383210764,14766295729,-1.8370895,7.7291164,5.58096,3
11604385710764,14768795729,-1.8212371,7.730313,5.573183,3
11604388210764,14771295729,-1.8197416,7.7201433,5.5743794,3
11604390710764,14773795729,-1.8068802,7.71117,5.5704913,3
11604393210764,14776295729,-1.7904296,7.7093754,5.582455,3
11604395710764,14778795729,-1.7970098,7.713264,5.58754,3
11604398210764,14781295729,-1.8137596,7.7144604,5.6033926,3
11604400710764,14783795729,-1.8272192,7.7216387,5.5929236,3
11604403210764,14786295729,-1.8340986,7.7258263,5.596214,3
11604405710764,14788795729,-1.8475581,7.7389865,5.5890355,3
11604408210764,14791295729,-1.8637097,7.725527,5.5689955,3
11604410710764,14793795729,-1.8735801,7.734201,5.558826,3
11604413210764,14796295729,-1.8888344,7.745567,5.56092,3
11604415710764,14798795729,-1.8984057,7.7333035,5.54417,3
11604418210764,14801295729,-1.9121644,7.7327056,5.538487,3
11604420710764,14803795729,-1.9082761,7.7294154,5.534599,3
11604423210764,14806295729,-1.9094725,7.7297144,5.5304112,3
11604425710764,14808795729,-1.9142581,7.7300134,5.536393,3
11604428210764,14811295729,-1.9178474,7.732406,5.532206,3
11604430710764,14813795729,-1.9142581,7.735996,5.517251,3
11604433210764,14816295729,-1.8981066,7.7294154,5.5262237,3
11604435710764,14818795729,-1.875973,7.7362947,5.5136614,3
11604438210764,14821295729,-1.8649062,7.7503524,5.5223355,3
11604440710764,14823795729,-1.849951,7.765308,5.5223355,3
11604443210764,14826295729,-1.8484555,7.778169,5.499305,3
11604445710764,14828795729,-1.8463618,7.7832537,5.4852467,3
11604448210764,14831295729,-1.835594,7.8012,5.4696937,3
11604450710764,14833795729,-1.8260227,7.8029947,5.4637113,3
11604453210764,14836295729,-1.8038892,7.8023963,5.4502516,3
11604455710764,14838795729,-1.7856439,7.8140616,5.452645,3
11604458210764,14841295729,-1.7754744,7.8116684,5.4433722,3
11604460710764,14843795729,-1.7727824,7.819146,5.402694,3
11604463210764,14846295729,-1.7662022,7.8239317,5.3679986,3
11604465710764,14848795729,-1.7611175,7.82124,5.332106,3
11604468210764,14851295729,-1.7668004,7.8284183,5.306084,3
11604470710764,14853795729,-1.751247,7.827521,5.266902,3
11604473210764,14856295729,-1.7485552,7.8352976,5.2402816,3
11604475710764,14858795729,-1.75693,7.8550386,5.191827,3
11604478210764,14861295729,-1.7599211,7.881958,5.157131,3
11604480710764,14863795729,-1.7973089,7.9187474,5.1254263,3
11604483210764,14866295729,-1.8128623,7.9334035,5.083851,3
11604485710764,14868795729,-1.814956,7.9630146,5.0656056,3
11604488210764,14871295729,-1.8110676,7.984849,5.050052,3
11604490710764,14873795729,-1.8167506,8.000103,5.0362935,3
11604493210764,14876295729,-1.8176479,8.016554,5.009374,3
11604495710764,14878795729,-1.8221345,8.0345,4.988736,3
11604498210764,14881295729,-1.8197416,8.037491,4.962116,3
11604500710764,14883795729,-1.82363,8.042875,4.9471607,3
11604503210764,14886295729,-1.8349959,8.042875,4.9169517,3
11604505710764,14888795729,-1.8430717,8.050054,4.892425,3
11604508210764,14891295729,-1.8544376,8.057232,4.8879385,3
11604510710764,14893795729,-1.8463618,8.048558,4.8822556,3
11604513210764,14896295729,-1.8532411,8.055437,4.870291,3
11604515710764,14898795729,-1.849951,8.046763,4.877769,3
11604518210764,14901295729,-1.8505492,8.047361,4.8625145,3
11604520710764,14903795729,-1.8442681,8.046464,4.8714876,3
11604523210764,14906295729,-1.8508483,8.049754,4.8765726,3
11604525710764,14908795729,-1.8490537,8.05125,4.8855457,3
11604528210764,14911295729,-1.8586249,8.05783,4.9007998,3
11604530710764,14913795729,-1.8565313,8.055139,4.9175496,3
11604533210764,14916295729,-1.867299,8.056036,4.95075,3
11604535710764,14918795729,-1.847259,8.057531,4.9785666,3
11604538210764,14921295729,-1.8224336,8.046165,4.994718,3
11604540710764,14923795729,-1.7982062,8.03779,5.0219364,3
11604543210764,14926295729,-1.7802601,8.018648,5.042874,3
11604545710764,14928795729,-1.7650058,8.017451,5.0976095,3
11604548210764,14931295729,-1.7374884,7.995916,5.1266227,3
11604550710764,14933795729,-1.7267207,7.982157,5.193023,3
11604553210764,14936295729,-1.7024933,7.967202,5.238487,3
11604555710764,14938795729,-1.6713866,7.946863,5.279763,3
11604558210764,14941295729,-1.655235,7.9501534,5.337191,3
11604560710764,14943795729,-1.6193427,7.9486575,5.3676996,3
11604563210764,14946295729,-1.5981064,7.949854,5.4128637,3
11604565710764,14948795729,-1.5693926,7.9408813,5.4388857,3
11604568210764,14951295729,-1.5281163,7.945368,5.4649076,3
11604570710764,14953795729,-1.5029917,7.943872,5.491229,3
11604573210764,14956295729,-1.4808581,7.9310107,5.513961,3
11604575710764,14958795729,-1.4596218,7.919645,5.560322,3
11604578210764,14961295729,-1.4231312,7.8957167,5.614459,3
11604580710764,14963795729,-1.3944174,7.865806,5.665905,3
11604583210764,14966295729,-1.3621143,7.858927,5.7191453,3
11604585710764,14968795729,-1.3136597,7.850552,5.757131,3
11604588210764,14971295729,-1.2873386,7.8164544,5.8103714,3
11604590710764,14973795729,-1.2535399,7.792825,5.844469,3
11604593210764,14976295729,-1.224527,7.784151,5.8857455,3
11604595710764,14978795729,-1.2173486,7.7685976,5.9135623,3
11604598210764,14981295729,-1.2143575,7.7775707,5.9267225,3
11604600710764,14983795729,-1.2122638,7.7494555,5.9321065,3
11604603210764,14986295729,-1.2086746,7.742875,5.9350977,3
11604605710764,14988795729,-1.2203395,7.748558,5.9321065,3
11604608210764,14991295729,-1.2335001,7.7437725,5.931209,3
11604610710764,14993795729,-1.247857,7.7446694,5.919544,3
11604613210764,14996295729,-1.2601203,7.748857,5.884549,3
11604615710764,14998795729,-1.2699906,7.758428,5.875875,3
11604618210764,15001295729,-1.2846466,7.7668033,5.8875403,3
11604620710764,15003795729,-1.3109677,7.780263,5.8857455,3
11604623210764,15006295729,-1.3354942,7.78774,5.869594,3
11604625710764,15008795729,-1.3537394,7.8053875,5.892326,3
11604628210764,15011295729,-1.3812568,7.806883,5.88425,3
11604630710764,15013795729,-1.4099708,7.8110704,5.876174,3
11604633210764,15016295729,-1.4596218,7.8173513,5.879464,3
11604635710764,15018795729,-1.5101702,7.827521,5.8636117,3
11604638210764,15021295729,-1.5409778,7.8439717,5.8507504,3
11604640710764,15023795729,-1.5574285,7.8352976,5.8567324,3
11604643210764,15026295729,-1.5756737,7.8487573,5.859125,3
11604645710764,15028795729,-1.5951154,7.8604226,5.86421,3
11604648210764,15031295729,-1.5915262,7.8723865,5.849255,3
11604650710764,15033795729,-1.5927225,7.8613195,5.805885,3
11604653210764,15036295729,-1.5960127,7.8493557,5.788836,3
11604655710764,15038795729,-1.5975082,7.845467,5.766104,3
11604658210764,15041295729,-1.5795621,7.830512,5.7517476,3
11604660710764,15043795729,-1.5529419,7.809874,5.7616177,3
11604663210764,15046295729,-1.5463617,7.7997046,5.747261,3
11604665710764,15048795729,-1.5233307,7.7910304,5.761917,3
11604668210764,15051295729,-1.5119648,7.7853475,5.749953,3
11604670710764,15053795729,-1.5134603,7.7826557,5.7317076,3
11604673210764,15056295729,-1.5239289,7.765308,5.726922,3
11604675710764,15058795729,-1.5538392,7.7614193,5.7017975,3
11604678210764,15061295729,-1.5849459,7.743174,5.6787663,3
11604680710764,15063795729,-1.6115661,7.752446,5.6503515,3
11604683210764,15066295729,-1.6480566,7.760223,5.641977,3
11604685710764,15068795729,-1.6794624,7.7647095,5.622236,3
11604688210764,15071295729,-1.7473587,7.789236,5.6132627,3
11604690710764,15073795729,-1.7727824,7.798209,5.601299,3
11604693210764,15076295729,-1.8191434,7.793423,5.590531,3
11604695710764,15078795729,-1.8625133,7.8071823,5.58754,3
11604698210764,15081295729,-1.8945173,7.8077803,5.569893,3
11604700710764,15083795729,-1.9360926,7.815856,5.5453663,3
11604703210764,15086295729,-1.9558334,7.815557,5.5283175,3
11604705710764,15088795729,-1.9800607,7.8032937,5.4984074,3
11604708210764,15091295729,-2.0027926,7.797312,5.4816575,3
11604710710764,15093795729,-2.0201404,7.791629,5.467899,3
11604713210764,15096295729,-2.0276182,7.789834,5.4523454,3
11604715710764,15098795729,-2.0294127,7.7736826,5.4553366,3
11604718210764,15101295729,-2.0090737,7.7763743,5.4673004,3
11604720710764,15103795729,-1.9722841,7.780562,5.4930234,3
11604723210764,15106295729,-1.9187447,7.7644105,5.5244293,3
11604725710764,15108795729,-1.8669999,7.758428,5.546862,3
11604728210764,15111295729,-1.7961125,7.732107,5.575576,3
11604730710764,15113795729,-1.7252251,7.704889,5.608178,3
11604733210764,15116295729,-1.6603198,7.6686974,5.636892,3
11604735710764,15118795729,-1.5774683,7.630113,5.675476,3
11604738210764,15121295729,-1.5014962,7.596913,5.6877394,3
11604740710764,15123795729,-1.4371891,7.5583286,5.715855,3
11604743210764,15126295729,-1.3567305,7.534101,5.782854,3
11604745710764,15128795729,-1.2978072,7.508079,5.831309,3
11604748210764,15131295729,-1.2308081,7.487142,5.8800626,3
11604750710764,15133795729,-1.1778669,7.4623165,5.9356956,3
11604753210764,15136295729,-1.1279168,7.4506516,5.9823556,3
11604755710764,15138795729,-1.07348,7.442875,6.053542,3
11604758210764,15141295729,-1.035494,7.4416785,6.1453667,3
11604760710764,15143795729,-1.0019945,7.4470625,6.230611,3
11604763210764,15146295729,-0.98853487,7.452147,6.3009005,3
11604765710764,15148795729,-0.9828519,7.461718,6.355935,3
11604768210764,15151295729,-1.0073783,7.452147,6.3957157,3
11604770710764,15153795729,-1.0450653,7.448558,6.446862,3
11604773210764,15156295729,-1.0863415,7.443473,6.4815583,3
11604775710764,15158795729,-1.134198,7.4344997,6.502496,3
11604778210764,15161295729,-1.1874382,7.425527,6.526723,3
11604780710764,15163795729,-1.2439687,7.422835,6.545267,3
11604783210764,15166295729,-1.2984054,7.4392858,6.5294147,3
11604785710764,15168795729,-1.364208,7.458129,6.500402,3
11604788210764,15171295729,-1.4267205,7.493124,6.45434,3
11604790710764,15173795729,-1.4907285,7.515557,6.4157557,3
11604793210764,15176295729,-1.556232,7.555936,6.3514485,3
11604795710764,15178795729,-1.6178472,7.5667033,6.316753,3
11604798210764,15181295729,-1.6737795,7.6011004,6.257829,3
11604800710764,15183795729,-1.719243,7.6423764,6.2009997,3
11604803210764,15186295729,-1.7467605,7.650452,6.1456656,3
11604805710764,15188795729,-1.7766708,7.689635,6.0843496,3
11604808210764,15191295729,-1.7964116,7.6998043,6.006583,3
11604810710764,15193795729,-1.7886349,7.7063847,5.951548,3
11604813210764,15196295729,-1.7970098,7.7234335,5.8971114,3
11604815710764,15198795729,-1.797608,7.734201,5.831309,3
11604818210764,15201295729,-1.7796619,7.7350984,5.758926,3
11604820710764,15203795729,-1.751247,7.7327056,5.6892347,3
11604823210764,15206295729,-1.7389839,7.7353973,5.6449676,3
11604825710764,15208795729,-1.7171494,7.7347994,5.602495,3
11604828210764,15211295729,-1.7084754,7.728817,5.5740805,3
11604830710764,15213795729,-1.6875381,7.72792,5.558826,3
11604833210764,15216295729,-1.6887345,7.7347994,5.532505,3
11604835710764,15218795729,-1.6701902,7.7291164,5.5396833,3
11604838210764,15221295729,-1.6618153,7.7159557,5.535197,3
11604840710764,15223795729,-1.6585252,7.71117,5.5423756,3
11604843210764,15226295729,-1.654936,7.713264,5.54417,3
11604845710764,15228795729,-1.649253,7.7129645,5.5534425,3
11604848210764,15231295729,-1.6417755,7.70459,5.558826,3
11604850710764,15233795729,-1.6462619,7.699206,5.5719867,3
11604853210764,15236295729,-1.6489539,7.702496,5.584848,3
11604855710764,15238795729,-1.6561323,7.68784,5.6276197,3
11604858210764,15241295729,-1.6525432,7.6887374,5.637191,3
11604860710764,15243795729,-1.6627127,7.667501,5.646164,3
11604863210764,15246295729,-1.6686947,7.6698937,5.6688957,3
11604865710764,15248795729,-1.6677973,7.6600237,5.7020965,3
11604868210764,15251295729,-1.6713866,7.663912,5.7604213,3
11604870710764,15253795729,-1.6809579,7.6633134,5.813961,3
11604873210764,15256295729,-1.6689938,7.6600237,5.857331,3
11604875710764,15258795729,-1.6767704,7.6630144,5.910571,3
11604878210764,15261295729,-1.672583,7.6627154,5.9548383,3
11604880710764,15263795729,-1.6567305,7.656434,5.9754763,3
11604883210764,15266295729,-1.6429719,7.6423764,6.0044894,3
11604885710764,15268795729,-1.6280167,7.641778,6.0230336,3
11604888210764,15271295729,-1.6208383,7.6426754,6.0487566,3
11604890710764,15273795729,-1.5999011,7.6363945,6.058926,3
11604893210764,15276295729,-1.5831513,7.6387873,6.053841,3
11604895710764,15278795729,-1.5672989,7.652845,6.026623,3
11604898210764,15281295729,-1.5370895,7.652247,5.9763737,3
11604900710764,15283795729,-1.556232,7.6746798,5.9500527,3
11604903210764,15286295729,-1.5661024,7.6752777,5.9081783,3
11604905710764,15288795729,-1.5795621,7.68455,5.851648,3
11604908210764,15291295729,-1.593919,7.6917286,5.7804613,3
11604910710764,15293795729,-1.602892,7.683952,5.7110696,3
11604913210764,15296295729,-1.5807585,7.672885,5.642575,3
11604915710764,15298795729,-1.5652051,7.6740813,5.5908303,3
11604918210764,15301295729,-1.5520446,7.681559,5.5573306,3
11604920710764,15303795729,-1.5346966,7.713563,5.501099,3
11604923210764,15306295729,-1.5176477,7.7333035,5.4382877,3
11604925710764,15308795729,-1.5107684,7.7479596,5.36411,3
11604928210764,15311295729,-1.5305092,7.7733836,5.2567325,3
11604930710764,15313795729,-1.5382859,7.7874413,5.1661043,3
11604933210764,15316295729,-1.5661024,7.8116684,5.1065826,3
11604935710764,15318795729,-1.5807585,7.830811,5.0339007,3
11604938210764,15321295729,-1.6016957,7.8203425,5.0276194,3
11604940710764,15323795729,-1.6187445,7.8146596,5.052445,3
11604943210764,15326295729,-1.62024,7.804789,5.0880384,3
11604945710764,15328795729,-1.6286149,7.7961154,5.1269217,3
11604948210764,15331295729,-1.6238292,7.783553,5.206483,3
11604950710764,15333795729,-1.5945172,7.758428,5.3126645,3
11604953210764,15336295729,-1.5900307,7.713563,5.4379888,3
11604955710764,15338795729,-1.5786648,7.670791,5.519644,3
11604958210764,15341295729,-1.5574285,7.6310105,5.5839505,3
11604960710764,15343795729,-1.5672989,7.5846496,5.6763735,3
11604963210764,15346295729,-1.5544374,7.5320077,5.767899,3
11604965710764,15348795729,-1.5293127,7.48774,5.872585,3
11604968210764,15351295729,-1.4904294,7.453942,5.960521,3
11604970710764,15353795729,-1.4533406,7.416554,6.0436716,3
11604973210764,15356295729,-1.4099708,7.38784,6.116653,3
11604975710764,15358795729,-1.3704891,7.363014,6.122934,3
11604978210764,15361295729,-1.3154542,7.3492556,6.1381884,3
11604980710764,15363795729,-1.2693924,7.353144,6.2051873,3
11604983210764,15366295729,-1.1979069,7.359425,6.3017974,3
11604985710764,15368795729,-1.1099706,7.3719873,6.3735824,3
11604988210764,15371295729,-0.99990076,7.3378897,6.432206,3
11604990710764,15373795729,-0.90478605,7.3286176,6.509674,3
11604993210764,15376295729,-0.8141579,7.305886,6.573084,3
11604995710764,15378795729,-0.7289136,7.272386,6.638288,3
11604998210764,15381295729,-0.65982085,7.2415786,6.695417,3
11605000710764,15383795729,-0.62781686,7.1919274,6.756733,3
11605003210764,15386295729,-0.5832505,7.178169,6.780661,3
11605005710764,15388795729,-0.5697909,7.153343,6.8129644,3
11605008210764,15391295729,-0.58983076,7.1362944,6.8458657,3
11605010710764,15393795729,-0.60717875,7.1342006,6.877271,3
11605013210764,15396295729,-0.6302097,7.1300135,6.9044895,3
11605015710764,15398795729,-0.66370916,7.133004,6.931708,3
11605018210764,15401295729,-0.7088737,7.149754,6.9541407,3
11605020710764,15403795729,-0.74865437,7.1685977,6.968199,3
11605023210764,15406295729,-0.782453,7.2092757,6.969096,3
11605025710764,15408795729,-0.82881397,7.231708,6.951748,3
11605028210764,15411295729,-0.8679964,7.2442703,6.8952174,3
11605030710764,15413795729,-0.8991031,7.245467,6.838089,3
11605033210764,15416295729,-0.9409775,7.2493553,6.768099,3
11605035710764,15418795729,-0.9762716,7.2385874,6.713961,3
11605038210764,15421295729,-0.9933205,7.2287173,6.6541405,3
11605040710764,15423795729,-0.997807,7.225726,6.6131635,3
11605043210764,15426295729,-1.0106685,7.205088,6.587441,3
11605045710764,15428795729,-1.0124631,7.2080793,6.560222,3
11605048210764,15431295729,-1.0133604,7.211369,6.530013,3
11605050710764,15433795729,-1.0139586,7.203593,6.4854465,3
11605053210764,15436295729,-1.023829,7.192526,6.4731836,3
11605055710764,15438795729,-1.0402796,7.2009006,6.4444695,3
11605058210764,15441295729,-1.0630114,7.207481,6.425327,3
11605060710764,15443795729,-1.1001002,7.216454,6.430113,3
11605063210764,15446295729,-1.1333007,7.2248287,6.4492555,3
11605065710764,15448795729,-1.1670992,7.2158556,6.4549384,3
11605068210764,15451295729,-1.2095718,7.2083783,6.4444695,3
11605070710764,15453795729,-1.2454642,7.2026954,6.444769,3
11605073210764,15456295729,-1.2529417,7.199704,6.448956,3
11605075710764,15458795729,-1.2553346,7.21107,6.457331,3
11605078210764,15461295729,-1.262214,7.199704,6.476474,3
11605080710764,15463795729,-1.2586247,7.2029943,6.5282183,3
11605083210764,15466295729,-1.2631112,7.2089763,6.543473,3
11605085710764,15468795729,-1.2598212,7.2062845,6.5482583,3
11605088210764,15471295729,-1.2777673,7.2023964,6.5700927,3
11605090710764,15473795729,-1.2996018,7.192526,6.5659056,3
11605093210764,15476295729,-1.3295121,7.19103,6.5647087,3
11605095710764,15478795729,-1.3719847,7.1802626,6.591927,3
11605098210764,15481295729,-1.4027922,7.1656065,6.628717,3
11605100710764,15483795729,-1.4350954,7.159325,6.658328,3
11605103210764,15486295729,-1.457229,7.136893,6.7199435,3
11605105710764,15488795729,-1.4700904,7.1476603,6.77767,3
11605108210764,15491295729,-1.4904294,7.1527452,6.8318076,3
11605110710764,15493795729,-1.4907285,7.150053,6.879365,3
11605113210764,15496295729,-1.483251,7.1674013,6.9003024,3
11605115710764,15498795729,-1.4883357,7.160522,6.9335027,3
11605118210764,15501295729,-1.4811572,7.1674013,6.938288,3
11605120710764,15503795729,-1.4554343,7.1581287,6.9320073,3
11605123210764,15506295729,-1.4243277,7.1602225,6.9128647,3
11605125710764,15508795729,-1.387239,7.159325,6.894021,3
11605128210764,15511295729,-1.3501502,7.1431737,6.8832536,3
11605130710764,15513795729,-1.3214363,7.1416783,6.8449683,3
11605133210764,15516295729,-1.288535,7.126424,6.838089,3
11605135710764,15518795729,-1.27687,7.1072817,6.8282185,3
11605138210764,15521295729,-1.2526426,7.105786,6.8096743,3
11605140710764,15523795729,-1.2308081,7.099505,6.818348,3
11605143210764,15526295729,-1.2074782,7.0728846,6.8282185,3
11605145710764,15528795729,-1.2077773,7.058827,6.8539414,3
11605148210764,15531295729,-1.2131611,7.050153,6.849156,3
11605150710764,15533795729,-1.2340983,7.0378895,6.8596244,3
11605153210764,15536295729,-1.2454642,7.02772,6.8602223,3
11605155710764,15538795729,-1.2951152,7.0316086,6.8368926,3
11605158210764,15541295729,-1.3094722,7.0468626,6.84437,3
11605160710764,15543795729,-1.3268201,7.042077,6.832406,3
11605163210764,15546295729,-1.3561323,7.0582285,6.8051877,3
11605165710764,15548795729,-1.390529,7.0764737,6.7573314,3
11605168210764,15551295729,-1.422533,7.0950184,6.7313094,3
11605170710764,15553795729,-1.439881,7.119844,6.7055864,3
11605173210764,15556295729,-1.4470595,7.138388,6.66102,3
11605175710764,15558795729,-1.462912,7.1452675,6.6074805,3
11605178210764,15561295729,-1.4647065,7.1473613,6.5485573,3
11605180710764,15563795729,-1.448555,7.1488566,6.506085,3
11605183210764,15566295729,-1.4338989,7.1659055,6.4588265,3
11605185710764,15568795729,-1.4147564,7.16441,6.3975105,3
11605188210764,15571295729,-1.3680964,7.1581287,6.3687963,3
11605190710764,15573795729,-1.320539,7.158727,6.3394847,3
11605193210764,15576295729,-1.2684951,7.1503525,6.3164535,3
11605195710764,15578795729,-1.2086746,7.153642,6.2775702,3
11605198210764,15581295729,-1.1608181,7.1428747,6.2494545,3
11605200710764,15583795729,-1.1237293,7.1455665,6.2258253,3
11605203210764,15586295729,-1.093819,7.1485577,6.2318077,3
11605205710764,15588795729,-1.0597214,7.1362944,6.20429,3
11605208210764,15591295729,-1.0495518,7.118049,6.1944194,3
11605210710764,15593795729,-1.0360922,7.1162543,6.189335,3
11605213210764,15596295729,-1.0698909,7.1159554,6.2105713,3
11605215710764,15598795729,-1.0926226,7.1042905,6.235696,3
11605218210764,15601295729,-1.1147562,7.103094,6.25424,3
11605220710764,15603795729,-1.1572288,7.1102724,6.3110695,3
11605223210764,15606295729,-1.2035898,7.1195445,6.3532434,3
11605225710764,15608795729,-1.2400804,7.1042905,6.3753767,3
11605228210764,15611295729,-1.2933207,7.1132636,6.4199433,3
11605230710764,15613795729,-1.3331013,7.112067,6.4501524,3
11605233210764,15616295729,-1.3956138,7.1129646,6.472884,3
11605235710764,15618795729,-1.4371891,7.098009,6.5255265,3
11605238210764,15621295729,-1.4673985,7.1102724,6.5647087,3
11605240710764,15623795729,-1.4940187,7.1081786,6.605686,3
11605243210764,15626295729,-1.5080764,7.114759,6.646364,3
11605245710764,15628795729,-1.5254245,7.119844,6.652346,3
11605248210764,15631295729,-1.5179468,7.123433,6.655337,3
11605250710764,15633795729,-1.5116657,7.1336026,6.640382,3
11605253210764,15636295729,-1.512563,7.140183,6.6245294,3
11605255710764,15638795729,-1.50359,7.14437,6.5886374,3
11605258210764,15641295729,-1.4751751,7.138388,6.552446,3
11605260710764,15643795729,-1.46022,7.1416783,6.544968,3
11605263210764,15646295729,-1.4285151,7.133303,6.5018973,3
11605265710764,15648795729,-1.4075779,7.138089,6.465108,3
11605268210764,15651295729,-1.3746766,7.146763,6.424729,3
11605270710764,15653795729,-1.3411771,7.151549,6.381957,3
11605273210764,15656295729,-1.2963116,7.151549,6.3311095,3
11605275710764,15658795729,-1.279861,7.152147,6.2679987,3
11605278210764,15661295729,-1.2765709,7.167102,6.233901,3
11605280710764,15663795729,-1.2646067,7.175477,6.2051873,3
11605283210764,15666295729,-1.2702898,7.171888,6.200402,3
11605285710764,15668795729,-1.2672987,7.18445,6.18096,3
11605288210764,15671295729,-1.2607185,7.1677003,6.181857,3
11605290710764,15673795729,-1.2472588,7.172187,6.187241,3
11605293210764,15676295729,-1.2343974,7.192526,6.2204413,3
11605295710764,15678795729,-1.218545,7.1976104,6.235995,3
11605298210764,15681295729,-1.2122638,7.1880393,6.2440705,3
11605300710764,15683795729,-1.2086746,7.17787,6.285048,3
11605303210764,15686295729,-1.2149557,7.1766734,6.290731,3
11605305710764,15688795729,-1.2191432,7.167102,6.3140607,3
11605308210764,15691295729,-1.2385849,7.172187,6.308976,3
11605310710764,15693795729,-1.2616158,7.158428,6.3275204,3
11605313210764,15696295729,-1.2879368,7.16112,6.341578,3
11605315710764,15698795729,-1.3181462,7.1688967,6.3589263,3
11605318210764,15701295729,-1.3483555,7.1826553,6.3643103,3
11605320710764,15703795729,-1.3743775,7.175477,6.3951178,3
11605323210764,15706295729,-1.4036896,7.160821,6.4181485,3
11605325710764,15708795729,-1.4276178,7.151549,6.4381886,3
11605328210764,15711295729,-1.4416757,7.1491556,6.424729,3
11605330710764,15713795729,-1.4706886,7.1389866,6.422336,3
11605333210764,15716295729,-1.4835501,7.134799,6.4220366,3
11605335710764,15718795729,-1.5140585,7.1422763,6.417251,3
11605338210764,15721295729,-1.5134603,7.1300135,6.445367,3
11605340710764,15723795729,-1.5511472,7.11775,6.4238315,3
11605343210764,15726295729,-1.558924,7.105188,6.43101,3
11605345710764,15728795729,-1.5699908,7.1132636,6.4211397,3
11605348210764,15731295729,-1.5672989,7.109375,6.4298134,3
11605350710764,15733795729,-1.5637096,7.1105714,6.415457,3
11605353210764,15736295729,-1.5652051,7.1007013,6.4363937,3
11605355710764,15738795729,-1.5475581,7.0989065,6.4417777,3
11605358210764,15741295729,-1.5332011,7.0809603,6.4492555,3
11605360710764,15743795729,-1.5293127,7.0582285,6.4609203,3
11605363210764,15746295729,-1.5122639,7.044769,6.4492555,3
11605365710764,15748795729,-1.4928222,7.0259256,6.4588265,3
11605368210764,15751295729,-1.4733806,6.991828,6.4827547,3
11605370710764,15753795729,-1.4488541,6.9708905,6.486045,3
11605373210764,15756295729,-1.4294125,6.955038,6.494719,3
11605375710764,15758795729,-1.4039887,6.923034,6.4995046,3
11605378210764,15761295729,-1.3929219,6.923034,6.483951,3
11605380710764,15763795729,-1.3779668,6.908677,6.483951,3
11605383210764,15766295729,-1.3707882,6.916454,6.4848485,3
11605385710764,15768795729,-1.3761721,6.9155564,6.4848485,3
11605388210764,15771295729,-1.3671991,6.9041905,6.5081787,3
11605390710764,15773795729,-1.3800604,6.878767,6.52104,3
11605393210764,15776295729,-1.3920245,6.8802624,6.555736,3
11605395710764,15778795729,-1.3899308,6.864111,6.578468,3
11605398210764,15781295729,-1.3887345,6.8572316,6.5898337,3
11605400710764,15783795729,-1.3953147,6.855138,6.58774,3
11605403210764,15786295729,-1.3866407,6.8452673,6.591628,3
11605405710764,15788795729,-1.4024931,6.843772,6.6125655,3
11605408210764,15791295729,-1.4120644,6.8303123,6.65773,3
11605410710764,15793795729,-1.419243,6.8249283,6.6831536,3
11605413210764,15796295729,-1.4347963,6.8021965,6.7034926,3
11605415710764,15798795729,-1.4416757,6.7926254,6.7501526,3
11605418210764,15801295729,-1.4644074,6.8015985,6.7686973,3
11605420710764,15803795729,-1.4769697,6.817451,6.7812595,3
11605423210764,15806295729,-1.5038891,6.823134,6.789634,3
11605425710764,15808795729,-1.5352948,6.8189464,6.798009,3
11605428210764,15811295729,-1.5556338,6.823134,6.832705,3
11605430710764,15813795729,-1.5687944,6.795317,6.810272,3
11605433210764,15816295729,-1.5783657,6.800402,6.795317,3
11605435710764,15818795729,-1.5864414,6.795018,6.777072,3
11605438210764,15821295729,-1.5681962,6.774679,6.765407,3
11605440710764,15823795729,-1.5595222,6.775277,6.75105,3
11605443210764,15826295729,-1.5074782,6.74776,6.7504516,3
11605445710764,15828795729,-1.4859428,6.751349,6.762117,3
11605448210764,15831295729,-1.454537,6.7384877,6.762715,3
11605450710764,15833795729,-1.4174483,6.7241306,6.7755766,3
11605453210764,15836295729,-1.3914263,6.6915283,6.803393,3
11605455710764,15838795729,-1.3621143,6.6885376,6.8282185,3
11605458210764,15841295729,-1.3495519,6.660422,6.8859453,3
11605460710764,15843795729,-1.3573287,6.6502523,6.926025,3
11605463210764,15846295729,-1.3570296,6.6445694,6.9879394,3
11605465710764,15848795729,-1.3648062,6.643672,7.0435724,3
11605468210764,15851295729,-1.3842479,6.6394844,7.106085,3
11605470710764,15853795729,-1.4018949,6.6131635,7.199704,3
11605473210764,15856295729,-1.4168501,6.599704,7.346863,3
11605475710764,15858795729,-1.4566308,6.5925255,7.509575,3
11605478210764,15861295729,-1.5041882,6.621239,7.6405816,3
11605480710764,15863795729,-1.5436697,6.641279,7.737192,3
11605483210764,15866295729,-1.5822539,6.6825557,7.7416787,3
11605485710764,15868795729,-1.6298113,6.7172513,7.717152,3
11605488210764,15871295729,-1.6755741,6.7468624,7.6743803,3
11605490710764,15873795729,-1.7033906,6.774978,7.6390862,3
11605493210764,15876295729,-1.7117655,6.7962146,7.630412,3
11605495710764,15878795729,-1.6713866,6.9182487,7.611868,3
11605498210764,15881295729,-1.675275,6.939784,7.659724,3
11605500710764,15883795729,-1.6893328,6.9361944,7.6402826,3
11605503210764,15886295729,-1.7102699,6.964011,7.4916286,3
11605505710764,15888795729,-1.7234305,6.9655066,7.347162,3
11605508210764,15891295729,-1.7306089,6.9613194,7.2032933,3
11605510710764,15893795729,-1.7240287,6.951449,7.0435724,3
11605513210764,15896295729,-1.7183458,6.9732833,6.8461647,3
11605515710764,15898795729,-1.7027924,7.0172515,6.6349983,3
11605518210764,15901295729,-1.7018951,7.050153,6.4381886,3
11605520710764,15903795729,-1.6645073,7.1021967,6.2958155,3
11605523210764,15906295729,-1.6061822,7.1309104,6.139086,3
11605525710764,15908795729,-1.5424733,7.155138,6.041279,3
11605528210764,15911295729,-1.4769697,7.175776,5.945865,3
11605530710764,15913795729,-1.4171492,7.205088,5.86421,3
11605533210764,15916295729,-1.3746766,7.2137623,5.7870417,3
11605535710764,15918795729,-1.3387842,7.2341013,5.6784673,3
11605538210764,15921295729,-1.3037893,7.246364,5.588138,3
11605540710764,15923795729,-1.2637094,7.26102,5.4900327,3
11605543210764,15926295729,-1.2397813,7.2693954,5.3964133,3
11605545710764,15928795729,-1.1967105,7.2849483,5.313562,3
11605548210764,15931295729,-1.1620145,7.29781,5.2169514,3
11605550710764,15933795729,-1.1216356,7.3516483,5.113163,3
11605553210764,15936295729,-1.0890334,7.397112,4.9881377,3
11605555710764,15938795729,-1.0651052,7.4324064,4.846363,3
11605558210764,15941295729,-1.0480564,7.449754,4.720142,3
11605560710764,15943795729,-1.0334003,7.4620175,4.644469,3
11605563210764,15946295729,-1.023829,7.461718,4.5885367,3
11605565710764,15948795729,-1.0339985,7.472187,4.569693,3
11605568210764,15951295729,-1.0522437,7.474281,4.5708895,3
11605570710764,15953795729,-1.0758729,7.4697943,4.642674,3
11605573210764,15956295729,-1.108176,7.4446692,4.725526,3
11605575710764,15958795729,-1.1638091,7.4036922,4.861019,3
11605578210764,15961295729,-1.2248261,7.373483,5.0288157,3
11605580710764,15963795729,-1.2669996,7.3459654,5.243273,3
11605583210764,15966295729,-1.3378869,7.3136625,5.4640107,3
11605585710764,15968795729,-1.4012967,7.286444,5.689833,3
11605588210764,15971295729,-1.4587245,7.2523465,5.933602,3
11605590710764,15973795729,-1.5011971,7.1859455,6.196214,3
11605593210764,15976295729,-1.5747764,7.1267233,6.4588265,3
11605595710764,15978795729,-1.6767704,7.2065835,6.6652074,3
11605598210764,15981295729,-1.7650058,7.3456664,6.8243303,3
11605600710764,15983795729,-1.8005991,7.3776703,6.910472,3
11605603210764,15986295729,-1.8083757,7.346265,6.9933233,3
11605605710764,15988795729,-1.7985053,7.285248,7.070193,3
11605608210764,15991295729,-1.7802601,7.216753,7.1491556,3
