sensor_timestamp_ns,relative_to_audio_start_ns,x_m_s2,y_m_s2,z_m_s2,accuracy
194641098770919,26081979853,4.3552365,7.185048,4.7838507,3
194641101270919,-2263105,4.3552365,7.185048,4.7838507,3
194641103770919,236895,4.3552365,7.185048,4.7838507,3
194641106270919,2736895,4.3552365,7.185048,4.7838507,3
194641108770919,5236895,4.465007,7.3459654,4.4811587,3
194641111270919,7736895,4.523631,7.3666034,4.451248,3
194641113770919,10236895,4.5687957,7.373782,4.423731,3
194641116270919,12736895,4.601697,7.3642106,4.403392,3
194641118770919,15236895,4.616054,7.3549385,4.3734818,3
194641121270919,17736895,4.6340003,7.327122,4.3836513,3
194641123770919,20236895,4.623831,7.3190465,4.386642,3
194641126270919,22736895,4.613063,7.2936225,4.438686,3
194641128770919,25236895,4.5876393,7.2783685,4.485346,3
194641131270919,27736895,4.5744786,7.2580295,4.5466623,3
194641133770919,30236895,4.549653,7.245766,4.5894337,3
194641136270919,32736895,4.53081,7.2412796,4.6522455,3
194641138770919,35236895,4.500002,7.2355967,4.7096734,3
194641141270919,37736895,4.508377,7.24786,4.7359943,3
194641143770919,40236895,4.508377,7.211369,4.746463,3
194641146270919,42736895,4.499703,7.2119675,4.7751765,3
194641148770919,45236895,4.51077,7.201499,4.791029,3
194641151270919,47736895,4.525127,7.1898336,4.8098726,3
194641153770919,50236895,4.5296135,7.199405,4.8212385,3
194641156270919,52736895,4.546064,7.2179494,4.8358946,3
194641158770919,55236895,4.551747,7.207481,4.8583274,3
194641161270919,57736895,4.555037,7.216753,4.8502517,3
194641163770919,60236895,4.5535417,7.2173514,4.8714876,3
194641166270919,62736895,4.549354,7.2272215,4.879863,3
194641168770919,65236895,4.5601215,7.245766,4.892425,3
194641171270919,67736895,4.5613184,7.2302127,4.8939204,3
194641173770919,70236895,4.5466623,7.2580295,4.9028935,3
194641176270919,72736895,4.5424747,7.233204,4.8990054,3
194641178770919,75236895,4.525426,7.225726,4.9193444,3
194641181270919,77736895,4.5059843,7.221838,4.9262238,3
194641183770919,80236895,4.4988055,7.218548,4.929813,3
194641186270919,82736895,4.473083,7.2086773,4.939085,3
194641188770919,85236895,4.4515476,7.199405,4.9139605,3
194641191270919,87736895,4.421039,7.199704,4.920541,3
194641193770919,90236895,4.3734818,7.195816,4.9232326,3
194641196270919,92736895,4.34746,7.1820574,4.918746,3
194641198770919,95236895,4.3130627,7.185048,4.909175,3
194641201270919,97736895,4.2963133,7.20778,4.92742,3
194641203770919,100236895,4.284648,7.222436,4.938786,3
194641206270919,102736895,4.2741795,7.22782,4.9471607,3
194641208770919,105236895,4.2777686,7.226025,4.959424,3
194641211270919,107736895,4.272983,7.2382884,4.9519463,3
194641213770919,110236895,4.282554,7.248458,4.942674,3
194641216270919,112736895,4.302594,7.2613196,4.92742,3
194641218770919,115236895,4.313362,7.2678995,4.912764,3
194641221270919,117736895,4.3238306,7.257132,4.88734,3
194641223770919,120236895,4.3522453,7.274779,4.858028,3
194641226270919,122736895,4.366004,7.2702923,4.822435,3
194641228770919,125236895,4.3818564,7.2807612,4.799703,3
194641231270919,127736895,4.3998027,7.2762747,4.76411,3
194641233770919,130236895,4.418347,7.262815,4.755137,3
194641236270919,132736895,4.4117665,7.2376904,4.744369,3
194641238770919,135236895,4.429414,7.2490563,4.7458644,3
194641241270919,137736895,4.430909,7.2412796,4.7659044,3
194641243770919,140236895,4.4201417,7.253842,4.802096,3
194641246270919,142736895,4.4054856,7.2699933,4.8236313,3
194641248770919,145236895,4.388736,7.281359,4.857131,3
194641251270919,147736895,4.36391,7.281359,4.874778,3
194641253770919,150236895,4.3555355,7.2735825,4.86072,3
194641256270919,152736895,4.328915,7.245467,4.8652067,3
194641258770919,155236895,4.3262234,7.2302127,4.8502517,3
194641261270919,157736895,4.3235316,7.212865,4.843073,3
194641263770919,160236895,4.3274198,7.196414,4.828118,3
194641266270919,162736895,4.3405805,7.199704,4.7955155,3
194641268770919,165236895,4.3734818,7.193124,4.7838507,3
194641271270919,167736895,4.3812585,7.196115,4.788636,3
194641273770919,170236895,4.3815575,7.186843,4.7898326,3
194641276270919,172736895,4.406682,7.2065835,4.7973104,3
194641278770919,175236895,4.4246283,7.211369,4.7823553,3
194641281270919,177736895,4.4398823,7.2158556,4.7599225,3
194641283770919,180236895,4.4515476,7.2263246,4.753641,3
194641286270919,182736895,4.4581275,7.248757,4.7596235,3
194641288770919,185236895,4.4557347,7.2586274,4.7509494,3
194641291270919,187736895,4.459025,7.2583284,4.733003,3
194641293770919,190236895,4.476971,7.271788,4.7099724,3
194641296270919,192736895,4.49073,7.277172,4.6989055,3
194641298770919,195236895,4.491627,7.283453,4.6929235,3
194641301270919,197736895,4.4979086,7.2939215,4.6818566,3
194641303770919,200236895,4.47727,7.2918277,4.6785665,3
194641306270919,202736895,4.4724846,7.28106,4.688437,3
194641308770919,205236895,4.4575295,7.2969127,4.7009993,3
194641311270919,207736895,4.4653063,7.2972116,4.701597,3
194641313770919,210236895,4.4653063,7.287042,4.740481,3
194641316270919,212736895,4.4653063,7.2735825,4.7506504,3
194641318770919,215236895,4.476971,7.268797,4.7455654,3
194641321270919,217736895,4.4524446,7.259525,4.7799625,3
194641323770919,220236895,4.4395833,7.2580295,4.7835517,3
194641326270919,222736895,4.4222355,7.246364,4.772485,3
194641328770919,225236895,4.4195433,7.2436724,4.7769713,3
194641331270919,227736895,4.412066,7.248159,4.788935,3
194641333770919,230236895,4.3932223,7.2580295,4.7715874,3
194641336270919,232736895,4.384548,7.2547393,4.7715874,3
194641338770919,235236895,4.3944187,7.2696943,4.7742796,3
194641341270919,237736895,4.3992043,7.283752,4.788935,3
194641343770919,240236895,4.4007,7.285547,4.78744,3
194641346270919,242736895,4.408776,7.2900333,4.8059845,3
194641348770919,245236895,4.4165525,7.292725,4.816453,3
194641351270919,247736895,4.41057,7.2786674,4.807779,3
194641353770919,250236895,4.416253,7.2655067,4.854439,3
194641356270919,252736895,4.423432,7.253543,4.8828535,3
194641358770919,255236895,4.4147577,7.236793,4.892425,3
194641361270919,257736895,4.4150567,7.228119,4.889434,3
194641363770919,260236895,4.3968115,7.218548,4.886742,3
194641366270919,262736895,4.3737807,7.222735,4.886742,3
194641368770919,265236895,4.35733,7.2080793,4.860421,3
194641371270919,267736895,4.3519464,7.1973114,4.85743,3
194641373770919,270236895,4.3378882,7.2062845,4.8391848,3
194641376270919,272736895,4.3268213,7.2152576,4.82064,3
194641378770919,275236895,4.343272,7.2296147,4.8212385,3
194641381270919,277736895,4.3579283,7.2344003,4.8323054,3
194641383770919,280236895,4.383352,7.24457,4.8502517,3
194641386270919,282736895,4.408477,7.268199,4.8649077,3
194641388770919,285236895,4.4315076,7.266404,4.8511486,3
194641391270919,287736895,4.438686,7.26102,4.8230333,3
194641393770919,290236895,4.4485564,7.2499533,4.8047876,3
194641396270919,292736895,4.447958,7.240083,4.7946186,3
194641398770919,295236895,4.44407,7.2290163,4.7569313,3
194641401270919,297736895,4.4404807,7.2059855,4.720142,3
194641403770919,300236895,4.4261236,7.2006016,4.7285166,3
194641406270919,302736895,4.442275,7.198807,4.6992044,3
194641408770919,305236895,4.451248,7.1712894,4.708776,3
194641411270919,307736895,4.478766,7.1617184,4.7303114,3
194641413770919,310236895,4.485346,7.159325,4.749753,3
194641416270919,312736895,4.4868417,7.158727,4.7898326,3
194641418770919,315236895,4.47069,7.166205,4.8035913,3
194641421270919,317736895,4.4721856,7.1578298,4.808975,3
194641423770919,320236895,4.4674,7.1682982,4.8251266,3
194641426270919,322736895,4.4629135,7.166803,4.8341,3
194641428770919,325236895,4.4724846,7.1691957,4.807779,3
194641431270919,327736895,4.4838505,7.166205,4.811368,3
194641433770919,330236895,4.485047,7.159026,4.8215375,3
194641436270919,332736895,4.4949174,7.1715884,4.81406,3
194641438770919,335236895,4.482355,7.17787,4.8239303,3
194641441270919,337736895,4.470092,7.1742806,4.805087,3
194641443770919,340236895,4.462016,7.165008,4.8068814,3
194641446270919,342736895,4.4542394,7.1602225,4.814359,3
194641448770919,345236895,4.4464626,7.1679993,4.8101716,3
194641451270919,347736895,4.451248,7.1841507,4.8248277,3
194641453770919,350236895,4.435994,7.196414,4.8233323,3
194641456270919,352736895,4.438387,7.2080793,4.820042,3
194641458770919,355236895,4.4452662,7.216155,4.8098726,3
194641461270919,357736895,4.4371905,7.2266235,4.7892346,3
194641463770919,360236895,4.4599223,7.2305117,4.779663,3
194641466270919,362736895,4.458726,7.2448688,4.746762,3
194641468770919,365236895,4.469793,7.242775,4.7246284,3
194641471270919,367736895,4.4832525,7.2352977,4.7078786,3
194641473770919,370236895,4.491627,7.25115,4.6986065,3
194641476270919,372736895,4.4859443,7.2646093,4.6815577,3
194641478770919,375236895,4.5020957,7.281658,4.648357,3
194641481270919,377736895,4.5035915,7.292426,4.6378884,3
194641483770919,380236895,4.5218368,7.279565,4.6289153,3
194641486270919,382736895,4.531707,7.2678995,4.6268215,3
194641488770919,385236895,4.5373898,7.25444,4.610371,3
194641491270919,387736895,4.5508494,7.251449,4.607679,3
194641493770919,390236895,4.5538406,7.2547393,4.606782,3
194641496270919,392736895,4.5559344,7.248159,4.630411,3
194641498770919,395236895,4.5912285,7.240083,4.621737,3
194641501270919,397736895,4.5804605,7.2397842,4.6340003,3
194641503770919,400236895,4.599304,7.220043,4.6465626,3
194641506270919,402736895,4.601697,7.218548,4.6579285,3
194641508770919,405236895,4.6154556,7.2152576,4.6674995,3
194641511270919,407736895,4.6169515,7.2116685,4.703392,3
194641513770919,410236895,4.606782,7.218249,4.7306104,3
194641516270919,412736895,4.5930233,7.2065835,4.750052,3
194641518770919,415236895,4.596014,7.205088,4.77069,3
194641521270919,417736895,4.5852466,7.190133,4.799703,3
194641523770919,420236895,4.569693,7.1823564,4.8173504,3
194641526270919,422736895,4.5430727,7.192526,4.8155556,3
194641528770919,425236895,4.545765,7.1835527,4.84068,3
194641531270919,427736895,4.5320063,7.186544,4.8640103,3
194641533770919,430236895,4.5269213,7.173383,4.883751,3
194641536270919,432736895,4.5224347,7.1805615,4.887041,3
194641538770919,435236895,4.529015,7.1883383,4.9049873,3
194641541270919,437736895,4.546064,7.1952176,4.9259243,3
194641543770919,440236895,4.5332026,7.1934233,4.947759,3
194641546270919,442736895,4.525127,7.199106,4.94417,3
194641548770919,445236895,4.5155554,7.1916285,4.9064827,3
194641551270919,447736895,4.5065823,7.19103,4.9055853,3
194641553770919,450236895,4.4718866,7.1976104,4.8918266,3
194641556270919,452736895,4.4458647,7.2086773,4.874778,3
194641558770919,455236895,4.4192443,7.219146,4.87418,3
194641561270919,457736895,4.3932223,7.2209406,4.8598228,3
194641563770919,460236895,4.3755755,7.2352977,4.8532424,3
194641566270919,462736895,4.354638,7.240083,4.858028,3
194641568770919,465236895,4.3405805,7.2583284,4.863113,3
194641571270919,467736895,4.3372903,7.255337,4.8568316,3
194641573770919,470236895,4.328915,7.2559357,4.848158,3
194641576270919,472736895,4.3181477,7.260721,4.825725,3
194641578770919,475236895,4.3121657,7.2849483,4.8008995,3
194641581270919,477736895,4.3037906,7.2792654,4.81406,3
194641583770919,480236895,4.3094735,7.283453,4.807181,3
194641586270919,482736895,4.3088756,7.277172,4.8035913,3
194641588770919,485236895,4.3211384,7.2673016,4.814658,3
194641591270919,487736895,4.3205404,7.279565,4.8035913,3
194641593770919,490236895,4.3127637,7.2702923,4.793721,3
194641596270919,492736895,4.3112683,7.2786674,4.8290153,3
194641598770919,495236895,4.29392,7.2843504,4.8290153,3
194641601270919,497736895,4.290032,7.2840514,4.842475,3
194641603770919,500236895,4.284349,7.2939215,4.8649077,3
194641606270919,502736895,4.2568316,7.3052874,4.886443,3
194641608770919,505236895,4.2574296,7.3112698,4.9118667,3
194641611270919,507736895,4.238287,7.283453,4.9528437,3
194641613770919,510236895,4.2308097,7.281359,4.9579287,3
194641616270919,512736895,4.2239304,7.263413,4.9567323,3
194641618770919,515236895,4.2131624,7.2469625,4.95733,3
194641621270919,517736895,4.222734,7.2352977,4.963013,3
194641623770919,520236895,4.236193,7.2038918,4.964509,3
194641626270919,522736895,4.2424746,7.192526,4.950152,3
194641628770919,525236895,4.2406797,7.1862445,4.935795,3
194641631270919,527736895,4.24397,7.175776,4.9229336,3
194641633770919,530236895,4.249354,7.2041907,4.9363933,3
194641636270919,532736895,4.256233,7.196713,4.922335,3
194641638770919,535236895,4.2708893,7.2009006,4.909773,3
194641641270919,537736895,4.284349,7.2065835,4.921737,3
194641643770919,540236895,4.31396,7.225128,4.913063,3
194641646270919,542736895,4.356732,7.246065,4.8939204,3
194641648770919,545236895,4.3851466,7.2583284,4.862814,3
194641651270919,547736895,4.408477,7.2696943,4.8029933,3
194641653770919,550236895,4.42403,7.285248,4.751847,3
194641656270919,552736895,4.42403,7.304091,4.7135615,3
194641658770919,555236895,4.429115,7.339385,4.692026,3
194641661270919,557736895,4.438387,7.41117,4.667799,3
194641663770919,560236895,4.426722,7.4919276,4.6005006,3
194641666270919,562736895,4.4111686,7.6130643,4.531408,3
194641668770919,565236895,4.433302,7.640881,4.6992044,3
194641671270919,567736895,4.497011,7.600203,4.9585266,3
194641673770919,570236895,4.5152564,7.615457,4.918746,3
194641676270919,572736895,4.5227337,7.655537,4.825725,3
194641678770919,575236895,4.470989,7.668997,4.7859445,3
194641681270919,577736895,4.2948174,7.5996046,5.3300123,3
194641683770919,580236895,4.124329,7.611868,5.788238,3
194641686270919,582736895,4.085745,7.583453,4.980062,3
194641688770919,585236895,4.0971107,7.4566336,4.6899323,3
194641691270919,587736895,4.1778684,7.3112698,4.656732,3
194641693770919,590236895,4.2687955,7.2023964,4.6522455,3
194641696270919,592736895,4.392026,7.129714,4.561019,3
194641698770919,595236895,4.493721,7.0842505,4.432704,3
194641701270919,597736895,4.5768714,7.055238,4.3031926,3
194641703770919,600236895,4.651049,7.0372915,4.240979,3
194641706270919,602736895,4.7009993,7.045965,4.19731,3
194641708770919,605236895,4.723432,7.0603223,4.171587,3
194641711270919,607736895,4.729713,7.0695944,4.1979084,3
194641713770919,610236895,4.7524447,7.1012993,4.226323,3
194641716270919,612736895,4.7566323,7.118348,4.2891345,3
194641718770919,615236895,4.759025,7.1309104,4.386044,3
194641721270919,617736895,4.746463,7.1545396,4.44407,3
194641723770919,620236895,4.7102714,7.2565336,4.4054856,3
194641726270919,622736895,4.7105703,7.3106713,4.3328037,3
194641728770919,625236895,4.767998,7.257132,4.778766,3
194641731270919,627736895,4.7892346,7.2547393,4.915157,3
194641733770919,630236895,4.801498,7.265208,4.9085765,3
194641736270919,632736895,4.813163,7.2466636,4.8508496,3
194641738770919,635236895,4.8173504,7.2116685,4.801797,3
194641741270919,637736895,4.8029933,7.192227,4.805087,3
194641743770919,640236895,4.788935,7.136893,4.801797,3
194641746270919,642736895,4.7766724,7.1105714,4.7685966,3
194641748770919,645236895,4.76082,7.0761747,4.712664,3
194641751270919,647736895,4.7431726,7.0558357,4.662116,3
194641753770919,650236895,4.720441,7.0202427,4.633402,3
194641756270919,652736895,4.7075796,7.0166535,4.5999026,3
194641758770919,655236895,4.6935215,7.019943,4.5876393,3
194641761270919,657736895,4.6689954,7.0166535,4.590032,3
194641763770919,660236895,4.658826,7.0028944,4.6055856,3
194641766270919,662736895,4.645665,7.000801,4.636393,3
194641768770919,665236895,4.64417,7.004689,4.67408,3
194641771270919,667736895,4.6689954,7.0133634,4.6893344,3
194641773770919,670236895,4.6875396,7.02443,4.733003,3
194641776270919,672736895,4.692624,7.0396843,4.7766724,3
194641778770919,675236895,4.692624,7.048059,4.7829533,3
194641781270919,677736895,4.692624,7.0603223,4.8011985,3
194641783770919,680236895,4.6839504,7.0615187,4.8239303,3
194641786270919,682736895,4.6818566,7.062416,4.8308096,3
194641788770919,685236895,4.6785665,7.0585275,4.831408,3
194641791270919,687736895,4.677669,7.0633135,4.833502,3
194641793770919,690236895,4.672285,7.0675006,4.822734,3
194641796270919,692736895,4.685446,7.0633135,4.814658,3
194641798770919,695236895,4.6842494,7.064809,4.8179483,3
194641801270919,697736895,4.697709,7.0549383,4.8083773,3
194641803770919,700236895,4.7024946,7.0654073,4.819743,3
194641806270919,702736895,4.709374,7.0722866,4.819743,3
194641808770919,705236895,4.70399,7.062416,4.8041897,3
194641811270919,707736895,4.7105703,7.05105,4.7880383,3
194641813770919,710236895,4.700102,7.053144,4.766802,3
194641816270919,712736895,4.688736,7.0543404,4.7359943,3
194641818770919,715236895,4.681258,7.0519476,4.71087,3
194641821270919,717736895,4.6674995,7.0615187,4.6725845,3
194641823770919,720236895,4.6465626,7.059126,4.666303,3
194641826270919,722736895,4.6342993,7.0749784,4.6618166,3
194641828770919,725236895,4.610072,7.0863442,4.664509,3
194641831270919,727736895,4.5951166,7.0968127,4.6725845,3
194641833770919,730236895,4.5708895,7.115058,4.679464,3
194641836270919,732736895,4.5613184,7.126424,4.680959,3
194641838770919,735236895,4.5538406,7.1392856,4.7045884,3
194641841270919,737736895,4.5424747,7.1748786,4.743771,3
194641843770919,740236895,4.5472603,7.1937222,4.7563334,3
194641846270919,742736895,4.549055,7.2065835,4.7949176,3
194641848770919,745236895,4.5535417,7.218548,4.820042,3
194641851270919,747736895,4.5690947,7.222436,4.8239303,3
194641853770919,750236895,4.555635,7.21436,4.820042,3
194641856270919,752736895,4.5714874,7.220043,4.820341,3
194641858770919,755236895,4.586443,7.2101727,4.8269215,3
194641861270919,757736895,4.5930233,7.199405,4.8003016,3
194641863770919,760236895,4.59063,7.1859455,4.7772703,3
194641866270919,762736895,4.5726843,7.1898336,4.7620163,3
194641868770919,765236895,4.5559344,7.173981,4.7452664,3
194641871270919,767736895,4.5466623,7.158727,4.7336016,3
194641873770919,770236895,4.5302114,7.173383,4.7377887,3
194641876270919,772736895,4.532903,7.16112,4.712066,3
194641878770919,775236895,4.534698,7.1566334,4.7303114,3
194641881270919,777736895,4.5448675,7.16441,4.7395835,3
194641883770919,780236895,4.5478587,7.1766734,4.7515473,3
194641886270919,782736895,4.5445685,7.1712894,4.746164,3
194641888770919,785236895,4.54397,7.179365,4.744668,3
194641891270919,787736895,4.5412784,7.1706915,4.7602215,3
194641893770919,790236895,4.545765,7.169794,4.749454,3
194641896270919,792736895,4.555037,7.166803,4.7718863,3
194641898770919,795236895,4.5619164,7.157531,4.770092,3
194641901270919,797736895,4.571787,7.143772,4.7772703,3
194641903770919,800236895,4.6037908,7.1395845,4.767101,3
194641906270919,802736895,4.6286163,7.1195445,4.7880383,3
194641908770919,805236895,4.636991,7.1132636,4.791029,3
194641911270919,807736895,4.6438704,7.108478,4.7985067,3
194641913770919,810236895,4.644469,7.0983086,4.7934217,3
194641916270919,812736895,4.6435714,7.0878396,4.7805605,3
194641918770919,815236895,4.6205406,7.09771,4.79402,3
194641921270919,817736895,4.5942197,7.091429,4.778766,3
194641923770919,820236895,4.581657,7.092326,4.776373,3
194641926270919,822736895,4.5466623,7.112665,4.7829533,3
194641928770919,825236895,4.5272202,7.123732,4.788935,3
194641931270919,827736895,4.5071807,7.135098,4.8006005,3
194641933770919,830236895,4.476971,7.1620173,4.8047876,3
194641936270919,832736895,4.4605207,7.201499,4.795815,3
194641938770919,835236895,4.4395833,7.198209,4.7829533,3
194641941270919,837736895,4.4264226,7.199405,4.7775693,3
194641943770919,840236895,4.417749,7.2248287,4.7742796,3
194641946270919,842736895,4.404887,7.2409806,4.775476,3
194641948770919,845236895,4.4018965,7.2409806,4.7727838,3
194641951270919,847736895,4.3965125,7.268498,4.747659,3
194641953770919,850236895,4.3944187,7.273882,4.752744,3
194641956270919,852736895,4.401597,7.308877,4.7509494,3
194641958770919,855236895,4.391428,7.3169527,4.738985,3
194641961270919,857736895,4.3794637,7.3307114,4.723731,3
194641963770919,860236895,4.3666024,7.3381886,4.712664,3
194641966270919,862736895,4.3591247,7.3549385,4.7195435,3
194641968770919,865236895,4.3480577,7.373782,4.7428737,3
194641971270919,867736895,4.3534417,7.388438,4.747958,3
194641973770919,870236895,4.3591247,7.407581,4.7599225,3
194641976270919,872736895,4.360321,7.4183483,4.759324,3
194641978770919,875236895,4.3648076,7.4330044,4.7718863,3
194641981270919,877736895,4.371388,7.4359956,4.7784667,3
194641983770919,880236895,4.3872404,7.4380894,4.7745786,3
194641986270919,882736895,4.4060836,7.4186473,4.7862434,3
194641988770919,885236895,4.4225345,7.4036922,4.7895336,3
194641991270919,887736895,4.451248,7.3869424,4.7778687,3
194641993770919,890236895,4.4608197,7.3657064,4.755137,3
194641996270919,892736895,4.4718866,7.3489566,4.7377887,3
194641998770919,895236895,4.470989,7.329515,4.7288156,3
194642001270919,897736895,4.4748774,7.2975106,4.70728,3
194642003770919,900236895,4.461717,7.295118,4.726423,3
194642006270919,902736895,4.464409,7.2858458,4.7195435,3
194642008770919,905236895,4.479065,7.282855,4.735396,3
194642011270919,907736895,4.470989,7.266703,4.742275,3
194642013770919,910236895,4.470092,7.2529445,4.7449675,3
194642016270919,912736895,4.4482574,7.253842,4.7344985,3
194642018770919,915236895,4.4398823,7.2559357,4.7599225,3
194642021270919,917736895,4.417749,7.2499533,4.7569313,3
194642023770919,920236895,4.4021955,7.260123,4.7455654,3
194642026270919,922736895,4.369593,7.2702923,4.758726,3
194642028770919,925236895,4.3528433,7.281658,4.761418,3
194642031270919,927736895,4.342674,7.3011003,4.7602215,3
194642033770919,930236895,4.3408794,7.309176,4.776373,3
194642036270919,932736895,4.36062,7.3106713,4.78744,3
194642038770919,935236895,4.369892,7.333104,4.801498,3
194642041270919,937736895,4.389334,7.34118,4.8116674,3
194642043770919,940236895,4.4114676,7.345068,4.8047876,3
194642046270919,942736895,4.421637,7.356135,4.7919264,3
194642048770919,945236895,4.444369,7.3486576,4.782056,3
194642051270919,947736895,4.467998,7.349854,4.790431,3
194642053770919,950236895,4.5035915,7.348059,4.781757,3
194642056270919,952736895,4.505386,7.347162,4.758726,3
194642058770919,955236895,4.511069,7.342675,4.7377887,3
194642061270919,957736895,4.5281177,7.339385,4.7246284,3
194642063770919,960236895,4.5388856,7.3378897,4.7135615,3
194642066270919,962736895,4.534698,7.3286176,4.72403,3
194642068770919,965236895,4.551448,7.320243,4.746164,3
194642071270919,967736895,4.537091,7.3118677,4.744369,3
194642073770919,970236895,4.5448675,7.307082,4.741079,3
194642076270919,972736895,4.54068,7.2909307,4.7512484,3
194642078770919,975236895,4.5358944,7.2640114,4.746463,3
194642081270919,977736895,4.5305104,7.2658057,4.738985,3
194642083770919,980236895,4.505386,7.237092,4.70728,3
194642086270919,982736895,4.497609,7.228418,4.708776,3
194642088770919,985236895,4.4913282,7.2080793,4.7114677,3
194642091270919,987736895,4.4856453,7.1916285,4.7096734,3
194642093770919,990236895,4.4760737,7.185048,4.706981,3
194642096270919,992736895,4.4665027,7.1706915,4.7027936,3
194642098770919,995236895,4.4868417,7.1682982,4.7192445,3
194642101270919,997736895,4.502694,7.16112,4.7303114,3
194642103770919,1000236895,4.51077,7.1581287,4.7455654,3
194642106270919,1002736895,4.5074797,7.152446,4.752146,3
194642108770919,1005236895,4.5095735,7.16112,4.7509494,3
194642111270919,1007736895,4.505685,7.1566334,4.7279186,3
194642113770919,1010236895,4.516752,7.164709,4.7102714,3
194642116270919,1012736895,4.5149574,7.1452675,4.698307,3
194642118770919,1015236895,4.510471,7.1578298,4.6728835,3
194642121270919,1017736895,4.5224347,7.1596246,4.664509,3
194642123770919,1020236895,4.5272202,7.155138,4.6674995,3
194642126270919,1022736895,4.525127,7.1677003,4.6779685,3
194642128770919,1025236895,4.543372,7.18116,4.677071,3
194642131270919,1027736895,4.5562334,7.175477,4.712066,3
194642133770919,1030236895,4.5768714,7.187441,4.712963,3
194642136270919,1032736895,4.587041,7.1835527,4.7213383,3
194642138770919,1035236895,4.5933223,7.1742806,4.733003,3
194642141270919,1037736895,4.599005,7.1862445,4.7392845,3
194642143770919,1040236895,4.6091747,7.181459,4.7216372,3
194642146270919,1042736895,4.622335,7.175477,4.723432,3
194642148770919,1045236895,4.5948176,7.154839,4.731209,3
194642151270919,1047736895,4.5930233,7.1389866,4.705785,3
194642153770919,1050236895,4.5855455,7.1389866,4.7102714,3
194642156270919,1052736895,4.5879383,7.1365933,4.7024946,3
194642158770919,1055236895,4.57747,7.1273212,4.703093,3
194642161270919,1057736895,4.5711884,7.133303,4.6962137,3
194642163770919,1060236895,4.5729833,7.12762,4.726423,3
194642166270919,1062736895,4.5747776,7.1282187,4.7117667,3
194642168770919,1065236895,4.558626,7.132406,4.726124,3
194642171270919,1067736895,4.55743,7.128817,4.733302,3
194642173770919,1070236895,4.5622153,7.1252275,4.72403,3
194642176270919,1072736895,4.554738,7.1102724,4.7222357,3
194642178770919,1075236895,4.5448675,7.1102724,4.715057,3
194642181270919,1077736895,4.569693,7.13121,4.7162533,3
194642183770919,1080236895,4.592425,7.120143,4.7153563,3
194642186270919,1082736895,4.613362,7.1246295,4.7216372,3
194642188770919,1085236895,4.619643,7.125527,4.7105703,3
194642191270919,1087736895,4.6268215,7.1282187,4.712066,3
194642193770919,1090236895,4.6345983,7.1132636,4.69412,3
194642196270919,1092736895,4.6208396,7.1395845,4.7024946,3
194642198770919,1095236895,4.6325045,7.149754,4.7018967,3
194642201270919,1097736895,4.6244287,7.1626153,4.711169,3
194642203770919,1100236895,4.6022954,7.1748786,4.718347,3
194642206270919,1102736895,4.598108,7.179066,4.7213383,3
194642208770919,1105236895,4.581358,7.202097,4.7222357,3
194642211270919,1107736895,4.566403,7.213164,4.7392845,3
194642213770919,1110236895,4.554738,7.23111,4.723432,3
194642216270919,1112736895,4.528716,7.2415786,4.714459,3
194642218770919,1115236895,4.490132,7.2562346,4.7042894,3
194642221270919,1117736895,4.4596233,7.280163,4.7078786,3
194642223770919,1120236895,4.438686,7.282855,4.712664,3
194642226270919,1122736895,4.4282174,7.3028946,4.7303114,3
194642228770919,1125236895,4.4222355,7.307082,4.7431726,3
194642231270919,1127736895,4.4192443,7.314859,4.7374897,3
194642233770919,1130236895,4.4135613,7.335198,4.7365923,3
194642236270919,1132736895,4.4057846,7.344171,4.7395835,3
194642238770919,1135236895,4.4081774,7.341479,4.7344985,3
194642241270919,1137736895,4.4072804,7.342376,4.7279186,3
194642243770919,1140236895,4.400999,7.367202,4.72403,3
194642246270919,1142736895,4.390231,7.36451,4.708776,3
194642248770919,1145236895,4.408477,7.37109,4.7027936,3
194642251270919,1147736895,4.4111686,7.3803625,4.714758,3
194642253770919,1150236895,4.4231324,7.374081,4.703691,3
194642256270919,1152736895,4.4434714,7.3779697,4.685446,3
194642258770919,1155236895,4.4464626,7.3666034,4.6914277,3
194642261270919,1157736895,4.4653063,7.3713894,4.657031,3
194642263770919,1160236895,4.493721,7.3396845,4.6549373,3
194642266270919,1162736895,4.525426,7.3235326,4.6555357,3
194642268770919,1165236895,4.552943,7.314859,4.6522455,3
194642271270919,1167736895,4.556832,7.2987075,4.6492543,3
194642273770919,1170236895,4.573581,7.2930245,4.64746,3
194642276270919,1172736895,4.5912285,7.2858458,4.6429734,3
194642278770919,1175236895,4.5933223,7.27448,4.638487,3
194642281270919,1177736895,4.6091747,7.259226,4.64058,3
194642283770919,1180236895,4.6268215,7.2526455,4.627719,3
194642286270919,1182736895,4.638786,7.2344003,4.628018,3
194642288770919,1185236895,4.6325045,7.2329044,4.6342993,3
194642291270919,1187736895,4.636393,7.212865,4.6235313,3
194642293770919,1190236895,4.656732,7.19432,4.6354957,3
194642296270919,1192736895,4.651348,7.1823564,4.638786,3
194642298770919,1195236895,4.6576295,7.16441,4.6372905,3
194642301270919,1197736895,4.64746,7.1563344,4.6465626,3
194642303770919,1200236895,4.6357946,7.151848,4.6372905,3
194642306270919,1202736895,4.610072,7.1359954,4.6558347,3
194642308770919,1205236895,4.57747,7.14108,4.6549373,3
194642311270919,1207736895,4.5655055,7.146165,4.659125,3
194642313770919,1210236895,4.5278187,7.1422763,4.686642,3
194642316270919,1212736895,4.5003014,7.1431737,4.701298,3
194642318770919,1215236895,4.473382,7.1470623,4.715057,3
194642321270919,1217736895,4.4431725,7.1596246,4.733302,3
194642323770919,1220236895,4.4285164,7.1674013,4.76082,3
194642326270919,1222736895,4.4246283,7.175477,4.779065,3
194642328770919,1225236895,4.4204407,7.184749,4.8032923,3
194642331270919,1227736895,4.4207397,7.192227,4.8173504,3
194642333770919,1230236895,4.438088,7.201499,4.8239303,3
194642336270919,1232736895,4.4482574,7.218847,4.8361936,3
194642338770919,1235236895,4.456333,7.2029943,4.834997,3
194642341270919,1237736895,4.4691944,7.2215385,4.842774,3
194642343770919,1240236895,4.4817567,7.225427,4.837091,3
194642346270919,1242736895,4.4784665,7.2236323,4.81406,3
194642348770919,1245236895,4.482056,7.2245297,4.785346,3
194642351270919,1247736895,4.4913282,7.23111,4.773382,3
194642353770919,1250236895,4.4988055,7.230811,4.7563334,3
194642356270919,1252736895,4.523332,7.226025,4.7416773,3
194642358770919,1255236895,4.5227337,7.2352977,4.726423,3
194642361270919,1257736895,4.5227337,7.239186,4.725825,3
194642363770919,1260236895,4.525127,7.238887,4.714758,3
194642366270919,1262736895,4.534399,7.2436724,4.69741,3
194642368770919,1265236895,4.523033,7.2355967,4.6986065,3
194642371270919,1267736895,4.5038905,7.242177,4.686343,3
194642373770919,1270236895,4.514658,7.242476,4.685446,3
194642376270919,1272736895,4.506881,7.2619176,4.658826,3
194642378770919,1275236895,4.491029,7.242775,4.6498528,3
194642381270919,1277736895,4.4892344,7.2556367,4.6528435,3
194642383770919,1280236895,4.486542,7.2705917,4.666303,3
194642386270919,1282736895,4.487739,7.2882385,4.67408,3
194642388770919,1285236895,4.4913282,7.2762747,4.6989055,3
194642391270919,1287736895,4.5035915,7.283154,4.7192445,3
194642393770919,1290236895,4.5224347,7.2849483,4.7362933,3
194642396270919,1292736895,4.531408,7.2957163,4.7362933,3
194642398770919,1295236895,4.537689,7.2882385,4.751847,3
194642401270919,1297736895,4.5302114,7.279864,4.7365923,3
194642403770919,1300236895,4.5352964,7.2879395,4.7458644,3
194642406270919,1302736895,4.526024,7.2858458,4.747958,3
194642408770919,1305236895,4.534399,7.294221,4.733302,3
194642411270919,1307736895,4.529314,7.2882385,4.752146,3
194642413770919,1310236895,4.529314,7.289136,4.744369,3
194642416270919,1312736895,4.523033,7.2903323,4.7509494,3
194642418770919,1315236895,4.505386,7.2975106,4.743771,3
194642421270919,1317736895,4.5011983,7.2873416,4.7225347,3
194642423770919,1320236895,4.4868417,7.2972116,4.70728,3
194642426270919,1322736895,4.5011983,7.2933235,4.706682,3
194642428770919,1325236895,4.502694,7.2957163,4.723432,3
194642431270919,1327736895,4.510471,7.289136,4.734798,3
194642433770919,1330236895,4.508078,7.2825556,4.7416773,3
194642436270919,1332736895,4.511069,7.2711897,4.7365923,3
194642438770919,1335236895,4.5266223,7.268797,4.746762,3
194642441270919,1337736895,4.5242295,7.26102,4.7569313,3
194642443770919,1340236895,4.5394835,7.2550383,4.7416773,3
194642446270919,1342736895,4.540381,7.2475605,4.7114677,3
194642448770919,1345236895,4.5430727,7.2382884,4.7007003,3
194642451270919,1347736895,4.5544386,7.2293153,4.700401,3
194642453770919,1350236895,4.566702,7.228119,4.706383,3
194642456270919,1352736895,4.577769,7.2137623,4.7045884,3
194642458770919,1355236895,4.5825543,7.2095747,4.6959143,3
194642461270919,1357736895,4.5975094,7.179365,4.6782675,3
194642463770919,1360236895,4.6028934,7.1769724,4.6674995,3
194642466270919,1362736895,4.601697,7.166205,4.645366,3
194642468770919,1365236895,4.60738,7.146464,4.659424,3
194642471270919,1367736895,4.613362,7.153044,4.6528435,3
194642473770919,1370236895,4.5933223,7.1392856,4.6600223,3
194642476270919,1372736895,4.5972104,7.1342006,4.6438704,3
194642478770919,1375236895,4.575376,7.1222367,4.641777,3
194642481270919,1377736895,4.5649076,7.123134,4.65404,3
194642483770919,1380236895,4.5562334,7.129116,4.6746783,3
194642486270919,1382736895,4.552046,7.1359954,4.680062,3
194642488770919,1385236895,4.551149,7.1395845,4.700102,3
194642491270919,1387736895,4.5361934,7.1539416,4.7216372,3
194642493770919,1390236895,4.5332026,7.147959,4.7416773,3
194642496270919,1392736895,4.523332,7.1599236,4.735695,3
194642498770919,1395236895,4.5152564,7.166205,4.7428737,3
194642501270919,1397736895,4.508676,7.176075,4.7605205,3
194642503770919,1400236895,4.4949174,7.18445,4.7623153,3
194642506270919,1402736895,4.4685965,7.200003,4.7635117,3
194642508770919,1405236895,4.482654,7.207182,4.781159,3
194642511270919,1407736895,4.4913282,7.2092757,4.788935,3
194642513770919,1410236895,4.494319,7.222137,4.7922254,3
194642516270919,1412736895,4.5041895,7.219744,4.794319,3
194642518770919,1415236895,4.5014977,7.230811,4.7745786,3
194642521270919,1417736895,4.49402,7.2472615,4.7859445,3
194642523770919,1420236895,4.4892344,7.252047,4.7602215,3
194642526270919,1422736895,4.4892344,7.254141,4.7425747,3
194642528770919,1425236895,4.5017967,7.271489,4.729713,3
194642531270919,1427736895,4.5095735,7.2807612,4.7336016,3
194642533770919,1430236895,4.5041895,7.2783685,4.735396,3
194642536270919,1432736895,4.5059843,7.275975,4.7515473,3
194642538770919,1435236895,4.511368,7.286743,4.7344985,3
194642541270919,1437736895,4.5149574,7.299904,4.7162533,3
194642543770919,1440236895,4.5011983,7.295118,4.7027936,3
194642546270919,1442736895,4.49402,7.277172,4.7045884,3
194642548770919,1445236895,4.5008993,7.2735825,4.70399,3
194642551270919,1447736895,4.4913282,7.279864,4.6842494,3
194642553770919,1450236895,4.4748774,7.2783685,4.6546383,3
194642556270919,1452736895,4.476373,7.28106,4.6695933,3
194642558770919,1455236895,4.4694934,7.274779,4.666602,3
194642561270919,1457736895,4.456034,7.279565,4.6522455,3
194642563770919,1460236895,4.453043,7.2819576,4.6582274,3
194642566270919,1462736895,4.4482574,7.279864,4.6824546,3
194642568770919,1465236895,4.46411,7.2783685,4.6902313,3
194642571270919,1467736895,4.4635115,7.2789664,4.693821,3
194642573770919,1470236895,4.4694934,7.288837,4.7171507,3
194642576270919,1472736895,4.4778686,7.292725,4.7434716,3
194642578770919,1475236895,4.484748,7.2900333,4.731508,3
194642581270919,1477736895,4.5003014,7.282855,4.7359943,3
194642583770919,1480236895,4.5017967,7.2765737,4.7545385,3
194642586270919,1482736895,4.523033,7.268797,4.7548375,3
194642588770919,1485236895,4.537988,7.268199,4.74078,3
194642591270919,1487736895,4.5427737,7.2496543,4.7452664,3
194642593770919,1490236895,4.551149,7.238887,4.7377887,3
194642596270919,1492736895,4.564608,7.231409,4.738686,3
194642598770919,1495236895,4.555037,7.216753,4.727619,3
194642601270919,1497736895,4.5335016,7.2068825,4.705785,3
194642603770919,1500236895,4.5373898,7.202097,4.7138605,3
194642606270919,1502736895,4.538287,7.2041907,4.7114677,3
194642608770919,1505236895,4.534698,7.1949186,4.7195435,3
194642611270919,1507736895,4.5320063,7.1880393,4.7213383,3
194642613770919,1510236895,4.5248275,7.181459,4.744668,3
194642616270919,1512736895,4.5248275,7.178169,4.753043,3
194642618770919,1515236895,4.546363,7.1823564,4.764409,3
194642621270919,1517736895,4.5391846,7.173383,4.7542396,3
194642623770919,1520236895,4.5481577,7.172187,4.7691946,3
194642626270919,1522736895,4.542176,7.1659055,4.7712884,3
194642628770919,1525236895,4.537091,7.1659055,4.749753,3
194642631270919,1527736895,4.5427737,7.1620173,4.7359943,3
194642633770919,1530236895,4.52393,7.1566334,4.729115,3
194642636270919,1532736895,4.528716,7.1602225,4.7288156,3
194642638770919,1535236895,4.5149574,7.178169,4.7341995,3
194642641270919,1537736895,4.511368,7.194021,4.74407,3
194642643770919,1540236895,4.5071807,7.2119675,4.7401814,3
194642646270919,1542736895,4.5041895,7.2236323,4.747659,3
194642648770919,1545236895,4.5014977,7.242177,4.765007,3
194642651270919,1547736895,4.493422,7.242775,4.7626143,3
194642653770919,1550236895,4.462016,7.2711897,4.7832522,3
194642656270919,1552736895,4.4557347,7.2915287,4.775476,3
194642658770919,1555236895,4.4578285,7.3103724,4.7838507,3
194642661270919,1557736895,4.4578285,7.313363,4.779065,3
194642663770919,1560236895,4.459025,7.3178496,4.7581277,3
194642666270919,1562736895,4.4446683,7.3121667,4.768297,3
194642668770919,1565236895,4.4482574,7.320542,4.7419763,3
194642671270919,1567736895,4.447958,7.313064,4.72403,3
194642673770919,1570236895,4.4629135,7.309475,4.706383,3
194642676270919,1572736895,4.4760737,7.3118677,4.6959143,3
194642678770919,1575236895,4.464708,7.303792,4.6950173,3
194642681270919,1577736895,4.4874396,7.2915287,4.6875396,3
194642683770919,1580236895,4.494319,7.268797,4.6785665,3
194642686270919,1582736895,4.5092745,7.28106,4.6785665,3
194642688770919,1585236895,4.520341,7.2670026,4.6806602,3
194642691270919,1587736895,4.537091,7.25444,4.6845484,3
194642693770919,1590236895,4.5409794,7.2358956,4.677071,3
194642696270919,1592736895,4.551448,7.218548,4.686941,3
194642698770919,1595236895,4.540381,7.2206416,4.6881375,3
194642701270919,1597736895,4.554738,7.2098737,4.6788654,3
194642703770919,1600236895,4.5652065,7.1976104,4.679763,3
194642706270919,1602736895,4.575376,7.1955166,4.6785665,3
194642708770919,1605236895,4.5798626,7.179066,4.6914277,3
194642711270919,1607736895,4.601697,7.172187,4.688736,3
194642713770919,1610236895,4.607081,7.1626153,4.6839504,3
194642716270919,1612736895,4.589733,7.16112,4.6761737,3
194642718770919,1615236895,4.592425,7.167102,4.673482,3
194642721270919,1617736895,4.581059,7.153044,4.665705,3
194642723770919,1620236895,4.5652065,7.1539416,4.662116,3
194642726270919,1622736895,4.55743,7.149754,4.668098,3
194642728770919,1625236895,4.5478587,7.1679993,4.6672006,3
194642731270919,1627736895,4.5373898,7.159325,4.6752763,3
194642733770919,1630236895,4.531408,7.166205,4.694419,3
194642736270919,1632736895,4.5424747,7.1706915,4.712066,3
194642738770919,1635236895,4.54397,7.1685977,4.7288156,3
194642741270919,1637736895,4.551149,7.173682,4.7563334,3
194642743770919,1640236895,4.561019,7.1835527,4.7685966,3
194642746270919,1642736895,4.5762734,7.19103,4.775476,3
194642748770919,1645236895,4.577769,7.201499,4.769793,3
194642751270919,1647736895,4.5714874,7.1937222,4.785047,3
194642753770919,1650236895,4.579264,7.2009006,4.7653065,3
194642756270919,1652736895,4.589733,7.2038918,4.7539406,3
194642758770919,1655236895,4.59063,7.2089763,4.751847,3
194642761270919,1657736895,4.6028934,7.2089763,4.7431726,3
194642763770919,1660236895,4.613362,7.2245297,4.7452664,3
194642766270919,1662736895,4.5999026,7.214659,4.7452664,3
194642768770919,1665236895,4.6040897,7.2466636,4.74078,3
194642771270919,1667736895,4.6007996,7.242775,4.7267222,3
194642773770919,1670236895,4.5972104,7.237391,4.6965127,3
194642776270919,1672736895,4.586443,7.236793,4.7048874,3
194642778770919,1675236895,4.578666,7.239485,4.6872406,3
194642781270919,1677736895,4.582854,7.2355967,4.6731825,3
194642783770919,1680236895,4.589733,7.2526455,4.6546383,3
194642786270919,1682736895,4.5705905,7.2448688,4.6528435,3
194642788770919,1685236895,4.558626,7.2448688,4.6486564,3
194642791270919,1687736895,4.555037,7.2523465,4.642674,3
194642793770919,1690236895,4.5418763,7.25115,4.6345983,3
194642796270919,1692736895,4.546363,7.2586274,4.6262236,3
194642798770919,1695236895,4.537988,7.2589264,4.6543393,3
194642801270919,1697736895,4.544269,7.2622166,4.651647,3
194642803770919,1700236895,4.5361934,7.274181,4.6507497,3
194642806270919,1702736895,4.54397,7.2726855,4.64417,3
194642808770919,1705236895,4.546363,7.275975,4.6342993,3
194642811270919,1707736895,4.525426,7.275975,4.6495533,3
194642813770919,1710236895,4.520042,7.301997,4.6378884,3
194642816270919,1712736895,4.5008993,7.2966137,4.642076,3
194642818770919,1715236895,4.502694,7.294221,4.6351967,3
194642821270919,1717736895,4.508377,7.2996044,4.6543393,3
194642823770919,1720236895,4.502993,7.3052874,4.6639104,3
194642826270919,1722736895,4.499404,7.2897344,4.6758747,3
194642828770919,1725236895,4.4964128,7.292127,4.6761737,3
194642831270919,1727736895,4.5152564,7.2873416,4.6752763,3
194642833770919,1730236895,4.538287,7.2822566,4.692325,3
194642836270919,1732736895,4.549055,7.281658,4.703392,3
194642838770919,1735236895,4.5478587,7.283154,4.70399,3
194642841270919,1737736895,4.555336,7.2846494,4.7027936,3
194642843770919,1740236895,4.5628138,7.262516,4.7027936,3
194642846270919,1742736895,4.584947,7.25444,4.690531,3
194642848770919,1745236895,4.589733,7.2523465,4.690531,3
194642851270919,1747736895,4.586443,7.222436,4.666602,3
194642853770919,1750236895,4.587041,7.201798,4.6582274,3
194642856270919,1752736895,4.596014,7.198508,4.6561337,3
194642858770919,1755236895,4.58734,7.187441,4.662714,3
194642861270919,1757736895,4.5918264,7.1712894,4.645964,3
194642863770919,1760236895,4.5972104,7.16112,4.6357946,3
194642866270919,1762736895,4.599304,7.1635127,4.668397,3
194642868770919,1765236895,4.6022954,7.1599236,4.697709,3
194642871270919,1767736895,4.604987,7.14437,4.7174497,3
194642873770919,1770236895,4.5972104,7.1545396,4.706084,3
194642876270919,1772736895,4.590331,7.166803,4.733302,3
194642878770919,1775236895,4.58734,7.146763,4.740481,3
194642881270919,1777736895,4.5879383,7.1482587,4.729414,3
194642883770919,1780236895,4.5705905,7.1395845,4.72074,3
194642886270919,1782736895,4.571787,7.1309104,4.720441,3
194642888770919,1785236895,4.560421,7.138388,4.718347,3
194642891270919,1787736895,4.575376,7.1398835,4.7168517,3
194642893770919,1790236895,4.5619164,7.144071,4.7213383,3
194642896270919,1792736895,4.5634117,7.157531,4.733003,3
194642898770919,1795236895,4.5658045,7.149754,4.7336016,3
194642901270919,1797736895,4.5738807,7.1602225,4.7419763,3
194642903770919,1800236895,4.5738807,7.1715884,4.738985,3
194642906270919,1802736895,4.5762734,7.1826553,4.7602215,3
194642908770919,1805236895,4.5652065,7.187441,4.758726,3
194642911270919,1807736895,4.5613184,7.210771,4.7602215,3
194642913770919,1810236895,4.570291,7.2003026,4.7730827,3
194642916270919,1812736895,4.5705905,7.219146,4.7805605,3
194642918770919,1815236895,4.5834517,7.2266235,4.781458,3
194642921270919,1817736895,4.59063,7.2326055,4.7865424,3
194642923770919,1820236895,4.5915275,7.233204,4.796712,3
194642926270919,1822736895,4.5762734,7.255337,4.7913284,3
194642928770919,1825236895,4.5652065,7.248458,4.76411,3
194642931270919,1827736895,4.556832,7.25773,4.759324,3
194642933770919,1830236895,4.545466,7.252047,4.7485566,3
194642936270919,1832736895,4.523631,7.2619176,4.7344985,3
194642938770919,1835236895,4.502993,7.2673016,4.7282176,3
194642941270919,1837736895,4.4841495,7.2726855,4.7306104,3
194642943770919,1840236895,4.4745784,7.285248,4.7267222,3
194642946270919,1842736895,4.46411,7.280462,4.7401814,3
194642948770919,1845236895,4.4524446,7.289435,4.750052,3
194642951270919,1847736895,4.4629135,7.283154,4.7428737,3
194642953770919,1850236895,4.471587,7.282855,4.750351,3
194642956270919,1852736895,4.4653063,7.27777,4.747958,3
194642958770919,1855236895,4.4832525,7.278069,4.7455654,3
194642961270919,1857736895,4.496114,7.2768726,4.7303114,3
194642963770919,1860236895,4.491029,7.264909,4.718347,3
194642966270919,1862736895,4.491029,7.2643104,4.692624,3
194642968770919,1865236895,4.505087,7.2646093,4.666303,3
194642971270919,1867736895,4.511069,7.2699933,4.6672006,3
194642973770919,1870236895,4.5215373,7.2589264,4.658826,3
194642976270919,1872736895,4.51077,7.2469625,4.659424,3
194642978770919,1875236895,4.503292,7.2442703,4.668098,3
194642981270919,1877736895,4.488337,7.242476,4.6704907,3
194642983770919,1880236895,4.484449,7.2412796,4.662714,3
194642986270919,1882736895,4.4745784,7.24457,4.666602,3
194642988770919,1885236895,4.475476,7.2472615,4.660919,3
194642991270919,1887736895,4.4614177,7.23111,4.679763,3
194642993770919,1890236895,4.4635115,7.2475605,4.6788654,3
194642996270919,1892736895,4.4721856,7.2493553,4.6914277,3
194642998770919,1895236895,4.4895334,7.248159,4.7222357,3
194643001270919,1897736895,4.5098724,7.248458,4.7362933,3
194643003770919,1900236895,4.520341,7.237092,4.7485566,3
194643006270919,1902736895,4.518247,7.2436724,4.7506504,3
194643008770919,1905236895,4.5418763,7.222735,4.7282176,3
194643011270919,1907736895,4.5445685,7.2068825,4.712066,3
194643013770919,1910236895,4.543372,7.2023964,4.712066,3
194643016270919,1912736895,4.54068,7.181459,4.7048874,3
194643018770919,1915236895,4.5427737,7.166803,4.694419,3
194643021270919,1917736895,4.5361934,7.167102,4.681258,3
194643023770919,1920236895,4.5391846,7.1682982,4.6672006,3
194643026270919,1922736895,4.523631,7.16441,4.706383,3
194643028770919,1925236895,4.5299125,7.1539416,4.706383,3
194643031270919,1927736895,4.525725,7.154839,4.7279186,3
194643033770919,1930236895,4.531408,7.1506515,4.744369,3
194643036270919,1932736895,4.523631,7.1395845,4.7458644,3
194643038770919,1935236895,4.51406,7.1455665,4.7620163,3
194643041270919,1937736895,4.511069,7.160522,4.7715874,3
194643043770919,1940236895,4.516752,7.1476603,4.7742796,3
194643046270919,1942736895,4.5092745,7.1626153,4.7892346,3
194643048770919,1945236895,4.5023947,7.155138,4.775476,3
194643051270919,1947736895,4.5035915,7.1629148,4.7742796,3
194643053770919,1950236895,4.5077786,7.1706915,4.7626143,3
194643056270919,1952736895,4.5059843,7.1706915,4.7620163,3
194643058770919,1955236895,4.523631,7.164111,4.7539406,3
194643061270919,1957736895,4.5281177,7.1730843,4.764708,3
194643063770919,1960236895,4.523631,7.1712894,4.7694936,3
194643066270919,1962736895,4.5427737,7.164111,4.77398,3
194643068770919,1965236895,4.5598226,7.1629148,4.7769713,3
194643071270919,1967736895,4.5652065,7.190432,4.7727838,3
194643073770919,1970236895,4.5852466,7.186843,4.772186,3
194643076270919,1972736895,4.5951166,7.1802626,4.779065,3
194643078770919,1975236895,4.5888357,7.2023964,4.761119,3
194643081270919,1977736895,4.589733,7.201798,4.747958,3
194643083770919,1980236895,4.5595236,7.2023964,4.741079,3
194643086270919,1982736895,4.534698,7.2116685,4.71087,3
194643088770919,1985236895,4.5278187,7.225128,4.709374,3
194643091270919,1987736895,4.497011,7.2355967,4.701597,3
194643093770919,1990236895,4.4889355,7.2616186,4.7156553,3
194643096270919,1992736895,4.508377,7.27777,4.7231326,3
194643098770919,1995236895,4.508377,7.288837,4.7449675,3
194643101270919,1997736895,4.5134616,7.299904,4.752146,3
194643103770919,2000236895,4.505087,7.2960153,4.750351,3
194643106270919,2002736895,4.508377,7.301997,4.751847,3
194643108770919,2005236895,4.5014977,7.2975106,4.729713,3
194643111270919,2007736895,4.4982076,7.3052874,4.726124,3
194643113770919,2010236895,4.5071807,7.292725,4.7048874,3
194643116270919,2012736895,4.5006003,7.283154,4.6992044,3
194643118770919,2015236895,4.5065823,7.286444,4.690531,3
194643121270919,2017736895,4.5059843,7.2762747,4.699504,3
194643123770919,2020236895,4.5062833,7.2846494,4.7102714,3
194643126270919,2022736895,4.5065823,7.2903323,4.7162533,3
194643128770919,2025236895,4.503292,7.2711897,4.712365,3
194643131270919,2027736895,4.5074797,7.2613196,4.7081776,3
194643133770919,2030236895,4.508377,7.2508507,4.6986065,3
194643136270919,2032736895,4.500002,7.268498,4.718347,3
194643138770919,2035236895,4.503292,7.25115,4.7141595,3
194643141270919,2037736895,4.495815,7.2293153,4.705486,3
194643143770919,2040236895,4.5003014,7.2326055,4.698307,3
194643146270919,2042736895,4.4964128,7.2209406,4.697709,3
194643148770919,2045236895,4.505087,7.218249,4.706084,3
194643151270919,2047736895,4.51406,7.213164,4.7024946,3
194643153770919,2050236895,4.520042,7.2089763,4.706981,3
194643156270919,2052736895,4.53081,7.216155,4.7192445,3
194643158770919,2055236895,4.536493,7.2029943,4.717749,3
194643161270919,2057736895,4.537689,7.2065835,4.720441,3
194643163770919,2060236895,4.5502515,7.1805615,4.715057,3
194643166270919,2062736895,4.5598226,7.1769724,4.699504,3
194643168770919,2065236895,4.573581,7.1802626,4.6956153,3
194643171270919,2067736895,4.575675,7.172785,4.703691,3
194643173770919,2070236895,4.582854,7.1682982,4.67408,3
194643176270919,2072736895,4.590331,7.169794,4.677669,3
194643178770919,2075236895,4.575376,7.1730843,4.679763,3
194643181270919,2077736895,4.5711884,7.169794,4.6689954,3
194643183770919,2080236895,4.5595236,7.17787,4.6372905,3
194643186270919,2082736895,4.549354,7.164111,4.671986,3
194643188770919,2085236895,4.531408,7.175477,4.6672006,3
194643191270919,2087736895,4.5263233,7.1769724,4.6731825,3
194643193770919,2090236895,4.5209394,7.1784678,4.685446,3
194643196270919,2092736895,4.508377,7.185347,4.7007003,3
194643198770919,2095236895,4.503292,7.1889367,4.6992044,3
194643201270919,2097736895,4.499105,7.198209,4.7042894,3
194643203770919,2100236895,4.491029,7.2044897,4.7216372,3
194643206270919,2102736895,4.475775,7.218548,4.7228336,3
194643208770919,2105236895,4.484748,7.220043,4.723731,3
194643211270919,2107736895,4.4928236,7.222137,4.720441,3
194643213770919,2110236895,4.490132,7.2269225,4.7216372,3
194643216270919,2112736895,4.4874396,7.2341013,4.7365923,3
194643218770919,2115236895,4.505087,7.2442703,4.738387,3
194643221270919,2117736895,4.5218368,7.2355967,4.7339005,3
194643223770919,2120236895,4.5391846,7.237391,4.7321057,3
194643226270919,2122736895,4.560421,7.2415786,4.718646,3
194643228770919,2125236895,4.578367,7.2442703,4.7213383,3
194643231270919,2127736895,4.5876393,7.2472615,4.726423,3
194643233770919,2130236895,4.5855455,7.237092,4.726423,3
194643236270919,2132736895,4.590032,7.2499533,4.7114677,3
194643238770919,2135236895,4.598407,7.2586274,4.6992044,3
194643241270919,2137736895,4.5987062,7.259226,4.697709,3
194643243770919,2140236895,4.6028934,7.2616186,4.6953163,3
194643246270919,2142736895,4.5804605,7.259226,4.6896334,3
194643248770919,2145236895,4.578367,7.264909,4.698008,3
194643251270919,2147736895,4.5708895,7.257132,4.6932225,3
194643253770919,2150236895,4.5619164,7.2586274,4.6818566,3
194643256270919,2152736895,4.549653,7.240681,4.686044,3
194643258770919,2155236895,4.5302114,7.253543,4.673781,3
194643261270919,2157736895,4.51077,7.253543,4.688736,3
194643263770919,2160236895,4.4967117,7.268797,4.6965127,3
194643266270919,2162736895,4.493721,7.26102,4.7099724,3
194643268770919,2165236895,4.485047,7.268797,4.712365,3
194643271270919,2167736895,4.499703,7.268199,4.72732,3
194643273770919,2170236895,4.4922256,7.2622166,4.7336016,3
194643276270919,2172736895,4.4928236,7.25444,4.7539406,3
194643278770919,2175236895,4.5011983,7.2526455,4.752146,3
194643281270919,2177736895,4.523033,7.2442703,4.7371907,3
194643283770919,2180236895,4.5275197,7.242476,4.7359943,3
194643286270919,2182736895,4.5505505,7.2326055,4.711169,3
194643288770919,2185236895,4.563711,7.23111,4.7362933,3
194643291270919,2187736895,4.573581,7.22782,4.7159543,3
194643293770919,2190236895,4.575077,7.216753,4.7117667,3
194643296270919,2192736895,4.581657,7.217052,4.7096734,3
194643298770919,2195236895,4.5765724,7.2269225,4.726124,3
194643301270919,2197736895,4.56072,7.2215385,4.732704,3
194643303770919,2200236895,4.5538406,7.23111,4.712963,3
194643306270919,2202736895,4.544269,7.2122664,4.705486,3
194643308770919,2205236895,4.5323052,7.2230344,4.70728,3
194643311270919,2207736895,4.5155554,7.216753,4.7165527,3
194643313770919,2210236895,4.5035915,7.2179494,4.7249274,3
194643316270919,2212736895,4.485047,7.216155,4.726423,3
194643318770919,2215236895,4.4808593,7.214659,4.731209,3
194643321270919,2217736895,4.471288,7.2212396,4.7318068,3
194643323770919,2220236895,4.4668016,7.2179494,4.744668,3
194643326270919,2222736895,4.462614,7.2083783,4.744668,3
194643328770919,2225236895,4.4605207,7.2116685,4.7318068,3
194643331270919,2227736895,4.4521456,7.205387,4.7458644,3
194643333770919,2230236895,4.458726,7.210771,4.750351,3
194643336270919,2232736895,4.4724846,7.196414,4.7488556,3
194643338770919,2235236895,4.468297,7.186544,4.749753,3
194643341270919,2237736895,4.4629135,7.178767,4.7452664,3
194643343770919,2240236895,4.4575295,7.1745796,4.725526,3
194643346270919,2242736895,4.4554358,7.17787,4.725825,3
194643348770919,2245236895,4.4674,7.1916285,4.7171507,3
194643351270919,2247736895,4.471288,7.1892357,4.729713,3
194643353770919,2250236895,4.4835515,7.1712894,4.7401814,3
194643356270919,2252736895,4.5011983,7.1892357,4.7371907,3
194643358770919,2255236895,4.5065823,7.2029943,4.729115,3
194643361270919,2257736895,4.500002,7.1952176,4.729414,3
194643363770919,2260236895,4.488337,7.198508,4.7222357,3
194643366270919,2262736895,4.476672,7.2119675,4.7081776,3
194643368770919,2265236895,4.4614177,7.225726,4.7288156,3
194643371270919,2267736895,4.4539404,7.2290163,4.718646,3
194643373770919,2270236895,4.4557347,7.2376904,4.7336016,3
194643376270919,2272736895,4.4575295,7.24457,4.735695,3
194643378770919,2275236895,4.4539404,7.2529445,4.7691946,3
194643381270919,2277736895,4.453342,7.2613196,4.7581277,3
194643383770919,2280236895,4.4721856,7.2586274,4.7730827,3
194643386270919,2282736895,4.4745784,7.277471,4.7653065,3
194643388770919,2285236895,4.4889355,7.288837,4.7620163,3
194643391270919,2287736895,4.4985065,7.2915287,4.7674,3
194643393770919,2290236895,4.5017967,7.2873416,4.7799625,3
194643396270919,2292736895,4.516154,7.283154,4.764409,3
194643398770919,2295236895,4.520042,7.292127,4.747659,3
194643401270919,2297736895,4.5116673,7.280163,4.7398825,3
194643403770919,2300236895,4.499404,7.2783685,4.7159543,3
194643406270919,2302736895,4.484449,7.279565,4.712066,3
194643408770919,2305236895,4.482056,7.283752,4.6971107,3
194643411270919,2307736895,4.482056,7.2699933,4.686642,3
194643413770919,2310236895,4.4775696,7.259226,4.6950173,3
194643416270919,2312736895,4.494319,7.2735825,4.7114677,3
194643418770919,2315236895,4.4964128,7.2711897,4.7045884,3
194643421270919,2317736895,4.49731,7.260123,4.6965127,3
194643423770919,2320236895,4.5003014,7.2586274,4.703691,3
194643426270919,2322736895,4.5065823,7.2496543,4.7007003,3
194643428770919,2325236895,4.4955153,7.253543,4.7018967,3
194643431270919,2327736895,4.5011983,7.2565336,4.683352,3
194643433770919,2330236895,4.496114,7.25444,4.686941,3
194643436270919,2332736895,4.485346,7.25444,4.6824546,3
194643438770919,2335236895,4.4892344,7.251748,4.685745,3
194643441270919,2337736895,4.4868417,7.2526455,4.6950173,3
194643443770919,2340236895,4.490431,7.260123,4.703392,3
194643446270919,2342736895,4.505386,7.256833,4.7210393,3
194643448770919,2345236895,4.516453,7.2559357,4.7491546,3
194643451270919,2347736895,4.511966,7.248159,4.759324,3
194643453770919,2350236895,4.5305104,7.253842,4.761418,3
194643456270919,2352736895,4.5332026,7.2580295,4.7659044,3
194643458770919,2355236895,4.5323052,7.2448688,4.7524447,3
194643461270919,2357736895,4.52393,7.2379894,4.7156553,3
194643463770919,2360236895,4.536493,7.227521,4.7189455,3
194643466270919,2362736895,4.5212383,7.218548,4.7105703,3
194643468770919,2365236895,4.5155554,7.219146,4.6959143,3
194643471270919,2367736895,4.51077,7.2233334,4.712066,3
194643473770919,2370236895,4.512265,7.2209406,4.718347,3
194643476270919,2372736895,4.523332,7.2263246,4.7222357,3
194643478770919,2375236895,4.5275197,7.2209406,4.7192445,3
194643481270919,2377736895,4.529314,7.2355967,4.747659,3
194643483770919,2380236895,4.5412784,7.2418776,4.74736,3
194643486270919,2382736895,4.545765,7.246065,4.7629137,3
194643488770919,2385236895,4.5523453,7.2418776,4.773681,3
194643491270919,2387736895,4.555037,7.2329044,4.7542396,3
194643493770919,2390236895,4.562515,7.223932,4.7285166,3
194643496270919,2392736895,4.555336,7.2236323,4.7225347,3
194643498770919,2395236895,4.538586,7.231409,4.691727,3
194643501270919,2397736895,4.5355954,7.2290163,4.679165,3
194643503770919,2400236895,4.5335016,7.236494,4.6881375,3
194643506270919,2402736895,4.523631,7.2376904,4.6824546,3
194643508770919,2405236895,4.5320063,7.231708,4.680062,3
194643511270919,2407736895,4.5394835,7.2397842,4.699504,3
194643513770919,2410236895,4.5445685,7.2358956,4.7018967,3
194643516270919,2412736895,4.532604,7.222436,4.6956153,3
194643518770919,2415236895,4.534399,7.2209406,4.699803,3
194643521270919,2417736895,4.526024,7.2209406,4.7021956,3
194643523770919,2420236895,4.5355954,7.2101727,4.6986065,3
194643526270919,2422736895,4.5373898,7.2086773,4.698008,3
194643528770919,2425236895,4.531408,7.2179494,4.685745,3
194643531270919,2427736895,4.5149574,7.205387,4.6821556,3
194643533770919,2430236895,4.5185466,7.2083783,4.6672006,3
194643536270919,2432736895,4.5155554,7.218249,4.671388,3
194643538770919,2435236895,4.512564,7.2206416,4.6704907,3
194643541270919,2437736895,4.5023947,7.2290163,4.686044,3
194643543770919,2440236895,4.4895334,7.2397842,4.692624,3
194643546270919,2442736895,4.510471,7.2499533,4.7018967,3
194643548770919,2445236895,4.5149574,7.2526455,4.7318068,3
194643551270919,2447736895,4.5323052,7.257431,4.7416773,3
194643553770919,2450236895,4.5391846,7.25444,4.752744,3
194643556270919,2452736895,4.544269,7.2442703,4.74736,3
194643558770919,2455236895,4.544269,7.24457,4.741079,3
194643561270919,2457736895,4.558028,7.2508507,4.708776,3
194643563770919,2460236895,4.545765,7.2269225,4.693821,3
194643566270919,2462736895,4.5487556,7.2206416,4.705486,3
194643568770919,2465236895,4.5466623,7.214659,4.701298,3
194643571270919,2467736895,4.5505505,7.2041907,4.688736,3
194643573770919,2470236895,4.545466,7.1973114,4.665705,3
194643576270919,2472736895,4.5373898,7.199106,4.668696,3
194643578770919,2475236895,4.545765,7.187142,4.6764727,3
194643581270919,2477736895,4.5427737,7.2009006,4.701298,3
194643583770919,2480236895,4.546363,7.1919274,4.7135615,3
194643586270919,2482736895,4.5338006,7.1895347,4.7081776,3
194643588770919,2485236895,4.531707,7.2068825,4.7141595,3
194643591270919,2487736895,4.51735,7.213463,4.7210393,3
194643593770919,2490236895,4.5038905,7.2059855,4.7228336,3
194643596270919,2492736895,4.5059843,7.2011995,4.7075796,3
194643598770919,2495236895,4.491029,7.2122664,4.7216372,3
194643601270919,2497736895,4.5011983,7.218548,4.732405,3
194643603770919,2500236895,4.5035915,7.220043,4.7303114,3
194643606270919,2502736895,4.511368,7.2266235,4.7321057,3
194643608770919,2505236895,4.5248275,7.216454,4.735695,3
194643611270919,2507736895,4.5320063,7.219445,4.7138605,3
194643613770919,2510236895,4.5445685,7.19791,4.723731,3
194643616270919,2512736895,4.5487556,7.2095747,4.7135615,3
194643618770919,2515236895,4.5681977,7.219146,4.7165527,3
194643621270919,2517736895,4.578367,7.2215385,4.7162533,3
194643623770919,2520236895,4.584349,7.2358956,4.7099724,3
194643626270919,2522736895,4.5708895,7.2233334,4.6881375,3
194643628770919,2525236895,4.58076,7.2236323,4.685446,3
194643631270919,2527736895,4.5894337,7.216753,4.6689954,3
194643633770919,2530236895,4.58734,7.217052,4.67737,3
194643636270919,2532736895,4.5882373,7.204789,4.6761737,3
194643638770919,2535236895,4.58734,7.207182,4.6893344,3
194643641270919,2537736895,4.575675,7.213463,4.69741,3
194643643770919,2540236895,4.566403,7.2119675,4.6692944,3
194643646270919,2542736895,4.5658045,7.214659,4.6692944,3
194643648770919,2545236895,4.556832,7.2101727,4.6672006,3
194643651270919,2547736895,4.561019,7.2116685,4.671388,3
194643653770919,2550236895,4.571787,7.2119675,4.6767716,3
194643656270919,2552736895,4.566702,7.2089763,4.665705,3
194643658770919,2555236895,4.5613184,7.207481,4.6881375,3
194643661270919,2557736895,4.5673003,7.222735,4.6914277,3
194643663770919,2560236895,4.562515,7.216454,4.697709,3
194643666270919,2562736895,4.5598226,7.219445,4.692624,3
194643668770919,2565236895,4.5505505,7.210472,4.6785665,3
194643671270919,2567736895,4.532903,7.216753,4.6642094,3
194643673770919,2570236895,4.546363,7.218548,4.659424,3
194643676270919,2572736895,4.553242,7.2215385,4.6471605,3
194643678770919,2575236895,4.546363,7.2269225,4.6636114,3
194643681270919,2577736895,4.5466623,7.2305117,4.67737,3
194643683770919,2580236895,4.546363,7.2415786,4.6752763,3
194643686270919,2582736895,4.5394835,7.246065,4.673482,3
194643688770919,2585236895,4.532903,7.242476,4.6953163,3
194643691270919,2587736895,4.523033,7.259226,4.7042894,3
194643693770919,2590236895,4.531408,7.262516,4.6992044,3
194643696270919,2592736895,4.5484567,7.2750783,4.7081776,3
194643698770919,2595236895,4.5466623,7.272087,4.7132626,3
194643701270919,2597736895,4.5451665,7.2789664,4.6992044,3
194643703770919,2600236895,4.5445685,7.283154,4.6731825,3
194643706270919,2602736895,4.5418763,7.269096,4.666602,3
194643708770919,2605236895,4.529015,7.2765737,4.6633124,3
194643711270919,2607736895,4.5394835,7.2840514,4.6582274,3
194643713770919,2610236895,4.5394835,7.2873416,4.66062,3
194643716270919,2612736895,4.5535417,7.27777,4.653741,3
194643718770919,2615236895,4.5652065,7.2792654,4.6639104,3
194643721270919,2617736895,4.5658045,7.29781,4.679763,3
194643723770919,2620236895,4.5678983,7.292725,4.67737,3
194643726270919,2622736895,4.562515,7.2897344,4.659424,3
194643728770919,2625236895,4.5631127,7.2825556,4.6489553,3
194643731270919,2627736895,4.5502515,7.2840514,4.6342993,3
194643733770919,2630236895,4.5466623,7.294221,4.642674,3
194643736270919,2632736895,4.5544386,7.2963142,4.633103,3
194643738770919,2635236895,4.5678983,7.292725,4.6351967,3
194643741270919,2637736895,4.5678983,7.3052874,4.633701,3
194643743770919,2640236895,4.561019,7.3100734,4.621438,3
194643746270919,2642736895,4.553242,7.312765,4.618447,3
194643748770919,2645236895,4.551448,7.307082,4.616652,3
194643751270919,2647736895,4.5305104,7.31456,4.6121655,3
194643753770919,2650236895,4.5185466,7.3381886,4.622335,3
194643756270919,2652736895,4.520341,7.347162,4.6354957,3
194643758770919,2655236895,4.5152564,7.340881,4.633402,3
194643761270919,2657736895,4.5023947,7.3420773,4.62413,3
194643763770919,2660236895,4.5008993,7.344171,4.6438704,3
194643766270919,2662736895,4.482953,7.355537,4.636991,3
194643768770919,2665236895,4.473681,7.361519,4.648357,3
194643771270919,2667736895,4.4656053,7.3642106,4.6450667,3
194643773770919,2670236895,4.4524446,7.356135,4.6519465,3
194643776270919,2672736895,4.4614177,7.349854,4.6450667,3
194643778770919,2675236895,4.462315,7.34776,4.642375,3
194643781270919,2677736895,4.467699,7.333702,4.65733,3
194643783770919,2680236895,4.458726,7.32443,4.6450667,3
194643786270919,2682736895,4.462315,7.3214393,4.65733,3
194643788770919,2685236895,4.473681,7.3166533,4.6585264,3
194643791270919,2687736895,4.4602213,7.312466,4.642674,3
194643793770919,2690236895,4.473681,7.298109,4.64417,3
194643796270919,2692736895,4.485047,7.2960153,4.638786,3
194643798770919,2695236895,4.5011983,7.2876406,4.638786,3
194643801270919,2697736895,4.5170507,7.281359,4.6564326,3
194643803770919,2700236895,4.5062833,7.2783685,4.659424,3
194643806270919,2702736895,4.513761,7.2783685,4.6558347,3
194643808770919,2705236895,4.51735,7.262516,4.6579285,3
194643811270919,2707736895,4.519743,7.253842,4.6710887,3
194643813770919,2710236895,4.543671,7.2442703,4.671687,3
194643816270919,2712736895,4.5526443,7.242476,4.671388,3
194643818770919,2715236895,4.5601215,7.218548,4.664509,3
194643821270919,2717736895,4.5451665,7.2230344,4.6707897,3
194643823770919,2720236895,4.555037,7.222436,4.6615176,3
194643826270919,2722736895,4.545466,7.2287173,4.65733,3
194643828770919,2725236895,4.540381,7.2230344,4.677669,3
194643831270919,2727736895,4.523332,7.2209406,4.683352,3
194643833770919,2730236895,4.510471,7.219146,4.682754,3
194643836270919,2732736895,4.4967117,7.225427,4.6669016,3
194643838770919,2735236895,4.484748,7.2502527,4.6914277,3
194643841270919,2737736895,4.464708,7.2529445,4.701597,3
194643843770919,2740236895,4.450052,7.246364,4.712066,3
194643846270919,2742736895,4.4428735,7.2451677,4.717749,3
194643848770919,2745236895,4.4264226,7.272386,4.727021,3
194643851270919,2747736895,4.418048,7.2589264,4.7374897,3
194643853770919,2750236895,4.4186463,7.246364,4.7488556,3
194643856270919,2752736895,4.434499,7.239186,4.7339005,3
194643858770919,2755236895,4.4279184,7.2550383,4.753641,3
194643861270919,2757736895,4.4258246,7.255337,4.7488556,3
194643863770919,2760236895,4.4255257,7.24786,4.7512484,3
194643866270919,2762736895,4.4467616,7.242775,4.759025,3
194643868770919,2765236895,4.4461637,7.2565336,4.764409,3
194643871270919,2767736895,4.4602213,7.2499533,4.7452664,3
194643873770919,2770236895,4.4892344,7.248458,4.755735,3
194643876270919,2772736895,4.490431,7.2376904,4.744369,3
194643878770919,2775236895,4.4859443,7.239485,4.7488556,3
194643881270919,2777736895,4.5017967,7.240681,4.731209,3
194643883770919,2780236895,4.5191445,7.2248287,4.71087,3
194643886270919,2782736895,4.5059843,7.2158556,4.7168517,3
194643888770919,2785236895,4.5101714,7.2116685,4.717749,3
194643891270919,2787736895,4.5338006,7.207481,4.7171507,3
194643893770919,2790236895,4.5565324,7.2122664,4.7081776,3
194643896270919,2792736895,4.555336,7.227521,4.7102714,3
194643898770919,2795236895,4.5475593,7.243074,4.706084,3
194643901270919,2797736895,4.534997,7.2352977,4.7213383,3
194643903770919,2800236895,4.5415773,7.2448688,4.712365,3
194643906270919,2802736895,4.525127,7.260721,4.7084765,3
194643908770919,2805236895,4.516752,7.2622166,4.723432,3
194643911270919,2807736895,4.5101714,7.2676005,4.7195435,3
194643913770919,2810236895,4.516752,7.27777,4.7162533,3
194643916270919,2812736895,4.505087,7.298109,4.72074,3
194643918770919,2815236895,4.5209394,7.2783685,4.726124,3
194643921270919,2817736895,4.5332026,7.277172,4.7174497,3
194643923770919,2820236895,4.5388856,7.2699933,4.709374,3
194643926270919,2822736895,4.545765,7.2640114,4.705187,3
194643928770919,2825236895,4.5394835,7.2556367,4.688736,3
194643931270919,2827736895,4.54068,7.259824,4.6779685,3
194643933770919,2830236895,4.534698,7.228418,4.6642094,3
194643936270919,2832736895,4.5305104,7.227521,4.6555357,3
194643938770919,2835236895,4.5352964,7.2215385,4.6486564,3
194643941270919,2837736895,4.525426,7.2155566,4.651049,3
194643943770919,2840236895,4.5092745,7.219445,4.65404,3
194643946270919,2842736895,4.5011983,7.218548,4.6731825,3
194643948770919,2845236895,4.51406,7.2098737,4.6806602,3
194643951270919,2847736895,4.516154,7.20778,4.6899323,3
194643953770919,2850236895,4.5218368,7.2272215,4.7216372,3
194643956270919,2852736895,4.5011983,7.2176504,4.725825,3
194643958770919,2855236895,4.4898324,7.2158556,4.705486,3
194643961270919,2857736895,4.4895334,7.211369,4.700102,3
194643963770919,2860236895,4.491926,7.213164,4.686343,3
194643966270919,2862736895,4.491627,7.2041907,4.683352,3
194643968770919,2865236895,4.503292,7.196713,4.6788654,3
194643971270919,2867736895,4.516154,7.213463,4.6821556,3
194643973770919,2870236895,4.5221357,7.216155,4.688736,3
194643976270919,2872736895,4.5305104,7.2149587,4.681258,3
194643978770919,2875236895,4.5430727,7.2215385,4.668397,3
194643981270919,2877736895,4.542176,7.2209406,4.662116,3
194643983770919,2880236895,4.549354,7.216454,4.683053,3
194643986270919,2882736895,4.553242,7.2155566,4.6761737,3
194643988770919,2885236895,4.5469613,7.199405,4.6576295,3
194643991270919,2887736895,4.5469613,7.2089763,4.660919,3
194643993770919,2890236895,4.532604,7.2233334,4.666602,3
194643996270919,2892736895,4.532604,7.2179494,4.6564326,3
194643998770919,2895236895,4.5394835,7.2206416,4.642674,3
194644001270919,2897736895,4.534698,7.231409,4.6654058,3
194644003770919,2900236895,4.534698,7.2382884,4.664808,3
194644006270919,2902736895,4.5388856,7.240083,4.6710887,3
194644008770919,2905236895,4.5484567,7.2412796,4.6731825,3
194644011270919,2907736895,4.56401,7.2496543,4.673482,3
194644013770919,2910236895,4.5595236,7.252047,4.680062,3
194644016270919,2912736895,4.564309,7.2646093,4.7024946,3
194644018770919,2915236895,4.575974,7.2448688,4.671986,3
194644021270919,2917736895,4.575974,7.25444,4.677071,3
194644023770919,2920236895,4.5729833,7.256833,4.6615176,3
194644026270919,2922736895,4.5744786,7.2673016,4.666602,3
194644028770919,2925236895,4.581358,7.2670026,4.6492543,3
194644031270919,2927736895,4.5801616,7.268498,4.6639104,3
194644033770919,2930236895,4.5634117,7.251748,4.677071,3
194644036270919,2932736895,4.5714874,7.2696943,4.6839504,3
194644038770919,2935236895,4.55743,7.2750783,4.688736,3
194644041270919,2937736895,4.552943,7.268199,4.69412,3
194644043770919,2940236895,4.5544386,7.266404,4.6896334,3
194644046270919,2942736895,4.551747,7.2640114,4.692325,3
194644048770919,2945236895,4.5505505,7.2783685,4.680959,3
194644051270919,2947736895,4.542176,7.2735825,4.683053,3
194644053770919,2950236895,4.557729,7.2583284,4.6950173,3
194644056270919,2952736895,4.575675,7.2616186,4.6911287,3
194644058770919,2955236895,4.5825543,7.259824,4.689035,3
194644061270919,2957736895,4.6025944,7.2469625,4.6929235,3
194644063770919,2960236895,4.5945187,7.2448688,4.6761737,3
194644066270919,2962736895,4.604688,7.2466636,4.672285,3
194644068770919,2965236895,4.6088758,7.233204,4.6549373,3
194644071270919,2967736895,4.607679,7.245467,4.63071,3
194644073770919,2970236895,4.6121655,7.24457,4.645665,3
194644076270919,2972736895,4.619643,7.240083,4.642375,3
194644078770919,2975236895,4.6340003,7.240083,4.6486564,3
194644081270919,2977736895,4.5942197,7.240382,4.6357946,3
194644083770919,2980236895,4.5933223,7.2415786,4.639085,3
194644086270919,2982736895,4.5888357,7.2305117,4.645366,3
194644088770919,2985236895,4.5628138,7.240382,4.660321,3
194644091270919,2987736895,4.5466623,7.2397842,4.665705,3
194644093770919,2990236895,4.5323052,7.2352977,4.658826,3
194644096270919,2992736895,4.5227337,7.2469625,4.6546383,3
194644098770919,2995236895,4.5020957,7.252047,4.662714,3
194644101270919,2997736895,4.49402,7.2640114,4.648058,3
194644103770919,3000236895,4.491926,7.2676005,4.671986,3
194644106270919,3002736895,4.4922256,7.2753773,4.6710887,3
194644108770919,3005236895,4.485047,7.2735825,4.686343,3
194644111270919,3007736895,4.5059843,7.27777,4.6929235,3
194644113770919,3010236895,4.508975,7.2705917,4.6698923,3
194644116270919,3012736895,4.5185466,7.259226,4.6821556,3
194644118770919,3015236895,4.52393,7.2442703,4.671388,3
194644121270919,3017736895,4.5361934,7.239485,4.664509,3
194644123770919,3020236895,4.5466623,7.2296147,4.6639104,3
194644126270919,3022736895,4.5469613,7.2140613,4.641777,3
194644128770919,3025236895,4.551448,7.2041907,4.6495533,3
194644131270919,3027736895,4.537689,7.1898336,4.631308,3
194644133770919,3030236895,4.538287,7.1919274,4.640281,3
194644136270919,3032736895,4.5332026,7.19791,4.6564326,3
194644138770919,3035236895,4.5340996,7.1949186,4.6761737,3
194644141270919,3037736895,4.5323052,7.2083783,4.680062,3
194644143770919,3040236895,4.5323052,7.2137623,4.7024946,3
194644146270919,3042736895,4.546363,7.2296147,4.7336016,3
194644148770919,3045236895,4.5424747,7.2212396,4.7362933,3
194644151270919,3047736895,4.5415773,7.224231,4.735695,3
194644153770919,3050236895,4.537091,7.2320075,4.7425747,3
194644156270919,3052736895,4.5323052,7.2344003,4.7282176,3
194644158770919,3055236895,4.513761,7.236793,4.7267222,3
194644161270919,3057736895,4.51077,7.24457,4.698008,3
194644163770919,3060236895,4.503292,7.2344003,4.7195435,3
194644166270919,3062736895,4.4874396,7.2439713,4.6950173,3
194644168770919,3065236895,4.4892344,7.24786,4.7009993,3
194644171270919,3067736895,4.487739,7.2586274,4.698008,3
194644173770919,3070236895,4.4778686,7.25773,4.7171507,3
194644176270919,3072736895,4.476971,7.26102,4.7084765,3
194644178770919,3075236895,4.473382,7.2622166,4.718048,3
194644181270919,3077736895,4.4811587,7.269096,4.7018967,3
194644183770919,3080236895,4.4718866,7.2616186,4.7018967,3
194644186270919,3082736895,4.4760737,7.2670026,4.712365,3
194644188770919,3085236895,4.4805603,7.263114,4.706084,3
194644191270919,3087736895,4.4781675,7.2678995,4.7018967,3
194644193770919,3090236895,4.458427,7.2640114,4.7141595,3
194644196270919,3092736895,4.4572306,7.275975,4.72074,3
194644198770919,3095236895,4.4524446,7.2807612,4.69741,3
194644201270919,3097736895,4.4602213,7.2903323,4.6932225,3
194644203770919,3100236895,4.456632,7.2906313,4.70399,3
194644206270919,3102736895,4.4656053,7.29452,4.7009993,3
194644208770919,3105236895,4.459025,7.303792,4.7174497,3
194644211270919,3107736895,4.4694934,7.2906313,4.7192445,3
194644213770919,3110236895,4.4611187,7.2969127,4.7165527,3
194644216270919,3112736895,4.464708,7.3022966,4.7117667,3
194644218770919,3115236895,4.467699,7.3142605,4.7192445,3
194644221270919,3117736895,4.475775,7.3157563,4.735695,3
194644223770919,3120236895,4.473681,7.31456,4.71087,3
194644226270919,3122736895,4.4653063,7.299904,4.6929235,3
194644228770919,3125236895,4.4751763,7.318448,4.679763,3
194644231270919,3127736895,4.4685965,7.3172517,4.64058,3
194644233770919,3130236895,4.4775696,7.3157563,4.6295137,3
194644236270919,3132736895,4.475476,7.3160553,4.631009,3
194644238770919,3135236895,4.47727,7.328019,4.642076,3
194644241270919,3137736895,4.479364,7.3307114,4.638487,3
194644243770919,3140236895,4.494319,7.3217382,4.6579285,3
194644246270919,3142736895,4.4988055,7.3289165,4.6672006,3
194644248770919,3145236895,4.4979086,7.335497,4.6672006,3
194644251270919,3147736895,4.488636,7.323832,4.67737,3
194644253770919,3150236895,4.491926,7.3085775,4.6767716,3
194644256270919,3152736895,4.5065823,7.313363,4.6761737,3
194644258770919,3155236895,4.5131626,7.307082,4.685446,3
194644261270919,3157736895,4.5227337,7.300801,4.6492543,3
194644263770919,3160236895,4.516154,7.2903323,4.6728835,3
194644266270919,3162736895,4.503292,7.283154,4.6689954,3
194644268770919,3165236895,4.500002,7.2762747,4.668098,3
194644271270919,3167736895,4.4928236,7.266105,4.6579285,3
194644273770919,3170236895,4.485047,7.2616186,4.6633124,3
194644276270919,3172736895,4.4859443,7.2583284,4.6600223,3
194644278770919,3175236895,4.471288,7.2496543,4.6692944,3
194644281270919,3177736895,4.4668016,7.2448688,4.6731825,3
194644283770919,3180236895,4.471587,7.2412796,4.685147,3
194644286270919,3182736895,4.47398,7.2415786,4.6845484,3
194644288770919,3185236895,4.486542,7.2439713,4.6767716,3
194644291270919,3187736895,4.484449,7.240083,4.7117667,3
194644293770919,3190236895,4.4913282,7.245766,4.7171507,3
194644296270919,3192736895,4.505685,7.2496543,4.7192445,3
194644298770919,3195236895,4.5152564,7.234998,4.7159543,3
194644301270919,3197736895,4.536493,7.226025,4.701597,3
194644303770919,3200236895,4.5484567,7.2352977,4.6824546,3
194644306270919,3202736895,4.5711884,7.2287173,4.67408,3
194644308770919,3205236895,4.581358,7.2299137,4.664509,3
194644311270919,3207736895,4.598407,7.221838,4.665107,3
194644313770919,3210236895,4.6139603,7.20778,4.6549373,3
194644316270919,3212736895,4.606782,7.2116685,4.6618166,3
194644318770919,3215236895,4.6085763,7.2092757,4.6492543,3
194644321270919,3217736895,4.615755,7.214659,4.642674,3
194644323770919,3220236895,4.6064825,7.2089763,4.6450667,3
194644326270919,3222736895,4.6058846,7.198807,4.6268215,3
194644328770919,3225236895,4.6002016,7.2089763,4.6435714,3
194644331270919,3227736895,4.5882373,7.2155566,4.6468616,3
194644333770919,3230236895,4.571787,7.21436,4.6546383,3
194644336270919,3232736895,4.5628138,7.2179494,4.639982,3
194644338770919,3235236895,4.536792,7.2230344,4.642076,3
194644341270919,3237736895,4.5242295,7.2266235,4.640281,3
194644343770919,3240236895,4.508676,7.237092,4.6462636,3
194644346270919,3242736895,4.497609,7.237092,4.6612186,3
194644348770919,3245236895,4.5062833,7.2490563,4.671687,3
194644351270919,3247736895,4.491926,7.2616186,4.688437,3
194644353770919,3250236895,4.4967117,7.273882,4.7048874,3
194644356270919,3252736895,4.491627,7.275975,4.712066,3
194644358770919,3255236895,4.488636,7.282855,4.721936,3
194644361270919,3257736895,4.5003014,7.292127,4.729115,3
194644363770919,3260236895,4.508975,7.28106,4.7362933,3
194644366270919,3262736895,4.5242295,7.277172,4.7252264,3
194644368770919,3265236895,4.5445685,7.2708907,4.7141595,3
194644371270919,3267736895,4.551149,7.2466636,4.7231326,3
194644373770919,3270236895,4.561019,7.2442703,4.7075796,3
194644376270919,3272736895,4.563711,7.236494,4.7132626,3
194644378770919,3275236895,4.5804605,7.230811,4.69412,3
194644381270919,3277736895,4.610072,7.218847,4.6779685,3
194644383770919,3280236895,4.63071,7.222735,4.690531,3
194644386270919,3282736895,4.6205406,7.223932,4.6989055,3
194644388770919,3285236895,4.6064825,7.2137623,4.6785665,3
194644391270919,3287736895,4.5948176,7.213164,4.6579285,3
194644393770919,3290236895,4.562515,7.210472,4.6468616,3
194644396270919,3292736895,4.5355954,7.21436,4.645665,3
194644398770919,3295236895,4.5281177,7.23111,4.653741,3
194644401270919,3297736895,4.5188456,7.2376904,4.665705,3
194644403770919,3300236895,4.511069,7.2442703,4.7018967,3
194644406270919,3302736895,4.513761,7.2726855,4.729115,3
194644408770919,3305236895,4.5227337,7.2643104,4.732405,3
194644411270919,3307736895,4.5245285,7.260721,4.7341995,3
194644413770919,3310236895,4.5209394,7.2583284,4.740481,3
194644416270919,3312736895,4.5155554,7.260422,4.733302,3
194644418770919,3315236895,4.523631,7.2448688,4.708776,3
194644421270919,3317736895,4.5562334,7.2448688,4.7048874,3
194644423770919,3320236895,4.5445685,7.2385874,4.674379,3
194644426270919,3322736895,4.551747,7.225128,4.6462636,3
194644428770919,3325236895,4.558028,7.2125654,4.636393,3
194644431270919,3327736895,4.558925,7.211369,4.623831,3
194644433770919,3330236895,4.5744786,7.213164,4.6175494,3
194644436270919,3332736895,4.566702,7.2158556,4.616353,3
194644438770919,3335236895,4.5798626,7.2287173,4.647759,3
194644441270919,3337736895,4.577769,7.2379894,4.6262236,3
194644443770919,3340236895,4.5768714,7.2436724,4.6381874,3
194644446270919,3342736895,4.578068,7.2469625,4.6489553,3
194644448770919,3345236895,4.578367,7.251449,4.6528435,3
194644451270919,3347736895,4.5819564,7.262516,4.65404,3
194644453770919,3350236895,4.5825543,7.259226,4.6450667,3
194644456270919,3352736895,4.557131,7.269096,4.6319065,3
194644458770919,3355236895,4.551149,7.2762747,4.633103,3
194644461270919,3357736895,4.5505505,7.27777,4.64417,3
194644463770919,3360236895,4.5502515,7.2750783,4.648058,3
194644466270919,3362736895,4.537091,7.2732835,4.6471605,3
194644468770919,3365236895,4.543372,7.2843504,4.6672006,3
194644471270919,3367736895,4.5388856,7.286444,4.684848,3
194644473770919,3370236895,4.555037,7.2726855,4.6782675,3
194644476270919,3372736895,4.532903,7.27448,4.6818566,3
194644478770919,3375236895,4.534997,7.272386,4.6824546,3
194644481270919,3377736895,4.549354,7.2708907,4.683053,3
194644483770919,3380236895,4.549653,7.2807612,4.6746783,3
194644486270919,3382736895,4.537091,7.266105,4.671388,3
194644488770919,3385236895,4.532604,7.2526455,4.65733,3
194644491270919,3387736895,4.5340996,7.268797,4.6435714,3
194644493770919,3390236895,4.5355954,7.2619176,4.639982,3
194644496270919,3392736895,4.545466,7.2586274,4.64058,3
194644498770919,3395236895,4.549055,7.2502527,4.6286163,3
194644501270919,3397736895,4.5445685,7.2448688,4.6259246,3
194644503770919,3400236895,4.554738,7.2472615,4.604987,3
194644506270919,3402736895,4.5652065,7.2466636,4.616054,3
194644508770919,3405236895,4.564309,7.236494,4.6298127,3
194644511270919,3407736895,4.569693,7.240382,4.6259246,3
194644513770919,3410236895,4.581358,7.236494,4.625625,3
194644516270919,3412736895,4.578965,7.2329044,4.6325045,3
194644518770919,3415236895,4.5681977,7.2352977,4.659125,3
194644521270919,3417736895,4.5747776,7.234998,4.634897,3
194644523770919,3420236895,4.57747,7.2266235,4.6465626,3
194644526270919,3422736895,4.566702,7.236494,4.6465626,3
194644528770919,3425236895,4.5670013,7.2329044,4.6411786,3
194644531270919,3427736895,4.5448675,7.240083,4.6438704,3
194644533770919,3430236895,4.5373898,7.23111,4.664808,3
194644536270919,3432736895,4.538586,7.2379894,4.66062,3
194644538770919,3435236895,4.5248275,7.242775,4.673781,3
194644541270919,3437736895,4.5101714,7.245766,4.6764727,3
194644543770919,3440236895,4.510471,7.2523465,4.6911287,3
194644546270919,3442736895,4.503292,7.2583284,4.7084765,3
194644548770919,3445236895,4.497011,7.263114,4.7303114,3
194644551270919,3447736895,4.4988055,7.2711897,4.7431726,3
194644553770919,3450236895,4.4898324,7.2750783,4.7685966,3
194644556270919,3452736895,4.5008993,7.2643104,4.7572303,3
194644558770919,3455236895,4.490431,7.2702923,4.7318068,3
194644561270919,3457736895,4.4856453,7.262516,4.726124,3
194644563770919,3460236895,4.4856453,7.265208,4.738088,3
194644566270919,3462736895,4.493422,7.2729845,4.7252264,3
194644568770919,3465236895,4.4952164,7.2729845,4.7246284,3
194644571270919,3467736895,4.485346,7.2696943,4.7081776,3
194644573770919,3470236895,4.4982076,7.2753773,4.718347,3
194644576270919,3472736895,4.5011983,7.2807612,4.732704,3
194644578770919,3475236895,4.496114,7.2963142,4.7192445,3
194644581270919,3477736895,4.479663,7.2858458,4.7362933,3
194644583770919,3480236895,4.482056,7.309475,4.738088,3
194644586270919,3482736895,4.4611187,7.3226357,4.717749,3
194644588770919,3485236895,4.447061,7.324131,4.7425747,3
194644591270919,3487736895,4.438985,7.347162,4.724329,3
194644593770919,3490236895,4.42403,7.353443,4.730012,3
194644596270919,3492736895,4.4132624,7.3522468,4.732704,3
194644598770919,3495236895,4.4147577,7.3636127,4.753342,3
194644601270919,3497736895,4.4198427,7.355537,4.7539406,3
194644603770919,3500236895,4.4231324,7.3642106,4.76411,3
194644606270919,3502736895,4.4350967,7.3549385,4.753043,3
194644608770919,3505236895,4.4392843,7.3363943,4.7359943,3
194644611270919,3507736895,4.441378,7.331609,4.725526,3
194644613770919,3510236895,4.4515476,7.3307114,4.6896334,3
194644616270919,3512736895,4.450949,7.3139615,4.6782675,3
194644618770919,3515236895,4.4467616,7.305886,4.6522455,3
194644621270919,3517736895,4.4374895,7.2975106,4.6492543,3
194644623770919,3520236895,4.4377885,7.294819,4.628018,3
194644626270919,3522736895,4.429115,7.2975106,4.625027,3
194644628770919,3525236895,4.430311,7.2900333,4.631009,3
194644631270919,3527736895,4.4339004,7.2789664,4.641777,3
194644633770919,3530236895,4.409075,7.287042,4.6582274,3
194644636270919,3532736895,4.425226,7.2783685,4.6758747,3
194644638770919,3535236895,4.4350967,7.272087,4.7007003,3
194644641270919,3537736895,4.444369,7.2735825,4.72074,3
194644643770919,3540236895,4.4425745,7.283453,4.732405,3
194644646270919,3542736895,4.438985,7.271489,4.7419763,3
194644648770919,3545236895,4.438985,7.254141,4.7216372,3
194644651270919,3547736895,4.4339004,7.252047,4.7401814,3
194644653770919,3550236895,4.442275,7.239186,4.712664,3
194644656270919,3552736895,4.447958,7.2158556,4.71087,3
194644658770919,3555236895,4.4581275,7.2059855,4.708776,3
194644661270919,3557736895,4.4488554,7.198807,4.7114677,3
194644663770919,3560236895,4.46411,7.199405,4.712066,3
194644666270919,3562736895,4.4548373,7.175477,4.7365923,3
194644668770919,3565236895,4.470092,7.17787,4.718646,3
194644671270919,3567736895,4.4718866,7.18445,4.717749,3
194644673770919,3570236895,4.485346,7.1880393,4.7216372,3
194644676270919,3572736895,4.49731,7.1808605,4.7222357,3
194644678770919,3575236895,4.51735,7.176075,4.723432,3
194644681270919,3577736895,4.5227337,7.1659055,4.7428737,3
194644683770919,3580236895,4.5338006,7.165008,4.721936,3
194644686270919,3582736895,4.545765,7.16112,4.740481,3
194644688770919,3585236895,4.5616174,7.158727,4.733302,3
194644691270919,3587736895,4.5675993,7.154839,4.7084765,3
194644693770919,3590236895,4.5732822,7.151848,4.6992044,3
194644696270919,3592736895,4.564309,7.1581287,4.679763,3
194644698770919,3595236895,4.566702,7.1620173,4.668397,3
194644701270919,3597736895,4.569693,7.172486,4.6654058,3
194644703770919,3600236895,4.551448,7.1799636,4.6764727,3
194644706270919,3602736895,4.5397825,7.198508,4.686642,3
194644708770919,3605236895,4.5248275,7.2101727,4.69741,3
194644711270919,3607736895,4.5206404,7.219744,4.718646,3
194644713770919,3610236895,4.5155554,7.24457,4.735695,3
194644716270919,3612736895,4.508078,7.2323065,4.729115,3
194644718770919,3615236895,4.5149574,7.253543,4.7159543,3
194644721270919,3617736895,4.51735,7.255337,4.718646,3
194644723770919,3620236895,4.520042,7.266703,4.72732,3
194644726270919,3622736895,4.5212383,7.280462,4.7189455,3
194644728770919,3625236895,4.513761,7.2673016,4.7168517,3
194644731270919,3627736895,4.5206404,7.274779,4.7135615,3
194644733770919,3630236895,4.520341,7.264909,4.699504,3
194644736270919,3632736895,4.51406,7.2705917,4.681258,3
194644738770919,3635236895,4.5155554,7.2708907,4.6704907,3
194644741270919,3637736895,4.512265,7.2670026,4.6692944,3
194644743770919,3640236895,4.5188456,7.27448,4.6815577,3
194644746270919,3642736895,4.5275197,7.2807612,4.690531,3
194644748770919,3645236895,4.523631,7.2915287,4.6968117,3
194644751270919,3647736895,4.5275197,7.2846494,4.7048874,3
194644753770919,3650236895,4.5242295,7.2933235,4.6968117,3
194644756270919,3652736895,4.5158544,7.301399,4.685147,3
194644758770919,3655236895,4.5131626,7.29781,4.688736,3
194644761270919,3657736895,4.5242295,7.2840514,4.712664,3
194644763770919,3660236895,4.517649,7.2957163,4.7135615,3
194644766270919,3662736895,4.514359,7.298109,4.6821556,3
194644768770919,3665236895,4.511368,7.2987075,4.686642,3
194644771270919,3667736895,4.5065823,7.3043904,4.6839504,3
194644773770919,3670236895,4.508975,7.3025956,4.65733,3
194644776270919,3672736895,4.508377,7.2987075,4.671986,3
194644778770919,3675236895,4.5155554,7.309475,4.6950173,3
194644781270919,3677736895,4.5224347,7.3112698,4.6815577,3
194644783770919,3680236895,4.5278187,7.3109703,4.666004,3
194644786270919,3682736895,4.520341,7.315158,4.658826,3
194644788770919,3685236895,4.5212383,7.313363,4.6674995,3
194644791270919,3687736895,4.514658,7.2987075,4.6495533,3
194644793770919,3690236895,4.5065823,7.306185,4.6316075,3
194644796270919,3692736895,4.5062833,7.306185,4.631308,3
194644798770919,3695236895,4.511368,7.295118,4.6202416,3
194644801270919,3697736895,4.520341,7.2849483,4.6381874,3
194644803770919,3700236895,4.5323052,7.2873416,4.6498528,3
194644806270919,3702736895,4.534997,7.2858458,4.6447678,3
194644808770919,3705236895,4.5424747,7.266703,4.641777,3
194644811270919,3707736895,4.5248275,7.2637124,4.6136613,3
194644813770919,3710236895,4.511966,7.2547393,4.597809,3
194644816270919,3712736895,4.508377,7.251449,4.5969114,3
194644818770919,3715236895,4.517649,7.24786,4.616054,3
194644821270919,3717736895,4.525725,7.2583284,4.62413,3
194644823770919,3720236895,4.5388856,7.2329044,4.631308,3
194644826270919,3722736895,4.5373898,7.2346992,4.651049,3
194644828770919,3725236895,4.5475593,7.2355967,4.6633124,3
194644831270919,3727736895,4.5592246,7.2346992,4.6492543,3
194644833770919,3730236895,4.569992,7.219445,4.636692,3
194644836270919,3732736895,4.566403,7.207481,4.6504507,3
194644838770919,3735236895,4.561019,7.198508,4.639982,3
194644841270919,3737736895,4.5673003,7.1952176,4.64746,3
194644843770919,3740236895,4.5658045,7.1970124,4.6618166,3
194644846270919,3742736895,4.5714874,7.2023964,4.6692944,3
194644848770919,3745236895,4.5768714,7.1937222,4.684848,3
194644851270919,3747736895,4.5834517,7.192227,4.699504,3
194644853770919,3750236895,4.581358,7.196713,4.6968117,3
194644856270919,3752736895,4.5945187,7.1955166,4.6806602,3
194644858770919,3755236895,4.5948176,7.2011995,4.6986065,3
194644861270919,3757736895,4.5948176,7.198508,4.6968117,3
194644863770919,3760236895,4.5933223,7.192526,4.7102714,3
194644866270919,3762736895,4.5882373,7.2006016,4.7048874,3
194644868770919,3765236895,4.5837507,7.201798,4.6902313,3
194644871270919,3767736895,4.5762734,7.207481,4.685147,3
194644873770919,3770236895,4.5592246,7.198508,4.677669,3
194644876270919,3772736895,4.551149,7.2065835,4.645366,3
194644878770919,3775236895,4.5338006,7.222735,4.679464,3
194644881270919,3777736895,4.512564,7.236494,4.6953163,3
194644883770919,3780236895,4.5044885,7.245766,4.69412,3
194644886270919,3782736895,4.5158544,7.248757,4.71087,3
194644888770919,3785236895,4.508975,7.2646093,4.7216372,3
194644891270919,3787736895,4.519444,7.266404,4.7081776,3
194644893770919,3790236895,4.516154,7.262815,4.7213383,3
194644896270919,3792736895,4.5275197,7.2711897,4.7216372,3
194644898770919,3795236895,4.5505505,7.2616186,4.7306104,3
194644901270919,3797736895,4.5622153,7.266105,4.7374897,3
194644903770919,3800236895,4.566104,7.255337,4.720441,3
194644906270919,3802736895,4.586742,7.2499533,4.703691,3
194644908770919,3805236895,4.5675993,7.2472615,4.730012,3
194644911270919,3807736895,4.5394835,7.263413,4.7841496,3
194644913770919,3810236895,4.538586,7.2646093,4.69741,3
194644916270919,3812736895,4.54397,7.265208,4.6546383,3
194644918770919,3815236895,4.5681977,7.251449,4.670192,3
194644921270919,3817736895,4.5852466,7.2302127,4.699803,3
194644923770919,3820236895,4.607679,7.22782,4.668696,3
194644926270919,3822736895,4.6022954,7.2290163,4.64746,3
194644928770919,3825236895,4.6082773,7.2397842,4.662415,3
194644931270919,3827736895,4.6064825,7.239485,4.6489553,3
194644933770919,3830236895,4.6118665,7.222735,4.6636114,3
194644936270919,3832736895,4.6229334,7.220043,4.6695933,3
194644938770919,3835236895,4.613362,7.222735,4.6695933,3
194644941270919,3837736895,4.5942197,7.2206416,4.6758747,3
194644943770919,3840236895,4.578965,7.2176504,4.671986,3
194644946270919,3842736895,4.5801616,7.2098737,4.6767716,3
194644948770919,3845236895,4.562515,7.2006016,4.665705,3
194644951270919,3847736895,4.555336,7.199405,4.6672006,3
194644953770919,3850236895,4.5523453,7.1898336,4.6836514,3
194644956270919,3852736895,4.5266223,7.185048,4.6564326,3
194644958770919,3855236895,4.516453,7.186843,4.673482,3
194644961270919,3857736895,4.5017967,7.1838517,4.673781,3
194644963770919,3860236895,4.49073,7.1892357,4.680959,3
194644966270919,3862736895,4.484748,7.200003,4.6929235,3
194644968770919,3865236895,4.491926,7.2065835,4.7141595,3
194644971270919,3867736895,4.475476,7.214659,4.74407,3
194644973770919,3870236895,4.47727,7.2230344,4.74078,3
194644976270919,3872736895,4.473681,7.2179494,4.7506504,3
194644978770919,3875236895,4.4811587,7.216753,4.752744,3
194644981270919,3877736895,4.4856453,7.2206416,4.738686,3
194644983770919,3880236895,4.485346,7.2263246,4.7482576,3
194644986270919,3882736895,4.4862432,7.226025,4.7488556,3
194644988770919,3885236895,4.484449,7.22782,4.752146,3
194644991270919,3887736895,4.51406,7.219146,4.752744,3
194644993770919,3890236895,4.5215373,7.222735,4.746164,3
194644996270919,3892736895,4.5218368,7.216454,4.731209,3
194644998770919,3895236895,4.5355954,7.2233334,4.7395835,3
194645001270919,3897736895,4.540082,7.217052,4.7339005,3
194645003770919,3900236895,4.5478587,7.219744,4.7249274,3
194645006270919,3902736895,4.5658045,7.2065835,4.723731,3
194645008770919,3905236895,4.5670013,7.2137623,4.7102714,3
194645011270919,3907736895,4.575376,7.2080793,4.6950173,3
194645013770919,3910236895,4.5858445,7.1934233,4.6968117,3
194645016270919,3912736895,4.584648,7.186544,4.674379,3
194645018770919,3915236895,4.5705905,7.1886373,4.666602,3
194645021270919,3917736895,4.556832,7.1784678,4.6552362,3
194645023770919,3920236895,4.5415773,7.1838517,4.64746,3
194645026270919,3922736895,4.512564,7.198807,4.651647,3
194645028770919,3925236895,4.4838505,7.205088,4.6558347,3
194645031270919,3927736895,4.467998,7.20778,4.665107,3
194645033770919,3930236895,4.470092,7.2206416,4.6821556,3
194645036270919,3932736895,4.461717,7.2215385,4.691727,3
194645038770919,3935236895,4.450949,7.2448688,4.7174497,3
194645041270919,3937736895,4.450949,7.25444,4.756034,3
194645043770919,3940236895,4.447061,7.2550383,4.7656054,3
194645046270919,3942736895,4.4446683,7.2613196,4.7455654,3
194645048770919,3945236895,4.4602213,7.2678995,4.729115,3
194645051270919,3947736895,4.4805603,7.274181,4.738985,3
194645053770919,3950236895,4.4889355,7.2825556,4.7228336,3
194645056270919,3952736895,4.511368,7.292426,4.7371907,3
194645058770919,3955236895,4.5227337,7.2903323,4.734798,3
194645061270919,3957736895,4.537988,7.2903323,4.741079,3
194645063770919,3960236895,4.536792,7.292725,4.7171507,3
194645066270919,3962736895,4.5466623,7.2933235,4.706981,3
194645068770919,3965236895,4.5472603,7.292725,4.692325,3
194645071270919,3967736895,4.57747,7.285547,4.699803,3
194645073770919,3970236895,4.5634117,7.2873416,4.6929235,3
194645076270919,3972736895,4.566702,7.279864,4.688736,3
194645078770919,3975236895,4.5466623,7.2915287,4.673781,3
194645081270919,3977736895,4.536493,7.288538,4.6618166,3
194645083770919,3980236895,4.5266223,7.2954173,4.648058,3
194645086270919,3982736895,4.5206404,7.3085775,4.6564326,3
194645088770919,3985236895,4.5149574,7.292725,4.6507497,3
194645091270919,3987736895,4.5077786,7.2963142,4.659424,3
194645093770919,3990236895,4.4979086,7.3028946,4.6642094,3
194645096270919,3992736895,4.502993,7.2975106,4.653741,3
194645098770919,3995236895,4.52393,7.2975106,4.6555357,3
194645101270919,3997736895,4.525725,7.2912297,4.6555357,3
194645103770919,4000236895,4.5299125,7.2807612,4.671687,3
194645106270919,4002736895,4.5355954,7.283154,4.681258,3
194645108770919,4005236895,4.5418763,7.283752,4.6695933,3
194645111270919,4007736895,4.5409794,7.2750783,4.6549373,3
194645113770919,4010236895,4.531707,7.2622166,4.625625,3
194645116270919,4012736895,4.5242295,7.269096,4.623831,3
194645118770919,4015236895,4.531707,7.266404,4.6325045,3
194645121270919,4017736895,4.5358944,7.2637124,4.6259246,3
194645123770919,4020236895,4.543671,7.257132,4.6325045,3
194645126270919,4022736895,4.543372,7.248757,4.6429734,3
194645128770919,4025236895,4.5523453,7.257132,4.645665,3
194645131270919,4027736895,4.545765,7.2556367,4.651348,3
194645133770919,4030236895,4.544269,7.2439713,4.6501517,3
194645136270919,4032736895,4.551448,7.251449,4.6564326,3
194645138770919,4035236895,4.5538406,7.2382884,4.645964,3
194645141270919,4037736895,4.557729,7.2448688,4.662415,3
194645143770919,4040236895,4.564608,7.2472615,4.6767716,3
194645146270919,4042736895,4.569394,7.240083,4.692026,3
194645148770919,4045236895,4.590032,7.233802,4.6908298,3
194645151270919,4047736895,4.58076,7.2236323,4.6971107,3
194645153770919,4050236895,4.59392,7.2245297,4.69412,3
194645156270919,4052736895,4.58734,7.2326055,4.706084,3
194645158770919,4055236895,4.590331,7.2173514,4.7075796,3
194645161270919,4057736895,4.6040897,7.213463,4.6914277,3
194645163770919,4060236895,4.604389,7.211369,4.6842494,3
194645166270919,4062736895,4.5912285,7.1883383,4.6899323,3
194645168770919,4065236895,4.599005,7.192227,4.699803,3
194645171270919,4067736895,4.5891347,7.19432,4.6965127,3
194645173770919,4070236895,4.592126,7.187441,4.6929235,3
194645176270919,4072736895,4.577769,7.1946197,4.6875396,3
194645178770919,4075236895,4.575974,7.1889367,4.6962137,3
194645181270919,4077736895,4.575974,7.2062845,4.7099724,3
194645183770919,4080236895,4.575376,7.202097,4.7075796,3
194645186270919,4082736895,4.5732822,7.2011995,4.708776,3
194645188770919,4085236895,4.5747776,7.198807,4.6950173,3
194645191270919,4087736895,4.5729833,7.2011995,4.6746783,3
194645193770919,4090236895,4.5714874,7.199704,4.6707897,3
194645196270919,4092736895,4.584349,7.201798,4.6818566,3
194645198770919,4095236895,4.6064825,7.1976104,4.6839504,3
194645201270919,4097736895,4.6091747,7.21107,4.7021956,3
194645203770919,4100236895,4.616353,7.2041907,4.699504,3
194645206270919,4102736895,4.6121655,7.2176504,4.700102,3
194645208770919,4105236895,4.6301117,7.2149587,4.7048874,3
194645211270919,4107736895,4.619045,7.213463,4.683352,3
194645213770919,4110236895,4.622335,7.2122664,4.659723,3
194645216270919,4112736895,4.605286,7.1952176,4.647759,3
194645218770919,4115236895,4.6005006,7.2122664,4.648058,3
194645221270919,4117736895,4.5855455,7.219445,4.657031,3
194645223770919,4120236895,4.572086,7.225726,4.6698923,3
194645226270919,4122736895,4.5598226,7.252047,4.6758747,3
194645228770919,4125236895,4.5427737,7.2562346,4.671986,3
194645231270919,4127736895,4.5394835,7.2586274,4.692325,3
194645233770919,4130236895,4.523033,7.259226,4.7141595,3
194645236270919,4132736895,4.5281177,7.2708907,4.7105703,3
194645238770919,4135236895,4.5170507,7.279864,4.708776,3
194645241270919,4137736895,4.511966,7.2735825,4.691727,3
194645243770919,4140236895,4.5116673,7.274779,4.680959,3
194645246270919,4142736895,4.508975,7.2819576,4.693821,3
194645248770919,4145236895,4.5059843,7.2897344,4.686343,3
194645251270919,4147736895,4.486542,7.2655067,4.688736,3
194645253770919,4150236895,4.4856453,7.27448,4.6932225,3
194645256270919,4152736895,4.488337,7.253842,4.686941,3
194645258770919,4155236895,4.4799623,7.2508507,4.6761737,3
194645261270919,4157736895,4.485346,7.2502527,4.694718,3
194645263770919,4160236895,4.4913282,7.237092,4.694419,3
194645266270919,4162736895,4.5062833,7.22782,4.686343,3
194645268770919,4165236895,4.5191445,7.222436,4.7084765,3
194645271270919,4167736895,4.5361934,7.2158556,4.7078786,3
194645273770919,4170236895,4.551149,7.20778,4.6953163,3
194645276270919,4172736895,4.566403,7.19791,4.6935215,3
194645278770919,4175236895,4.5834517,7.196414,4.700401,3
194645281270919,4177736895,4.58734,7.183254,4.706981,3
194645283770919,4180236895,4.6007996,7.160821,4.686044,3
194645286270919,4182736895,4.5933223,7.159325,4.686642,3
194645288770919,4185236895,4.597809,7.1581287,4.6761737,3
194645291270919,4187736895,4.604688,7.1470623,4.665107,3
194645293770919,4190236895,4.61067,7.129714,4.665705,3
194645296270919,4192736895,4.6091747,7.131509,4.67737,3
194645298770919,4195236895,4.6064825,7.1446695,4.699504,3
194645301270919,4197736895,4.601996,7.1563344,4.686642,3
194645303770919,4200236895,4.6025944,7.1656065,4.701597,3
194645306270919,4202736895,4.601697,7.1632137,4.7081776,3
194645308770919,4205236895,4.607081,7.1659055,4.718347,3
194645311270919,4207736895,4.601099,7.179066,4.7288156,3
194645313770919,4210236895,4.5855455,7.1802626,4.721936,3
194645316270919,4212736895,4.573581,7.1808605,4.7165527,3
194645318770919,4215236895,4.58076,7.1892357,4.70399,3
194645321270919,4217736895,4.5888357,7.1955166,4.725825,3
194645323770919,4220236895,4.5888357,7.203593,4.725526,3
194645326270919,4222736895,4.584648,7.2089763,4.723432,3
194645328770919,4225236895,4.5825543,7.2089763,4.7279186,3
194645331270919,4227736895,4.5678983,7.2323065,4.732704,3
194645333770919,4230236895,4.555336,7.224231,4.714758,3
194645336270919,4232736895,4.5424747,7.243074,4.715057,3
194645338770919,4235236895,4.5275197,7.246065,4.7009993,3
194645341270919,4237736895,4.5221357,7.2376904,4.7048874,3
194645343770919,4240236895,4.5275197,7.248458,4.7024946,3
194645346270919,4242736895,4.543671,7.263413,4.7321057,3
194645348770919,4245236895,4.5266223,7.263413,4.706682,3
194645351270919,4247736895,4.5191445,7.2825556,4.708776,3
194645353770919,4250236895,4.510471,7.295118,4.7192445,3
194645356270919,4252736895,4.4982076,7.289435,4.7096734,3
194645358770919,4255236895,4.5008993,7.2906313,4.7024946,3
194645361270919,4257736895,4.49731,7.3011003,4.6959143,3
194645363770919,4260236895,4.4874396,7.304091,4.7048874,3
194645366270919,4262736895,4.5074797,7.292426,4.71087,3
194645368770919,4265236895,4.505087,7.2963142,4.7159543,3
194645371270919,4267736895,4.514359,7.286444,4.7024946,3
194645373770919,4270236895,4.5218368,7.2846494,4.6950173,3
194645376270919,4272736895,4.5266223,7.2753773,4.6956153,3
194645378770919,4275236895,4.5275197,7.278069,4.6633124,3
194645381270919,4277736895,4.5074797,7.2858458,4.6579285,3
194645383770919,4280236895,4.5152564,7.274181,4.638487,3
194645386270919,4282736895,4.494319,7.2768726,4.619942,3
194645388770919,4285236895,4.488636,7.2726855,4.6172504,3
194645391270919,4287736895,4.4985065,7.277471,4.60738,3
194645393770919,4290236895,4.499105,7.273882,4.621438,3
194645396270919,4292736895,4.485047,7.2846494,4.631308,3
194645398770919,4295236895,4.5008993,7.268199,4.6495533,3
194645401270919,4297736895,4.5011983,7.271788,4.6543393,3
194645403770919,4300236895,4.5131626,7.268498,4.6450667,3
194645406270919,4302736895,4.5155554,7.2765737,4.648058,3
194645408770919,4305236895,4.5131626,7.2705917,4.6342993,3
194645411270919,4307736895,4.490132,7.2732835,4.621438,3
194645413770919,4310236895,4.478766,7.281359,4.624728,3
194645416270919,4312736895,4.4985065,7.2846494,4.638487,3
194645418770919,4315236895,4.520042,7.273882,4.6522455,3
194645421270919,4317736895,4.536493,7.2613196,4.671687,3
194645423770919,4320236895,4.558925,7.2248287,4.680959,3
194645426270919,4322736895,4.557131,7.207182,4.666004,3
194645428770919,4325236895,4.5338006,7.2092757,4.6600223,3
194645431270919,4327736895,4.5008993,7.2263246,4.6115675,3
194645433770919,4330236895,4.4721856,7.2439713,4.6064825,3
194645436270919,4332736895,4.4581275,7.266105,4.6007996,3
194645438770919,4335236895,4.4611187,7.266703,4.6229334,3
194645441270919,4337736895,4.4629135,7.2762747,4.648357,3
194645443770919,4340236895,4.469793,7.2783685,4.6749773,3
194645446270919,4342736895,4.503292,7.260422,4.703691,3
194645448770919,4345236895,4.517948,7.2696943,4.725825,3
194645451270919,4347736895,4.513761,7.2673016,4.7027936,3
194645453770919,4350236895,4.516453,7.271489,4.6875396,3
194645456270919,4352736895,4.508676,7.271788,4.680062,3
194645458770919,4355236895,4.5017967,7.281658,4.670192,3
194645461270919,4357736895,4.510471,7.2930245,4.664808,3
194645463770919,4360236895,4.499404,7.308877,4.682754,3
194645466270919,4362736895,4.4988055,7.3109703,4.688736,3
194645468770919,4365236895,4.5023947,7.3166533,4.691727,3
194645471270919,4367736895,4.5155554,7.3250284,4.7007003,3
194645473770919,4370236895,4.517948,7.3307114,4.7042894,3
194645476270919,4372736895,4.5361934,7.3286176,4.709374,3
194645478770919,4375236895,4.5481577,7.3372917,4.7018967,3
194645481270919,4377736895,4.563711,7.329515,4.701298,3
194645483770919,4380236895,4.5684967,7.333104,4.706981,3
194645486270919,4382736895,4.5616174,7.338787,4.701298,3
194645488770919,4385236895,4.5673003,7.3322067,4.684848,3
194645491270919,4387736895,4.5747776,7.326524,4.659424,3
194645493770919,4390236895,4.575675,7.3283186,4.6639104,3
194645496270919,4392736895,4.5819564,7.32114,4.658826,3
194645498770919,4395236895,4.581059,7.32114,4.662714,3
194645501270919,4397736895,4.592126,7.3190465,4.6845484,3
194645503770919,4400236895,4.610969,7.3166533,4.6779685,3
194645506270919,4402736895,4.621737,7.308877,4.6803613,3
194645508770919,4405236895,4.625625,7.3022966,4.6555357,3
194645511270919,4407736895,4.6121655,7.3100734,4.6582274,3
194645513770919,4410236895,4.6172504,7.3082786,4.6432724,3
194645516270919,4412736895,4.612764,7.2822566,4.6259246,3
194645518770919,4415236895,4.601697,7.2753773,4.613362,3
194645521270919,4417736895,4.5909295,7.2786674,4.621737,3
194645523770919,4420236895,4.5855455,7.2762747,4.6154556,3
194645526270919,4422736895,4.572385,7.2807612,4.632804,3
194645528770919,4425236895,4.558626,7.2873416,4.627719,3
194645531270919,4427736895,4.5472603,7.280462,4.647759,3
194645533770919,4430236895,4.537091,7.2768726,4.667799,3
194645536270919,4432736895,4.5299125,7.2768726,4.6564326,3
194645538770919,4435236895,4.512564,7.287042,4.684848,3
194645541270919,4437736895,4.5128636,7.2786674,4.690531,3
194645543770919,4440236895,4.4805603,7.2849483,4.7081776,3
194645546270919,4442736895,4.459324,7.279864,4.697709,3
194645548770919,4445236895,4.43061,7.280163,4.692624,3
194645551270919,4447736895,4.423731,7.281658,4.6968117,3
194645553770919,4450236895,4.41057,7.2840514,4.697709,3
194645556270919,4452736895,4.4117665,7.268498,4.7099724,3
194645558770919,4455236895,4.4108696,7.266105,4.705486,3
194645561270919,4457736895,4.4258246,7.2589264,4.7267222,3
194645563770919,4460236895,4.45065,7.2341013,4.7431726,3
194645566270919,4462736895,4.4688954,7.2209406,4.761119,3
194645568770919,4465236895,4.4748774,7.218249,4.7506504,3
194645571270919,4467736895,4.485047,7.1976104,4.7309093,3
194645573770919,4470236895,4.493721,7.166803,4.703392,3
194645576270919,4472736895,4.503292,7.1685977,4.6992044,3
194645578770919,4475236895,4.500002,7.155736,4.6600223,3
194645581270919,4477736895,4.505685,7.159026,4.659723,3
194645583770919,4480236895,4.5221357,7.146464,4.6585264,3
194645586270919,4482736895,4.5373898,7.118348,4.6507497,3
194645588770919,4485236895,4.558925,7.115058,4.6471605,3
194645591270919,4487736895,4.566403,7.108777,4.656732,3
194645593770919,4490236895,4.58076,7.1216383,4.6501517,3
194645596270919,4492736895,4.5729833,7.1138616,4.653741,3
194645598770919,4495236895,4.577769,7.1096745,4.6618166,3
194645601270919,4497736895,4.5918264,7.114759,4.6806602,3
194645603770919,4500236895,4.5987062,7.1135626,4.6842494,3
194645606270919,4502736895,4.599304,7.1270223,4.692325,3
194645608770919,4505236895,4.599304,7.131808,4.681258,3
194645611270919,4507736895,4.599304,7.1282187,4.6785665,3
194645613770919,4510236895,4.5933223,7.1309104,4.6704907,3
194645616270919,4512736895,4.5918264,7.1362944,4.6689954,3
194645618770919,4515236895,4.582854,7.1428747,4.662415,3
194645621270919,4517736895,4.5861435,7.1569324,4.653143,3
194645623770919,4520236895,4.5798626,7.159325,4.67408,3
194645626270919,4522736895,4.572086,7.1799636,4.6818566,3
194645628770919,4525236895,4.5616174,7.190432,4.6956153,3
194645631270919,4527736895,4.5478587,7.205387,4.7168517,3
194645633770919,4530236895,4.540381,7.220043,4.738088,3
194645636270919,4532736895,4.5275197,7.2323065,4.7596235,3
194645638770919,4535236895,4.534399,7.2305117,4.755137,3
194645641270919,4537736895,4.5373898,7.245467,4.747958,3
194645643770919,4540236895,4.5221357,7.252047,4.747958,3
194645646270919,4542736895,4.5131626,7.24786,4.749753,3
194645648770919,4545236895,4.5062833,7.253543,4.7539406,3
194645651270919,4547736895,4.508377,7.2562346,4.7428737,3
194645653770919,4550236895,4.5212383,7.252047,4.761717,3
194645656270919,4552736895,4.5278187,7.2547393,4.7428737,3
194645658770919,4555236895,4.5361934,7.2619176,4.7416773,3
194645661270919,4557736895,4.54068,7.262815,4.750052,3
194645663770919,4560236895,4.5670013,7.27448,4.7491546,3
194645666270919,4562736895,4.5888357,7.266404,4.7575297,3
194645668770919,4565236895,4.575077,7.271489,4.743771,3
194645671270919,4567736895,4.5729833,7.257132,4.7105703,3
194645673770919,4570236895,4.569992,7.239485,4.706981,3
194645676270919,4572736895,4.581358,7.2529445,4.690531,3
194645678770919,4575236895,4.582854,7.240382,4.688437,3
194645681270919,4577736895,4.5882373,7.228119,4.6803613,3
194645683770919,4580236895,4.5945187,7.2296147,4.6761737,3
194645686270919,4582736895,4.5885367,7.2068825,4.6525445,3
194645688770919,4585236895,4.5876393,7.2209406,4.6462636,3
194645691270919,4587736895,4.592724,7.220342,4.673781,3
194645693770919,4590236895,4.573581,7.2137623,4.6642094,3
194645696270919,4592736895,4.5634117,7.228119,4.6507497,3
194645698770919,4595236895,4.543671,7.228119,4.642375,3
194645701270919,4597736895,4.529314,7.233503,4.6546383,3
194645703770919,4600236895,4.5412784,7.2466636,4.6615176,3
194645706270919,4602736895,4.531707,7.2550383,4.6522455,3
194645708770919,4605236895,4.531408,7.2589264,4.6704907,3
194645711270919,4607736895,4.54397,7.248757,4.680062,3
194645713770919,4610236895,4.5619164,7.234998,4.7021956,3
194645716270919,4612736895,4.5765724,7.2263246,4.712365,3
194645718770919,4615236895,4.575675,7.2212396,4.7078786,3
194645721270919,4617736895,4.564309,7.231409,4.6932225,3
194645723770919,4620236895,4.5305104,7.2059855,4.6435714,3
194645726270919,4622736895,4.5071807,7.2152576,4.624728,3
194645728770919,4625236895,4.4856453,7.219744,4.619942,3
194645731270919,4627736895,4.4811587,7.236494,4.616353,3
194645733770919,4630236895,4.4727836,7.2409806,4.62742,3
194645736270919,4632736895,4.479364,7.24457,4.66062,3
194645738770919,4635236895,4.467699,7.243074,4.6767716,3
194645741270919,4637736895,4.473681,7.252047,4.6881375,3
194645743770919,4640236895,4.4964128,7.2580295,4.7153563,3
194645746270919,4642736895,4.5074797,7.253842,4.7222357,3
194645748770919,4645236895,4.508377,7.248458,4.724329,3
194645751270919,4647736895,4.508377,7.236494,4.6878386,3
194645753770919,4650236895,4.4967117,7.2344003,4.6725845,3
194645756270919,4652736895,4.502694,7.2179494,4.642674,3
194645758770919,4655236895,4.5020957,7.222137,4.616353,3
194645761270919,4657736895,4.5071807,7.216155,4.619942,3
194645763770919,4660236895,4.512265,7.222436,4.6202416,3
194645766270919,4662736895,4.5272202,7.233503,4.636692,3
194645768770919,4665236895,4.5391846,7.2329044,4.6564326,3
194645771270919,4667736895,4.557131,7.243074,4.6558347,3
194645773770919,4670236895,4.5861435,7.2508507,4.7027936,3
194645776270919,4672736895,4.6007996,7.2583284,4.705486,3
194645778770919,4675236895,4.6007996,7.2583284,4.6929235,3
194645781270919,4677736895,4.601697,7.2613196,4.6755753,3
194645783770919,4680236895,4.5888357,7.2532434,4.662714,3
194645786270919,4682736895,4.5852466,7.2622166,4.679763,3
194645788770919,4685236895,4.59392,7.2735825,4.6522455,3
194645791270919,4687736895,4.6028934,7.2646093,4.6435714,3
194645793770919,4690236895,4.599603,7.25773,4.6462636,3
194645796270919,4692736895,4.6208396,7.254141,4.622036,3
194645798770919,4695236895,4.6022954,7.2586274,4.6208396,3
194645801270919,4697736895,4.6061835,7.2475605,4.628018,3
194645803770919,4700236895,4.5936213,7.2409806,4.6259246,3
194645806270919,4702736895,4.586742,7.2502527,4.615755,3
194645808770919,4705236895,4.578666,7.252047,4.627719,3
194645811270919,4707736895,4.5649076,7.257431,4.6085763,3
194645813770919,4710236895,4.5505505,7.2562346,4.6172504,3
194645816270919,4712736895,4.5445685,7.2693954,4.638487,3
194645818770919,4715236895,4.5391846,7.259525,4.644469,3
194645821270919,4717736895,4.532903,7.273882,4.638786,3
194645823770919,4720236895,4.523332,7.300203,4.668397,3
194645826270919,4722736895,4.516752,7.3106713,4.680959,3
194645828770919,4725236895,4.508377,7.32114,4.706383,3
194645831270919,4727736895,4.482654,7.335796,4.70728,3
194645833770919,4730236895,4.4841495,7.3378897,4.718646,3
194645836270919,4732736895,4.4674,7.34776,4.746164,3
194645838770919,4735236895,4.4632125,7.354041,4.727619,3
194645841270919,4737736895,4.459324,7.3549385,4.7192445,3
194645843770919,4740236895,4.4605207,7.344171,4.7288156,3
194645846270919,4742736895,4.458726,7.3399835,4.714459,3
194645848770919,4745236895,4.4602213,7.3378897,4.6818566,3
194645851270919,4747736895,4.456034,7.342376,4.706084,3
194645853770919,4750236895,4.4611187,7.329515,4.686044,3
194645856270919,4752736895,4.4575295,7.3178496,4.681258,3
194645858770919,4755236895,4.4629135,7.3118677,4.6689954,3
194645861270919,4757736895,4.462016,7.307082,4.671986,3
194645863770919,4760236895,4.456931,7.3100734,4.6618166,3
194645866270919,4762736895,4.465007,7.2909307,4.6522455,3
194645868770919,4765236895,4.4548373,7.287042,4.6507497,3
194645871270919,4767736895,4.435695,7.285547,4.6543393,3
194645873770919,4770236895,4.4524446,7.2915287,4.6462636,3
194645876270919,4772736895,4.462016,7.2903323,4.6492543,3
194645878770919,4775236895,4.4665027,7.279565,4.659125,3
194645881270919,4777736895,4.476373,7.2693954,4.6767716,3
194645883770919,4780236895,4.4895334,7.2559357,4.6881375,3
194645886270919,4782736895,4.491627,7.2448688,4.686044,3
194645888770919,4785236895,4.4838505,7.2559357,4.663013,3
194645891270919,4787736895,4.488038,7.2565336,4.6582274,3
194645893770919,4790236895,4.487739,7.24786,4.6689954,3
194645896270919,4792736895,4.4985065,7.2448688,4.6692944,3
194645898770919,4795236895,4.5059843,7.2562346,4.6806602,3
194645901270919,4797736895,4.508078,7.245766,4.6764727,3
194645903770919,4800236895,4.51406,7.2532434,4.6893344,3
194645906270919,4802736895,4.5338006,7.2619176,4.712664,3
194645908770919,4805236895,4.543671,7.260123,4.7042894,3
194645911270919,4807736895,4.5690947,7.25444,4.7042894,3
194645913770919,4810236895,4.5861435,7.2586274,4.6896334,3
194645916270919,4812736895,4.59063,7.2559357,4.6911287,3
194645918770919,4815236895,4.6031923,7.240382,4.6989055,3
194645921270919,4817736895,4.5888357,7.240681,4.6761737,3
194645923770919,4820236895,4.5837507,7.2361946,4.648357,3
194645926270919,4822736895,4.5738807,7.236793,4.653741,3
194645928770919,4825236895,4.5822554,7.239485,4.683352,3
194645931270919,4827736895,4.578068,7.2212396,4.67408,3
194645933770919,4830236895,4.5747776,7.228119,4.6824546,3
194645936270919,4832736895,4.5523453,7.221838,4.6746783,3
194645938770919,4835236895,4.54068,7.2086773,4.672285,3
194645941270919,4837736895,4.5299125,7.2098737,4.673781,3
194645943770919,4840236895,4.5191445,7.2089763,4.670192,3
194645946270919,4842736895,4.504788,7.2089763,4.6710887,3
194645948770919,4845236895,4.4988055,7.213463,4.6674995,3
194645951270919,4847736895,4.4979086,7.214659,4.685147,3
194645953770919,4850236895,4.5017967,7.234998,4.701298,3
194645956270919,4852736895,4.5011983,7.2352977,4.7168517,3
194645958770919,4855236895,4.4988055,7.240083,4.726423,3
194645961270919,4857736895,4.4964128,7.2418776,4.7192445,3
194645963770919,4860236895,4.491627,7.240083,4.712066,3
194645966270919,4862736895,4.4889355,7.2412796,4.7267222,3
194645968770919,4865236895,4.4874396,7.248159,4.71087,3
194645971270919,4867736895,4.5038905,7.2469625,4.71087,3
194645973770919,4870236895,4.525426,7.2678995,4.7117667,3
194645976270919,4872736895,4.536493,7.271788,4.690531,3
194645978770919,4875236895,4.5481577,7.277172,4.692026,3
194645981270919,4877736895,4.546064,7.2846494,4.6971107,3
194645983770919,4880236895,4.5332026,7.2676005,4.6881375,3
194645986270919,4882736895,4.5302114,7.269096,4.6758747,3
194645988770919,4885236895,4.526024,7.2756763,4.6582274,3
194645991270919,4887736895,4.517948,7.271788,4.6522455,3
194645993770919,4890236895,4.511966,7.269096,4.6710887,3
194645996270919,4892736895,4.51077,7.278069,4.664509,3
194645998770919,4895236895,4.5059843,7.272087,4.698307,3
194646001270919,4897736895,4.5006003,7.2822566,4.7024946,3
194646003770919,4900236895,4.4859443,7.292725,4.71087,3
194646006270919,4902736895,4.47727,7.2882385,4.72732,3
194646008770919,4905236895,4.4688954,7.287042,4.706084,3
194646011270919,4907736895,4.4656053,7.285547,4.7018967,3
194646013770919,4910236895,4.468297,7.283453,4.714459,3
194646016270919,4912736895,4.4802613,7.2903323,4.7198424,3
194646018770919,4915236895,4.494319,7.286743,4.7362933,3
194646021270919,4917736895,4.497609,7.2705917,4.7225347,3
194646023770919,4920236895,4.4979086,7.263114,4.7021956,3
194646026270919,4922736895,4.51077,7.254141,4.709075,3
194646028770919,4925236895,4.5248275,7.242476,4.6956153,3
194646031270919,4927736895,4.529015,7.23111,4.6785665,3
194646033770919,4930236895,4.5275197,7.233204,4.664808,3
194646036270919,4932736895,4.538287,7.226025,4.664509,3
194646038770919,4935236895,4.549952,7.233204,4.660321,3
194646041270919,4937736895,4.560421,7.223932,4.659424,3
194646043770919,4940236895,4.5523453,7.2269225,4.668098,3
194646046270919,4942736895,4.551149,7.2137623,4.651348,3
194646048770919,4945236895,4.543372,7.217052,4.6761737,3
194646051270919,4947736895,4.538586,7.224231,4.6785665,3
194646053770919,4950236895,4.543372,7.22782,4.686941,3
194646056270919,4952736895,4.5523453,7.2305117,4.700102,3
194646058770919,4955236895,4.5478587,7.2329044,4.720441,3
194646061270919,4957736895,4.5888357,7.2209406,4.7192445,3
194646063770919,4960236895,4.5681977,7.2385874,4.727021,3
194646066270919,4962736895,4.5708895,7.2290163,4.7506504,3
194646068770919,4965236895,4.5681977,7.225726,4.744668,3
194646071270919,4967736895,4.5475593,7.220043,4.720142,3
194646073770919,4970236895,4.538287,7.207182,4.698307,3
194646076270919,4972736895,4.537091,7.2062845,4.690531,3
194646078770919,4975236895,4.540381,7.1952176,4.7132626,3
194646081270919,4977736895,4.55743,7.2059855,4.6929235,3
194646083770919,4980236895,4.5732822,7.2023964,4.6953163,3
194646086270919,4982736895,4.5888357,7.199405,4.708776,3
194646088770919,4985236895,4.5879383,7.199405,4.70399,3
194646091270919,4987736895,4.586443,7.1952176,4.668098,3
194646093770919,4990236895,4.575675,7.185048,4.633701,3
194646096270919,4992736895,4.584648,7.1913295,4.6432724,3
194646098770919,4995236895,4.583153,7.165008,4.636393,3
194646101270919,4997736895,4.5861435,7.1503525,4.6522455,3
194646103770919,5000236895,4.5987062,7.129116,4.6618166,3
194646106270919,5002736895,4.604688,7.1192455,4.6546383,3
194646108770919,5005236895,4.6082773,7.13121,4.630411,3
194646111270919,5007736895,4.6007996,7.1542406,4.6354957,3
194646113770919,5010236895,4.58734,7.164111,4.599603,3
194646116270919,5012736895,4.5909295,7.173682,4.597809,3
194646118770919,5015236895,4.599304,7.185347,4.5936213,3
194646121270919,5017736895,4.601697,7.2009006,4.603492,3
194646123770919,5020236895,4.601697,7.203593,4.610969,3
194646126270919,5022736895,4.5969114,7.2158556,4.6301117,3
194646128770919,5025236895,4.5894337,7.216454,4.6265225,3
194646131270919,5027736895,4.586742,7.207481,4.6319065,3
194646133770919,5030236895,4.595416,7.222436,4.638487,3
194646136270919,5032736895,4.601697,7.2290163,4.6438704,3
194646138770919,5035236895,4.5915275,7.2352977,4.6558347,3
194646141270919,5037736895,4.5855455,7.2418776,4.670192,3
194646143770919,5040236895,4.577769,7.2646093,4.6950173,3
194646146270919,5042736895,4.5747776,7.2783685,4.694419,3
194646148770919,5045236895,4.5634117,7.2903323,4.7024946,3
194646151270919,5047736895,4.5622153,7.3011003,4.712066,3
194646153770919,5050236895,4.564309,7.3118677,4.705486,3
194646156270919,5052736895,4.569693,7.318149,4.7159543,3
194646158770919,5055236895,4.5658045,7.3025956,4.705187,3
194646161270919,5057736895,4.5798626,7.3190465,4.6992044,3
194646163770919,5060236895,4.5819564,7.3011003,4.694419,3
194646166270919,5062736895,4.5933223,7.292725,4.680062,3
194646168770919,5065236895,4.610371,7.2939215,4.6585264,3
194646171270919,5067736895,4.6064825,7.2696943,4.6292143,3
194646173770919,5070236895,4.6211386,7.2550383,4.5885367,3
194646176270919,5072736895,4.5999026,7.268797,4.5861435,3
194646178770919,5075236895,4.6085763,7.266105,4.569992,3
194646181270919,5077736895,4.598407,7.260123,4.5894337,3
194646183770919,5080236895,4.6082773,7.2711897,4.604688,3
194646186270919,5082736895,4.6265225,7.277471,4.613063,3
194646188770919,5085236895,4.622335,7.2840514,4.645665,3
194646191270919,5087736895,4.618447,7.2523465,4.6378884,3
194646193770919,5090236895,4.630411,7.272386,4.6286163,3
194646196270919,5092736895,4.6145587,7.269096,4.6040897,3
194646198770919,5095236895,4.6112685,7.275975,4.6175494,3
194646201270919,5097736895,4.598407,7.2786674,4.6211386,3
194646203770919,5100236895,4.5825543,7.2807612,4.621737,3
194646206270919,5102736895,4.558327,7.2762747,4.6408796,3
194646208770919,5105236895,4.5592246,7.268498,4.6345983,3
194646211270919,5107736895,4.531707,7.2613196,4.6292143,3
194646213770919,5110236895,4.532604,7.257132,4.648058,3
194646216270919,5112736895,4.5332026,7.272386,4.65733,3
194646218770919,5115236895,4.5299125,7.279864,4.6672006,3
194646221270919,5117736895,4.537988,7.2825556,4.664509,3
194646223770919,5120236895,4.5323052,7.2900333,4.6806602,3
194646226270919,5122736895,4.5221357,7.2735825,4.7024946,3
194646228770919,5125236895,4.516453,7.2762747,4.7009993,3
194646231270919,5127736895,4.5152564,7.279864,4.685745,3
194646233770919,5130236895,4.519444,7.271489,4.659723,3
194646236270919,5132736895,4.5059843,7.259525,4.6450667,3
194646238770919,5135236895,4.5098724,7.2436724,4.6468616,3
194646241270919,5137736895,4.488636,7.2323065,4.66062,3
194646243770919,5140236895,4.479364,7.2245297,4.680959,3
194646246270919,5142736895,4.485047,7.21107,4.686044,3
194646248770919,5145236895,4.4808593,7.2006016,4.683352,3
194646251270919,5147736895,4.476373,7.2095747,4.7042894,3
194646253770919,5150236895,4.459025,7.199405,4.70399,3
194646256270919,5152736895,4.4629135,7.199106,4.6953163,3
194646258770919,5155236895,4.458726,7.203593,4.700102,3
194646261270919,5157736895,4.447958,7.21107,4.700102,3
194646263770919,5160236895,4.449454,7.2023964,4.6956153,3
194646266270919,5162736895,4.4518466,7.2122664,4.689035,3
194646268770919,5165236895,4.4401817,7.2233334,4.7007003,3
194646271270919,5167736895,4.465007,7.2344003,4.693821,3
194646273770919,5170236895,4.473382,7.2290163,4.698008,3
194646276270919,5172736895,4.4874396,7.2433734,4.6971107,3
194646278770919,5175236895,4.499703,7.248757,4.685446,3
194646281270919,5177736895,4.5023947,7.256833,4.700102,3
194646283770919,5180236895,4.5134616,7.2550383,4.69741,3
194646286270919,5182736895,4.5418763,7.2678995,4.6893344,3
194646288770919,5185236895,4.549055,7.278069,4.699803,3
194646291270919,5187736895,4.5681977,7.2840514,4.680959,3
194646293770919,5190236895,4.571787,7.2879395,4.6767716,3
194646296270919,5192736895,4.5888357,7.2861447,4.6674995,3
194646298770919,5195236895,4.592126,7.2930245,4.658826,3
194646301270919,5197736895,4.58734,7.2822566,4.6558347,3
194646303770919,5200236895,4.5852466,7.289136,4.6438704,3
194646306270919,5202736895,4.5687957,7.2732835,4.619643,3
194646308770919,5205236895,4.575376,7.300801,4.6298127,3
194646311270919,5207736895,4.571787,7.2957163,4.6145587,3
194646313770919,5210236895,4.558327,7.305587,4.6259246,3
194646316270919,5212736895,4.5352964,7.303792,4.618447,3
194646318770919,5215236895,4.5155554,7.3166533,4.6357946,3
194646321270919,5217736895,4.5131626,7.3190465,4.6235313,3
194646323770919,5220236895,4.5014977,7.322336,4.6618166,3
194646326270919,5222736895,4.493422,7.3313093,4.645366,3
194646328770919,5225236895,4.4982076,7.333702,4.647759,3
194646331270919,5227736895,4.491627,7.3283186,4.6728835,3
194646333770919,5230236895,4.5098724,7.339385,4.677669,3
194646336270919,5232736895,4.5263233,7.327421,4.673781,3
194646338770919,5235236895,4.525725,7.32114,4.674379,3
194646341270919,5237736895,4.5323052,7.322336,4.6501517,3
194646343770919,5240236895,4.538586,7.318149,4.642674,3
194646346270919,5242736895,4.5541396,7.2996044,4.634897,3
194646348770919,5245236895,4.555336,7.286743,4.621737,3
194646351270919,5247736895,4.5478587,7.2768726,4.61067,3
194646353770919,5250236895,4.532604,7.266404,4.628018,3
194646356270919,5252736895,4.543671,7.2822566,4.6295137,3
194646358770919,5255236895,4.5245285,7.277471,4.62413,3
194646361270919,5257736895,4.511966,7.2705917,4.6408796,3
194646363770919,5260236895,4.4931226,7.265208,4.653442,3
194646366270919,5262736895,4.4892344,7.277172,4.666004,3
194646368770919,5265236895,4.4760737,7.2915287,4.686642,3
194646371270919,5267736895,4.4742794,7.286444,4.6842494,3
194646373770919,5270236895,4.464409,7.299904,4.6962137,3
194646376270919,5272736895,4.4542394,7.2987075,4.6896334,3
194646378770919,5275236895,4.424927,7.3142605,4.6986065,3
194646381270919,5277736895,4.388437,7.3253274,4.6893344,3
194646383770919,5280236895,4.369294,7.342376,4.677669,3
194646386270919,5282736895,4.3316073,7.335796,4.6618166,3
194646388770919,5285236895,4.322036,7.3609204,4.6965127,3
194646391270919,5287736895,4.325625,7.3689966,4.698307,3
194646393770919,5290236895,4.324728,7.3776703,4.7222357,3
194646396270919,5292736895,4.319344,7.3881392,4.725825,3
194646398770919,5295236895,4.339384,7.3809605,4.7165527,3
194646401270919,5297736895,4.356732,7.3830543,4.6968117,3
194646403770919,5300236895,4.3683968,7.3881392,4.683053,3
194646406270919,5302736895,4.388138,7.381559,4.671687,3
194646408770919,5305236895,4.408477,7.3621173,4.645665,3
194646411270919,5307736895,4.4225345,7.347162,4.6298127,3
194646413770919,5310236895,4.4401817,7.3340015,4.6202416,3
194646416270919,5312736895,4.450052,7.318747,4.607081,3
194646418770919,5315236895,4.4721856,7.3142605,4.5711884,3
194646421270919,5317736895,4.4802613,7.308877,4.5690947,3
194646423770919,5320236895,4.485047,7.292725,4.5616174,3
194646426270919,5322736895,4.482654,7.2915287,4.569394,3
194646428770919,5325236895,4.482953,7.2786674,4.575077,3
194646431270919,5327736895,4.4760737,7.280163,4.59063,3
194646433770919,5330236895,4.4745784,7.2786674,4.601398,3
194646436270919,5332736895,4.4811587,7.271489,4.6298127,3
194646438770919,5335236895,4.4656053,7.2768726,4.63071,3
194646441270919,5337736895,4.4581275,7.274181,4.66062,3
194646443770919,5340236895,4.4656053,7.262516,4.6519465,3
194646446270919,5342736895,4.4611187,7.263114,4.664509,3
194646448770919,5345236895,4.461717,7.2559357,4.683352,3
194646451270919,5347736895,4.453342,7.25444,4.699803,3
194646453770919,5350236895,4.471587,7.2676005,4.714758,3
194646456270919,5352736895,4.465904,7.27448,4.718048,3
194646458770919,5355236895,4.4784665,7.2711897,4.7216372,3
194646461270919,5357736895,4.4988055,7.279864,4.724329,3
194646463770919,5360236895,4.523631,7.279864,4.746463,3
194646466270919,5362736895,4.536493,7.287042,4.750351,3
194646468770919,5365236895,4.5508494,7.2897344,4.7605205,3
194646471270919,5367736895,4.540381,7.283154,4.766802,3
194646473770919,5370236895,4.5320063,7.2783685,4.7539406,3
194646476270919,5372736895,4.520042,7.2735825,4.732704,3
194646478770919,5375236895,4.5149574,7.274181,4.72732,3
194646481270919,5377736895,4.4895334,7.263413,4.7210393,3
194646483770919,5380236895,4.4868417,7.266105,4.714459,3
194646486270919,5382736895,4.4674,7.277471,4.705486,3
194646488770919,5385236895,4.482654,7.2735825,4.7419763,3
194646491270919,5387736895,4.47727,7.2702923,4.7566323,3
194646493770919,5390236895,4.458427,7.2735825,4.7674,3
194646496270919,5392736895,4.4685965,7.283752,4.7730827,3
194646498770919,5395236895,4.4724846,7.292127,4.750052,3
194646501270919,5397736895,4.467998,7.292725,4.750351,3
194646503770919,5400236895,4.4688954,7.2930245,4.721936,3
194646506270919,5402736895,4.4635115,7.2930245,4.7231326,3
194646508770919,5405236895,4.461717,7.2876406,4.7114677,3
194646511270919,5407736895,4.4694934,7.273882,4.7024946,3
194646513770919,5410236895,4.476373,7.2565336,4.7105703,3
194646516270919,5412736895,4.4629135,7.2708907,4.683352,3
194646518770919,5415236895,4.473083,7.2619176,4.7105703,3
194646521270919,5417736895,4.47727,7.262516,4.7368917,3
194646523770919,5420236895,4.4760737,7.2580295,4.7425747,3
194646526270919,5422736895,4.470391,7.253842,4.7452664,3
194646528770919,5425236895,4.4841495,7.259226,4.761717,3
194646531270919,5427736895,4.4871407,7.248159,4.7318068,3
194646533770919,5430236895,4.4838505,7.2499533,4.7458644,3
194646536270919,5432736895,4.5065823,7.227521,4.746463,3
194646538770919,5435236895,4.508377,7.2385874,4.74078,3
194646541270919,5437736895,4.51735,7.2302127,4.729713,3
194646543770919,5440236895,4.5218368,7.213164,4.703093,3
194646546270919,5442736895,4.516453,7.2125654,4.6878386,3
194646548770919,5445236895,4.5299125,7.1898336,4.683352,3
194646551270919,5447736895,4.5149574,7.1742806,4.674379,3
194646553770919,5450236895,4.5077786,7.1688967,4.6992044,3
194646556270919,5452736895,4.500002,7.173981,4.7099724,3
194646558770919,5455236895,4.4988055,7.1805615,4.7165527,3
194646561270919,5457736895,4.497011,7.173383,4.7222357,3
194646563770919,5460236895,4.502993,7.166205,4.725825,3
194646566270919,5462736895,4.4913282,7.16441,4.753641,3
194646568770919,5465236895,4.49073,7.1820574,4.77069,3
194646571270919,5467736895,4.4946184,7.192227,4.775476,3
194646573770919,5470236895,4.486542,7.185048,4.7455654,3
194646576270919,5472736895,4.478766,7.1916285,4.7344985,3
194646578770919,5475236895,4.4874396,7.190432,4.750052,3
194646581270919,5477736895,4.470092,7.199106,4.72403,3
194646583770919,5480236895,4.485047,7.2083783,4.738985,3
194646586270919,5482736895,4.476971,7.216155,4.720441,3
194646588770919,5485236895,4.4874396,7.213463,4.7419763,3
194646591270919,5487736895,4.4868417,7.214659,4.731209,3
194646593770919,5490236895,4.482056,7.2173514,4.712664,3
194646596270919,5492736895,4.482056,7.231708,4.7141595,3
194646598770919,5495236895,4.494319,7.2233334,4.6956153,3
194646601270919,5497736895,4.5020957,7.22782,4.701597,3
194646603770919,5500236895,4.5131626,7.2341013,4.691727,3
194646606270919,5502736895,4.5092745,7.2329044,4.679464,3
194646608770919,5505236895,4.5059843,7.212865,4.6806602,3
194646611270919,5507736895,4.516154,7.2122664,4.668098,3
194646613770919,5510236895,4.5059843,7.2302127,4.64746,3
194646616270919,5512736895,4.518247,7.2346992,4.662415,3
194646618770919,5515236895,4.5209394,7.237092,4.665107,3
194646621270919,5517736895,4.5281177,7.240382,4.6749773,3
194646623770919,5520236895,4.543372,7.2415786,4.680062,3
194646626270919,5522736895,4.5526443,7.2526455,4.69741,3
194646628770919,5525236895,4.558327,7.252047,4.7048874,3
194646631270919,5527736895,4.566702,7.257132,4.698307,3
194646633770919,5530236895,4.5798626,7.262815,4.7105703,3
194646636270919,5532736895,4.586443,7.26102,4.724329,3
194646638770919,5535236895,4.5876393,7.2729845,4.72732,3
194646641270919,5537736895,4.5930233,7.2906313,4.7231326,3
194646643770919,5540236895,4.5741796,7.282855,4.70728,3
194646646270919,5542736895,4.5705905,7.2807612,4.7048874,3
194646648770919,5545236895,4.569394,7.2915287,4.70399,3
194646651270919,5547736895,4.5619164,7.2960153,4.683352,3
194646653770919,5550236895,4.5541396,7.286743,4.686044,3
194646656270919,5552736895,4.549055,7.2882385,4.668696,3
194646658770919,5555236895,4.549055,7.292127,4.67408,3
194646661270919,5557736895,4.540381,7.283752,4.685147,3
194646663770919,5560236895,4.544269,7.289136,4.6959143,3
194646666270919,5562736895,4.542176,7.2792654,4.673781,3
194646668770919,5565236895,4.5430727,7.28106,4.6728835,3
194646671270919,5567736895,4.546064,7.2705917,4.664808,3
194646673770919,5570236895,4.542176,7.257132,4.6576295,3
194646676270919,5572736895,4.5565324,7.246065,4.677071,3
194646678770919,5575236895,4.5658045,7.2472615,4.64746,3
194646681270919,5577736895,4.5675993,7.2323065,4.6429734,3
194646683770919,5580236895,4.566403,7.227521,4.6654058,3
194646686270919,5582736895,4.578367,7.2230344,4.6555357,3
194646688770919,5585236895,4.570291,7.2212396,4.662415,3
194646691270919,5587736895,4.564608,7.212865,4.656732,3
194646693770919,5590236895,4.590032,7.2044897,4.6411786,3
194646696270919,5592736895,4.577769,7.224231,4.638487,3
194646698770919,5595236895,4.5795636,7.2065835,4.6495533,3
194646701270919,5597736895,4.5795636,7.2011995,4.6579285,3
194646703770919,5600236895,4.5628138,7.218249,4.66062,3
194646706270919,5602736895,4.558028,7.237092,4.668397,3
194646708770919,5605236895,4.5708895,7.2379894,4.6633124,3
194646711270919,5607736895,4.5562334,7.2376904,4.6689954,3
194646713770919,5610236895,4.5631127,7.24786,4.6695933,3
194646716270919,5612736895,4.549055,7.252047,4.6707897,3
194646718770919,5615236895,4.543671,7.2442703,4.666303,3
194646721270919,5617736895,4.537091,7.2293153,4.6468616,3
194646723770919,5620236895,4.5242295,7.23111,4.638487,3
194646726270919,5622736895,4.529314,7.2415786,4.644469,3
194646728770919,5625236895,4.511069,7.242775,4.6465626,3
194646731270919,5627736895,4.5212383,7.2466636,4.664808,3
194646733770919,5630236895,4.5358944,7.2502527,4.6674995,3
194646736270919,5632736895,4.5248275,7.246065,4.666303,3
194646738770919,5635236895,4.5352964,7.240083,4.6689954,3
194646741270919,5637736895,4.5541396,7.2323065,4.6429734,3
194646743770919,5640236895,4.551448,7.2326055,4.6618166,3
194646746270919,5642736895,4.555635,7.212865,4.648357,3
194646748770919,5645236895,4.5658045,7.207481,4.638786,3
194646751270919,5647736895,4.5678983,7.2029943,4.6354957,3
194646753770919,5650236895,4.566104,7.192825,4.645665,3
194646756270919,5652736895,4.5708895,7.187441,4.65404,3
194646758770919,5655236895,4.566403,7.205088,4.645665,3
194646761270919,5657736895,4.5652065,7.2011995,4.6579285,3
194646763770919,5660236895,4.55743,7.1916285,4.636692,3
194646766270919,5662736895,4.5481577,7.1880393,4.6286163,3
194646768770919,5665236895,4.529015,7.2032933,4.6265225,3
194646771270919,5667736895,4.5185466,7.205387,4.6226344,3
194646773770919,5670236895,4.511966,7.228418,4.6172504,3
194646776270919,5672736895,4.5011983,7.240083,4.642674,3
194646778770919,5675236895,4.5101714,7.2412796,4.6501517,3
194646781270919,5677736895,4.5095735,7.260721,4.6821556,3
194646783770919,5680236895,4.5212383,7.269096,4.6950173,3
194646786270919,5682736895,4.5281177,7.292426,4.7042894,3
194646788770919,5685236895,4.5391846,7.29781,4.70728,3
194646791270919,5687736895,4.566403,7.2930245,4.7114677,3
194646793770919,5690236895,4.55743,7.2903323,4.729414,3
194646796270919,5692736895,4.5705905,7.2930245,4.729713,3
194646798770919,5695236895,4.5705905,7.29781,4.7075796,3
194646801270919,5697736895,4.5705905,7.294221,4.691727,3
194646803770919,5700236895,4.5738807,7.2762747,4.6725845,3
194646806270919,5702736895,4.555037,7.269096,4.6525445,3
194646808770919,5705236895,4.5538406,7.278069,4.6642094,3
194646811270919,5707736895,4.5409794,7.2678995,4.6522455,3
194646813770919,5710236895,4.5340996,7.2655067,4.6372905,3
194646816270919,5712736895,4.523033,7.268797,4.638487,3
194646818770919,5715236895,4.532903,7.268797,4.666602,3
194646821270919,5717736895,4.538287,7.272386,4.6728835,3
194646823770919,5720236895,4.543671,7.260123,4.6758747,3
194646826270919,5722736895,4.554738,7.252047,4.688736,3
194646828770919,5725236895,4.543372,7.248458,4.668397,3
194646831270919,5727736895,4.557131,7.2320075,4.664509,3
194646833770919,5730236895,4.5535417,7.2296147,4.6486564,3
194646836270919,5732736895,4.54068,7.233503,4.632804,3
194646838770919,5735236895,4.5430727,7.210472,4.6205406,3
194646841270919,5737736895,4.534698,7.218548,4.6232324,3
194646843770919,5740236895,4.5227337,7.2176504,4.6079783,3
194646846270919,5742736895,4.5242295,7.216753,4.6372905,3
194646848770919,5745236895,4.5185466,7.2287173,4.64746,3
194646851270919,5747736895,4.506881,7.239485,4.6710887,3
194646853770919,5750236895,4.5116673,7.257132,4.686642,3
194646856270919,5752736895,4.5152564,7.2658057,4.701597,3
194646858770919,5755236895,4.5003014,7.256833,4.6959143,3
194646861270919,5757736895,4.4928236,7.2619176,4.6986065,3
194646863770919,5760236895,4.4955153,7.260721,4.679464,3
194646866270919,5762736895,4.490132,7.253842,4.677071,3
194646868770919,5765236895,4.488636,7.2532434,4.653741,3
194646871270919,5767736895,4.4913282,7.251449,4.6468616,3
194646873770919,5770236895,4.491627,7.252047,4.659125,3
194646876270919,5772736895,4.494319,7.2559357,4.6501517,3
194646878770919,5775236895,4.5077786,7.2646093,4.673781,3
194646881270919,5777736895,4.5071807,7.265208,4.7018967,3
194646883770919,5780236895,4.511368,7.2726855,4.705187,3
194646886270919,5782736895,4.5149574,7.283752,4.7135615,3
194646888770919,5785236895,4.531109,7.28106,4.6989055,3
194646891270919,5787736895,4.5391846,7.2708907,4.698307,3
194646893770919,5790236895,4.537689,7.2696943,4.699803,3
194646896270919,5792736895,4.542176,7.268797,4.692624,3
194646898770919,5795236895,4.5505505,7.2589264,4.712365,3
194646901270919,5797736895,4.56401,7.2699933,4.698307,3
194646903770919,5800236895,4.5538406,7.2637124,4.6782675,3
194646906270919,5802736895,4.558626,7.240083,4.6902313,3
194646908770919,5805236895,4.5595236,7.2466636,4.662415,3
194646911270919,5807736895,4.564309,7.246364,4.680062,3
194646913770919,5810236895,4.5670013,7.254141,4.6764727,3
194646916270919,5812736895,4.5711884,7.2562346,4.6689954,3
194646918770919,5815236895,4.5619164,7.259824,4.6707897,3
194646921270919,5817736895,4.569693,7.257132,4.686941,3
194646923770919,5820236895,4.5655055,7.2532434,4.645964,3
194646926270919,5822736895,4.56401,7.242476,4.659125,3
194646928770919,5825236895,4.5684967,7.2385874,4.657031,3
194646931270919,5827736895,4.5690947,7.2352977,4.642674,3
194646933770919,5830236895,4.56401,7.230811,4.6375895,3
194646936270919,5832736895,4.5451665,7.228119,4.613063,3
194646938770919,5835236895,4.5248275,7.2376904,4.6115675,3
194646941270919,5837736895,4.500002,7.240382,4.610969,3
194646943770919,5840236895,4.490132,7.2550383,4.63071,3
194646946270919,5842736895,4.4799623,7.2658057,4.631308,3
194646948770919,5845236895,4.4802613,7.27448,4.6528435,3
194646951270919,5847736895,4.476373,7.2957163,4.6728835,3
194646953770919,5850236895,4.4838505,7.2843504,4.693821,3
194646956270919,5852736895,4.4742794,7.299904,4.7021956,3
194646958770919,5855236895,4.495815,7.278069,4.718646,3
194646961270919,5857736895,4.499404,7.2909307,4.7081776,3
194646963770919,5860236895,4.5017967,7.2918277,4.725825,3
194646966270919,5862736895,4.514359,7.283752,4.7285166,3
194646968770919,5865236895,4.520042,7.274779,4.726423,3
194646971270919,5867736895,4.5275197,7.268797,4.699803,3
194646973770919,5870236895,4.531408,7.273882,4.6785665,3
194646976270919,5872736895,4.5358944,7.2616186,4.666602,3
194646978770919,5875236895,4.5526443,7.256833,4.6755753,3
194646981270919,5877736895,4.5619164,7.2448688,4.6752763,3
194646983770919,5880236895,4.5738807,7.2263246,4.674379,3
194646986270919,5882736895,4.5598226,7.2433734,4.673781,3
194646988770919,5885236895,4.564608,7.2296147,4.6692944,3
194646991270919,5887736895,4.5484567,7.222137,4.6525445,3
194646993770919,5890236895,4.540381,7.2230344,4.659723,3
194646996270919,5892736895,4.536493,7.222436,4.651647,3
194646998770919,5895236895,4.525725,7.2293153,4.6642094,3
194647001270919,5897736895,4.5206404,7.233204,4.67737,3
194647003770919,5900236895,4.551448,7.199106,4.6689954,3
194647006270919,5902736895,4.5487556,7.183254,4.694718,3
194647008770919,5905236895,4.542176,7.192526,4.7482576,3
194647011270919,5907736895,4.536792,7.2086773,4.7781677,3
194647013770919,5910236895,4.5373898,7.2122664,4.814359,3
194647016270919,5912736895,4.5215373,7.2299137,4.8062835,3
194647018770919,5915236895,4.520042,7.2352977,4.7916274,3
194647021270919,5917736895,4.499105,7.225726,4.773681,3
194647023770919,5920236895,4.5017967,7.228119,4.7371907,3
194647026270919,5922736895,4.505386,7.2233334,4.7135615,3
194647028770919,5925236895,4.5095735,7.213463,4.691727,3
194647031270919,5927736895,4.5041895,7.2026954,4.6758747,3
194647033770919,5930236895,4.523631,7.2032933,4.6758747,3
194647036270919,5932736895,4.534698,7.202097,4.666602,3
194647038770919,5935236895,4.520341,7.2263246,4.668098,3
194647041270919,5937736895,4.5059843,7.227521,4.6633124,3
194647043770919,5940236895,4.500002,7.2415786,4.6707897,3
194647046270919,5942736895,4.4898324,7.2472615,4.673482,3
194647048770919,5945236895,4.465904,7.2637124,4.6950173,3
194647051270919,5947736895,4.449454,7.2729845,4.7135615,3
194647053770919,5950236895,4.462016,7.301399,4.7135615,3
194647056270919,5952736895,4.453342,7.298408,4.709374,3
194647058770919,5955236895,4.4524446,7.3139615,4.7249274,3
194647061270919,5957736895,4.4377885,7.3292155,4.7198424,3
194647063770919,5960236895,4.430311,7.340582,4.709374,3
194647066270919,5962736895,4.4401817,7.3633137,4.7153563,3
194647068770919,5965236895,4.4341993,7.3549385,4.683053,3
194647071270919,5967736895,4.4321055,7.3600235,4.6692944,3
194647073770919,5970236895,4.4350967,7.368099,4.6779685,3
194647076270919,5972736895,4.445565,7.3809605,4.660919,3
194647078770919,5975236895,4.4407797,7.379465,4.639384,3
194647081270919,5977736895,4.4336014,7.3785677,4.6325045,3
194647083770919,5980236895,4.438686,7.367501,4.621737,3
194647086270919,5982736895,4.429713,7.37109,4.613063,3
194647088770919,5985236895,4.430012,7.3666034,4.607679,3
194647091270919,5987736895,4.4189453,7.3695946,4.6175494,3
194647093770919,5990236895,4.4075794,7.385746,4.6136613,3
194647096270919,5992736895,4.4004006,7.390532,4.6351967,3
194647098770919,5995236895,4.392026,7.396514,4.6408796,3
194647101270919,5997736895,4.3962135,7.390532,4.6498528,3
194647103770919,6000236895,4.4138603,7.376773,4.6564326,3
194647106270919,6002736895,4.4198427,7.3731837,4.689035,3
194647108770919,6005236895,4.4243293,7.359724,4.668696,3
194647111270919,6007736895,4.424927,7.3525457,4.6618166,3
194647113770919,6010236895,4.438985,7.329515,4.6576295,3
194647116270919,6012736895,4.4392843,7.3304124,4.659125,3
194647118770919,6015236895,4.4410787,7.3190465,4.664509,3
194647121270919,6017736895,4.441378,7.3160553,4.666602,3
194647123770919,6020236895,4.447659,7.2960153,4.6564326,3
194647126270919,6022736895,4.4488554,7.2783685,4.6615176,3
194647128770919,6025236895,4.456034,7.272087,4.6806602,3
194647131270919,6027736895,4.464409,7.279565,4.691727,3
194647133770919,6030236895,4.4724846,7.268797,4.7195435,3
194647136270919,6032736895,4.4862432,7.2789664,4.7563334,3
194647138770919,6035236895,4.51406,7.266404,4.756034,3
194647141270919,6037736895,4.5059843,7.256833,4.74407,3
194647143770919,6040236895,4.5209394,7.246065,4.7318068,3
194647146270919,6042736895,4.5338006,7.2305117,4.725825,3
194647148770919,6045236895,4.537091,7.2098737,4.7084765,3
194647151270919,6047736895,4.5430727,7.196713,4.6911287,3
194647153770919,6050236895,4.5592246,7.1712894,4.673781,3
194647156270919,6052736895,4.5652065,7.16112,4.6707897,3
194647158770919,6055236895,4.566403,7.1617184,4.6785665,3
194647161270919,6057736895,4.5622153,7.1799636,4.6965127,3
194647163770919,6060236895,4.5484567,7.1623163,4.6815577,3
194647166270919,6062736895,4.5391846,7.1682982,4.6618166,3
194647168770919,6065236895,4.5155554,7.178169,4.666004,3
194647171270919,6067736895,4.5020957,7.19432,4.671986,3
194647173770919,6070236895,4.5020957,7.195816,4.6845484,3
194647176270919,6072736895,4.497011,7.2086773,4.6914277,3
194647178770919,6075236895,4.4802613,7.222137,4.703392,3
194647181270919,6077736895,4.4751763,7.245766,4.72732,3
194647183770919,6080236895,4.450351,7.2619176,4.7249274,3
194647186270919,6082736895,4.434798,7.271489,4.7114677,3
194647188770919,6085236895,4.4108696,7.2840514,4.706682,3
194647191270919,6087736895,4.416253,7.283453,4.698307,3
194647193770919,6090236895,4.4192443,7.2963142,4.6953163,3
194647196270919,6092736895,4.42403,7.3142605,4.7075796,3
194647198770919,6095236895,4.429713,7.307381,4.712066,3
194647201270919,6097736895,4.4461637,7.3253274,4.724329,3
194647203770919,6100236895,4.471288,7.3196445,4.7279186,3
194647206270919,6102736895,4.5044885,7.3166533,4.7231326,3
194647208770919,6105236895,4.5212383,7.3256264,4.6992044,3
194647211270919,6107736895,4.54068,7.327122,4.698008,3
194647213770919,6110236895,4.5466623,7.323832,4.67737,3
194647216270919,6112736895,4.544269,7.318448,4.6725845,3
194647218770919,6115236895,4.5472603,7.3136625,4.642076,3
194647221270919,6117736895,4.553242,7.3118677,4.6462636,3
194647223770919,6120236895,4.561019,7.3142605,4.6342993,3
194647226270919,6122736895,4.5484567,7.3166533,4.62413,3
194647228770919,6125236895,4.5352964,7.301997,4.621438,3
194647231270919,6127736895,4.5299125,7.295118,4.5999026,3
194647233770919,6130236895,4.523033,7.300502,4.6169515,3
194647236270919,6132736895,4.51077,7.3028946,4.6172504,3
194647238770919,6135236895,4.5014977,7.2918277,4.618148,3
194647241270919,6137736895,4.493422,7.289136,4.6342993,3
194647243770919,6140236895,4.4727836,7.300203,4.619045,3
194647246270919,6142736895,4.4542394,7.299904,4.6295137,3
194647248770919,6145236895,4.4410787,7.3112698,4.6585264,3
194647251270919,6147736895,4.4353957,7.3256264,4.6731825,3
194647253770919,6150236895,4.4318066,7.31456,4.6654058,3
194647256270919,6152736895,4.43061,7.2996044,4.662415,3
194647258770919,6155236895,4.429414,7.2903323,4.664808,3
194647261270919,6157736895,4.42732,7.298408,4.6558347,3
194647263770919,6160236895,4.4341993,7.2807612,4.6761737,3
194647266270919,6162736895,4.435994,7.2912297,4.671388,3
194647268770919,6165236895,4.4596233,7.281359,4.6465626,3
194647271270919,6167736895,4.4721856,7.278069,4.6342993,3
194647273770919,6170236895,4.49402,7.272386,4.6298127,3
194647276270919,6172736895,4.516752,7.260721,4.5948176,3
194647278770919,6175236895,4.5134616,7.277172,4.58076,3
194647281270919,6177736895,4.5221357,7.263413,4.5675993,3
194647283770919,6180236895,4.513761,7.281359,4.5631127,3
194647286270919,6182736895,4.517948,7.286743,4.575077,3
194647288770919,6185236895,4.534997,7.2900333,4.5930233,3
194647291270919,6187736895,4.525127,7.298109,4.6115675,3
194647293770919,6190236895,4.528716,7.306185,4.653442,3
194647296270919,6192736895,4.49402,7.3139615,4.7045884,3
194647298770919,6195236895,4.5170507,7.307082,4.6932225,3
194647301270919,6197736895,4.6142592,7.3046894,4.70728,3
194647303770919,6200236895,4.6226344,7.295118,4.7198424,3
194647306270919,6202736895,4.601398,7.2993054,4.7138605,3
194647308770919,6205236895,4.5951166,7.3082786,4.67408,3
194647311270919,6207736895,4.612465,7.3046894,4.680062,3
194647313770919,6210236895,4.6091747,7.2972116,4.6519465,3
194647316270919,6212736895,4.592724,7.289435,4.6229334,3
194647318770919,6215236895,4.5969114,7.2696943,4.5930233,3
194647321270919,6217736895,4.596313,7.265208,4.5598226,3
194647323770919,6220236895,4.598407,7.2696943,4.5628138,3
194647326270919,6222736895,4.605286,7.262815,4.5475593,3
194647328770919,6225236895,4.618746,7.27777,4.542176,3
194647331270919,6227736895,4.636991,7.253842,4.542176,3
194647333770919,6230236895,4.653442,7.2550383,4.5523453,3
194647336270919,6232736895,4.6564326,7.262516,4.545765,3
194647338770919,6235236895,4.680062,7.251748,4.542176,3
194647341270919,6237736895,4.6689954,7.2466636,4.549653,3
194647343770919,6240236895,4.67737,7.2358956,4.540381,3
194647346270919,6242736895,4.6752763,7.236494,4.543671,3
194647348770919,6245236895,4.685446,7.228119,4.5361934,3
194647351270919,6247736895,4.665107,7.2269225,4.5415773,3
194647353770919,6250236895,4.642076,7.230811,4.537689,3
194647356270919,6252736895,4.627121,7.2266235,4.5409794,3
194647358770919,6255236895,4.5966125,7.25444,4.540381,3
194647361270919,6257736895,4.5726843,7.266404,4.549653,3
194647363770919,6260236895,4.560421,7.275975,4.566702,3
194647366270919,6262736895,4.538586,7.2900333,4.5834517,3
194647368770919,6265236895,4.5397825,7.2939215,4.6005006,3
194647371270919,6267736895,4.5245285,7.294221,4.632804,3
194647373770919,6270236895,4.5242295,7.3100734,4.6372905,3
194647376270919,6272736895,4.5227337,7.300502,4.639982,3
194647378770919,6275236895,4.512564,7.315457,4.638786,3
194647381270919,6277736895,4.512564,7.303792,4.6498528,3
194647383770919,6280236895,4.529314,7.300203,4.660919,3
194647386270919,6282736895,4.537091,7.2825556,4.6585264,3
194647388770919,6285236895,4.558626,7.2676005,4.641777,3
194647391270919,6287736895,4.5634117,7.266404,4.648058,3
194647393770919,6290236895,4.577769,7.266105,4.6259246,3
194647396270919,6292736895,4.578965,7.2556367,4.633103,3
194647398770919,6295236895,4.584947,7.2550383,4.6408796,3
194647401270919,6297736895,4.5801616,7.251748,4.639982,3
194647403770919,6300236895,4.5738807,7.253842,4.662714,3
194647406270919,6302736895,4.5484567,7.2436724,4.6618166,3
194647408770919,6305236895,4.555336,7.2490563,4.6549373,3
194647411270919,6307736895,4.531408,7.246364,4.6965127,3
194647413770919,6310236895,4.5011983,7.2418776,4.6899323,3
194647416270919,6312736895,4.4874396,7.237391,4.6872406,3
194647418770919,6315236895,4.470391,7.2233334,4.703093,3
194647421270919,6317736895,4.4724846,7.21107,4.7309093,3
194647423770919,6320236895,4.4724846,7.210472,4.747958,3
194647426270919,6322736895,4.479663,7.2062845,4.764409,3
194647428770919,6325236895,4.4751763,7.2009006,4.7629137,3
194647431270919,6327736895,4.467699,7.1946197,4.7581277,3
194647433770919,6330236895,4.471288,7.199106,4.7419763,3
194647436270919,6332736895,4.4518466,7.207182,4.7339005,3
194647438770919,6335236895,4.4243293,7.2236323,4.7096734,3
194647441270919,6337736895,4.4222355,7.239186,4.6435714,3
194647443770919,6340236895,4.4186463,7.236494,4.6585264,3
194647446270919,6342736895,4.4336014,7.24457,4.6704907,3
194647448770919,6345236895,4.4578285,7.2376904,4.66062,3
194647451270919,6347736895,4.4856453,7.234998,4.659424,3
194647453770919,6350236895,4.5059843,7.23111,4.65404,3
194647456270919,6352736895,4.51077,7.2326055,4.66062,3
194647458770919,6355236895,4.5062833,7.230811,4.6351967,3
194647461270919,6357736895,4.508377,7.2502527,4.630411,3
194647463770919,6360236895,4.4964128,7.253543,4.6139603,3
194647466270919,6362736895,4.514359,7.2637124,4.6112685,3
194647468770919,6365236895,4.516154,7.2726855,4.6094737,3
194647471270919,6367736895,4.525426,7.280462,4.6175494,3
194647473770919,6370236895,4.5275197,7.260422,4.616353,3
194647476270919,6372736895,4.536792,7.2792654,4.6226344,3
194647478770919,6375236895,4.543372,7.2699933,4.595416,3
194647481270919,6377736895,4.566104,7.279565,4.604987,3
194647483770919,6380236895,4.5675993,7.274181,4.6121655,3
194647486270919,6382736895,4.57747,7.2849483,4.6142592,3
194647488770919,6385236895,4.584349,7.2840514,4.6058846,3
194647491270919,6387736895,4.5729833,7.28106,4.616353,3
194647493770919,6390236895,4.577171,7.2933235,4.6232324,3
194647496270919,6392736895,4.584947,7.301399,4.639384,3
194647498770919,6395236895,4.584947,7.307082,4.64746,3
194647501270919,6397736895,4.584947,7.3121667,4.6486564,3
194647503770919,6400236895,4.573581,7.308877,4.648357,3
194647506270919,6402736895,4.545466,7.3160553,4.65404,3
194647508770919,6405236895,4.5418763,7.303194,4.6525445,3
194647511270919,6407736895,4.514658,7.3142605,4.6576295,3
194647513770919,6410236895,4.495815,7.324131,4.668397,3
194647516270919,6412736895,4.484748,7.3325057,4.679464,3
194647518770919,6415236895,4.4691944,7.340881,4.6908298,3
194647521270919,6417736895,4.4401817,7.3366933,4.6971107,3
194647523770919,6420236895,4.4315076,7.3399835,4.7141595,3
194647526270919,6422736895,4.4195433,7.3307114,4.7048874,3
194647528770919,6425236895,4.403093,7.335497,4.72074,3
194647531270919,6427736895,4.389932,7.3214393,4.7216372,3
194647533770919,6430236895,4.3785663,7.3289165,4.721936,3
194647536270919,6432736895,4.3782673,7.318448,4.7225347,3
194647538770919,6435236895,4.3836513,7.3232336,4.7216372,3
194647541270919,6437736895,4.3935213,7.3178496,4.708776,3
194647543770919,6440236895,4.418347,7.309475,4.72403,3
194647546270919,6442736895,4.447061,7.309475,4.727021,3
194647548770919,6445236895,4.4694934,7.3079796,4.714758,3
194647551270919,6447736895,4.4862432,7.2897344,4.706084,3
194647553770919,6450236895,4.495815,7.2768726,4.7007003,3
194647556270919,6452736895,4.5134616,7.2616186,4.659424,3
194647558770919,6455236895,4.5242295,7.2678995,4.6633124,3
194647561270919,6457736895,4.5218368,7.253543,4.651348,3
194647563770919,6460236895,4.5263233,7.2589264,4.6411786,3
194647566270919,6462736895,4.5212383,7.253842,4.630411,3
194647568770919,6465236895,4.508377,7.2508507,4.619045,3
194647571270919,6467736895,4.499105,7.2586274,4.60738,3
194647573770919,6470236895,4.4931226,7.243074,4.606782,3
194647576270919,6472736895,4.4691944,7.2502527,4.6091747,3
194647578770919,6475236895,4.4775696,7.253842,4.616353,3
194647581270919,6477736895,4.4856453,7.2526455,4.6175494,3
194647583770919,6480236895,4.4802613,7.2547393,4.6202416,3
194647586270919,6482736895,4.476971,7.263114,4.6357946,3
194647588770919,6485236895,4.479364,7.266404,4.601697,3
194647591270919,6487736895,4.468297,7.2726855,4.595715,3
194647593770919,6490236895,4.459025,7.283752,4.5930233,3
194647596270919,6492736895,4.453342,7.2912297,4.5837507,3
194647598770919,6495236895,4.4539404,7.2972116,4.584349,3
194647601270919,6497736895,4.4596233,7.3169527,4.601996,3
194647603770919,6500236895,4.4718866,7.3166533,4.6088758,3
194647606270919,6502736895,4.4859443,7.3289165,4.621737,3
194647608770919,6505236895,4.5006003,7.333104,4.6486564,3
194647611270919,6507736895,4.511069,7.3381886,4.6552362,3
194647613770919,6510236895,4.5248275,7.3438716,4.651049,3
194647616270919,6512736895,4.536792,7.34447,4.662415,3
194647618770919,6515236895,4.543671,7.345068,4.679464,3
194647621270919,6517736895,4.549055,7.335497,4.6642094,3
194647623770919,6520236895,4.549354,7.332805,4.673482,3
194647626270919,6522736895,4.552943,7.32772,4.6824546,3
194647628770919,6525236895,4.5478587,7.322336,4.680959,3
194647631270919,6527736895,4.5394835,7.3160553,4.685446,3
194647633770919,6530236895,4.543372,7.301997,4.711169,3
194647636270919,6532736895,4.551149,7.301997,4.680062,3
194647638770919,6535236895,4.5472603,7.2879395,4.6950173,3
194647641270919,6537736895,4.5508494,7.292725,4.7117667,3
194647643770919,6540236895,4.558028,7.2918277,4.7018967,3
194647646270919,6542736895,4.5541396,7.2819576,4.6989055,3
194647648770919,6545236895,4.555635,7.275975,4.703392,3
194647651270919,6547736895,4.5505505,7.269096,4.6752763,3
194647653770919,6550236895,4.563711,7.268498,4.6689954,3
194647656270919,6552736895,4.569394,7.259824,4.668098,3
194647658770919,6555236895,4.562515,7.2397842,4.6546383,3
194647661270919,6557736895,4.564608,7.2341013,4.639085,3
194647663770919,6560236895,4.558925,7.237391,4.632804,3
194647666270919,6562736895,4.5652065,7.2341013,4.6262236,3
194647668770919,6565236895,4.5613184,7.216753,4.618746,3
194647671270919,6567736895,4.549952,7.2065835,4.621438,3
194647673770919,6570236895,4.5538406,7.2065835,4.6259246,3
194647676270919,6572736895,4.545765,7.205387,4.631009,3
194647678770919,6575236895,4.5415773,7.1973114,4.6378884,3
194647681270919,6577736895,4.5394835,7.1937222,4.6396832,3
194647683770919,6580236895,4.552046,7.1859455,4.6546383,3
194647686270919,6582736895,4.5275197,7.196713,4.659125,3
194647688770919,6585236895,4.529015,7.1913295,4.6600223,3
194647691270919,6587736895,4.540381,7.186544,4.668098,3
194647693770919,6590236895,4.5478587,7.1895347,4.666303,3
194647696270919,6592736895,4.549055,7.1976104,4.674379,3
194647698770919,6595236895,4.5592246,7.205088,4.679464,3
194647701270919,6597736895,4.558626,7.192825,4.664808,3
194647703770919,6600236895,4.5655055,7.19432,4.6486564,3
194647706270919,6602736895,4.546064,7.194021,4.6375895,3
194647708770919,6605236895,4.5445685,7.2023964,4.6265225,3
194647711270919,6607736895,4.5373898,7.218847,4.6169515,3
194647713770919,6610236895,4.529015,7.2382884,4.610371,3
194647716270919,6612736895,4.512564,7.2508507,4.596313,3
194647718770919,6615236895,4.5149574,7.2930245,4.606782,3
194647721270919,6617736895,4.495815,7.3139615,4.60738,3
194647723770919,6620236895,4.470989,7.342376,4.603492,3
194647726270919,6622736895,4.4581275,7.370193,4.622036,3
194647728770919,6625236895,4.4407797,7.387242,4.633103,3
194647731270919,6627736895,4.436592,7.388737,4.6600223,3
194647733770919,6630236895,4.4321055,7.401898,4.6872406,3
194647736270919,6632736895,4.435695,7.402795,4.7096734,3
194647738770919,6635236895,4.4449673,7.4042907,4.7102714,3
194647741270919,6637736895,4.4464626,7.3956165,4.7231326,3
194647743770919,6640236895,4.4575295,7.385746,4.746463,3
194647746270919,6642736895,4.4554358,7.3719873,4.7336016,3
194647748770919,6645236895,4.453342,7.3582287,4.734798,3
194647751270919,6647736895,4.462614,7.346863,4.726124,3
194647753770919,6650236895,4.4575295,7.3229346,4.720142,3
194647756270919,6652736895,4.4629135,7.301997,4.709374,3
194647758770919,6655236895,4.46411,7.288837,4.7024946,3
194647761270919,6657736895,4.4685965,7.27448,4.693821,3
194647763770919,6660236895,4.475476,7.2508507,4.686044,3
194647766270919,6662736895,4.488636,7.251748,4.6971107,3
194647768770919,6665236895,4.5092745,7.2287173,4.705785,3
194647771270919,6667736895,4.5149574,7.2152576,4.692026,3
194647773770919,6670236895,4.512265,7.2116685,4.677071,3
194647776270919,6672736895,4.5134616,7.2116685,4.6728835,3
194647778770919,6675236895,4.5278187,7.2137623,4.6761737,3
194647781270919,6677736895,4.52393,7.224231,4.6803613,3
194647783770919,6680236895,4.5269213,7.2326055,4.680959,3
194647786270919,6682736895,4.510471,7.2326055,4.6821556,3
194647788770919,6685236895,4.5059843,7.245766,4.6896334,3
194647791270919,6687736895,4.500002,7.255337,4.680959,3
194647793770919,6690236895,4.5035915,7.237092,4.6782675,3
194647796270919,6692736895,4.5020957,7.2466636,4.6986065,3
194647798770919,6695236895,4.5011983,7.26102,4.679464,3
194647801270919,6697736895,4.534997,7.2493553,4.706981,3
194647803770919,6700236895,4.5388856,7.2433734,4.684848,3
194647806270919,6702736895,4.544269,7.2296147,4.681258,3
194647808770919,6705236895,4.551149,7.2326055,4.6782675,3
194647811270919,6707736895,4.5562334,7.2305117,4.660919,3
194647813770919,6710236895,4.581657,7.236494,4.6528435,3
194647816270919,6712736895,4.5732822,7.240083,4.6286163,3
194647818770919,6715236895,4.581059,7.2442703,4.6340003,3
194647821270919,6717736895,4.570291,7.2409806,4.619942,3
194647823770919,6720236895,4.5562334,7.252047,4.6079783,3
194647826270919,6722736895,4.540381,7.248757,4.6005006,3
194647828770919,6725236895,4.5481577,7.2496543,4.6121655,3
194647831270919,6727736895,4.540082,7.2565336,4.6139603,3
194647833770919,6730236895,4.5388856,7.268797,4.6495533,3
194647836270919,6732736895,4.5340996,7.2699933,4.648058,3
194647838770919,6735236895,4.5373898,7.2753773,4.6558347,3
194647841270919,6737736895,4.5526443,7.294819,4.668397,3
194647843770919,6740236895,4.555037,7.303493,4.680062,3
194647846270919,6742736895,4.549653,7.2957163,4.7021956,3
194647848770919,6745236895,4.552943,7.3046894,4.6875396,3
194647851270919,6747736895,4.529015,7.3064837,4.6746783,3
194647853770919,6750236895,4.514658,7.3106713,4.664808,3
194647856270919,6752736895,4.5131626,7.315457,4.6486564,3
194647858770919,6755236895,4.514658,7.3103724,4.6495533,3
194647861270919,6757736895,4.5116673,7.3136625,4.662415,3
194647863770919,6760236895,4.499404,7.307381,4.6755753,3
194647866270919,6762736895,4.512265,7.2879395,4.6746783,3
194647868770919,6765236895,4.5065823,7.292127,4.666004,3
194647871270919,6767736895,4.505386,7.292426,4.6752763,3
194647873770919,6770236895,4.5011983,7.2840514,4.6698923,3
194647876270919,6772736895,4.5098724,7.2637124,4.668696,3
194647878770919,6775236895,4.526024,7.2523465,4.6881375,3
194647881270919,6777736895,4.5158544,7.233204,4.677669,3
194647883770919,6780236895,4.519444,7.2451677,4.663013,3
194647886270919,6782736895,4.514658,7.2376904,4.665705,3
194647888770919,6785236895,4.5155554,7.2352977,4.663013,3
194647891270919,6787736895,4.505386,7.228119,4.668098,3
194647893770919,6790236895,4.502694,7.219744,4.686343,3
194647896270919,6792736895,4.5035915,7.227521,4.69741,3
194647898770919,6795236895,4.502993,7.220342,4.6896334,3
194647901270919,6797736895,4.5038905,7.2305117,4.703093,3
194647903770919,6800236895,4.5188456,7.222436,4.71087,3
194647906270919,6802736895,4.517649,7.234998,4.7192445,3
194647908770919,6805236895,4.5191445,7.2346992,4.7174497,3
194647911270919,6807736895,4.5352964,7.2263246,4.7081776,3
194647913770919,6810236895,4.549653,7.2206416,4.6992044,3
194647916270919,6812736895,4.566104,7.2137623,4.6782675,3
194647918770919,6815236895,4.59392,7.212865,4.653741,3
194647921270919,6817736895,4.6112685,7.201499,4.632804,3
194647923770919,6820236895,4.6145587,7.1937222,4.6169515,3
194647926270919,6822736895,4.6175494,7.196414,4.5891347,3
194647928770919,6825236895,4.625326,7.1877403,4.58734,3
194647931270919,6827736895,4.636094,7.1826553,4.564608,3
194647933770919,6830236895,4.640281,7.1835527,4.578367,3
194647936270919,6832736895,4.6342993,7.1820574,4.6025944,3
194647938770919,6835236895,4.627121,7.1820574,4.621737,3
194647941270919,6837736895,4.6319065,7.185347,4.636393,3
194647943770919,6840236895,4.6289153,7.1916285,4.6549373,3
194647946270919,6842736895,4.63071,7.19432,4.6582274,3
194647948770919,6845236895,4.6319065,7.1898336,4.6899323,3
194647951270919,6847736895,4.6202416,7.1889367,4.700401,3
194647953770919,6850236895,4.616054,7.1970124,4.697709,3
194647956270919,6852736895,4.597809,7.204789,4.6818566,3
194647958770919,6855236895,4.596014,7.202097,4.688437,3
194647961270919,6857736895,4.590032,7.2038918,4.711169,3
194647963770919,6860236895,4.5765724,7.2009006,4.6758747,3
194647966270919,6862736895,4.5649076,7.2149587,4.6761737,3
194647968770919,6865236895,4.555336,7.218548,4.6728835,3
194647971270919,6867736895,4.549653,7.219744,4.667799,3
194647973770919,6870236895,4.5484567,7.2173514,4.6579285,3
194647976270919,6872736895,4.56401,7.2245297,4.6669016,3
194647978770919,6875236895,4.5541396,7.234998,4.6564326,3
194647981270919,6877736895,4.564309,7.2299137,4.6486564,3
194647983770919,6880236895,4.5714874,7.225427,4.644469,3
194647986270919,6882736895,4.5885367,7.225726,4.640281,3
194647988770919,6885236895,4.597809,7.225726,4.640281,3
194647991270919,6887736895,4.5948176,7.219445,4.6232324,3
194647993770919,6890236895,4.6082773,7.2206416,4.6139603,3
194647996270919,6892736895,4.619344,7.2344003,4.6022954,3
194647998770919,6895236895,4.6082773,7.24786,4.6022954,3
194648001270919,6897736895,4.6002016,7.246364,4.605286,3
194648003770919,6900236895,4.5894337,7.253543,4.6289153,3
194648006270919,6902736895,4.5592246,7.263114,4.6501517,3
194648008770919,6905236895,4.551149,7.27448,4.6525445,3
194648011270919,6907736895,4.5296135,7.282855,4.6438704,3
194648013770919,6910236895,4.519444,7.2792654,4.6779685,3
194648016270919,6912736895,4.5095735,7.283154,4.699504,3
194648018770919,6915236895,4.5059843,7.281658,4.7096734,3
194648021270919,6917736895,4.5098724,7.285248,4.70728,3
194648023770919,6920236895,4.4889355,7.2936225,4.7165527,3
194648026270919,6922736895,4.47069,7.2786674,4.712066,3
194648028770919,6925236895,4.4581275,7.292725,4.701298,3
194648031270919,6927736895,4.456931,7.2933235,4.69412,3
194648033770919,6930236895,4.456333,7.2897344,4.690531,3
194648036270919,6932736895,4.4688954,7.2858458,4.694718,3
194648038770919,6935236895,4.4802613,7.289435,4.7135615,3
194648041270919,6937736895,4.4949174,7.277471,4.699803,3
194648043770919,6940236895,4.497609,7.2789664,4.7096734,3
194648046270919,6942736895,4.5185466,7.2903323,4.7081776,3
194648048770919,6945236895,4.51077,7.279864,4.6842494,3
194648051270919,6947736895,4.514359,7.2732835,4.671388,3
194648053770919,6950236895,4.508377,7.2765737,4.6704907,3
194648056270919,6952736895,4.5095735,7.2807612,4.6492543,3
194648058770919,6955236895,4.5248275,7.2783685,4.658826,3
194648061270919,6957736895,4.5116673,7.277471,4.653143,3
194648063770919,6960236895,4.5191445,7.2903323,4.6758747,3
194648066270919,6962736895,4.5299125,7.287042,4.6669016,3
194648068770919,6965236895,4.542176,7.277471,4.6710887,3
194648071270919,6967736895,4.5478587,7.2750783,4.6902313,3
194648073770919,6970236895,4.549055,7.278069,4.688736,3
194648076270919,6972736895,4.5658045,7.266404,4.6845484,3
194648078770919,6975236895,4.5658045,7.2658057,4.658826,3
194648081270919,6977736895,4.5726843,7.246364,4.648357,3
194648083770919,6980236895,4.5837507,7.245766,4.657031,3
194648086270919,6982736895,4.581059,7.2469625,4.6354957,3
194648088770919,6985236895,4.601697,7.2397842,4.6172504,3
194648091270919,6987736895,4.590331,7.216753,4.6232324,3
194648093770919,6990236895,4.5882373,7.230811,4.601398,3
194648096270919,6992736895,4.5933223,7.216155,4.596313,3
194648098770919,6995236895,4.5948176,7.2212396,4.597809,3
194648101270919,6997736895,4.596014,7.228119,4.610371,3
194648103770919,7000236895,4.5798626,7.231409,4.621438,3
194648106270919,7002736895,4.5711884,7.2499533,4.6148577,3
194648108770919,7005236895,4.5538406,7.266703,4.6259246,3
194648111270919,7007736895,4.552046,7.2762747,4.63071,3
194648113770919,7010236895,4.540082,7.2930245,4.641777,3
194648116270919,7012736895,4.538287,7.303493,4.6522455,3
194648118770919,7015236895,4.545765,7.3046894,4.651348,3
194648121270919,7017736895,4.532903,7.288837,4.6728835,3
194648123770919,7020236895,4.5299125,7.294819,4.6600223,3
194648126270919,7022736895,4.534698,7.2840514,4.6911287,3
194648128770919,7025236895,4.526024,7.292725,4.6953163,3
194648131270919,7027736895,4.4952164,7.300801,4.700401,3
194648133770919,7030236895,4.4985065,7.2993054,4.7084765,3
194648136270919,7032736895,4.4925246,7.292127,4.718347,3
194648138770919,7035236895,4.4868417,7.281658,4.723731,3
194648141270919,7037736895,4.49402,7.2753773,4.742275,3
194648143770919,7040236895,4.4898324,7.2643104,4.729115,3
194648146270919,7042736895,4.4802613,7.2619176,4.7452664,3
194648148770919,7045236895,4.4748774,7.251748,4.7371907,3
194648151270919,7047736895,4.4691944,7.2496543,4.7303114,3
194648153770919,7050236895,4.471587,7.259226,4.7341995,3
194648156270919,7052736895,4.4841495,7.259226,4.7195435,3
194648158770919,7055236895,4.4955153,7.246065,4.7267222,3
194648161270919,7057736895,4.4913282,7.2550383,4.712066,3
194648163770919,7060236895,4.488038,7.256833,4.701597,3
194648166270919,7062736895,4.4814577,7.255337,4.6698923,3
194648168770919,7065236895,4.475476,7.266703,4.6639104,3
194648171270919,7067736895,4.476672,7.2732835,4.666602,3
194648173770919,7070236895,4.473382,7.2843504,4.6615176,3
194648176270919,7072736895,4.488636,7.268199,4.65733,3
194648178770919,7075236895,4.4946184,7.272386,4.659424,3
194648181270919,7077736895,4.5095735,7.264909,4.663013,3
194648183770919,7080236895,4.5188456,7.2670026,4.6600223,3
194648186270919,7082736895,4.516752,7.2451677,4.658826,3
194648188770919,7085236895,4.5388856,7.24457,4.6803613,3
194648191270919,7087736895,4.560421,7.2442703,4.667799,3
194648193770919,7090236895,4.5670013,7.227521,4.6989055,3
194648196270919,7092736895,4.5451665,7.242177,4.6767716,3
194648198770919,7095236895,4.5245285,7.245766,4.604389,3
194648201270919,7097736895,4.4889355,7.227521,4.58405,3
194648203770919,7100236895,4.475476,7.233802,4.5999026,3
194648206270919,7102736895,4.485047,7.2233334,4.6118665,3
194648208770919,7105236895,4.4979086,7.231409,4.628018,3
194648211270919,7107736895,4.4982076,7.237092,4.671687,3
194648213770919,7110236895,4.5023947,7.2341013,4.698008,3
194648216270919,7112736895,4.508377,7.25115,4.706383,3
194648218770919,7115236895,4.493422,7.2562346,4.726423,3
194648221270919,7117736895,4.468297,7.266105,4.7195435,3
194648223770919,7120236895,4.456333,7.2768726,4.7288156,3
194648226270919,7122736895,4.453043,7.2705917,4.720441,3
194648228770919,7125236895,4.429115,7.283154,4.7192445,3
194648231270919,7127736895,4.418048,7.2939215,4.684848,3
194648233770919,7130236895,4.4186463,7.2933235,4.6815577,3
194648236270919,7132736895,4.415655,7.303194,4.6704907,3
194648238770919,7135236895,4.406981,7.304091,4.6695933,3
194648241270919,7137736895,4.4401817,7.295118,4.6836514,3
194648243770919,7140236895,4.4665027,7.2933235,4.6908298,3
194648246270919,7142736895,4.491029,7.281658,4.701298,3
194648248770919,7145236895,4.5275197,7.2765737,4.6992044,3
194648251270919,7147736895,4.537091,7.2586274,4.7075796,3
194648253770919,7150236895,4.5487556,7.242775,4.6956153,3
194648256270919,7152736895,4.536493,7.246364,4.706981,3
194648258770919,7155236895,4.5484567,7.2263246,4.7048874,3
194648261270919,7157736895,4.555037,7.216454,4.7099724,3
194648263770919,7160236895,4.5673003,7.2044897,4.706981,3
194648266270919,7162736895,4.5825543,7.1976104,4.703691,3
194648268770919,7165236895,4.583153,7.198807,4.6962137,3
194648271270919,7167736895,4.599304,7.1892357,4.680959,3
194648273770919,7170236895,4.5933223,7.186544,4.6803613,3
194648276270919,7172736895,4.582854,7.200003,4.6749773,3
194648278770919,7175236895,4.5885367,7.2006016,4.6579285,3
194648281270919,7177736895,4.5912285,7.207182,4.64746,3
194648283770919,7180236895,4.596014,7.214659,4.6414776,3
194648286270919,7182736895,4.5876393,7.225427,4.63071,3
194648288770919,7185236895,4.5834517,7.236494,4.6432724,3
194648291270919,7187736895,4.590331,7.231708,4.66062,3
194648293770919,7190236895,4.595416,7.2436724,4.65733,3
194648296270919,7192736895,4.597809,7.262815,4.6698923,3
194648298770919,7195236895,4.6005006,7.2792654,4.666602,3
194648301270919,7197736895,4.6211386,7.272386,4.681258,3
194648303770919,7200236895,4.625027,7.2906313,4.692026,3
194648306270919,7202736895,4.6145587,7.2993054,4.6746783,3
194648308770919,7205236895,4.604688,7.2990065,4.6672006,3
194648311270919,7207736895,4.6091747,7.292127,4.6615176,3
194648313770919,7210236895,4.619344,7.2909307,4.659424,3
194648316270919,7212736895,4.618447,7.285248,4.6495533,3
194648318770919,7215236895,4.618447,7.2550383,4.631009,3
194648321270919,7217736895,4.616054,7.242775,4.6342993,3
194648323770919,7220236895,4.618148,7.245467,4.64746,3
194648326270919,7222736895,4.6115675,7.246065,4.6615176,3
194648328770919,7225236895,4.595416,7.239186,4.681258,3
194648331270919,7227736895,4.5909295,7.240382,4.6821556,3
194648333770919,7230236895,4.6005006,7.240083,4.6935215,3
194648336270919,7232736895,4.5855455,7.2323065,4.673482,3
194648338770919,7235236895,4.5966125,7.225128,4.6728835,3
194648341270919,7237736895,4.596313,7.21436,4.671388,3
194648343770919,7240236895,4.578965,7.2041907,4.6618166,3
194648346270919,7242736895,4.5738807,7.2023964,4.6465626,3
194648348770919,7245236895,4.5729833,7.199405,4.6298127,3
194648351270919,7247736895,4.577769,7.1946197,4.632804,3
194648353770919,7250236895,4.5876393,7.192227,4.6340003,3
194648356270919,7252736895,4.5930233,7.1955166,4.6429734,3
194648358770919,7255236895,4.6028934,7.207182,4.645665,3
194648361270919,7257736895,4.6025944,7.2098737,4.638786,3
194648363770919,7260236895,4.607081,7.2125654,4.6698923,3
194648366270919,7262736895,4.6022954,7.2158556,4.6528435,3
194648368770919,7265236895,4.5819564,7.2092757,4.6746783,3
194648371270919,7267736895,4.5729833,7.216753,4.6543393,3
194648373770919,7270236895,4.5678983,7.2095747,4.671388,3
194648376270919,7272736895,4.5487556,7.2137623,4.6725845,3
194648378770919,7275236895,4.5394835,7.2176504,4.6689954,3
194648381270919,7277736895,4.5218368,7.221838,4.6803613,3
194648383770919,7280236895,4.517948,7.2209406,4.699803,3
194648386270919,7282736895,4.512265,7.2152576,4.71087,3
194648388770919,7285236895,4.5101714,7.2092757,4.717749,3
194648391270919,7287736895,4.516154,7.2029943,4.709075,3
194648393770919,7290236895,4.512265,7.2029943,4.685147,3
194648396270919,7292736895,4.520341,7.2006016,4.6935215,3
194648398770919,7295236895,4.5185466,7.1883383,4.686941,3
194648401270919,7297736895,4.5275197,7.1685977,4.6731825,3
194648403770919,7300236895,4.525127,7.17787,4.666004,3
194648406270919,7302736895,4.525127,7.1742806,4.666602,3
194648408770919,7305236895,4.537689,7.1694946,4.673781,3
194648411270919,7307736895,4.544269,7.173682,4.680959,3
194648413770919,7310236895,4.555635,7.1712894,4.6992044,3
194648416270919,7312736895,4.5678983,7.1823564,4.7398825,3
194648418770919,7315236895,4.5508494,7.178169,4.694718,3
194648421270919,7317736895,4.540381,7.1685977,4.659723,3
194648423770919,7320236895,4.525127,7.1679993,4.648058,3
194648426270919,7322736895,4.51077,7.1599236,4.640281,3
194648428770919,7325236895,4.504788,7.179066,4.6492543,3
194648431270919,7327736895,4.4952164,7.200003,4.6758747,3
194648433770919,7330236895,4.4895334,7.2086773,4.6893344,3
194648436270919,7332736895,4.49731,7.2442703,4.720142,3
194648438770919,7335236895,4.4985065,7.262516,4.7659044,3
194648441270919,7337736895,4.4952164,7.285547,4.788935,3
194648443770919,7340236895,4.5011983,7.288538,4.79073,3
194648446270919,7342736895,4.505685,7.2996044,4.7802615,3
194648448770919,7345236895,4.5059843,7.3115687,4.7742796,3
194648451270919,7347736895,4.5098724,7.312466,4.746762,3
194648453770919,7350236895,4.502993,7.304091,4.7488556,3
194648456270919,7352736895,4.5065823,7.309475,4.7249274,3
194648458770919,7355236895,4.5188456,7.2993054,4.7156553,3
194648461270919,7357736895,4.5388856,7.279864,4.7132626,3
194648463770919,7360236895,4.544269,7.2693954,4.703392,3
194648466270919,7362736895,4.540082,7.2619176,4.7198424,3
194648468770919,7365236895,4.549952,7.2655067,4.7362933,3
194648471270919,7367736895,4.5487556,7.256833,4.7524447,3
194648473770919,7370236895,4.555037,7.254141,4.761717,3
194648476270919,7372736895,4.558626,7.2502527,4.7838507,3
194648478770919,7375236895,4.561019,7.2499533,4.8122654,3
194648481270919,7377736895,4.5634117,7.2472615,4.7985067,3
194648483770919,7380236895,4.555635,7.240083,4.8245287,3
194648486270919,7382736895,4.5541396,7.2296147,4.822435,3
194648488770919,7385236895,4.561019,7.236793,4.81077,3
194648491270919,7387736895,4.56401,7.2269225,4.7985067,3
194648493770919,7390236895,4.5658045,7.2323065,4.788636,3
194648496270919,7392736895,4.578965,7.2329044,4.7688956,3
194648498770919,7395236895,4.581059,7.2412796,4.731209,3
194648501270919,7397736895,4.5945187,7.2269225,4.7246284,3
194648503770919,7400236895,4.598108,7.2355967,4.6911287,3
194648506270919,7402736895,4.605286,7.228119,4.683053,3
194648508770919,7405236895,4.6112685,7.228119,4.6492543,3
194648511270919,7407736895,4.5999026,7.233802,4.639384,3
194648513770919,7410236895,4.6040897,7.202097,4.616652,3
194648516270919,7412736895,4.5987062,7.2152576,4.6178484,3
194648518770919,7415236895,4.604688,7.2083783,4.6005006,3
194648521270919,7417736895,4.6031923,7.201798,4.607081,3
194648523770919,7420236895,4.6064825,7.195816,4.6142592,3
194648526270919,7422736895,4.6088758,7.2011995,4.6082773,3
194648528770919,7425236895,4.596014,7.1976104,4.604389,3
194648531270919,7427736895,4.615755,7.198807,4.599304,3
194648533770919,7430236895,4.610371,7.190133,4.595715,3
194648536270919,7432736895,4.6091747,7.1859455,4.5942197,3
194648538770919,7435236895,4.6148577,7.1895347,4.581358,3
194648541270919,7437736895,4.62742,7.192227,4.5942197,3
194648543770919,7440236895,4.642674,7.18445,4.590032,3
194648546270919,7442736895,4.639982,7.2083783,4.5876393,3
194648548770919,7445236895,4.6543393,7.1946197,4.59392,3
194648551270919,7447736895,4.680959,7.200003,4.6091747,3
194648553770919,7450236895,4.6821556,7.2083783,4.6178484,3
194648556270919,7452736895,4.6788654,7.213164,4.623831,3
194648558770919,7455236895,4.6692944,7.228119,4.6142592,3
194648561270919,7457736895,4.668696,7.223932,4.613362,3
194648563770919,7460236895,4.634897,7.228418,4.628018,3
194648566270919,7462736895,4.630411,7.2341013,4.6226344,3
194648568770919,7465236895,4.62413,7.2296147,4.613362,3
194648571270919,7467736895,4.6097727,7.240382,4.6148577,3
194648573770919,7470236895,4.6112685,7.2469625,4.6172504,3
194648576270919,7472736895,4.6037908,7.2466636,4.6525445,3
194648578770919,7475236895,4.6064825,7.242476,4.6546383,3
194648581270919,7477736895,4.5969114,7.240083,4.685745,3
194648583770919,7480236895,4.592126,7.2212396,4.6836514,3
194648586270919,7482736895,4.581358,7.211369,4.686044,3
194648588770919,7485236895,4.575376,7.2140613,4.7024946,3
194648591270919,7487736895,4.5451665,7.2287173,4.7162533,3
194648593770919,7490236895,4.519743,7.2044897,4.7168517,3
194648596270919,7492736895,4.4979086,7.196713,4.750351,3
194648598770919,7495236895,4.4817567,7.192526,4.7195435,3
194648601270919,7497736895,4.458427,7.1970124,4.731209,3
194648603770919,7500236895,4.453342,7.201798,4.7578287,3
194648606270919,7502736895,4.462315,7.2080793,4.773382,3
194648608770919,7505236895,4.4691944,7.2152576,4.7685966,3
194648611270919,7507736895,4.467699,7.2206416,4.764708,3
194648613770919,7510236895,4.462614,7.2329044,4.7862434,3
194648616270919,7512736895,4.476971,7.228418,4.7745786,3
194648618770919,7515236895,4.478766,7.226025,4.773681,3
194648621270919,7517736895,4.499404,7.230811,4.758726,3
194648623770919,7520236895,4.5155554,7.237092,4.7515473,3
194648626270919,7522736895,4.508975,7.2376904,4.7566323,3
194648628770919,7525236895,4.523631,7.2385874,4.7482576,3
194648631270919,7527736895,4.5340996,7.252047,4.7539406,3
194648633770919,7530236895,4.523631,7.2502527,4.7458644,3
194648636270919,7532736895,4.5263233,7.257132,4.7368917,3
194648638770919,7535236895,4.519444,7.2678995,4.7341995,3
194648641270919,7537736895,4.497609,7.2547393,4.725526,3
194648643770919,7540236895,4.4892344,7.252047,4.7285166,3
194648646270919,7542736895,4.4868417,7.263114,4.7189455,3
194648648770919,7545236895,4.482654,7.25773,4.7189455,3
194648651270919,7547736895,4.4691944,7.255337,4.7303114,3
194648653770919,7550236895,4.453641,7.268199,4.7339005,3
194648656270919,7552736895,4.444369,7.263114,4.734798,3
194648658770919,7555236895,4.4371905,7.256833,4.727021,3
194648661270919,7557736895,4.4255257,7.2559357,4.7099724,3
194648663770919,7560236895,4.408776,7.248757,4.706383,3
194648666270919,7562736895,4.4171505,7.25773,4.684848,3
194648668770919,7565236895,4.415356,7.260123,4.697709,3
194648671270919,7567736895,4.41416,7.253543,4.6950173,3
194648673770919,7570236895,4.408776,7.2658057,4.7007003,3
194648676270919,7572736895,4.426722,7.2756763,4.690531,3
194648678770919,7575236895,4.421338,7.2696943,4.665107,3
194648681270919,7577736895,4.4515476,7.260123,4.6698923,3
194648683770919,7580236895,4.4862432,7.25773,4.6612186,3
194648686270919,7582736895,4.5218368,7.2562346,4.651647,3
194648688770919,7585236895,4.5487556,7.259824,4.648058,3
194648691270919,7587736895,4.562515,7.2702923,4.625625,3
194648693770919,7590236895,4.575077,7.271489,4.5966125,3
194648696270919,7592736895,4.5658045,7.275975,4.5523453,3
194648698770919,7595236895,4.5526443,7.272386,4.5427737,3
194648701270919,7597736895,4.558626,7.268797,4.540381,3
194648703770919,7600236895,4.545466,7.275975,4.5397825,3
194648706270919,7602736895,4.531408,7.2822566,4.584648,3
194648708770919,7605236895,4.517948,7.294819,4.5876393,3
194648711270919,7607736895,4.4988055,7.2939215,4.619344,3
194648713770919,7610236895,4.47727,7.330113,4.659424,3
194648716270919,7612736895,4.4605207,7.3340015,4.6815577,3
194648718770919,7615236895,4.4635115,7.344769,4.705486,3
194648721270919,7617736895,4.4671006,7.3567333,4.72403,3
194648723770919,7620236895,4.467699,7.3486576,4.750351,3
194648726270919,7622736895,4.482355,7.3459654,4.7605205,3
194648728770919,7625236895,4.488038,7.3546395,4.733302,3
194648731270919,7627736895,4.49073,7.340582,4.7195435,3
194648733770919,7630236895,4.499404,7.333104,4.7132626,3
194648736270919,7632736895,4.518247,7.3268228,4.694718,3
194648738770919,7635236895,4.5227337,7.32772,4.677669,3
194648741270919,7637736895,4.520341,7.3142605,4.6498528,3
194648743770919,7640236895,4.536493,7.301399,4.625625,3
194648746270919,7642736895,4.5409794,7.2960153,4.627121,3
194648748770919,7645236895,4.528716,7.289435,4.6268215,3
194648751270919,7647736895,4.5299125,7.286743,4.63071,3
194648753770919,7650236895,4.5481577,7.280462,4.6528435,3
194648756270919,7652736895,4.549354,7.271788,4.6612186,3
194648758770919,7655236895,4.5655055,7.2711897,4.6704907,3
194648761270919,7657736895,4.566104,7.2696943,4.686343,3
194648763770919,7660236895,4.578965,7.2547393,4.671388,3
194648766270919,7662736895,4.590032,7.2493553,4.6845484,3
194648768770919,7665236895,4.597809,7.2439713,4.679165,3
194648771270919,7667736895,4.5891347,7.2442703,4.6639104,3
194648773770919,7670236895,4.584947,7.2329044,4.668696,3
194648776270919,7672736895,4.5801616,7.2346992,4.662415,3
194648778770919,7675236895,4.577171,7.2299137,4.6414776,3
194648781270919,7677736895,4.5684967,7.2233334,4.6411786,3
194648783770919,7680236895,4.564309,7.226025,4.6378884,3
194648786270919,7682736895,4.5705905,7.231708,4.6462636,3
194648788770919,7685236895,4.5861435,7.228418,4.686941,3
194648791270919,7687736895,4.604987,7.2385874,4.6752763,3
194648793770919,7690236895,4.618746,7.220342,4.700401,3
194648796270919,7692736895,4.627121,7.2212396,4.705187,3
194648798770919,7695236895,4.6268215,7.2116685,4.693821,3
194648801270919,7697736895,4.619942,7.192825,4.685446,3
194648803770919,7700236895,4.616054,7.161419,4.6752763,3
194648806270919,7702736895,4.616054,7.158727,4.6761737,3
194648808770919,7705236895,4.6079783,7.1688967,4.647759,3
194648811270919,7707736895,4.6139603,7.154839,4.659125,3
194648813770919,7710236895,4.613362,7.153044,4.6818566,3
194648816270919,7712736895,4.612465,7.16112,4.683352,3
194648818770919,7715236895,4.619942,7.153642,4.683352,3
194648821270919,7717736895,4.6145587,7.1602225,4.685446,3
194648823770919,7720236895,4.601697,7.1659055,4.671388,3
194648826270919,7722736895,4.599603,7.164709,4.674379,3
194648828770919,7725236895,4.5876393,7.166504,4.6893344,3
194648831270919,7727736895,4.57747,7.165008,4.7027936,3
194648833770919,7730236895,4.5523453,7.1578298,4.7096734,3
194648836270919,7732736895,4.5397825,7.152446,4.751847,3
194648838770919,7735236895,4.525127,7.177571,4.7715874,3
194648841270919,7737736895,4.5038905,7.179664,4.7955155,3
194648843770919,7740236895,4.5044885,7.19103,4.8272204,3
194648846270919,7742736895,4.4979086,7.192227,4.848457,3
194648848770919,7745236895,4.4868417,7.1883383,4.8559346,3
194648851270919,7747736895,4.4949174,7.1799636,4.860421,3
194648853770919,7750236895,4.4967117,7.16441,4.875974,3
194648856270919,7752736895,4.508676,7.1629148,4.8391848,3
194648858770919,7755236895,4.5152564,7.1566334,4.805386,3
194648861270919,7757736895,4.529015,7.1539416,4.77398,3
194648863770919,7760236895,4.554738,7.151848,4.7635117,3
194648866270919,7762736895,4.5732822,7.1512494,4.753043,3
194648868770919,7765236895,4.5714874,7.157232,4.7458644,3
194648871270919,7767736895,4.577769,7.1656065,4.712066,3
194648873770919,7770236895,4.584947,7.1730843,4.7084765,3
194648876270919,7772736895,4.604987,7.175776,4.7138605,3
194648878770919,7775236895,4.616353,7.1880393,4.709374,3
194648881270919,7777736895,4.6208396,7.1973114,4.6842494,3
194648883770919,7780236895,4.623831,7.2029943,4.644469,3
194648886270919,7782736895,4.636393,7.1841507,4.624728,3
194648888770919,7785236895,4.639982,7.2176504,4.6178484,3
194648891270919,7787736895,4.638786,7.233204,4.6079783,3
194648893770919,7790236895,4.642375,7.2293153,4.6079783,3
194648896270919,7792736895,4.6543393,7.2472615,4.6139603,3
194648898770919,7795236895,4.6492543,7.245467,4.6139603,3
194648901270919,7797736895,4.653143,7.2466636,4.622036,3
194648903770919,7800236895,4.6615176,7.2565336,4.6378884,3
194648906270919,7802736895,4.64058,7.248159,4.6378884,3
194648908770919,7805236895,4.6381874,7.2556367,4.6528435,3
194648911270919,7807736895,4.616652,7.251449,4.6579285,3
194648913770919,7810236895,4.6028934,7.2466636,4.664509,3
194648916270919,7812736895,4.582854,7.2550383,4.670192,3
194648918770919,7815236895,4.558028,7.274181,4.689035,3
194648921270919,7817736895,4.5352964,7.288837,4.692026,3
194648923770919,7820236895,4.479663,7.307082,4.712066,3
194648926270919,7822736895,4.452744,7.3438716,4.712963,3
194648928770919,7825236895,4.423731,7.3776703,4.7309093,3
194648931270919,7827736895,4.4144588,7.388737,4.758726,3
194648933770919,7830236895,4.4111686,7.376773,4.784748,3
194648936270919,7832736895,4.4174495,7.34776,4.779065,3
194648938770919,7835236895,4.428816,7.318747,4.738387,3
194648941270919,7837736895,4.438985,7.2702923,4.6731825,3
194648943770919,7840236895,4.445565,7.2266235,4.619643,3
194648946270919,7842736895,4.456333,7.1688967,4.5855455,3
194648948770919,7845236895,4.4581275,7.125826,4.557131,3
194648951270919,7847736895,4.473681,7.0893354,4.5427737,3
194648953770919,7850236895,4.4778686,7.062715,4.5708895,3
194648956270919,7852736895,4.4922256,7.057331,4.5795636,3
194648958770919,7855236895,4.5023947,7.044171,4.6154556,3
194648961270919,7857736895,4.4982076,7.043872,4.656732,3
194648963770919,7860236895,4.5059843,7.049555,4.7114677,3
194648966270919,7862736895,4.5302114,7.0468626,4.7321057,3
194648968770919,7865236895,4.5299125,7.0582285,4.779065,3
194648971270919,7867736895,4.5412784,7.049555,4.790132,3
194648973770919,7870236895,4.5565324,7.0639114,4.8003016,3
194648976270919,7872736895,4.578068,7.0809603,4.81077,3
194648978770919,7875236895,4.5912285,7.1015987,4.802395,3
194648981270919,7877736895,4.601398,7.1228347,4.7970114,3
194648983770919,7880236895,4.6172504,7.1339016,4.7826543,3
194648986270919,7882736895,4.6552362,7.147959,4.7605205,3
194648988770919,7885236895,4.6755753,7.164709,4.733003,3
194648991270919,7887736895,4.7132626,7.1748786,4.6989055,3
194648993770919,7890236895,4.7377887,7.2032933,4.679165,3
194648996270919,7892736895,4.765007,7.2038918,4.6438704,3
194648998770919,7895236895,4.775476,7.2179494,4.575974,3
194649001270919,7897736895,4.7955155,7.242476,4.5469613,3
194649003770919,7900236895,4.8125644,7.254141,4.520341,3
194649006270919,7902736895,4.802395,7.2735825,4.5245285,3
194649008770919,7905236895,4.805386,7.29452,4.496114,3
194649011270919,7907736895,4.7922254,7.3160553,4.5008993,3
194649013770919,7910236895,4.7748775,7.355537,4.5128636,3
194649016270919,7912736895,4.767101,7.3666034,4.5245285,3
194649018770919,7915236895,4.7775693,7.3842506,4.5732822,3
194649021270919,7917736895,4.7662034,7.394719,4.6025944,3
194649023770919,7920236895,4.77069,7.3974113,4.6172504,3
194649026270919,7922736895,4.7718863,7.390532,4.653143,3
194649028770919,7925236895,4.787141,7.3716884,4.6782675,3
194649031270919,7927736895,4.807181,7.3459654,4.6731825,3
194649033770919,7930236895,4.8194437,7.306783,4.6785665,3
194649036270919,7932736895,4.83739,7.268498,4.679763,3
194649038770919,7935236895,4.8643093,7.2290163,4.642076,3
194649041270919,7937736895,4.8858447,7.187142,4.634897,3
194649043770919,7940236895,4.901099,7.147959,4.638786,3
194649046270919,7942736895,4.898108,7.1249285,4.6268215,3
194649048770919,7945236895,4.907081,7.0896344,4.603492,3
194649051270919,7947736895,4.9028935,7.085447,4.631009,3
194649053770919,7950236895,4.8996034,7.0672016,4.612764,3
194649056270919,7952736895,4.892425,7.059126,4.64417,3
194649058770919,7955236895,4.881358,7.068398,4.6669016,3
194649061270919,7957736895,4.855336,7.068099,4.683053,3
194649063770919,7960236895,4.82752,7.0654073,4.700102,3
194649066270919,7962736895,4.8026943,7.0821567,4.7048874,3
194649068770919,7965236895,4.7563334,7.0893354,4.7195435,3
194649071270919,7967736895,4.727021,7.0878396,4.7267222,3
194649073770919,7970236895,4.686642,7.0965137,4.731508,3
194649076270919,7972736895,4.651049,7.1210403,4.7401814,3
194649078770919,7975236895,4.616054,7.125527,4.741079,3
194649081270919,7977736895,4.5933223,7.138388,4.72732,3
194649083770919,7980236895,4.5601215,7.1422763,4.7419763,3
194649086270919,7982736895,4.5391846,7.150053,4.7282176,3
194649088770919,7985236895,4.4913282,7.1527452,4.720142,3
194649091270919,7987736895,4.4784665,7.151549,4.7099724,3
194649093770919,7990236895,4.4524446,7.153044,4.7081776,3
194649096270919,7992736895,4.4312086,7.1539416,4.7138605,3
194649098770919,7995236895,4.412664,7.1539416,4.7096734,3
194649101270919,7997736895,4.392026,7.1742806,4.724329,3
194649103770919,8000236895,4.3728833,7.1769724,4.7189455,3
194649106270919,8002736895,4.367799,7.192526,4.709075,3
194649108770919,8005236895,4.358526,7.1976104,4.71087,3
194649111270919,8007736895,4.3501515,7.2059855,4.69412,3
194649113770919,8010236895,4.345964,7.1976104,4.706084,3
194649116270919,8012736895,4.3444686,7.1970124,4.711169,3
194649118770919,8015236895,4.334598,7.1976104,4.7246284,3
194649121270919,8017736895,4.342076,7.193124,4.712963,3
194649123770919,8020236895,4.339982,7.1946197,4.714459,3
194649126270919,8022736895,4.341777,7.2026954,4.729414,3
194649128770919,8025236895,4.3408794,7.1880393,4.74407,3
194649131270919,8027736895,4.3480577,7.184749,4.7694936,3
194649133770919,8030236895,4.367799,7.1835527,4.8038907,3
194649136270919,8032736895,4.39741,7.199405,4.8496532,3
194649138770919,8035236895,4.3941197,7.2011995,4.843073,3
194649141270919,8037736895,4.3848476,7.2116685,4.7542396,3
194649143770919,8040236895,4.38395,7.2098737,4.7398825,3
194649146270919,8042736895,4.388437,7.2176504,4.7321057,3
194649148770919,8045236895,4.4075794,7.210472,4.7659044,3
194649151270919,8047736895,4.4602213,7.2032933,4.7605205,3
194649153770919,8050236895,4.4805603,7.20778,4.7862434,3
194649156270919,8052736895,4.497011,7.205088,4.784748,3
194649158770919,8055236895,4.520341,7.2089763,4.802096,3
194649161270919,8057736895,4.5296135,7.207182,4.8242297,3
194649163770919,8060236895,4.5275197,7.1895347,4.822136,3
194649166270919,8062736895,4.5272202,7.178767,4.8412786,3
194649168770919,8065236895,4.5077786,7.186544,4.8397827,3
194649171270919,8067736895,4.4964128,7.1841507,4.8496532,3
194649173770919,8070236895,4.4859443,7.1748786,4.878367,3
194649176270919,8072736895,4.4832525,7.1841507,4.897809,3
194649178770919,8075236895,4.4778686,7.1916285,4.909773,3
194649181270919,8077736895,4.458427,7.2006016,4.915456,3
194649183770919,8080236895,4.4398823,7.1883383,4.9175496,3
194649186270919,8082736895,4.4434714,7.194021,4.9175496,3
194649188770919,8085236895,4.4318066,7.199405,4.9058847,3
194649191270919,8087736895,4.423432,7.2098737,4.92413,3
194649193770919,8090236895,4.4138603,7.2155566,4.901398,3
194649196270919,8092736895,4.3935213,7.2352977,4.889135,3
194649198770919,8095236895,4.3764725,7.263413,4.90409,3
194649201270919,8097736895,4.3540397,7.281658,4.8999023,3
194649203770919,8100236895,4.330411,7.315457,4.9025946,3
194649206270919,8102736895,4.31067,7.3510504,4.9139605,3
194649208770919,8105236895,4.2915273,7.3731837,4.9250274,3
194649211270919,8107736895,4.2906303,7.374081,4.9250274,3
194649213770919,8110236895,4.302295,7.379166,4.9172506,3
194649216270919,8112736895,4.3007994,7.410871,4.9106703,3
194649218770919,8115236895,4.31067,7.428817,4.883751,3
194649221270919,8117736895,4.313362,7.45454,4.8439703,3
194649223770919,8120236895,4.3127637,7.454241,4.8397827,3
194649226270919,8122736895,4.310072,7.4548388,4.8269215,3
194649228770919,8125236895,4.307679,7.4479594,4.8361936,3
194649231270919,8127736895,4.3408794,7.428219,4.834997,3
194649233770919,8130236895,4.356732,7.3935227,4.851747,3
194649236270919,8132736895,4.3761735,7.367501,4.842774,3
194649238770919,8135236895,4.4021955,7.34447,4.8379884,3
194649241270919,8137736895,4.415954,7.3268228,4.816453,3
194649243770919,8140236895,4.433003,7.3169527,4.769793,3
194649246270919,8142736895,4.4315076,7.303194,4.732704,3
194649248770919,8145236895,4.428816,7.2849483,4.694718,3
194649251270919,8147736895,4.433302,7.268199,4.6633124,3
194649253770919,8150236895,4.433003,7.2409806,4.619344,3
194649256270919,8152736895,4.430909,7.2230344,4.575077,3
194649258770919,8155236895,4.4192443,7.214659,4.5738807,3
194649261270919,8157736895,4.403093,7.2065835,4.5705905,3
194649263770919,8160236895,4.3875394,7.2125654,4.556832,3
194649266270919,8162736895,4.3890347,7.207182,4.566104,3
194649268770919,8165236895,4.386044,7.2155566,4.5631127,3
194649271270919,8167736895,4.4039903,7.220342,4.582854,3
194649273770919,8170236895,4.400999,7.220342,4.5936213,3
194649276270919,8172736895,4.4138603,7.2006016,4.6037908,3
194649278770919,8175236895,4.425226,7.2212396,4.6145587,3
194649281270919,8177736895,4.4404807,7.225726,4.62742,3
194649283770919,8180236895,4.473382,7.2302127,4.640281,3
194649286270919,8182736895,4.4952164,7.23111,4.6375895,3
194649288770919,8185236895,4.5278187,7.2137623,4.638786,3
194649291270919,8187736895,4.5658045,7.219146,4.636094,3
194649293770919,8190236895,4.575675,7.213463,4.6136613,3
194649296270919,8192736895,4.6172504,7.210472,4.599005,3
194649298770919,8195236895,4.644469,7.2086773,4.601398,3
194649301270919,8197736895,4.680959,7.2068825,4.5885367,3
194649303770919,8200236895,4.708776,7.1919274,4.578965,3
194649306270919,8202736895,4.742275,7.181758,4.5502515,3
194649308770919,8205236895,4.759025,7.1599236,4.5535417,3
194649311270919,8207736895,4.779364,7.1602225,4.5684967,3
194649313770919,8210236895,4.816154,7.1527452,4.571787,3
194649316270919,8212736895,4.8329034,7.146165,4.5741796,3
194649318770919,8215236895,4.847859,7.1365933,4.558626,3
194649321270919,8217736895,4.8655057,7.1222367,4.5565324,3
194649323770919,8220236895,4.8882375,7.1303124,4.558626,3
194649326270919,8222736895,4.898407,7.1228347,4.556832,3
194649328770919,8225236895,4.8993044,7.1377897,4.59063,3
194649331270919,8227736895,4.9007998,7.133004,4.592425,3
194649333770919,8230236895,4.889135,7.1339016,4.599005,3
194649336270919,8232736895,4.8846483,7.132107,4.5888357,3
194649338770919,8235236895,4.886443,7.1252275,4.5885367,3
194649341270919,8237736895,4.8708897,7.1249285,4.6079783,3
194649343770919,8240236895,4.8729835,7.131509,4.6139603,3
194649346270919,8242736895,4.8828535,7.103393,4.6145587,3
194649348770919,8245236895,4.8849473,7.118049,4.6148577,3
194649351270919,8247736895,4.877769,7.1138616,4.622036,3
194649353770919,8250236895,4.8750772,7.109076,4.610969,3
194649356270919,8252736895,4.869095,7.116554,4.604688,3
194649358770919,8255236895,4.874479,7.11775,4.601996,3
194649361270919,8257736895,4.8681974,7.112665,4.6055856,3
194649363770919,8260236895,4.8846483,7.105487,4.601099,3
194649366270919,8262736895,4.88405,7.096215,4.607679,3
194649368770919,8265236895,4.8846483,7.112366,4.607081,3
194649371270919,8267736895,4.8900323,7.103393,4.5837507,3
194649373770919,8270236895,4.877769,7.103393,4.5801616,3
194649376270919,8272736895,4.8822556,7.1081786,4.582854,3
194649378770919,8275236895,4.88405,7.1075807,4.589733,3
194649381270919,8277736895,4.8649077,7.112067,4.595715,3
194649383770919,8280236895,4.848457,7.110871,4.586742,3
194649386270919,8282736895,4.8290153,7.1072817,4.5915275,3
194649388770919,8285236895,4.8263235,7.118348,4.5945187,3
194649391270919,8287736895,4.7976093,7.1252275,4.6115675,3
194649393770919,8290236895,4.787141,7.1282187,4.6202416,3
194649396270919,8292736895,4.775775,7.1285176,4.6289153,3
194649398770919,8295236895,4.766802,7.120442,4.627121,3
194649401270919,8297736895,4.755735,7.135397,4.628018,3
194649403770919,8300236895,4.7362933,7.1422763,4.636094,3
194649406270919,8302736895,4.706383,7.1485577,4.639982,3
194649408770919,8305236895,4.7114677,7.1506515,4.6340003,3
194649411270919,8307736895,4.6836514,7.1659055,4.621737,3
194649413770919,8310236895,4.6695933,7.172486,4.6262236,3
194649416270919,8312736895,4.6501517,7.1799636,4.6121655,3
194649418770919,8315236895,4.6447678,7.179365,4.595416,3
194649421270919,8317736895,4.62413,7.171888,4.604987,3
194649423770919,8320236895,4.6205406,7.1751776,4.6115675,3
194649426270919,8322736895,4.5972104,7.164709,4.616353,3
194649428770919,8325236895,4.5915275,7.1563344,4.6028934,3
194649431270919,8327736895,4.5729833,7.151549,4.601697,3
194649433770919,8330236895,4.573581,7.1620173,4.6118665,3
194649436270919,8332736895,4.581059,7.170093,4.616353,3
194649438770919,8335236895,4.5711884,7.154839,4.6229334,3
194649441270919,8337736895,4.575077,7.1679993,4.622335,3
194649443770919,8340236895,4.5729833,7.1659055,4.638786,3
194649446270919,8342736895,4.5652065,7.1685977,4.645964,3
194649448770919,8345236895,4.5565324,7.1769724,4.6414776,3
194649451270919,8347736895,4.556832,7.1835527,4.64417,3
194649453770919,8350236895,4.529314,7.19103,4.6615176,3
194649456270919,8352736895,4.510471,7.199405,4.6498528,3
194649458770919,8355236895,4.491926,7.210771,4.663013,3
194649461270919,8357736895,4.4671006,7.2230344,4.6755753,3
194649463770919,8360236895,4.4524446,7.233802,4.6710887,3
194649466270919,8362736895,4.4407797,7.240083,4.7042894,3
194649468770919,8365236895,4.4350967,7.2305117,4.7359943,3
194649471270919,8367736895,4.445565,7.2415786,4.76082,3
194649473770919,8370236895,4.4410787,7.246065,4.759025,3
194649476270919,8372736895,4.4431725,7.2619176,4.7712884,3
194649478770919,8375236895,4.4572306,7.262516,4.767101,3
194649481270919,8377736895,4.455137,7.2469625,4.770092,3
194649483770919,8380236895,4.475775,7.2412796,4.7635117,3
194649486270919,8382736895,4.488337,7.2439713,4.751847,3
194649488770919,8385236895,4.4967117,7.2376904,4.7599225,3
194649491270919,8387736895,4.502993,7.253543,4.7662034,3
194649493770919,8390236895,4.482355,7.25773,4.756034,3
194649496270919,8392736895,4.4721856,7.246065,4.74407,3
194649498770919,8395236895,4.475775,7.248458,4.7545385,3
194649501270919,8397736895,4.4748774,7.246364,4.7691946,3
194649503770919,8400236895,4.4524446,7.2559357,4.7808595,3
194649506270919,8402736895,4.462016,7.272087,4.7979083,3
194649508770919,8405236895,4.4521456,7.2819576,4.799404,3
194649511270919,8407736895,4.447659,7.2753773,4.811069,3
194649513770919,8410236895,4.442275,7.280462,4.8083773,3
194649516270919,8412736895,4.438985,7.2912297,4.810471,3
194649518770919,8415236895,4.426722,7.2906313,4.795815,3
194649521270919,8417736895,4.4198427,7.266404,4.781159,3
194649523770919,8420236895,4.415954,7.283154,4.7659044,3
194649526270919,8422736895,4.4222355,7.2933235,4.7566323,3
194649528770919,8425236895,4.415655,7.289136,4.7572303,3
194649531270919,8427736895,4.4168515,7.301399,4.746463,3
194649533770919,8430236895,4.4285164,7.301698,4.7377887,3
194649536270919,8432736895,4.424927,7.301997,4.7225347,3
194649538770919,8435236895,4.4395833,7.3190465,4.6971107,3
194649541270919,8437736895,4.4467616,7.3193455,4.6893344,3
194649543770919,8440236895,4.4515476,7.32114,4.685147,3
194649546270919,8442736895,4.456931,7.3226357,4.685745,3
194649548770919,8445236895,4.4599223,7.3169527,4.6956153,3
194649551270919,8447736895,4.450052,7.3160553,4.706383,3
194649553770919,8450236895,4.458726,7.3064837,4.6899323,3
194649556270919,8452736895,4.482056,7.2909307,4.6761737,3
194649558770919,8455236895,4.4874396,7.2903323,4.703093,3
194649561270919,8457736895,4.4964128,7.282855,4.703691,3
194649563770919,8460236895,4.5062833,7.2658057,4.6914277,3
194649566270919,8462736895,4.505685,7.25444,4.6824546,3
194649568770919,8465236895,4.510471,7.252047,4.67408,3
194649571270919,8467736895,4.495815,7.237391,4.6746783,3
194649573770919,8470236895,4.4892344,7.2358956,4.64746,3
194649576270919,8472736895,4.487739,7.2346992,4.6582274,3
194649578770919,8475236895,4.4817567,7.2344003,4.666602,3
194649581270919,8477736895,4.470092,7.2341013,4.6839504,3
194649583770919,8480236895,4.461717,7.2451677,4.6914277,3
194649586270919,8482736895,4.4605207,7.242476,4.712664,3
194649588770919,8485236895,4.4557347,7.2523465,4.74078,3
194649591270919,8487736895,4.447659,7.2670026,4.7470613,3
194649593770919,8490236895,4.462614,7.2756763,4.7781677,3
194649596270919,8492736895,4.4685965,7.2768726,4.7934217,3
194649598770919,8495236895,4.490431,7.292426,4.788935,3
194649601270919,8497736895,4.503292,7.295118,4.79073,3
194649603770919,8500236895,4.511966,7.2987075,4.787141,3
194649606270919,8502736895,4.545466,7.2915287,4.7859445,3
194649608770919,8505236895,4.562515,7.2900333,4.741079,3
194649611270919,8507736895,4.5798626,7.283154,4.726124,3
194649613770919,8510236895,4.586443,7.2726855,4.711169,3
194649616270919,8512736895,4.59392,7.2583284,4.692026,3
194649618770919,8515236895,4.613362,7.228119,4.6788654,3
194649621270919,8517736895,4.6040897,7.228418,4.6935215,3
194649623770919,8520236895,4.604987,7.221838,4.693821,3
194649626270919,8522736895,4.6121655,7.2122664,4.6878386,3
194649628770919,8525236895,4.6154556,7.2209406,4.7009993,3
194649631270919,8527736895,4.619344,7.222735,4.720441,3
194649633770919,8530236895,4.625326,7.2323065,4.7102714,3
194649636270919,8532736895,4.6262236,7.2329044,4.740481,3
194649638770919,8535236895,4.628018,7.2320075,4.7395835,3
194649641270919,8537736895,4.6148577,7.224231,4.7488556,3
194649643770919,8540236895,4.5918264,7.2176504,4.7548375,3
194649646270919,8542736895,4.575077,7.2044897,4.7629137,3
194649648770919,8545236895,4.560421,7.2098737,4.7691946,3
194649651270919,8547736895,4.54397,7.2032933,4.7841496,3
194649653770919,8550236895,4.5263233,7.175776,4.80748,3
194649656270919,8552736895,4.5269213,7.1889367,4.8245287,3
194649658770919,8555236895,4.5224347,7.1769724,4.8230333,3
194649661270919,8557736895,4.5224347,7.1581287,4.831707,3
194649663770919,8560236895,4.5218368,7.1596246,4.829613,3
194649666270919,8562736895,4.5361934,7.149754,4.829314,3
194649668770919,8565236895,4.5475593,7.1425757,4.807779,3
194649671270919,8567736895,4.56401,7.1300135,4.7829533,3
194649673770919,8570236895,4.5882373,7.129116,4.7659044,3
194649676270919,8572736895,4.597809,7.120741,4.7566323,3
194649678770919,8575236895,4.610969,7.114161,4.7449675,3
194649681270919,8577736895,4.6262236,7.1066833,4.7222357,3
194649683770919,8580236895,4.6301117,7.0968127,4.7213383,3
194649686270919,8582736895,4.621737,7.1075807,4.711169,3
194649688770919,8585236895,4.636094,7.1075807,4.7024946,3
194649691270919,8587736895,4.632804,7.1306114,4.691727,3
194649693770919,8590236895,4.625027,7.1434727,4.692026,3
194649696270919,8592736895,4.6094737,7.159026,4.6872406,3
194649698770919,8595236895,4.6064825,7.1859455,4.6902313,3
194649701270919,8597736895,4.5747776,7.2098737,4.7018967,3
194649703770919,8600236895,4.5622153,7.2245297,4.697709,3
194649706270919,8602736895,4.5472603,7.2490563,4.6965127,3
194649708770919,8605236895,4.543372,7.2619176,4.698008,3
194649711270919,8607736895,4.5472603,7.260422,4.7153563,3
194649713770919,8610236895,4.551448,7.265208,4.711169,3
194649716270919,8612736895,4.5448675,7.2643104,4.7099724,3
194649718770919,8615236895,4.5678983,7.283154,4.726124,3
194649721270919,8617736895,4.572086,7.2693954,4.711169,3
194649723770919,8620236895,4.5942197,7.268498,4.6965127,3
194649726270919,8622736895,4.6148577,7.2637124,4.674379,3
194649728770919,8625236895,4.6208396,7.2415786,4.651348,3
194649731270919,8627736895,4.6232324,7.25115,4.64058,3
194649733770919,8630236895,4.6345983,7.2502527,4.6495533,3
194649736270919,8632736895,4.6268215,7.2326055,4.6208396,3
194649738770919,8635236895,4.6121655,7.2206416,4.6085763,3
194649741270919,8637736895,4.6064825,7.2149587,4.610072,3
194649743770919,8640236895,4.6031923,7.216155,4.6091747,3
194649746270919,8642736895,4.58076,7.2263246,4.6298127,3
194649748770919,8645236895,4.57747,7.237391,4.6381874,3
194649751270919,8647736895,4.5714874,7.2352977,4.658826,3
194649753770919,8650236895,4.5744786,7.2344003,4.6824546,3
194649756270919,8652736895,4.5681977,7.228119,4.685745,3
194649758770919,8655236895,4.5448675,7.2215385,4.671687,3
194649761270919,8657736895,4.525127,7.217052,4.672285,3
194649763770919,8660236895,4.5227337,7.2137623,4.6555357,3
194649766270919,8662736895,4.520042,7.207481,4.6725845,3
194649768770919,8665236895,4.5191445,7.213463,4.6612186,3
194649771270919,8667736895,4.5335016,7.2023964,4.666303,3
194649773770919,8670236895,4.546363,7.198209,4.673482,3
194649776270919,8672736895,4.552943,7.190731,4.683352,3
194649778770919,8675236895,4.5541396,7.199704,4.6881375,3
194649781270919,8677736895,4.56072,7.1895347,4.6692944,3
194649783770919,8680236895,4.5526443,7.186544,4.6818566,3
194649786270919,8682736895,4.5595236,7.1937222,4.6815577,3
194649788770919,8685236895,4.564608,7.1886373,4.683053,3
194649791270919,8687736895,4.563711,7.192526,4.6896334,3
194649793770919,8690236895,4.5305104,7.2044897,4.693821,3
194649796270919,8692736895,4.5272202,7.213164,4.6815577,3
194649798770919,8695236895,4.5206404,7.2272215,4.703392,3
194649801270919,8697736895,4.4979086,7.240382,4.6965127,3
194649803770919,8700236895,4.482056,7.2379894,4.718347,3
194649806270919,8702736895,4.47398,7.2505517,4.718646,3
194649808770919,8705236895,4.459025,7.260123,4.7419763,3
194649811270919,8707736895,4.46411,7.278069,4.7506504,3
194649813770919,8710236895,4.470391,7.299904,4.7691946,3
194649816270919,8712736895,4.482654,7.301399,4.7709894,3
194649818770919,8715236895,4.5035915,7.3043904,4.7838507,3
194649821270919,8717736895,4.526024,7.300801,4.776373,3
194649823770919,8720236895,4.537689,7.2960153,4.775775,3
194649826270919,8722736895,4.5394835,7.2750783,4.764708,3
194649828770919,8725236895,4.5484567,7.280163,4.7485566,3
194649831270919,8727736895,4.566702,7.2670026,4.7488556,3
194649833770919,8730236895,4.5538406,7.248757,4.7371907,3
194649836270919,8732736895,4.5478587,7.231708,4.732704,3
194649838770919,8735236895,4.531408,7.2305117,4.7392845,3
194649841270919,8737736895,4.525127,7.216454,4.74736,3
194649843770919,8740236895,4.5209394,7.2155566,4.7602215,3
194649846270919,8742736895,4.510471,7.220342,4.7599225,3
194649848770919,8745236895,4.493422,7.2119675,4.7656054,3
194649851270919,8747736895,4.47727,7.2263246,4.770092,3
194649853770919,8750236895,4.4688954,7.234998,4.753641,3
194649856270919,8752736895,4.4653063,7.240681,4.7458644,3
194649858770919,8755236895,4.4614177,7.2436724,4.74407,3
194649861270919,8757736895,4.465007,7.251449,4.759025,3
194649863770919,8760236895,4.482953,7.2475605,4.741079,3
194649866270919,8762736895,4.5035915,7.2532434,4.7392845,3
194649868770919,8765236895,4.5361934,7.253842,4.727619,3
194649871270919,8767736895,4.5415773,7.260422,4.726423,3
194649873770919,8770236895,4.5535417,7.272087,4.705187,3
194649876270919,8772736895,4.560421,7.2565336,4.681258,3
194649878770919,8775236895,4.5729833,7.251449,4.6639104,3
194649881270919,8777736895,4.5670013,7.2382884,4.660321,3
194649883770919,8780236895,4.557729,7.225427,4.6633124,3
194649886270919,8782736895,4.5430727,7.2230344,4.653442,3
194649888770919,8785236895,4.5409794,7.222735,4.648058,3
194649891270919,8787736895,4.5538406,7.216454,4.659424,3
194649893770919,8790236895,4.569992,7.2296147,4.668696,3
194649896270919,8792736895,4.5747776,7.22782,4.6698923,3
194649898770919,8795236895,4.5972104,7.2269225,4.659424,3
194649901270919,8797736895,4.6235313,7.2263246,4.6612186,3
194649903770919,8800236895,4.630411,7.2152576,4.6600223,3
194649906270919,8802736895,4.639085,7.1973114,4.6501517,3
194649908770919,8805236895,4.6507497,7.196414,4.639085,3
194649911270919,8807736895,4.6375895,7.177571,4.612465,3
194649913770919,8810236895,4.642674,7.170392,4.64058,3
194649916270919,8812736895,4.6471605,7.177571,4.639384,3
194649918770919,8815236895,4.6507497,7.1682982,4.6447678,3
194649921270919,8817736895,4.6525445,7.1742806,4.6615176,3
194649923770919,8820236895,4.6429734,7.1802626,4.681258,3
194649926270919,8822736895,4.6375895,7.1685977,4.694718,3
194649928770919,8825236895,4.619643,7.1602225,4.715057,3
194649931270919,8827736895,4.601398,7.1545396,4.706084,3
194649933770919,8830236895,4.577171,7.1473613,4.7168517,3
194649936270919,8832736895,4.5622153,7.1252275,4.723432,3
194649938770919,8835236895,4.56072,7.11446,4.7096734,3
194649941270919,8837736895,4.5445685,7.123732,4.7171507,3
194649943770919,8840236895,4.540082,7.118049,4.715057,3
194649946270919,8842736895,4.5595236,7.120442,4.732704,3
194649948770919,8845236895,4.5634117,7.11775,4.726423,3
194649951270919,8847736895,4.5762734,7.11446,4.747659,3
194649953770919,8850236895,4.5975094,7.1078796,4.7596235,3
194649956270919,8852736895,4.597809,7.1132636,4.741079,3
194649958770919,8855236895,4.599304,7.1222367,4.724329,3
194649961270919,8857736895,4.6112685,7.1249285,4.7153563,3
194649963770919,8860236895,4.610072,7.1195445,4.714459,3
194649966270919,8862736895,4.6064825,7.119844,4.6971107,3
194649968770919,8865236895,4.613362,7.1267233,4.730012,3
194649971270919,8867736895,4.625326,7.1243305,4.761119,3
194649973770919,8870236895,4.6342993,7.1273212,4.7775693,3
194649976270919,8872736895,4.6375895,7.112665,4.7772703,3
194649978770919,8875236895,4.6351967,7.1015987,4.7946186,3
194649981270919,8877736895,4.633701,7.108478,4.770092,3
194649983770919,8880236895,4.6375895,7.1192455,4.7635117,3
194649986270919,8882736895,4.6354957,7.1171517,4.7362933,3
194649988770919,8885236895,4.6342993,7.117451,4.703392,3
194649991270919,8887736895,4.642076,7.1249285,4.679165,3
194649993770919,8890236895,4.6465626,7.129116,4.6779685,3
194649996270919,8892736895,4.641777,7.143772,4.6340003,3
194649998770919,8895236895,4.636094,7.153044,4.633701,3
194650001270919,8897736895,4.633103,7.1626153,4.6351967,3
194650003770919,8900236895,4.624728,7.183254,4.636393,3
194650006270919,8902736895,4.618746,7.198209,4.616652,3
194650008770919,8905236895,4.599603,7.2092757,4.6112685,3
194650011270919,8907736895,4.6040897,7.2206416,4.603492,3
194650013770919,8910236895,4.597809,7.233503,4.604389,3
194650016270919,8912736895,4.6064825,7.240083,4.6175494,3
194650018770919,8915236895,4.6088758,7.24786,4.6211386,3
194650021270919,8917736895,4.601099,7.246065,4.6151567,3
194650023770919,8920236895,4.5969114,7.2562346,4.6322055,3
194650026270919,8922736895,4.601697,7.263114,4.639982,3
194650028770919,8925236895,4.6005006,7.2783685,4.658826,3
194650031270919,8927736895,4.596014,7.2843504,4.6710887,3
194650033770919,8930236895,4.578068,7.2954173,4.6878386,3
194650036270919,8932736895,4.5762734,7.3011003,4.698008,3
194650038770919,8935236895,4.586443,7.2975106,4.683053,3
194650041270919,8937736895,4.59392,7.2969127,4.6695933,3
194650043770919,8940236895,4.5795636,7.283154,4.685446,3
194650046270919,8942736895,4.589733,7.281359,4.6728835,3
194650048770919,8945236895,4.599304,7.275975,4.6689954,3
194650051270919,8947736895,4.6088758,7.281359,4.657031,3
194650053770919,8950236895,4.6151567,7.268199,4.648357,3
194650056270919,8952736895,4.6205406,7.268498,4.6633124,3
194650058770919,8955236895,4.6286163,7.285248,4.65733,3
194650061270919,8957736895,4.6301117,7.283752,4.659125,3
194650063770919,8960236895,4.6211386,7.280462,4.648058,3
194650066270919,8962736895,4.6226344,7.2637124,4.638487,3
194650068770919,8965236895,4.613362,7.2637124,4.625027,3
194650071270919,8967736895,4.6005006,7.25773,4.6549373,3
194650073770919,8970236895,4.57747,7.2442703,4.6519465,3
194650076270919,8972736895,4.564608,7.2293153,4.651049,3
194650078770919,8975236895,4.5508494,7.2230344,4.660919,3
194650081270919,8977736895,4.5335016,7.219744,4.673781,3
194650083770919,8980236895,4.519444,7.219146,4.6956153,3
194650086270919,8982736895,4.511069,7.216454,4.718347,3
194650088770919,8985236895,4.4922256,7.218249,4.726124,3
194650091270919,8987736895,4.486542,7.207481,4.7282176,3
194650093770919,8990236895,4.4685965,7.2140613,4.746762,3
194650096270919,8992736895,4.4751763,7.2026954,4.7524447,3
194650098770919,8995236895,4.4724846,7.200003,4.749454,3
194650101270919,8997736895,4.4724846,7.21107,4.7491546,3
194650103770919,9000236895,4.4745784,7.1946197,4.7605205,3
194650106270919,9002736895,4.4985065,7.199106,4.7674,3
194650108770919,9005236895,4.491029,7.194021,4.7775693,3
194650111270919,9007736895,4.4988055,7.1913295,4.7730827,3
194650113770919,9010236895,4.4964128,7.1955166,4.767101,3
194650116270919,9012736895,4.4988055,7.201798,4.770391,3
194650118770919,9015236895,4.5011983,7.1862445,4.759324,3
194650121270919,9017736895,4.5011983,7.1895347,4.764409,3
194650123770919,9020236895,4.5155554,7.2062845,4.755436,3
194650126270919,9022736895,4.5149574,7.2098737,4.764409,3
194650128770919,9025236895,4.51735,7.2236323,4.7745786,3
194650131270919,9027736895,4.531109,7.2290163,4.759324,3
194650133770919,9030236895,4.5284166,7.240382,4.751847,3
194650136270919,9032736895,4.531408,7.233802,4.7398825,3
194650138770919,9035236895,4.529314,7.26102,4.7099724,3
194650141270919,9037736895,4.517948,7.248159,4.7114677,3
194650143770919,9040236895,4.5188456,7.2397842,4.6582274,3
194650146270919,9042736895,4.5059843,7.238887,4.6486564,3
194650148770919,9045236895,4.488636,7.2439713,4.6546383,3
194650151270919,9047736895,4.482953,7.234998,4.65404,3
194650153770919,9050236895,4.486542,7.253543,4.656732,3
194650156270919,9052736895,4.488636,7.253543,4.6669016,3
194650158770919,9055236895,4.5011983,7.2508507,4.688736,3
194650161270919,9057736895,4.5011983,7.262516,4.6914277,3
194650163770919,9060236895,4.51077,7.272087,4.6914277,3
194650166270919,9062736895,4.5092745,7.2693954,4.683352,3
194650168770919,9065236895,4.516453,7.25773,4.699803,3
194650171270919,9067736895,4.500002,7.2711897,4.6755753,3
194650173770919,9070236895,4.525426,7.27777,4.660321,3
194650176270919,9072736895,4.514359,7.279864,4.653741,3
194650178770919,9075236895,4.5299125,7.281658,4.651049,3
194650181270919,9077736895,4.5221357,7.275975,4.638786,3
194650183770919,9080236895,4.5412784,7.283453,4.6408796,3
194650186270919,9082736895,4.551149,7.2762747,4.6447678,3
194650188770919,9085236895,4.5538406,7.265208,4.6351967,3
194650191270919,9087736895,4.557729,7.273882,4.6507497,3
194650193770919,9090236895,4.5631127,7.273882,4.648357,3
194650196270919,9092736895,4.5619164,7.2750783,4.6579285,3
194650198770919,9095236895,4.5675993,7.2676005,4.6692944,3
194650201270919,9097736895,4.5681977,7.2640114,4.677669,3
194650203770919,9100236895,4.5681977,7.2565336,4.6710887,3
194650206270919,9102736895,4.569992,7.2505517,4.6689954,3
194650208770919,9105236895,4.575376,7.243074,4.6704907,3
194650211270919,9107736895,4.578965,7.231409,4.6821556,3
194650213770919,9110236895,4.5951166,7.217052,4.6746783,3
194650216270919,9112736895,4.5858445,7.2137623,4.6878386,3
194650218770919,9115236895,4.6031923,7.2089763,4.69741,3
194650221270919,9117736895,4.595715,7.198508,4.697709,3
194650223770919,9120236895,4.5975094,7.192825,4.6881375,3
194650226270919,9122736895,4.5822554,7.1946197,4.703093,3
194650228770919,9125236895,4.579264,7.1946197,4.694718,3
194650231270919,9127736895,4.569992,7.199704,4.7102714,3
194650233770919,9130236895,4.56401,7.2038918,4.731508,3
194650236270919,9132736895,4.5628138,7.1856465,4.759025,3
194650238770919,9135236895,4.549653,7.2006016,4.74407,3
194650241270919,9137736895,4.551448,7.199405,4.7485566,3
194650243770919,9140236895,4.5538406,7.199106,4.758726,3
194650246270919,9142736895,4.56401,7.1946197,4.759025,3
194650248770919,9145236895,4.5798626,7.184749,4.7569313,3
194650251270919,9147736895,4.5942197,7.187142,4.766802,3
194650253770919,9150236895,4.5798626,7.2032933,4.7509494,3
194650256270919,9152736895,4.577769,7.1808605,4.7368917,3
194650258770919,9155236895,4.5747776,7.1805615,4.732405,3
194650261270919,9157736895,4.563711,7.1763744,4.7171507,3
194650263770919,9160236895,4.553242,7.170093,4.7018967,3
194650266270919,9162736895,4.5472603,7.172486,4.7213383,3
194650268770919,9165236895,4.537091,7.1694946,4.738985,3
194650271270919,9167736895,4.5323052,7.1973114,4.758427,3
194650273770919,9170236895,4.531109,7.18445,4.781757,3
194650276270919,9172736895,4.544269,7.195816,4.799404,3
194650278770919,9175236895,4.529314,7.186544,4.8026943,3
194650281270919,9177736895,4.534399,7.1880393,4.801498,3
194650283770919,9180236895,4.54397,7.2011995,4.8026943,3
194650286270919,9182736895,4.5340996,7.1892357,4.7596235,3
194650288770919,9185236895,4.5445685,7.172785,4.7482576,3
194650291270919,9187736895,4.5394835,7.181758,4.7228336,3
194650293770919,9190236895,4.5505505,7.193124,4.7159543,3
194650296270919,9192736895,4.5708895,7.198807,4.698008,3
194650298770919,9195236895,4.581657,7.192526,4.6758747,3
194650301270919,9197736895,4.5942197,7.2062845,4.660919,3
194650303770919,9200236895,4.590032,7.2059855,4.6438704,3
194650306270919,9202736895,4.603492,7.2137623,4.6471605,3
194650308770919,9205236895,4.612465,7.2233334,4.6462636,3
194650311270919,9207736895,4.61067,7.2248287,4.648058,3
194650313770919,9210236895,4.6142592,7.2209406,4.6492543,3
194650316270919,9212736895,4.606782,7.246364,4.642674,3
194650318770919,9215236895,4.6022954,7.2442703,4.6468616,3
194650321270919,9217736895,4.601099,7.2433734,4.6576295,3
194650323770919,9220236895,4.5822554,7.2550383,4.6546383,3
194650326270919,9222736895,4.5738807,7.253543,4.6710887,3
194650328770919,9225236895,4.5448675,7.2547393,4.6707897,3
194650331270919,9227736895,4.536792,7.2589264,4.6839504,3
194650333770919,9230236895,4.531408,7.259226,4.7084765,3
194650336270919,9232736895,4.5131626,7.257132,4.6881375,3
194650338770919,9235236895,4.508975,7.25115,4.7078786,3
194650341270919,9237736895,4.500002,7.2469625,4.70728,3
194650343770919,9240236895,4.4955153,7.2352977,4.703093,3
194650346270919,9242736895,4.5116673,7.240681,4.7024946,3
194650348770919,9245236895,4.517948,7.2376904,4.697709,3
194650351270919,9247736895,4.5218368,7.2382884,4.679763,3
194650353770919,9250236895,4.549653,7.242775,4.6564326,3
194650356270919,9252736895,4.5598226,7.240681,4.6576295,3
194650358770919,9255236895,4.5705905,7.2376904,4.648058,3
194650361270919,9257736895,4.584648,7.2433734,4.636094,3
194650363770919,9260236895,4.59392,7.251449,4.639384,3
194650366270919,9262736895,4.5966125,7.2637124,4.638487,3
194650368770919,9265236895,4.5858445,7.260123,4.648357,3
194650371270919,9267736895,4.577769,7.2655067,4.6408796,3
194650373770919,9270236895,4.554738,7.272386,4.642674,3
194650376270919,9272736895,4.5245285,7.2646093,4.6552362,3
194650378770919,9275236895,4.4946184,7.2765737,4.6728835,3
194650381270919,9277736895,4.4775696,7.2783685,4.683053,3
194650383770919,9280236895,4.458726,7.29781,4.723731,3
194650386270919,9282736895,4.4461637,7.305587,4.756034,3
194650388770919,9285236895,4.4452662,7.305886,4.7599225,3
194650391270919,9287736895,4.4353957,7.2993054,4.773681,3
194650393770919,9290236895,4.429414,7.2915287,4.76411,3
194650396270919,9292736895,4.42732,7.2879395,4.753342,3
194650398770919,9295236895,4.4482574,7.2565336,4.7566323,3
194650401270919,9297736895,4.4467616,7.2532434,4.74078,3
194650403770919,9300236895,4.4691944,7.2469625,4.7392845,3
194650406270919,9302736895,4.499105,7.242476,4.720441,3
194650408770919,9305236895,4.517948,7.2329044,4.705785,3
194650411270919,9307736895,4.5206404,7.2299137,4.691727,3
194650413770919,9310236895,4.545765,7.2326055,4.683352,3
194650416270919,9312736895,4.5559344,7.233204,4.6654058,3
194650418770919,9315236895,4.560421,7.231708,4.6710887,3
194650421270919,9317736895,4.577769,7.222137,4.668098,3
194650423770919,9320236895,4.5876393,7.2305117,4.6764727,3
194650426270919,9322736895,4.598108,7.2233334,4.6695933,3
194650428770919,9325236895,4.6055856,7.2140613,4.664509,3
194650431270919,9327736895,4.5999026,7.2062845,4.6528435,3
194650433770919,9330236895,4.61067,7.2011995,4.6642094,3
194650436270919,9332736895,4.6097727,7.196713,4.6519465,3
194650438770919,9335236895,4.605286,7.187142,4.651049,3
194650441270919,9337736895,4.5912285,7.196713,4.662415,3
194650443770919,9340236895,4.5912285,7.196115,4.664509,3
194650446270919,9342736895,4.564309,7.196713,4.6758747,3
194650448770919,9345236895,4.581657,7.183254,4.674379,3
194650451270919,9347736895,4.5705905,7.2026954,4.679165,3
194650453770919,9350236895,4.56072,7.194021,4.689035,3
194650456270919,9352736895,4.570291,7.1829543,4.6914277,3
194650458770919,9355236895,4.578965,7.1677003,4.685745,3
194650461270919,9357736895,4.5930233,7.16112,4.692026,3
194650463770919,9360236895,4.5945187,7.1566334,4.7042894,3
194650466270919,9362736895,4.6002016,7.160522,4.6962137,3
194650468770919,9365236895,4.610371,7.14108,4.692325,3
194650471270919,9367736895,4.6115675,7.1455665,4.662714,3
194650473770919,9370236895,4.6169515,7.1449685,4.6408796,3
194650476270919,9372736895,4.6082773,7.1345,4.6319065,3
194650478770919,9375236895,4.5972104,7.1485577,4.6283174,3
194650481270919,9377736895,4.581358,7.165008,4.6094737,3
194650483770919,9380236895,4.592425,7.1632137,4.636991,3
194650486270919,9382736895,4.6085763,7.186843,4.662415,3
194650488770919,9385236895,4.619344,7.2044897,4.677669,3
194650491270919,9387736895,4.622036,7.2098737,4.6803613,3
194650493770919,9390236895,4.610371,7.213463,4.682754,3
194650496270919,9392736895,4.5975094,7.2272215,4.680959,3
194650498770919,9395236895,4.6088758,7.213164,4.681258,3
194650501270919,9397736895,4.607081,7.2086773,4.6752763,3
194650503770919,9400236895,4.605286,7.2125654,4.683352,3
194650506270919,9402736895,4.616054,7.222436,4.6911287,3
194650508770919,9405236895,4.6286163,7.2272215,4.684848,3
194650511270919,9407736895,4.6211386,7.228119,4.692624,3
194650513770919,9410236895,4.6145587,7.2266235,4.6654058,3
194650516270919,9412736895,4.6175494,7.219744,4.677669,3
194650518770919,9415236895,4.6037908,7.2212396,4.6881375,3
194650521270919,9417736895,4.592724,7.207182,4.686642,3
194650523770919,9420236895,4.584349,7.217052,4.6908298,3
194650526270919,9422736895,4.5825543,7.2125654,4.6971107,3
194650528770919,9425236895,4.5628138,7.213164,4.701597,3
194650531270919,9427736895,4.5523453,7.205088,4.692325,3
194650533770919,9430236895,4.555336,7.2044897,4.714758,3
194650536270919,9432736895,4.549055,7.2122664,4.738686,3
194650538770919,9435236895,4.5505505,7.212865,4.746164,3
194650541270919,9437736895,4.5675993,7.201798,4.7431726,3
194650543770919,9440236895,4.5891347,7.1877403,4.747659,3
194650546270919,9442736895,4.599005,7.2125654,4.7485566,3
194650548770919,9445236895,4.6121655,7.207182,4.7368917,3
194650551270919,9447736895,4.610969,7.20778,4.72732,3
194650553770919,9450236895,4.6064825,7.210771,4.7021956,3
194650556270919,9452736895,4.6142592,7.217052,4.685147,3
194650558770919,9455236895,4.625027,7.231409,4.6767716,3
194650561270919,9457736895,4.619344,7.2233334,4.659723,3
194650563770919,9460236895,4.6316075,7.2293153,4.6636114,3
194650566270919,9462736895,4.616652,7.230811,4.666004,3
194650568770919,9465236895,4.604987,7.2355967,4.6725845,3
194650571270919,9467736895,4.6031923,7.256833,4.677669,3
194650573770919,9470236895,4.5948176,7.2616186,4.694718,3
194650576270919,9472736895,4.589733,7.25444,4.697709,3
194650578770919,9475236895,4.5684967,7.2529445,4.7007003,3
194650581270919,9477736895,4.5505505,7.246065,4.708776,3
194650583770919,9480236895,4.532604,7.2559357,4.7096734,3
194650586270919,9482736895,4.5188456,7.256833,4.700401,3
194650588770919,9485236895,4.5215373,7.2502527,4.706084,3
194650591270919,9487736895,4.5227337,7.2496543,4.7222357,3
194650593770919,9490236895,4.537689,7.2469625,4.6965127,3
194650596270919,9492736895,4.549055,7.242476,4.6746783,3
194650598770919,9495236895,4.5559344,7.2379894,4.6749773,3
194650601270919,9497736895,4.5705905,7.225427,4.6818566,3
194650603770919,9500236895,4.5762734,7.222436,4.6639104,3
194650606270919,9502736895,4.5855455,7.2212396,4.639085,3
194650608770919,9505236895,4.5804605,7.2209406,4.619045,3
194650611270919,9507736895,4.571787,7.2083783,4.6345983,3
194650613770919,9510236895,4.56401,7.20778,4.62742,3
194650616270919,9512736895,4.55743,7.2101727,4.6322055,3
194650618770919,9515236895,4.538287,7.207481,4.645964,3
194650621270919,9517736895,4.528716,7.2098737,4.6639104,3
194650623770919,9520236895,4.516752,7.2089763,4.6582274,3
194650626270919,9522736895,4.5272202,7.1856465,4.6908298,3
194650628770919,9525236895,4.520341,7.1955166,4.7024946,3
194650631270919,9527736895,4.5212383,7.196713,4.712066,3
194650633770919,9530236895,4.5215373,7.2003026,4.725526,3
194650636270919,9532736895,4.51406,7.192227,4.7336016,3
194650638770919,9535236895,4.516752,7.190133,4.729115,3
194650641270919,9537736895,4.5062833,7.1685977,4.7007003,3
194650643770919,9540236895,4.508676,7.1877403,4.7159543,3
194650646270919,9542736895,4.5134616,7.185048,4.741079,3
194650648770919,9545236895,4.51406,7.176075,4.7318068,3
194650651270919,9547736895,4.5044885,7.1859455,4.7362933,3
194650653770919,9550236895,4.5071807,7.196713,4.746762,3
194650656270919,9552736895,4.5017967,7.203593,4.750052,3
194650658770919,9555236895,4.499105,7.211369,4.7620163,3
194650661270919,9557736895,4.5059843,7.2176504,4.7563334,3
194650663770919,9560236895,4.506881,7.2248287,4.752744,3
194650666270919,9562736895,4.5134616,7.221838,4.7512484,3
194650668770919,9565236895,4.516453,7.2272215,4.7485566,3
194650671270919,9567736895,4.4898324,7.2346992,4.747958,3
194650673770919,9570236895,4.496114,7.2212396,4.750052,3
194650676270919,9572736895,4.4982076,7.210771,4.742275,3
194650678770919,9575236895,4.479065,7.228119,4.753342,3
194650681270919,9577736895,4.482654,7.242177,4.759324,3
194650683770919,9580236895,4.485047,7.240382,4.7545385,3
194650686270919,9582736895,4.471288,7.2499533,4.746164,3
194650688770919,9585236895,4.4784665,7.25444,4.7563334,3
194650691270919,9587736895,4.4778686,7.268498,4.765007,3
194650693770919,9590236895,4.4892344,7.2643104,4.7344985,3
194650696270919,9592736895,4.5041895,7.271489,4.738387,3
194650698770919,9595236895,4.519444,7.2732835,4.7309093,3
194650701270919,9597736895,4.5218368,7.285547,4.72074,3
194650703770919,9600236895,4.5361934,7.2909307,4.705187,3
194650706270919,9602736895,4.5323052,7.292426,4.697709,3
194650708770919,9605236895,4.538586,7.2903323,4.67737,3
194650711270919,9607736895,4.532903,7.288837,4.679464,3
194650713770919,9610236895,4.537988,7.292725,4.6600223,3
194650716270919,9612736895,4.537689,7.300801,4.6615176,3
194650718770919,9615236895,4.5221357,7.2963142,4.679165,3
194650721270919,9617736895,4.517948,7.303493,4.6875396,3
194650723770919,9620236895,4.525426,7.307082,4.692624,3
194650726270919,9622736895,4.534399,7.307381,4.6875396,3
194650728770919,9625236895,4.5472603,7.3049884,4.689035,3
194650731270919,9627736895,4.5613184,7.2900333,4.6965127,3
194650733770919,9630236895,4.5658045,7.281359,4.6815577,3
194650736270919,9632736895,4.5598226,7.2726855,4.653741,3
194650738770919,9635236895,4.5726843,7.240382,4.640281,3
194650741270919,9637736895,4.581358,7.2382884,4.639085,3
194650743770919,9640236895,4.5912285,7.225128,4.6211386,3
194650746270919,9642736895,4.587041,7.2089763,4.631009,3
194650748770919,9645236895,4.579264,7.194021,4.6396832,3
194650751270919,9647736895,4.5909295,7.177571,4.6528435,3
194650753770919,9650236895,4.590331,7.1706915,4.658826,3
194650756270919,9652736895,4.5705905,7.159026,4.665107,3
194650758770919,9655236895,4.5673003,7.164709,4.6899323,3
194650761270919,9657736895,4.558028,7.167102,4.7168517,3
194650763770919,9660236895,4.5427737,7.1838517,4.7303114,3
194650766270919,9662736895,4.5338006,7.1880393,4.746463,3
194650768770919,9665236895,4.516453,7.1892357,4.750351,3
194650771270919,9667736895,4.5155554,7.1802626,4.7548375,3
194650773770919,9670236895,4.514658,7.18445,4.759025,3
194650776270919,9672736895,4.523631,7.167102,4.7685966,3
194650778770919,9675236895,4.5191445,7.1620173,4.7596235,3
194650781270919,9677736895,4.5149574,7.1542406,4.750351,3
194650783770919,9680236895,4.52393,7.1545396,4.7303114,3
194650786270919,9682736895,4.523332,7.1688967,4.706682,3
194650788770919,9685236895,4.5275197,7.16112,4.6989055,3
194650791270919,9687736895,4.528716,7.165008,4.7174497,3
194650793770919,9690236895,4.543671,7.18445,4.691727,3
194650796270919,9692736895,4.544269,7.2044897,4.67737,3
194650798770919,9695236895,4.5484567,7.2305117,4.667799,3
194650801270919,9697736895,4.5535417,7.245467,4.6498528,3
194650803770919,9700236895,4.5631127,7.2613196,4.64746,3
194650806270919,9702736895,4.578666,7.274779,4.6244287,3
194650808770919,9705236895,4.587041,7.2849483,4.6112685,3
194650811270919,9707736895,4.5975094,7.2954173,4.632804,3
194650813770919,9710236895,4.6154556,7.3049884,4.639085,3
194650816270919,9712736895,4.6088758,7.301399,4.648058,3
194650818770919,9715236895,4.6085763,7.304091,4.6408796,3
194650821270919,9717736895,4.612764,7.308877,4.659424,3
194650823770919,9720236895,4.598407,7.300203,4.6582274,3
194650826270919,9722736895,4.583153,7.295118,4.6555357,3
194650828770919,9725236895,4.557131,7.2972116,4.6669016,3
194650831270919,9727736895,4.549952,7.2933235,4.692325,3
194650833770919,9730236895,4.5687957,7.288538,4.7078786,3
194650836270919,9732736895,4.5658045,7.2996044,4.7024946,3
194650838770919,9735236895,4.5732822,7.2909307,4.740481,3
194650841270919,9737736895,4.564608,7.283453,4.720441,3
194650843770919,9740236895,4.5708895,7.289136,4.7075796,3
194650846270919,9742736895,4.569693,7.2906313,4.7096734,3
194650848770919,9745236895,4.5526443,7.287042,4.71087,3
194650851270919,9747736895,4.5598226,7.2897344,4.692325,3
194650853770919,9750236895,4.549055,7.2705917,4.7042894,3
194650856270919,9752736895,4.546363,7.266404,4.701298,3
194650858770919,9755236895,4.5397825,7.268797,4.714459,3
194650861270919,9757736895,4.5340996,7.2529445,4.7042894,3
194650863770919,9760236895,4.531707,7.2412796,4.692026,3
194650866270919,9762736895,4.528716,7.245467,4.688437,3
194650868770919,9765236895,4.525127,7.2305117,4.6761737,3
194650871270919,9767736895,4.5299125,7.220342,4.6962137,3
194650873770919,9770236895,4.5305104,7.2206416,4.708776,3
194650876270919,9772736895,4.5152564,7.2149587,4.712066,3
194650878770919,9775236895,4.497011,7.2029943,4.7048874,3
194650881270919,9777736895,4.4988055,7.196713,4.715057,3
194650883770919,9780236895,4.4835515,7.190133,4.729713,3
194650886270919,9782736895,4.475476,7.198508,4.723731,3
194650888770919,9785236895,4.479364,7.186843,4.7282176,3
194650891270919,9787736895,4.4745784,7.1892357,4.752744,3
194650893770919,9790236895,4.476971,7.172486,4.741378,3
194650896270919,9792736895,4.47727,7.172187,4.7279186,3
194650898770919,9795236895,4.4895334,7.161419,4.718347,3
194650901270919,9797736895,4.503292,7.172785,4.723731,3
194650903770919,9800236895,4.4889355,7.157531,4.723432,3
194650906270919,9802736895,4.502694,7.1485577,4.7303114,3
194650908770919,9805236895,4.512564,7.153642,4.7198424,3
194650911270919,9807736895,4.523332,7.166803,4.7195435,3
194650913770919,9810236895,4.5358944,7.1784678,4.718646,3
194650916270919,9812736895,4.54397,7.178169,4.6953163,3
194650918770919,9815236895,4.561019,7.1835527,4.6896334,3
194650921270919,9817736895,4.5658045,7.2009006,4.706084,3
194650923770919,9820236895,4.58076,7.2116685,4.684848,3
194650926270919,9822736895,4.5879383,7.2245297,4.6896334,3
194650928770919,9825236895,4.590331,7.23111,4.685446,3
194650931270919,9827736895,4.5894337,7.2248287,4.664808,3
194650933770919,9830236895,4.6085763,7.2302127,4.6522455,3
194650936270919,9832736895,4.5966125,7.2376904,4.660919,3
194650938770919,9835236895,4.5930233,7.240382,4.645366,3
194650941270919,9837736895,4.5885367,7.248159,4.653143,3
194650943770919,9840236895,4.5858445,7.248159,4.660321,3
194650946270919,9842736895,4.575974,7.2451677,4.666004,3
194650948770919,9845236895,4.5729833,7.2490563,4.6818566,3
194650951270919,9847736895,4.558327,7.242775,4.6899323,3
194650953770919,9850236895,4.551149,7.248458,4.679763,3
194650956270919,9852736895,4.5409794,7.242177,4.6761737,3
194650958770919,9855236895,4.5445685,7.2412796,4.67737,3
194650961270919,9857736895,4.549055,7.2448688,4.658826,3
194650963770919,9860236895,4.5469613,7.222735,4.6558347,3
194650966270919,9862736895,4.5418763,7.2302127,4.6546383,3
194650968770919,9865236895,4.546064,7.225128,4.6447678,3
194650971270919,9867736895,4.5448675,7.225427,4.6462636,3
194650973770919,9870236895,4.558028,7.2326055,4.6522455,3
194650976270919,9872736895,4.57747,7.230811,4.668696,3
194650978770919,9875236895,4.601398,7.2062845,4.679165,3
194650981270919,9877736895,4.636991,7.1883383,4.706981,3
194650983770919,9880236895,4.639982,7.1685977,4.705486,3
194650986270919,9882736895,4.6351967,7.179066,4.7096734,3
194650988770919,9885236895,4.6085763,7.1949186,4.6821556,3
194650991270919,9887736895,4.575675,7.2092757,4.6654058,3
194650993770919,9890236895,4.549653,7.2346992,4.6615176,3
194650996270919,9892736895,4.5263233,7.242476,4.6672006,3
194650998770919,9895236895,4.520341,7.24457,4.6878386,3
194651001270919,9897736895,4.5475593,7.256833,4.7135615,3
194651003770919,9900236895,4.5430727,7.259525,4.7425747,3
194651006270919,9902736895,4.546064,7.2640114,4.7548375,3
194651008770919,9905236895,4.536493,7.2556367,4.7488556,3
194651011270919,9907736895,4.525725,7.2699933,4.7339005,3
194651013770919,9910236895,4.516154,7.262815,4.735396,3
194651016270919,9912736895,4.5149574,7.2643104,4.7216372,3
194651018770919,9915236895,4.511368,7.2696943,4.718048,3
194651021270919,9917736895,4.531707,7.271788,4.69412,3
194651023770919,9920236895,4.542176,7.272386,4.6881375,3
194651026270919,9922736895,4.5538406,7.266105,4.6896334,3
194651028770919,9925236895,4.566104,7.253543,4.664509,3
194651031270919,9927736895,4.5729833,7.2613196,4.673482,3
194651033770919,9930236895,4.5912285,7.266703,4.6674995,3
194651036270919,9932736895,4.6007996,7.2693954,4.680959,3
194651038770919,9935236895,4.5966125,7.2678995,4.665107,3
194651041270919,9937736895,4.5801616,7.2640114,4.662116,3
194651043770919,9940236895,4.575376,7.240083,4.677669,3
194651046270919,9942736895,4.58405,7.245766,4.683352,3
194651048770919,9945236895,4.5894337,7.239485,4.683053,3
194651051270919,9947736895,4.5837507,7.233802,4.714459,3
194651053770919,9950236895,4.5670013,7.2385874,4.7162533,3
194651056270919,9952736895,4.5484567,7.23111,4.7192445,3
194651058770919,9955236895,4.5323052,7.2215385,4.699504,3
194651061270919,9957736895,4.540082,7.214659,4.7045884,3
194651063770919,9960236895,4.5206404,7.211369,4.712066,3
194651066270919,9962736895,4.513761,7.207481,4.6902313,3
194651068770919,9965236895,4.499404,7.205088,4.679763,3
194651071270919,9967736895,4.485047,7.216155,4.685745,3
194651073770919,9970236895,4.479663,7.204789,4.6935215,3
194651076270919,9972736895,4.488636,7.2083783,4.703691,3
194651078770919,9975236895,4.4982076,7.222137,4.7114677,3
194651081270919,9977736895,4.505685,7.2068825,4.724329,3
194651083770919,9980236895,4.502694,7.2140613,4.7222357,3
194651086270919,9982736895,4.508377,7.2140613,4.703691,3
194651088770919,9985236895,4.512265,7.2011995,4.705785,3
194651091270919,9987736895,4.5269213,7.192227,4.6908298,3
194651093770919,9990236895,4.518247,7.1859455,4.665705,3
194651096270919,9992736895,4.5299125,7.1802626,4.668696,3
194651098770919,9995236895,4.523033,7.1635127,4.666602,3
194651101270919,9997736895,4.53081,7.1769724,4.6707897,3
194651103770919,10000236895,4.5508494,7.1784678,4.6818566,3
194651106270919,10002736895,4.5673003,7.1955166,4.690531,3
194651108770919,10005236895,4.5711884,7.1913295,4.7042894,3
194651111270919,10007736895,4.577171,7.185048,4.7114677,3
194651113770919,10010236895,4.5855455,7.190133,4.6845484,3
194651116270919,10012736895,4.59063,7.2006016,4.694718,3
194651118770919,10015236895,4.575974,7.212865,4.667799,3
194651121270919,10017736895,4.566104,7.2125654,4.6495533,3
194651123770919,10020236895,4.56072,7.217052,4.6432724,3
194651126270919,10022736895,4.5541396,7.222436,4.6525445,3
194651128770919,10025236895,4.558626,7.22782,4.6522455,3
194651131270919,10027736895,4.581059,7.2448688,4.657031,3
194651133770919,10030236895,4.5744786,7.246065,4.685745,3
194651136270919,10032736895,4.5765724,7.2526455,4.6965127,3
194651138770919,10035236895,4.575376,7.256833,4.711169,3
194651141270919,10037736895,4.577171,7.2676005,4.7009993,3
194651143770919,10040236895,4.5690947,7.2819576,4.6953163,3
194651146270919,10042736895,4.569394,7.271788,4.6896334,3
194651148770919,10045236895,4.551149,7.279565,4.6764727,3
194651151270919,10047736895,4.545466,7.275975,4.6654058,3
194651153770919,10050236895,4.557729,7.2873416,4.666303,3
194651156270919,10052736895,4.5732822,7.3022966,4.668397,3
194651158770919,10055236895,4.5798626,7.29452,4.671388,3
194651161270919,10057736895,4.589733,7.2972116,4.680959,3
194651163770919,10060236895,4.5834517,7.2957163,4.6731825,3
194651166270919,10062736895,4.581059,7.294819,4.6698923,3
194651168770919,10065236895,4.5879383,7.2873416,4.6752763,3
194651171270919,10067736895,4.584648,7.2807612,4.6767716,3
194651173770919,10070236895,4.578068,7.2696943,4.6821556,3
194651176270919,10072736895,4.5819564,7.25773,4.6767716,3
194651178770919,10075236895,4.577171,7.242775,4.6698923,3
194651181270919,10077736895,4.569394,7.243074,4.6779685,3
194651183770919,10080236895,4.5684967,7.221838,4.656732,3
194651186270919,10082736895,4.5678983,7.221838,4.645665,3
194651188770919,10085236895,4.569992,7.2209406,4.666602,3
194651191270919,10087736895,4.5708895,7.204789,4.6824546,3
194651193770919,10090236895,4.5634117,7.2062845,4.683352,3
194651196270919,10092736895,4.56072,7.2149587,4.6896334,3
194651198770919,10095236895,4.569394,7.207481,4.6872406,3
194651201270919,10097736895,4.5622153,7.19432,4.693821,3
194651203770919,10100236895,4.551747,7.185347,4.685745,3
194651206270919,10102736895,4.534997,7.19103,4.6785665,3
194651208770919,10105236895,4.5278187,7.183254,4.6674995,3
194651211270919,10107736895,4.5358944,7.1826553,4.67408,3
194651213770919,10110236895,4.5188456,7.1829543,4.6546383,3
194651216270919,10112736895,4.5041895,7.185048,4.6749773,3
194651218770919,10115236895,4.496114,7.194021,4.683352,3
194651221270919,10117736895,4.4751763,7.2098737,4.690531,3
194651223770919,10120236895,4.475775,7.2137623,4.7027936,3
194651226270919,10122736895,4.482056,7.225427,4.70728,3
194651228770919,10125236895,4.4694934,7.2418776,4.732704,3
194651231270919,10127736895,4.4802613,7.2556367,4.735396,3
194651233770919,10130236895,4.4832525,7.260721,4.744668,3
194651236270919,10132736895,4.491926,7.262516,4.7398825,3
194651238770919,10135236895,4.4871407,7.2753773,4.726124,3
194651241270919,10137736895,4.482355,7.273882,4.7192445,3
194651243770919,10140236895,4.5023947,7.2711897,4.7189455,3
194651246270919,10142736895,4.4925246,7.266703,4.686044,3
194651248770919,10145236895,4.5071807,7.2565336,4.692624,3
194651251270919,10147736895,4.514359,7.2613196,4.6962137,3
194651253770919,10150236895,4.5188456,7.2508507,4.686343,3
194651256270919,10152736895,4.5101714,7.2532434,4.6893344,3
194651258770919,10155236895,4.5323052,7.268498,4.700102,3
194651261270919,10157736895,4.532903,7.2676005,4.694419,3
194651263770919,10160236895,4.538586,7.271489,4.70399,3
194651266270919,10162736895,4.5352964,7.262516,4.701597,3
194651268770919,10165236895,4.534997,7.265208,4.6818566,3
194651271270919,10167736895,4.5284166,7.277172,4.67737,3
194651273770919,10170236895,4.5272202,7.2783685,4.682754,3
194651276270919,10172736895,4.494319,7.2735825,4.6695933,3
194651278770919,10175236895,4.4982076,7.279565,4.6546383,3
194651281270919,10177736895,4.5008993,7.2960153,4.6728835,3
194651283770919,10180236895,4.5071807,7.300502,4.660321,3
194651286270919,10182736895,4.499404,7.2960153,4.6767716,3
194651288770919,10185236895,4.5266223,7.2903323,4.697709,3
194651291270919,10187736895,4.5299125,7.2972116,4.7192445,3
194651293770919,10190236895,4.523033,7.2846494,4.692026,3
194651296270919,10192736895,4.534997,7.2807612,4.697709,3
194651298770919,10195236895,4.5245285,7.2762747,4.7027936,3
194651301270919,10197736895,4.508975,7.2711897,4.7024946,3
194651303770919,10200236895,4.508975,7.2673016,4.6878386,3
194651306270919,10202736895,4.5128636,7.259525,4.7099724,3
194651308770919,10205236895,4.51406,7.2496543,4.709374,3
194651311270919,10207736895,4.4982076,7.2469625,4.70728,3
194651313770919,10210236895,4.5035915,7.2341013,4.721936,3
194651316270919,10212736895,4.499703,7.2412796,4.7401814,3
194651318770919,10215236895,4.4964128,7.2355967,4.74407,3
194651321270919,10217736895,4.490431,7.236793,4.743771,3
194651323770919,10220236895,4.5227337,7.2448688,4.731209,3
194651326270919,10222736895,4.5320063,7.251449,4.72074,3
194651328770919,10225236895,4.546363,7.2344003,4.712963,3
194651331270919,10227736895,4.546064,7.225128,4.701597,3
194651333770919,10230236895,4.5335016,7.216155,4.712365,3
194651336270919,10232736895,4.5170507,7.2122664,4.723432,3
194651338770919,10235236895,4.511069,7.19791,4.7306104,3
194651341270919,10237736895,4.4955153,7.205088,4.7246284,3
194651343770919,10240236895,4.482654,7.218847,4.706383,3
194651346270919,10242736895,4.4856453,7.2290163,4.7192445,3
194651348770919,10245236895,4.4949174,7.230811,4.735097,3
194651351270919,10247736895,4.493422,7.2323065,4.7216372,3
194651353770919,10250236895,4.4898324,7.2436724,4.7225347,3
194651356270919,10252736895,4.49402,7.2448688,4.70728,3
194651358770919,10255236895,4.4964128,7.2412796,4.6839504,3
194651361270919,10257736895,4.4949174,7.2245297,4.6821556,3
194651363770919,10260236895,4.491627,7.2269225,4.6612186,3
194651366270919,10262736895,4.5006003,7.2269225,4.6639104,3
194651368770919,10265236895,4.5006003,7.233503,4.691727,3
194651371270919,10267736895,4.5209394,7.237391,4.6908298,3
194651373770919,10270236895,4.5023947,7.219445,4.6959143,3
194651376270919,10272736895,4.4874396,7.2326055,4.7024946,3
194651378770919,10275236895,4.4874396,7.2409806,4.6950173,3
194651381270919,10277736895,4.4817567,7.2616186,4.685745,3
194651383770919,10280236895,4.4778686,7.283154,4.6881375,3
194651386270919,10282736895,4.471288,7.281359,4.686044,3
194651388770919,10285236895,4.4748774,7.292725,4.6953163,3
194651391270919,10287736895,4.476971,7.2915287,4.7048874,3
194651393770919,10290236895,4.479364,7.285547,4.699504,3
194651396270919,10292736895,4.490431,7.2786674,4.6746783,3
194651398770919,10295236895,4.4946184,7.2696943,4.666602,3
194651401270919,10297736895,4.500002,7.2705917,4.662116,3
194651403770919,10300236895,4.5101714,7.268797,4.6704907,3
194651406270919,10302736895,4.5281177,7.2673016,4.6543393,3
194651408770919,10305236895,4.537091,7.2783685,4.6528435,3
194651411270919,10307736895,4.543372,7.282855,4.662116,3
194651413770919,10310236895,4.5418763,7.294221,4.659424,3
194651416270919,10312736895,4.5352964,7.2858458,4.662415,3
194651418770919,10315236895,4.5484567,7.286743,4.656732,3
194651421270919,10317736895,4.5394835,7.282855,4.6710887,3
194651423770919,10320236895,4.538586,7.274181,4.6558347,3
194651426270919,10322736895,4.5466623,7.271489,4.6896334,3
194651428770919,10325236895,4.5409794,7.25773,4.690531,3
194651431270919,10327736895,4.5451665,7.2547393,4.6911287,3
194651433770919,10330236895,4.549653,7.240681,4.7021956,3
194651436270919,10332736895,4.537988,7.233204,4.698008,3
194651438770919,10335236895,4.558327,7.222735,4.694718,3
194651441270919,10337736895,4.5544386,7.220043,4.690531,3
194651443770919,10340236895,4.5535417,7.219146,4.686642,3
194651446270919,10342736895,4.546363,7.2179494,4.684848,3
194651448770919,10345236895,4.5475593,7.210472,4.6896334,3
194651451270919,10347736895,4.553242,7.218249,4.694419,3
194651453770919,10350236895,4.558626,7.201798,4.7024946,3
194651456270919,10352736895,4.5634117,7.199405,4.708776,3
194651458770919,10355236895,4.5678983,7.2023964,4.7048874,3
194651461270919,10357736895,4.554738,7.2009006,4.6935215,3
194651463770919,10360236895,4.5466623,7.1937222,4.6881375,3
194651466270919,10362736895,4.5487556,7.21107,4.6815577,3
194651468770919,10365236895,4.5338006,7.216155,4.671687,3
194651471270919,10367736895,4.542176,7.218847,4.6761737,3
194651473770919,10370236895,4.543671,7.2287173,4.6761737,3
194651476270919,10372736895,4.5391846,7.2442703,4.6836514,3
194651478770919,10375236895,4.5373898,7.24786,4.686044,3
194651481270919,10377736895,4.5361934,7.2726855,4.688437,3
194651483770919,10380236895,4.514359,7.2702923,4.6908298,3
194651486270919,10382736895,4.5035915,7.2711897,4.6878386,3
194651488770919,10385236895,4.482953,7.288837,4.6782675,3
194651491270919,10387736895,4.482953,7.2933235,4.689035,3
194651493770919,10390236895,4.4727836,7.2903323,4.6755753,3
194651496270919,10392736895,4.471587,7.282855,4.686343,3
194651498770919,10395236895,4.4742794,7.2762747,4.705486,3
194651501270919,10397736895,4.510471,7.278069,4.7027936,3
194651503770919,10400236895,4.51077,7.271788,4.712066,3
194651506270919,10402736895,4.5427737,7.2529445,4.715057,3
194651508770919,10405236895,4.561019,7.25115,4.698008,3
194651511270919,10407736895,4.5649076,7.2382884,4.6752763,3
194651513770919,10410236895,4.5732822,7.2233334,4.6692944,3
194651516270919,10412736895,4.57747,7.202097,4.670192,3
194651518770919,10415236895,4.5801616,7.2062845,4.642674,3
194651521270919,10417736895,4.5765724,7.196414,4.6492543,3
194651523770919,10420236895,4.592126,7.198209,4.6669016,3
194651526270919,10422736895,4.5894337,7.194021,4.662415,3
194651528770919,10425236895,4.5861435,7.1802626,4.673482,3
194651531270919,10427736895,4.5861435,7.1895347,4.6836514,3
194651533770919,10430236895,4.58734,7.196414,4.6788654,3
194651536270919,10432736895,4.575376,7.1916285,4.690531,3
194651538770919,10435236895,4.573581,7.2116685,4.694419,3
194651541270919,10437736895,4.5747776,7.2125654,4.706682,3
194651543770919,10440236895,4.5744786,7.216454,4.718048,3
194651546270919,10442736895,4.572385,7.222436,4.72074,3
194651548770919,10445236895,4.5673003,7.237391,4.711169,3
194651551270919,10447736895,4.5729833,7.218548,4.712066,3
194651553770919,10450236895,4.564608,7.2352977,4.7084765,3
194651556270919,10452736895,4.554738,7.2344003,4.6896334,3
194651558770919,10455236895,4.5544386,7.231708,4.681258,3
194651561270919,10457736895,4.5678983,7.2290163,4.667799,3
194651563770919,10460236895,4.5705905,7.2299137,4.6492543,3
194651566270919,10462736895,4.557131,7.2326055,4.6495533,3
194651568770919,10465236895,4.545765,7.233503,4.631308,3
194651571270919,10467736895,4.5628138,7.239485,4.639085,3
194651573770919,10470236895,4.563711,7.2376904,4.638786,3
194651576270919,10472736895,4.558925,7.2466636,4.6316075,3
194651578770919,10475236895,4.5565324,7.239186,4.642375,3
194651581270919,10477736895,4.5628138,7.236793,4.6432724,3
194651583770919,10480236895,4.5634117,7.242177,4.6522455,3
194651586270919,10482736895,4.5690947,7.239186,4.668397,3
194651588770919,10485236895,4.5475593,7.2344003,4.6695933,3
194651591270919,10487736895,4.545466,7.2329044,4.677071,3
194651593770919,10490236895,4.54068,7.2269225,4.692026,3
194651596270919,10492736895,4.5352964,7.2269225,4.679464,3
194651598770919,10495236895,4.5101714,7.236793,4.662415,3
194651601270919,10497736895,4.487739,7.2212396,4.6495533,3
194651603770919,10500236895,4.4931226,7.228418,4.6205406,3
194651606270919,10502736895,4.4674,7.239485,4.621438,3
194651608770919,10505236895,4.456931,7.2502527,4.6298127,3
194651611270919,10507736895,4.453043,7.2583284,4.6414776,3
194651613770919,10510236895,4.459025,7.271489,4.6552362,3
194651616270919,10512736895,4.470092,7.292725,4.664509,3
194651618770919,10515236895,4.462614,7.301399,4.700401,3
194651621270919,10517736895,4.4605207,7.307082,4.6935215,3
194651623770919,10520236895,4.459324,7.30768,4.697709,3
194651626270919,10522736895,4.4611187,7.3157563,4.708776,3
194651628770919,10525236895,4.453641,7.303493,4.7018967,3
194651631270919,10527736895,4.4688954,7.315457,4.697709,3
194651633770919,10530236895,4.4718866,7.303493,4.6965127,3
194651636270919,10532736895,4.4671006,7.2873416,4.709075,3
194651638770919,10535236895,4.479065,7.263413,4.701597,3
194651641270919,10537736895,4.495815,7.26102,4.6875396,3
194651643770919,10540236895,4.5044885,7.2637124,4.700102,3
194651646270919,10542736895,4.516154,7.2532434,4.70728,3
194651648770919,10545236895,4.5323052,7.2496543,4.706981,3
194651651270919,10547736895,4.536792,7.2499533,4.6968117,3
194651653770919,10550236895,4.5397825,7.25115,4.7018967,3
194651656270919,10552736895,4.5263233,7.2562346,4.7078786,3
194651658770919,10555236895,4.526024,7.260721,4.700401,3
194651661270844,10557736820,4.519444,7.262815,4.6992044,3
194651663770844,10560236820,4.517948,7.259525,4.686343,3
194651666270844,10562736820,4.5158544,7.2702923,4.679165,3
194651668770844,10565236820,4.516154,7.289435,4.6956153,3
194651671270844,10567736820,4.508078,7.2969127,4.7114677,3
194651673770844,10570236820,4.504788,7.299904,4.6935215,3
194651676270844,10572736820,4.497609,7.3064837,4.683053,3
194651678770844,10575236820,4.5020957,7.303194,4.684848,3
194651681270844,10577736820,4.482056,7.3190465,4.671687,3
194651683770844,10580236820,4.4895334,7.322037,4.70399,3
194651686270844,10582736820,4.488636,7.325926,4.7225347,3
194651688770844,10585236820,4.4808593,7.320542,4.718048,3
194651691270844,10587736820,4.482654,7.3172517,4.7138605,3
194651693770844,10590236820,4.4694934,7.305886,4.727021,3
194651696270844,10592736820,4.478766,7.2933235,4.724329,3
194651698770844,10595236820,4.47398,7.2915287,4.7084765,3
194651701270844,10597736820,4.465904,7.279565,4.724329,3
194651703770844,10600236820,4.4685965,7.2673016,4.7231326,3
194651706270844,10602736820,4.464708,7.2502527,4.724329,3
194651708770844,10605236820,4.450351,7.2505517,4.733302,3
194651711270844,10607736820,4.427619,7.2622166,4.733302,3
194651713770844,10610236820,4.427021,7.268498,4.7288156,3
194651716270844,10612736820,4.4171505,7.2640114,4.733003,3
194651718770844,10615236820,4.412664,7.2622166,4.726423,3
194651721270844,10617736820,4.409075,7.2613196,4.7213383,3
194651723770844,10620236820,4.410271,7.25773,4.7156553,3
194651726270844,10622736820,4.410271,7.2523465,4.7075796,3
194651728770844,10625236820,4.4057846,7.2565336,4.70728,3
194651731270844,10627736820,4.429115,7.2502527,4.7009993,3
194651733770844,10630236820,4.4312086,7.2562346,4.6893344,3
194651736270844,10632736820,4.441976,7.2451677,4.681258,3
194651738770844,10635236820,4.4428735,7.2397842,4.6642094,3
194651741270844,10637736820,4.4341993,7.2493553,4.662415,3
194651743770844,10640236820,4.4336014,7.248159,4.671986,3
194651746270844,10642736820,4.4222355,7.2616186,4.6378884,3
194651748770844,10645236820,4.4261236,7.2705917,4.6414776,3
194651751270844,10647736820,4.427021,7.2807612,4.671986,3
194651753770844,10650236820,4.4321055,7.281658,4.6725845,3
194651756270844,10652736820,4.434499,7.2936225,4.6803613,3
194651758770844,10655236820,4.4258246,7.3109703,4.6836514,3
194651761270844,10657736820,4.4201417,7.3253274,4.6899323,3
194651763770844,10660236820,4.4228334,7.329515,4.684848,3
194651766270844,10662736820,4.429414,7.3399835,4.681258,3
194651768770844,10665236820,4.4285164,7.342675,4.692325,3
194651771270844,10667736820,4.4258246,7.3420773,4.6965127,3
194651773770844,10670236820,4.433003,7.3322067,4.6839504,3
194651776270844,10672736820,4.432405,7.3495545,4.672285,3
194651778770844,10675236820,4.436592,7.345068,4.659723,3
194651781270844,10677736820,4.4321055,7.344769,4.6785665,3
194651783770844,10680236820,4.433302,7.3372917,4.6642094,3
194651786270844,10682736820,4.438686,7.3340015,4.6672006,3
194651788770844,10685236820,4.4596233,7.3307114,4.6731825,3
194651791270844,10687736820,4.473382,7.3256264,4.6749773,3
194651793770844,10690236820,4.488337,7.325926,4.6761737,3
194651796270844,10692736820,4.5071807,7.3157563,4.683352,3
194651798770844,10695236820,4.516154,7.3082786,4.6839504,3
194651801270844,10697736820,4.5092745,7.2996044,4.686642,3
194651803770844,10700236820,4.511368,7.2873416,4.685446,3
194651806270844,10702736820,4.5245285,7.279565,4.6695933,3
194651808770844,10705236820,4.536493,7.2762747,4.662116,3
194651811270844,10707736820,4.5224347,7.268797,4.666602,3
194651813770844,10710236820,4.508676,7.268498,4.682754,3
194651816270844,10712736820,4.5077786,7.2409806,4.6896334,3
194651818770844,10715236820,4.4979086,7.237391,4.6911287,3
194651821270844,10717736820,4.491029,7.239186,4.703093,3
194651823770844,10720236820,4.491029,7.248757,4.738686,3
194651826270844,10722736820,4.4985065,7.252047,4.72074,3
194651828770844,10725236820,4.4799623,7.2556367,4.744668,3
194651831270844,10727736820,4.4832525,7.2418776,4.7341995,3
194651833770844,10730236820,4.4898324,7.233802,4.725526,3
194651836270844,10732736820,4.490132,7.2326055,4.732405,3
194651838770844,10735236820,4.4817567,7.2320075,4.7368917,3
194651841270844,10737736820,4.49402,7.2245297,4.738387,3
194651843770844,10740236820,4.4964128,7.2233334,4.731209,3
194651846270844,10742736820,4.493422,7.2212396,4.7267222,3
194651848770844,10745236820,4.4982076,7.2089763,4.709075,3
194651851270844,10747736820,4.496114,7.2006016,4.7018967,3
194651853770844,10750236820,4.5041895,7.2179494,4.699803,3
194651856270844,10752736820,4.5134616,7.2266235,4.70399,3
194651858770844,10755236820,4.508676,7.2233334,4.700401,3
194651861270844,10757736820,4.508676,7.227521,4.70728,3
194651863770844,10760236820,4.5131626,7.2442703,4.7084765,3
194651866270844,10762736820,4.520341,7.2442703,4.7096734,3
194651868770844,10765236820,4.5242295,7.253842,4.7168517,3
194651871270844,10767736820,4.532604,7.2505517,4.7099724,3
194651873770844,10770236820,4.534698,7.2658057,4.70728,3
194651876270844,10772736820,4.5373898,7.2589264,4.6785665,3
194651878770844,10775236820,4.5478587,7.2526455,4.686941,3
194651881270844,10777736820,4.555336,7.2589264,4.6803613,3
194651883770844,10780236820,4.5690947,7.260422,4.662714,3
194651886270844,10782736820,4.581657,7.256833,4.6561337,3
194651888770844,10785236820,4.590032,7.245467,4.6435714,3
194651891270844,10787736820,4.589733,7.2580295,4.640281,3
194651893770844,10790236820,4.613063,7.260422,4.6528435,3
194651896270844,10792736820,4.61067,7.24786,4.6408796,3
194651898770844,10795236820,4.621438,7.2412796,4.664808,3
194651901270844,10797736820,4.618447,7.2412796,4.668098,3
194651903770844,10800236820,4.6064825,7.2269225,4.6669016,3
194651906270844,10802736820,4.581059,7.222735,4.6585264,3
194651908770844,10805236820,4.57747,7.21107,4.6549373,3
194651911270844,10807736820,4.5634117,7.203593,4.677071,3
194651913770844,10810236820,4.5505505,7.212865,4.6911287,3
194651916270844,10812736820,4.5478587,7.205387,4.6902313,3
194651918770844,10815236820,4.549653,7.2083783,4.7048874,3
194651921270844,10817736820,4.551448,7.2098737,4.712066,3
194651923770844,10820236820,4.537988,7.199704,4.7007003,3
194651926270844,10822736820,4.551448,7.2089763,4.6893344,3
194651928770844,10825236820,4.5478587,7.2095747,4.7007003,3
194651931270844,10827736820,4.531408,7.2011995,4.6962137,3
194651933770844,10830236820,4.5227337,7.2009006,4.700401,3
194651936270844,10832736820,4.5278187,7.198807,4.7007003,3
194651938770844,10835236820,4.5071807,7.2092757,4.6896334,3
194651941270844,10837736820,4.51077,7.2089763,4.6779685,3
194651943770844,10840236820,4.503292,7.220043,4.659125,3
194651946270844,10842736820,4.5011983,7.234998,4.6642094,3
194651948770844,10845236820,4.5035915,7.2472615,4.6695933,3
194651951270844,10847736820,4.5014977,7.2523465,4.6872406,3
194651953770844,10850236820,4.497011,7.2376904,4.6785665,3
194651956270844,10852736820,4.5098724,7.259824,4.664808,3
194651958770844,10855236820,4.5224347,7.2580295,4.6692944,3
194651961270844,10857736820,4.5245285,7.2532434,4.673781,3
194651963770844,10860236820,4.537988,7.266703,4.666004,3
194651966270844,10862736820,4.5394835,7.2643104,4.6450667,3
194651968770844,10865236820,4.5481577,7.2693954,4.62413,3
194651971270844,10867736820,4.5430727,7.2589264,4.6208396,3
194651973770844,10870236820,4.5445685,7.271489,4.604389,3
194651976270844,10872736820,4.551747,7.2909307,4.6040897,3
194651978770844,10875236820,4.538586,7.2861447,4.61067,3
194651981270844,10877736820,4.5451665,7.2936225,4.6088758,3
194651983770844,10880236820,4.5541396,7.2996044,4.6229334,3
194651986270844,10882736820,4.558925,7.300203,4.6319065,3
194651988770844,10885236820,4.561019,7.313363,4.642076,3
194651991270844,10887736820,4.5678983,7.3100734,4.6522455,3
194651993770844,10890236820,4.560421,7.3157563,4.651049,3
194651996270844,10892736820,4.549055,7.3160553,4.64058,3
194651998770844,10895236820,4.5535417,7.3136625,4.6345983,3
194652001270844,10897736820,4.546363,7.305886,4.6429734,3
194652003770844,10900236820,4.5505505,7.2963142,4.6408796,3
194652006270844,10902736820,4.5487556,7.29452,4.6543393,3
194652008770844,10905236820,4.531109,7.2819576,4.6471605,3
194652011270844,10907736820,4.5218368,7.289435,4.6561337,3
194652013770844,10910236820,4.5224347,7.2936225,4.6639104,3
194652016270844,10912736820,4.5391846,7.288837,4.686044,3
194652018770844,10915236820,4.5424747,7.27777,4.7192445,3
194652021270844,10917736820,4.5373898,7.2735825,4.7398825,3
194652023770844,10920236820,4.54397,7.2616186,4.741378,3
194652026270844,10922736820,4.54068,7.254141,4.749753,3
194652028770844,10925236820,4.5361934,7.2346992,4.7374897,3
194652031270844,10927736820,4.53081,7.228119,4.705187,3
194652033770844,10930236820,4.5242295,7.2209406,4.72403,3
194652036270844,10932736820,4.5248275,7.216753,4.7189455,3
194652038770844,10935236820,4.518247,7.213164,4.7042894,3
194652041270844,10937736820,4.5278187,7.200003,4.686343,3
194652043770844,10940236820,4.5275197,7.216155,4.7078786,3
194652046270844,10942736820,4.53081,7.2266235,4.7192445,3
194652048770844,10945236820,4.5394835,7.2344003,4.7341995,3
194652051270844,10947736820,4.537689,7.233204,4.7377887,3
194652053770844,10950236820,4.5098724,7.2305117,4.7563334,3
194652056270844,10952736820,4.497609,7.242177,4.7365923,3
194652058770844,10955236820,4.4814577,7.2412796,4.7189455,3
194652061270844,10957736820,4.4653063,7.240681,4.7138605,3
194652063770844,10960236820,4.46411,7.236494,4.70728,3
194652066270844,10962736820,4.4542394,7.2409806,4.6914277,3
194652068770844,10965236820,4.453043,7.2505517,4.692325,3
194652071270844,10967736820,4.441378,7.2469625,4.6902313,3
194652073770844,10970236820,4.4431725,7.2448688,4.686044,3
194652076270844,10972736820,4.4542394,7.25444,4.6872406,3
194652078770844,10975236820,4.4605207,7.251748,4.6761737,3
194652081270844,10977736820,4.465007,7.2559357,4.6725845,3
194652083770844,10980236820,4.471587,7.273882,4.657031,3
194652086270844,10982736820,4.488337,7.25773,4.6498528,3
194652088770844,10985236820,4.4985065,7.2532434,4.673482,3
194652091270844,10987736820,4.5221357,7.2619176,4.671388,3
194652093770844,10990236820,4.5394835,7.2496543,4.662415,3
194652096270844,10992736820,4.549354,7.248159,4.6579285,3
194652098770844,10995236820,4.5601215,7.2418776,4.658826,3
194652101270844,10997736820,4.569693,7.233802,4.636094,3
194652103770844,11000236820,4.566104,7.2305117,4.6471605,3
194652106270844,11002736820,4.5804605,7.2358956,4.6435714,3
194652108770844,11005236820,4.5825543,7.242476,4.642674,3
194652111270844,11007736820,4.5732822,7.2412796,4.639982,3
194652113770844,11010236820,4.5678983,7.245766,4.6504507,3
194652116270844,11012736820,4.572385,7.2442703,4.6692944,3
194652118770844,11015236820,4.5592246,7.2355967,4.6689954,3
194652121270844,11017736820,4.56401,7.2326055,4.6788654,3
194652123770844,11020236820,4.5670013,7.2305117,4.685147,3
194652126270844,11022736820,4.562515,7.227521,4.690531,3
194652128770844,11025236820,4.558327,7.220342,4.6755753,3
194652131270844,11027736820,4.551149,7.216753,4.6710887,3
194652133770844,11030236820,4.5469613,7.218249,4.6695933,3
194652136270844,11032736820,4.56072,7.222735,4.6878386,3
194652138770844,11035236820,4.555635,7.2116685,4.683053,3
194652141270844,11037736820,4.558626,7.210472,4.673781,3
194652143770844,11040236820,4.5559344,7.21107,4.6785665,3
194652146270844,11042736820,4.555635,7.227521,4.6893344,3
194652148770844,11045236820,4.5628138,7.230811,4.6932225,3
194652151270844,11047736820,4.556832,7.234998,4.7042894,3
194652153770844,11050236820,4.557729,7.2475605,4.69412,3
194652156270844,11052736820,4.5484567,7.2550383,4.688736,3
194652158770844,11055236820,4.543671,7.2678995,4.706383,3
194652161270844,11057736820,4.543671,7.280163,4.7246284,3
194652163770844,11060236820,4.529314,7.2819576,4.718347,3
194652166270844,11062736820,4.5394835,7.272386,4.714459,3
194652168770844,11065236820,4.537988,7.280163,4.7165527,3
194652171270844,11067736820,4.56072,7.262815,4.712963,3
194652173770844,11070236820,4.549952,7.2622166,4.705486,3
194652176270844,11072736820,4.5595236,7.251748,4.7045884,3
194652178770844,11075236820,4.566702,7.260422,4.698008,3
194652181270844,11077736820,4.59063,7.2753773,4.679464,3
194652183770844,11080236820,4.599304,7.260123,4.685147,3
194652186270844,11082736820,4.5879383,7.2616186,4.6695933,3
194652188770844,11085236820,4.5705905,7.262516,4.657031,3
194652191270844,11087736820,4.5535417,7.260123,4.6582274,3
194652193770844,11090236820,4.5475593,7.2643104,4.6633124,3
194652196270844,11092736820,4.5418763,7.266404,4.6824546,3
194652198770844,11095236820,4.5266223,7.268498,4.7024946,3
194652201270844,11097736820,4.517948,7.266703,4.712066,3
194652203770844,11100236820,4.512564,7.2807612,4.7165527,3
194652206270844,11102736820,4.49731,7.2807612,4.7344985,3
194652208770844,11105236820,4.4892344,7.281658,4.7491546,3
194652211270844,11107736820,4.4874396,7.2768726,4.7416773,3
194652213770844,11110236820,4.479663,7.2580295,4.7306104,3
194652216270844,11112736820,4.486542,7.2475605,4.7081776,3
194652218770844,11115236820,4.4862432,7.2329044,4.692325,3
194652221270844,11117736820,4.5035915,7.2346992,4.679165,3
194652223770844,11120236820,4.517649,7.238887,4.6555357,3
194652226270844,11122736820,4.532903,7.2346992,4.651348,3
194652228770844,11125236820,4.537091,7.2361946,4.64058,3
194652231270844,11127736820,4.5768714,7.2502527,4.648357,3
194652233770844,11130236820,4.5876393,7.280462,4.6372905,3
194652236270844,11132736820,4.595715,7.272087,4.613362,3
194652238770844,11135236820,4.578367,7.2565336,4.5948176,3
194652241270844,11137736820,4.542176,7.2352977,4.604389,3
194652243770844,11140236820,4.511966,7.228119,4.6351967,3
194652246270844,11142736820,4.4805603,7.2044897,4.6522455,3
194652248770844,11145236820,4.467998,7.2059855,4.6636114,3
194652251270844,11147736820,4.4614177,7.19791,4.7021956,3
194652253770844,11150236820,4.44736,7.2038918,4.7222357,3
194652256270844,11152736820,4.4398823,7.201798,4.733003,3
194652258770844,11155236820,4.430012,7.19791,4.7425747,3
194652261270844,11157736820,4.4165525,7.196713,4.7374897,3
194652263770844,11160236820,4.4168515,7.199405,4.7398825,3
194652266270844,11162736820,4.4174495,7.2068825,4.7213383,3
194652268770844,11165236820,4.4171505,7.214659,4.715057,3
194652271270844,11167736820,4.4198427,7.2137623,4.7162533,3
194652273770844,11170236820,4.4318066,7.224231,4.7252264,3
194652276270844,11172736820,4.4449673,7.223932,4.709075,3
194652278770844,11175236820,4.458726,7.240382,4.7048874,3
194652281270844,11177736820,4.4856453,7.242476,4.7024946,3
194652283770844,11180236820,4.505386,7.254141,4.6950173,3
194652286270844,11182736820,4.538287,7.260123,4.705785,3
194652288770844,11185236820,4.536792,7.2840514,4.686941,3
194652291270844,11187736820,4.5352964,7.2825556,4.6761737,3
194652293770844,11190236820,4.5272202,7.292725,4.6462636,3
194652296270844,11192736820,4.5523453,7.286743,4.6208396,3
194652298770844,11195236820,4.5418763,7.298109,4.616652,3
194652301270844,11197736820,4.54397,7.322037,4.6286163,3
194652303770844,11200236820,4.5649076,7.334899,4.6408796,3
194652306270844,11202736820,4.561019,7.3322067,4.6414776,3
194652308770844,11205236820,4.5616174,7.32772,4.6618166,3
194652311270844,11207736820,4.5505505,7.335796,4.6908298,3
194652313770844,11210236820,4.5466623,7.3082786,4.6953163,3
194652316270844,11212736820,4.5335016,7.3100734,4.683352,3
194652318770844,11215236820,4.540381,7.2993054,4.7117667,3
194652321270844,11217736820,4.532903,7.298408,4.735097,3
194652323770844,11220236820,4.5397825,7.283453,4.7515473,3
194652326270844,11222736820,4.543671,7.2783685,4.74407,3
194652328770844,11225236820,4.542176,7.2529445,4.7362933,3
194652331270844,11227736820,4.5445685,7.22782,4.744668,3
194652333770844,11230236820,4.5505505,7.219445,4.7252264,3
194652336270844,11232736820,4.5487556,7.2095747,4.730012,3
194652338770844,11235236820,4.538287,7.1970124,4.7048874,3
194652341270844,11237736820,4.540381,7.1826553,4.706084,3
194652343770844,11240236820,4.5394835,7.173981,4.705785,3
194652346270844,11242736820,4.537091,7.1730843,4.7048874,3
194652348770844,11245236820,4.5296135,7.1802626,4.7168517,3
194652351270844,11247736820,4.5269213,7.1629148,4.700102,3
194652353770844,11250236820,4.5242295,7.1772714,4.6962137,3
194652356270844,11252736820,4.514658,7.1952176,4.69741,3
194652358770844,11255236820,4.4928236,7.192227,4.711169,3
194652361270844,11257736820,4.4742794,7.2086773,4.686642,3
194652363770844,11260236820,4.4524446,7.231409,4.686343,3
194652366270844,11262736820,4.425226,7.255337,4.709075,3
194652368770844,11265236820,4.415954,7.25115,4.7159543,3
194652371270844,11267736820,4.4007,7.2532434,4.723731,3
194652373770844,11270236820,4.398008,7.2565336,4.744369,3
194652376270844,11272736820,4.3992043,7.264909,4.761717,3
194652378770844,11275236820,4.3821554,7.266404,4.773681,3
194652381270844,11277736820,4.3944187,7.283154,4.7524447,3
194652383770844,11280236820,4.3983073,7.2849483,4.7509494,3
194652386270844,11282736820,4.3941197,7.2912297,4.752744,3
194652388770844,11285236820,4.4051867,7.2912297,4.7374897,3
194652391270844,11287736820,4.4171505,7.2708907,4.7192445,3
194652393770844,11290236820,4.434499,7.266105,4.699803,3
194652396270844,11292736820,4.4638104,7.2589264,4.6872406,3
194652398770844,11295236820,4.4871407,7.2529445,4.670192,3
194652401270844,11297736820,4.5020957,7.2550383,4.670192,3
194652403770844,11300236820,4.528716,7.2508507,4.659424,3
194652406270844,11302736820,4.5598226,7.246364,4.659424,3
194652408770844,11305236820,4.5714874,7.237092,4.6381874,3
194652411270844,11307736820,4.5822554,7.253543,4.623831,3
194652413770844,11310236820,4.6007996,7.257431,4.6205406,3
194652416270844,11312736820,4.6136613,7.265208,4.615755,3
194652418770844,11315236820,4.6145587,7.2726855,4.619942,3
194652421270844,11317736820,4.613362,7.274181,4.6351967,3
194652423770844,11320236820,4.613063,7.2849483,4.6226344,3
194652426270844,11322736820,4.6178484,7.277471,4.6522455,3
194652428770844,11325236820,4.6088758,7.2882385,4.668397,3
194652431270844,11327736820,4.604688,7.2954173,4.6552362,3
194652433770844,11330236820,4.596014,7.282855,4.677071,3
194652436270844,11332736820,4.592126,7.2735825,4.691727,3
194652438770844,11335236820,4.5945187,7.26102,4.670192,3
194652441270844,11337736820,4.6007996,7.2562346,4.6902313,3
194652443770844,11340236820,4.5834517,7.2382884,4.686044,3
194652446270844,11342736820,4.57747,7.2248287,4.671986,3
194652448770844,11345236820,4.573581,7.216454,4.66062,3
194652451270844,11347736820,4.5622153,7.205088,4.6600223,3
194652453770844,11350236820,4.558028,7.198209,4.651647,3
194652456270844,11352736820,4.5505505,7.1886373,4.642674,3
194652458770844,11355236820,4.5340996,7.187142,4.6316075,3
194652461270844,11357736820,4.532604,7.198807,4.6618166,3
194652463770844,11360236820,4.5418763,7.1877403,4.662714,3
194652466270844,11362736820,4.5418763,7.1898336,4.665107,3
194652468770844,11365236820,4.5418763,7.198209,4.6785665,3
194652471270844,11367736820,4.5448675,7.198508,4.6902313,3
194652473770844,11370236820,4.5544386,7.192526,4.715057,3
194652476270844,11372736820,4.558626,7.210472,4.714459,3
194652478770844,11375236820,4.54068,7.2041907,4.7156553,3
194652481270844,11377736820,4.5278187,7.20778,4.701298,3
194652483770844,11380236820,4.5044885,7.2245297,4.693821,3
194652486270844,11382736820,4.485047,7.2287173,4.7117667,3
194652488770844,11385236820,4.476672,7.223932,4.6992044,3
194652491270844,11387736820,4.4811587,7.2296147,4.7225347,3
194652493770844,11390236820,4.47069,7.2451677,4.7344985,3
194652496270844,11392736820,4.484449,7.256833,4.7620163,3
194652498770844,11395236820,4.4835515,7.24786,4.766802,3
194652501270844,11397736820,4.4892344,7.246065,4.755137,3
194652503770844,11400236820,4.505685,7.240681,4.7509494,3
194652506270844,11402736820,4.520341,7.245766,4.752146,3
194652508770844,11405236820,4.5320063,7.2562346,4.72732,3
194652511270844,11407736820,4.545466,7.2550383,4.703392,3
194652513770844,11410236820,4.5628138,7.2263246,4.705486,3
194652516270844,11412736820,4.5822554,7.233204,4.6779685,3
194652518770844,11415236820,4.581059,7.245467,4.6642094,3
194652521270844,11417736820,4.5936213,7.246065,4.6378884,3
194652523770844,11420236820,4.5798626,7.2361946,4.613362,3
194652526270844,11422736820,4.5801616,7.252047,4.6145587,3
194652528770844,11425236820,4.5819564,7.2586274,4.63071,3
194652531270844,11427736820,4.5888357,7.2622166,4.632804,3
194652533770844,11430236820,4.5945187,7.259226,4.6642094,3
194652536270844,11432736820,4.6002016,7.25444,4.671986,3
194652538770844,11435236820,4.599304,7.2532434,4.6674995,3
194652541270844,11437736820,4.5670013,7.263413,4.6872406,3
194652543770844,11440236820,4.5592246,7.2613196,4.666004,3
194652546270844,11442736820,4.545466,7.259824,4.6468616,3
194652548770844,11445236820,4.5397825,7.260422,4.662415,3
194652551270844,11447736820,4.5355954,7.2646093,4.6731825,3
194652553770844,11450236820,4.532903,7.263413,4.680062,3
194652556270844,11452736820,4.5131626,7.2616186,4.693821,3
194652558770844,11455236820,4.523033,7.269096,4.692026,3
194652561270844,11457736820,4.5227337,7.271489,4.6755753,3
194652563770844,11460236820,4.506881,7.2550383,4.684848,3
194652566270844,11462736820,4.5191445,7.2505517,4.686941,3
194652568770844,11465236820,4.5221357,7.2385874,4.6950173,3
194652571270844,11467736820,4.51077,7.2352977,4.7018967,3
194652573770844,11470236820,4.51077,7.2442703,4.6953163,3
194652576270844,11472736820,4.508078,7.2296147,4.7231326,3
194652578770844,11475236820,4.4892344,7.225128,4.732704,3
194652581270844,11477736820,4.490132,7.231409,4.727021,3
194652583770844,11480236820,4.491627,7.2341013,4.7365923,3
194652586270844,11482736820,4.475775,7.245766,4.7458644,3
194652588770844,11485236820,4.482953,7.2472615,4.7626143,3
194652591270844,11487736820,4.484748,7.240083,4.766802,3
194652593770844,11490236820,4.4922256,7.2451677,4.7626143,3
194652596270844,11492736820,4.4949174,7.242177,4.7620163,3
194652598770844,11495236820,4.4952164,7.2266235,4.750052,3
194652601270844,11497736820,4.491029,7.219146,4.744668,3
194652603770844,11500236820,4.499105,7.220342,4.749454,3
194652606270844,11502736820,4.491926,7.2116685,4.7431726,3
194652608770844,11505236820,4.503292,7.2125654,4.7321057,3
194652611270844,11507736820,4.482355,7.223932,4.7362933,3
194652613770844,11510236820,4.4742794,7.231708,4.729115,3
194652616270844,11512736820,4.4575295,7.2358956,4.7306104,3
194652618770844,11515236820,4.4521456,7.2397842,4.7368917,3
194652621270844,11517736820,4.4425745,7.2550383,4.7318068,3
194652623770844,11520236820,4.4431725,7.2550383,4.7572303,3
194652626270844,11522736820,4.427021,7.2673016,4.7506504,3
194652628770844,11525236820,4.430311,7.264909,4.7455654,3
194652631270844,11527736820,4.427021,7.272386,4.7309093,3
194652633770844,11530236820,4.425226,7.2843504,4.7231326,3
194652636270844,11532736820,4.4410787,7.2843504,4.703392,3
194652638770844,11535236820,4.462315,7.275975,4.7114677,3
194652641270844,11537736820,4.471587,7.292426,4.692026,3
194652643770844,11540236820,4.486542,7.2882385,4.6758747,3
194652646270844,11542736820,4.4988055,7.283154,4.645665,3
194652648770844,11545236820,4.496114,7.294221,4.6289153,3
194652651270844,11547736820,4.499404,7.282855,4.6085763,3
194652653770844,11550236820,4.505386,7.2693954,4.578666,3
194652656270844,11552736820,4.49731,7.2849483,4.59392,3
194652658770844,11555236820,4.5149574,7.272386,4.5798626,3
194652661270844,11557736820,4.5149574,7.2711897,4.598108,3
194652663770844,11560236820,4.517948,7.2708907,4.6091747,3
194652666270844,11562736820,4.519444,7.266404,4.625027,3
194652668770844,11565236820,4.520341,7.2622166,4.659424,3
194652671270844,11567736820,4.49731,7.268498,4.65733,3
194652673770844,11570236820,4.482056,7.260721,4.674379,3
194652676270844,11572736820,4.462016,7.2753773,4.6845484,3
194652678770844,11575236820,4.451248,7.2753773,4.7132626,3
194652681270844,11577736820,4.452744,7.2825556,4.7282176,3
194652683770844,11580236820,4.4452662,7.294221,4.726423,3
194652686270844,11582736820,4.445565,7.2993054,4.717749,3
194652688770844,11585236820,4.453641,7.299904,4.7336016,3
194652691270844,11587736820,4.462016,7.299904,4.7344985,3
194652693770844,11590236820,4.4805603,7.2936225,4.72732,3
194652696270844,11592736820,4.4892344,7.294819,4.71087,3
194652698770844,11595236820,4.4838505,7.294819,4.7159543,3
194652701270844,11597736820,4.493422,7.2876406,4.706981,3
194652703770844,11600236820,4.4964128,7.2762747,4.7141595,3
194652706270844,11602736820,4.488038,7.272087,4.699504,3
194652708770844,11605236820,4.499703,7.2622166,4.6953163,3
194652711270844,11607736820,4.511368,7.260721,4.703392,3
194652713770844,11610236820,4.5170507,7.253842,4.731209,3
194652716270844,11612736820,4.525127,7.253543,4.741378,3
194652718770844,11615236820,4.5361934,7.245766,4.723731,3
194652721270844,11617736820,4.56072,7.234998,4.733302,3
194652723770844,11620236820,4.558626,7.233204,4.731209,3
194652726270844,11622736820,4.5708895,7.2293153,4.729414,3
194652728770844,11625236820,4.5765724,7.218548,4.7189455,3
194652731270844,11627736820,4.577769,7.218548,4.70728,3
194652733770844,11630236820,4.5876393,7.224231,4.6989055,3
194652736270844,11632736820,4.6151567,7.204789,4.671986,3
194652738770844,11635236820,4.6082773,7.2041907,4.6767716,3
194652741270844,11637736820,4.601996,7.184749,4.6842494,3
194652743770844,11640236820,4.601099,7.1715884,4.693821,3
194652746270844,11642736820,4.6079783,7.1620173,4.709374,3
194652748770844,11645236820,4.612465,7.169794,4.712066,3
194652751270844,11647736820,4.6178484,7.1730843,4.7225347,3
194652753770844,11650236820,4.6115675,7.1898336,4.7359943,3
194652756270844,11652736820,4.6142592,7.195816,4.7377887,3
194652758770844,11655236820,4.6037908,7.2068825,4.725526,3
194652761270844,11657736820,4.5882373,7.2065835,4.7213383,3
194652763770844,11660236820,4.577769,7.205686,4.711169,3
194652766270844,11662736820,4.5678983,7.2095747,4.6896334,3
194652768770844,11665236820,4.5681977,7.218249,4.685745,3
194652771270844,11667736820,4.578965,7.2358956,4.718646,3
194652773770844,11670236820,4.569992,7.242476,4.720441,3
194652776270844,11672736820,4.5673003,7.2496543,4.738088,3
194652778770844,11675236820,4.5714874,7.2523465,4.7392845,3
194652781270844,11677736820,4.577171,7.2472615,4.733003,3
194652783770844,11680236820,4.573581,7.227521,4.731209,3
194652786270844,11682736820,4.575077,7.2329044,4.72403,3
194652788770844,11685236820,4.5687957,7.233204,4.726423,3
194652791270844,11687736820,4.564608,7.2323065,4.720441,3
194652793770844,11690236820,4.5649076,7.2385874,4.7156553,3
194652796270844,11692736820,4.564309,7.228119,4.705785,3
194652798770844,11695236820,4.5487556,7.219744,4.670192,3
194652801270844,11697736820,4.534997,7.22782,4.6710887,3
194652803770844,11700236820,4.5128636,7.2269225,4.6492543,3
194652806270844,11702736820,4.512265,7.2305117,4.6429734,3
194652808770844,11705236820,4.5134616,7.2173514,4.6316075,3
194652811270844,11707736820,4.508078,7.216155,4.6136613,3
194652813770844,11710236820,4.5131626,7.216155,4.6262236,3
194652816270844,11712736820,4.5221357,7.2032933,4.6244287,3
194652818770844,11715236820,4.5394835,7.2083783,4.6178484,3
194652821270844,11717736820,4.5394835,7.2029943,4.6061835,3
194652823770844,11720236820,4.543671,7.2080793,4.601996,3
194652826270844,11722736820,4.54397,7.196713,4.5876393,3
194652828770844,11725236820,4.5323052,7.21107,4.5852466,3
194652831270844,11727736820,4.537689,7.207481,4.566702,3
194652833770844,11730236820,4.534698,7.2041907,4.5891347,3
194652836270844,11732736820,4.5466623,7.216454,4.601996,3
194652838770844,11735236820,4.5352964,7.237092,4.6031923,3
194652841270844,11737736820,4.5481577,7.246364,4.613063,3
194652843770844,11740236820,4.5409794,7.260422,4.6055856,3
194652846270844,11742736820,4.54068,7.2822566,4.5930233,3
194652848770844,11745236820,4.529015,7.281359,4.592425,3
194652851270844,11747736820,4.537689,7.281658,4.6085763,3
194652853770844,11750236820,4.545765,7.300801,4.599603,3
194652856270844,11752736820,4.549653,7.303792,4.6028934,3
194652858770844,11755236820,4.5634117,7.298408,4.6064825,3
194652861270844,11757736820,4.579264,7.2933235,4.6091747,3
194652863770844,11760236820,4.5933223,7.292725,4.6154556,3
194652866270844,11762736820,4.599304,7.283154,4.6232324,3
194652868770844,11765236820,4.5915275,7.266703,4.6292143,3
194652871270844,11767736820,4.59063,7.2646093,4.621438,3
194652873770844,11770236820,4.596313,7.2502527,4.6375895,3
194652876270844,11772736820,4.59063,7.2448688,4.642674,3
194652878770844,11775236820,4.5951166,7.2376904,4.6555357,3
194652881270844,11777736820,4.616353,7.2329044,4.6788654,3
194652883770844,11780236820,4.613362,7.237391,4.6755753,3
194652886270844,11782736820,4.6097727,7.23111,4.668397,3
194652888770844,11785236820,4.6178484,7.21436,4.686642,3
194652891270844,11787736820,4.6292143,7.2026954,4.6881375,3
194652893770844,11790236820,4.631308,7.2009006,4.6929235,3
194652896270844,11792736820,4.6226344,7.198209,4.673482,3
194652898770844,11795236820,4.6325045,7.1946197,4.6710887,3
194652901270844,11797736820,4.6283174,7.205686,4.701597,3
194652903770844,11800236820,4.6325045,7.219445,4.698008,3
194652906270844,11802736820,4.6322055,7.228119,4.712066,3
194652908770844,11805236820,4.6229334,7.2293153,4.714459,3
194652911270844,11807736820,4.6136613,7.2269225,4.720142,3
194652913770844,11810236820,4.59392,7.225726,4.7153563,3
194652916270844,11812736820,4.5822554,7.2352977,4.7249274,3
194652918770844,11815236820,4.571787,7.2341013,4.74078,3
194652921270844,11817736820,4.560421,7.2305117,4.747659,3
194652923770844,11820236820,4.5559344,7.231708,4.7524447,3
194652926270844,11822736820,4.537988,7.2263246,4.742275,3
194652928770844,11825236820,4.540082,7.2329044,4.7524447,3
194652931270844,11827736820,4.534997,7.237391,4.7620163,3
194652933770844,11830236820,4.5445685,7.2341013,4.7742796,3
194652936270844,11832736820,4.5299125,7.2245297,4.759025,3
194652938770844,11835236820,4.525725,7.207481,4.755436,3
194652941270844,11837736820,4.5302114,7.1955166,4.749753,3
194652943770844,11840236820,4.51735,7.196414,4.7246284,3
194652946270844,11842736820,4.51735,7.1970124,4.727619,3
194652948770844,11845236820,4.5152564,7.1892357,4.718347,3
194652951270844,11847736820,4.5116673,7.1826553,4.708776,3
194652953770844,11850236820,4.5128636,7.186843,4.7222357,3
194652956270844,11852736820,4.5020957,7.1946197,4.7198424,3
194652958770844,11855236820,4.4964128,7.1946197,4.703093,3
194652961270844,11857736820,4.47069,7.2023964,4.692624,3
194652963770844,11860236820,4.4745784,7.2179494,4.709075,3
194652966270844,11862736820,4.4799623,7.21107,4.705486,3
194652968770844,11865236820,4.4629135,7.239485,4.70399,3
194652971270844,11867736820,4.3794637,7.230811,4.7189455,3
194652973770844,11870236820,4.4261236,7.2293153,4.7009993,3
194652976270844,11872736820,4.5391846,7.2355967,4.7007003,3
194652978770844,11875236820,4.508676,7.23111,4.706682,3
194652981270844,11877736820,4.558028,7.2263246,4.6654058,3
194652983770844,11880236820,4.5876393,7.2379894,4.648058,3
194652986270844,11882736820,4.5765724,7.2451677,4.662714,3
194652988770844,11885236820,4.557131,7.2529445,4.659125,3
194652991270844,11887736820,4.5299125,7.263114,4.6351967,3
194652993770844,11890236820,4.5227337,7.2547393,4.6262236,3
194652996270844,11892736820,4.5227337,7.2729845,4.616353,3
194652998770844,11895236820,4.493721,7.262815,4.6121655,3
194653001270844,11897736820,4.4931226,7.2729845,4.598407,3
194653003770844,11900236820,4.5006003,7.2930245,4.6079783,3
194653006270844,11902736820,4.5101714,7.318747,4.6292143,3
194653008770844,11905236820,4.5149574,7.3235326,4.642674,3
194653011270844,11907736820,4.5155554,7.3235326,4.64746,3
194653013770844,11910236820,4.5281177,7.324131,4.6492543,3
194653016270844,11912736820,4.537689,7.3268228,4.642076,3
194653018770844,11915236820,4.5394835,7.3064837,4.6498528,3
194653021270844,11917736820,4.538287,7.2987075,4.65733,3
194653023770844,11920236820,4.5275197,7.2933235,4.6543393,3
194653026270844,11922736820,4.532604,7.280163,4.651647,3
194653028770844,11925236820,4.54397,7.2783685,4.640281,3
194653031270844,11927736820,4.5412784,7.253543,4.6519465,3
194653033770844,11930236820,4.5355954,7.2589264,4.6375895,3
194653036270844,11932736820,4.534399,7.2385874,4.647759,3
194653038770844,11935236820,4.540082,7.233802,4.65733,3
194653041270844,11937736820,4.5526443,7.219744,4.666602,3
194653043770844,11940236820,4.549653,7.222137,4.664509,3
194653046270844,11942736820,4.5475593,7.219146,4.683352,3
194653048770844,11945236820,4.5670013,7.2287173,4.6842494,3
194653051270844,11947736820,4.578367,7.2101727,4.6845484,3
194653053770844,11950236820,4.5729833,7.2003026,4.6908298,3
194653056270844,11952736820,4.562515,7.2065835,4.7007003,3
194653058770844,11955236820,4.562515,7.1973114,4.7159543,3
194653061270844,11957736820,4.5469613,7.199106,4.698008,3
194653063770844,11960236820,4.525127,7.2044897,4.700102,3
194653066270844,11962736820,4.508078,7.2092757,4.701298,3
194653068770844,11965236820,4.5023947,7.230811,4.711169,3
194653071270844,11967736820,4.505087,7.2496543,4.714758,3
194653073770844,11970236820,4.491627,7.2658057,4.7246284,3
194653076270844,11972736820,4.4889355,7.2882385,4.733003,3
194653078770844,11975236820,4.4724846,7.292426,4.718646,3
194653081270844,11977736820,4.473083,7.292127,4.7075796,3
194653083770844,11980236820,4.4811587,7.2972116,4.6956153,3
194653086270844,11982736820,4.486542,7.301399,4.683053,3
194653088770844,11985236820,4.478766,7.30768,4.6576295,3
194653091270844,11987736820,4.4871407,7.308877,4.6633124,3
194653093770844,11990236820,4.4985065,7.3163543,4.6689954,3
194653096270844,11992736820,4.49073,7.3190465,4.65404,3
194653098770844,11995236820,4.502694,7.3160553,4.6381874,3
194653101270844,11997736820,4.502694,7.3178496,4.645964,3
194653103770844,12000236820,4.495815,7.329814,4.645964,3
194653106270844,12002736820,4.4814577,7.318149,4.636094,3
194653108770844,12005236820,4.464409,7.3142605,4.6265225,3
194653111270844,12007736820,4.4605207,7.3163543,4.63071,3
194653113770844,12010236820,4.462614,7.3160553,4.636094,3
194653116270844,12012736820,4.475476,7.3235326,4.6543393,3
194653118770844,12015236820,4.4781675,7.3199434,4.660321,3
194653121270844,12017736820,4.467699,7.313363,4.662714,3
194653123770844,12020236820,4.4632125,7.3175507,4.668397,3
194653126270844,12022736820,4.44407,7.3022966,4.673482,3
194653128770844,12025236820,4.449454,7.2990065,4.663013,3
194653131270844,12027736820,4.453043,7.312765,4.679763,3
194653133770844,12030236820,4.438686,7.318149,4.6956153,3
194653136270844,12032736820,4.432405,7.318448,4.700401,3
194653138770844,12035236820,4.428816,7.3250284,4.705486,3
194653141270844,12037736820,4.424927,7.325926,4.709075,3
194653143770844,12040236820,4.4060836,7.3513494,4.72732,3
194653146270844,12042736820,4.412066,7.335198,4.706084,3
194653148770844,12045236820,4.4129634,7.3325057,4.7042894,3
194653151270844,12047736820,4.4198427,7.325926,4.7084765,3
194653153770844,12050236820,4.4336014,7.3229346,4.706383,3
194653156270844,12052736820,4.4449673,7.305886,4.708776,3
194653158770844,12055236820,4.4485564,7.2975106,4.6953163,3
194653161270844,12057736820,4.462614,7.29452,4.69412,3
194653163770844,12060236820,4.473382,7.273882,4.6839504,3
194653166270844,12062736820,4.479663,7.271788,4.673781,3
194653168770844,12065236820,4.49731,7.262815,4.6636114,3
194653171270844,12067736820,4.49402,7.263413,4.6695933,3
194653173770844,12070236820,4.496114,7.25115,4.6692944,3
194653176270844,12072736820,4.4871407,7.246065,4.697709,3
194653178770844,12075236820,4.49073,7.265208,4.699504,3
194653181270844,12077736820,4.4982076,7.2580295,4.6950173,3
194653183770844,12080236820,4.500002,7.252047,4.703093,3
194653186270844,12082736820,4.518247,7.240681,4.712664,3
194653188770844,12085236820,4.5373898,7.225128,4.7159543,3
194653191270844,12087736820,4.5299125,7.225427,4.712066,3
194653193770844,12090236820,4.534399,7.230811,4.6908298,3
194653196270844,12092736820,4.532903,7.230811,4.6785665,3
194653198770844,12095236820,4.5388856,7.2245297,4.6752763,3
194653201270844,12097736820,4.545765,7.218847,4.671388,3
194653203770844,12100236820,4.555635,7.219744,4.660321,3
194653206270844,12102736820,4.56072,7.2272215,4.6546383,3
194653208770844,12105236820,4.558925,7.228418,4.651348,3
194653211270844,12107736820,4.56072,7.2341013,4.640281,3
194653213770844,12110236820,4.555037,7.225128,4.6438704,3
194653216270844,12112736820,4.5673003,7.226025,4.6471605,3
194653218770844,12115236820,4.581059,7.2433734,4.6432724,3
194653221270844,12117736820,4.5930233,7.239186,4.6325045,3
194653223770844,12120236820,4.601697,7.2397842,4.6471605,3
194653226270844,12122736820,4.6058846,7.2502527,4.6378884,3
194653228770844,12125236820,4.601697,7.242177,4.6316075,3
194653231270844,12127736820,4.5951166,7.2472615,4.6226344,3
194653233770844,12130236820,4.5945187,7.245766,4.633402,3
194653236270844,12132736820,4.590331,7.252047,4.6372905,3
194653238770844,12135236820,4.6025944,7.265208,4.639982,3
194653241270844,12137736820,4.601697,7.2637124,4.6746783,3
194653243770844,12140236820,4.6007996,7.257132,4.656732,3
194653246270844,12142736820,4.599603,7.24786,4.6669016,3
194653248770844,12145236820,4.6002016,7.2385874,4.6698923,3
194653251270844,12147736820,4.5936213,7.2358956,4.6818566,3
194653253770844,12150236820,4.5942197,7.2355967,4.6761737,3
194653256270844,12152736820,4.592126,7.228119,4.6806602,3
194653258770844,12155236820,4.601099,7.2068825,4.666602,3
194653261270844,12157736820,4.6005006,7.1889367,4.6821556,3
194653263770844,12160236820,4.607679,7.1763744,4.677071,3
194653266270844,12162736820,4.6064825,7.1763744,4.6507497,3
194653268770844,12165236820,4.6082773,7.173383,4.651049,3
194653271270844,12167736820,4.604389,7.1838517,4.6501517,3
194653273770844,12170236820,4.6079783,7.187441,4.639982,3
194653276270844,12172736820,4.597809,7.1877403,4.634897,3
194653278770844,12175236820,4.604389,7.194021,4.631308,3
194653281270844,12177736820,4.6002016,7.201798,4.618148,3
194653283770844,12180236820,4.5888357,7.2032933,4.6139603,3
194653286270844,12182736820,4.5732822,7.2140613,4.6082773,3
194653288770844,12185236820,4.5801616,7.2137623,4.6091747,3
194653291270844,12187736820,4.575675,7.2323065,4.6094737,3
194653293770844,12190236820,4.5894337,7.231708,4.627121,3
194653296270844,12192736820,4.579264,7.2341013,4.639085,3
194653298770844,12195236820,4.5681977,7.240083,4.662714,3
194653301270844,12197736820,4.5616174,7.2448688,4.6549373,3
194653303770844,12200236820,4.5478587,7.2490563,4.6845484,3
194653306270844,12202736820,4.5601215,7.2646093,4.688437,3
194653308770844,12205236820,4.549653,7.279565,4.6953163,3
194653311270844,12207736820,4.5505505,7.2918277,4.6989055,3
194653313770844,12210236820,4.549055,7.2903323,4.7009993,3
194653316270844,12212736820,4.544269,7.288538,4.697709,3
194653318770844,12215236820,4.537988,7.279864,4.6896334,3
194653321270844,12217736820,4.5394835,7.2640114,4.6950173,3
194653323770844,12220236820,4.537689,7.2619176,4.712365,3
194653326270844,12222736820,4.5305104,7.26102,4.6935215,3
194653328770844,12225236820,4.5412784,7.2532434,4.71087,3
194653331270844,12227736820,4.543671,7.2475605,4.7210393,3
194653333770844,12230236820,4.5508494,7.2355967,4.7195435,3
194653336270844,12232736820,4.5538406,7.2502527,4.723432,3
194653338770844,12235236820,4.5673003,7.2326055,4.72074,3
194653341270844,12237736820,4.5502515,7.231409,4.7078786,3
194653343770844,12240236820,4.5415773,7.233503,4.6935215,3
194653346270844,12242736820,4.5451665,7.2305117,4.679763,3
194653348770844,12245236820,4.538586,7.2272215,4.6872406,3
194653351270844,12247736820,4.534997,7.2296147,4.698307,3
194653353770844,12250236820,4.525127,7.2209406,4.7165527,3
194653356270844,12252736820,4.5170507,7.231708,4.7018967,3
194653358770844,12255236820,4.5128636,7.2248287,4.7249274,3
194653361270844,12257736820,4.512564,7.224231,4.7096734,3
194653363770844,12260236820,4.5059843,7.2212396,4.7009993,3
194653366270844,12262736820,4.5023947,7.223932,4.7009993,3
194653368770844,12265236820,4.4967117,7.2233334,4.700102,3
194653371270844,12267736820,4.4925246,7.222436,4.723731,3
194653373770844,12270236820,4.505087,7.2137623,4.720441,3
194653376270844,12272736820,4.5071807,7.219146,4.7159543,3
194653378770844,12275236820,4.5038905,7.2230344,4.7117667,3
194653381270844,12277736820,4.5059843,7.213463,4.7045884,3
194653383770844,12280236820,4.4979086,7.219146,4.6803613,3
194653386270844,12282736820,4.5131626,7.2089763,4.706981,3
194653388770844,12285236820,4.538586,7.199405,4.6779685,3
194653391270844,12287736820,4.5508494,7.19791,4.6767716,3
194653393770844,12290236820,4.561019,7.1934233,4.671986,3
194653396270844,12292736820,4.5768714,7.1934233,4.668397,3
194653398770844,12295236820,4.5762734,7.203593,4.662116,3
194653401270844,12297736820,4.5795636,7.2173514,4.668098,3
194653403770844,12300236820,4.5879383,7.2206416,4.6672006,3
194653406270844,12302736820,4.595715,7.219445,4.682754,3
194653408770844,12305236820,4.5966125,7.222436,4.6968117,3
194653411270844,12307736820,4.5972104,7.2272215,4.7027936,3
194653413770844,12310236820,4.598407,7.239186,4.712963,3
194653416270844,12312736820,4.5888357,7.240382,4.698307,3
194653418770844,12315236820,4.58734,7.240083,4.683352,3
194653421270844,12317736820,4.5738807,7.248159,4.693821,3
194653423770844,12320236820,4.569394,7.2550383,4.6755753,3
194653426270844,12322736820,4.5876393,7.259824,4.6824546,3
194653428770844,12325236820,4.596313,7.2640114,4.680062,3
194653431270844,12327736820,4.610969,7.260123,4.69741,3
194653433770844,12330236820,4.624728,7.2678995,4.7156553,3
194653436270844,12332736820,4.6289153,7.25444,4.7105703,3
194653438770844,12335236820,4.607679,7.259226,4.69412,3
194653441270844,12337736820,4.597809,7.266703,4.698008,3
194653443770844,12340236820,4.581059,7.2589264,4.6818566,3
194653446270844,12342736820,4.5655055,7.2493553,4.679165,3
194653448770844,12345236820,4.549055,7.2550383,4.6986065,3
194653451270844,12347736820,4.5299125,7.2376904,4.685745,3
194653453770844,12350236820,4.5394835,7.240083,4.7021956,3
194653456270844,12352736820,4.5352964,7.242775,4.720142,3
194653458770844,12355236820,4.525127,7.2526455,4.7455654,3
194653461270844,12357736820,4.5296135,7.2508507,4.7599225,3
194653463770844,12360236820,4.528716,7.2397842,4.767101,3
194653466270844,12362736820,4.5188456,7.2508507,4.7563334,3
194653468770844,12365236820,4.510471,7.2547393,4.7578287,3
194653471270844,12367736820,4.5038905,7.2637124,4.7605205,3
194653473770844,12370236820,4.5035915,7.2699933,4.7377887,3
194653476270844,12372736820,4.514359,7.263413,4.7210393,3
194653478770844,12375236820,4.5098724,7.268797,4.732704,3
194653481270844,12377736820,4.5266223,7.2673016,4.7153563,3
194653483770844,12380236820,4.534698,7.256833,4.6881375,3
194653486270844,12382736820,4.536493,7.264909,4.7225347,3
194653488770844,12385236820,4.5481577,7.272386,4.7165527,3
194653491270844,12387736820,4.5526443,7.2702923,4.720441,3
194653493770844,12390236820,4.5598226,7.26102,4.7192445,3
194653496270844,12392736820,4.558028,7.262815,4.706383,3
194653498770844,12395236820,4.5649076,7.2616186,4.7222357,3
194653501270844,12397736820,4.5592246,7.251449,4.6971107,3
194653503770844,12400236820,4.5658045,7.2451677,4.685446,3
194653506270844,12402736820,4.5631127,7.233503,4.6672006,3
194653508770844,12405236820,4.562515,7.218847,4.6576295,3
194653511270844,12407736820,4.55743,7.2158556,4.6325045,3
194653513770844,12410236820,4.5418763,7.205088,4.60738,3
194653516270844,12412736820,4.5466623,7.2065835,4.601996,3
194653518770844,12415236820,4.564608,7.2026954,4.5945187,3
194653521270844,12417736820,4.612465,7.1952176,4.581059,3
194653523770844,12420236820,4.644469,7.2023964,4.581657,3
194653526270844,12422736820,4.639982,7.1970124,4.564309,3
194653528770844,12425236820,4.6151567,7.1805615,4.5687957,3
194653531270844,12427736820,4.6088758,7.175477,4.612764,3
194653533770844,12430236820,4.5918264,7.1682982,4.6342993,3
194653536270844,12432736820,4.584349,7.1748786,4.6495533,3
194653538770844,12435236820,4.5658045,7.1916285,4.6465626,3
194653541270844,12437736820,4.552943,7.190731,4.6555357,3
194653543770844,12440236820,4.540381,7.1955166,4.664509,3
194653546270844,12442736820,4.529314,7.2011995,4.6468616,3
194653548770844,12445236820,4.520341,7.2041907,4.6115675,3
194653551270844,12447736820,4.512265,7.2029943,4.6435714,3
194653553770844,12450236820,4.519743,7.217052,4.6525445,3
194653556270844,12452736820,4.516752,7.2358956,4.657031,3
194653558770844,12455236820,4.520042,7.2409806,4.660321,3
194653561270844,12457736820,4.453043,7.2418776,4.677071,3
194653563770844,12460236820,4.260122,7.218249,4.6896334,3
194653566270844,12462736820,4.5128636,7.2409806,4.658826,3
194653568770844,12465236820,4.71087,7.2451677,4.658826,3
194653571270844,12467736820,4.660321,7.1952176,4.6899323,3
194653573770844,12470236820,4.6064825,7.1748786,4.715057,3
194653576270844,12472736820,4.5855455,7.2023964,4.70728,3
194653578770844,12475236820,4.558327,7.205088,4.698008,3
194653581270844,12477736820,4.525127,7.192227,4.6785665,3
194653583770844,12480236820,4.482953,7.1808605,4.659125,3
194653586270844,12482736820,4.475476,7.192825,4.619643,3
194653588770844,12485236820,4.4838505,7.214659,4.612465,3
194653591270844,12487736820,4.497609,7.2302127,4.640281,3
194653593770844,12490236820,4.512265,7.254141,4.65404,3
194653596270844,12492736820,4.5221357,7.2613196,4.681258,3
194653598770844,12495236820,4.511966,7.2702923,4.694419,3
194653601270844,12497736820,4.5245285,7.2903323,4.6872406,3
194653603770844,12500236820,4.520042,7.2846494,4.682754,3
194653606270844,12502736820,4.500002,7.2705917,4.6612186,3
194653608770844,12505236820,4.4952164,7.2729845,4.6618166,3
194653611270844,12507736820,4.502993,7.275975,4.666004,3
194653613770844,12510236820,4.491627,7.2735825,4.680959,3
194653616270844,12512736820,4.486542,7.298109,4.6986065,3
194653618770844,12515236820,4.4760737,7.299904,4.7075796,3
194653621270844,12517736820,4.486542,7.2993054,4.7165527,3
194653623770844,12520236820,4.4862432,7.3103724,4.7249274,3
194653626270844,12522736820,4.471587,7.3160553,4.7434716,3
194653628770844,12525236820,4.4611187,7.30768,4.725825,3
194653631270844,12527736820,4.453043,7.309176,4.7165527,3
194653633770844,12530236820,4.4458647,7.307381,4.7153563,3
194653636270844,12532736820,4.4312086,7.3166533,4.723731,3
194653638770844,12535236820,4.421039,7.327122,4.731209,3
194653641270844,12537736820,4.4114676,7.3226357,4.7279186,3
194653643770844,12540236820,4.393821,7.315158,4.7344985,3
194653646270844,12542736820,4.38395,7.325926,4.74078,3
194653648770844,12545236820,4.3794637,7.3247294,4.758427,3
194653651270844,12547736820,4.386044,7.333702,4.766802,3
194653653770844,12550236820,4.395914,7.339385,4.7751765,3
194653656270844,12552736820,4.4018965,7.3366933,4.7745786,3
194653658770844,12555236820,4.4054856,7.333702,4.773681,3
194653661270844,12557736820,4.4165525,7.3178496,4.7718863,3
194653663770844,12560236820,4.4198427,7.300203,4.759025,3
194653666270844,12562736820,4.4258246,7.305886,4.773382,3
194653668770844,12565236820,4.4452662,7.2930245,4.7566323,3
194653671270844,12567736820,4.447659,7.2729845,4.7620163,3
194653673770844,12570236820,4.4458647,7.252047,4.752744,3
194653676270844,12572736820,4.4518466,7.2448688,4.738985,3
194653678770844,12575236820,4.4557347,7.225726,4.7455654,3
194653681270844,12577736820,4.473681,7.226025,4.7563334,3
194653683770844,12580236820,4.479663,7.2137623,4.7434716,3
194653686270844,12582736820,4.482953,7.21107,4.7288156,3
194653688770844,12585236820,4.4808593,7.2122664,4.7138605,3
194653691270844,12587736820,4.486542,7.202097,4.6992044,3
194653693770844,12590236820,4.4982076,7.201499,4.6932225,3
194653696270844,12592736820,4.4964128,7.1916285,4.673781,3
194653698770844,12595236820,4.4982076,7.1895347,4.673781,3
194653701270844,12597736820,4.497011,7.2023964,4.664509,3
194653703770844,12600236820,4.488038,7.2137623,4.668098,3
194653706270844,12602736820,4.491029,7.2376904,4.662116,3
194653708770844,12605236820,4.4835515,7.2532434,4.683352,3
194653711270844,12607736820,4.4892344,7.2640114,4.6953163,3
194653713770844,12610236820,4.4874396,7.2711897,4.703392,3
194653716270844,12612736820,4.4638104,7.281658,4.7252264,3
194653718770844,12615236820,4.461717,7.28106,4.7401814,3
194653721270844,12617736820,4.4554358,7.2903323,4.7374897,3
194653723770844,12620236820,4.445565,7.2939215,4.740481,3
194653726270844,12622736820,4.443771,7.2882385,4.77398,3
194653728770844,12625236820,4.4629135,7.2963142,4.743771,3
194653731270844,12627736820,4.462315,7.286444,4.7458644,3
194653733770844,12630236820,4.4614177,7.2819576,4.7198424,3
194653736270844,12632736820,4.461717,7.273882,4.6986065,3
194653738770844,12635236820,4.47727,7.274779,4.6818566,3
194653741270844,12637736820,4.484449,7.2753773,4.67408,3
194653743770844,12640236820,4.5011983,7.278069,4.6806602,3
194653746270844,12642736820,4.506881,7.2693954,4.6495533,3
194653748770844,12645236820,4.508676,7.2825556,4.639085,3
194653751270844,12647736820,4.505685,7.280163,4.64746,3
194653753770844,12650236820,4.514359,7.2825556,4.638487,3
194653756270844,12652736820,4.510471,7.2954173,4.638487,3
194653758770844,12655236820,4.51735,7.2954173,4.664509,3
194653761270844,12657736820,4.5227337,7.303194,4.6600223,3
194653763770844,12660236820,4.520042,7.2912297,4.6674995,3
194653766270844,12662736820,4.5071807,7.298408,4.6758747,3
194653768770844,12665236820,4.5062833,7.2966137,4.6779685,3
194653771270844,12667736820,4.5158544,7.2846494,4.6902313,3
194653773770844,12670236820,4.511966,7.2783685,4.683352,3
194653776270844,12672736820,4.5323052,7.266404,4.680959,3
194653778770844,12675236820,4.5388856,7.268498,4.6815577,3
194653781270844,12677736820,4.558028,7.257431,4.679763,3
194653783770844,12680236820,4.5592246,7.260422,4.6752763,3
194653786270844,12682736820,4.578666,7.2493553,4.688736,3
194653788770844,12685236820,4.59063,7.248458,4.6755753,3
194653791270844,12687736820,4.6055856,7.222735,4.6579285,3
194653793770844,12690236820,4.6139603,7.239186,4.664808,3
194653796270844,12692736820,4.6172504,7.2299137,4.6672006,3
194653798770844,12695236820,4.6172504,7.224231,4.651647,3
194653801270844,12697736820,4.6139603,7.2248287,4.6435714,3
194653803770844,12700236820,4.612764,7.237092,4.653442,3
194653806270844,12702736820,4.607081,7.231708,4.6471605,3
194653808770844,12705236820,4.5969114,7.225726,4.616353,3
194653811270844,12707736820,4.5882373,7.248458,4.638487,3
194653813770844,12710236820,4.592126,7.2341013,4.6447678,3
194653816270844,12712736820,4.5942197,7.2412796,4.6507497,3
194653818770844,12715236820,4.584947,7.240083,4.6507497,3
194653821270844,12717736820,4.5888357,7.2379894,4.653442,3
194653823770844,12720236820,4.583153,7.2263246,4.6411786,3
194653826270844,12722736820,4.572385,7.227521,4.645665,3
194653828770844,12725236820,4.5652065,7.2266235,4.6486564,3
194653831270844,12727736820,4.557729,7.2355967,4.6432724,3
194653833770844,12730236820,4.534698,7.2341013,4.648357,3
194653836270844,12732736820,4.5077786,7.228418,4.6381874,3
194653838770844,12735236820,4.478766,7.2236323,4.6435714,3
194653841270844,12737736820,4.4629135,7.2352977,4.6546383,3
194653843770844,12740236820,4.4515476,7.2472615,4.664509,3
194653846270844,12742736820,4.4392843,7.238887,4.6836514,3
194653848770844,12745236820,4.433003,7.2526455,4.706383,3
194653851270844,12747736820,4.4228334,7.2442703,4.735396,3
194653853770844,12750236820,4.4117665,7.248159,4.7362933,3
194653856270844,12752736820,4.410271,7.2496543,4.738088,3
194653858770844,12755236820,4.418347,7.25115,4.7425747,3
194653861270844,12757736820,4.429414,7.24457,4.734798,3
194653863770844,12760236820,4.427619,7.2472615,4.725526,3
194653866270844,12762736820,4.4377885,7.2439713,4.7153563,3
194653868770844,12765236820,4.4602213,7.260422,4.71087,3
194653871270844,12767736820,4.4632125,7.2783685,4.699504,3
194653873770844,12770236820,4.484449,7.2496543,4.7045884,3
194653876270844,12772736820,4.4802613,7.2807612,4.6881375,3
194653878770844,12775236820,4.4979086,7.273882,4.677669,3
194653881270844,12777736820,4.508975,7.262516,4.680959,3
194653883770844,12780236820,4.5269213,7.2735825,4.686941,3
194653886270844,12782736820,4.5305104,7.2762747,4.686642,3
194653888770844,12785236820,4.543372,7.275975,4.683352,3
194653891270844,12787736820,4.536792,7.269096,4.690531,3
194653893770844,12790236820,4.554738,7.2729845,4.6911287,3
194653896270844,12792736820,4.5418763,7.269096,4.6929235,3
194653898770844,12795236820,4.5445685,7.2702923,4.703392,3
194653901270844,12797736820,4.556832,7.2699933,4.7102714,3
194653903770844,12800236820,4.5711884,7.268797,4.723731,3
194653906270844,12802736820,4.566104,7.2732835,4.7096734,3
194653908770844,12805236820,4.5912285,7.2702923,4.718347,3
194653911270844,12807736820,4.5918264,7.2640114,4.712365,3
194653913770844,12810236820,4.6040897,7.2613196,4.7210393,3
194653916270844,12812736820,4.599005,7.2640114,4.7042894,3
194653918770844,12815236820,4.5909295,7.2565336,4.6911287,3
194653921270844,12817736820,4.5918264,7.2385874,4.672285,3
194653923770844,12820236820,4.5681977,7.2490563,4.659424,3
194653926270844,12822736820,4.5687957,7.2418776,4.662116,3
194653928770844,12825236820,4.5744786,7.2355967,4.6731825,3
194653931270844,12827736820,4.5801616,7.224231,4.680062,3
194653933770844,12830236820,4.575077,7.2212396,4.679763,3
194653936270844,12832736820,4.5729833,7.225726,4.694718,3
194653938770844,12835236820,4.577769,7.2209406,4.6881375,3
194653941270844,12837736820,4.5655055,7.2209406,4.7078786,3
194653943770844,12840236820,4.5738807,7.2209406,4.7081776,3
194653946270844,12842736820,4.560421,7.2209406,4.6932225,3
194653948770844,12845236820,4.538586,7.2209406,4.672285,3
194653951270844,12847736820,4.5212383,7.239485,4.6642094,3
194653953770844,12850236820,4.4979086,7.2580295,4.666303,3
194653956270844,12852736820,4.4931226,7.2792654,4.677071,3
194653958770844,12855236820,4.484449,7.2966137,4.668098,3
194653961270844,12857736820,4.4862432,7.3136625,4.6836514,3
194653963770844,12860236820,4.4799623,7.31456,4.692026,3
194653966270844,12862736820,4.487739,7.3103724,4.683352,3
194653968770844,12865236820,4.4838505,7.329515,4.6785665,3
194653971270844,12867736820,4.482056,7.333104,4.685446,3
194653973770844,12870236820,4.4913282,7.3313093,4.6585264,3
194653976270844,12872736820,4.5041895,7.330113,4.680062,3
194653978770844,12875236820,4.5095735,7.320243,4.6752763,3
194653981270844,12877736820,4.51735,7.3166533,4.666602,3
194653983770844,12880236820,4.5116673,7.2996044,4.660919,3
194653986270844,12882736820,4.5128636,7.2993054,4.6525445,3
194653988770844,12885236820,4.5014977,7.2825556,4.6408796,3
194653991270844,12887736820,4.508377,7.2786674,4.6504507,3
194653993770844,12890236820,4.5131626,7.273882,4.6558347,3
194653996270844,12892736820,4.5014977,7.2613196,4.6788654,3
194653998770844,12895236820,4.5017967,7.245467,4.6911287,3
194654001270844,12897736820,4.5092745,7.2379894,4.692624,3
194654003770844,12900236820,4.5035915,7.211369,4.7027936,3
194654006270844,12902736820,4.494319,7.2089763,4.7306104,3
194654008770844,12905236820,4.505386,7.1946197,4.729414,3
194654011270844,12907736820,4.494319,7.187441,4.7344985,3
194654013770844,12910236820,4.502694,7.1802626,4.7309093,3
194654016270844,12912736820,4.5071807,7.17787,4.726423,3
194654018770844,12915236820,4.497011,7.16441,4.7084765,3
194654021270844,12917736820,4.5003014,7.1694946,4.7222357,3
194654023770844,12920236820,4.495815,7.161419,4.7339005,3
194654026270844,12922736820,4.5074797,7.1659055,4.738387,3
194654028770844,12925236820,4.5098724,7.1653075,4.738985,3
194654031270844,12927736820,4.504788,7.1706915,4.7368917,3
194654033770844,12930236820,4.5155554,7.166504,4.7336016,3
194654036270844,12932736820,4.496114,7.175477,4.72403,3
194654038770844,12935236820,4.4835515,7.179664,4.734798,3
194654041270844,12937736820,4.4931226,7.1838517,4.72732,3
194654043770844,12940236820,4.4964128,7.1913295,4.733003,3
194654046270844,12942736820,4.506881,7.186544,4.747659,3
194654048770844,12945236820,4.5188456,7.19103,4.731508,3
194654051270844,12947736820,4.531408,7.19432,4.726423,3
194654053770844,12950236820,4.5299125,7.2003026,4.7365923,3
194654056270844,12952736820,4.5323052,7.1862445,4.741378,3
194654058770844,12955236820,4.540381,7.1892357,4.724329,3
194654061270844,12957736820,4.536493,7.19791,4.711169,3
194654063770844,12960236820,4.5323052,7.2003026,4.7159543,3
194654066270844,12962736820,4.536493,7.1976104,4.7084765,3
194654068770844,12965236820,4.520341,7.2065835,4.7045884,3
194654071270844,12967736820,4.514359,7.2089763,4.6845484,3
194654073770844,12970236820,4.5158544,7.222436,4.6845484,3
194654076270844,12972736820,4.5071807,7.231409,4.69412,3
194654078770844,12975236820,4.511368,7.2436724,4.698008,3
194654081270844,12977736820,4.4889355,7.2472615,4.6911287,3
194654083770844,12980236820,4.484449,7.2562346,4.6902313,3
194654086270844,12982736820,4.4784665,7.2622166,4.7009993,3
194654088770844,12985236820,4.491029,7.2726855,4.706682,3
194654091270844,12987736820,4.49073,7.2735825,4.700401,3
194654093770844,12990236820,4.488636,7.2729845,4.706084,3
194654096270844,12992736820,4.4922256,7.279864,4.7021956,3
194654098770844,12995236820,4.5017967,7.2807612,4.706084,3
194654101270844,12997736820,4.505685,7.2879395,4.692624,3
194654103770844,13000236820,4.488038,7.2903323,4.6881375,3
194654106270844,13002736820,4.4895334,7.2939215,4.684848,3
194654108770844,13005236820,4.47727,7.2975106,4.6842494,3
194654111270844,13007736820,4.4718866,7.2972116,4.681258,3
194654113770844,13010236820,4.4608197,7.333403,4.6893344,3
194654116270844,13012736820,4.4581275,7.327122,4.69741,3
194654118770844,13015236820,4.451248,7.327122,4.6845484,3
194654121270844,13017736820,4.4515476,7.3396845,4.700401,3
194654123770844,13020236820,4.4575295,7.342376,4.7114677,3
194654126270844,13022736820,4.4775696,7.3313093,4.7195435,3
194654128770844,13025236820,4.4898324,7.329515,4.7102714,3
194654131270844,13027736820,4.514658,7.3142605,4.7007003,3
194654133770844,13030236820,4.518247,7.3235326,4.673482,3
194654136270844,13032736820,4.534698,7.3106713,4.6543393,3
194654138770844,13035236820,4.5505505,7.3079796,4.6283174,3
194654141270844,13037736820,4.5472603,7.292426,4.605286,3
194654143770844,13040236820,4.551448,7.2858458,4.5987062,3
194654146270844,13042736820,4.555336,7.2768726,4.612465,3
194654148770844,13045236820,4.5673003,7.266703,4.596014,3
194654151270844,13047736820,4.583153,7.253842,4.6244287,3
194654153770844,13050236820,4.5933223,7.2490563,4.6342993,3
194654156270844,13052736820,4.6022954,7.246065,4.648357,3
194654158770844,13055236820,4.6031923,7.2472615,4.6692944,3
194654161270844,13057736820,4.613362,7.2341013,4.6839504,3
194654163770844,13060236820,4.616054,7.2299137,4.6881375,3
194654166270844,13062736820,4.616054,7.2086773,4.6692944,3
194654168770844,13065236820,4.615755,7.199704,4.686044,3
194654171270844,13067736820,4.6175494,7.200003,4.6818566,3
194654173770844,13070236820,4.6232324,7.183254,4.667799,3
194654176270844,13072736820,4.623831,7.1635127,4.648357,3
194654178770844,13075236820,4.631308,7.159026,4.624728,3
194654181270844,13077736820,4.641777,7.158727,4.618746,3
194654183770844,13080236820,4.642375,7.1620173,4.6112685,3
194654186270844,13082736820,4.6674995,7.1694946,4.590032,3
194654188770844,13085236820,4.681258,7.1691957,4.610072,3
194654191270844,13087736820,4.682754,7.185048,4.6292143,3
194654193770844,13090236820,4.6908298,7.185048,4.6292143,3
194654196270844,13092736820,4.688736,7.1889367,4.6340003,3
194654198770844,13095236820,4.6950173,7.2062845,4.6283174,3
194654201270844,13097736820,4.685147,7.204789,4.6286163,3
194654203770844,13100236820,4.6585264,7.2149587,4.636393,3
194654206270844,13102736820,4.653143,7.2358956,4.6235313,3
194654208770844,13105236820,4.645366,7.2385874,4.628018,3
194654211270844,13107736820,4.653143,7.231409,4.63071,3
194654213770844,13110236820,4.6408796,7.216753,4.6576295,3
194654216270844,13112736820,4.6205406,7.217052,4.666602,3
194654218770844,13115236820,4.6142592,7.198807,4.671388,3
194654221270844,13117736820,4.596014,7.1805615,4.6731825,3
194654223770844,13120236820,4.598108,7.173682,4.6585264,3
194654226270844,13122736820,4.5912285,7.1620173,4.6600223,3
194654228770844,13125236820,4.5684967,7.1545396,4.659424,3
194654231270844,13127736820,4.558626,7.14437,4.6731825,3
194654233770844,13130236820,4.566104,7.1476603,4.6501517,3
194654236270844,13132736820,4.5681977,7.129116,4.64417,3
194654238770844,13135236820,4.5681977,7.135397,4.651049,3
194654241270844,13137736820,4.5804605,7.1365933,4.642076,3
194654243770844,13140236820,4.5741796,7.1416783,4.651049,3
194654246270844,13142736820,4.5705905,7.1395845,4.6432724,3
194654248770844,13145236820,4.572385,7.166205,4.6351967,3
194654251270844,13147736820,4.549653,7.173682,4.6600223,3
194654253770844,13150236820,4.566702,7.1862445,4.671687,3
194654256270844,13152736820,4.5708895,7.2068825,4.6815577,3
194654258770844,13155236820,4.557729,7.221838,4.711169,3
194654261270844,13157736820,4.557729,7.2355967,4.7195435,3
194654263770844,13160236820,4.5394835,7.2397842,4.7455654,3
194654266270844,13162736820,4.5424747,7.2290163,4.854738,3
194654268770844,13165236820,4.5508494,7.2158556,4.7778687,3
194654271270844,13167736820,4.534997,7.216454,4.6986065,3
194654273770844,13170236820,4.5373898,7.1898336,4.692026,3
194654276270844,13172736820,4.551448,7.2026954,4.7024946,3
194654278770844,13175236820,4.5448675,7.2290163,4.7024946,3
194654281270844,13177736820,4.5613184,7.2209406,4.7449675,3
194654283770844,13180236820,4.5622153,7.223932,4.7401814,3
194654286270844,13182736820,4.5616174,7.2385874,4.7344985,3
194654288770844,13185236820,4.564608,7.253842,4.735396,3
194654291270844,13187736820,4.549653,7.260721,4.723731,3
194654293770844,13190236820,4.561019,7.2696943,4.7168517,3
194654296270844,13192736820,4.5708895,7.2637124,4.725825,3
194654298770844,13195236820,4.5855455,7.2532434,4.703691,3
194654301270844,13197736820,4.601697,7.259226,4.6986065,3
194654303770844,13200236820,4.6088758,7.25444,4.6818566,3
194654306270844,13202736820,4.618746,7.24786,4.6728835,3
194654308770844,13205236820,4.619344,7.2526455,4.6564326,3
194654311270844,13207736820,4.6298127,7.2565336,4.647759,3
194654313770844,13210236820,4.651049,7.2361946,4.6471605,3
194654316270844,13212736820,4.6411786,7.2496543,4.651647,3
194654318770844,13215236820,4.642375,7.253842,4.671388,3
194654321270844,13217736820,4.64417,7.245467,4.6767716,3
194654323770844,13220236820,4.639982,7.245766,4.686044,3
194654326270844,13222736820,4.6316075,7.238887,4.6839504,3
194654328770844,13225236820,4.6396832,7.24457,4.6929235,3
194654331270844,13227736820,4.630411,7.236494,4.7024946,3
194654333770844,13230236820,4.638487,7.240681,4.701597,3
194654336270844,13232736820,4.622335,7.236494,4.700102,3
194654338770844,13235236820,4.6058846,7.2245297,4.700102,3
194654341270844,13237736820,4.597809,7.224231,4.679165,3
194654343770844,13240236820,4.572086,7.218847,4.69412,3
194654346270844,13242736820,4.566702,7.2320075,4.701597,3
194654348770844,13245236820,4.549055,7.248458,4.701298,3
194654351270844,13247736820,4.532604,7.2490563,4.7192445,3
194654353770844,13250236820,4.532604,7.2580295,4.7192445,3
194654356270844,13252736820,4.5278187,7.2670026,4.703691,3
194654358770844,13255236820,4.512564,7.266404,4.7162533,3
194654361270844,13257736820,4.4985065,7.2786674,4.6908298,3
194654363770844,13260236820,4.47727,7.2912297,4.7042894,3
194654366270844,13262736820,4.447958,7.2876406,4.6911287,3
194654368770844,13265236820,4.4353957,7.298408,4.7009993,3
194654371270844,13267736820,4.4222355,7.30768,4.706383,3
194654373770844,13270236820,4.406981,7.299904,4.6971107,3
194654376270844,13272736820,4.3986063,7.3085775,4.729115,3
194654378770844,13275236820,4.389334,7.31456,4.7306104,3
194654381270844,13277736820,4.3755755,7.320243,4.746762,3
194654383770844,13280236820,4.369294,7.3226357,4.7470613,3
194654386270844,13282736820,4.3552365,7.3253274,4.7512484,3
194654388770844,13285236820,4.3672004,7.3319077,4.7365923,3
194654391270844,13287736820,4.3531427,7.3435726,4.727021,3
194654393770844,13290236820,4.347759,7.344769,4.7018967,3
194654396270844,13292736820,4.334299,7.328019,4.688437,3
194654398770844,13295236820,4.339982,7.32772,4.686343,3
194654401270844,13297736820,4.351647,7.3319077,4.685446,3
194654403770844,13300236820,4.3552365,7.339385,4.674379,3
194654406270844,13302736820,4.3648076,7.344769,4.667799,3
194654408770844,13305236820,4.380959,7.345068,4.6689954,3
194654411270844,13307736820,4.382455,7.3417783,4.689035,3
194654413770844,13310236820,4.3947177,7.335198,4.65404,3
194654416270844,13312736820,4.3986063,7.32772,4.6462636,3
194654418770844,13315236820,4.3941197,7.313363,4.6471605,3
194654421270844,13317736820,4.3965125,7.3232336,4.6546383,3
194654423770844,13320236820,4.4042892,7.3199434,4.6525445,3
194654426270844,13322736820,4.4108696,7.328019,4.638487,3
194654428770844,13325236820,4.4282174,7.3115687,4.663013,3
194654431270844,13327736820,4.4231324,7.318149,4.6642094,3
194654433770844,13330236820,4.4198427,7.315158,4.6522455,3
194654436270844,13332736820,4.418048,7.3064837,4.6543393,3
194654438770844,13335236820,4.415954,7.2960153,4.672285,3
194654441270844,13337736820,4.412664,7.2972116,4.682754,3
194654443770844,13340236820,4.42403,7.268199,4.688437,3
194654446270844,13342736820,4.426722,7.266404,4.708776,3
194654448770844,13345236820,4.4602213,7.2693954,4.7078786,3
194654451270844,13347736820,4.465904,7.2556367,4.730012,3
194654453770844,13350236820,4.4748774,7.237391,4.734798,3
194654456270844,13352736820,4.506881,7.2287173,4.729414,3
194654458770844,13355236820,4.5158544,7.2083783,4.7042894,3
194654461270844,13357736820,4.5266223,7.192227,4.686044,3
194654463770844,13360236820,4.529015,7.1841507,4.6839504,3
194654466270844,13362736820,4.549952,7.1802626,4.666602,3
194654468770844,13365236820,4.5649076,7.185347,4.663013,3
194654471270844,13367736820,4.5738807,7.190133,4.664509,3
194654473770844,13370236820,4.5891347,7.187441,4.668696,3
194654476270844,13372736820,4.577769,7.1946197,4.677669,3
194654478770844,13375236820,4.5795636,7.195816,4.668696,3
194654481270844,13377736820,4.587041,7.1973114,4.668696,3
194654483770844,13380236820,4.584349,7.195816,4.6731825,3
194654486270844,13382736820,4.564608,7.205387,4.662116,3
194654488770844,13385236820,4.5544386,7.217052,4.6615176,3
194654491270844,13387736820,4.553242,7.2352977,4.647759,3
194654493770844,13390236820,4.5272202,7.2451677,4.662714,3
194654496270844,13392736820,4.5227337,7.252047,4.6761737,3
194654498770844,13395236820,4.520341,7.272087,4.677071,3
194654501270844,13397736820,4.516453,7.2861447,4.69412,3
194654503770844,13400236820,4.5209394,7.2879395,4.703691,3
194654506270844,13402736820,4.5409794,7.28106,4.709374,3
194654508770844,13405236820,4.538586,7.289435,4.6965127,3
194654511270844,13407736820,4.5601215,7.2822566,4.6824546,3
194654513770844,13410236820,4.587041,7.2786674,4.672285,3
194654516270844,13412736820,4.5912285,7.279864,4.680959,3
194654518770844,13415236820,4.616353,7.2882385,4.6585264,3
194654521270844,13417736820,4.640281,7.27777,4.647759,3
194654523770844,13420236820,4.641777,7.2711897,4.618746,3
194654526270844,13422736820,4.630411,7.274779,4.622036,3
194654528770844,13425236820,4.656732,7.2616186,4.6058846,3
194654531270844,13427736820,4.666303,7.260422,4.619643,3
194654533770844,13430236820,4.6633124,7.266703,4.6292143,3
194654536270844,13432736820,4.6710887,7.2658057,4.6414776,3
194654538770844,13435236820,4.648357,7.268498,4.6450667,3
194654541270844,13437736820,4.6325045,7.2586274,4.6357946,3
194654543770844,13440236820,4.6340003,7.2550383,4.656732,3
194654546270844,13442736820,4.642674,7.253842,4.651647,3
194654548770844,13445236820,4.6265225,7.2508507,4.6600223,3
194654551270844,13447736820,4.6178484,7.248458,4.6674995,3
194654553770844,13450236820,4.595416,7.2472615,4.6689954,3
194654556270844,13452736820,4.5891347,7.237391,4.664509,3
194654558770844,13455236820,4.570291,7.228119,4.6746783,3
194654561270844,13457736820,4.5690947,7.228119,4.6824546,3
194654563770844,13460236820,4.5613184,7.2290163,4.6929235,3
194654566270844,13462736820,4.5484567,7.2320075,4.690531,3
194654568770844,13465236820,4.5388856,7.2329044,4.697709,3
194654571270844,13467736820,4.5281177,7.214659,4.6908298,3
194654573770844,13470236820,4.5038905,7.210472,4.6689954,3
194654576270844,13472736820,4.499703,7.2089763,4.665705,3
194654578770844,13475236820,4.482056,7.225128,4.6549373,3
194654581270844,13477736820,4.4805603,7.2293153,4.645366,3
194654583770844,13480236820,4.4832525,7.2355967,4.6522455,3
194654586270844,13482736820,4.4928236,7.222735,4.640281,3
194654588770844,13485236820,4.5152564,7.2302127,4.6779685,3
194654591270844,13487736820,4.505685,7.2248287,4.662714,3
194654593770844,13490236820,4.512265,7.225726,4.6519465,3
194654596270844,13492736820,4.51077,7.231708,4.6450667,3
194654598770844,13495236820,4.51406,7.2248287,4.634897,3
194654601270844,13497736820,4.5188456,7.2329044,4.6031923,3
194654603770844,13500236820,4.5158544,7.20778,4.6061835,3
194654606270844,13502736820,4.53081,7.2236323,4.5798626,3
194654608770844,13505236820,4.5388856,7.207481,4.5942197,3
194654611270844,13507736820,4.5451665,7.2059855,4.595416,3
194654613770844,13510236820,4.557729,7.212865,4.58734,3
194654616270844,13512736820,4.563711,7.2212396,4.578068,3
194654618770844,13515236820,4.5616174,7.225427,4.584349,3
194654621270844,13517736820,4.564309,7.2326055,4.590032,3
194654623770844,13520236820,4.58734,7.2290163,4.590032,3
194654626270844,13522736820,4.586443,7.2472615,4.5915275,3
194654628770844,13525236820,4.592126,7.25773,4.599304,3
194654631270844,13527736820,4.6007996,7.271489,4.604389,3
194654633770844,13530236820,4.5999026,7.281658,4.5966125,3
194654636270844,13532736820,4.590032,7.303493,4.5969114,3
194654638770844,13535236820,4.596014,7.3079796,4.601697,3
194654641270844,13537736820,4.5891347,7.315158,4.6025944,3
194654643770844,13540236820,4.581358,7.30768,4.6085763,3
194654646270844,13542736820,4.5714874,7.300801,4.6002016,3
194654648770844,13545236820,4.579264,7.315457,4.616054,3
194654651270844,13547736820,4.5825543,7.3022966,4.636094,3
194654653770844,13550236820,4.582854,7.2993054,4.648357,3
194654656270844,13552736820,4.590032,7.286444,4.673482,3
194654658770844,13555236820,4.5681977,7.2756763,4.666602,3
194654661270844,13557736820,4.5598226,7.2556367,4.683053,3
194654663770844,13560236820,4.554738,7.243074,4.699803,3
194654666270844,13562736820,4.542176,7.230811,4.706682,3
194654668770844,13565236820,4.5418763,7.2233334,4.718646,3
194654671270844,13567736820,4.5430727,7.198209,4.7362933,3
194654673770844,13570236820,4.5340996,7.1877403,4.7285166,3
194654676270844,13572736820,4.5332026,7.1805615,4.7509494,3
194654678770844,13575236820,4.5415773,7.172187,4.753641,3
194654681270844,13577736820,4.534399,7.1629148,4.7599225,3
194654683770844,13580236820,4.5424747,7.1632137,4.7766724,3
194654686270844,13582736820,4.5302114,7.1685977,4.765007,3
194654688770844,13585236820,4.5388856,7.1862445,4.7715874,3
194654691270844,13587736820,4.523631,7.199106,4.761418,3
194654693770844,13590236820,4.5215373,7.19791,4.7715874,3
194654696270844,13592736820,4.5242295,7.200003,4.7727838,3
194654698770844,13595236820,4.525127,7.210771,4.7596235,3
194654701270844,13597736820,4.518247,7.211369,4.7575297,3
194654703770844,13600236820,4.5185466,7.222137,4.7368917,3
194654706270844,13602736820,4.499105,7.216155,4.7371907,3
194654708770844,13605236820,4.478766,7.2302127,4.7084765,3
194654711270844,13607736820,4.465007,7.240083,4.701298,3
194654713770844,13610236820,4.4524446,7.252047,4.711169,3
194654716270844,13612736820,4.4485564,7.2693954,4.701597,3
194654718770844,13615236820,4.4557347,7.266703,4.6932225,3
194654721270844,13617736820,4.4572306,7.2825556,4.7027936,3
194654723770844,13620236820,4.4581275,7.292127,4.698307,3
194654726270844,13622736820,4.4461637,7.3199434,4.686941,3
194654728770844,13625236820,4.4545383,7.325926,4.667799,3
194654731270844,13627736820,4.452744,7.324131,4.662714,3
194654733770844,13630236820,4.4279184,7.3190465,4.668696,3
194654736270844,13632736820,4.4135613,7.3378897,4.621737,3
194654738770844,13635236820,4.4001017,7.3489566,4.6372905,3
194654741270844,13637736820,4.395316,7.342376,4.62742,3
194654743770844,13640236820,4.398008,7.36451,4.636991,3
194654746270844,13642736820,4.398008,7.376773,4.634897,3
194654748770844,13645236820,4.3791647,7.385148,4.6292143,3
194654751270844,13647736820,4.3740797,7.392925,4.6325045,3
194654753770844,13650236820,4.3683968,7.387242,4.618148,3
194654756270844,13652736820,4.3872404,7.3866434,4.6235313,3
194654758770844,13655236820,4.388736,7.384849,4.6378884,3
194654761270844,13657736820,4.3932223,7.365407,4.6345983,3
194654763770844,13660236820,4.4117665,7.3692956,4.634897,3
194654766270844,13662736820,4.4195433,7.3713894,4.639982,3
194654768770844,13665236820,4.4222355,7.3666034,4.6244287,3
194654771270844,13667736820,4.4452662,7.3624163,4.6471605,3
194654773770844,13670236820,4.452744,7.346863,4.6322055,3
194654776270844,13672736820,4.444369,7.335796,4.628018,3
194654778770844,13675236820,4.453641,7.3325057,4.6226344,3
194654781270844,13677736820,4.462315,7.320542,4.6354957,3
194654783770844,13680236820,4.476971,7.3235326,4.6208396,3
194654786270844,13682736820,4.4688954,7.318149,4.619045,3
194654788770844,13685236820,4.4778686,7.3046894,4.619344,3
194654791270844,13687736820,4.461717,7.315158,4.6319065,3
194654793770844,13690236820,4.465904,7.325926,4.6582274,3
194654796270844,13692736820,4.4778686,7.3319077,4.6582274,3
194654798770844,13695236820,4.465904,7.326225,4.666004,3
194654801270844,13697736820,4.4548373,7.333702,4.7027936,3
194654803770844,13700236820,4.4581275,7.3378897,4.706682,3
194654806270844,13702736820,4.4350967,7.333104,4.7027936,3
194654808770844,13705236820,4.4279184,7.338488,4.7165527,3
194654811270844,13707736820,4.418347,7.3369923,4.7321057,3
194654813770844,13710236820,4.4004006,7.3268228,4.7165527,3
194654816270844,13712736820,4.408477,7.309176,4.735097,3
194654818770844,13715236820,4.4171505,7.3046894,4.714758,3
194654821270844,13717736820,4.4078784,7.2876406,4.738686,3
194654823770844,13720236820,4.4222355,7.2711897,4.755137,3
194654826270844,13722736820,4.438088,7.260721,4.7509494,3
194654828770844,13725236820,4.441378,7.2490563,4.746762,3
194654831270844,13727736820,4.441378,7.2287173,4.717749,3
194654833770844,13730236820,4.458726,7.2341013,4.698307,3
194654836270844,13732736820,4.4629135,7.2248287,4.6836514,3
194654838770844,13735236820,4.473083,7.225128,4.672285,3
194654841270844,13737736820,4.482654,7.2209406,4.6710887,3
194654843770844,13740236820,4.4760737,7.219445,4.674379,3
194654846270844,13742736820,4.487739,7.2122664,4.671687,3
194654848770844,13745236820,4.5059843,7.2376904,4.6710887,3
194654851270844,13747736820,4.505386,7.237092,4.6692944,3
194654853770844,13750236820,4.502694,7.242775,4.67408,3
194654856270844,13752736820,4.4988055,7.260422,4.6689954,3
194654858770844,13755236820,4.490132,7.2640114,4.6839504,3
194654861270844,13757736820,4.4889355,7.271489,4.6842494,3
194654863770844,13760236820,4.493721,7.2735825,4.683352,3
194654866270844,13762736820,4.4724846,7.2762747,4.703691,3
194654868770844,13765236820,4.469793,7.283154,4.679165,3
194654871270844,13767736820,4.4608197,7.292127,4.684848,3
194654873770844,13770236820,4.4554358,7.285248,4.689035,3
194654876270844,13772736820,4.458726,7.287042,4.70399,3
194654878770844,13775236820,4.4688954,7.279565,4.6986065,3
194654881270844,13777736820,4.476672,7.278069,4.705187,3
194654883770844,13780236820,4.467699,7.271489,4.7078786,3
194654886270844,13782736820,4.479663,7.2622166,4.6929235,3
194654888770844,13785236820,4.488038,7.259226,4.6989055,3
194654891270844,13787736820,4.491627,7.2433734,4.706383,3
194654893770844,13790236820,4.5011983,7.2236323,4.705785,3
194654896270844,13792736820,4.508078,7.2068825,4.725526,3
194654898770844,13795236820,4.5185466,7.2006016,4.7198424,3
194654901270844,13797736820,4.5215373,7.190731,4.7105703,3
194654903770844,13800236820,4.5188456,7.1883383,4.7222357,3
194654906270844,13802736820,4.514658,7.1841507,4.7249274,3
194654908770844,13805236820,4.5071807,7.1748786,4.718646,3
194654911270844,13807736820,4.508078,7.179365,4.712365,3
194654913770844,13810236820,4.508078,7.2041907,4.7228336,3
194654916270844,13812736820,4.5059843,7.2062845,4.70399,3
194654918770844,13815236820,4.5155554,7.2176504,4.7365923,3
194654921270844,13817736820,4.520341,7.225726,4.730012,3
194654923770844,13820236820,4.525127,7.246065,4.726423,3
194654926270844,13822736820,4.5077786,7.240681,4.725825,3
194654928770844,13825236820,4.508078,7.2490563,4.705486,3
194654931270844,13827736820,4.508975,7.242476,4.6959143,3
194654933770844,13830236820,4.5131626,7.242177,4.70399,3
194654936270844,13832736820,4.525426,7.240382,4.7081776,3
194654938770844,13835236820,4.5418763,7.248458,4.6929235,3
194654941270844,13837736820,4.549055,7.240681,4.6881375,3
194654943770844,13840236820,4.551448,7.2397842,4.694419,3
194654946270844,13842736820,4.5652065,7.2589264,4.683053,3
194654948770844,13845236820,4.555635,7.257132,4.671986,3
194654951270844,13847736820,4.5658045,7.262516,4.6552362,3
194654953770844,13850236820,4.5681977,7.272386,4.645964,3
194654956270844,13852736820,4.5595236,7.275975,4.641777,3
194654958770844,13855236820,4.5544386,7.273882,4.6411786,3
194654961270844,13857736820,4.5675993,7.2735825,4.6471605,3
194654963770844,13860236820,4.5544386,7.288538,4.6381874,3
194654966270844,13862736820,4.5565324,7.271788,4.645964,3
194654968770844,13865236820,4.5523453,7.2655067,4.6618166,3
194654971270844,13867736820,4.56072,7.2670026,4.671388,3
194654973770844,13870236820,4.558626,7.2622166,4.6836514,3
194654976270844,13872736820,4.5478587,7.272087,4.677071,3
194654978770844,13875236820,4.5613184,7.266404,4.6806602,3
194654981270844,13877736820,4.5634117,7.2711897,4.6749773,3
194654983770844,13880236820,4.555635,7.2676005,4.6782675,3
194654986270844,13882736820,4.5562334,7.268797,4.6674995,3
194654988770844,13885236820,4.5601215,7.2726855,4.6710887,3
194654991270844,13887736820,4.569394,7.2729845,4.662415,3
194654993770844,13890236820,4.57747,7.2619176,4.659424,3
194654996270844,13892736820,4.5670013,7.266404,4.657031,3
194654998770844,13895236820,4.5687957,7.2676005,4.657031,3
194655001270844,13897736820,4.557729,7.2678995,4.6528435,3
194655003770844,13900236820,4.5559344,7.2640114,4.651647,3
194655006270844,13902736820,4.5613184,7.2640114,4.6564326,3
194655008770844,13905236820,4.552943,7.255337,4.6208396,3
194655011270844,13907736820,4.5631127,7.2753773,4.6259246,3
194655013770844,13910236820,4.5544386,7.2640114,4.6295137,3
194655016270844,13912736820,4.560421,7.2655067,4.6319065,3
194655018770844,13915236820,4.5634117,7.279565,4.619643,3
194655021270844,13917736820,4.557131,7.2792654,4.618746,3
194655023770844,13920236820,4.5541396,7.2693954,4.6112685,3
194655026270844,13922736820,4.5562334,7.2756763,4.6091747,3
194655028770844,13925236820,4.543372,7.2792654,4.616353,3
194655031270844,13927736820,4.531707,7.2699933,4.6465626,3
194655033770844,13930236820,4.5128636,7.2765737,4.6782675,3
194655036270844,13932736820,4.5017967,7.2765737,4.6935215,3
194655038770844,13935236820,4.491627,7.2699933,4.7024946,3
194655041270844,13937736820,4.4808593,7.268797,4.738686,3
194655043770844,13940236820,4.465007,7.2753773,4.7455654,3
194655046270844,13942736820,4.4575295,7.2619176,4.746762,3
194655048770844,13945236820,4.4488554,7.25444,4.735097,3
194655051270844,13947736820,4.4449673,7.2469625,4.7359943,3
194655053770844,13950236820,4.450949,7.240083,4.7336016,3
194655056270844,13952736820,4.462016,7.2379894,4.735396,3
194655058770844,13955236820,4.469793,7.216753,4.724329,3
194655061270844,13957736820,4.4775696,7.216454,4.7198424,3
194655063770844,13960236820,4.4925246,7.2176504,4.721936,3
194655066270844,13962736820,4.488337,7.2119675,4.7228336,3
194655068770844,13965236820,4.488038,7.205088,4.729713,3
194655071270844,13967736820,4.499703,7.205686,4.7339005,3
194655073770844,13970236820,4.4952164,7.2065835,4.7210393,3
194655076270844,13972736820,4.4988055,7.2086773,4.735695,3
194655078770844,13975236820,4.493422,7.2065835,4.7306104,3
194655081270844,13977736820,4.4838505,7.2125654,4.738387,3
194655083770844,13980236820,4.47727,7.211369,4.729713,3
194655086270844,13982736820,4.4629135,7.225427,4.735695,3
194655088770844,13985236820,4.4742794,7.2245297,4.7488556,3
194655091270844,13987736820,4.458726,7.2439713,4.7524447,3
194655093770844,13990236820,4.4581275,7.265208,4.7485566,3
194655096270844,13992736820,4.4602213,7.27448,4.7371907,3
194655098770844,13995236820,4.471587,7.2711897,4.7365923,3
194655101270844,13997736820,4.486542,7.2822566,4.725526,3
194655103770844,14000236820,4.491627,7.2903323,4.7249274,3
194655106270844,14002736820,4.4874396,7.283752,4.709075,3
194655108770844,14005236820,4.497011,7.2915287,4.694419,3
194655111270844,14007736820,4.505087,7.274779,4.6761737,3
194655113770844,14010236820,4.512265,7.277172,4.6564326,3
194655116270844,14012736820,4.531109,7.275975,4.6498528,3
194655118770844,14015236820,4.534698,7.2711897,4.657031,3
194655121270844,14017736820,4.5448675,7.2702923,4.6585264,3
194655123770844,14020236820,4.558327,7.278069,4.6501517,3
194655126270844,14022736820,4.5687957,7.2726855,4.660321,3
194655128770844,14025236820,4.55743,7.2789664,4.680062,3
194655131270844,14027736820,4.56401,7.2676005,4.672285,3
194655133770844,14030236820,4.569693,7.2676005,4.672285,3
194655136270844,14032736820,4.5652065,7.263413,4.6749773,3
194655138770844,14035236820,4.5505505,7.2786674,4.6824546,3
194655141270844,14037736820,4.553242,7.2616186,4.665107,3
194655143770844,14040236820,4.545765,7.2616186,4.6818566,3
194655146270844,14042736820,4.5487556,7.2556367,4.679464,3
194655148770844,14045236820,4.544269,7.248458,4.686941,3
194655151270844,14047736820,4.5394835,7.2583284,4.694419,3
194655153770844,14050236820,4.534997,7.257431,4.711169,3
194655156270844,14052736820,4.5278187,7.256833,4.7096734,3
194655158770844,14055236820,4.5185466,7.266105,4.7138605,3
194655161270844,14057736820,4.508078,7.2646093,4.6968117,3
194655163770844,14060236820,4.506881,7.271489,4.709374,3
194655166270844,14062736820,4.496114,7.2768726,4.7021956,3
194655168770844,14065236820,4.4745784,7.2670026,4.7165527,3
194655171270844,14067736820,4.4784665,7.272386,4.6962137,3
194655173770844,14070236820,4.482056,7.282855,4.70728,3
194655176270844,14072736820,4.4802613,7.28106,4.70728,3
194655178770844,14075236820,4.4862432,7.281359,4.7096734,3
194655181270844,14077736820,4.491627,7.2768726,4.7168517,3
194655183770844,14080236820,4.4859443,7.2711897,4.7288156,3
194655186270844,14082736820,4.486542,7.2705917,4.741378,3
194655188770844,14085236820,4.5101714,7.268797,4.738387,3
194655191270844,14087736820,4.4841495,7.266703,4.725825,3
194655193770844,14090236820,4.482654,7.2646093,4.720142,3
194655196270844,14092736820,4.486542,7.25444,4.7042894,3
194655198770844,14095236820,4.493422,7.248757,4.703392,3
194655201270844,14097736820,4.4892344,7.2499533,4.6965127,3
194655203770844,14100236820,4.497609,7.252047,4.6818566,3
194655206270844,14102736820,4.4964128,7.2451677,4.682754,3
194655208770844,14105236820,4.491926,7.253842,4.6788654,3
194655211270844,14107736820,4.47398,7.253543,4.6896334,3
194655213770844,14110236820,4.470092,7.255337,4.683053,3
194655216270844,14112736820,4.4596233,7.271788,4.6785665,3
194655218770844,14115236820,4.4557347,7.268797,4.6881375,3
194655221270844,14117736820,4.4371905,7.2708907,4.709075,3
194655223770844,14120236820,4.4464626,7.274181,4.709075,3
194655226270844,14122736820,4.462016,7.266703,4.72074,3
194655228770844,14125236820,4.4605207,7.2702923,4.7213383,3
194655231270844,14127736820,4.4685965,7.2562346,4.7252264,3
194655233770844,14130236820,4.467699,7.25115,4.7138605,3
194655236270844,14132736820,4.4784665,7.245467,4.703093,3
194655238770844,14135236820,4.499703,7.231409,4.7359943,3
194655241270844,14137736820,4.508676,7.2089763,4.8095737,3
194655243770844,14140236820,4.4718866,7.221838,4.700102,3
194655246270844,14142736820,4.4581275,7.211369,4.612465,3
194655248770844,14145236820,4.4629135,7.2065835,4.6002016,3
194655251270844,14147736820,4.4668016,7.2119675,4.619045,3
194655253770844,14150236820,4.5095735,7.211369,4.628018,3
194655256270844,14152736820,4.5218368,7.198209,4.6342993,3
194655258770844,14155236820,4.536493,7.20778,4.64746,3
194655261270844,14157736820,4.5445685,7.211369,4.6707897,3
194655263770844,14160236820,4.5445685,7.216753,4.6899323,3
194655266270844,14162736820,4.552046,7.226025,4.6785665,3
194655268770844,14165236820,4.5451665,7.236494,4.6908298,3
194655271270844,14167736820,4.519444,7.2290163,4.6953163,3
194655273770844,14170236820,4.5038905,7.2475605,4.700102,3
194655276270844,14172736820,4.4946184,7.24786,4.700102,3
194655278770844,14175236820,4.491627,7.260721,4.703691,3
194655281270844,14177736820,4.488337,7.2789664,4.70399,3
194655283770844,14180236820,4.4808593,7.2846494,4.7024946,3
194655286270844,14182736820,4.482056,7.292426,4.735097,3
194655288770844,14185236820,4.4985065,7.301698,4.709075,3
194655291270844,14187736820,4.497011,7.283752,4.708776,3
194655293770844,14190236820,4.5041895,7.286444,4.703392,3
194655296270844,14192736820,4.517948,7.2963142,4.6761737,3
194655298770844,14195236820,4.5299125,7.2843504,4.6785665,3
194655301270844,14197736820,4.5281177,7.2912297,4.670192,3
194655303770844,14200236820,4.5391846,7.2711897,4.662116,3
194655306270844,14202736820,4.536792,7.2732835,4.665107,3
194655308770844,14205236820,4.5451665,7.2699933,4.6507497,3
194655311270844,14207736820,4.5430727,7.2807612,4.64417,3
194655313770844,14210236820,4.5409794,7.2822566,4.6552362,3
194655316270844,14212736820,4.5340996,7.283154,4.6669016,3
194655318770844,14215236820,4.523033,7.301698,4.683053,3
194655321270844,14217736820,4.5059843,7.306783,4.673482,3
194655323770844,14220236820,4.485047,7.3226357,4.688736,3
194655326270844,14222736820,4.471587,7.3375907,4.6788654,3
194655328770844,14225236820,4.4635115,7.346863,4.6881375,3
194655331270844,14227736820,4.449753,7.349854,4.72074,3
194655333770844,14230236820,4.44407,7.3372917,4.7392845,3
194655336270844,14232736820,4.4485564,7.353742,4.747958,3
194655338770844,14235236820,4.4485564,7.3345995,4.752744,3
194655341270844,14237736820,4.4599223,7.3160553,4.7605205,3
194655343770844,14240236820,4.4629135,7.301997,4.756034,3
194655346270844,14242736820,4.4629135,7.279864,4.755137,3
194655348770844,14245236820,4.4629135,7.2711897,4.735396,3
194655351270844,14247736820,4.4629135,7.2499533,4.7216372,3
194655353770844,14250236820,4.4608197,7.2209406,4.7048874,3
194655356270844,14252736820,4.47727,7.2179494,4.6953163,3
194655358770844,14255236820,4.476373,7.201798,4.70728,3
194655361270844,14257736820,4.4805603,7.194021,4.7141595,3
194655363770844,14260236820,4.479065,7.1880393,4.7228336,3
194655366270844,14262736820,4.4838505,7.1826553,4.7216372,3
194655368770844,14265236820,4.486542,7.177571,4.7135615,3
194655371270844,14267736820,4.484748,7.1682982,4.744668,3
194655373770844,14270236820,4.5017967,7.151549,4.7485566,3
194655376270844,14272736820,4.4988055,7.1563344,4.732405,3
194655378770844,14275236820,4.5101714,7.1560354,4.7359943,3
194655381270844,14277736820,4.5035915,7.1677003,4.7042894,3
194655383770844,14280236820,4.5011983,7.1659055,4.671687,3
194655386270844,14282736820,4.5248275,7.178767,4.6471605,3
194655388770844,14285236820,4.523332,7.1898336,4.6091747,3
194655391270844,14287736820,4.5209394,7.2059855,4.599304,3
194655393770844,14290236820,4.5242295,7.211369,4.59063,3
194655396270844,14292736820,4.531707,7.2397842,4.586443,3
194655398770844,14295236820,4.5409794,7.2496543,4.607081,3
194655401270844,14297736820,4.549055,7.2616186,4.612465,3
194655403770844,14300236820,4.5484567,7.2702923,4.625326,3
194655406270844,14302736820,4.5352964,7.2879395,4.615755,3
194655408770844,14305236820,4.5335016,7.2912297,4.62742,3
194655411270844,14307736820,4.546064,7.2903323,4.6289153,3
194655413770844,14310236820,4.5355954,7.304091,4.6319065,3
194655416270844,14312736820,4.5299125,7.295118,4.642375,3
194655418770844,14315236820,4.5391846,7.2960153,4.6492543,3
194655421270844,14317736820,4.5191445,7.300801,4.627121,3
194655423770844,14320236820,4.518247,7.292127,4.621737,3
194655426270844,14322736820,4.5275197,7.2939215,4.627121,3
194655428770844,14325236820,4.529314,7.29452,4.6283174,3
194655431270844,14327736820,4.5451665,7.2882385,4.621737,3
194655433770844,14330236820,4.5619164,7.294221,4.633701,3
194655436270844,14332736820,4.57747,7.283154,4.644469,3
194655438770844,14335236820,4.590331,7.2786674,4.647759,3
194655441270844,14337736820,4.604389,7.272386,4.6507497,3
194655443770844,14340236820,4.6202416,7.2622166,4.653143,3
194655446270844,14342736820,4.633402,7.2646093,4.663013,3
194655448770844,14345236820,4.6468616,7.256833,4.659424,3
194655451270844,14347736820,4.6498528,7.2616186,4.660919,3
194655453770844,14350236820,4.6354957,7.257431,4.659723,3
194655456270844,14352736820,4.627121,7.246065,4.6558347,3
194655458770844,14355236820,4.6262236,7.2418776,4.6582274,3
194655461270844,14357736820,4.6226344,7.236494,4.674379,3
194655463770844,14360236820,4.625027,7.2266235,4.6824546,3
194655466270844,14362736820,4.627121,7.2155566,4.7132626,3
194655468770844,14365236820,4.610371,7.2059855,4.701298,3
194655471270844,14367736820,4.6028934,7.1952176,4.714459,3
194655473770844,14370236820,4.599304,7.1862445,4.7192445,3
194655476270844,14372736820,4.598407,7.2003026,4.727021,3
194655478770844,14375236820,4.5909295,7.2041907,4.7009993,3
194655481270844,14377736820,4.5804605,7.199405,4.6929235,3
194655483770844,14380236820,4.572086,7.1976104,4.680959,3
194655486270844,14382736820,4.5798626,7.2023964,4.67408,3
194655488770844,14385236820,4.566702,7.210472,4.6908298,3
194655491270844,14387736820,4.555635,7.224231,4.6908298,3
194655493770844,14390236820,4.5502515,7.237092,4.70728,3
194655496270844,14392736820,4.538287,7.246364,4.7009993,3
194655498770844,14395236820,4.517649,7.263413,4.686642,3
194655501270844,14397736820,4.508078,7.2586274,4.7075796,3
194655503770844,14400236820,4.4979086,7.2670026,4.731508,3
194655506270844,14402736820,4.4928236,7.264909,4.7545385,3
194655508770844,14405236820,4.479663,7.2696943,4.767101,3
194655511270844,14407736820,4.4868417,7.289435,4.767101,3
194655513770844,14410236820,4.470391,7.2903323,4.7458644,3
194655516270844,14412736820,4.4859443,7.286743,4.7599225,3
194655518770844,14415236820,4.476971,7.2915287,4.758427,3
194655521270844,14417736820,4.4775696,7.27777,4.7626143,3
194655523770844,14420236820,4.49402,7.272386,4.7602215,3
194655526270844,14422736820,4.4898324,7.277172,4.7455654,3
194655528770844,14425236820,4.473681,7.2586274,4.7365923,3
194655531270844,14427736820,4.4760737,7.260422,4.71087,3
194655533770844,14430236820,4.456632,7.240382,4.6932225,3
194655536270844,14432736820,4.443771,7.2344003,4.683053,3
194655538770844,14435236820,4.429414,7.2299137,4.680959,3
194655541270844,14437736820,4.4255257,7.2233334,4.6782675,3
194655543770844,14440236820,4.432704,7.2212396,4.693821,3
194655546270844,14442736820,4.4578285,7.237391,4.67408,3
194655548770844,14445236820,4.461717,7.233802,4.6698923,3
194655551270844,14447736820,4.470092,7.2433734,4.6767716,3
194655553770844,14450236820,4.479663,7.248757,4.671986,3
194655556270844,14452736820,4.488636,7.252047,4.659723,3
194655558770844,14455236820,4.4760737,7.25115,4.662415,3
194655561270844,14457736820,4.476971,7.260422,4.659723,3
194655563770844,14460236820,4.482953,7.2526455,4.6351967,3
194655566270844,14462736820,4.4931226,7.2616186,4.631009,3
194655568770844,14465236820,4.49731,7.2589264,4.6340003,3
194655571270844,14467736820,4.518247,7.2619176,4.6378884,3
194655573770844,14470236820,4.5332026,7.260422,4.6435714,3
194655576270844,14472736820,4.523033,7.2508507,4.6468616,3
194655578770844,14475236820,4.5415773,7.240083,4.6519465,3
194655581270844,14477736820,4.54068,7.246364,4.662714,3
194655583770844,14480236820,4.5469613,7.237391,4.6674995,3
194655586270844,14482736820,4.538586,7.2299137,4.659723,3
194655588770844,14485236820,4.5361934,7.22782,4.666004,3
194655591270844,14487736820,4.5352964,7.2287173,4.660919,3
194655593770844,14490236820,4.549952,7.2215385,4.6698923,3
194655596270844,14492736820,4.551448,7.2263246,4.688437,3
194655598770844,14495236820,4.555635,7.237092,4.6956153,3
194655601270844,14497736820,4.5670013,7.242177,4.699504,3
194655603770844,14500236820,4.5598226,7.234998,4.706084,3
194655606270844,14502736820,4.566702,7.2376904,4.701298,3
194655608770844,14505236820,4.5505505,7.2341013,4.7096734,3
194655611270844,14507736820,4.5466623,7.254141,4.7189455,3
194655613770844,14510236820,4.5352964,7.2529445,4.732405,3
194655616270844,14512736820,4.5131626,7.2448688,4.729115,3
194655618770844,14515236820,4.4832525,7.245766,4.7359943,3
194655621270844,14517736820,4.4778686,7.2556367,4.7488556,3
194655623770844,14520236820,4.476672,7.25773,4.751847,3
194655626270844,14522736820,4.4665027,7.2676005,4.759025,3
194655628770844,14525236820,4.453342,7.275975,4.766503,3
194655631270844,14527736820,4.4518466,7.27777,4.758726,3
194655633770844,14530236820,4.447958,7.275975,4.747958,3
194655636270844,14532736820,4.434499,7.277172,4.749753,3
194655638770844,14535236820,4.4198427,7.2750783,4.7491546,3
194655641270844,14537736820,4.421936,7.279565,4.738985,3
194655643770844,14540236820,4.427021,7.2807612,4.7524447,3
194655646270844,14542736820,4.4261236,7.2858458,4.7398825,3
194655648770844,14545236820,4.4321055,7.2735825,4.72074,3
194655651270844,14547736820,4.434499,7.2756763,4.720142,3
194655653770844,14550236820,4.4395833,7.2768726,4.705785,3
194655656270844,14552736820,4.4491544,7.272087,4.7078786,3
194655658770844,14555236820,4.4554358,7.268797,4.6968117,3
194655661270844,14557736820,4.4485564,7.289435,4.6842494,3
194655663770844,14560236820,4.447659,7.282855,4.700401,3
194655666270844,14562736820,4.450052,7.2876406,4.698008,3
194655668770844,14565236820,4.456632,7.2918277,4.6929235,3
194655671270844,14567736820,4.4581275,7.2933235,4.685446,3
194655673770844,14570236820,4.4545383,7.292127,4.684848,3
194655676270844,14572736820,4.4653063,7.2972116,4.692624,3
194655678770844,14575236820,4.4778686,7.3025956,4.6815577,3
194655681270844,14577736820,4.4856453,7.3109703,4.6704907,3
194655683770844,14580236820,4.4928236,7.3283186,4.6698923,3
194655686270844,14582736820,4.49731,7.3322067,4.6654058,3
194655688770844,14585236820,4.490431,7.333104,4.6471605,3
194655691270844,14587736820,4.4868417,7.344171,4.6731825,3
194655693770844,14590236820,4.4967117,7.335198,4.683053,3
194655696270844,14592736820,4.499105,7.3304124,4.6815577,3
194655698770844,14595236820,4.4889355,7.324131,4.692026,3
194655701270844,14597736820,4.482056,7.320243,4.6992044,3
194655703770844,14600236820,4.4895334,7.305587,4.70399,3
194655706270844,14602736820,4.4979086,7.2912297,4.7162533,3
194655708770844,14605236820,4.4775696,7.259525,4.7024946,3
194655711270844,14607736820,4.4718866,7.263114,4.7195435,3
194655713770844,14610236820,4.475775,7.266404,4.7007003,3
194655716270844,14612736820,4.464708,7.246364,4.6953163,3
194655718770844,14615236820,4.4614177,7.2466636,4.69412,3
194655721270844,14617736820,4.47398,7.2550383,4.7018967,3
194655723770844,14620236820,4.470989,7.24786,4.7027936,3
194655726270844,14622736820,4.4656053,7.2532434,4.7159543,3
194655728770844,14625236820,4.4694934,7.246364,4.705486,3
194655731270844,14627736820,4.465904,7.260422,4.6992044,3
194655733770844,14630236820,4.4668016,7.2472615,4.6989055,3
194655736270844,14632736820,4.4781675,7.2472615,4.703392,3
194655738770844,14635236820,4.4841495,7.2451677,4.712664,3
194655741270844,14637736820,4.5011983,7.240083,4.723731,3
194655743770844,14640236820,4.5006003,7.227521,4.7279186,3
194655746270844,14642736820,4.511368,7.2125654,4.7210393,3
194655748770844,14645236820,4.5044885,7.210472,4.709075,3
194655751270844,14647736820,4.5071807,7.212865,4.6950173,3
194655753770844,14650236820,4.5191445,7.212865,4.697709,3
194655756270844,14652736820,4.529015,7.1916285,4.71087,3
194655758770844,14655236820,4.534997,7.210472,4.701597,3
194655761270844,14657736820,4.5427737,7.19791,4.6911287,3
194655763770844,14660236820,4.5601215,7.1949186,4.686642,3
194655766270844,14662736820,4.578068,7.2023964,4.690531,3
194655768770844,14665236820,4.5882373,7.1946197,4.697709,3
194655771270844,14667736820,4.595715,7.2044897,4.680062,3
194655773770844,14670236820,4.5945187,7.21107,4.657031,3
194655776270844,14672736820,4.5966125,7.2101727,4.659723,3
194655778770844,14675236820,4.5951166,7.2176504,4.651647,3
194655781270844,14677736820,4.5894337,7.2215385,4.6435714,3
194655783770844,14680236820,4.581657,7.2266235,4.6746783,3
194655786270844,14682736820,4.5825543,7.225726,4.690531,3
194655788770844,14685236820,4.569394,7.2409806,4.6950173,3
194655791270844,14687736820,4.5744786,7.239485,4.712963,3
194655793770844,14690236820,4.555635,7.2616186,4.703691,3
194655796270844,14692736820,4.5361934,7.257132,4.7344985,3
194655798770844,14695236820,4.525725,7.2640114,4.733302,3
194655801270844,14697736820,4.508078,7.2646093,4.7359943,3
194655803770844,14700236820,4.517649,7.259824,4.746164,3
194655806270844,14702736820,4.51077,7.2732835,4.764409,3
194655808770844,14705236820,4.5149574,7.2750783,4.7482576,3
194655811270844,14707736820,4.51077,7.266703,4.743771,3
194655813770844,14710236820,4.5227337,7.259824,4.727619,3
194655816270844,14712736820,4.532604,7.262516,4.721936,3
194655818770844,14715236820,4.5391846,7.259525,4.7009993,3
194655821270844,14717736820,4.552943,7.2502527,4.677669,3
194655823770844,14720236820,4.553242,7.233802,4.6746783,3
194655826270844,14722736820,4.5427737,7.246065,4.6564326,3
194655828770844,14725236820,4.537091,7.2442703,4.6471605,3
194655831270844,14727736820,4.5320063,7.2472615,4.6429734,3
194655833770844,14730236820,4.514359,7.238887,4.6695933,3
194655836270844,14732736820,4.5003014,7.239186,4.672285,3
194655838770844,14735236820,4.5035915,7.240083,4.7045884,3
194655841270844,14737736820,4.4862432,7.242476,4.7099724,3
194655843770844,14740236820,4.494319,7.2296147,4.714758,3
194655846270844,14742736820,4.482654,7.2290163,4.7249274,3
194655848770844,14745236820,4.476373,7.2305117,4.7288156,3
194655851270844,14747736820,4.488337,7.2176504,4.7288156,3
194655853770844,14750236820,4.493721,7.211369,4.6914277,3
194655856270844,14752736820,4.495815,7.2068825,4.7105703,3
194655858770844,14755236820,4.49402,7.214659,4.685745,3
194655861270844,14757736820,4.5116673,7.216454,4.668098,3
194655863770844,14760236820,4.526024,7.216155,4.6821556,3
194655866270844,14762736820,4.5469613,7.231708,4.6707897,3
194655868770844,14765236820,4.545466,7.231409,4.662116,3
194655871270844,14767736820,4.558626,7.237391,4.685446,3
194655873770844,14770236820,4.5678983,7.2433734,4.677071,3
194655876270844,14772736820,4.578666,7.263114,4.680959,3
194655878770844,14775236820,4.5819564,7.2637124,4.6836514,3
194655881270844,14777736820,4.586742,7.2676005,4.6899323,3
194655883770844,14780236820,4.575675,7.266703,4.6806602,3
194655886270844,14782736820,4.566403,7.2729845,4.693821,3
194655888770844,14785236820,4.5649076,7.280163,4.7024946,3
194655891270844,14787736820,4.5544386,7.2807612,4.6752763,3
194655893770844,14790236820,4.558925,7.2882385,4.6872406,3
194655896270844,14792736820,4.564608,7.2786674,4.693821,3
194655898770844,14795236820,4.562515,7.278069,4.688736,3
194655901270844,14797736820,4.5649076,7.2678995,4.7042894,3
194655903770844,14800236820,4.5658045,7.2640114,4.697709,3
194655906270844,14802736820,4.549952,7.2556367,4.694419,3
194655908770844,14805236820,4.543372,7.2451677,4.686642,3
194655911270844,14807736820,4.543372,7.227521,4.6839504,3
194655913770844,14810236820,4.5409794,7.2155566,4.6875396,3
194655916270844,14812736820,4.53081,7.1934233,4.6746783,3
194655918770844,14815236820,4.5209394,7.185048,4.6779685,3
194655921270844,14817736820,4.5209394,7.17787,4.6896334,3
194655923770844,14820236820,4.497011,7.178767,4.679763,3
194655926270844,14822736820,4.494319,7.187142,4.6761737,3
194655928770844,14825236820,4.49073,7.1946197,4.6824546,3
194655931270844,14827736820,4.4874396,7.1946197,4.706084,3
194655933770844,14830236820,4.482355,7.2026954,4.718347,3
194655936270844,14832736820,4.4748774,7.201798,4.70728,3
194655938770844,14835236820,4.465904,7.199704,4.7027936,3
194655941270844,14837736820,4.444369,7.2152576,4.7192445,3
194655943770844,14840236820,4.4554358,7.2158556,4.7135615,3
194655946270844,14842736820,4.465007,7.222735,4.698307,3
194655948770844,14845236820,4.4805603,7.2329044,4.698307,3
194655951270844,14847736820,4.482355,7.230811,4.697709,3
194655953770844,14850236820,4.487739,7.2502527,4.7075796,3
194655956270844,14852736820,4.497609,7.231708,4.712664,3
194655958770844,14855236820,4.497609,7.242775,4.698008,3
194655961270844,14857736820,4.5023947,7.2436724,4.6806602,3
194655963770844,14860236820,4.502993,7.2472615,4.6785665,3
194655966270844,14862736820,4.5077786,7.265208,4.690531,3
194655968770844,14865236820,4.5011983,7.266404,4.685745,3
194655971270844,14867736820,4.5098724,7.28106,4.706084,3
194655973770844,14870236820,4.4895334,7.2996044,4.6986065,3
194655976270844,14872736820,4.4856453,7.3011003,4.6929235,3
194655978770844,14875236820,4.488337,7.303194,4.703691,3
194655981270844,14877736820,4.4838505,7.3142605,4.7081776,3
194655983770844,14880236820,4.4931226,7.318747,4.691727,3
194655986270844,14882736820,4.508377,7.3142605,4.6896334,3
194655988770844,14885236820,4.512265,7.3142605,4.706084,3
194655991270844,14887736820,4.532604,7.3142605,4.6950173,3
194655993770844,14890236820,4.5481577,7.3157563,4.6755753,3
194655996270844,14892736820,4.5565324,7.2954173,4.665705,3
194655998770844,14895236820,4.564608,7.294221,4.6561337,3
194656001270844,14897736820,4.5705905,7.2735825,4.6354957,3
194656003770844,14900236820,4.556832,7.26102,4.6289153,3
194656006270844,14902736820,4.5595236,7.2658057,4.616353,3
194656008770844,14905236820,4.5541396,7.263114,4.619344,3
194656011270844,14907736820,4.549952,7.2762747,4.6325045,3
194656013770844,14910236820,4.5508494,7.283752,4.653741,3
194656016270844,14912736820,4.5535417,7.2876406,4.6725845,3
194656018770844,14915236820,4.545765,7.289435,4.6636114,3
194656021270844,14917736820,4.5352964,7.3115687,4.6899323,3
194656023770844,14920236820,4.537091,7.315158,4.700102,3
194656026270844,14922736820,4.5320063,7.3118677,4.6914277,3
194656028770844,14925236820,4.5209394,7.3106713,4.6986065,3
194656031270844,14927736820,4.513761,7.2972116,4.7105703,3
194656033770844,14930236820,4.5011983,7.3043904,4.7024946,3
194656036270844,14932736820,4.485346,7.2882385,4.6968117,3
194656038770844,14935236820,4.4817567,7.279565,4.6959143,3
194656041270844,14937736820,4.491627,7.274181,4.7024946,3
194656043770844,14940236820,4.4784665,7.2550383,4.712664,3
194656046270844,14942736820,4.4775696,7.2496543,4.7192445,3
194656048770844,14945236820,4.49731,7.2361946,4.705785,3
194656051270844,14947736820,4.4925246,7.231708,4.7225347,3
194656053770844,14950236820,4.502993,7.2433734,4.729115,3
194656056270844,14952736820,4.511966,7.225726,4.7135615,3
194656058770844,14955236820,4.5245285,7.2209406,4.718347,3
194656061270844,14957736820,4.536493,7.2233334,4.7156553,3
194656063770844,14960236820,4.5415773,7.231409,4.7159543,3
194656066270844,14962736820,4.5466623,7.2209406,4.683352,3
194656068770844,14965236820,4.5340996,7.220342,4.688736,3
194656071270844,14967736820,4.5269213,7.2212396,4.686044,3
194656073770844,14970236820,4.5170507,7.2236323,4.6746783,3
194656076270844,14972736820,4.5131626,7.219744,4.6695933,3
194656078770844,14975236820,4.5038905,7.2299137,4.6956153,3
194656081270844,14977736820,4.4946184,7.221838,4.709075,3
194656083770844,14980236820,4.484748,7.2302127,4.7027936,3
194656086270844,14982736820,4.4874396,7.2065835,4.708776,3
194656088770844,14985236820,4.479364,7.225128,4.7153563,3
194656091270844,14987736820,4.478766,7.2293153,4.7153563,3
194656093770844,14990236820,4.478766,7.2287173,4.706084,3
194656096270844,14992736820,4.4671006,7.221838,4.700401,3
194656098770844,14995236820,4.4605207,7.2233334,4.690531,3
194656101270844,14997736820,4.4724846,7.2272215,4.682754,3
194656103770844,15000236820,4.47398,7.227521,4.66062,3
194656106270844,15002736820,4.4871407,7.2352977,4.6462636,3
194656108770844,15005236820,4.4811587,7.2355967,4.6450667,3
194656111270844,15007736820,4.479364,7.2523465,4.6654058,3
194656113770844,15010236820,4.486542,7.263413,4.6447678,3
194656116270844,15012736820,4.4832525,7.2807612,4.673482,3
194656118770844,15015236820,4.47398,7.2858458,4.694718,3
194656121270844,15017736820,4.4868417,7.295118,4.6902313,3
194656123770844,15020236820,4.488038,7.2975106,4.705486,3
194656126270844,15022736820,4.482654,7.3079796,4.721936,3
194656128770844,15025236820,4.4838505,7.2933235,4.7282176,3
194656131270844,15027736820,4.479663,7.2996044,4.7359943,3
194656133770844,15030236820,4.4742794,7.283453,4.744369,3
194656136270844,15032736820,4.4694934,7.2676005,4.7210393,3
194656138770844,15035236820,4.476672,7.2508507,4.7162533,3
194656141270844,15037736820,4.4898324,7.2382884,4.706084,3
194656143770844,15040236820,4.4952164,7.216155,4.6989055,3
194656146270844,15042736820,4.478766,7.222436,4.717749,3
194656148770844,15045236820,4.4745784,7.2122664,4.727619,3
194656151270844,15047736820,4.4718866,7.224231,4.7401814,3
194656153770844,15050236820,4.4718866,7.228119,4.7336016,3
194656156270844,15052736820,4.473681,7.2305117,4.7431726,3
194656158770844,15055236820,4.482355,7.2361946,4.759025,3
194656161270844,15057736820,4.47069,7.245766,4.741378,3
194656163770844,15060236820,4.4724846,7.256833,4.7766724,3
194656166270844,15062736820,4.4674,7.2699933,4.7766724,3
194656168770844,15065236820,4.467699,7.2676005,4.7676992,3
194656171270844,15067736820,4.479065,7.274779,4.7718863,3
194656173770844,15070236820,4.4868417,7.2735825,4.7605205,3
194656176270844,15072736820,4.4868417,7.2678995,4.7662034,3
194656178770844,15075236820,4.5003014,7.257431,4.776074,3
194656181270844,15077736820,4.5038905,7.25444,4.765007,3
194656183770844,15080236820,4.5077786,7.223932,4.7425747,3
194656186270844,15082736820,4.5206404,7.2140613,4.7434716,3
194656188770844,15085236820,4.5361934,7.2158556,4.738686,3
194656191270844,15087736820,4.549653,7.2152576,4.7359943,3
194656193770844,15090236820,4.570291,7.2098737,4.730012,3
194656196270844,15092736820,4.5825543,7.201499,4.731209,3
194656198770844,15095236820,4.589733,7.196414,4.723731,3
194656201270844,15097736820,4.599304,7.2086773,4.6953163,3
194656203770844,15100236820,4.5945187,7.214659,4.6893344,3
194656206270844,15102736820,4.5885367,7.220342,4.6821556,3
194656208770844,15105236820,4.592425,7.2176504,4.6710887,3
194656211270844,15107736820,4.5834517,7.2137623,4.6378884,3
194656213770844,15110236820,4.581657,7.2206416,4.6576295,3
194656216270844,15112736820,4.5655055,7.218847,4.6636114,3
194656218770844,15115236820,4.546363,7.2245297,4.6546383,3
194656221270844,15117736820,4.528716,7.24457,4.659723,3
194656223770844,15120236820,4.519743,7.256833,4.65733,3
194656226270844,15122736820,4.495815,7.262815,4.6564326,3
194656228770844,15125236820,4.484449,7.2711897,4.657031,3
194656231270844,15127736820,4.488038,7.283453,4.680062,3
194656233770844,15130236820,4.4871407,7.292127,4.6767716,3
194656236270844,15132736820,4.4838505,7.29452,4.700401,3
194656238770844,15135236820,4.493422,7.2792654,4.7084765,3
194656241270844,15137736820,4.488038,7.280163,4.720441,3
194656243770844,15140236820,4.4778686,7.2807612,4.712664,3
194656246270844,15142736820,4.5059843,7.2699933,4.706682,3
194656248770844,15145236820,4.508377,7.2556367,4.677071,3
194656251270844,15147736820,4.519444,7.240083,4.677071,3
194656253770844,15150236820,4.531707,7.218249,4.6698923,3
194656256270844,15152736820,4.5388856,7.218249,4.6555357,3
194656258770844,15155236820,4.557729,7.2233334,4.6558347,3
194656261270844,15157736820,4.5729833,7.237391,4.6447678,3
194656263770844,15160236820,4.570291,7.2122664,4.6354957,3
194656266270844,15162736820,4.603492,7.228119,4.625027,3
194656268770844,15165236820,4.601398,7.224231,4.6283174,3
194656271270844,15167736820,4.599005,7.224231,4.616353,3
194656273770844,15170236820,4.6055856,7.219445,4.603492,3
194656276270844,15172736820,4.5933223,7.2116685,4.599603,3
194656278770844,15175236820,4.586443,7.2206416,4.589733,3
194656281270844,15177736820,4.5738807,7.2023964,4.5909295,3
194656283770844,15180236820,4.5544386,7.2299137,4.6028934,3
194656286270844,15182736820,4.5338006,7.2302127,4.618746,3
194656288770844,15185236820,4.5116673,7.231409,4.645665,3
194656291270844,15187736820,4.51406,7.243074,4.6522455,3
194656293770844,15190236820,4.4868417,7.240083,4.640281,3
194656296270844,15192736820,4.4751763,7.2475605,4.668098,3
194656298770844,15195236820,4.473382,7.2526455,4.6782675,3
194656301270844,15197736820,4.476672,7.269096,4.674379,3
194656303770844,15200236820,4.47727,7.283752,4.659723,3
194656306270844,15202736820,4.4811587,7.289136,4.6755753,3
194656308770844,15205236820,4.4889355,7.2969127,4.67408,3
194656311270844,15207736820,4.5023947,7.294221,4.6692944,3
194656313770844,15210236820,4.523033,7.2861447,4.6749773,3
194656316270844,15212736820,4.5352964,7.2807612,4.683053,3
194656318770844,15215236820,4.540381,7.2819576,4.6824546,3
194656321270844,15217736820,4.5822554,7.286444,4.6761737,3
194656323770844,15220236820,4.592126,7.2879395,4.688437,3
194656326270844,15222736820,4.599304,7.292725,4.6929235,3
194656328770844,15225236820,4.601099,7.2990065,4.6929235,3
194656331270844,15227736820,4.5888357,7.2933235,4.700102,3
194656333770844,15230236820,4.595715,7.294819,4.6881375,3
194656336270844,15232736820,4.599005,7.2936225,4.6842494,3
194656338770844,15235236820,4.5999026,7.2975106,4.692624,3
194656341270844,15237736820,4.6058846,7.2840514,4.6839504,3
194656343770844,15240236820,4.6061835,7.280163,4.671687,3
194656346270844,15242736820,4.6022954,7.2753773,4.701298,3
194656348770844,15245236820,4.5930233,7.268797,4.6965127,3
194656351270844,15247736820,4.590032,7.2562346,4.7018967,3
194656353770844,15250236820,4.5837507,7.2502527,4.7171507,3
194656356270844,15252736820,4.5616174,7.25773,4.7174497,3
194656358770844,15255236820,4.5538406,7.24457,4.724329,3
194656361270844,15257736820,4.5595236,7.2287173,4.749753,3
194656363770844,15260236820,4.5505505,7.2065835,4.750052,3
194656366270844,15262736820,4.5478587,7.2083783,4.749454,3
194656368770844,15265236820,4.5391846,7.2098737,4.7491546,3
194656371270844,15267736820,4.536493,7.2026954,4.7563334,3
194656373770844,15270236820,4.5481577,7.1949186,4.7371907,3
194656376270844,15272736820,4.554738,7.1617184,4.7359943,3
194656378770844,15275236820,4.558626,7.173981,4.735396,3
194656381270844,15277736820,4.5451665,7.1859455,4.7192445,3
194656383770844,15280236820,4.558626,7.178169,4.705486,3
194656386270844,15282736820,4.5631127,7.173981,4.712066,3
194656388770844,15285236820,4.5508494,7.1772714,4.7078786,3
194656391270844,15287736820,4.561019,7.17787,4.6953163,3
194656393770844,15290236820,4.557131,7.1952176,4.7027936,3
194656396270844,15292736820,4.578367,7.2044897,4.6950173,3
194656398770844,15295236820,4.6169515,7.2149587,4.6953163,3
194656401270844,15297736820,4.6501517,7.2302127,4.673781,3
194656403770844,15300236820,4.636991,7.2326055,4.6136613,3
194656406270844,15302736820,4.601398,7.2011995,4.5726843,3
194656408770844,15305236820,4.573581,7.1889367,4.6357946,3
194656411270844,15307736820,4.5481577,7.1748786,4.686343,3
194656413770844,15310236820,4.5224347,7.158727,4.677071,3
194656416270844,15312736820,4.4922256,7.1742806,4.6672006,3
194656418770844,15315236820,4.4638104,7.2023964,4.65733,3
194656421270844,15317736820,4.462315,7.2212396,4.6731825,3
194656423770844,15320236820,4.4434714,7.240083,4.6806602,3
194656426270844,15322736820,4.4243293,7.257132,4.671986,3
194656428770844,15325236820,4.416253,7.269096,4.666004,3
194656431270844,15327736820,4.389334,7.306185,4.6471605,3
194656433770844,15330236820,4.371388,7.335796,4.636094,3
194656436270844,15332736820,4.375276,7.342675,4.6169515,3
194656438770844,15335236820,4.367799,7.3606215,4.62742,3
194656441270844,15337736820,4.384548,7.3636127,4.63071,3
194656443770844,15340236820,4.418048,7.3552375,4.657031,3
194656446270844,15342736820,4.432704,7.3582287,4.664509,3
194656448770844,15345236820,4.4572306,7.3528447,4.680062,3
194656451270844,15347736820,4.476971,7.347461,4.683352,3
194656453770844,15350236820,4.496114,7.341479,4.683352,3
194656456270844,15352736820,4.517948,7.3378897,4.683352,3
194656458770844,15355236820,4.5134616,7.331609,4.682754,3
194656461270844,15357736820,4.5035915,7.3453674,4.671687,3
194656463770844,15360236820,4.5011983,7.3313093,4.664808,3
194656466270844,15362736820,4.494319,7.309176,4.6755753,3
194656468770844,15365236820,4.476672,7.309774,4.679165,3
194656471270844,15367736820,4.4859443,7.3025956,4.694419,3
194656473770844,15370236820,4.4632125,7.2930245,4.712066,3
194656476270844,15372736820,4.4665027,7.2957163,4.7189455,3
194656478770844,15375236820,4.4671006,7.279565,4.7425747,3
194656481270844,15377736820,4.459025,7.271788,4.7428737,3
194656483770844,15380236820,4.465904,7.2646093,4.74736,3
194656486270844,15382736820,4.4802613,7.257132,4.7482576,3
194656488770844,15385236820,4.479663,7.263413,4.738387,3
194656491270844,15387736820,4.482056,7.2436724,4.735097,3
194656493770844,15390236820,4.5044885,7.248757,4.732704,3
194656496270844,15392736820,4.5011983,7.240382,4.724329,3
194656498770844,15395236820,4.514658,7.2358956,4.7285166,3
194656501270844,15397736820,4.5209394,7.2469625,4.7195435,3
194656503770844,15400236820,4.5158544,7.233802,4.732405,3
194656506270844,15402736820,4.517649,7.248757,4.7045884,3
194656508770844,15405236820,4.5131626,7.240083,4.725825,3
194656511270844,15407736820,4.517948,7.2385874,4.731508,3
194656513770844,15410236820,4.519743,7.239186,4.7470613,3
194656516270844,15412736820,4.510471,7.2412796,4.7452664,3
194656518770844,15415236820,4.4982076,7.2466636,4.7431726,3
194656521270844,15417736820,4.47727,7.2376904,4.74078,3
194656523770844,15420236820,4.4817567,7.240382,4.744668,3
194656526270844,15422736820,4.4835515,7.242476,4.753342,3
194656528770844,15425236820,4.488337,7.2344003,4.7401814,3
194656531270844,15427736820,4.4874396,7.233204,4.731508,3
194656533770844,15430236820,4.4985065,7.2320075,4.7395835,3
194656536270844,15432736820,4.487739,7.2326055,4.7339005,3
194656538770844,15435236820,4.479663,7.230811,4.74078,3
194656541270844,15437736820,4.5017967,7.2305117,4.7371907,3
194656543770844,15440236820,4.5006003,7.218847,4.7282176,3
194656546270844,15442736820,4.499105,7.2272215,4.7231326,3
194656548770844,15445236820,4.494319,7.2355967,4.7048874,3
194656551270844,15447736820,4.5059843,7.233503,4.7021956,3
194656553770844,15450236820,4.4892344,7.237391,4.6902313,3
194656556270844,15452736820,4.4895334,7.226025,4.680062,3
194656558770844,15455236820,4.487739,7.24457,4.6902313,3
194656561270844,15457736820,4.476373,7.2565336,4.6986065,3
194656563770844,15460236820,4.4605207,7.268199,4.694718,3
194656566270844,15462736820,4.441976,7.2622166,4.70728,3
194656568770844,15465236820,4.430012,7.283752,4.698307,3
194656571270844,15467736820,4.4174495,7.285547,4.6932225,3
194656573770844,15470236820,4.4228334,7.289435,4.723432,3
194656576270844,15472736820,4.4398823,7.2930245,4.733003,3
194656578770844,15475236820,4.447958,7.292725,4.721936,3
194656581270844,15477736820,4.453342,7.2897344,4.7168517,3
194656583770844,15480236820,4.469793,7.277471,4.729115,3
194656586270844,15482736820,4.4778686,7.268797,4.7213383,3
194656588770844,15485236820,4.500002,7.27448,4.712664,3
194656591270844,15487736820,4.499404,7.25444,4.6911287,3
194656593770844,15490236820,4.511966,7.251748,4.668397,3
194656596270844,15492736820,4.532903,7.242177,4.644469,3
194656598770844,15495236820,4.549952,7.225726,4.642674,3
194656601270844,15497736820,4.558327,7.2209406,4.651647,3
194656603770844,15500236820,4.543372,7.225726,4.633701,3
194656606270844,15502736820,4.553242,7.231708,4.6354957,3
194656608770844,15505236820,4.5448675,7.2523465,4.623831,3
194656611270844,15507736820,4.5508494,7.2526455,4.6375895,3
194656613770844,15510236820,4.532903,7.2562346,4.657031,3
194656616270844,15512736820,4.5212383,7.259226,4.6639104,3
194656618770844,15515236820,4.5128636,7.2711897,4.671687,3
194656621270844,15517736820,4.4964128,7.277172,4.6893344,3
194656623770844,15520236820,4.4979086,7.2807612,4.699803,3
194656626270844,15522736820,4.5023947,7.274779,4.7084765,3
194656628770844,15525236820,4.505087,7.2643104,4.708776,3
194656631270844,15527736820,4.5116673,7.255337,4.7228336,3
194656633770844,15530236820,4.51077,7.272386,4.703691,3
194656636270844,15532736820,4.5266223,7.2469625,4.7024946,3
194656638770844,15535236820,4.54068,7.24786,4.7228336,3
194656641270844,15537736820,4.546064,7.2508507,4.705187,3
194656643770844,15540236820,4.5598226,7.2436724,4.711169,3
194656646270844,15542736820,4.5681977,7.246364,4.7135615,3
194656648770844,15545236820,4.5598226,7.2346992,4.6845484,3
194656651270844,15547736820,4.5825543,7.2442703,4.67408,3
194656653770844,15550236820,4.581059,7.225128,4.6899323,3
194656656270844,15552736820,4.5858445,7.22782,4.6785665,3
194656658770844,15555236820,4.5966125,7.2341013,4.6692944,3
194656661270844,15557736820,4.5942197,7.239485,4.668098,3
194656663770844,15560236820,4.5987062,7.242775,4.6704907,3
194656666270844,15562736820,4.6061835,7.2287173,4.666602,3
194656668770844,15565236820,4.6121655,7.233802,4.6674995,3
194656671270844,15567736820,4.599304,7.2397842,4.6564326,3
194656673770844,15570236820,4.5975094,7.233503,4.658826,3
194656676270844,15572736820,4.5933223,7.240681,4.666602,3
194656678770844,15575236820,4.592126,7.2341013,4.679464,3
194656681270844,15577736820,4.5837507,7.230811,4.6767716,3
194656683770844,15580236820,4.5675993,7.2089763,4.664509,3
194656686270844,15582736820,4.543671,7.2101727,4.6839504,3
194656688770844,15585236820,4.5427737,7.198508,4.668098,3
194656691270844,15587736820,4.5263233,7.2086773,4.6842494,3
194656693770844,15590236820,4.518247,7.2248287,4.679165,3
194656696270844,15592736820,4.5131626,7.225128,4.6845484,3
194656698770844,15595236820,4.537988,7.2323065,4.701597,3
194656701270844,15597736820,4.529015,7.2323065,4.7096734,3
194656703770844,15600236820,4.546064,7.2293153,4.7084765,3
194656706270844,15602736820,4.56072,7.233802,4.6899323,3
194656708770844,15605236820,4.558028,7.236494,4.681258,3
194656711270844,15607736820,4.5505505,7.2358956,4.6764727,3
194656713770844,15610236820,4.563711,7.237092,4.6549373,3
194656716270844,15612736820,4.577769,7.22782,4.63071,3
194656718770844,15615236820,4.5714874,7.228418,4.636094,3
194656721270844,15617736820,4.5601215,7.2439713,4.636094,3
194656723770844,15620236820,4.5741796,7.242476,4.6543393,3
194656726270844,15622736820,4.569394,7.2358956,4.6600223,3
194656728770844,15625236820,4.5658045,7.24457,4.659723,3
194656731270844,15627736820,4.5523453,7.251748,4.659424,3
194656733770844,15630236820,4.5628138,7.2409806,4.6707897,3
194656736270844,15632736820,4.558028,7.252047,4.6893344,3
194656738770844,15635236820,4.5613184,7.259226,4.694718,3
194656741270844,15637736820,4.553242,7.259226,4.700401,3
194656743770844,15640236820,4.5472603,7.2556367,4.6956153,3
194656746270844,15642736820,4.5466623,7.246065,4.709374,3
194656748770844,15645236820,4.5415773,7.2448688,4.6881375,3
194656751270844,15647736820,4.5296135,7.2466636,4.6908298,3
194656753770844,15650236820,4.5361934,7.240083,4.692026,3
194656756270844,15652736820,4.531109,7.231409,4.692624,3
194656758770844,15655236820,4.5263233,7.2266235,4.699803,3
194656761270844,15657736820,4.5170507,7.2233334,4.6986065,3
194656763770844,15660236820,4.529015,7.225427,4.711169,3
194656766270844,15662736820,4.5284166,7.2329044,4.703392,3
194656768770844,15665236820,4.537091,7.2376904,4.69412,3
194656771270844,15667736820,4.5430727,7.2379894,4.7018967,3
194656773770844,15670236820,4.5475593,7.2266235,4.692325,3
194656776270844,15672736820,4.544269,7.2272215,4.6881375,3
194656778770844,15675236820,4.554738,7.226025,4.6839504,3
194656781270844,15677736820,4.5538406,7.204789,4.6836514,3
194656783770844,15680236820,4.557729,7.2266235,4.6989055,3
194656786270844,15682736820,4.5562334,7.2248287,4.686343,3
194656788770844,15685236820,4.5598226,7.2329044,4.69412,3
194656791270844,15687736820,4.555635,7.237391,4.699803,3
194656793770844,15690236820,4.557729,7.2341013,4.7042894,3
194656796270844,15692736820,4.5448675,7.239485,4.6956153,3
194656798770844,15695236820,4.5269213,7.2341013,4.6872406,3
194656801270844,15697736820,4.523332,7.2451677,4.677071,3
194656803770844,15700236820,4.5221357,7.2466636,4.6782675,3
194656806270844,15702736820,4.512564,7.2580295,4.698008,3
194656808770844,15705236820,4.511966,7.2556367,4.7102714,3
194656811270844,15707736820,4.5152564,7.2523465,4.7249274,3
194656813770844,15710236820,4.525127,7.240382,4.714459,3
194656816270844,15712736820,4.5218368,7.2493553,4.7138605,3
194656818770844,15715236820,4.5188456,7.240083,4.70399,3
194656821270844,15717736820,4.514658,7.2436724,4.6902313,3
194656823770844,15720236820,4.508377,7.245467,4.6914277,3
194656826270844,15722736820,4.5008993,7.2433734,4.6788654,3
194656828770844,15725236820,4.4898324,7.2490563,4.6782675,3
194656831270844,15727736820,4.4988055,7.259525,4.691727,3
194656833770844,15730236820,4.4988055,7.262516,4.6875396,3
194656836270844,15732736820,4.4988055,7.273882,4.689035,3
194656838770844,15735236820,4.497609,7.286743,4.6911287,3
194656841270844,15737736820,4.4946184,7.2876406,4.699504,3
194656843770844,15740236820,4.479364,7.2840514,4.7018967,3
194656846270844,15742736820,4.4895334,7.2996044,4.6950173,3
194656848770844,15745236820,4.4955153,7.2918277,4.685745,3
194656851270844,15747736820,4.490132,7.2846494,4.685745,3
194656853770844,15750236820,4.4856453,7.2876406,4.6761737,3
194656856270844,15752736820,4.4874396,7.2897344,4.665107,3
194656858770844,15755236820,4.4835515,7.273882,4.6585264,3
194656861270844,15757736820,4.4979086,7.2732835,4.666004,3
194656863770844,15760236820,4.5170507,7.2658057,4.671986,3
194656866270844,15762736820,4.5077786,7.260721,4.6746783,3
194656868770844,15765236820,4.517948,7.2619176,4.6710887,3
194656871270844,15767736820,4.525127,7.266404,4.689035,3
194656873770844,15770236820,4.516154,7.259226,4.684848,3
194656876270844,15772736820,4.5323052,7.2547393,4.685147,3
194656878770844,15775236820,4.5323052,7.25444,4.666602,3
194656881270844,15777736820,4.536792,7.259824,4.67408,3
194656883770844,15780236820,4.5481577,7.252047,4.674379,3
194656886270844,15782736820,4.5526443,7.242476,4.6654058,3
194656888770844,15785236820,4.566104,7.2418776,4.670192,3
194656891270844,15787736820,4.5690947,7.2299137,4.67408,3
194656893770844,15790236820,4.5705905,7.2302127,4.6576295,3
194656896270844,15792736820,4.558028,7.223932,4.686642,3
194656898770844,15795236820,4.5711884,7.2125654,4.6558347,3
194656901270844,15797736820,4.5649076,7.218847,4.662415,3
194656903770844,15800236820,4.5634117,7.2272215,4.6639104,3
194656906270844,15802736820,4.554738,7.237391,4.6582274,3
194656908770844,15805236820,4.5535417,7.2505517,4.6528435,3
194656911270844,15807736820,4.532903,7.268797,4.6612186,3
194656913770844,15810236820,4.5445685,7.271788,4.6438704,3
194656916270844,15812736820,4.526024,7.289435,4.6504507,3
194656918770844,15815236820,4.528716,7.303194,4.6522455,3
194656921270844,15817736820,4.543671,7.309475,4.644469,3
194656923770844,15820236820,4.540082,7.315158,4.651647,3
194656926270844,15822736820,4.534698,7.3325057,4.666004,3
194656928770844,15825236820,4.5284166,7.3226357,4.6447678,3
194656931270844,15827736820,4.5206404,7.329515,4.6468616,3
194656933770844,15830236820,4.5278187,7.314859,4.6612186,3
194656936270844,15832736820,4.5221357,7.1243305,4.6642094,3
194656938770844,15835236820,4.3851466,6.9095745,4.6692944,3
194656941270844,15837736820,4.2852464,6.990033,4.7970114,3
194656943770844,15840236820,4.4817567,6.8709903,5.0772705,3
194656946270844,15842736820,4.7288156,6.782456,5.3033924,3
194656948770844,15845236820,4.8843493,6.8111696,5.36411,3
194656951270844,15847736820,4.97079,6.8665037,5.2363935,3
194656953770844,15850236820,4.989035,6.939784,4.9531426,3
194656956270844,15852736820,4.9719863,6.97777,4.686642,3
194656958770844,15855236820,4.956433,6.929016,4.4808593,3
194656961270844,15857736820,4.9109693,6.927222,4.3908296,3
194656963770844,15860236820,4.842774,6.9095745,4.364209,3
194656966270844,15862736820,4.78744,6.879365,4.362415,3
194656968770844,15865236820,4.744668,6.8599234,4.4374895,3
194656971270844,15867736820,4.705486,6.908677,4.5544386,3
194656973770844,15870236820,4.6953163,7.0354967,4.5888357,3
194656976270844,15872736820,4.6818566,7.169794,4.6654058,3
194656978770844,15875236820,4.7216372,7.2993054,4.788935,3
194656981270844,15877736820,4.7365923,7.3340015,4.799404,3
194656983770844,15880236820,4.753342,7.3546395,4.709374,3
194656986270844,15882736820,4.7781677,7.34118,4.6007996,3
194656988770844,15885236820,4.7973104,7.307381,4.5415773,3
194656991270844,15887736820,4.7775693,7.283752,4.496114,3
194656993770844,15890236820,4.7371907,7.262516,4.412664,3
194656996270844,15892736820,4.685147,7.2729845,4.3372903,3
194656998770844,15895236820,4.6672006,7.259226,4.2852464,3
194657001270844,15897736820,4.653442,7.2299137,4.2906303,3
194657003770844,15900236820,4.6262236,7.2382884,4.334,3
194657006270844,15902736820,4.5891347,7.2379894,4.4425745,3
194657008770844,15905236820,4.529015,7.288837,4.5538406,3
194657011270844,15907736820,4.502993,7.3289165,4.679165,3
194657013770844,15910236820,4.476373,7.363014,4.622335,3
194657016270844,15912736820,4.4368916,7.382456,4.601697,3
194657018770844,15915236820,4.4129634,7.399804,4.64417,3
194657021270844,15917736820,4.3983073,7.4365935,4.645964,3
194657023770844,15920236820,4.354638,7.4479594,4.633402,3
194657026270844,15922736820,4.349254,7.4527454,4.644469,3
194657028770844,15925236820,4.3588257,7.454241,4.6495533,3
194657031270844,15927736820,4.3531427,7.461718,4.677071,3
194657033770844,15930236820,4.342375,7.4766736,4.659424,3
194657036270844,15932736820,4.322335,7.4682984,4.6378884,3
194657038770844,15935236820,4.323232,7.4476604,4.6226344,3
194657041270844,15937736820,4.2885365,7.450352,4.6142592,3
194657043770844,15940236820,4.2894335,7.4455667,4.62742,3
194657046270844,15942736820,4.269693,7.4626155,4.6208396,3
194657048770844,15945236820,4.2690945,7.483852,4.619942,3
194657051270844,15947736820,4.269992,7.489535,4.632804,3
194657053770844,15950236820,4.278367,7.4850483,4.653143,3
194657056270844,15952736820,4.29721,7.4679995,4.6842494,3
194657058770844,15955236820,4.299304,7.413563,4.743771,3
194657061270844,15957736820,4.3097725,7.3782687,4.749753,3
194657063770844,15960236820,4.3064823,7.3522468,4.752744,3
194657066270844,15962736820,4.306782,7.325926,4.767998,3
194657068770844,15965236820,4.3181477,7.3046894,4.7829533,3
194657071270844,15967736820,4.3325043,7.2873416,4.8155556,3
194657073770844,15970236820,4.3384867,7.2726855,4.831707,3
194657076270844,15972736820,4.3375893,7.253842,4.840082,3
194657078770844,15975236820,4.342375,7.2523465,4.8493543,3
194657081270844,15977736820,4.3540397,7.2341013,4.861318,3
