sensor_timestamp_ns,relative_to_audio_start_ns,x_m_s2,y_m_s2,z_m_s2,accuracy
149115866288371,-2801596,-1.6381862,10.161421,5.135596,3
149115868788371,-301596,-1.6381862,10.161421,5.135596,3
149115871288371,2198404,-1.6381862,10.161421,5.135596,3
149115873788371,4698404,-1.6381862,10.161421,5.135596,3
149115876288371,7198404,-0.81954175,10.002896,4.6965127,3
149115878788371,9698404,-0.46091747,9.956236,4.4859443,3
149115881288371,12198404,-0.39631125,9.953843,4.4171505,3
149115883788371,14698404,-0.3185445,9.978968,4.3241296,3
149115886288371,17198404,-0.232702,9.98824,4.252943,3
149115888788371,19698404,-0.13459627,9.983155,4.1832523,3
149115891288371,22198404,-0.040977087,9.963714,4.130909,3
149115893788371,24698404,0.036490545,9.954143,4.0594234,3
149115896288371,27198404,0.11515459,9.94158,3.9619162,3
149115898788371,29698404,0.17078772,9.923634,3.8614175,3
149115901288371,32198404,0.19621146,9.897313,3.7474594,3
149115903788371,34698404,0.21684955,9.889536,3.610171,3
149115906288371,37198404,0.23748764,9.864711,3.4803605,3
149115908788371,39698404,0.27218357,9.831809,3.3616166,3
149115911288371,42198404,0.31016964,9.802796,3.2470603,3
149115913788371,44698404,0.3786642,9.7501545,3.1157541,3
149115916288371,47198404,0.44715872,9.686146,2.9602208,3
149115918788371,49698404,0.5288138,9.609575,2.8002007,3
149115921288371,52198404,0.6227321,9.536894,2.6461627,3
149115923788371,54698404,0.71216387,9.461221,2.4825535,3
149115926288371,57198404,0.81266236,9.390333,2.3192434,3
149115928788371,59698404,0.9068798,9.344272,2.1966112,3
149115931288371,62198404,1.0232308,9.296116,2.0524435,3
149115933788371,64698404,1.1282159,9.256933,1.948954,3
149115936288371,67198404,1.2514462,9.217452,1.8831514,3
149115938788371,69698404,1.3893327,9.173184,1.8346968,3
149115941288371,72198404,1.5248263,9.115458,1.7706888,3
149115943788371,74698404,1.6767704,9.07807,1.7186449,3
149115946288371,77198404,1.8056837,9.032606,1.6534405,3
149115948788371,79698404,1.977967,8.972786,1.564906,3
149115951288371,82198404,2.1487548,8.889935,1.4799608,3
149115953788371,84698404,2.309672,8.81785,1.3815559,3
149115956288371,87198404,2.4846473,8.747262,1.3064811,3
149115958788371,89698404,2.6650062,8.674879,1.212862,3
149115961288371,92198404,2.8630123,8.6013,1.1371889,3
149115963788371,94698404,3.0604203,8.532805,1.0459626,3
149115966288371,97198404,3.2249267,8.489735,0.9942178,3
149115968788371,99698404,3.3984063,8.438888,0.9403793,3
149115971288371,102198404,3.5626137,8.386245,0.878465,3
149115973788371,104698404,3.714259,8.34467,0.8060821,3
149115976288371,107198404,3.844967,8.316854,0.73519474,3
149115978788371,109698404,3.9747775,8.285447,0.6801598,3
149115981288371,112198404,4.1036906,8.283653,0.60717875,3
149115983788371,114698404,4.196712,8.272586,0.535095,3
149115986288371,117198404,4.28734,8.269895,0.46869412,3
149115988788371,119698404,4.3525443,8.278269,0.42083767,3
149115991288371,122198404,4.392026,8.288439,0.39361933,3
149115993788371,124698404,4.4168515,8.306385,0.37477586,3
149115996288371,127198404,4.451248,8.342277,0.35832518,3
149115998788371,129698404,4.456632,8.375178,0.3807579,3
149116001288371,132198404,4.4674,8.390134,0.37387854,3
149116003788371,134698404,4.4727836,8.417651,0.381057,3
149116006288371,137198404,4.4784665,8.426624,0.392722,3
149116008788371,139698404,4.488038,8.428718,0.39541394,3
149116011288371,142198404,4.4898324,8.416454,0.39661035,3
149116013788371,144698404,4.502694,8.397013,0.4229314,3
149116016288371,147198404,4.523332,8.370991,0.4543372,3
149116018788371,149698404,4.5538406,8.3345,0.47946185,3
149116021288371,152198404,4.5687957,8.293224,0.5141578,3
149116023788371,154698404,4.583153,8.245368,0.5623133,3
149116026288371,157198404,4.5894337,8.198408,0.6236294,3
149116028788371,159698404,4.575675,8.159226,0.70378894,3
149116031288371,162198404,4.555037,8.137093,0.78454673,3
149116033788371,164698404,4.5281177,8.096415,0.8428718,3
149116036288371,167198404,4.499404,8.0345,0.90508515,3
149116038788371,169698404,4.4611187,7.9803624,0.9622138,3
149116041288371,172198404,4.382754,7.9504523,0.9828519,3
149116043788371,174698404,4.330411,7.9558363,1.0091729,3
149116046288371,177198404,4.3091745,7.9630146,1.0339985,3
149116048788371,179698404,4.3244286,7.945368,1.0758729,3
149116051288371,182198404,4.345665,7.9217386,1.1353943,3
149116053788371,184698404,4.365406,7.8966136,1.1724831,3
149116056288371,187198404,4.391428,7.858628,1.1913266,3
149116058788371,189698404,4.409673,7.8293157,1.1718849,3
149116061288371,192198404,4.433003,7.795816,1.1491531,3
149116063788371,194698404,4.4674,7.773084,1.1084751,3
149116066288371,197198404,4.508975,7.72463,1.0860424,3
149116068788371,199698404,4.553242,7.684849,1.0322039,3
149116071288371,202198404,4.601697,7.665407,0.9870393,3
149116073788371,204698404,4.63071,7.637591,0.9412766,3
149116076288371,207198404,4.662116,7.6271224,0.9182457,3
149116078788371,209698404,4.680062,7.6214395,0.8805587,3
149116081288371,212198404,4.712066,7.643872,0.8575278,3
149116083788371,214698404,4.7344985,7.6719875,0.85154575,3
149116086288371,217198404,4.761717,7.7030945,0.8359924,3
149116088788371,219698404,4.7709894,7.7330046,0.83718884,3
149116091288371,222198404,4.776074,7.7814593,0.83359957,3
149116093788371,224698404,4.7892346,7.829914,0.8449655,3
149116096288371,227198404,4.7895336,7.881958,0.8315059,3
149116098788371,229698404,4.7718863,7.9223366,0.817448,3
149116101288371,232198404,4.7539406,7.9648094,0.8327023,3
149116103788371,234698404,4.723432,8.001599,0.8422736,3
149116106288371,237198404,4.701597,8.053044,0.8542377,3
149116108788371,239698404,4.681258,8.074281,0.86141616,3
149116111288371,242198404,4.639982,8.112267,0.90119684,3
149116113788371,244698404,4.6061835,8.136195,0.9281161,3
149116116288371,247198404,4.5945187,8.158927,0.94725865,3
149116118788371,249698404,4.5888357,8.183154,0.9604192,3
149116121288371,252198404,4.5912285,8.1942215,0.9529416,3
149116123788371,254698404,4.5804605,8.2014,0.9669995,3
149116126288371,257198404,4.583153,8.21127,0.9490533,3
149116128788371,259698404,4.604688,8.205288,0.93320084,3
149116131288371,262198404,4.6115675,8.183753,0.9317053,3
149116133788371,264698404,4.6268215,8.175378,0.9245269,3
149116136288371,267198404,4.6432724,8.182556,0.9125627,3
149116138788371,269698404,4.6322055,8.184949,0.9233304,3
149116141288371,272198404,4.631009,8.199306,0.90329057,3
149116143788371,274698404,4.5888357,8.198408,0.9068798,3
149116146288371,277198404,4.5631127,8.2049885,0.89431745,3
149116148788371,279698404,4.5487556,8.202895,0.8847462,3
149116151288371,282198404,4.523631,8.208878,0.8757731,3
149116153788371,284698404,4.5215373,8.20798,0.85902333,3
149116156288371,287198404,4.5275197,8.201998,0.84825563,3
149116158788371,289698404,4.5266223,8.230712,0.802792,3
149116161288371,292198404,4.5263233,8.232805,0.77826554,3
149116163788371,294698404,4.54397,8.24118,0.7513463,3
149116166288371,297198404,4.5466623,8.256135,0.7399804,3
149116168788371,299698404,4.5502515,8.271688,0.72771716,3
149116171288371,302198404,4.5601215,8.303693,0.73459655,3
149116173788371,304698404,4.599603,8.309376,0.7516454,3
149116176288371,307198404,4.610371,8.313862,0.747458,3
149116178788371,309698404,4.6429734,8.330014,0.76989067,3
149116181288371,312198404,4.660321,8.335996,0.7833503,3
149116183788371,314698404,4.668696,8.347661,0.7905288,3
149116186288371,317198404,4.6633124,8.356036,0.78664047,3
149116188788371,319698404,4.622036,8.368897,0.7788638,3
149116191288371,322198404,4.5918264,8.402995,0.7722835,3
149116193788371,324698404,4.556832,8.423932,0.7818548,3
149116196288371,327198404,4.497011,8.445766,0.7926225,3
149116198788371,329698404,4.4542394,8.477173,0.785444,3
149116201288371,332198404,4.4021955,8.505288,0.80877405,3
149116203788371,334698404,4.3522453,8.52772,0.83001035,3
149116206288371,337198404,4.322634,8.559127,0.83958167,3
149116208788371,339698404,4.2858443,8.580363,0.8177471,3
149116211288371,342198404,4.265805,8.596813,0.8282157,3
149116213788371,344698404,4.2520456,8.600103,0.8635099,3
149116216288371,347198404,4.235595,8.595617,0.8632108,3
149116218788371,349698404,4.213761,8.59472,0.87158567,3
149116221288371,352198404,4.195216,8.589336,0.86949193,3
149116223788371,354698404,4.1841493,8.570791,0.88384885,3
149116226288371,357198404,4.1757746,8.560323,0.9125627,3
149116228788371,359698404,4.1727834,8.566605,0.90358967,3
149116231288371,362198404,4.1757746,8.55793,0.9233304,3
149116233788371,364698404,4.1931224,8.549256,0.9376874,3
149116236288371,367198404,4.223033,8.516355,0.9604192,3
149116238788371,369698404,4.267001,8.512167,0.96849495,3
149116241288371,372198404,4.3268213,8.450552,0.98614204,3
149116243788371,374698404,4.3725843,8.419446,0.9738788,3
149116246288371,377198404,4.3683968,8.380861,0.9616156,3
149116248788371,379698404,4.362415,8.36112,0.9819546,3
149116251288371,382198404,4.389633,8.341978,1.0127622,3
149116253788371,384698404,4.4377885,8.3123665,1.052842,3
149116256288371,387198404,4.60738,8.279166,1.1656038,3
149116258788371,389698404,5.9353967,7.9776707,1.7826529,3
149116261288371,392198404,7.5667033,7.63789,2.426023,3
149116263788371,394698404,7.216155,7.726723,1.9788643,3
149116266288371,397198404,6.5291157,7.789834,1.6010975,3
149116268788371,399698404,5.2675,7.9019976,1.2978072,3
149116271288371,402198404,3.8383865,8.108378,0.927817,3
149116273788371,404698404,2.71047,8.41795,0.6098707,3
149116276288371,407198404,2.1095722,8.707481,0.47198427,3
149116278788371,409698404,2.0994027,8.928818,0.552742,3
149116281288371,412198404,2.6679974,9.045767,0.8662018,3
149116283788371,414698404,3.4824543,9.097811,1.294517,3
149116286288371,417198404,4.068995,9.143574,1.5960127,3
149116288788371,419698404,4.306782,9.183952,1.7434704,3
149116291288371,422198404,4.208377,9.199206,1.7506489,3
149116293788371,424698404,3.9526439,9.205787,1.683949,3
149116296288371,427198404,3.9720855,9.107382,1.7428722,3
149116298788371,429698404,4.0848475,9.016455,1.8122641,3
149116301288371,432198404,4.033701,8.958429,1.5795621,3
149116303788371,434698404,3.97059,8.882157,1.3345969,3
149116306288371,437198404,3.8213377,8.800801,1.1479566,3
149116308788371,439698404,3.6571302,8.735896,0.959821,3
149116311288371,442198404,3.5697923,8.672486,0.8557332,3
149116313788371,444698404,3.5497525,8.632407,0.846461,3
149116316288371,447198404,3.5829527,8.6348,0.89013004,3
149116318788371,449698404,3.6481571,8.6395855,1.0199406,3
149116321288371,452198404,3.7393837,8.645567,1.1542379,3
149116323788371,454698404,3.824329,8.657232,1.2604194,3
149116326288371,457198404,3.868895,8.667103,1.3573287,3
149116328788371,459698404,3.8736808,8.686844,1.396212,3
149116331288371,462198404,3.8327036,8.715557,1.3390833,3
149116333788371,464698404,3.804588,8.710174,1.2631112,3
149116336288371,467198404,3.824329,8.685647,1.3328022,3
149116338788371,469698404,3.8697925,8.659326,1.4001004,3
149116341288371,472198404,3.8730826,8.672486,1.3860425,3
149116343788371,474698404,3.851248,8.699107,1.314557,3
149116346288371,477198404,3.8312082,8.740084,1.230509,3
149116348788371,479698404,3.8147576,8.757432,1.2358929,3
149116351288371,482198404,3.7911284,8.782557,1.3013964,3
149116353788371,484698404,3.784249,8.83131,1.3603196,3
149116356288371,487198404,3.7525442,8.876774,1.384547,3
149116358788371,489698404,3.717549,8.911769,1.4141582,3
149116361288371,492198404,3.6891344,8.939884,1.4470595,3
149116363788371,494698404,3.694219,8.959027,1.4700904,3
149116366288371,497198404,3.6777685,8.9775715,1.4877375,3
149116368788371,499698404,3.6777685,8.989237,1.509572,3
149116371288371,502198404,3.667898,8.995817,1.4931214,3
149116373788371,504698404,3.6409788,8.996415,1.4961123,3
149116376288371,507198404,3.6290147,8.9877405,1.4829519,3
149116378788371,509698404,3.629613,8.989835,1.4587245,3
149116381288371,512198404,3.630211,8.982955,1.4470595,3
149116383788371,514698404,3.6490545,8.979366,1.4389837,3
149116386288371,517198404,3.6448672,8.965308,1.4404793,3
149116388788371,519698404,3.6463625,8.961121,1.439881,3
149116391288371,522198404,3.6457644,8.946764,1.4093726,3
149116393788371,524698404,3.6412778,8.942576,1.3998013,3
149116396288371,527198404,3.6409788,8.933304,1.3869399,3
149116398788371,529698404,3.6487553,8.912068,1.3707882,3
149116401288371,532198404,3.6355948,8.908479,1.3402798,3
149116403788371,534698404,3.6403806,8.886943,1.2867404,3
149116406288371,537198404,3.6379876,8.88814,1.2424731,3
149116408788371,539698404,3.6433716,8.883654,1.2038889,3
149116411288371,542198404,3.6382868,8.888439,1.1829517,3
149116413788371,544698404,3.6355948,8.882756,1.1883355,3
149116416288371,547198404,3.6257246,8.886046,1.1760724,3
149116418788371,549698404,3.6140594,8.895318,1.1856437,3
149116421288371,552198404,3.6278183,8.889037,1.1802598,3
149116423788371,554698404,3.6203406,8.880064,1.2152548,3
149116426288371,557198404,3.6284165,8.875577,1.2349956,3
149116428788371,559698404,3.653541,8.873484,1.2547364,3
149116431288371,562198404,3.6744783,8.867501,1.2747762,3
149116433788371,564698404,3.6598222,8.86481,1.3142579,3
149116436288371,567198404,3.6720855,8.870791,1.3127624,3
149116438788371,569698404,3.6783667,8.872886,1.3336995,3
149116441288371,572198404,3.6993039,8.873184,1.3666009,3
149116443788371,574698404,3.7106698,8.880363,1.3959129,3
149116446288371,577198404,3.7250266,8.89502,1.4150555,3
149116448788371,579698404,3.7354953,8.902796,1.445564,3
149116451288371,582198404,3.7432718,8.924331,1.4539388,3
149116453788371,584698404,3.7280176,8.939286,1.4623138,3
149116456288371,587198404,3.7157545,8.944371,1.4766706,3
149116458788371,589698404,3.6993039,8.956933,1.4763715,3
149116461288371,592198404,3.6816568,8.957232,1.4760724,3
149116463788371,594698404,3.6544385,8.966206,1.4685949,3
149116466288371,597198404,3.6427734,8.979067,1.462912,3
149116468788371,599698404,3.6113675,8.973982,1.4554343,3
149116471288371,602198404,3.5901313,8.975777,1.4117653,3
149116473788371,604698404,3.586243,8.975478,1.3896317,3
149116476288371,607198404,3.5814574,8.961719,1.3749757,3
149116478788371,609698404,3.5796626,8.961719,1.3181462,3
149116481288371,612198404,3.5943186,8.94138,1.3025929,3
149116483788371,614698404,3.6041892,8.948559,1.320539,3
149116486288371,617198404,3.597908,8.956933,1.2936198,3
149116488788371,619698404,3.577569,8.982955,1.2137593,3
149116491288371,622198404,3.5620155,9.017652,1.1321042,3
149116493788371,624698404,3.5422747,9.0646105,1.0582259,3
149116496288371,627198404,3.5330026,9.101101,1.0115658,3
149116498788371,629698404,3.5482569,9.120543,0.9942178,3
149116501288371,632198404,3.583551,9.122038,0.99900347,3
149116503788371,634698404,3.6314075,9.132208,0.9879367,3
149116506288371,637198404,3.6876388,9.149555,0.974477,3
149116508788371,639698404,3.7310088,9.158828,0.9708878,3
149116511288371,642198404,3.772285,9.162716,0.99032944,3
149116513788371,644698404,3.7950168,9.14477,1.0103694,3
149116516288371,647198404,3.8359938,9.131609,1.023829,3
149116518788371,649698404,3.874578,9.104691,1.0486546,3
149116521288371,652198404,3.9155552,9.074481,1.0624132,3
149116523788371,654698404,3.9610188,9.037093,1.0857433,3
149116526288371,657198404,3.987938,9.010472,1.0980065,3
149116528788371,659698404,4.0154557,8.968598,1.1273186,3
149116531288371,662198404,4.0130625,8.961121,1.1521441,3
149116533788371,664698404,4.0151563,8.937491,1.1685947,3
149116536288371,667198404,4.019045,8.930313,1.2329018,3
149116538788371,669698404,4.011866,8.915657,1.2903296,3
149116541288371,672198404,4.0073795,8.889635,1.3423735,3
149116543788371,674698404,4.011866,8.85135,1.3914263,3
149116546288371,677198404,4.025027,8.816954,1.4383855,3
149116548788371,679698404,4.023232,8.775677,1.4736797,3
149116551288371,682198404,4.0295134,8.733503,1.518545,3
149116553788371,684698404,4.028317,8.692527,1.544567,3
149116556288371,687198404,4.0160537,8.649456,1.5610176,3
149116558788371,689698404,3.996911,8.61805,1.567598,3
149116561288371,692198404,3.9915273,8.574081,1.5616158,3
149116563788371,694698404,3.964608,8.533105,1.5726827,3
149116566288371,697198404,3.909274,8.513663,1.5652051,3
149116568788371,699698404,3.8551364,8.510672,1.5358931,3
149116571288371,702198404,3.8201413,8.52144,1.5167505,3
149116573788371,704698404,3.8276188,8.523832,1.541576,3
149116576288371,707198404,3.8497524,8.518449,1.5798612,3
149116578788371,709698404,3.8763726,8.50798,1.6013966,3
149116581288371,712198404,3.8491542,8.498408,1.6094723,3
149116583788371,714698404,3.830909,8.519944,1.6022938,3
149116586288371,717198404,3.8009987,8.548658,1.5622141,3
149116588788371,719698404,3.8087754,8.576176,1.5451652,3
149116591288371,722198404,3.8464625,8.615358,1.5604194,3
149116593788371,724698404,4.106383,8.732307,1.8014964,3
149116596288371,727198404,4.528716,9.055039,3.5467613,3
149116598788371,729698404,4.130311,9.002397,2.3838496,3
149116601288371,732198404,3.906582,8.811569,1.6618153,3
149116603788371,734698404,3.6927235,8.681759,1.2176477,3
149116606288371,737198404,3.4956148,8.616554,1.0040882,3
149116608788371,739698404,3.4025939,8.58784,0.99601245,3
149116611288371,742198404,3.336492,8.667402,0.9182457,3
149116613788371,744698404,2.9180472,9.530613,0.24586253,3
149116616288371,747198404,3.0825539,9.448658,0.87367934,3
149116618788371,749698404,3.2117662,9.381958,1.1503495,3
149116621288371,752198404,3.2566316,9.398708,1.0776675,3
149116623788371,754698404,3.2907293,9.452547,0.8255238,3
149116626288371,757198404,3.3173494,9.524331,0.5937191,3
149116628788371,759698404,3.3966117,9.579067,0.5512465,3
149116631288371,762198404,3.4911282,9.564112,0.61794645,3
149116633788371,764698404,3.5733814,9.544072,0.6128617,3
149116636288371,767198404,3.6667016,9.515657,0.5691927,3
149116638788371,769698404,3.7615173,9.487841,0.51116675,3
149116641288371,772198404,3.845565,9.457631,0.48993045,3
149116643788371,774698404,3.9170506,9.445967,0.48424748,3
149116646288371,777198404,3.961617,9.429815,0.51864433,3
149116648788371,779698404,3.9661036,9.429516,0.56410795,3
149116651288371,782198404,3.9454653,9.417552,0.6041877,3
149116653788371,784698404,3.8808591,9.422038,0.64636123,3
149116656288371,787198404,3.792624,9.44148,0.69152576,3
149116658788371,789698404,3.6993039,9.472287,0.73459655,3
149116661288371,792198404,3.618247,9.487841,0.7935198,3
149116663788371,794698404,3.548855,9.501599,0.83688974,3
149116666288371,797198404,3.5186458,9.496216,0.8497511,3
149116668788371,799698404,3.4797623,9.495019,0.8668,3
149116671288371,802198404,3.4504502,9.478868,0.90029955,3
149116673788371,804698404,3.4516466,9.446265,0.95443714,3
149116676288371,807198404,3.4342988,9.422038,0.9723833,3
149116678788371,809698404,3.4259238,9.390931,0.9774681,3
149116681288371,812198404,3.4005,9.364311,0.9945169,3
149116683788371,814698404,3.3756745,9.329316,0.9975079,3
149116686288371,817198404,3.3556347,9.295218,0.9987044,3
149116688788371,819698404,3.3490543,9.263813,1.0187442,3
149116691288371,822198404,3.3370903,9.233006,1.055833,3
149116693788371,824698404,3.3412778,9.18784,1.067498,3
149116696288371,827198404,3.3517463,9.153145,1.0953146,3
149116698788371,829698404,3.371188,9.112467,1.1153544,3
149116701288371,832198404,3.3993037,9.078967,1.1482558,3
149116703788371,834698404,3.4363923,9.033504,1.1638091,3
149116706288371,837198404,3.4663026,8.969496,1.2020943,3
149116708788371,839698404,3.481856,8.945867,1.1877373,3
149116711288371,842198404,3.5063825,8.9013,1.2116655,3
149116713788371,844698404,3.5177484,8.865707,1.224527,3
149116716288371,847198404,3.5339,8.819346,1.2266207,3
149116718788371,849698404,3.5288153,8.785249,1.244866,3
149116721288371,852198404,3.5279179,8.752347,1.2669996,3
149116723788371,854698404,3.5120654,8.718549,1.2735798,3
149116726288371,857198404,3.5069807,8.699705,1.3226327,3
149116728788371,859698404,3.4887354,8.670393,1.3402798,3
149116731288371,862198404,3.49053,8.666505,1.3695918,3
149116733788371,864698404,3.4938202,8.66142,1.4138591,3
149116736288371,867198404,3.5012977,8.635996,1.4563317,3
149116738788371,869698404,3.499802,8.624032,1.4757733,3
149116741288371,872198404,3.4986057,8.603693,1.515255,3
149116743788371,874698404,3.498905,8.609376,1.5158532,3
149116746288371,877198404,3.5072799,8.600702,1.5236298,3
149116748788371,879698404,3.501597,8.600103,1.50688,3
149116751288371,882198404,3.516552,8.5983095,1.5239289,3
149116753788371,884698404,3.516552,8.611171,1.5194423,3
149116756288371,887198404,3.5132618,8.617751,1.5197415,3
149116758788371,889698404,3.4971104,8.632108,1.4940187,3
149116761288371,892198404,3.4956148,8.66142,1.4901303,3
149116763788371,894698404,3.4558342,8.678768,1.4670994,3
149116766288371,897198404,3.4342988,8.700004,1.434198,3
149116768788371,899698404,3.4121652,8.726325,1.3983058,3
149116771288371,902198404,3.3876386,8.755338,1.3645071,3
149116773788371,904698404,3.3720853,8.809476,1.3121641,3
149116776288371,907198404,3.3484561,8.843872,1.2801601,3
149116778788371,909698404,3.342175,8.88814,1.230509,3
149116781288371,912198404,3.356831,8.930014,1.2155539,3
149116783788371,914698404,3.3705897,8.964411,1.2161521,3
149116786288371,917198404,3.3670006,8.998508,1.2077773,3
149116788788371,919698404,3.3756745,9.043075,1.195514,3
149116791288371,922198404,3.3807592,9.067901,1.1928221,3
149116793788371,924698404,3.3747773,9.109476,1.1647065,3
149116796288371,927198404,3.3930225,9.150752,1.1452647,3
149116798788371,929698404,3.4259238,9.161221,1.1249257,3
149116801288371,932198404,3.4477584,9.169296,1.1060823,3
149116803788371,934698404,3.4570305,9.173184,1.1177473,3
149116806288371,937198404,3.4842489,9.156435,1.084846,3
149116808788371,939698404,3.5177484,9.143574,1.0950154,3
149116811288371,942198404,3.5434713,9.116355,1.0683953,3
149116813788371,944698404,3.551846,9.081061,1.061815,3
149116816288371,947198404,3.5676985,9.045467,1.0612168,3
149116818788371,949698404,3.5539398,9.036196,1.0510473,3
149116821288371,952198404,3.5377884,9.012567,1.0555339,3
149116823788371,954698404,3.5407794,8.998808,1.0815558,3
149116826288371,957198404,3.5252259,9.002397,1.1084751,3
149116828788371,959698404,3.5150564,9.008977,1.1554343,3
149116831288371,962198404,3.5183465,9.011669,1.2125629,3
149116833788371,964698404,3.524927,9.029316,1.2735798,3
149116836288371,967198404,3.5270207,9.050852,1.3345969,3
149116838788371,969698404,3.5321052,9.063115,1.3935201,3
149116841288371,972198404,3.5712879,9.08136,1.4240286,3
149116843788371,974698404,3.5949168,9.108279,1.4626129,3
149116846288371,977198404,3.6173496,9.120243,1.463211,3
149116848788371,979698404,3.636193,9.131609,1.4626129,3
149116851288371,982198404,3.6693935,9.14477,1.4578272,3
149116853788371,984698404,3.682554,9.133703,1.4159528,3
149116856288371,987198404,3.7040894,9.140284,1.3839488,3
149116858788371,989698404,3.7313077,9.119347,1.3474582,3
149116861288371,992198404,3.7420754,9.117552,1.3106686,3
149116863788371,994698404,3.7504504,9.123235,1.2813566,3
149116866288371,997198404,3.7663028,9.1052885,1.2532408,3
149116868788371,999698404,3.7594235,9.110672,1.2290136,3
149116871288371,1002198404,3.764209,9.096615,1.2092727,3
149116873788371,1004698404,3.7749767,9.055039,1.2035898,3
149116876288371,1007198404,3.7848473,9.031709,1.1673983,3
149116878788371,1009698404,3.7875392,9.011071,1.151845,3
149116881288371,1012198404,3.7794633,8.999406,1.1596217,3
149116883788371,1014698404,3.7657046,8.976375,1.1551352,3
149116886288371,1017198404,3.7531424,8.954242,1.1273186,3
149116888788371,1019698404,3.7477584,8.939884,1.14018,3
149116891288371,1022198404,3.7510486,8.919247,1.119841,3
149116893788371,1024698404,3.757629,8.901001,1.1300105,3
149116896288371,1027198404,3.7633119,8.894122,1.1267203,3
149116898788371,1029698404,3.7692938,8.874082,1.1395818,3
149116901288371,1032198404,3.761218,8.856734,1.1365907,3
149116903788371,1034698404,3.7618163,8.852547,1.1207383,3
149116906288371,1037198404,3.7686956,8.84806,1.134198,3
149116908788371,1039698404,3.7719858,8.847162,1.1503495,3
149116911288371,1042198404,3.754937,8.841779,1.1952149,3
149116913788371,1044698404,3.7450666,8.836993,1.2008978,3
149116916288371,1047198404,3.7384863,8.855537,1.1796615,3
149116918788371,1049698404,3.7181473,8.882157,1.1847463,3
149116921288371,1052198404,3.7103705,8.8854475,1.1964114,3
149116923788371,1054698404,3.6933217,8.912666,1.1512468,3
149116926288371,1057198404,3.6774693,8.937491,1.1300105,3
149116928788371,1059698404,3.6589248,8.949456,1.1231312,3
149116931288371,1062198404,3.6400814,8.968299,1.0845468,3
149116933788371,1064698404,3.6104703,8.972786,1.0686945,3
149116936288371,1067198404,3.5871403,8.99133,1.1015958,3
149116938788371,1069698404,3.5712879,9.004491,1.1126626,3
149116941288371,1072198404,3.563212,9.041281,1.1362916,3
149116943788371,1074698404,3.5611184,9.061021,1.1434702,3
149116946288371,1077198404,3.5539398,9.096315,1.1512468,3
149116948788371,1079698404,3.545864,9.120243,1.1620145,3
149116951288371,1082198404,3.5464623,9.145069,1.1703894,3
149116953788371,1084698404,3.5306098,9.151649,1.186541,3
149116956288371,1087198404,3.5416765,9.148359,1.1946167,3
149116958788371,1089698404,3.5554354,9.134601,1.1745768,3
149116961288371,1092198404,3.5709887,9.132806,1.1832508,3
149116963788371,1094698404,3.6003008,9.123235,1.1919248,3
149116966288371,1097198404,3.621238,9.116056,1.1949158,3
149116968788371,1099698404,3.618546,9.105886,1.1973087,3
149116971288371,1102198404,3.6367912,9.068798,1.2251252,3
149116973788371,1104698404,3.6379876,9.043374,1.2323036,3
149116976288371,1107198404,3.64726,9.025128,1.2547364,3
149116978788371,1109698404,3.6550367,9.011669,1.253839,3
149116981288371,1112198404,3.6466618,8.985647,1.2693924,3
149116983788371,1114698404,3.6577284,8.959326,1.2759727,3
149116986288371,1117198404,3.6346977,8.962915,1.2876377,3
149116988788371,1119698404,3.6230326,8.935996,1.2861422,3
149116991288371,1122198404,3.598207,8.912068,1.2963116,3
149116993788371,1124698404,3.5850465,8.886046,1.2924234,3
149116996288371,1127198404,3.568596,8.863913,1.2813566,3
149116998788371,1129698404,3.5533416,8.843274,1.3031911,3
149117001288371,1132198404,3.5177484,8.811869,1.285843,3
149117003788371,1134698404,3.4899318,8.8187475,1.2807583,3
149117006288371,1137198404,3.4743786,8.810672,1.2517453,3
149117008788371,1139698404,3.4591243,8.797511,1.250848,3
149117011288371,1142198404,3.461816,8.804989,1.2631112,3
149117013788371,1144698404,3.4776685,8.811271,1.2556337,3
149117016288371,1147198404,3.5063825,8.816355,1.2343974,3
149117018788371,1149698404,3.5093734,8.806186,1.1928221,3
149117021288371,1152198404,3.528217,8.8238325,1.1458629,3
149117023788371,1154698404,3.5557344,8.826225,1.1521441,3
149117026288371,1157198404,3.545565,8.836096,1.1069796,3
149117028788371,1159698404,3.5162528,8.8854475,1.0522437,3
149117031288371,1162198404,3.4941192,8.933005,1.0199406,3
149117033788371,1164698404,3.469892,8.974879,1.018146,3
149117036288371,1167198404,3.4456646,9.019147,1.044168,3
149117038788371,1169698404,3.4369907,9.04816,1.0582259,3
149117041288371,1172198404,3.4474592,9.053843,1.0453644,3
149117043788371,1174698404,3.4579277,9.093325,0.98614204,3
149117046288371,1177198404,3.4483566,9.134601,0.90329057,3
149117048788371,1179698404,3.414558,9.193225,0.8216355,3
149117051288371,1182198404,3.4049866,9.196814,0.84167534,3
149117053788371,1184698404,3.4046874,9.194122,0.8527422,3
149117056288371,1187198404,3.4220355,9.197113,0.85902333,3
149117058788371,1189698404,3.4372897,9.205488,0.8641081,3
149117061288371,1192198404,3.4519458,9.196515,0.8593224,3
149117063788371,1194698404,3.4782667,9.186047,0.8365906,3
149117066288371,1197198404,3.5350964,9.174979,0.8171489,3
149117068788371,1199698404,3.5811582,9.11785,0.849452,3
149117071288371,1202198404,3.6376886,9.0849495,0.84167534,3
149117073788371,1204698404,3.700201,9.055637,0.82911307,3
149117076288371,1207198404,3.7594235,9.022736,0.80907315,3
149117078788371,1209698404,3.8054852,8.999705,0.83001035,3
149117081288371,1212198404,3.827918,8.962616,0.86081797,3
149117083788371,1214698404,3.8458643,8.962616,0.88983095,3
149117086288371,1217198404,3.850949,8.955139,0.9349955,3
149117088788371,1219698404,3.8563328,8.933304,0.96520483,3
149117091288371,1222198404,3.856931,8.925827,0.9696914,3
149117093788371,1224698404,3.8793638,8.896813,0.9490533,3
149117096288371,1227198404,3.888337,8.863913,0.9311071,3
149117098788371,1229698404,3.886542,8.839984,0.90508515,3
149117101288371,1232198404,3.8964126,8.784052,0.8853444,3
149117103788371,1234698404,3.9020956,8.756235,0.87338024,3
149117106288371,1237198404,3.9044883,8.721839,0.88384885,3
149117108788371,1239698404,3.9056847,8.679366,0.88025963,3
149117111288371,1242198404,3.8748772,8.656634,0.8673982,3
149117113788371,1244698404,3.8671005,8.656335,0.8491529,3
149117116288371,1247198404,3.81057,8.652746,0.80787677,3
149117118788371,1249698404,3.7920256,8.661719,0.74566334,3
149117121288371,1252198404,3.7839499,8.650652,0.6643074,3
149117123788371,1254698404,3.813262,8.636594,0.62781686,3
149117126288371,1257198404,3.8470607,8.625827,0.6200402,3
149117128788371,1259698404,3.8548372,8.63121,0.6206384,3
149117131288371,1262198404,3.8691943,8.613564,0.64037913,3
149117133788371,1264698404,3.83061,8.629117,0.68195444,3
149117136288371,1267198404,3.798307,8.65454,0.72083783,3
149117138788371,1269698404,3.7450666,8.682955,0.76719874,3
149117141288371,1272198404,3.6876388,8.710772,0.814457,3
149117143788371,1274698404,3.6568313,8.751749,0.85154575,3
149117146288371,1277198404,3.60718,8.775079,0.89342016,3
149117148788371,1279698404,3.5883367,8.807382,0.9379865,3
149117151288371,1282198404,3.571886,8.811869,0.9562318,3
149117153788371,1284698404,3.55723,8.819944,0.96520483,3
149117156288371,1287198404,3.5578282,8.812167,0.9729815,3
149117158788371,1289698404,3.5700915,8.797811,0.9846465,3
149117161288371,1292198404,3.595515,8.786744,0.97836536,3
149117163788371,1294698404,3.6430724,8.780462,0.96520483,3
149117166288371,1297198404,3.696612,8.753544,0.9592228,3
149117168788371,1299698404,3.74058,8.746664,0.9125627,3
149117171288371,1302198404,3.7734814,8.7367935,0.89042914,3
149117173788371,1304698404,3.8006997,8.719446,0.8632108,3
149117176288371,1307198404,3.836592,8.713164,0.8344969,3
149117178788371,1309698404,3.867998,8.709276,0.82642114,3
149117181288371,1312198404,3.9053857,8.722735,0.8213364,3
149117183788371,1314698404,3.9598224,8.719147,0.8210373,3
149117186288371,1317198404,3.9882371,8.732905,0.8449655,3
149117188788371,1319698404,4.016951,8.742776,0.875474,3
149117191288371,1322198404,4.0621157,8.753244,0.9200403,3
149117193788371,1324698404,4.0959144,8.781659,0.9711869,3
149117196288371,1327198404,4.1237307,8.79811,0.9942178,3
149117198788371,1329698404,4.150351,8.8289175,1.023829,3
149117201288371,1332198404,4.147061,8.845667,1.0564312,3
149117203788371,1334698404,4.154538,8.878867,1.0860424,3
149117206288371,1337198404,4.1383867,8.909974,1.087837,3
149117208788371,1339698404,4.1114674,8.960523,1.0932208,3
149117211288371,1342198404,4.072584,8.990134,1.1192428,3
149117213788371,1344698404,4.032205,9.038888,1.1072787,3
149117216288371,1347198404,3.9930227,9.092128,1.0860424,3
149117218788371,1349698404,3.9346976,9.142078,1.0483555,3
149117221288371,1352198404,3.8814573,9.18814,1.0058829,3
149117223788371,1354698404,3.8138602,9.222238,0.97836536,3
149117226288371,1357198404,3.7420754,9.276076,0.9209376,3
149117228788371,1359698404,3.6505501,9.303294,0.89760756,3
149117231288371,1362198404,3.571886,9.37149,0.84765744,3
149117233788371,1364698404,3.4977086,9.412168,0.8150552,3
149117236288371,1367198404,3.423531,9.445069,0.81924266,3
149117238788371,1369698404,3.3466616,9.496814,0.8425727,3
149117241288371,1372198404,3.2739797,9.537791,0.89342016,3
149117243788371,1374698404,3.23719,9.582357,0.93679005,3
149117246288371,1377198404,3.1947174,9.602996,0.9822537,3
149117248788371,1379698404,3.162115,9.623633,1.017847,3
149117251288371,1382198404,3.1399815,9.639785,1.0474582,3
149117253788371,1384698404,3.1989048,9.6224375,1.0223335,3
149117256288371,1387198404,3.4510484,9.5099745,0.8327023,3
149117258788371,1389698404,3.5473595,9.459426,0.634098,3
149117261288371,1392198404,3.3511481,9.485448,0.6451648,3
149117263788371,1394698404,3.1052856,9.556635,0.8497511,3
149117266288371,1397198404,2.9425735,9.608977,1.0561321,3
149117268788371,1399698404,2.9189446,9.655638,1.1841481,3
149117271288371,1402198404,2.996412,9.679267,1.3109677,3
149117273788371,1404698404,3.076871,9.6942215,1.4219348,3
149117276288371,1407198404,3.0897322,9.685847,1.506581,3
149117278788371,1409698404,3.0433712,9.669994,1.5173486,3
149117281288371,1412198404,3.0083764,9.629616,1.4718851,3
149117283788371,1414698404,3.0005996,9.579665,1.3821542,3
149117286288371,1417198404,3.0320053,9.531211,1.2852448,3
149117288788371,1419698404,3.086442,9.48126,1.2044871,3
149117291288371,1422198404,3.1573296,9.436396,1.1377872,3
149117293788371,1424698404,3.2102706,9.399904,1.07019,3
149117296288371,1427198404,3.2712877,9.370892,1.0459626,3
149117298788371,1429698404,3.2961133,9.364611,1.0241281,3
149117301288371,1432198404,3.3023944,9.354142,1.0310074,3
149117303788371,1434698404,3.2994034,9.359825,1.0372887,3
149117306288371,1437198404,3.2919257,9.368798,1.0435698,3
149117308788371,1439698404,3.2952158,9.373882,1.044168,3
149117311288371,1442198404,3.3020952,9.3816595,1.052842,3
149117313788371,1444698404,3.324528,9.362816,1.0914263,3
149117316288371,1447198404,3.333501,9.358628,1.1006985,3
149117318788371,1449698404,3.330809,9.338289,1.0863415,3
149117321288371,1452198404,3.3236306,9.2997055,1.0552348,3
149117323788371,1454698404,3.3236306,9.263215,1.0573285,3
149117326288371,1457198404,3.3047872,9.234501,1.0504491,3
149117328788371,1459698404,3.3053854,9.1872425,1.0217353,3
149117331288371,1462198404,3.3239298,9.148658,1.0680962,3
149117333788371,1464698404,3.3520455,9.107681,1.0719845,3
149117336288371,1467198404,3.397808,9.08136,1.0794622,3
149117338788371,1469698404,3.435196,9.051749,1.0947163,3
149117341288371,1472198404,3.4866416,9.037392,1.0944172,3
149117343788371,1474698404,3.557529,9.005687,1.1165509,3
149117346288371,1477198404,3.6023946,9.003294,1.0986047,3
149117348788371,1479698404,3.6463625,8.994022,1.0974083,3
149117351288371,1482198404,3.694219,8.977871,1.1099706,3
149117353788371,1484698404,3.723232,8.969196,1.1093724,3
149117356288371,1487198404,3.7489548,8.982357,1.0839486,3
149117358788371,1489698404,3.7543387,8.998508,1.0749756,3
149117361288371,1492198404,3.7307096,8.99821,1.061815,3
149117363788371,1494698404,3.7157545,9.02483,1.0450653,3
149117366288371,1497198404,3.7010984,9.040084,1.0244272,3
149117368788371,1499698404,3.69721,9.066106,0.97806627,3
149117371288371,1502198404,3.6960137,9.092726,0.95383894,3
149117373788371,1504698404,3.7040894,9.119347,0.9236295,3
149117376288371,1507198404,3.734598,9.127721,0.9167502,3
149117378788371,1509698404,3.7504504,9.149257,0.9107681,3
149117381288371,1512198404,3.7672002,9.154042,0.91405827,3
149117383788371,1514698404,3.7935212,9.166604,0.92153585,3
149117386288371,1517198404,3.8324046,9.141779,0.92243314,3
149117388788371,1519698404,3.8557346,9.123833,0.9556335,3
149117391288371,1522198404,3.8841493,9.112766,0.93679005,3
149117393788371,1524698404,3.9041893,9.078967,0.9448658,3
149117396288371,1527198404,3.9364924,9.045467,0.9484551,3
149117398788371,1529698404,3.9484565,9.026026,0.93679005,3
149117401288371,1532198404,3.9493537,8.99492,0.92931247,3
149117403788371,1534698404,3.946662,8.964112,0.91226363,3
149117406288371,1537198404,3.9257247,8.946465,0.9077771,3
149117408788371,1539698404,3.9116669,8.940483,0.9086744,3
149117411288371,1542198404,3.8934216,8.93151,0.9131609,3
149117413788371,1544698404,3.859922,8.919545,0.91346,3
149117416288371,1547198404,3.8407795,8.915059,0.9382856,3
149117418788371,1549698404,3.824329,8.906983,0.93679005,3
149117421288371,1552198404,3.813262,8.898608,0.9403793,3
149117423788371,1554698404,3.8141594,8.878867,0.927817,3
149117426288371,1557198404,3.8024943,8.880064,0.9607183,3
149117428788371,1559698404,3.7962132,8.874082,0.9604192,3
149117431288371,1562198404,3.784548,8.875278,0.96490574,3
149117433788371,1564698404,3.784249,8.8701935,0.9840483,3
149117436288371,1567198404,3.7680974,8.880064,0.98913306,3
149117438788371,1569698404,3.7369907,8.906385,0.9595219,3
149117441288371,1572198404,3.7172499,8.920144,0.96430755,3
149117443788371,1574698404,3.7037904,8.948857,0.95682997,3
149117446288371,1577198404,3.7019958,8.958728,0.9556335,3
149117448788371,1579698404,3.7073796,8.968299,0.9376874,3
149117451288371,1582198404,3.708277,8.976375,0.9412766,3
149117453788371,1584698404,3.7256248,8.981161,0.9607183,3
149117456288371,1587198404,3.7357943,8.981161,0.97956175,3
149117458788371,1589698404,3.7411783,8.959326,0.9741779,3
149117461288371,1592198404,3.73729,8.9521475,0.97567344,3
149117463788371,1594698404,3.746263,8.941081,0.97836536,3
149117466288371,1597198404,3.7274194,8.917751,0.9840483,3
149117468788371,1599698404,3.6954155,8.903693,0.96819586,3
149117471288371,1602198404,3.6514473,8.886943,0.942473,3
149117473788371,1604698404,3.6200416,8.894122,0.9242278,3
149117476288371,1607198404,3.5883367,8.882457,0.91585284,3
149117478788371,1609698404,3.5673995,8.886943,0.9020941,3
149117481288371,1612198404,3.5727832,8.888439,0.9077771,3
149117483788371,1614698404,3.609274,8.872886,0.90089774,3
149117486288371,1617198404,3.6457644,8.858528,0.8709874,3
149117488788371,1619698404,3.7013974,8.842676,0.91884387,3
149117491288371,1622198404,3.7654054,8.827422,0.8922237,3
149117493788371,1624698404,3.8171504,8.814859,0.927817,3
149117496288371,1627198404,3.863212,8.801101,0.92572325,3
149117498788371,1629698404,3.8907297,8.786145,0.9269197,3
149117501288371,1632198404,3.9074793,8.772686,0.9212367,3
149117503788371,1634698404,3.9056847,8.7780695,0.9173484,3
149117506288371,1637198404,3.8790646,8.769695,0.9029915,3
149117508788371,1639698404,3.8527436,8.782856,0.8850453,3
149117511288371,1642198404,3.8255253,8.801101,0.8877372,3
149117513788371,1644698404,3.8006997,8.821739,0.89042914,3
149117516288371,1647198404,3.8057845,8.837891,0.89342016,3
149117518788371,1649698404,3.7950168,8.865707,0.9290134,3
149117521288371,1652198404,3.777968,8.894421,0.9317053,3
149117523788371,1654698404,3.7498522,8.942576,0.93230355,3
149117526288371,1657198404,3.7172499,8.990732,0.94277215,3
149117528788371,1659698404,3.6903307,9.022138,0.94695956,3
149117531288371,1662198404,3.6867416,9.038289,0.9595219,3
149117533788371,1664698404,3.69721,9.037392,0.97178507,3
149117536288371,1667198404,3.7429729,9.027522,0.95653087,3
149117538788371,1669698404,3.801896,9.01466,0.96849495,3
149117541288371,1672198404,3.8497524,9.004191,0.9708878,3
149117543788371,1674698404,3.9026937,8.974581,0.94725865,3
149117546288371,1677198404,3.94397,8.949755,0.951147,3
149117548788371,1679698404,3.9951165,8.917452,0.9517452,3
149117551288371,1682198404,4.045964,8.88455,0.95473623,3
149117553788371,1684698404,4.0734816,8.863613,0.9526425,3
149117556288371,1687198404,4.099204,8.83131,0.9409775,3
149117558788371,1689698404,4.12732,8.809476,0.9493524,3
149117561288371,1692198404,4.1494536,8.791828,0.942473,3
149117563788371,1694698404,4.162016,8.770593,0.9526425,3
149117566288371,1697198404,4.156333,8.762517,0.9661021,3
149117568788371,1699698404,4.1404805,8.757133,0.9765707,3
149117571288371,1702198404,4.095316,8.772088,1.0256236,3
149117573788371,1704698404,4.05404,8.757432,1.0390832,3
149117576288371,1707198404,4.022634,8.751151,1.0677971,3
149117578788371,1709698404,3.993621,8.756535,1.0758729,3
149117581288371,1712198404,3.9598224,8.777172,1.0851451,3
149117583788371,1714698404,3.9427736,8.79153,1.0788639,3
149117586288371,1717198404,3.9113677,8.795717,1.058525,3
149117588788371,1719698404,3.8730826,8.807681,1.0603195,3
149117591288371,1722198404,3.8638103,8.7984085,1.0594223,3
149117593788371,1724698404,3.8575292,8.796315,1.0680962,3
149117596288371,1727198404,3.868596,8.799007,1.0752747,3
149117598788371,1729698404,3.8934216,8.788539,1.0636097,3
149117601288371,1732198404,3.9029927,8.75803,1.0564312,3
149117603788371,1734698404,3.9230328,8.763115,1.0459626,3
149117606288371,1737198404,3.9370906,8.734401,1.0405787,3
149117608788371,1739698404,3.9622152,8.711669,1.0489537,3
149117611288371,1742198404,3.9717865,8.690732,1.0507482,3
149117613788371,1744698404,3.9610188,8.68804,1.0567303,3
149117616288371,1747198404,3.9472601,8.69791,1.0549357,3
149117618788371,1749698404,3.9014974,8.699107,1.0654043,3
149117621288371,1752198404,3.8488553,8.688937,1.0576276,3
149117623788371,1754698404,3.8273199,8.698808,1.0537393,3
149117626288371,1757198404,3.8192441,8.706584,1.0609177,3
149117628788371,1759698404,3.8192441,8.719147,1.0680962,3
149117631288371,1762198404,3.830909,8.729615,1.0603195,3
149117633788371,1764698404,3.8359938,8.730513,1.058525,3
149117636288371,1767198404,3.848257,8.725129,1.0606186,3
149117638788371,1769698404,3.871587,8.72483,1.0534402,3
149117641288371,1772198404,3.8838503,8.730213,1.0313065,3
149117643788371,1774698404,3.9044883,8.726026,1.0106685,3
149117646288371,1777198404,3.8988054,8.72453,0.99990076,3
149117648788371,1779698404,3.897609,8.731709,0.96909314,3
149117651288371,1782198404,3.9128633,8.747561,0.9529416,3
149117653788371,1784698404,3.912265,8.761021,0.9376874,3
149117656288371,1787198404,3.8757744,8.776276,0.92303133,3
149117658788371,1789698404,3.8458643,8.808279,0.91615194,3
149117661288371,1792198404,3.7860436,8.831011,0.90149593,3
149117663788371,1794698404,3.7474594,8.871988,0.90388876,3
149117666288371,1797198404,3.6807594,8.901898,0.89401835,3
149117668788371,1799698404,3.6427734,8.926126,0.91435736,3
149117671288371,1802198404,3.6107693,8.945567,0.9107681,3
149117673788371,1804698404,3.6110685,8.96471,0.9164511,3
149117676288371,1807198404,3.62722,8.976076,0.9305089,3
149117678788371,1809698404,3.6831522,8.985647,0.95383894,3
149117681288371,1812198404,3.7310088,8.967701,0.98584294,3
149117683788371,1814698404,3.7974095,8.962018,1.0208379,3
149117686288371,1817198404,3.8614175,8.939286,1.0390832,3
149117688788371,1819698404,3.9173498,8.919545,1.0627123,3
149117691288371,1822198404,3.9759738,8.901599,1.070489,3
149117693788371,1824698404,4.014259,8.879167,1.0875379,3
149117696288371,1827198404,4.0594234,8.872287,1.0851451,3
149117698788371,1829698404,4.1024942,8.855537,1.1144571,3
149117701288371,1832198404,4.1171503,8.836395,1.1078769,3
149117703788371,1834698404,4.130012,8.838788,1.1443675,3
149117706288371,1837198404,4.139284,8.833404,1.1718849,3
149117708788371,1839698404,4.1350965,8.840283,1.1910275,3
149117711288371,1842198404,4.1036906,8.839984,1.1937194,3
149117713788371,1844698404,4.0707893,8.859426,1.2071791,3
149117716288371,1847198404,4.0160537,8.885747,1.1952149,3
149117718788371,1849698404,3.9538403,8.881559,1.2029916,3
149117721288371,1852198404,3.894618,8.903693,1.2008978,3
149117723788371,1854698404,3.8611186,8.907581,1.1841481,3
149117726288371,1857198404,3.8135612,8.906983,1.1718849,3
149117728788371,1859698404,3.7683966,8.935996,1.2071791,3
149117731288371,1862198404,3.7157545,8.938987,1.2394822,3
149117733788371,1864698404,3.6541393,8.938389,1.2894323,3
149117736288371,1867198404,3.586243,8.95813,1.2897314,3
149117738788371,1869698404,3.5321052,8.979067,1.2326027,3
149117741288371,1872198404,3.4824543,9.002696,1.157827,3
149117743788371,1874698404,3.444169,9.023035,1.0713863,3
149117746288371,1877198404,3.415455,9.046664,1.0193424,3
149117748788371,1879698404,3.423531,9.070891,0.98614204,3
149117751288371,1882198404,3.4594233,9.086145,0.9738788,3
149117753788371,1884698404,3.4890344,9.096016,0.97537434,3
149117756288371,1887198404,3.5419757,9.106186,0.9711869,3
149117758788371,1889698404,3.6026936,9.110074,0.97477615,3
149117761288371,1892198404,3.6457644,9.108877,0.97866446,3
149117763788371,1894698404,3.7094734,9.129216,0.9771689,3
149117766288371,1897198404,3.7540395,9.1014,0.9822537,3
149117768788371,1899698404,3.792923,9.09811,0.9822537,3
149117771288371,1902198404,3.8303108,9.089436,0.98524475,3
149117773788371,1904698404,3.8676987,9.071489,1.000499,3
149117776288371,1907198404,3.9011981,9.028419,1.0070792,3
149117778788371,1909698404,3.929314,8.996415,1.0274183,3
149117781288371,1912198404,3.9565322,8.965308,1.038186,3
149117783788371,1914698404,3.9777687,8.910274,1.0666007,3
149117786288371,1917198404,3.982255,8.877073,1.0746765,3
149117788788371,1919698404,3.9891346,8.863315,1.0896316,3
149117791288371,1922198404,3.999304,8.833703,1.1015958,3
149117793788371,1924698404,3.999603,8.811869,1.0980065,3
149117796288371,1927198404,4.0034914,8.786445,1.1105688,3
149117798788371,1929698404,3.999603,8.805288,1.1255239,3
149117801288371,1932198404,3.9894335,8.810074,1.105484,3
149117803788371,1934698404,3.993322,8.806784,1.134497,3
149117806288371,1937198404,3.987938,8.806784,1.2173486,3
149117808788371,1939698404,3.99392,8.8187475,1.242174,3
149117811288371,1942198404,3.9750767,8.836395,1.2149557,3
149117813788371,1944698404,3.9619162,8.836694,1.2206386,3
149117816288371,1947198404,3.935595,8.861818,1.2017952,3
149117818788371,1949698404,3.917948,8.894122,1.1751751,3
149117821288371,1952198404,3.9053857,8.907581,1.1611172,3
149117823788371,1954698404,3.8943188,8.911469,1.1321042,3
149117826288371,1957198404,3.8793638,8.929416,1.0950154,3
149117828788371,1959698404,3.8673997,8.95454,1.0432707,3
149117831288371,1962198404,3.8563328,8.96471,1.0462617,3
149117833788371,1964698404,3.8413777,8.969196,1.0229317,3
149117836288371,1967198404,3.8240297,8.990732,1.0106685,3
149117838788371,1969698404,3.810271,8.998808,1.0037891,3
149117841288371,1972198404,3.7914274,9.000901,0.9933205,3
149117843788371,1974698404,3.7776687,9.01795,0.997807,3
149117846288371,1977198404,3.7573297,9.01795,0.9879367,3
149117848788371,1979698404,3.7561333,9.024232,1.0193424,3
149117851288371,1982198404,3.7411783,9.031111,1.0262218,3
149117853788371,1984698404,3.734299,9.032008,1.0214362,3
149117856288371,1987198404,3.7292142,9.020044,1.0495518,3
149117858788371,1989698404,3.7265222,9.008977,1.0486546,3
149117861288371,1992198404,3.735196,8.991928,1.0534402,3
149117863788371,1994698404,3.7292142,8.979665,1.0651052,3
149117866288371,1997198404,3.7283168,8.970991,1.0746765,3
149117868788371,1999698404,3.7091742,8.986545,1.1171491,3
149117871288371,2002198404,3.7079778,8.98804,1.1380863,3
149117873788371,2004698404,3.6981075,8.994321,1.1312069,3
149117876288371,2007198404,3.6927235,9.002397,1.0998011,3
149117878788371,2009698404,3.6876388,9.002696,1.1009976,3
149117881288371,2012198404,3.6885362,8.989835,1.0920244,3
149117883788371,2014698404,3.7019958,9.002098,1.0860424,3
149117886288371,2017198404,3.7094734,9.012866,1.0860424,3
149117888788371,2019698404,3.714857,9.017652,1.0872388,3
149117891288371,2022198404,3.7178483,9.041879,1.0902299,3
149117893788371,2024698404,3.735196,9.050852,1.0872388,3
149117896288371,2027198404,3.7441692,9.045767,1.087837,3
149117898788371,2029698404,3.7411783,9.0595255,1.0597214,3
149117901288371,2032198404,3.751946,9.066106,1.0456635,3
149117903788371,2034698404,3.7504504,9.070293,1.0157533,3
149117906288371,2037198404,3.74058,9.063115,1.0247263,3
149117908788371,2039698404,3.7295132,9.067003,1.0148559,3
149117911288371,2042198404,3.723232,9.048758,0.9846465,3
149117913788371,2044698404,3.71396,9.043972,0.9876375,3
149117916288371,2047198404,3.7070804,9.029316,0.9595219,3
149117918788371,2049698404,3.7079778,9.018847,0.9616156,3
149117921288371,2052198404,3.6996028,8.998508,0.96849495,3
149117923788371,2054698404,3.69721,8.990732,0.95383894,3
149117926288371,2057198404,3.6996028,8.970393,0.9532407,3
149117928788371,2059698404,3.6975093,8.948259,0.965803,3
149117931288371,2062198404,3.7022948,8.947661,0.9954142,3
149117933788371,2064698404,3.7061832,8.940782,1.0241281,3
149117936288371,2067198404,3.7091742,8.936594,1.0474582,3
149117938788371,2069698404,3.717549,8.92792,1.058525,3
149117941288371,2072198404,3.705884,8.915657,1.090529,3
149117943788371,2074698404,3.682554,8.921938,1.07348,3
149117946288371,2077198404,3.6780674,8.920144,1.0851451,3
149117948788371,2079698404,3.6876388,8.919247,1.0776675,3
149117951288371,2082198404,3.6927235,8.932706,1.084846,3
149117953788371,2084698404,3.708277,8.929117,1.0935199,3
149117956288371,2087198404,3.7414773,8.932706,1.0806586,3
149117958788371,2089698404,3.7731822,8.938389,1.0893325,3
149117961288371,2092198404,3.8096728,8.929416,1.0797613,3
149117963788371,2094698404,3.8491542,8.944371,1.0749756,3
149117966288371,2097198404,3.8709888,8.933903,1.0597214,3
149117968788371,2099698404,3.888935,8.929715,1.0432707,3
149117971288371,2102198404,3.906582,8.933903,1.0235299,3
149117973788371,2104698404,3.9317067,8.925528,1.0070792,3
149117976288371,2107198404,3.9463627,8.927322,0.9921241,3
149117978788371,2109698404,3.9490547,8.9362955,1.0043873,3
149117981288371,2112198404,3.9568315,8.933603,0.9936196,3
149117983788371,2114698404,3.9652061,8.935099,0.9954142,3
149117986288371,2117198404,3.9598224,8.9362955,1.0010972,3
149117988788371,2119698404,3.938586,8.941679,0.9927223,3
149117991288371,2122198404,3.9203408,8.941081,0.97507524,3
149117993788371,2124698404,3.9000018,8.949755,0.9936196,3
149117996288371,2127198404,3.8925242,8.960822,0.9592228,3
149117998788371,2129698404,3.8817565,8.957532,0.96789676,3
149118001288371,2132198404,3.8691943,8.956335,0.9816555,3
149118003788371,2134698404,3.8446677,8.945867,0.9939187,3
149118006288371,2137198404,3.8234315,8.949755,0.9921241,3
149118008788371,2139698404,3.8030925,8.94467,0.9984053,3
149118011288371,2142198404,3.7672002,8.971589,0.99302137,3
149118013788371,2144698404,3.7543387,8.976674,1.0028918,3
149118016288371,2147198404,3.7402809,8.9674015,1.0142577,3
149118018788371,2149698404,3.711567,8.961121,1.0130613,3
149118021288371,2152198404,3.6957145,8.970094,1.0085747,3
149118023788371,2154698404,3.6646078,8.944072,1.0244272,3
149118026288371,2157198404,3.6658044,8.952447,1.0459626,3
149118028788371,2159698404,3.6484563,8.942277,1.0423734,3
149118031288371,2162198404,3.6517465,8.927621,1.0483555,3
149118033788371,2164698404,3.6547375,8.927621,1.0692927,3
149118036288371,2167198404,3.6690943,8.910572,1.0782657,3
149118038788371,2169698404,3.6753755,8.903095,1.07348,3
149118041288371,2172198404,3.688237,8.898908,1.087837,3
149118043788371,2174698404,3.6987057,8.870493,1.1015958,3
149118046288371,2177198404,3.6984065,8.85464,1.1006985,3
149118048788371,2179698404,3.714259,8.846564,1.0980065,3
149118051288371,2182198404,3.7253258,8.844471,1.0920244,3
149118053788371,2184698404,3.725924,8.843274,1.1033903,3
149118056288371,2187198404,3.725924,8.8289175,1.0971092,3
149118058788371,2189698404,3.7229328,8.827721,1.1045867,3
149118061288371,2192198404,3.7229328,8.840881,1.1099706,3
149118063788371,2194698404,3.735196,8.848659,1.1156535,3
149118066288371,2197198404,3.735196,8.86152,1.1111671,3
149118068788371,2199698404,3.7456648,8.871091,1.1171491,3
149118071288371,2202198404,3.7498522,8.878269,1.114158,3
149118073788371,2204698404,3.7558343,8.89113,1.096511,3
149118076288371,2207198404,3.7746778,8.898608,1.090529,3
149118078788371,2209698404,3.7680974,8.908179,1.0770693,3
149118081288371,2212198404,3.764209,8.924331,1.064507,3
149118083788371,2214698404,3.7474594,8.933005,1.0591232,3
149118086288371,2217198404,3.7501514,8.940184,1.0698909,3
149118088788371,2219698404,3.7360935,8.964411,1.0612168,3
149118091288371,2222198404,3.714857,8.948559,1.0477573,3
149118093788371,2224698404,3.7145581,8.962616,1.0468599,3
149118096288371,2227198404,3.7013974,8.953643,1.0624132,3
149118098788371,2229698404,3.694219,8.9521475,1.052842,3
149118101288371,2232198404,3.6996028,8.951849,1.0579267,3
149118103788371,2234698404,3.693621,8.944371,1.067498,3
149118106288371,2237198404,3.69721,8.930613,1.0749756,3
149118108788371,2239698404,3.6933217,8.915059,1.0725827,3
149118111288371,2242198404,3.6885362,8.908479,1.0827522,3
149118113788371,2244698404,3.691228,8.898908,1.0959128,3
149118116288371,2247198404,3.6924245,8.889935,1.087837,3
149118118788371,2249698404,3.6984065,8.88485,1.0959128,3
149118121288371,2252198404,3.6927235,8.888439,1.0968101,3
149118123788371,2254698404,3.685246,8.872586,1.1273186,3
149118126288371,2257198404,3.6840496,8.876176,1.1312069,3
149118128788371,2259698404,3.6867416,8.876774,1.1464611,3
149118131288371,2262198404,3.6993039,8.883055,1.1398809,3
149118133788371,2264698404,3.7163527,8.879466,1.1542379,3
149118136288371,2267198404,3.716951,8.898309,1.1353943,3
149118138788371,2269698404,3.7360935,8.892028,1.1288141,3
149118141288371,2272198404,3.749254,8.912367,1.1470593,3
149118143788371,2274698404,3.7677984,8.919247,1.1392827,3
149118146288371,2277198404,3.778865,8.924032,1.1216356,3
149118148788371,2279698404,3.7995033,8.923434,1.1135598,3
149118151288371,2282198404,3.8054852,8.930613,1.1030912,3
149118153788371,2284698404,3.8144584,8.933903,1.1084751,3
149118156288371,2287198404,3.8231323,8.935099,1.0854442,3
149118158788371,2289698404,3.8195431,8.92822,1.0983056,3
149118161288371,2292198404,3.8276188,8.933603,1.0890334,3
149118163788371,2294698404,3.8374894,8.930613,1.0887343,3
149118166288371,2297198404,3.844967,8.923135,1.0830513,3
149118168788371,2299698404,3.8347974,8.924032,1.0671989,3
149118171288371,2302198404,3.8500516,8.928818,1.0836495,3
149118173788371,2304698404,3.839583,8.929117,1.1033903,3
149118176288371,2307198404,3.8291144,8.936893,1.0998011,3
149118178788371,2309698404,3.8324046,8.93151,1.0956137,3
149118181288371,2312198404,3.8330028,8.925827,1.0863415,3
149118183788371,2314698404,3.8198423,8.910572,1.0902299,3
149118186288371,2317198404,3.8192441,8.916854,1.0824531,3
149118188788371,2319698404,3.810271,8.898908,1.0845468,3
149118191288371,2322198404,3.8096728,8.903095,1.0597214,3
149118193788371,2324698404,3.7947176,8.905488,1.038186,3
149118196288371,2327198404,3.7905302,8.907581,1.0627123,3
149118198788371,2329698404,3.7923248,8.920742,1.0944172,3
149118201288371,2332198404,3.775575,8.935398,1.0947163,3
149118203788371,2334698404,3.760919,8.936893,1.1276177,3
149118206288371,2337198404,3.746263,8.947362,1.1201401,3
149118208788371,2339698404,3.7525442,8.957532,1.1105688,3
149118211288371,2342198404,3.7621155,8.962616,1.1111671,3
149118213788371,2344698404,3.7555351,8.969795,1.105484,3
149118216288371,2347198404,3.7540395,8.970692,1.0941181,3
149118218788371,2349698404,3.766602,8.976974,1.0896316,3
149118221288371,2352198404,3.7525442,8.993723,1.0555339,3
149118223788371,2354698404,3.757629,8.993723,1.0316057,3
149118226288371,2357198404,3.764209,8.989535,1.0633105,3
149118228788371,2359698404,3.769892,8.9826565,1.0651052,3
149118231288371,2362198404,3.757629,8.9979105,1.0710872,3
149118233788371,2364698404,3.7414773,9.009874,1.0707881,3
149118236288371,2367198404,3.7322052,9.003593,1.0504491,3
149118238788371,2369698404,3.7172499,9.009576,1.0342976,3
149118241288371,2372198404,3.7064822,9.016156,1.0232308,3
149118243788371,2374698404,3.6861434,9.017652,1.0253245,3
149118246288371,2377198404,3.6661034,9.030513,1.0232308,3
149118248788371,2379698404,3.6574295,9.032906,1.0241281,3
149118251288371,2382198404,3.6424742,9.034401,1.0322039,3
149118253788371,2384698404,3.6484563,9.046365,1.0109676,3
149118256288371,2387198404,3.6394832,9.046365,1.0316057,3
149118258788371,2389698404,3.6391842,9.051749,1.0405787,3
149118261288371,2392198404,3.644269,9.062516,1.0465608,3
149118263788371,2394698404,3.6349967,9.069097,1.0567303,3
149118266288371,2397198404,3.632604,9.070293,1.0737791,3
149118268788371,2399698404,3.6233318,9.058928,1.038186,3
149118271288371,2402198404,3.6188452,9.071789,1.0561321,3
149118273788371,2404698404,3.5910287,9.077472,1.0597214,3
149118276288371,2407198404,3.5910287,9.076276,1.0668998,3
149118278788371,2409698404,3.5937204,9.081659,1.0468599,3
149118281288371,2412198404,3.6080775,9.082557,1.0507482,3
149118283788371,2414698404,3.6346977,9.077472,1.0725827,3
149118286288371,2417198404,3.6574295,9.075677,1.0621141,3
149118288788371,2419698404,3.6843486,9.063414,1.0740783,3
149118291288371,2422198404,3.7040894,9.052945,1.0782657,3
149118293788371,2424698404,3.735196,9.037691,1.0683953,3
149118296288371,2427198404,3.7740796,9.026625,1.0639088,3
149118298788371,2429698404,3.8006997,9.005089,1.0480564,3
149118301288371,2432198404,3.8108692,8.990134,1.0462617,3
149118303788371,2434698404,3.83061,8.970991,1.038186,3
149118306288371,2437198404,3.848257,8.954242,1.0286146,3
149118308788371,2439698404,3.8590248,8.944371,1.0345967,3
149118311288371,2442198404,3.8727834,8.92493,1.0378869,3
149118313788371,2444698404,3.8928235,8.909077,1.0235299,3
149118316288371,2447198404,3.8793638,8.89113,1.041476,3
149118318788371,2449698404,3.8850467,8.887542,1.0648061,3
149118321288371,2452198404,3.888337,8.879167,1.0435698,3
149118323788371,2454698404,3.885944,8.867501,1.0450653,3
149118326288371,2457198404,3.8853457,8.868399,1.0360922,3
149118328788371,2459698404,3.8778682,8.872287,1.0055838,3
149118331288371,2462198404,3.8811584,8.873783,1.0247263,3
149118333788371,2464698404,3.8988054,8.866305,1.0746765,3
149118336288371,2467198404,3.906881,8.860323,1.0998011,3
149118338788371,2469698404,3.9029927,8.870791,1.0908281,3
149118341288371,2472198404,3.906881,8.870493,1.0689936,3
149118343788371,2474698404,3.915256,8.866903,1.0378869,3
149118346288371,2477198404,3.909573,8.866604,1.0229317,3
149118348788371,2479698404,3.9077785,8.866903,1.0390832,3
149118351288371,2482198404,3.892225,8.877073,1.012164,3
149118353788371,2484698404,3.8853457,8.892028,1.0058829,3
149118356288371,2487198404,3.874578,8.892327,1.0079765,3
149118358788371,2489698404,3.8560338,8.909974,1.0136595,3
149118361288371,2492198404,3.8443687,8.933005,1.0190433,3
149118363788371,2494698404,3.810271,8.962616,1.0049855,3
149118366288371,2497198404,3.7878382,8.980264,1.006481,3
149118368788371,2499698404,3.778865,8.993125,0.9816555,3
149118371288371,2502198404,3.7651064,8.995817,0.98644114,3
149118373788371,2504698404,3.7471602,9.009576,0.97926265,3
149118376288371,2507198404,3.743571,9.010472,0.96909314,3
149118378788371,2509698404,3.7390845,8.98804,0.96520483,3
149118381288371,2512198404,3.7450666,8.99133,0.962812,3
149118383788371,2514698404,3.7507496,8.981161,0.9625129,3
149118386288371,2517198404,3.7740796,8.969795,0.9774681,3
149118388788371,2519698404,3.7878382,8.975777,0.98973125,3
149118391288371,2522198404,3.8066816,8.965608,0.997807,3
149118393788371,2524698404,3.824329,8.958429,0.98973125,3
149118396288371,2527198404,3.839583,8.955438,1.0040882,3
149118398788371,2529698404,3.856931,8.941081,0.9927223,3
149118401288371,2532198404,3.8808591,8.938987,1.0142577,3
149118403788371,2534698404,3.8871403,8.933304,1.0193424,3
149118406288371,2537198404,3.8898323,8.940184,1.0184451,3
149118408788371,2539698404,3.8943188,8.933603,1.0232308,3
149118411288371,2542198404,3.8817565,8.929117,1.0241281,3
149118413788371,2544698404,3.8673997,8.950353,1.0250254,3
149118416288371,2547198404,3.8629131,8.93809,1.0253245,3
149118418788371,2549698404,3.8506498,8.933304,1.0232308,3
149118421288371,2552198404,3.8413777,8.93151,1.0229317,3
149118423788371,2554698404,3.8344984,8.927023,1.0360922,3
149118426288371,2557198404,3.828217,8.911469,1.0334003,3
149118428788371,2559698404,3.8198423,8.909675,1.0453644,3
149118431288371,2562198404,3.8114674,8.911171,1.0543375,3
149118433788371,2564698404,3.8036907,8.89113,1.0313065,3
149118436288371,2567198404,3.8108692,8.880064,1.0387841,3
149118438788371,2569698404,3.813262,8.872886,1.055833,3
149118441288371,2572198404,3.8129628,8.871689,1.0728818,3
149118443788371,2574698404,3.83061,8.867801,1.079163,3
149118446288371,2577198404,3.824329,8.859725,1.0752747,3
149118448788371,2579698404,3.8359938,8.86481,1.07348,3
149118451288371,2582198404,3.8374894,8.868399,1.0776675,3
149118453788371,2584698404,3.836592,8.874979,1.0624132,3
149118456288371,2587198404,3.8327036,8.871689,1.0339985,3
149118458788371,2589698404,3.8171504,8.879765,1.0363913,3
149118461288371,2592198404,3.8054852,8.881559,1.0085747,3
149118463788371,2594698404,3.7719858,8.900104,1.0016954,3
149118466288371,2597198404,3.7743785,8.898608,1.0124631,3
149118468788371,2599698404,3.758526,8.896813,1.0310074,3
149118471288371,2602198404,3.758526,8.89472,1.0393823,3
149118473788371,2604698404,3.7561333,8.89143,1.0351949,3
149118476288371,2607198404,3.7546377,8.886345,1.0582259,3
149118478788371,2609698404,3.7546377,8.905189,1.070489,3
149118481288371,2612198404,3.751946,8.900702,1.0591232,3
149118483788371,2614698404,3.7507496,8.886345,1.0654043,3
149118486288371,2617198404,3.7489548,8.876774,1.0716854,3
149118488788371,2619698404,3.7423747,8.871689,1.0773684,3
149118491288371,2622198404,3.7459638,8.855238,1.0947163,3
149118493788371,2624698404,3.7474594,8.84806,1.0881361,3
149118496288371,2627198404,3.7654054,8.842377,1.0977074,3
149118498788371,2629698404,3.784249,8.835198,1.1135598,3
149118501288371,2632198404,3.7953157,8.832506,1.1276177,3
149118503788371,2634698404,3.8054852,8.834899,1.1180464,3
149118506288371,2637198404,3.8294137,8.825029,1.1216356,3
149118508788371,2639698404,3.8581274,8.822935,1.1093724,3
149118511288371,2642198404,3.8814573,8.833404,1.0968101,3
149118513788371,2644698404,3.9110687,8.827422,1.1150553,3
149118516288371,2647198404,3.9314077,8.831908,1.1117653,3
149118518788371,2649698404,3.944269,8.835198,1.1048858,3
149118521288371,2652198404,3.9577286,8.845966,1.0974083,3
149118523788371,2654698404,3.9604206,8.838489,1.0770693,3
149118526288371,2657198404,3.956233,8.840283,1.0660025,3
149118528788371,2659698404,3.950251,8.845667,1.0504491,3
149118531288371,2662198404,3.9415772,8.84806,1.0642079,3
149118533788371,2664698404,3.9278183,8.842377,1.0513464,3
149118536288371,2667198404,3.9134614,8.840283,1.0552348,3
149118538788371,2669698404,3.906881,8.832506,1.0552348,3
149118541288371,2672198404,3.903292,8.834899,1.0800604,3
149118543788371,2674698404,3.8934216,8.842976,1.0800604,3
149118546288371,2677198404,3.8763726,8.863913,1.102194,3
149118548788371,2679698404,3.8527436,8.876176,1.0971092,3
149118551288371,2682198404,3.839284,8.885747,1.1120644,3
149118553788371,2684698404,3.8228333,8.89801,1.1174482,3
149118556288371,2687198404,3.822534,8.909974,1.14018,3
149118558788371,2689698404,3.804588,8.910274,1.1515459,3
149118561288371,2692198404,3.7947176,8.910274,1.1452647,3
149118563788371,2694698404,3.7848473,8.919545,1.1506486,3
149118566288371,2697198404,3.7773697,8.933603,1.1560324,3
149118568788371,2699698404,3.7740796,8.935398,1.1581261,3
149118571288371,2702198404,3.7746778,8.950952,1.1338989,3
149118573788371,2704698404,3.7618163,8.959326,1.1096715,3
149118576288371,2707198404,3.737888,8.960223,1.1159526,3
149118578788371,2709698404,3.720241,8.971589,1.1033903,3
149118581288371,2712198404,3.6984065,8.988937,1.1018949,3
149118583788371,2714698404,3.6834514,9.016754,1.093819,3
149118586288371,2717198404,3.6861434,9.052945,1.1012967,3
149118588788371,2719698404,3.6834514,9.053245,1.0974083,3
149118591288371,2722198404,3.6960137,9.075079,1.0947163,3
149118593788371,2724698404,3.7010984,9.068199,1.0842477,3
149118596288371,2727198404,3.6876388,9.0747795,1.0971092,3
149118598788371,2729698404,3.6894333,9.084052,1.0692927,3
149118601288371,2732198404,3.6924245,9.085847,1.0725827,3
149118603788371,2734698404,3.6876388,9.094521,1.0719845,3
149118606288371,2737198404,3.6834514,9.082855,1.0486546,3
149118608788371,2739698404,3.685246,9.067901,1.0345967,3
149118611288371,2742198404,3.6951163,9.044271,1.0336994,3
149118613788371,2744698404,3.7049868,9.028419,1.038186,3
149118616288371,2747198404,3.6981075,9.003593,1.0351949,3
149118618788371,2749698404,3.7034912,8.979665,1.0417751,3
149118621288371,2752198404,3.6915271,8.95484,1.0564312,3
149118623788371,2754698404,3.6921253,8.930613,1.0543375,3
149118626288371,2757198404,3.7031922,8.915059,1.0594223,3
149118628788371,2759698404,3.690929,8.888738,1.0743774,3
149118631288371,2762198404,3.6984065,8.878569,1.0899308,3
149118633788371,2764698404,3.6963127,8.872886,1.0971092,3
149118636288371,2767198404,3.702893,8.871689,1.1108679,3
149118638788371,2769698404,3.7247276,8.859426,1.1117653,3
149118641288371,2772198404,3.7235312,8.866903,1.0944172,3
149118643788371,2774698404,3.7393837,8.880961,1.1195419,3
149118646288371,2777198404,3.7540395,8.880363,1.1195419,3
149118648788371,2779698404,3.7746778,8.88814,1.1108679,3
149118651288371,2782198404,3.786941,8.897711,1.1159526,3
149118653788371,2784698404,3.7944186,8.9057865,1.1288141,3
149118656288371,2787198404,3.8042889,8.907581,1.1150553,3
149118658788371,2789698404,3.8090746,8.904291,1.1060823,3
149118661288371,2792198404,3.828217,8.900403,1.0953146,3
149118663788371,2794698404,3.8339,8.916854,1.0743774,3
149118666288371,2797198404,3.848257,8.902496,1.0779666,3
149118668788371,2799698404,3.8620157,8.902198,1.0642079,3
149118671288371,2802198404,3.8712878,8.9108715,1.0663016,3
149118673788371,2804698404,3.8814573,8.912367,1.070489,3
149118676288371,2807198404,3.8838503,8.901898,1.0360922,3
149118678788371,2809698404,3.8778682,8.901001,1.0342976,3
149118681288371,2812198404,3.8602211,8.9108715,1.038186,3
149118683788371,2814698404,3.841976,8.916255,1.0399805,3
149118686288371,2817198404,3.8264225,8.918947,1.038186,3
149118688788371,2819698404,3.7974095,8.932706,1.0369896,3
149118691288371,2822198404,3.7989051,8.951849,1.0492527,3
149118693788371,2824698404,3.7857444,8.966804,1.0531411,3
149118696288371,2827198404,3.7887356,8.974879,1.0549357,3
149118698788371,2829698404,3.7878382,8.982058,1.067498,3
149118701288371,2832198404,3.7800615,8.980862,1.0794622,3
149118703788371,2834698404,3.7746778,8.993423,1.0884352,3
149118706288371,2837198404,3.764209,8.984152,1.0728818,3
149118708788371,2839698404,3.738187,8.985647,1.0833504,3
149118711288371,2842198404,3.725924,8.987143,1.0668998,3
149118713788371,2844698404,3.725924,8.975478,1.0510473,3
149118716288371,2847198404,3.7214375,8.980862,1.0402796,3
149118718788371,2849698404,3.7337005,8.989237,1.0357931,3
149118721288371,2852198404,3.7402809,8.969196,1.0525428,3
149118723788371,2854698404,3.7417765,8.962616,1.0543375,3
149118726288371,2857198404,3.761218,8.938389,1.0621141,3
149118728788371,2859698404,3.7731822,8.932706,1.055833,3
149118731288371,2862198404,3.7938204,8.92134,1.0486546,3
149118733788371,2864698404,3.807579,8.900702,1.0399805,3
149118736288371,2867198404,3.8177485,8.880363,1.0348958,3
149118738788371,2869698404,3.8240297,8.874082,1.0274183,3
149118741288371,2872198404,3.824927,8.864511,1.0507482,3
149118743788371,2874698404,3.8297126,8.860024,1.064507,3
149118746288371,2877198404,3.8303108,8.852247,1.0827522,3
149118748788371,2879698404,3.8258243,8.85793,1.0749756,3
149118751288371,2882198404,3.8297126,8.8746805,1.0818549,3
149118753788371,2884698404,3.8401814,8.88784,1.0627123,3
149118756288371,2887198404,3.839284,8.893225,1.038186,3
149118758788371,2889698404,3.8234315,8.8956175,1.0444671,3
149118761288371,2892198404,3.8288152,8.904591,1.0253245,3
149118763788371,2894698404,3.8353956,8.906385,1.029811,3
149118766288371,2897198404,3.8425741,8.910274,1.0331012,3
149118768788371,2899698404,3.8494534,8.918349,1.0447662,3
149118771288371,2902198404,3.862315,8.907581,1.058525,3
149118773788371,2904698404,3.8718863,8.903992,1.0567303,3
149118776288371,2907198404,3.8718863,8.911469,1.0719845,3
149118778788371,2909698404,3.8775692,8.9159565,1.0692927,3
149118781288371,2912198404,3.8853457,8.909675,1.0785648,3
149118783788371,2914698404,3.862315,8.897711,1.1090733,3
149118786288371,2917198404,3.8551364,8.900104,1.0869397,3
149118788788371,2919698404,3.8593237,8.899506,1.0190433,3
149118791288371,2922198404,3.8521454,8.889635,1.0962119,3
149118793788371,2924698404,3.8437705,8.88784,1.1428719,3
149118796288371,2927198404,3.8350966,8.88814,1.1563315,3
149118798788371,2929698404,3.8177485,8.884252,1.137488,3
149118801288371,2932198404,3.8057845,8.891729,1.1117653,3
149118803788371,2934698404,3.7854455,8.902796,1.1231312,3
149118806288371,2937198404,3.7507496,8.921938,1.1189437,3
149118808788371,2939698404,3.738187,8.925827,1.1222339,3
149118811288371,2942198404,3.7295132,8.939586,1.1129616,3
149118813788371,2944698404,3.7307096,8.950353,1.0980065,3
149118816288371,2947198404,3.723232,8.962317,1.0851451,3
149118818788371,2949698404,3.7190447,8.978469,1.0959128,3
149118821288371,2952198404,3.726223,8.992228,1.0899308,3
149118823788371,2954698404,3.7307096,9.002696,1.1207383,3
149118826288371,2957198404,3.7360935,9.008977,1.1264212,3
149118828788371,2959698404,3.734598,9.015557,1.1192428,3
149118831288371,2962198404,3.74387,9.0233345,1.099502,3
149118833788371,2964698404,3.7558343,9.032906,1.0989038,3
149118836288371,2967198404,3.74058,9.036794,1.0896316,3
149118838788371,2969698404,3.7555351,9.036494,1.0887343,3
149118841288371,2972198404,3.7489548,9.022437,1.0301101,3
149118843788371,2974698404,3.7489548,9.020044,1.0271192,3
149118846288371,2977198404,3.7480576,9.02812,1.0271192,3
149118848788371,2979698404,3.751946,9.025128,1.0058829,3
149118851288371,2982198404,3.7456648,9.042477,0.97866446,3
149118853788371,2984698404,3.7600217,9.052347,0.9625129,3
149118856288371,2987198404,3.7672002,9.037093,1.0175478,3
149118858788371,2989698404,3.7734814,9.015857,1.0492527,3
149118861288371,2992198404,3.7794633,9.010772,1.047159,3
149118863788371,2994698404,3.7797625,9.005089,1.0250254,3
149118866288371,2997198404,3.7701912,8.99462,0.9954142,3
149118868788371,2999698404,3.764209,8.979067,0.9843474,3
149118871288371,3002198404,3.7674992,8.966505,0.9981061,3
149118873788371,3004698404,3.769892,8.972188,1.0067801,3
149118876288371,3007198404,3.7633119,8.956036,1.0046864,3
149118878788371,3009698404,3.7654054,8.937491,1.0193424,3
149118881288371,3012198404,3.7728832,8.932108,1.0160524,3
149118883788371,3014698404,3.7648072,8.935996,1.015155,3
149118886288371,3017198404,3.7633119,8.935398,1.0313065,3
149118888788371,3019698404,3.7552361,8.92792,1.0522437,3
149118891288371,3022198404,3.7504504,8.929715,1.0639088,3
149118893788371,3024698404,3.7456648,8.938688,1.0576276,3
149118896288371,3027198404,3.7498522,8.93809,1.0525428,3
149118898788371,3029698404,3.7683966,8.935996,1.0345967,3
149118901288371,3032198404,3.7812579,8.919545,1.0274183,3
149118903788371,3034698404,3.789932,8.916255,1.0286146,3
149118906288371,3037198404,3.8009987,8.91476,1.0375878,3
149118908788371,3039698404,3.8108692,8.925228,1.0351949,3
149118911288371,3042198404,3.8234315,8.93151,1.035494,3
149118913788371,3044698404,3.836293,8.937193,1.0677971,3
149118916288371,3047198404,3.842873,8.931808,1.0663016,3
149118918788371,3049698404,3.8560338,8.940782,1.1051849,3
149118921288371,3052198404,3.8620157,8.9362955,1.0417751,3
149118923788371,3054698404,3.859623,8.934501,1.0393823,3
149118926288371,3057198404,3.8748772,8.928818,1.058525,3
149118928788371,3059698404,3.8841493,8.92493,1.0680962,3
149118931288371,3062198404,3.8820555,8.914162,1.061815,3
149118933788371,3064698404,3.8886359,8.893225,1.029811,3
149118936288371,3067198404,3.8835511,8.886943,1.0211371,3
149118938788371,3069698404,3.882953,8.87139,1.015454,3
149118941288371,3072198404,3.867998,8.880064,1.0247263,3
149118943788371,3074698404,3.8389847,8.880363,1.0387841,3
149118946288371,3077198404,3.8168511,8.879466,1.0552348,3
149118948788371,3079698404,3.798606,8.876474,1.0561321,3
149118951288371,3082198404,3.7857444,8.88485,1.0564312,3
149118953788371,3084698404,3.778267,8.896813,1.0633105,3
149118956288371,3087198404,3.7657046,8.894122,1.0758729,3
149118958788371,3089698404,3.7728832,8.903394,1.0728818,3
149118961288371,3092198404,3.7704902,8.909974,1.0845468,3
149118963788371,3094698404,3.7710886,8.91805,1.093819,3
149118966288371,3097198404,3.8051863,8.893523,1.0824531,3
149118968788371,3099698404,3.8093736,8.909675,1.0788639,3
149118971288371,3102198404,3.8057845,8.903693,1.0887343,3
149118973788371,3104698404,3.8072798,8.900104,1.0944172,3
149118976288371,3107198404,3.8195431,8.897711,1.0752747,3
149118978788371,3109698404,3.8240297,8.89502,1.0468599,3
149118981288371,3112198404,3.821936,8.902198,1.0304092,3
149118983788371,3114698404,3.8261235,8.905189,1.0256236,3
149118986288371,3117198404,3.8270206,8.905189,1.00349,3
149118988788371,3119698404,3.8404803,8.9013,0.997807,3
149118991288371,3122198404,3.8425741,8.896813,1.0106685,3
149118993788371,3124698404,3.839583,8.892925,1.0157533,3
149118996288371,3127198404,3.8443687,8.876474,1.0363913,3
149118998788371,3129698404,3.8380876,8.878867,1.0366904,3
149119001288371,3132198404,3.8273199,8.871689,1.0190433,3
149119003788371,3134698404,3.8386858,8.852845,1.0241281,3
149119006288371,3137198404,3.8276188,8.833703,1.018146,3
149119008788371,3139698404,3.830909,8.824132,1.0250254,3
149119011288371,3142198404,3.844967,8.817552,1.0190433,3
149119013788371,3144698404,3.8368912,8.823533,1.0334003,3
149119016288371,3147198404,3.8374894,8.796913,1.0295119,3
149119018788371,3149698404,3.8294137,8.814859,1.05015,3
149119021288371,3152198404,3.8321054,8.829216,1.0537393,3
149119023788371,3154698404,3.8350966,8.848957,1.0378869,3
149119026288371,3157198404,3.8497524,8.862118,1.038485,3
149119028788371,3159698404,3.8530426,8.875278,1.0193424,3
149119031288371,3162198404,3.8575292,8.866903,1.0369896,3
149119033788371,3164698404,3.8572302,8.866604,1.0334003,3
149119036288371,3167198404,3.8521454,8.883354,1.0331012,3
149119038788371,3169698404,3.8479578,8.9013,1.0247263,3
149119041288371,3172198404,3.8503506,8.903693,1.0253245,3
149119043788371,3174698404,3.848556,8.919845,1.0226326,3
149119046288371,3177198404,3.8548372,8.962616,1.0202397,3
149119048788371,3179698404,3.8341992,8.9674015,1.0289137,3
149119051288371,3182198404,3.8174493,8.9775715,1.0166506,3
149119053788371,3184698404,3.8153558,9.008977,1.0136595,3
149119056288371,3187198404,3.8096728,9.0131645,1.006481,3
149119058788371,3189698404,3.8030925,9.017053,0.97956175,3
149119061288371,3192198404,3.8001015,9.013464,0.97896355,3
149119063788371,3194698404,3.7977087,9.012866,0.9723833,3
149119066288371,3197198404,3.792624,9.015259,0.9726824,3
149119068788371,3199698404,3.784249,8.999406,0.9595219,3
149119071288371,3202198404,3.7884364,8.99133,0.94277215,3
149119073788371,3204698404,3.790231,8.982058,0.9391829,3
149119076288371,3207198404,3.7935212,8.961719,0.94366944,3
149119078788371,3209698404,3.7749767,8.939884,0.93679005,3
149119081288371,3212198404,3.7734814,8.940782,0.92931247,3
149119083788371,3214698404,3.7474594,8.941679,0.9532407,3
149119086288371,3217198404,3.7474594,8.946764,0.9532407,3
149119088788371,3219698404,3.731607,8.941081,0.94785684,3
149119091288371,3222198404,3.7136607,8.925827,0.9487542,3
149119093788371,3224698404,3.711567,8.917452,0.97567344,3
149119096288371,3227198404,3.714259,8.919545,0.9942178,3
149119098788371,3229698404,3.7199419,8.922237,1.0073783,3
149119101288371,3232198404,3.7250266,8.922835,1.0163515,3
149119103788371,3234698404,3.7453656,8.919545,1.0283155,3
149119106288371,3237198404,3.7441692,8.924032,1.0226326,3
149119108788371,3239698404,3.7621155,8.919247,1.0280164,3
149119111288371,3242198404,3.7600217,8.933005,1.029811,3
149119113788371,3244698404,3.7531424,8.928818,1.0435698,3
149119116288371,3247198404,3.7624145,8.929715,1.015454,3
149119118788371,3249698404,3.769593,8.943474,1.006182,3
149119121288371,3252198404,3.7746778,8.94796,1.0088738,3
149119123788371,3254698404,3.7896328,8.952746,1.0079765,3
149119126288371,3257198404,3.7887356,8.9348,1.0163515,3
149119128788371,3259698404,3.7953157,8.950652,1.0127622,3
149119131288371,3262198404,3.798606,8.947661,0.9984053,3
149119133788371,3264698404,3.798606,8.930613,0.99631155,3
149119136288371,3267198404,3.7860436,8.919545,0.9951151,3
149119138788371,3269698404,3.7704902,8.908778,0.9909277,3
149119141288371,3272198404,3.7528431,8.892028,0.9834501,3
149119143788371,3274698404,3.7432718,8.895318,0.9819546,3
149119146288371,3277198404,3.7468612,8.871091,1.0289137,3
149119148788371,3279698404,3.7420754,8.862118,1.0423734,3
149119151288371,3282198404,3.7486558,8.847162,1.047159,3
149119153788371,3284698404,3.7621155,8.835796,1.0794622,3
149119156288371,3287198404,3.7749767,8.830712,1.0914263,3
149119158788371,3289698404,3.784548,8.816056,1.1078769,3
149119161288371,3292198404,3.8006997,8.82114,1.1111671,3
149119163788371,3294698404,3.8201413,8.810971,1.1057831,3
149119166288371,3297198404,3.8240297,8.826225,1.1093724,3
149119168788371,3299698404,3.8368912,8.815757,1.1114662,3
149119171288371,3302198404,3.8581274,8.820244,1.0953146,3
149119173788371,3304698404,3.8814573,8.822337,1.0845468,3
149119176288371,3307198404,3.8886359,8.825927,1.0710872,3
149119178788371,3309698404,3.9131622,8.827721,1.0707881,3
149119181288371,3312198404,3.9203408,8.841779,1.0489537,3
149119183788371,3314698404,3.9245281,8.855238,1.0277174,3
149119186288371,3317198404,3.9134614,8.873184,1.0232308,3
149119188788371,3319698404,3.9188452,8.873184,0.9981061,3
149119191288371,3322198404,3.926323,8.886345,0.98674023,3
149119193788371,3324698404,3.9077785,8.896515,0.9774681,3
149119196288371,3327198404,3.8970108,8.930014,0.9876375,3
149119198788371,3329698404,3.8503506,8.949755,0.96520483,3
149119201288371,3332198404,3.8255253,8.981759,0.9592228,3
149119203788371,3334698404,3.7977087,8.995518,0.965803,3
149119206288371,3337198404,3.7749767,9.016455,0.9693923,3
149119208788371,3339698404,3.746562,9.042776,0.9699905,3
149119211288371,3342198404,3.7528431,9.033803,0.959821,3
149119213788371,3344698404,3.757629,9.052945,0.97477615,3
149119216288371,3347198404,3.7594235,9.062516,0.9807582,3
149119218788371,3349698404,3.7701912,9.047562,0.99302137,3
149119221288371,3352198404,3.7803607,9.035598,0.9912268,3
149119223788371,3354698404,3.778865,9.034401,0.9807582,3
149119226288371,3357198404,3.764209,9.02453,0.9912268,3
149119228788371,3359698404,3.76391,9.012567,0.97806627,3
149119231288371,3362198404,3.7594235,9.002397,0.9810573,3
149119233788371,3364698404,3.7513478,9.003294,0.97956175,3
149119236288371,3367198404,3.7474594,9.006884,0.9702896,3
149119238788371,3369698404,3.737888,8.999106,0.9726824,3
149119241288371,3372198404,3.737888,9.000603,0.98853487,3
149119243788371,3374698404,3.7184465,8.99821,0.9954142,3
149119246288371,3377198404,3.7163527,9.012866,0.98913306,3
149119248788371,3379698404,3.7154553,9.007781,0.99930257,3
149119251288371,3382198404,3.7154553,9.014361,1.0007981,3
149119253788371,3384698404,3.728616,9.005687,0.9987044,3
149119256288371,3387198404,3.7331023,9.0029955,0.9987044,3
149119258788371,3389698404,3.7214375,9.010472,1.0097711,3
149119261288371,3392198404,3.7307096,9.01137,0.9813564,3
149119263788371,3394698404,3.7301114,9.011969,0.9819546,3
149119266288371,3397198404,3.7354953,9.009276,0.97866446,3
149119268788371,3399698404,3.7459638,9.020642,0.974477,3
149119271288371,3402198404,3.7513478,9.019147,0.9771689,3
149119273788371,3404698404,3.7660038,9.0131645,0.9634102,3
149119276288371,3407198404,3.7486558,8.982357,0.9562318,3
149119278788371,3409698404,3.7564325,8.985947,0.962812,3
149119281288371,3412198404,3.7537405,8.987143,0.9699905,3
149119283788371,3414698404,3.7441692,8.994022,0.97537434,3
149119286288371,3417198404,3.734598,9.006584,0.96909314,3
149119288788371,3419698404,3.72054,8.99163,0.9484551,3
149119291288371,3422198404,3.7094734,9.012866,0.9457632,3
149119293788371,3424698404,3.7187455,9.009576,0.94785684,3
149119296288371,3427198404,3.7325041,9.00808,0.9762716,3
149119298788371,3429698404,3.7498522,9.005687,0.9807582,3
149119301288371,3432198404,3.7672002,8.993723,0.98973125,3
149119303788371,3434698404,3.7734814,8.987442,1.0010972,3
149119306288371,3437198404,3.7965121,8.979665,1.0103694,3
149119308788371,3439698404,3.7989051,8.968898,0.99900347,3
149119311288371,3442198404,3.8030925,8.960223,0.99990076,3
149119313788371,3444698404,3.8024943,8.9521475,1.0001999,3
149119316288371,3447198404,3.8207395,8.936893,1.0058829,3
149119318788371,3449698404,3.8183467,8.933903,1.0040882,3
149119321288371,3452198404,3.8084764,8.942277,0.9804591,3
149119323788371,3454698404,3.8171504,8.922237,0.9774681,3
149119326288371,3457198404,3.818945,8.933603,0.9879367,3
149119328788371,3459698404,3.8177485,8.922835,0.99302137,3
149119331288371,3462198404,3.8276188,8.926724,0.9879367,3
149119333788371,3464698404,3.8344984,8.924331,0.9921241,3
149119336288371,3467198404,3.8488553,8.920144,1.0115658,3
149119338788371,3469698404,3.848257,8.924032,1.017847,3
149119341288371,3472198404,3.854239,8.927023,0.98943216,3
149119343788371,3474698404,3.865904,8.923434,0.99032944,3
149119346288371,3477198404,3.8724844,8.906684,0.9807582,3
149119348788371,3479698404,3.8712878,8.903693,0.9669995,3
149119351288371,3482198404,3.868895,8.907881,0.97477615,3
149119353788371,3484698404,3.8673997,8.903693,0.9607183,3
149119356288371,3487198404,3.845565,8.912666,0.9813564,3
149119358788371,3489698404,3.8380876,8.919845,0.9661021,3
149119361288371,3492198404,3.8264225,8.918947,0.9765707,3
149119363788371,3494698404,3.8195431,8.926724,0.9843474,3
149119366288371,3497198404,3.801298,8.923434,0.99032944,3
149119368788371,3499698404,3.7914274,8.934501,1.0058829,3
149119371288371,3502198404,3.7791643,8.929416,1.0127622,3
149119373788371,3504698404,3.7600217,8.920443,1.0040882,3
149119376288371,3507198404,3.7414773,8.926724,1.009472,3
149119378788371,3509698404,3.7268212,8.926724,0.9951151,3
149119381288371,3512198404,3.7226338,8.915657,0.9807582,3
149119383788371,3514698404,3.7130625,8.911171,1.006481,3
149119386288371,3517198404,3.7133617,8.918648,1.0109676,3
149119388788371,3519698404,3.7348971,8.914461,0.99690974,3
149119391288371,3522198404,3.716951,8.9108715,1.0100702,3
149119393788371,3524698404,3.7124643,8.917152,1.0025927,3
149119396288371,3527198404,3.7199419,8.913564,0.9987044,3
149119398788371,3529698404,3.7244284,8.906684,1.0073783,3
149119401288371,3532198404,3.7354953,8.899805,1.0082756,3
149119403788371,3534698404,3.737888,8.909376,1.0106685,3
149119406288371,3537198404,3.7525442,8.900702,1.0426725,3
149119408788371,3539698404,3.7567315,8.906684,1.0277174,3
149119411288371,3542198404,3.7749767,8.911171,1.0103694,3
149119413788371,3544698404,3.798606,8.908179,0.99661064,3
149119416288371,3547198404,3.799204,8.908778,0.98973125,3
149119418788371,3549698404,3.81057,8.920144,0.98913306,3
149119421288371,3552198404,3.7980077,8.9312105,0.9846465,3
149119423788371,3554698404,3.807878,8.922537,0.98883396,3
149119426288371,3557198404,3.8129628,8.908179,0.9762716,3
149119428788371,3559698404,3.8168511,8.890832,0.9735797,3
149119431288371,3562198404,3.8255253,8.898608,0.97866446,3
149119433788371,3564698404,3.8273199,8.891729,0.9762716,3
149119436288371,3567198404,3.824329,8.902198,0.97926265,3
149119438788371,3569698404,3.824927,8.884252,0.97776717,3
149119441288371,3572198404,3.828217,8.88784,0.9825528,3
149119443788371,3574698404,3.8174493,8.885149,0.99631155,3
149119446288371,3577198404,3.810271,8.876774,1.0103694,3
149119448788371,3579698404,3.7953157,8.866604,1.0133604,3
149119451288371,3582198404,3.7758741,8.879167,1.0322039,3
149119453788371,3584698404,3.7516468,8.882157,1.0208379,3
149119456288371,3587198404,3.7328033,8.910274,1.038186,3
149119458788371,3589698404,3.7211382,8.913264,1.0390832,3
149119461288371,3592198404,3.7151563,8.912367,1.0513464,3
149119463788371,3594698404,3.71396,8.916255,1.0477573,3
149119466288371,3597198404,3.7280176,8.919545,1.0576276,3
149119468788371,3599698404,3.726223,8.926425,1.0633105,3
149119471288371,3602198404,3.7277186,8.936893,1.0468599,3
149119473788371,3604698404,3.726223,8.940483,1.0450653,3
149119476288371,3607198404,3.7423747,8.942576,1.0426725,3
149119478788371,3609698404,3.7561333,8.949755,1.038485,3
149119481288371,3612198404,3.7761734,8.950652,1.0220344,3
149119483788371,3614698404,3.7920256,8.93809,1.0139586,3
149119486288371,3617198404,3.7950168,8.939286,0.9942178,3
149119488788371,3619698404,3.7848473,8.953344,1.0025927,3
149119491288371,3622198404,3.784249,8.959625,0.99960166,3
149119493788371,3624698404,3.784548,8.965009,1.0070792,3
149119496288371,3627198404,3.775575,8.956335,1.0223335,3
149119498788371,3629698404,3.7932222,8.956933,1.0118649,3
149119501288371,3632198404,3.804588,8.950952,0.9921241,3
149119503788371,3634698404,3.7947176,8.930313,0.9906286,3
149119506288371,3637198404,3.7920256,8.933005,1.0013963,3
149119508788371,3639698404,3.7995033,8.912068,0.98524475,3
149119511288371,3642198404,3.804887,8.903693,0.9726824,3
149119513788371,3644698404,3.7998023,8.901001,0.9765707,3
149119516288371,3647198404,3.8168511,8.894122,0.9622138,3
149119518788371,3649698404,3.7935212,8.905488,0.98584294,3
149119521288371,3652198404,3.8015969,8.908479,0.96789676,3
149119523788371,3654698404,3.7944186,8.905189,0.9906286,3
149119526288371,3657198404,3.7917266,8.902796,0.97836536,3
149119528788371,3659698404,3.7953157,8.8956175,0.97836536,3
149119531288371,3662198404,3.7836509,8.916854,0.9906286,3
149119533788371,3664698404,3.780959,8.910274,1.0007981,3
149119536288371,3667198404,3.7707894,8.927023,0.9846465,3
149119538788371,3669698404,3.758227,8.913264,0.9879367,3
149119541288371,3672198404,3.74058,8.930014,0.9915259,3
149119543788371,3674698404,3.7322052,8.941081,0.98883396,3
149119546288371,3677198404,3.7211382,8.939286,1.0076774,3
149119548788371,3679698404,3.7277186,8.953643,1.000499,3
149119551288371,3682198404,3.7154553,8.965308,0.9765707,3
149119553788371,3684698404,3.6921253,8.974879,0.9616156,3
149119556288371,3687198404,3.6789649,8.979964,0.9418748,3
149119558788371,3689698404,3.673282,8.974581,0.9269197,3
149119561288371,3692198404,3.685246,8.981759,0.930808,3
149119563788371,3694698404,3.6867416,8.987442,0.9287143,3
149119566288371,3697198404,3.708277,8.99133,0.9454641,3
149119568788371,3699698404,3.7016966,8.997013,0.9559326,3
149119571288371,3702198404,3.700201,8.985947,0.9529416,3
149119573788371,3704698404,3.6990047,8.987143,0.9379865,3
149119576288371,3707198404,3.7088752,8.984451,0.9349955,3
149119578788371,3709698404,3.716951,8.982955,0.9287143,3
149119581288371,3712198404,3.7016966,8.979964,0.93978107,3
149119583788371,3714698404,3.7241294,8.962616,0.9508479,3
149119586288371,3717198404,3.737589,8.963215,0.95413804,3
149119588788371,3719698404,3.7483566,8.961719,0.9625129,3
149119591288371,3722198404,3.7534413,8.9566345,0.9616156,3
149119593788371,3724698404,3.758526,8.960822,0.971486,3
149119596288371,3727198404,3.7677984,8.966505,0.9819546,3
149119598788371,3729698404,3.7806597,8.965009,0.9726824,3
149119601288371,3732198404,3.769593,8.96142,0.9732806,3
149119603788371,3734698404,3.772584,8.956335,0.9822537,3
149119606288371,3737198404,3.7773697,8.967103,0.9942178,3
149119608788371,3739698404,3.7923248,8.96142,1.0106685,3
149119611288371,3742198404,3.7866418,8.962317,1.0073783,3
149119613788371,3744698404,3.7875392,8.965009,1.0076774,3
149119616288371,3747198404,3.7764723,8.94796,1.0336994,3
149119618788371,3749698404,3.7821553,8.93809,1.0139586,3
149119621288371,3752198404,3.7794633,8.93809,1.0196415,3
149119623788371,3754698404,3.7797625,8.938688,1.0310074,3
149119626288371,3757198404,3.7770705,8.926724,1.0456635,3
149119628788371,3759698404,3.7785661,8.93151,1.0468599,3
149119631288371,3762198404,3.7740796,8.915359,1.0280164,3
149119633788371,3764698404,3.758227,8.919545,1.0304092,3
149119636288371,3767198404,3.7513478,8.922237,1.0262218,3
149119638788371,3769698404,3.7516468,8.92822,1.035494,3
149119641288371,3772198404,3.7504504,8.922537,1.017847,3
149119643788371,3774698404,3.7504504,8.92134,1.0196415,3
149119646288371,3777198404,3.758526,8.919845,1.0331012,3
149119648788371,3779698404,3.7453656,8.929117,1.0163515,3
149119651288371,3782198404,3.752245,8.929715,1.0417751,3
149119653788371,3784698404,3.7680974,8.929715,1.0540384,3
149119656288371,3787198404,3.746263,8.9362955,1.0369896,3
149119658788371,3789698404,3.725924,8.944371,1.017847,3
149119661288371,3792198404,3.71396,8.962915,0.9951151,3
149119663788371,3794698404,3.7046876,8.95125,0.9774681,3
149119666288371,3797198404,3.7100716,8.960223,0.9484551,3
149119668788371,3799698404,3.7151563,8.980264,0.951147,3
149119671288371,3802198404,3.7187455,8.989835,0.96819586,3
149119673788371,3804698404,3.7298124,8.988638,0.9834501,3
149119676288371,3807198404,3.7360935,8.998808,0.97537434,3
149119678788371,3809698404,3.746562,9.020343,0.96819586,3
149119681288371,3812198404,3.7432718,9.021839,0.97178507,3
149119683788371,3814698404,3.7561333,9.011969,0.9589237,3
149119686288371,3817198404,3.7480576,9.012267,0.95742816,3
149119688788371,3819698404,3.7513478,9.020044,0.9493524,3
149119691288371,3822198404,3.7680974,9.02483,0.9403793,3
149119693788371,3824698404,3.7674992,9.031111,0.933799,3
149119696288371,3827198404,3.7645082,9.020343,0.91555375,3
149119698788371,3829698404,3.7713876,9.0341015,0.9068798,3
149119701288371,3832198404,3.7719858,9.046066,0.9194421,3
149119703788371,3834698404,3.7716868,9.044271,0.9203394,3
149119706288371,3837198404,3.778865,9.042776,0.9176475,3
149119708788371,3839698404,3.7734814,9.056235,0.9269197,3
149119711288371,3842198404,3.7710886,9.069396,0.9272188,3
149119713788371,3844698404,3.7857444,9.065508,0.9305089,3
149119716288371,3847198404,3.778267,9.067003,0.9086744,3
149119718788371,3849698404,3.7692938,9.081959,0.9107681,3
149119721288371,3852198404,3.7713876,9.102596,0.9029915,3
149119723788371,3854698404,3.7660038,9.106186,0.89342016,3
149119726288371,3857198404,3.758526,9.111869,0.9065807,3
149119728788371,3859698404,3.7477584,9.136694,0.8985049,3
149119731288371,3862198404,3.7450666,9.147162,0.89371926,3
149119733788371,3864698404,3.74058,9.155837,0.8862417,3
149119736288371,3867198404,3.731607,9.163913,0.907478,3
149119738788371,3869698404,3.7229328,9.158528,0.90448695,3
149119741288371,3872198404,3.7211382,9.175877,0.9059825,3
149119743788371,3874698404,3.7214375,9.165408,0.89072824,3
149119746288371,3877198404,3.725924,9.162716,0.8790632,3
149119748788371,3879698404,3.7244284,9.141181,0.88295156,3
149119751288371,3882198404,3.7223346,9.12503,0.8817552,3
149119753788371,3884698404,3.7295132,9.119347,0.8742776,3
149119756288371,3887198404,3.725924,9.102298,0.8742776,3
149119758788371,3889698404,3.7313077,9.092128,0.8757731,3
149119761288371,3892198404,3.737888,9.089436,0.8488538,3
149119763788371,3894698404,3.74058,9.0595255,0.87996054,3
149119766288371,3897198404,3.7621155,9.059825,0.8706883,3
149119768788371,3899698404,3.7660038,9.044271,0.87308115,3
149119771288371,3902198404,3.7660038,9.038589,0.8703892,3
149119773788371,3904698404,3.7531424,9.020642,0.8748758,3
149119776288371,3907198404,3.7474594,9.011071,0.863809,3
149119778788371,3909698404,3.7411783,9.0029955,0.8769695,3
149119781288371,3912198404,3.752245,8.993125,0.88235337,3
149119783788371,3914698404,3.738187,8.979067,0.8853444,3
149119786288371,3917198404,3.7486558,8.961121,0.90807617,3
149119788788371,3919698404,3.7674992,8.935398,0.930808,3
149119791288371,3922198404,3.7683966,8.933005,0.9586246,3
149119793788371,3924698404,3.7806597,8.922237,0.9837492,3
149119796288371,3927198404,3.7803607,8.904291,0.9771689,3
149119798788371,3929698404,3.792923,8.893823,0.983151,3
149119801288371,3932198404,3.7971103,8.880662,1.0016954,3
149119803788371,3934698404,3.792624,8.8651085,1.0043873,3
149119806288371,3937198404,3.815954,8.855537,1.0211371,3
149119808788371,3939698404,3.8264225,8.835498,1.0124631,3
149119811288371,3942198404,3.8389847,8.839386,1.0136595,3
149119813788371,3944698404,3.8524444,8.81815,1.0205388,3
149119816288371,3947198404,3.8608193,8.827123,1.00349,3
149119818788371,3949698404,3.868596,8.8346,1.009472,3
149119821288371,3952198404,3.874279,8.835796,1.0091729,3
149119823788371,3954698404,3.8644085,8.839685,0.9843474,3
149119826288371,3957198404,3.848257,8.842976,0.99601245,3
149119828788371,3959698404,3.8356948,8.862118,0.9637093,3
149119831288371,3962198404,3.810271,8.86152,0.95383894,3
149119833788371,3964698404,3.778267,8.8701935,0.9523434,3
149119836288371,3967198404,3.7468612,8.886345,0.94426763,3
149119838788371,3969698404,3.7130625,8.906385,0.9502497,3
149119841288371,3972198404,3.6744783,8.914461,0.9490533,3
149119843788371,3974698404,3.656532,8.955737,0.96430755,3
149119846288371,3977198404,3.6110685,8.967103,0.9484551,3
149119848788371,3979698404,3.6032917,8.988339,0.9457632,3
149119851288371,3982198404,3.5796626,8.99492,0.9667004,3
149119853788371,3984698404,3.565605,9.001799,0.9810573,3
149119856288371,3987198404,3.5554354,9.001799,0.96849495,3
149119858788371,3989698404,3.5536408,9.010174,1.0025927,3
149119861288371,3992198404,3.574877,9.002696,0.9810573,3
149119863788371,3994698404,3.5784662,8.995817,0.97956175,3
149119866288371,3997198404,3.6003008,8.9877405,0.9957133,3
149119868788371,3999698404,3.612564,8.979366,0.9870393,3
149119871288371,4002198404,3.6439698,8.972786,0.9843474,3
149119873788371,4004698404,3.6628132,8.95484,1.0040882,3
149119876288371,4007198404,3.6906297,8.950054,0.98913306,3
149119878788371,4009698404,3.7013974,8.941081,0.98614204,3
149119881288371,4012198404,3.7190447,8.94796,0.98524475,3
149119883788371,4014698404,3.7247276,8.939884,0.9984053,3
149119886288371,4017198404,3.7244284,8.92493,0.9906286,3
149119888788371,4019698404,3.7235312,8.913564,0.9732806,3
149119891288371,4022198404,3.737589,8.91476,0.98644114,3
149119893788371,4024698404,3.7360935,8.909077,0.9828519,3
149119896288371,4027198404,3.7459638,8.88784,0.9828519,3
149119898788371,4029698404,3.758526,8.886046,0.9843474,3
149119901288371,4032198404,3.7627137,8.894421,1.0028918,3
149119903788371,4034698404,3.757629,8.875278,0.99930257,3
149119906288371,4037198404,3.7546377,8.866903,1.0073783,3
149119908788371,4039698404,3.7546377,8.875278,1.0109676,3
149119911288371,4042198404,3.7477584,8.858828,1.017847,3
149119913788371,4044698404,3.7283168,8.8681,1.0351949,3
149119916288371,4047198404,3.7211382,8.876474,1.0351949,3
149119918788371,4049698404,3.7124643,8.866006,1.0259227,3
149119921288371,4052198404,3.7133617,8.867501,1.0432707,3
149119923788371,4054698404,3.6954155,8.871689,1.0582259,3
149119926288371,4057198404,3.6885362,8.875876,1.049851,3
149119928788371,4059698404,3.6789649,8.889935,1.0525428,3
149119931288371,4062198404,3.679563,8.892028,1.044168,3
149119933788371,4064698404,3.6753755,8.909376,1.038485,3
149119936288371,4067198404,3.6625142,8.916554,1.0166506,3
149119938788371,4069698404,3.6481571,8.923434,1.0172487,3
149119941288371,4072198404,3.650849,8.92822,1.006481,3
149119943788371,4074698404,3.6340995,8.953643,0.97806627,3
149119946288371,4077198404,3.6346977,8.959027,0.98016,3
149119948788371,4079698404,3.636193,8.977272,0.95742816,3
149119951288371,4082198404,3.6320057,8.995218,0.93230355,3
149119953788371,4084698404,3.6367912,8.992527,0.93529457,3
149119956288371,4087198404,3.6188452,9.01466,0.91525465,3
149119958788371,4089698404,3.6275191,9.014361,0.90418786,3
149119961288371,4092198404,3.6248271,9.026325,0.8889336,3
149119963788371,4094698404,3.6209388,9.033803,0.9098708,3
149119966288371,4097198404,3.6110685,9.0391865,0.89102733,3
149119968788371,4099698404,3.6188452,9.040981,0.8712866,3
149119971288371,4102198404,3.6448672,9.032906,0.89342016,3
149119973788371,4104698404,3.6457644,9.036794,0.8775677,3
149119976288371,4107198404,3.6670008,9.037691,0.89042914,3
149119978788371,4109698404,3.6834514,9.027522,0.8781659,3
149119981288371,4112198404,3.7049868,9.022437,0.86979103,3
149119983788371,4114698404,3.7181473,9.02154,0.86141616,3
149119986288371,4117198404,3.7366917,9.006286,0.87637126,3
149119988788371,4119698404,3.7591243,9.000901,0.87218386,3
149119991288371,4122198404,3.7636108,8.995518,0.8557332,3
149119993788371,4124698404,3.777968,8.976375,0.8769695,3
149119996288371,4127198404,3.7881374,8.977871,0.8742776,3
149119998788371,4129698404,3.80399,8.978767,0.86949193,3
149120001288371,4132198404,3.8144584,8.976974,0.9029915,3
149120003788371,4134698404,3.8081772,8.9724865,0.89730847,3
149120006288371,4137198404,3.8234315,8.974879,0.8916255,3
149120008788371,4139698404,3.81057,8.981161,0.90358967,3
149120011288371,4142198404,3.7980077,8.980264,0.91405827,3
149120013788371,4144698404,3.7770705,8.98804,0.9137592,3
149120016288371,4147198404,3.760919,8.984152,0.92632145,3
149120018788371,4149698404,3.7510486,8.995218,0.94366944,3
149120021288371,4152198404,3.7334015,8.986844,0.9412766,3
149120023788371,4154698404,3.7178483,9.000901,0.95383894,3
149120026288371,4157198404,3.7247276,8.987143,0.9532407,3
149120028788371,4159698404,3.7157545,8.989835,0.9487542,3
149120031288371,4162198404,3.7079778,8.997013,0.95653087,3
149120033788371,4164698404,3.6978083,9.000901,0.9592228,3
149120036288371,4167198404,3.6906297,8.985647,0.96460664,3
149120038788371,4169698404,3.6837504,8.985947,0.9445667,3
149120041288371,4172198404,3.694518,8.977272,0.9661021,3
149120043788371,4174698404,3.6960137,8.971589,0.99631155,3
149120046288371,4177198404,3.708277,8.964411,0.99631155,3
149120048788371,4179698404,3.72054,8.962018,1.0076774,3
149120051288371,4182198404,3.7393837,8.956933,1.0250254,3
149120053788371,4184698404,3.7570307,8.960223,1.0037891,3
149120056288371,4187198404,3.7648072,8.961121,0.9951151,3
149120058788371,4189698404,3.7573297,8.950353,1.0106685,3
149120061288371,4192198404,3.7764723,8.945567,0.983151,3
149120063788371,4194698404,3.7758741,8.952447,0.96849495,3
149120066288371,4197198404,3.7689948,8.946465,0.9604192,3
149120068788371,4199698404,3.760321,8.969496,0.9385847,3
149120071288371,4202198404,3.7546377,8.967103,0.8994022,3
149120073788371,4204698404,3.752245,8.965308,0.9209376,3
149120076288371,4207198404,3.739982,8.976375,0.9200403,3
149120078788371,4209698404,3.7256248,8.985647,0.8997013,3
149120081288371,4212198404,3.7130625,8.999406,0.9209376,3
149120083788371,4214698404,3.6897326,9.005388,0.91136634,3
149120086288371,4217198404,3.673581,9.017352,0.9029915,3
149120088788371,4219698404,3.6661034,9.037991,0.90538424,3
149120091288371,4222198404,3.6792638,9.044869,0.907478,3
149120093788371,4224698404,3.6777685,9.05115,0.91585284,3
149120096288371,4227198404,3.6849468,9.055937,0.92273223,3
149120098788371,4229698404,3.6930227,9.042177,0.9299107,3
149120101288371,4232198404,3.7013974,9.043374,0.92512506,3
149120103788371,4234698404,3.7283168,9.03141,0.9170493,3
149120106288371,4237198404,3.7292142,9.024232,0.9098708,3
149120108788371,4239698404,3.7456648,9.015259,0.8883354,3
149120111288371,4242198404,3.7597225,8.995817,0.8913264,3
149120113788371,4244698404,3.7740796,8.9775715,0.8850453,3
149120116288371,4247198404,3.792624,8.972188,0.8811569,3
149120118788371,4249698404,3.818945,8.948559,0.8886345,3
149120121288371,4252198404,3.8207395,8.948559,0.895813,3
149120123788371,4254698404,3.8431723,8.932108,0.881456,3
149120126288371,4257198404,3.85394,8.924032,0.8856435,3
149120128788371,4259698404,3.8700914,8.913862,0.8967103,3
149120131288371,4262198404,3.8700914,8.908778,0.91495556,3
149120133788371,4264698404,3.8739798,8.899206,0.93290174,3
149120136288371,4267198404,3.8533418,8.900104,0.93559366,3
149120138788371,4269698404,3.8581274,8.901599,0.92542416,3
149120141288371,4272198404,3.839583,8.910274,0.9275179,3
149120143788371,4274698404,3.8273199,8.909077,0.93589276,3
149120146288371,4277198404,3.8201413,8.91805,0.93619186,3
149120148788371,4279698404,3.8033917,8.917452,0.9296116,3
149120151288371,4282198404,3.7812579,8.924331,0.92213404,3
149120153788371,4284698404,3.7674992,8.928518,0.93559366,3
149120156288371,4287198404,3.7543387,8.943773,0.94366944,3
149120158788371,4289698404,3.7357943,8.962915,0.94366944,3
149120161288371,4292198404,3.7124643,8.977871,0.94785684,3
149120163788371,4294698404,3.6849468,8.990732,0.94725865,3
149120166288371,4297198404,3.6804602,8.99163,0.939482,3
149120168788371,4299698404,3.6780674,9.011669,0.95712906,3
149120171288371,4302198404,3.674179,9.028419,0.94337034,3
149120173788371,4304698404,3.6693935,9.025727,0.9376874,3
149120176288371,4307198404,3.6723845,9.0182495,0.942473,3
149120178788371,4309698404,3.6930227,9.010472,0.9526425,3
149120181288371,4312198404,3.694219,9.016455,0.9499506,3
149120183788371,4314698404,3.7067814,9.010472,0.9484551,3
149120186288371,4317198404,3.7226338,8.99492,0.9553344,3
149120188788371,4319698404,3.7387853,8.981759,0.95383894,3
149120191288371,4322198404,3.7594235,8.963813,0.95772725,3
149120193788371,4324698404,3.7663028,8.946764,0.9457632,3
149120196288371,4327198404,3.7944186,8.939884,0.9601201,3
149120198788371,4329698404,3.8024943,8.938987,0.9589237,3
149120201288371,4332198404,3.818945,8.924032,0.9496515,3
149120203788371,4334698404,3.8114674,8.915359,0.9340981,3
149120206288371,4337198404,3.8096728,8.902198,0.9376874,3
149120208788371,4339698404,3.8084764,8.9013,0.9296116,3
149120211288371,4342198404,3.80399,8.89801,0.9206385,3
149120213788371,4344698404,3.798606,8.901898,0.93619186,3
149120216288371,4347198404,3.7860436,8.905189,0.9340981,3
149120218788371,4349698404,3.7776687,8.907581,0.92512506,3
149120221288371,4352198404,3.754937,8.905488,0.93649095,3
149120223788371,4354698404,3.7411783,8.89502,0.9520443,3
149120226288371,4357198404,3.7250266,8.8956175,0.9595219,3
149120228788371,4359698404,3.712165,8.898608,0.9741779,3
149120231288371,4362198404,3.6918263,8.904591,0.9771689,3
149120233788371,4364698404,3.676572,8.907881,0.9933205,3
149120236288371,4367198404,3.6556349,8.912666,0.98524475,3
149120238788371,4369698404,3.6490545,8.927322,0.98943216,3
149120241288371,4372198404,3.6460636,8.940184,0.9945169,3
149120243788371,4374698404,3.6469607,8.946764,0.9843474,3
149120246288371,4377198404,3.6511483,8.970393,1.0022936,3
149120248788371,4379698404,3.6613178,8.95783,0.9987044,3
149120251288371,4382198404,3.6637106,8.9826565,0.9765707,3
149120253788371,4384698404,3.6696925,8.978767,0.9708878,3
149120256288371,4387198404,3.6807594,8.990134,0.9631111,3
149120258788371,4389698404,3.6897326,8.99133,0.94337034,3
149120261288371,4392198404,3.7100716,9.005986,0.94307125,3
149120263788371,4394698404,3.7229328,8.999406,0.94606227,3
149120266288371,4397198404,3.7223346,9.004789,0.9176475,3
149120268788371,4399698404,3.7426736,8.993125,0.91854477,3
149120271288371,4402198404,3.7648072,8.985049,0.91585284,3
149120273788371,4404698404,3.7713876,8.971889,0.9095717,3
149120276288371,4407198404,3.7887356,8.976375,0.91615194,3
149120278788371,4409698404,3.801896,8.971291,0.90807617,3
149120281288371,4412198404,3.7836509,8.979366,0.9077771,3
149120283788371,4414698404,3.7890346,8.952746,0.9296116,3
149120286288371,4417198404,3.7893338,8.957232,0.9107681,3
149120288788371,4419698404,3.772285,8.963513,0.8979067,3
149120291288371,4422198404,3.7707894,8.957532,0.89760756,3
149120293788371,4424698404,3.7525442,8.971291,0.91226363,3
149120296288371,4427198404,3.7253258,8.979067,0.9194421,3
149120298788371,4429698404,3.7325041,8.984451,0.9391829,3
149120301288371,4432198404,3.7235312,8.987143,0.9406784,3
149120303788371,4434698404,3.7199419,8.995218,0.94606227,3
149120306288371,4437198404,3.7178483,9.005687,0.96430755,3
149120308788371,4439698404,3.726223,9.017053,0.98644114,3
149120311288371,4442198404,3.7325041,9.0182495,0.997807,3
149120313788371,4444698404,3.7235312,9.015259,0.99631155,3
149120316288371,4447198404,3.7423747,9.033504,1.0052847,3
149120318788371,4449698404,3.7432718,9.046365,0.97537434,3
149120321288371,4452198404,3.7489548,9.029316,0.97178507,3
149120323788371,4454698404,3.7459638,9.03141,0.9768698,3
149120326288371,4457198404,3.7432718,9.03141,0.97896355,3
149120328788371,4459698404,3.7627137,9.038589,0.9550353,3
149120331288371,4462198404,3.7337005,9.027522,0.9843474,3
149120333788371,4464698404,3.740879,9.033504,0.95443714,3
149120336288371,4467198404,3.743571,9.037392,0.9553344,3
149120338788371,4469698404,3.746562,9.025428,0.95473623,3
149120341288371,4472198404,3.7540395,9.022437,0.95473623,3
149120343788371,4474698404,3.7692938,9.012567,0.91495556,3
149120346288371,4477198404,3.764209,9.003294,0.9556335,3
149120348788371,4479698404,3.7743785,8.988339,0.9517452,3
149120351288371,4482198404,3.764209,8.991928,0.94277215,3
149120353788371,4484698404,3.769892,8.976974,0.95443714,3
149120356288371,4487198404,3.7791643,8.9724865,0.9523434,3
149120358788371,4489698404,3.7866418,8.955139,0.92303133,3
149120361288371,4492198404,3.7794633,8.946166,0.92602235,3
149120363788371,4494698404,3.7836509,8.935099,0.93260264,3
149120366288371,4497198404,3.78724,8.92134,0.9107681,3
149120368788371,4499698404,3.7806597,8.917751,0.9173484,3
149120371288371,4502198404,3.769892,8.909675,0.9299107,3
149120373788371,4504698404,3.757629,8.901898,0.927817,3
149120376288371,4507198404,3.7588253,8.894421,0.93738824,3
149120378788371,4509698404,3.7426736,8.89801,0.9532407,3
149120381288371,4512198404,3.749553,8.887242,0.9559326,3
149120383788371,4514698404,3.7468612,8.879167,0.9610174,3
149120386288371,4517198404,3.746263,8.876176,0.9696914,3
149120388788371,4519698404,3.7444685,8.877372,0.99003035,3
149120391288371,4522198404,3.7555351,8.876474,1.0010972,3
149120393788371,4524698404,3.7770705,8.865408,0.99661064,3
149120396288371,4527198404,3.7713876,8.892925,0.99930257,3
149120398788371,4529698404,3.7737803,8.892925,0.97507524,3
149120401288371,4532198404,3.7791643,8.910572,0.95742816,3
149120403788371,4534698404,3.7737803,8.929416,0.9451649,3
149120406288371,4537198404,3.7680974,8.92822,0.93529457,3
149120408788371,4539698404,3.7627137,8.9348,0.9233304,3
149120411288371,4542198404,3.780959,8.943474,0.8886345,3
149120413788371,4544698404,3.7683966,8.952746,0.8811569,3
149120416288371,4547198404,3.7657046,8.970094,0.90089774,3
149120418788371,4549698404,3.7701912,8.979665,0.8922237,3
149120421288371,4552198404,3.7713876,8.982955,0.89491564,3
149120423788371,4554698404,3.775276,8.980862,0.8994022,3
149120426288371,4557198404,3.7740796,8.992527,0.8874381,3
149120428788371,4559698404,3.766901,8.985049,0.8745767,3
149120431288371,4562198404,3.7680974,8.9674015,0.90329057,3
149120433788371,4564698404,3.7707894,8.96471,0.8895318,3
149120436288371,4567198404,3.7758741,8.96142,0.89102733,3
149120438788371,4569698404,3.7615173,8.942576,0.89282197,3
149120441288371,4572198404,3.761218,8.931808,0.8955139,3
149120443788371,4574698404,3.764209,8.902796,0.9125627,3
149120446288371,4577198404,3.7534413,8.922237,0.93708915,3
149120448788371,4579698404,3.7594235,8.919247,0.9523434,3
149120451288371,4582198404,3.7507496,8.909675,0.95413804,3
149120453788371,4584698404,3.7477584,8.916854,0.9876375,3
149120456288371,4587198404,3.752245,8.92134,0.99661064,3
149120458788371,4589698404,3.7501514,8.917452,0.9984053,3
149120461288371,4592198404,3.740879,8.936893,1.0058829,3
149120463788371,4594698404,3.7441692,8.949157,1.0007981,3
149120466288371,4597198404,3.7348971,8.957532,0.9741779,3
149120468788371,4599698404,3.7235312,8.95813,0.94755775,3
149120471288371,4602198404,3.7196429,8.980862,0.95383894,3
149120473788371,4604698404,3.714857,8.986844,0.93589276,3
149120476288371,4607198404,3.6900315,8.984152,0.93649095,3
149120478788371,4609698404,3.6954155,8.992527,0.93708915,3
149120481288371,4612198404,3.6687953,9.004491,0.93649095,3
149120483788371,4614698404,3.6646078,9.028718,0.95353985,3
149120486288371,4617198404,3.6783667,9.041579,0.9499506,3
149120488788371,4619698404,3.7070804,9.043374,0.9415757,3
149120491288371,4622198404,3.7208393,9.030513,0.9499506,3
149120493788371,4624698404,3.7531424,9.041879,0.9924232,3
149120496288371,4627198404,3.7630126,9.046664,0.9942178,3
149120498788371,4629698404,3.7630126,9.056833,0.9768698,3
149120501288371,4632198404,3.7686956,9.053245,0.9765707,3
149120503788371,4634698404,3.7953157,9.040383,0.93320084,3
149120506288371,4637198404,3.8168511,9.022437,0.9233304,3
149120508788371,4639698404,3.8288152,9.029615,0.91495556,3
149120511288371,4642198404,3.8264225,9.001799,0.9242278,3
149120513788371,4644698404,3.8413777,8.985348,0.9236295,3
149120516288371,4647198404,3.8470607,8.983554,0.9290134,3
149120518788371,4649698404,3.8380876,8.966206,0.9317053,3
149120521288371,4652198404,3.8261235,8.95155,0.9299107,3
149120523788371,4654698404,3.8084764,8.941679,0.9625129,3
149120526288371,4657198404,3.7761734,8.939286,0.97537434,3
149120528788371,4659698404,3.7543387,8.944072,0.9774681,3
149120531288371,4662198404,3.7636108,8.930313,0.97597253,3
149120533788371,4664698404,3.7339997,8.9210415,0.9870393,3
149120536288371,4667198404,3.711567,8.924331,0.9828519,3
149120538788371,4669698404,3.690929,8.942576,1.0351949,3
149120541288371,4672198404,3.6708891,8.953045,1.0250254,3
149120543788371,4674698404,3.6574295,8.963813,1.0375878,3
149120546288371,4677198404,3.650849,8.971291,1.0393823,3
149120548788371,4679698404,3.6532419,8.979067,1.0166506,3
149120551288371,4682198404,3.644269,8.978169,0.9873384,3
149120553788371,4684698404,3.6454654,8.982058,1.000499,3
149120556288371,4687198404,3.6559339,8.993125,0.96789676,3
149120558788371,4689698404,3.6601214,8.994022,0.9768698,3
149120561288371,4692198404,3.6783667,8.999406,0.971486,3
149120563788371,4694698404,3.6978083,9.006584,0.9490533,3
149120566288371,4697198404,3.7073796,9.005986,0.9317053,3
149120568788371,4699698404,3.7283168,9.010472,0.9418748,3
149120571288371,4702198404,3.731607,9.010472,0.933799,3
149120573788371,4704698404,3.7354953,9.005687,0.9269197,3
149120576288371,4707198404,3.7238302,9.007781,0.9242278,3
149120578788371,4709698404,3.7471602,8.997611,0.9305089,3
149120581288371,4712198404,3.7657046,8.9979105,0.939482,3
149120583788371,4714698404,3.7686956,8.978469,0.94426763,3
149120586288371,4717198404,3.7660038,8.983254,0.93649095,3
149120588788371,4719698404,3.7731822,8.991031,0.9496515,3
149120591288371,4722198404,3.7686956,8.997313,0.948156,3
149120593788371,4724698404,3.7660038,8.986545,0.94366944,3
149120596288371,4727198404,3.769593,8.999406,0.930808,3
149120598788371,4729698404,3.7615173,8.998808,0.9314062,3
149120601288371,4732198404,3.7486558,8.9979105,0.9287143,3
149120603788371,4734698404,3.7534413,8.996714,0.9203394,3
149120606288371,4737198404,3.7402809,9.00808,0.9388838,3
149120608788371,4739698404,3.7313077,9.018847,0.9376874,3
149120611288371,4742198404,3.7241294,9.008977,0.94426763,3
149120613788371,4744698404,3.726223,9.008678,0.95832545,3
149120616288371,4747198404,3.7256248,9.023633,0.96789676,3
149120618788371,4749698404,3.7304106,9.014062,0.9391829,3
149120621288371,4752198404,3.7241294,9.010472,0.9562318,3
149120623788371,4754698404,3.7157545,9.003893,0.94755775,3
149120626288371,4757198404,3.712165,9.011669,0.93708915,3
149120628788371,4759698404,3.7118661,9.012267,0.9287143,3
149120631288371,4762198404,3.7037904,9.019745,0.9245269,3
149120633788371,4764698404,3.7040894,9.02453,0.927817,3
149120636288371,4767198404,3.6918263,9.020343,0.9314062,3
149120638788371,4769698404,3.7019958,9.017652,0.9173484,3
149120641288371,4772198404,3.6981075,9.029316,0.90508515,3
149120643788371,4774698404,3.6900315,9.0233345,0.9098708,3
149120646288371,4777198404,3.6924245,9.018549,0.927817,3
149120648788371,4779698404,3.6918263,9.022437,0.91226363,3
149120651288371,4782198404,3.6957145,9.026026,0.90059865,3
149120653788371,4784698404,3.7130625,9.020642,0.90059865,3
149120656288371,4787198404,3.7217364,9.017053,0.8811569,3
149120658788371,4789698404,3.7295132,9.009874,0.9029915,3
149120661288371,4792198404,3.7507496,9.003294,0.90478605,3
149120663788371,4794698404,3.7746778,8.989535,0.910469,3
149120666288371,4797198404,3.7776687,8.9724865,0.9209376,3
149120668788371,4799698404,3.792624,8.948857,0.9059825,3
149120671288371,4802198404,3.807579,8.9312105,0.90059865,3
149120673788371,4804698404,3.8201413,8.908479,0.907478,3
149120676288371,4807198404,3.821936,8.893523,0.92243314,3
149120678788371,4809698404,3.8192441,8.876474,0.91106725,3
149120681288371,4812198404,3.818646,8.866604,0.91196454,3
149120683788371,4814698404,3.8057845,8.85464,0.93260264,3
149120686288371,4817198404,3.8069808,8.841479,0.9613165,3
149120688788371,4819698404,3.7881374,8.823533,0.97597253,3
149120691288371,4822198404,3.7887356,8.8238325,0.9702896,3
149120693788371,4824698404,3.780959,8.834301,0.98016,3
149120696288371,4827198404,3.7758741,8.832506,0.9699905,3
149120698788371,4829698404,3.7851462,8.832506,0.99690974,3
149120701288371,4832198404,3.7962132,8.8289175,0.99601245,3
149120703788371,4834698404,3.7812579,8.840881,0.98943216,3
149120706288371,4837198404,3.7950168,8.857033,1.009472,3
149120708788371,4839698404,3.7923248,8.859426,1.0022936,3
149120711288371,4842198404,3.7827535,8.872586,0.97806627,3
149120713788371,4844698404,3.7737803,8.867501,0.98943216,3
149120716288371,4847198404,3.7758741,8.878867,0.96400845,3
149120718788371,4849698404,3.7672002,8.903693,0.9487542,3
149120721288371,4852198404,3.7776687,8.927322,0.9349955,3
149120723788371,4854698404,3.7677984,8.917452,0.9634102,3
149120726288371,4857198404,3.7672002,8.937193,0.9526425,3
149120728788371,4859698404,3.7621155,8.939286,0.95832545,3
149120731288371,4862198404,3.7597225,8.947661,0.9520443,3
149120733788371,4864698404,3.749553,8.956335,0.94426763,3
149120736288371,4867198404,3.7429729,8.955139,0.9317053,3
149120738788371,4869698404,3.7534413,8.947362,0.93529457,3
149120741288371,4872198404,3.7459638,8.965906,0.9317053,3
149120743788371,4874698404,3.7393837,8.96142,0.9502497,3
149120746288371,4877198404,3.7447674,8.969196,0.95473623,3
149120748788371,4879698404,3.7498522,8.965308,0.9520443,3
149120751288371,4882198404,3.7453656,8.969196,0.96879405,3
149120753788371,4884698404,3.740879,8.969196,0.9619147,3
149120756288371,4887198404,3.7468612,8.965009,0.97537434,3
149120758788371,4889698404,3.746562,8.964112,0.9834501,3
149120761288371,4892198404,3.7247276,8.957232,0.9876375,3
149120763788371,4894698404,3.7241294,8.949755,0.9882358,3
149120766288371,4897198404,3.7366917,8.95454,0.98973125,3
149120768788371,4899698404,3.7187455,8.943474,0.9699905,3
149120771288371,4902198404,3.7145581,8.953045,0.9735797,3
149120773788371,4904698404,3.702893,8.955438,0.9873384,3
149120776288371,4907198404,3.6837504,8.965906,0.9909277,3
149120778788371,4909698404,3.6556349,8.987143,0.95742816,3
149120781288371,4912198404,3.63051,8.996116,0.93679005,3
149120783788371,4914698404,3.6343985,9.007482,0.95443714,3
149120786288371,4917198404,3.6191442,9.020642,0.93349993,3
149120788788371,4919698404,3.6050863,9.025428,0.9340981,3
149120791288371,4922198404,3.6047873,9.020942,0.9484551,3
149120793788371,4924698404,3.6044881,9.029017,0.9550353,3
149120796288371,4927198404,3.6053855,9.042776,0.94337034,3
149120798788371,4929698404,3.6122649,9.042177,0.9385847,3
149120801288371,4932198404,3.6116667,9.050852,0.93619186,3
149120803788371,4934698404,3.6448672,9.042776,0.92482597,3
149120806288371,4937198404,3.6583266,9.041579,0.930808,3
149120808788371,4939698404,3.67059,9.029615,0.9296116,3
149120811288371,4942198404,3.6867416,9.02453,0.907478,3
149120813788371,4944698404,3.6975093,9.020044,0.9212367,3
149120816288371,4947198404,3.7130625,9.035896,0.9089735,3
149120818788371,4949698404,3.7190447,9.016156,0.89312106,3
149120821288371,4952198404,3.7253258,9.000303,0.91196454,3
149120823788371,4954698404,3.7513478,8.99133,0.9071789,3
149120826288371,4957198404,3.7686956,8.988638,0.91226363,3
149120828788371,4959698404,3.766602,8.98475,0.9349955,3
149120831288371,4962198404,3.7686956,8.969795,0.94337034,3
149120833788371,4964698404,3.7785661,8.959925,0.93649095,3
149120836288371,4967198404,3.7677984,8.942576,0.94337034,3
149120838788371,4969698404,3.764209,8.937791,0.9699905,3
149120841288371,4972198404,3.7737803,8.932706,0.971486,3
149120843788371,4974698404,3.7651064,8.913862,0.97178507,3
149120846288371,4977198404,3.7552361,8.9013,0.965803,3
149120848788371,4979698404,3.7794633,8.886943,0.97178507,3
149120851288371,4982198404,3.7743785,8.863913,0.9693923,3
149120853788371,4984698404,3.7594235,8.863315,0.965803,3
149120856288371,4987198404,3.7627137,8.881859,0.9661021,3
149120858788371,4989698404,3.7531424,8.893225,0.9705887,3
149120861288371,4992198404,3.7414773,8.905189,0.9705887,3
149120863788371,4994698404,3.7337005,8.924331,0.95682997,3
149120866288371,4997198404,3.7501514,8.93151,0.96520483,3
149120868788371,4999698404,3.752245,8.943174,0.9532407,3
149120871288371,5002198404,3.7459638,8.964112,0.9269197,3
149120873788371,5004698404,3.7570307,8.970692,0.9388838,3
149120876288371,5007198404,3.749553,8.988339,0.92273223,3
149120878788371,5009698404,3.7564325,9.003294,0.91495556,3
149120881288371,5012198404,3.7618163,9.012567,0.910469,3
149120883788371,5014698404,3.7704902,9.007183,0.8967103,3
149120886288371,5017198404,3.7618163,9.020044,0.86530447,3
149120888788371,5019698404,3.7677984,9.020942,0.8772686,3
149120891288371,5022198404,3.7734814,9.025128,0.8922237,3
149120893788371,5024698404,3.7749767,9.027223,0.89730847,3
149120896288371,5027198404,3.7680974,9.01466,0.9020941,3
149120898788371,5029698404,3.7836509,9.014959,0.8886345,3
149120901288371,5032198404,3.792624,9.005089,0.89312106,3
149120903788371,5034698404,3.7890346,9.003294,0.8967103,3
149120906288371,5037198404,3.7836509,8.978469,0.8919246,3
149120908788371,5039698404,3.7764723,8.967701,0.89461654,3
149120911288371,5042198404,3.7776687,8.966804,0.8967103,3
149120913788371,5044698404,3.7764723,8.9470625,0.9071789,3
149120916288371,5047198404,3.7797625,8.947661,0.9179466,3
149120918788371,5049698404,3.7660038,8.962616,0.9233304,3
149120921288371,5052198404,3.764209,8.959326,0.9317053,3
149120923788371,5054698404,3.757629,8.962317,0.9508479,3
149120926288371,5057198404,3.7453656,8.963513,0.9622138,3
149120928788371,5059698404,3.7594235,8.975478,0.9669995,3
149120931288371,5062198404,3.764209,8.974281,0.9696914,3
149120933788371,5064698404,3.7591243,8.969196,0.9616156,3
149120936288371,5067198404,3.7555351,8.973683,0.9604192,3
149120938788371,5069698404,3.7570307,8.974281,0.96430755,3
149120941288371,5072198404,3.7588253,8.980264,0.96550393,3
149120943788371,5074698404,3.7591243,8.979366,0.9490533,3
149120946288371,5077198404,3.7594235,8.9724865,0.9664012,3
149120948788371,5079698404,3.7489548,8.974581,0.9604192,3
149120951288371,5082198404,3.7384863,8.976375,0.9616156,3
149120953788371,5084698404,3.734299,8.981759,0.9720842,3
149120956288371,5087198404,3.7396827,8.981759,0.9723833,3
149120958788371,5089698404,3.737589,8.968,0.9514461,3
149120961288371,5092198404,3.7334015,8.966804,0.9607183,3
149120963788371,5094698404,3.716951,8.9724865,0.9619147,3
149120966288371,5097198404,3.7426736,8.976076,0.93230355,3
149120968788371,5099698404,3.73729,8.960223,0.94755775,3
149120971288371,5102198404,3.7331023,8.96142,0.9448658,3
149120973788371,5104698404,3.7328033,8.965608,0.93738824,3
149120976288371,5107198404,3.716951,8.9826565,0.9669995,3
149120978788371,5109698404,3.7163527,8.991031,0.9520443,3
149120981288371,5112198404,3.7130625,8.98804,0.9418748,3
149120983788371,5114698404,3.7444685,8.999705,0.9421739,3
149120986288371,5117198404,3.7417765,8.996116,0.9314062,3
149120988788371,5119698404,3.7417765,8.993423,0.9385847,3
149120991288371,5122198404,3.7393837,8.99133,0.93978107,3
149120993788371,5124698404,3.7504504,8.987143,0.9349955,3
149120996288371,5127198404,3.757629,8.977272,0.9242278,3
149120998788371,5129698404,3.7734814,8.985348,0.9098708,3
149121001288371,5132198404,3.7827535,8.969795,0.90388876,3
149121003788371,5134698404,3.7776687,8.962915,0.895813,3
149121006288371,5137198404,3.7692938,8.946166,0.89431745,3
149121008788371,5139698404,3.7704902,8.933304,0.91615194,3
149121011288371,5142198404,3.7692938,8.927023,0.92662054,3
149121013788371,5144698404,3.7674992,8.906684,0.91106725,3
149121016288371,5147198404,3.7677984,8.900403,0.93649095,3
149121018788371,5149698404,3.7489548,8.904591,0.93708915,3
149121021288371,5152198404,3.746263,8.900403,0.94307125,3
149121023788371,5154698404,3.7313077,8.891729,0.9699905,3
149121026288371,5157198404,3.7133617,8.896813,0.95473623,3
149121028788371,5159698404,3.7136607,8.909974,0.9487542,3
149121031288371,5162198404,3.7013974,8.914461,0.9610174,3
149121033788371,5164698404,3.6870406,8.9210415,0.96759766,3
149121036288371,5167198404,3.6876388,8.938688,0.9496515,3
149121038788371,5169698404,3.6978083,8.94796,0.9490533,3
149121041288371,5172198404,3.7136607,8.958728,0.9490533,3
149121043788371,5174698404,3.7163527,8.971589,0.94396853,3
149121046288371,5177198404,3.7363925,8.983254,0.91555375,3
149121048788371,5179698404,3.740879,8.9775715,0.91525465,3
149121051288371,5182198404,3.7453656,8.989535,0.90388876,3
149121053788371,5184698404,3.7636108,8.99492,0.89461654,3
149121056288371,5187198404,3.7683966,8.996116,0.89491564,3
149121058788371,5189698404,3.7627137,8.985647,0.89401835,3
149121061288371,5192198404,3.754937,8.988937,0.8769695,3
149121063788371,5194698404,3.7552361,8.985947,0.8808578,3
149121066288371,5197198404,3.7426736,8.969795,0.85034937,3
149121068788371,5199698404,3.7366917,8.968598,0.8659027,3
149121071288371,5202198404,3.743571,8.96142,0.87338024,3
149121073788371,5204698404,3.7223346,8.961121,0.8665009,3
149121076288371,5207198404,3.7256248,8.946764,0.878465,3
149121078788371,5209698404,3.7339997,8.949456,0.89072824,3
149121081288371,5212198404,3.7390845,8.939884,0.8961121,3
149121083788371,5214698404,3.7325041,8.94138,0.9164511,3
149121086288371,5217198404,3.7256248,8.929117,0.91495556,3
149121088788371,5219698404,3.7390845,8.923733,0.9236295,3
149121091288371,5222198404,3.7450666,8.926425,0.91854477,3
149121093788371,5224698404,3.7552361,8.917152,0.933799,3
149121096288371,5227198404,3.772285,8.919545,0.9275179,3
149121098788371,5229698404,3.7881374,8.91805,0.9212367,3
149121101288371,5232198404,3.7884364,8.918349,0.92213404,3
149121103788371,5234698404,3.792624,8.921938,0.8997013,3
149121106288371,5237198404,3.7863426,8.929715,0.8847462,3
149121108788371,5239698404,3.792624,8.929117,0.8862417,3
149121111288371,5242198404,3.7968113,8.942576,0.8844471,3
149121113788371,5244698404,3.7908292,8.95484,0.863809,3
149121116288371,5247198404,3.7938204,8.956036,0.8539386,3
149121118788371,5249698404,3.7896328,8.964411,0.8569296,3
149121121288371,5252198404,3.78724,8.969196,0.8491529,3
149121123788371,5254698404,3.766901,8.978169,0.8500503,3
149121126288371,5257198404,3.7552361,8.979067,0.87607217,3
149121128788371,5259698404,3.7654054,8.973982,0.8578269,3
149121131288371,5262198404,3.760321,8.969795,0.87188476,3
149121133788371,5264698404,3.7630126,8.9566345,0.89312106,3
149121136288371,5267198404,3.751946,8.95454,0.9071789,3
149121138788371,5269698404,3.7546377,8.956036,0.90149593,3
149121141288371,5272198404,3.7707894,8.932706,0.9233304,3
149121143788371,5274698404,3.7776687,8.935398,0.92542416,3
149121146288371,5277198404,3.7660038,8.933005,0.930808,3
149121148788371,5279698404,3.7621155,8.948559,0.93619186,3
149121151288371,5282198404,3.760919,8.955438,0.94337034,3
149121153788371,5284698404,3.7459638,8.953643,0.9340981,3
149121156288371,5287198404,3.7531424,8.946764,0.9403793,3
149121158788371,5289698404,3.7758741,8.938987,0.95054877,3
149121161288371,5292198404,3.7633119,8.950652,0.9409775,3
149121163788371,5294698404,3.752245,8.948857,0.9517452,3
149121166288371,5297198404,3.7414773,8.951849,0.9412766,3
149121168788371,5299698404,3.7513478,8.95155,0.9200403,3
149121171288371,5302198404,3.7567315,8.956036,0.92632145,3
149121173788371,5304698404,3.754937,8.969196,0.9179466,3
149121176288371,5307198404,3.760321,8.990433,0.91615194,3
149121178788371,5309698404,3.7636108,8.99821,0.91346,3
149121181288371,5312198404,3.7588253,8.992228,0.9242278,3
149121183788371,5314698404,3.764209,9.001799,0.93649095,3
149121186288371,5317198404,3.7504504,8.999106,0.9508479,3
149121188788371,5319698404,3.734598,9.017352,0.9804591,3
149121191288371,5322198404,3.7229328,9.010174,0.965803,3
149121193788371,5324698404,3.7034912,9.002397,0.97956175,3
149121196288371,5327198404,3.6981075,8.996714,0.9810573,3
149121198788371,5329698404,3.69721,8.988937,0.99631155,3
149121201288371,5332198404,3.6981075,8.985647,0.99900347,3
149121203788371,5334698404,3.6876388,8.984451,1.0055838,3
149121206288371,5337198404,3.6783667,8.977272,1.0082756,3
149121208788371,5339698404,3.679563,8.967103,0.994816,3
149121211288371,5342198404,3.6684961,8.966206,0.99601245,3
149121213788371,5344698404,3.6634114,8.967701,0.97776717,3
149121216288371,5347198404,3.6634114,8.962317,0.9723833,3
149121218788371,5349698404,3.6684961,8.962018,0.97597253,3
149121221288371,5352198404,3.6771703,8.962616,0.9708878,3
149121223788371,5354698404,3.6831522,8.971889,0.9487542,3
149121226288371,5357198404,3.6951163,8.970991,0.95802635,3
149121228788371,5359698404,3.7127635,8.98475,0.948156,3
149121231288371,5362198404,3.7127635,8.976974,0.91854477,3
149121233788371,5364698404,3.7097723,8.976974,0.9233304,3
149121236288371,5367198404,3.71396,8.987143,0.91615194,3
149121238788371,5369698404,3.7094734,9.002696,0.88265246,3
149121241288371,5372198404,3.7061832,9.009276,0.8919246,3
149121243788371,5374698404,3.6927235,9.005986,0.89371926,3
149121246288371,5377198404,3.6762729,9.019147,0.8844471,3
149121248788371,5379698404,3.6804602,9.027223,0.87637126,3
149121251288371,5382198404,3.6753755,9.025727,0.86171526,3
149121253788371,5384698404,3.673282,9.02453,0.8578269,3
149121256288371,5387198404,3.7043886,9.008379,0.88205427,3
149121258788371,5389698404,3.700201,9.018847,0.8922237,3
149121261288371,5392198404,3.6957145,9.032008,0.87248296,3
149121263788371,5394698404,3.6984065,9.02483,0.8790632,3
149121266288371,5397198404,3.702594,9.020942,0.88414794,3
149121268788371,5399698404,3.7127635,9.023932,0.8560323,3
149121271288371,5402198404,3.723232,9.0341015,0.86859465,3
149121273788371,5404698404,3.7271204,9.03141,0.8913264,3
149121276288371,5407198404,3.734299,9.031111,0.8922237,3
149121278788371,5409698404,3.7268212,9.049655,0.8886345,3
149121281288371,5412198404,3.7268212,9.053843,0.9023932,3
149121283788371,5414698404,3.7220356,9.067901,0.8862417,3
149121286288371,5417198404,3.7061832,9.066704,0.89371926,3
149121288788371,5419698404,3.7094734,9.067901,0.9077771,3
149121291288371,5422198404,3.714857,9.070293,0.910469,3
149121293788371,5424698404,3.7214375,9.067003,0.91166544,3
149121296288371,5427198404,3.725924,9.055937,0.9101699,3
149121298788371,5429698404,3.7244284,9.054142,0.90388876,3
149121301288371,5432198404,3.73729,9.053843,0.8850453,3
149121303788371,5434698404,3.738187,9.016754,0.91136634,3
149121306288371,5437198404,3.7534413,9.012267,0.9167502,3
149121308788371,5439698404,3.754937,9.005986,0.91585284,3
149121311288371,5442198404,3.74058,8.996714,0.9317053,3
149121313788371,5444698404,3.7504504,8.981759,0.9412766,3
149121316288371,5447198404,3.7417765,8.976375,0.948156,3
149121318788371,5449698404,3.739982,8.966206,0.9613165,3
149121321288371,5452198404,3.7307096,8.962018,0.9669995,3
149121323788371,5454698404,3.728915,8.945867,0.9553344,3
149121326288371,5457198404,3.7271204,8.940483,0.97567344,3
149121328788371,5459698404,3.7402809,8.937491,0.983151,3
149121331288371,5462198404,3.7426736,8.923434,0.98584294,3
149121333788371,5464698404,3.740879,8.927621,0.9882358,3
149121336288371,5467198404,3.7588253,8.938389,1.0052847,3
149121338788371,5469698404,3.769593,8.933603,0.9987044,3
149121341288371,5472198404,3.7692938,8.930313,0.983151,3
149121343788371,5474698404,3.764209,8.9348,0.9723833,3
149121346288371,5477198404,3.7683966,8.948559,0.9559326,3
149121348788371,5479698404,3.7573297,8.954242,0.93529457,3
149121351288371,5482198404,3.7588253,8.957532,0.9290134,3
149121353788371,5484698404,3.738187,8.965308,0.93320084,3
149121356288371,5487198404,3.7426736,8.971589,0.91585284,3
149121358788371,5489698404,3.7444685,8.972786,0.91884387,3
149121361288371,5492198404,3.7366917,8.972188,0.92572325,3
149121363788371,5494698404,3.725924,8.9826565,0.9388838,3
149121366288371,5497198404,3.7298124,8.973982,0.95473623,3
149121368788371,5499698404,3.7354953,8.98146,0.9281161,3
149121371288371,5502198404,3.7301114,8.971589,0.91226363,3
149121373788371,5504698404,3.7298124,8.94796,0.9242278,3
149121376288371,5507198404,3.7402809,8.941978,0.9092726,3
149121378788371,5509698404,3.7486558,8.935099,0.8856435,3
149121381288371,5512198404,3.7654054,8.935996,0.8889336,3
149121383788371,5514698404,3.7543387,8.917452,0.89342016,3
149121386288371,5517198404,3.7525442,8.912367,0.87936234,3
149121388788371,5519698404,3.751946,8.912666,0.8847462,3
149121391288371,5522198404,3.737888,8.917751,0.8844471,3
149121393788371,5524698404,3.7331023,8.9159565,0.875474,3
149121396288371,5527198404,3.7283168,8.926724,0.8757731,3
149121398788371,5529698404,3.7163527,8.934501,0.89013004,3
149121401288371,5532198404,3.723232,8.945567,0.8979067,3
149121403788371,5534698404,3.7277186,8.961719,0.8817552,3
149121406288371,5537198404,3.7097723,8.956036,0.89042914,3
149121408788371,5539698404,3.7226338,8.95783,0.90059865,3
149121411288371,5542198404,3.7100716,8.953643,0.88683987,3
149121413788371,5544698404,3.7019958,8.952447,0.90329057,3
149121416288371,5547198404,3.699902,8.955139,0.89312106,3
149121418788371,5549698404,3.7187455,8.943474,0.89491564,3
149121421288371,5552198404,3.7196429,8.949157,0.92602235,3
149121423788371,5554698404,3.7226338,8.963513,0.91585284,3
149121426288371,5557198404,3.7247276,8.96142,0.91854477,3
149121428788371,5559698404,3.7157545,8.95783,0.9086744,3
149121431288371,5562198404,3.7130625,8.959625,0.90329057,3
149121433788371,5564698404,3.7118661,8.95783,0.8961121,3
149121436288371,5567198404,3.7070804,8.941081,0.9125627,3
149121438788371,5569698404,3.7091742,8.9566345,0.9086744,3
149121441288371,5572198404,3.7124643,8.9521475,0.90119684,3
149121443788371,5574698404,3.7151563,8.949157,0.9206385,3
149121446288371,5577198404,3.6981075,8.953643,0.9388838,3
149121448788371,5579698404,3.720241,8.94467,0.9200403,3
149121451288371,5582198404,3.7238302,8.948259,0.94337034,3
149121453788371,5584698404,3.731607,8.946764,0.939482,3
149121456288371,5587198404,3.7426736,8.941978,0.9382856,3
149121458788371,5589698404,3.737888,8.933603,0.9233304,3
149121461288371,5592198404,3.7426736,8.933903,0.9284152,3
149121463788371,5594698404,3.7411783,8.938688,0.9269197,3
149121466288371,5597198404,3.7357943,8.933903,0.8967103,3
149121468788371,5599698404,3.7387853,8.953643,0.9128618,3
149121471288371,5602198404,3.7277186,8.958429,0.90508515,3
149121473788371,5604698404,3.725924,8.960223,0.89042914,3
149121476288371,5607198404,3.723232,8.968598,0.89431745,3
149121478788371,5609698404,3.7160535,8.976375,0.8952148,3
149121481288371,5612198404,3.7226338,8.983254,0.88325065,3
149121483788371,5614698404,3.7208393,9.001201,0.8856435,3
149121486288371,5617198404,3.7097723,9.008678,0.87607217,3
149121488788371,5619698404,3.6996028,9.021839,0.8766704,3
149121491288371,5622198404,3.6987057,9.032008,0.8703892,3
149121493788371,5624698404,3.69721,9.0391865,0.8632108,3
149121496288371,5627198404,3.696911,9.0391865,0.85872424,3
149121498788371,5629698404,3.7043886,9.0436735,0.8389834,3
149121501288371,5632198404,3.7151563,9.026026,0.8635099,3
149121503788371,5634698404,3.7235312,9.031111,0.8437691,3
149121506288371,5637198404,3.728915,9.019445,0.86261255,3
149121508788371,5639698404,3.7411783,9.01795,0.8668,3
149121511288371,5642198404,3.738187,9.030513,0.86291164,3
149121513788371,5644698404,3.7354953,9.032308,0.85812604,3
149121516288371,5647198404,3.7420754,9.038888,0.8527422,3
149121518788371,5649698404,3.7313077,9.034401,0.8542377,3
149121521288371,5652198404,3.7366917,9.031709,0.85064846,3
149121523788371,5654698404,3.7322052,9.030811,0.83958167,3
149121526288371,5657198404,3.7396827,9.02154,0.82642114,3
149121528788371,5659698404,3.7402809,9.017053,0.8362915,3
149121531288371,5662198404,3.7402809,9.017652,0.82672024,3
149121533788371,5664698404,3.7360935,8.98804,0.8380861,3
149121536288371,5667198404,3.7229328,8.9979105,0.84406817,3
149121538788371,5669698404,3.723232,8.99821,0.8647063,3
149121541288371,5672198404,3.725924,8.986844,0.86201435,3
149121543788371,5674698404,3.7331023,8.982357,0.8865408,3
149121546288371,5677198404,3.7292142,8.979964,0.8742776,3
149121548788371,5679698404,3.7325041,8.98146,0.87308115,3
149121551288371,5682198404,3.7184465,8.975478,0.89760756,3
149121553788371,5684698404,3.7163527,8.968898,0.9026923,3
149121556288371,5687198404,3.7091742,8.979665,0.895813,3
149121558788371,5689698404,3.7067814,8.968898,0.89491564,3
149121561288371,5692198404,3.7013974,8.95783,0.91136634,3
149121563788371,5694698404,3.7160535,8.95783,0.8892327,3
149121566288371,5697198404,3.7130625,8.950054,0.91884387,3
149121568788371,5699698404,3.7256248,8.95125,0.9206385,3
149121571288371,5702198404,3.7328033,8.962915,0.907478,3
149121573788371,5704698404,3.734299,8.957532,0.91136634,3
149121576288371,5707198404,3.7348971,8.953643,0.91615194,3
149121578788371,5709698404,3.7420754,8.955139,0.8895318,3
149121581288371,5712198404,3.74387,8.966804,0.9071789,3
149121583788371,5714698404,3.7654054,8.95783,0.89102733,3
149121586288371,5717198404,3.76391,8.970692,0.86919284,3
149121588788371,5719698404,3.7680974,8.973384,0.8757731,3
149121591288371,5722198404,3.7794633,8.969795,0.8751749,3
149121593788371,5724698404,3.7866418,8.967701,0.8578269,3
149121596288371,5727198404,3.778865,8.969795,0.85034937,3
149121598788371,5729698404,3.7740796,8.963215,0.8682955,3
149121601288371,5732198404,3.778865,8.968598,0.8578269,3
149121603788371,5734698404,3.7743785,8.965906,0.849452,3
149121606288371,5737198404,3.766602,8.969196,0.86530447,3
149121608788371,5739698404,3.769593,8.964411,0.8665009,3
149121611288371,5742198404,3.7474594,8.964411,0.8557332,3
149121613788371,5744698404,3.7633119,8.977272,0.8554341,3
149121616288371,5747198404,3.7426736,8.982357,0.8593224,3
149121618788371,5749698404,3.720241,8.979964,0.8557332,3
149121621288371,5752198404,3.7091742,8.980862,0.8563314,3
149121623788371,5754698404,3.71396,8.993723,0.8536395,3
149121626288371,5757198404,3.7031922,8.992228,0.8207382,3
149121628788371,5759698404,3.7091742,8.977272,0.8542377,3
149121631288371,5762198404,3.6933217,8.982357,0.85094756,3
149121633788371,5764698404,3.7187455,8.981759,0.83688974,3
149121636288371,5767198404,3.7328033,8.963513,0.8344969,3
149121638788371,5769698404,3.728616,8.953942,0.83748794,3
149121641288371,5772198404,3.7253258,8.953045,0.84017986,3
149121643788371,5774698404,3.7280176,8.953045,0.849452,3
149121646288371,5777198404,3.7271204,8.948259,0.8419745,3
149121648788371,5779698404,3.7046876,8.94467,0.82612205,3
149121651288371,5782198404,3.7070804,8.930613,0.8431709,3
149121653788371,5784698404,3.7010984,8.93151,0.8333005,3
149121656288371,5787198404,3.7037904,8.922537,0.8255238,3
149121658788371,5789698404,3.705884,8.927023,0.8362915,3
149121661288371,5792198404,3.723232,8.921938,0.8572287,3
149121663788371,5794698404,3.7313077,8.918349,0.8488538,3
149121666288371,5797198404,3.7160535,8.909974,0.86261255,3
149121668788371,5799698404,3.7049868,8.907881,0.87936234,3
149121671288371,5802198404,3.708277,8.902198,0.8781659,3
149121673788371,5804698404,3.7247276,8.902198,0.8790632,3
149121676288371,5807198404,3.7220356,8.889935,0.9026923,3
149121678788371,5809698404,3.7208393,8.886345,0.90119684,3
149121681288371,5812198404,3.7151563,8.893225,0.91465646,3
149121683788371,5814698404,3.725924,8.89502,0.9281161,3
149121686288371,5817198404,3.717549,8.8956175,0.9233304,3
149121688788371,5819698404,3.728616,8.893225,0.9131609,3
149121691288371,5822198404,3.749553,8.895318,0.94337034,3
149121693788371,5824698404,3.76391,8.886345,0.94606227,3
149121696288371,5827198404,3.7866418,8.886943,0.95712906,3
149121698788371,5829698404,3.8093736,8.904889,0.9502497,3
149121701288371,5832198404,3.818646,8.907581,0.9493524,3
149121703788371,5834698404,3.8255253,8.905189,0.94666046,3
149121706288371,5837198404,3.8371902,8.893823,0.9311071,3
149121708788371,5839698404,3.8344984,8.897412,0.91615194,3
149121711288371,5842198404,3.845565,8.888738,0.90448695,3
149121713788371,5844698404,3.8401814,8.8956175,0.89312106,3
149121716288371,5847198404,3.8201413,8.89113,0.9056834,3
149121718788371,5849698404,3.7887356,8.889935,0.89461654,3
149121721288371,5852198404,3.7689948,8.908479,0.88295156,3
149121723788371,5854698404,3.7686956,8.922537,0.8889336,3
149121726288371,5857198404,3.7432718,8.940782,0.919143,3
149121728788371,5859698404,3.7049868,8.964411,0.9089735,3
149121731288371,5862198404,3.691228,8.962317,0.9275179,3
149121733788371,5864698404,3.6834514,8.976974,0.927817,3
149121736288371,5867198404,3.6708891,8.980264,0.9340981,3
149121738788371,5869698404,3.6607196,8.987143,0.92213404,3
149121741288371,5872198404,3.667599,9.002098,0.92183495,3
149121743788371,5874698404,3.674179,9.012866,0.9242278,3
149121746288371,5877198404,3.6927235,9.015857,0.9167502,3
149121748788371,5879698404,3.7178483,9.025428,0.91495556,3
149121751288371,5882198404,3.7283168,9.02483,0.9023932,3
149121753788371,5884698404,3.746263,9.036794,0.89102733,3
149121756288371,5887198404,3.766602,9.037691,0.8850453,3
149121758788371,5889698404,3.790231,9.034401,0.8766704,3
149121761288371,5892198404,3.8090746,9.041281,0.8536395,3
149121763788371,5894698404,3.8063827,9.0391865,0.8557332,3
149121766288371,5897198404,3.8108692,9.037093,0.8380861,3
149121768788371,5899698404,3.807878,9.028718,0.8458628,3
149121771288371,5902198404,3.7995033,9.0391865,0.8467601,3
149121773788371,5904698404,3.7935212,9.04816,0.8560323,3
149121776288371,5907198404,3.7830527,9.027821,0.86081797,3
149121778788371,5909698404,3.772584,9.038289,0.8772686,3
149121781288371,5912198404,3.7543387,9.039486,0.87637126,3
149121783788371,5914698404,3.746263,9.026923,0.8712866,3
149121786288371,5917198404,3.737888,9.025727,0.89102733,3
149121788788371,5919698404,3.7411783,9.02124,0.8853444,3
149121791288371,5922198404,3.738187,9.010472,0.8886345,3
149121793788371,5924698404,3.726223,9.016455,0.8913264,3
149121796288371,5927198404,3.7283168,9.024232,0.8961121,3
149121798788371,5929698404,3.7241294,9.016156,0.910469,3
149121801288371,5932198404,3.7187455,9.020942,0.9299107,3
149121803788371,5934698404,3.7061832,9.026026,0.92572325,3
149121806288371,5937198404,3.7106698,9.035598,0.9200403,3
149121808788371,5939698404,3.7166517,9.043374,0.9233304,3
149121811288371,5942198404,3.7157545,9.035298,0.9062816,3
149121813788371,5944698404,3.7097723,9.033205,0.90478605,3
149121816288371,5947198404,3.728915,9.0391865,0.8982058,3
149121818788371,5949698404,3.7444685,9.0391865,0.9101699,3
149121821288371,5952198404,3.7354953,9.049057,0.91495556,3
149121823788371,5954698404,3.749553,9.053544,0.9197412,3
149121826288371,5957198404,3.7621155,9.058928,0.9302098,3
149121828788371,5959698404,3.7764723,9.061021,0.92153585,3
149121831288371,5962198404,3.7746778,9.056833,0.91226363,3
149121833788371,5964698404,3.7770705,9.065508,0.898804,3
149121836288371,5967198404,3.7797625,9.068499,0.8922237,3
149121838788371,5969698404,3.780959,9.067901,0.88235337,3
149121841288371,5972198404,3.780959,9.060123,0.8964112,3
149121843788371,5974698404,3.7734814,9.056535,0.86889374,3
149121846288371,5977198404,3.749553,9.066106,0.8599206,3
149121848788371,5979698404,3.7339997,9.069396,0.8593224,3
149121851288371,5982198404,3.7301114,9.063713,0.8596215,3
149121853788371,5984698404,3.7187455,9.072387,0.8491529,3
149121856288371,5987198404,3.7235312,9.061021,0.8644072,3
149121858788371,5989698404,3.7307096,9.049954,0.86291164,3
149121861288371,5992198404,3.7178483,9.056235,0.84855473,3
149121863788371,5994698404,3.7190447,9.056535,0.8566305,3
149121866288371,5997198404,3.714857,9.0544405,0.87188476,3
149121868788371,5999698404,3.71396,9.050552,0.8545368,3
149121871288371,6002198404,3.7031922,9.05115,0.8635099,3
149121873788371,6004698404,3.696911,9.049057,0.8566305,3
149121876288371,6007198404,3.687938,9.049954,0.8766704,3
149121878788371,6009698404,3.6708891,9.039486,0.8856435,3
149121881288371,6012198404,3.6604204,9.037691,0.8967103,3
149121883788371,6014698404,3.6580276,9.036794,0.8787641,3
149121886288371,6017198404,3.6421752,9.053245,0.8919246,3
149121888788371,6019698404,3.6329029,9.037093,0.90538424,3
149121891288371,6022198404,3.6367912,9.034999,0.8895318,3
149121893788371,6024698404,3.6340995,9.037691,0.9128618,3
149121896288371,6027198404,3.6397824,9.036494,0.9164511,3
149121898788371,6029698404,3.6493537,9.033504,0.9095717,3
149121901288371,6032198404,3.6616168,9.007781,0.9203394,3
149121903788371,6034698404,3.6637106,9.0029955,0.9290134,3
149121906288371,6037198404,3.6753755,8.991031,0.91854477,3
149121908788371,6039698404,3.6723845,8.983852,0.90388876,3
149121911288371,6042198404,3.6915271,8.965608,0.90149593,3
149121913788371,6044698404,3.7097723,8.949456,0.89491564,3
149121916288371,6047198404,3.7295132,8.930313,0.875474,3
149121918788371,6049698404,3.737589,8.937791,0.86081797,3
149121921288371,6052198404,3.7498522,8.922237,0.87637126,3
149121923788371,6054698404,3.764209,8.929715,0.87278205,3
149121926288371,6057198404,3.784249,8.919545,0.87188476,3
149121928788371,6059698404,3.7923248,8.912965,0.88205427,3
149121931288371,6062198404,3.7917266,8.908179,0.8844471,3
149121933788371,6064698404,3.7953157,8.917152,0.89282197,3
149121936288371,6067198404,3.7998023,8.906385,0.88683987,3
149121938788371,6069698404,3.795615,8.918648,0.88384885,3
149121941288371,6072198404,3.795615,8.906086,0.8925229,3
149121943788371,6074698404,3.789932,8.899506,0.91226363,3
149121946288371,6077198404,3.7791643,8.896813,0.92303133,3
149121948788371,6079698404,3.7716868,8.894122,0.9496515,3
149121951288371,6082198404,3.7677984,8.885149,0.9616156,3
149121953788371,6084698404,3.7525442,8.883654,0.93679005,3
149121956288371,6087198404,3.7390845,8.88126,0.9412766,3
149121958788371,6089698404,3.7295132,8.881859,0.9457632,3
149121961288371,6092198404,3.7217364,8.882457,0.9296116,3
149121963788371,6094698404,3.7136607,8.88126,0.9418748,3
149121966288371,6097198404,3.702594,8.899506,0.9400802,3
149121968788371,6099698404,3.6888351,8.909675,0.9454641,3
149121971288371,6102198404,3.6843486,8.910274,0.9613165,3
149121973788371,6104698404,3.7070804,8.913862,0.971486,3
149121976288371,6107198404,3.7136607,8.919545,0.9604192,3
149121978788371,6109698404,3.723232,8.923434,0.95413804,3
149121981288371,6112198404,3.7504504,8.9348,0.9532407,3
149121983788371,6114698404,3.7672002,8.92463,0.93559366,3
149121986288371,6117198404,3.780959,8.926724,0.90807617,3
149121988788371,6119698404,3.7989051,8.913264,0.90119684,3
149121991288371,6122198404,3.8057845,8.918947,0.87248296,3
149121993788371,6124698404,3.81057,8.915059,0.8644072,3
149121996288371,6127198404,3.8087754,8.905189,0.85842514,3
149121998788371,6129698404,3.804887,8.898608,0.8455637,3
149122001288371,6132198404,3.8027935,8.882756,0.8255238,3
149122003788371,6134698404,3.8051863,8.866305,0.85124665,3
149122006288371,6137198404,3.8042889,8.885149,0.86261255,3
149122008788371,6139698404,3.7884364,8.874979,0.8650054,3
149122011288371,6142198404,3.7887356,8.8854475,0.89042914,3
149122013788371,6144698404,3.7905302,8.878569,0.8964112,3
149122016288371,6147198404,3.7761734,8.881859,0.89371926,3
149122018788371,6149698404,3.780959,8.876474,0.8982058,3
149122021288371,6152198404,3.781557,8.871689,0.901795,3
149122023788371,6154698404,3.7672002,8.882457,0.895813,3
149122026288371,6157198404,3.7570307,8.879466,0.9023932,3
149122028788371,6159698404,3.7483566,8.886046,0.9131609,3
149122031288371,6162198404,3.7390845,8.886046,0.90388876,3
149122033788371,6164698404,3.737888,8.899206,0.9379865,3
149122036288371,6167198404,3.725924,8.903693,0.92482597,3
149122038788371,6169698404,3.7256248,8.919845,0.9242278,3
149122041288371,6172198404,3.7268212,8.9362955,0.92213404,3
149122043788371,6174698404,3.7214375,8.9521475,0.92632145,3
149122046288371,6177198404,3.7310088,8.968598,0.90329057,3
149122048788371,6179698404,3.7292142,8.992527,0.88983095,3
149122051288371,6182198404,3.7354953,8.986545,0.9101699,3
149122053788371,6184698404,3.7360935,8.9979105,0.8922237,3
149122056288371,6187198404,3.7295132,9.012267,0.87607217,3
149122058788371,6189698404,3.734598,9.025727,0.85483587,3
149122061288371,6192198404,3.7235312,9.0341015,0.84436727,3
149122063788371,6194698404,3.711567,9.036794,0.8359924,3
149122066288371,6197198404,3.720241,9.0544405,0.8380861,3
149122068788371,6199698404,3.735196,9.055937,0.82013994,3
149122071288371,6202198404,3.7310088,9.055937,0.8072785,3
149122073788371,6204698404,3.7331023,9.050552,0.8240283,3
149122076288371,6207198404,3.7250266,9.041579,0.81625164,3
149122078788371,6209698404,3.7250266,9.034999,0.81625164,3
149122081288371,6212198404,3.7277186,9.0341015,0.8252247,3
149122083788371,6214698404,3.7331023,9.022437,0.83359957,3
149122086288371,6217198404,3.7214375,9.030811,0.83958167,3
149122088788371,6219698404,3.7271204,9.005986,0.84765744,3
149122091288371,6222198404,3.7322052,8.997313,0.8539386,3
149122093788371,6224698404,3.7226338,8.992527,0.85064846,3
149122096288371,6227198404,3.7244284,8.983554,0.8700901,3
149122098788371,6229698404,3.7283168,8.966206,0.8745767,3
149122101288371,6232198404,3.7304106,8.950652,0.87367934,3
149122103788371,6234698404,3.7283168,8.949456,0.89312106,3
149122106288371,6237198404,3.734598,8.945867,0.89312106,3
149122108788371,6239698404,3.7357943,8.949755,0.8961121,3
149122111288371,6242198404,3.7313077,8.94467,0.8979067,3
149122113788371,6244698404,3.74058,8.936893,0.91495556,3
149122116288371,6247198404,3.7307096,8.93151,0.88384885,3
149122118788371,6249698404,3.7627137,8.935996,0.9176475,3
149122121288371,6252198404,3.7591243,8.935996,0.90538424,3
149122123788371,6254698404,3.766901,8.943174,0.90538424,3
149122126288371,6257198404,3.7818563,8.956036,0.9023932,3
149122128788371,6259698404,3.7839499,8.960822,0.90059865,3
149122131288371,6262198404,3.778865,8.966804,0.86979103,3
149122133788371,6264698404,3.7621155,8.978169,0.8670991,3
149122136288371,6267198404,3.766602,8.99492,0.8665009,3
149122138788371,6269698404,3.7713876,9.000303,0.86560357,3
149122141288371,6272198404,3.7851462,8.999406,0.8772686,3
149122143788371,6274698404,3.7971103,9.005986,0.8994022,3
149122146288371,6277198404,3.8001015,8.99821,0.90329057,3
149122148788371,6279698404,3.7881374,9.003294,0.90538424,3
149122151288371,6282198404,3.7881374,8.995817,0.8889336,3
149122153788371,6284698404,3.7950168,8.990134,0.8787641,3
149122156288371,6287198404,3.784548,8.975179,0.87936234,3
149122158788371,6289698404,3.78724,8.9674015,0.88025963,3
149122161288371,6292198404,3.784548,8.959925,0.8874381,3
149122163788371,6294698404,3.7767715,8.964411,0.9062816,3
149122166288371,6297198404,3.7767715,8.946764,0.9092726,3
149122168788371,6299698404,3.7791643,8.958429,0.9000004,3
149122171288371,6302198404,3.769892,8.961121,0.90089774,3
149122173788371,6304698404,3.7773697,8.959925,0.9092726,3
149122176288371,6307198404,3.7663028,8.967701,0.91405827,3
149122178788371,6309698404,3.7558343,8.976076,0.9209376,3
149122181288371,6312198404,3.752245,8.972188,0.91495556,3
149122183788371,6314698404,3.7480576,8.986245,0.91884387,3
149122186288371,6317198404,3.7498522,8.997013,0.8886345,3
149122188788371,6319698404,3.752245,9.006884,0.8985049,3
149122191288371,6322198404,3.757629,9.010472,0.90119684,3
149122193788371,6324698404,3.7704902,9.008678,0.90329057,3
149122196288371,6327198404,3.7938204,9.02154,0.9209376,3
149122198788371,6329698404,3.7863426,9.008678,0.92602235,3
149122201288371,6332198404,3.7908292,9.015857,0.91525465,3
149122203788371,6334698404,3.784249,9.012866,0.91226363,3
149122206288371,6337198404,3.7833517,9.009576,0.90418786,3
149122208788371,6339698404,3.780959,9.009576,0.89282197,3
149122211288371,6342198404,3.7728832,9.002098,0.8874381,3
149122213788371,6344698404,3.7498522,8.998508,0.8862417,3
149122216288371,6347198404,3.7450666,9.0015,0.89013004,3
149122218788371,6349698404,3.7420754,8.990433,0.88414794,3
149122221288371,6352198404,3.7310088,8.994321,0.88235337,3
149122223788371,6354698404,3.7172499,8.99492,0.89371926,3
149122226288371,6357198404,3.7061832,8.9877405,0.901795,3
149122228788371,6359698404,3.7133617,8.995518,0.91405827,3
149122231288371,6362198404,3.72054,8.977871,0.95383894,3
149122233788371,6364698404,3.7109687,8.96142,0.9400802,3
149122236288371,6367198404,3.712165,8.959625,0.9619147,3
149122238788371,6369698404,3.7178483,8.966505,0.9454641,3
149122241288371,6372198404,3.7187455,8.963215,0.933799,3
149122243788371,6374698404,3.708576,8.945867,0.9296116,3
149122246288371,6377198404,3.69721,8.948259,0.91495556,3
149122248788371,6379698404,3.7016966,8.959625,0.94666046,3
149122251288371,6382198404,3.7070804,8.971291,0.9409775,3
149122253788371,6384698404,3.702893,8.968898,0.9484551,3
149122256288371,6387198404,3.7046876,8.973084,0.95353985,3
149122258788371,6389698404,3.7223346,8.9775715,0.9840483,3
149122261288371,6392198404,3.73729,8.976974,0.9738788,3
149122263788371,6394698404,3.7594235,8.986245,0.97537434,3
149122266288371,6397198404,3.7645082,8.981161,0.9837492,3
149122268788371,6399698404,3.7854455,8.980264,0.971486,3
149122271288371,6402198404,3.790231,8.982955,0.94755775,3
149122273788371,6404698404,3.7878382,8.965906,0.9290134,3
149122276288371,6407198404,3.7935212,8.976076,0.907478,3
149122278788371,6409698404,3.7953157,8.960223,0.9077771,3
149122281288371,6412198404,3.7881374,8.946465,0.8964112,3
149122283788371,6414698404,3.7881374,8.949755,0.8952148,3
149122286288371,6417198404,3.7893338,8.943773,0.887139,3
149122288788371,6419698404,3.7803607,8.935697,0.8925229,3
149122291288371,6422198404,3.7812579,8.930313,0.9083753,3
149122293788371,6424698404,3.7857444,8.92463,0.90358967,3
149122296288371,6427198404,3.775575,8.903394,0.8997013,3
149122298788371,6429698404,3.7674992,8.911769,0.919143,3
149122301288371,6432198404,3.7564325,8.908778,0.9281161,3
149122303788371,6434698404,3.7528431,8.882457,0.9314062,3
149122306288371,6437198404,3.7453656,8.8651085,0.9376874,3
149122308788371,6439698404,3.738187,8.8681,0.91884387,3
149122311288371,6442198404,3.737888,8.866903,0.92931247,3
149122313788371,6444698404,3.7444685,8.866006,0.94666046,3
149122316288371,6447198404,3.7328033,8.86122,0.9409775,3
149122318788371,6449698404,3.7471602,8.863015,0.9529416,3
149122321288371,6452198404,3.7597225,8.874381,0.95413804,3
149122323788371,6454698404,3.7588253,8.877073,0.9514461,3
149122326288371,6457198404,3.772584,8.883055,0.9484551,3
149122328788371,6459698404,3.786941,8.885149,0.9637093,3
149122331288371,6462198404,3.8030925,8.879765,0.96789676,3
149122333788371,6464698404,3.8111682,8.900702,0.9508479,3
149122336288371,6467198404,3.8111682,8.911769,0.9631111,3
149122338788371,6469698404,3.818945,8.923733,0.9592228,3
149122341288371,6472198404,3.8440695,8.922537,0.9311071,3
149122343788371,6474698404,3.8578284,8.943474,0.94337034,3
149122346288371,6477198404,3.8727834,8.933005,0.8970094,3
149122348788371,6479698404,3.8730826,8.953045,0.87218386,3
149122351288371,6482198404,3.871587,8.954242,0.85872424,3
149122353788371,6484698404,3.8700914,8.959925,0.8240283,3
149122356288371,6487198404,3.8425741,8.975478,0.8117651,3
149122358788371,6489698404,3.8315072,8.990433,0.8324032,3
149122361288371,6492198404,3.80399,9.000901,0.85154575,3
149122363788371,6494698404,3.7674992,9.003294,0.84017986,3
149122366288371,6497198404,3.758227,9.016156,0.85214394,3
149122368788371,6499698404,3.7366917,9.023633,0.8673982,3
149122371288371,6502198404,3.7100716,9.022437,0.8602197,3
149122373788371,6504698404,3.67388,9.020343,0.86949193,3
149122376288371,6507198404,3.6541393,9.02453,0.87936234,3
149122378788371,6509698404,3.650251,9.003593,0.90448695,3
149122381288371,6512198404,3.6550367,8.997313,0.9029915,3
149122383788371,6514698404,3.6610186,8.973683,0.91346,3
149122386288371,6517198404,3.6750765,8.965906,0.9167502,3
149122388788371,6519698404,3.6918263,8.948259,0.92243314,3
149122391288371,6522198404,3.714857,8.941081,0.93559366,3
149122393788371,6524698404,3.7178483,8.925528,0.927817,3
149122396288371,6527198404,3.7366917,8.9159565,0.9314062,3
149122398788371,6529698404,3.7561333,8.928518,0.9167502,3
149122401288371,6532198404,3.7770705,8.923733,0.91196454,3
149122403788371,6534698404,3.7851462,8.937193,0.8919246,3
149122406288371,6537198404,3.7920256,8.933603,0.89431745,3
149122408788371,6539698404,3.7600217,8.929416,0.8886345,3
149122411288371,6542198404,3.8027935,8.956335,0.88414794,3
149122413788371,6544698404,3.8431723,8.942876,0.86081797,3
149122416288371,6547198404,3.8593237,8.929117,0.85872424,3
149122418788371,6549698404,3.8718863,8.938688,0.87188476,3
149122421288371,6552198404,3.8736808,8.947661,0.8997013,3
149122423788371,6554698404,3.8587255,8.959326,0.91884387,3
149122426288371,6557198404,3.859922,8.955438,0.92243314,3
149122428788371,6559698404,3.8548372,8.956036,0.87308115,3
149122431288371,6562198404,3.848556,8.95484,0.86889374,3
149122433788371,6564698404,3.8581274,8.949456,0.8883354,3
149122436288371,6567198404,3.8488553,8.961719,0.8889336,3
149122438788371,6569698404,3.839284,8.957232,0.90059865,3
149122441288371,6572198404,3.845565,8.965009,0.90059865,3
149122443788371,6574698404,3.8380876,8.962317,0.9020941,3
149122446288371,6577198404,3.8383865,8.960223,0.9086744,3
149122448788371,6579698404,3.8374894,8.963513,0.91106725,3
149122451288371,6582198404,3.825226,8.962915,0.92482597,3
149122453788371,6584698404,3.8084764,8.965906,0.92183495,3
149122456288371,6587198404,3.8072798,8.960523,0.92183495,3
149122458788371,6589698404,3.7938204,8.962317,0.92243314,3
149122461288371,6592198404,3.7761734,8.957232,0.9197412,3
149122463788371,6594698404,3.7552361,8.960223,0.9128618,3
149122466288371,6597198404,3.738187,8.962018,0.92572325,3
149122468788371,6599698404,3.746562,8.945867,0.9200403,3
149122471288371,6602198404,3.7390845,8.9348,0.90508515,3
149122473788371,6604698404,3.723232,8.931808,0.89371926,3
149122476288371,6607198404,3.696612,8.95155,0.9128618,3
149122478788371,6609698404,3.687938,8.968598,0.9068798,3
149122481288371,6612198404,3.6658044,8.98475,0.9206385,3
149122483788371,6614698404,3.6655052,8.987143,0.9239286,3
149122486288371,6617198404,3.667898,8.996116,0.92572325,3
149122488788371,6619698404,3.6774693,8.987143,0.93589276,3
149122491288371,6622198404,3.671188,8.989535,0.9000004,3
149122493788371,6624698404,3.6750765,8.996116,0.9173484,3
149122496288371,6627198404,3.676871,8.990433,0.9101699,3
149122498788371,6629698404,3.6774693,8.987143,0.91405827,3
149122501288371,6632198404,3.6897326,8.981161,0.9173484,3
149122503788371,6634698404,3.702893,8.981161,0.90508515,3
149122506288371,6637198404,3.711567,8.986245,0.9176475,3
149122508788371,6639698404,3.7124643,8.962915,0.9376874,3
149122511288371,6642198404,3.7178483,8.979964,0.92542416,3
149122513788371,6644698404,3.7223346,8.9877405,0.9194421,3
149122516288371,6647198404,3.7220356,8.987442,0.9314062,3
149122518788371,6649698404,3.723232,8.9979105,0.92482597,3
149122521288371,6652198404,3.7414773,8.991928,0.93559366,3
149122523788371,6654698404,3.7606199,8.988638,0.9287143,3
149122526288371,6657198404,3.7701912,8.986545,0.9209376,3
149122528788371,6659698404,3.7734814,8.981759,0.93349993,3
149122531288371,6662198404,3.7968113,8.974581,0.94606227,3
149122533788371,6664698404,3.795615,8.969496,0.93978107,3
149122536288371,6667198404,3.7677984,8.975777,0.92273223,3
149122538788371,6669698404,3.7672002,8.962616,0.93589276,3
149122541288371,6672198404,3.8042889,8.953643,0.90418786,3
149122543788371,6674698404,3.8096728,8.939286,0.907478,3
149122546288371,6677198404,3.8060834,8.950652,0.939482,3
149122548788371,6679698404,3.7968113,8.962616,0.96819586,3
149122551288371,6682198404,3.7794633,8.975478,0.97537434,3
149122553788371,6684698404,3.7651064,8.988339,0.9837492,3
149122556288371,6687198404,3.7636108,8.963215,0.98584294,3
149122558788371,6689698404,3.7558343,8.969196,0.9317053,3
149122561288371,6692198404,3.7447674,8.969196,0.9287143,3
149122563788371,6694698404,3.7184465,8.970692,0.92183495,3
149122566288371,6697198404,3.696612,8.971589,0.8994022,3
149122568788371,6699698404,3.6864424,8.982357,0.89730847,3
149122571288371,6702198404,3.671188,9.010772,0.88354975,3
149122573788371,6704698404,3.6858442,9.029615,0.87637126,3
149122576288371,6707198404,3.69392,9.038289,0.9020941,3
149122578788371,6709698404,3.714857,9.05833,0.9170493,3
149122581288371,6712198404,3.7298124,9.060722,0.9107681,3
149122583788371,6714698404,3.7483566,9.073882,0.9086744,3
149122586288371,6717198404,3.7546377,9.077472,0.8967103,3
149122588788371,6719698404,3.7618163,9.076276,0.8491529,3
149122591288371,6722198404,3.7839499,9.064311,0.8575278,3
149122593788371,6724698404,3.7917266,9.058628,0.846461,3
149122596288371,6727198404,3.7974095,9.043972,0.83688974,3
149122598788371,6729698404,3.80399,9.022437,0.84047896,3
149122601288371,6732198404,3.792923,9.019745,0.8327023,3
149122603788371,6734698404,3.795615,9.017053,0.8383852,3
149122606288371,6737198404,3.8024943,8.994321,0.8461619,3
149122608788371,6739698404,3.7914274,8.9979105,0.86919284,3
149122611288371,6742198404,3.792923,8.979366,0.89102733,3
149122613788371,6744698404,3.8006997,8.977272,0.9101699,3
149122616288371,6747198404,3.799204,8.967103,0.91405827,3
149122618788371,6749698404,3.8135612,8.960523,0.92153585,3
149122621288371,6752198404,3.7998023,8.9566345,0.91136634,3
149122623788371,6754698404,3.801896,8.941679,0.9233304,3
149122626288371,6757198404,3.8153558,8.92822,0.919143,3
149122628788371,6759698404,3.8129628,8.92134,0.9062816,3
149122631288371,6762198404,3.8147576,8.905189,0.9071789,3
149122633788371,6764698404,3.8231323,8.902496,0.89312106,3
149122636288371,6767198404,3.8168511,8.909675,0.8982058,3
149122638788371,6769698404,3.8180475,8.89113,0.9071789,3
149122641288371,6772198404,3.821637,8.886046,0.93738824,3
149122643788371,6774698404,3.8147576,8.872886,0.9409775,3
149122646288371,6777198404,3.8213377,8.866604,0.9559326,3
149122648788371,6779698404,3.8036907,8.867801,0.95473623,3
149122651288371,6782198404,3.8001015,8.85793,0.9735797,3
149122653788371,6784698404,3.7905302,8.853743,0.991825,3
149122656288371,6787198404,3.789932,8.863315,0.97836536,3
149122658788371,6789698404,3.7824545,8.853743,0.9933205,3
149122661288371,6792198404,3.777968,8.857332,0.991825,3
149122663788371,6794698404,3.7689948,8.8701935,0.9837492,3
149122666288371,6797198404,3.7600217,8.888439,0.97537434,3
149122668788371,6799698404,3.751946,8.88126,0.96520483,3
149122671288371,6802198404,3.7363925,8.883952,0.9631111,3
149122673788371,6804698404,3.7196429,8.889935,0.9619147,3
149122676288371,6807198404,3.711268,8.902496,0.9637093,3
149122678788371,6809698404,3.7304106,8.907581,0.9556335,3
149122681288371,6812198404,3.7432718,8.888738,0.9499506,3
149122683788371,6814698404,3.7337005,8.919845,0.9484551,3
149122686288371,6817198404,3.7154553,8.916854,0.9613165,3
149122688788371,6819698404,3.7229328,8.936893,0.9693923,3
149122691288371,6822198404,3.7079778,8.946465,0.962812,3
149122693788371,6824698404,3.7052858,8.960523,0.9448658,3
149122696288371,6827198404,3.7070804,8.972786,0.9194421,3
149122698788371,6829698404,3.6927235,8.985348,0.8979067,3
149122701288371,6832198404,3.7067814,8.976974,0.90538424,3
149122703788371,6834698404,3.7034912,8.983254,0.9056834,3
149122706288371,6837198404,3.7067814,8.980862,0.9068798,3
149122708788371,6839698404,3.7172499,8.985348,0.90059865,3
149122711288371,6842198404,3.731607,8.985049,0.89730847,3
149122713788371,6844698404,3.7307096,8.968898,0.8964112,3
149122716288371,6847198404,3.728616,8.971889,0.9388838,3
149122718788371,6849698404,3.737888,8.982357,0.9164511,3
149122721288371,6852198404,3.7360935,8.9877405,0.9083753,3
149122723788371,6854698404,3.731906,8.992228,0.9131609,3
149122726288371,6857198404,3.7292142,8.989535,0.91854477,3
149122728788371,6859698404,3.7244284,8.995218,0.9059825,3
149122731288371,6862198404,3.7130625,8.992228,0.8922237,3
149122733788371,6864698404,3.714259,8.989535,0.89102733,3
149122736288371,6867198404,3.7271204,9.008379,0.8853444,3
149122738788371,6869698404,3.7244284,9.004789,0.88384885,3
149122741288371,6872198404,3.731906,9.016455,0.8781659,3
149122743788371,6874698404,3.7393837,9.016754,0.86261255,3
149122746288371,6877198404,3.7483566,9.010174,0.8599206,3
149122748788371,6879698404,3.7749767,8.9877405,0.84855473,3
149122751288371,6882198404,3.772584,9.004491,0.85214394,3
149122753788371,6884698404,3.781557,8.986844,0.84735835,3
149122756288371,6887198404,3.7863426,8.963513,0.8467601,3
149122758788371,6889698404,3.7893338,8.950952,0.8315059,3
149122761288371,6892198404,3.7917266,8.938987,0.8383852,3
149122763788371,6894698404,3.778267,8.925827,0.834796,3
149122766288371,6897198404,3.7624145,8.921639,0.84765744,3
149122768788371,6899698404,3.7893338,8.908778,0.83778703,3
149122771288371,6902198404,3.821637,8.888439,0.8775677,3
149122773788371,6904698404,3.8267217,8.880064,0.89342016,3
149122776288371,6907198404,3.8231323,8.88126,0.9071789,3
149122778788371,6909698404,3.822235,8.877372,0.93260264,3
149122781288371,6912198404,3.8126638,8.890233,0.9616156,3
149122783788371,6914698404,3.798307,8.886345,0.95712906,3
149122786288371,6917198404,3.8036907,8.887242,0.92303133,3
149122788788371,6919698404,3.8024943,8.882756,0.90538424,3
149122791288371,6922198404,3.7887356,8.88126,0.89730847,3
149122793788371,6924698404,3.790231,8.891729,0.8979067,3
149122796288371,6927198404,3.792923,8.887242,0.90478605,3
149122798788371,6929698404,3.7977087,8.903095,0.8775677,3
149122801288371,6932198404,3.799204,8.916554,0.9065807,3
149122803788371,6934698404,3.7995033,8.926724,0.89730847,3
149122806288371,6937198404,3.8060834,8.92792,0.9026923,3
149122808788371,6939698404,3.8141594,8.915059,0.9086744,3
149122811288371,6942198404,3.8156548,8.92134,0.8883354,3
149122813788371,6944698404,3.8054852,8.9312105,0.90418786,3
149122816288371,6947198404,3.8210387,8.918648,0.9068798,3
149122818788371,6949698404,3.8410785,8.913564,0.91854477,3
149122821288371,6952198404,3.8521454,8.914162,0.9209376,3
149122823788371,6954698404,3.8560338,8.912666,0.93349993,3
149122826288371,6957198404,3.865904,8.901001,0.93290174,3
149122828788371,6959698404,3.8691943,8.906086,0.9379865,3
149122831288371,6962198404,3.8671005,8.898309,0.9245269,3
149122833788371,6964698404,3.8676987,8.911469,0.9281161,3
149122836288371,6967198404,3.854239,8.908479,0.9379865,3
149122838788371,6969698404,3.8491542,8.905189,0.933799,3
149122841288371,6972198404,3.8458643,8.904889,0.9305089,3
149122843788371,6974698404,3.8350966,8.9057865,0.9245269,3
149122846288371,6977198404,3.8267217,8.895916,0.9269197,3
149122848788371,6979698404,3.8300118,8.886046,0.9194421,3
149122851288371,6982198404,3.8150566,8.892327,0.91346,3
149122853788371,6984698404,3.8015969,8.906086,0.92183495,3
149122856288371,6987198404,3.7962132,8.908479,0.93349993,3
149122858788371,6989698404,3.7878382,8.918349,0.93260264,3
149122861288371,6992198404,3.7627137,8.923733,0.9595219,3
149122863788371,6994698404,3.7615173,8.948559,0.9556335,3
149122866288371,6997198404,3.752245,8.955438,0.959821,3
149122868788371,6999698404,3.7531424,8.961121,0.95802635,3
149122871288371,7002198404,3.7489548,8.973384,0.9556335,3
149122873788371,7004698404,3.7411783,8.990134,0.942473,3
149122876288371,7007198404,3.7537405,8.998508,0.9382856,3
149122878788371,7009698404,3.7411783,9.0029955,0.91615194,3
149122881288371,7012198404,3.734299,8.999406,0.9128618,3
149122883788371,7014698404,3.7357943,9.009276,0.91615194,3
149122886288371,7017198404,3.7214375,9.020044,0.9137592,3
149122888788371,7019698404,3.7339997,9.01466,0.8916255,3
149122891288371,7022198404,3.7483566,9.012267,0.8970094,3
149122893788371,7024698404,3.7354953,9.027522,0.9071789,3
149122896288371,7027198404,3.7265222,9.062816,0.9131609,3
149122898788371,7029698404,3.7334015,9.059227,0.92572325,3
149122901288371,7032198404,3.71396,9.063115,0.9092726,3
149122903788371,7034698404,3.7127635,9.05833,0.90418786,3
149122906288371,7037198404,3.7241294,9.050552,0.8913264,3
149122908788371,7039698404,3.728915,9.050552,0.86889374,3
149122911288371,7042198404,3.735196,9.05803,0.86919284,3
149122913788371,7044698404,3.7304106,9.0391865,0.8668,3
149122916288371,7047198404,3.7274194,9.039784,0.87996054,3
149122918788371,7049698404,3.7348971,9.039486,0.875474,3
149122921288371,7052198404,3.7471602,9.03141,0.89072824,3
149122923788371,7054698404,3.7558343,9.027223,0.895813,3
149122926288371,7057198404,3.7674992,9.01466,0.9000004,3
149122928788371,7059698404,3.772285,9.017352,0.8874381,3
149122931288371,7062198404,3.7962132,9.004191,0.91465646,3
149122933788371,7064698404,3.798606,8.996714,0.8925229,3
149122936288371,7067198404,3.8024943,8.985348,0.895813,3
149122938788371,7069698404,3.8066816,8.969196,0.9176475,3
149122941288371,7072198404,3.8144584,8.955438,0.9095717,3
149122943788371,7074698404,3.821637,8.932407,0.8985049,3
149122946288371,7077198404,3.8171504,8.909675,0.9092726,3
149122948788371,7079698404,3.8117664,8.903693,0.9029915,3
149122951288371,7082198404,3.7965121,8.885149,0.9059825,3
149122953788371,7084698404,3.804887,8.87139,0.9101699,3
149122956288371,7087198404,3.8015969,8.867501,0.9101699,3
149122958788371,7089698404,3.802195,8.8543415,0.91435736,3
149122961288371,7092198404,3.8072798,8.850154,0.9340981,3
149122963788371,7094698404,3.804588,8.848659,0.939482,3
149122966288371,7097198404,3.7971103,8.85823,0.9499506,3
149122968788371,7099698404,3.7965121,8.871689,0.94366944,3
149122971288371,7102198404,3.7851462,8.89113,0.9421739,3
149122973788371,7104698404,3.7893338,8.915657,0.95473623,3
149122976288371,7107198404,3.7860436,8.942576,0.94426763,3
149122978788371,7109698404,3.7797625,8.959925,0.9385847,3
149122981288371,7112198404,3.790231,8.9826565,0.91465646,3
149122983788371,7114698404,3.7995033,9.000603,0.9086744,3
149122986288371,7117198404,3.8063827,9.017053,0.89102733,3
149122988788371,7119698404,3.8054852,9.037691,0.8853444,3
149122991288371,7122198404,3.8111682,9.04786,0.8781659,3
149122993788371,7124698404,3.8141594,9.049356,0.84795654,3
149122996288371,7127198404,3.8004005,9.063115,0.84406817,3
149122998788371,7129698404,3.7914274,9.062218,0.84077805,3
149123001288371,7132198404,3.7893338,9.066704,0.82642114,3
149123003788371,7134698404,3.7701912,9.069396,0.8120642,3
149123006288371,7137198404,3.7504504,9.052347,0.84347,3
149123008788371,7139698404,3.7453656,9.039486,0.8321041,3
149123011288371,7142198404,3.7208393,9.01795,0.8560323,3
149123013788371,7144698404,3.7193437,9.017352,0.8662018,3
149123016288371,7147198404,3.7193437,9.002397,0.8757731,3
149123018788371,7149698404,3.7220356,8.981759,0.89072824,3
149123021288371,7152198404,3.7190447,8.94138,0.90807617,3
149123023788371,7154698404,3.7354953,8.929117,0.90807617,3
149123026288371,7157198404,3.7244284,8.903992,0.92662054,3
149123028788371,7159698404,3.7447674,8.870791,0.92512506,3
149123031288371,7162198404,3.7525442,8.85793,0.94606227,3
149123033788371,7164698404,3.7749767,8.835796,0.94366944,3
149123036288371,7167198404,3.792624,8.819944,0.94606227,3
149123038788371,7169698404,3.7944186,8.81815,0.94396853,3
149123041288371,7172198404,3.8297126,8.812167,0.9711869,3
149123043788371,7174698404,3.8330028,8.819047,0.9559326,3
149123046288371,7177198404,3.8315072,8.843872,0.9514461,3
149123048788371,7179698404,3.836293,8.863913,0.9269197,3
149123051288371,7182198404,3.8240297,8.892626,0.91465646,3
149123053788371,7184698404,3.8081772,8.918648,0.9020941,3
149123056288371,7187198404,3.8177485,8.945269,0.8877372,3
149123058788371,7189698404,3.8093736,8.970692,0.8787641,3
149123061288371,7192198404,3.7998023,8.994022,0.8703892,3
149123063788371,7194698404,3.7866418,9.002696,0.86889374,3
149123066288371,7197198404,3.7833517,9.022437,0.8862417,3
149123068788371,7199698404,3.7770705,9.0233345,0.90059865,3
149123071288371,7202198404,3.7621155,9.01795,0.9164511,3
149123073788371,7204698404,3.7686956,9.033803,0.93589276,3
149123076288371,7207198404,3.7731822,9.015259,0.9125627,3
149123078788371,7209698404,3.7995033,9.014062,0.875474,3
149123081288371,7212198404,3.8524444,9.006286,0.86979103,3
149123083788371,7214698404,3.8853457,8.99821,0.8491529,3
149123086288371,7217198404,3.9006,9.006584,0.83958167,3
149123088788371,7219698404,3.9008992,9.004191,0.8557332,3
149123091288371,7222198404,3.882953,9.007482,0.87966144,3
149123093788371,7224698404,3.8590248,8.994022,0.89282197,3
149123096288371,7227198404,3.8347974,8.999406,0.8967103,3
149123098788371,7229698404,3.804887,8.999705,0.9101699,3
149123101288371,7232198404,3.784548,8.992228,0.9173484,3
149123103788371,7234698404,3.7707894,8.987442,0.9197412,3
149123106288371,7237198404,3.7552361,8.974879,0.90358967,3
149123108788371,7239698404,3.752245,8.964112,0.9340981,3
149123111288371,7242198404,3.7390845,8.957232,0.9487542,3
149123113788371,7244698404,3.743571,8.958429,0.9343972,3
149123116288371,7247198404,3.7271204,8.954242,0.93589276,3
149123118788371,7249698404,3.7226338,8.976375,0.94755775,3
149123121288371,7252198404,3.7277186,8.973683,0.9212367,3
149123123788371,7254698404,3.7163527,8.995817,0.92183495,3
149123126288371,7257198404,3.7184465,8.996116,0.91854477,3
149123128788371,7259698404,3.7244284,9.012866,0.92153585,3
149123131288371,7262198404,3.7187455,9.016455,0.8982058,3
149123133788371,7264698404,3.708576,9.037392,0.89042914,3
149123136288371,7267198404,3.6987057,9.057432,0.87278205,3
149123138788371,7269698404,3.7064822,9.063115,0.8787641,3
149123141288371,7272198404,3.7076788,9.063115,0.863809,3
149123143788371,7274698404,3.7178483,9.081659,0.8670991,3
149123146288371,7277198404,3.7193437,9.078669,0.8500503,3
149123148788371,7279698404,3.7151563,9.071789,0.85124665,3
149123151288371,7282198404,3.7334015,9.053843,0.84855473,3
149123153788371,7284698404,3.7337005,9.046664,0.83718884,3
149123156288371,7287198404,3.7429729,9.037991,0.82911307,3
149123158788371,7289698404,3.7498522,9.014361,0.8344969,3
149123161288371,7292198404,3.7498522,9.000303,0.82881397,3
149123163788371,7294698404,3.7657046,8.976974,0.82881397,3
149123166288371,7297198404,3.7731822,8.956335,0.83359957,3
149123168788371,7299698404,3.7516468,8.948259,0.8359924,3
149123171288371,7302198404,3.7636108,8.922835,0.85902333,3
149123173788371,7304698404,3.751946,8.9159565,0.8605189,3
149123176288371,7307198404,3.7660038,8.908778,0.86859465,3
149123178788371,7309698404,3.7621155,8.903095,0.8883354,3
149123181288371,7312198404,3.760919,8.88814,0.91465646,3
149123183788371,7314698404,3.7636108,8.889635,0.910469,3
149123186288371,7317198404,3.7663028,8.892925,0.9203394,3
149123188788371,7319698404,3.7737803,8.895318,0.9385847,3
149123191288371,7322198404,3.7680974,8.889037,0.93559366,3
149123193788371,7324698404,3.7651064,8.889037,0.9379865,3
149123196288371,7327198404,3.7558343,8.893225,0.942473,3
149123198788371,7329698404,3.73729,8.903693,0.927817,3
149123201288371,7332198404,3.7157545,8.912965,0.93649095,3
149123203788371,7334698404,3.700201,8.935697,0.92273223,3
149123206288371,7337198404,3.6834514,8.929416,0.92183495,3
149123208788371,7339698404,3.694219,8.944371,0.93708915,3
149123211288371,7342198404,3.7157545,8.940184,0.9409775,3
149123213788371,7344698404,3.7310088,8.952447,0.9421739,3
149123216288371,7347198404,3.734299,8.964112,0.9448658,3
149123218788371,7349698404,3.71396,8.973683,0.9822537,3
149123221288371,7352198404,3.7217364,8.963215,0.9526425,3
149123223788371,7354698404,3.7339997,8.972188,0.94426763,3
149123226288371,7357198404,3.7396827,8.964411,0.9382856,3
149123228788371,7359698404,3.746263,8.963813,0.91854477,3
149123231288371,7362198404,3.7546377,8.955438,0.9077771,3
149123233788371,7364698404,3.7474594,8.953045,0.88983095,3
149123236288371,7367198404,3.738187,8.936893,0.89072824,3
149123238788371,7369698404,3.7447674,8.935398,0.8919246,3
149123241288371,7372198404,3.740879,8.926425,0.90358967,3
149123243788371,7374698404,3.7417765,8.913264,0.9182457,3
149123246288371,7377198404,3.7570307,8.903693,0.9170493,3
149123248788371,7379698404,3.7531424,8.901001,0.9239286,3
149123251288371,7382198404,3.7564325,8.904591,0.9376874,3
149123253788371,7384698404,3.7600217,8.900104,0.9526425,3
149123256288371,7387198404,3.7713876,8.896515,0.93738824,3
149123258788371,7389698404,3.7749767,8.905488,0.9239286,3
149123261288371,7392198404,3.7821553,8.906086,0.9077771,3
149123263788371,7394698404,3.7785661,8.896515,0.90388876,3
149123266288371,7397198404,3.7839499,8.889635,0.8892327,3
149123268788371,7399698404,3.8042889,8.888439,0.86291164,3
149123271288371,7402198404,3.7971103,8.890832,0.8662018,3
149123273788371,7404698404,3.790231,8.907581,0.8578269,3
149123276288371,7407198404,3.7812579,8.906385,0.84855473,3
149123278788371,7409698404,3.7758741,8.916554,0.84735835,3
149123281288371,7412198404,3.7633119,8.935099,0.83090764,3
149123283788371,7414698404,3.7573297,8.936594,0.83030945,3
149123286288371,7417198404,3.7618163,8.945567,0.8437691,3
149123288788371,7419698404,3.7591243,8.940483,0.85513496,3
149123291288371,7422198404,3.7423747,8.955139,0.8533404,3
149123293788371,7424698404,3.7441692,8.972188,0.8527422,3
149123296288371,7427198404,3.7546377,8.968898,0.8647063,3
149123298788371,7429698404,3.7606199,8.968898,0.87936234,3
149123301288371,7432198404,3.766602,8.9674015,0.8605189,3
149123303788371,7434698404,3.7683966,8.968898,0.85094756,3
149123306288371,7437198404,3.7857444,8.949157,0.8557332,3
149123308788371,7439698404,3.801896,8.949456,0.85842514,3
149123311288371,7442198404,3.8072798,8.935996,0.8542377,3
149123313788371,7444698404,3.821637,8.935697,0.8344969,3
149123316288371,7447198404,3.830909,8.927621,0.85872424,3
149123318788371,7449698404,3.8315072,8.914461,0.8536395,3
149123321288371,7452198404,3.8327036,8.912965,0.8279166,3
149123323788371,7454698404,3.8297126,8.923434,0.83958167,3
149123326288371,7457198404,3.8264225,8.929416,0.8527422,3
149123328788371,7459698404,3.8297126,8.92822,0.8566305,3
149123331288371,7462198404,3.8258243,8.939884,0.8536395,3
149123333788371,7464698404,3.821637,8.938688,0.8922237,3
149123336288371,7467198404,3.80399,8.936594,0.8925229,3
149123338788371,7469698404,3.7998023,8.956036,0.89371926,3
149123341288371,7472198404,3.8006997,8.9566345,0.9062816,3
149123343788371,7474698404,3.8009987,8.956933,0.90388876,3
149123346288371,7477198404,3.8066816,8.963215,0.9077771,3
149123348788371,7479698404,3.815954,8.973683,0.90119684,3
149123351288371,7482198404,3.8108692,8.975179,0.91585284,3
149123353788371,7484698404,3.8300118,8.984152,0.89312106,3
149123356288371,7487198404,3.8371902,8.977272,0.9023932,3
149123358788371,7489698404,3.848257,8.99163,0.88683987,3
149123361288371,7492198404,3.851248,8.997611,0.8709874,3
149123363788371,7494698404,3.8464625,9.009874,0.86201435,3
149123366288371,7497198404,3.845565,9.012866,0.8647063,3
149123368788371,7499698404,3.8288152,9.014959,0.8488538,3
149123371288371,7502198404,3.8087754,9.01137,0.85184485,3
149123373788371,7504698404,3.8001015,9.014361,0.83060855,3
149123376288371,7507198404,3.7989051,9.019445,0.8171489,3
149123378788371,7509698404,3.7905302,9.010472,0.8210373,3
149123381288371,7512198404,3.7860436,9.023035,0.8237292,3
149123383788371,7514698404,3.795615,9.010472,0.8452646,3
149123386288371,7517198404,3.7968113,9.009276,0.8419745,3
149123388788371,7519698404,3.7974095,8.988339,0.8542377,3
149123391288371,7522198404,3.8001015,8.963513,0.8365906,3
149123393788371,7524698404,3.7971103,8.940184,0.8327023,3
149123396288371,7527198404,3.7860436,8.916255,0.84825563,3
149123398788371,7529698404,3.7833517,8.91476,0.82701933,3
149123401288371,7532198404,3.7914274,8.88814,0.8344969,3
149123403788371,7534698404,3.7950168,8.8651085,0.84017986,3
149123406288371,7537198404,3.7839499,8.855837,0.8321041,3
149123408788371,7539698404,3.781557,8.851649,0.8452646,3
149123411288371,7542198404,3.7851462,8.842377,0.8527422,3
149123413788371,7544698404,3.7836509,8.853444,0.8676973,3
149123416288371,7547198404,3.7818563,8.854042,0.8650054,3
149123418788371,7549698404,3.792923,8.880363,0.8757731,3
149123421288371,7552198404,3.7773697,8.890233,0.8874381,3
149123423788371,7554698404,3.757928,8.901599,0.8862417,3
149123426288371,7557198404,3.7740796,8.911469,0.8766704,3
149123428788371,7559698404,3.7995033,8.91476,0.8458628,3
149123431288371,7562198404,3.7908292,8.9312105,0.8219346,3
149123433788371,7564698404,3.7740796,8.94796,0.8258229,3
149123436288371,7567198404,3.7770705,8.970094,0.83688974,3
149123438788371,7569698404,3.7764723,8.991031,0.84406817,3
149123441288371,7572198404,3.7737803,8.995218,0.8575278,3
149123443788371,7574698404,3.7827535,9.014062,0.8431709,3
149123446288371,7577198404,3.7857444,9.028718,0.84047896,3
149123448788371,7579698404,3.784548,9.012267,0.8419745,3
149123451288371,7582198404,3.8030925,9.006884,0.82313097,3
149123453788371,7584698404,3.8024943,9.014062,0.8497511,3
149123456288371,7587198404,3.7977087,8.992228,0.8632108,3
149123458788371,7589698404,3.8024943,8.978469,0.863809,3
149123461288371,7592198404,3.7950168,8.973084,0.8650054,3
149123463788371,7594698404,3.7884364,8.962915,0.86949193,3
149123466288371,7597198404,3.784548,8.950353,0.8650054,3
149123468788371,7599698404,3.7749767,8.948259,0.875474,3
149123471288371,7602198404,3.7704902,8.946166,0.90329057,3
149123473788371,7604698404,3.7663028,8.941978,0.9182457,3
149123476288371,7607198404,3.764209,8.942876,0.93649095,3
149123478788371,7609698404,3.7513478,8.930613,0.9499506,3
149123481288371,7612198404,3.752245,8.915657,0.94337034,3
149123483788371,7614698404,3.7498522,8.935996,0.939482,3
149123486288371,7617198404,3.7411783,8.950353,0.9412766,3
149123488788371,7619698404,3.7366917,8.9521475,0.92632145,3
149123491288371,7622198404,3.7244284,8.969196,0.91585284,3
149123493788371,7624698404,3.7193437,8.980562,0.9233304,3
149123496288371,7627198404,3.7118661,8.986545,0.90807617,3
149123498788371,7629698404,3.7052858,8.9928255,0.8874381,3
149123501288371,7632198404,3.6984065,9.001799,0.907478,3
149123503788371,7634698404,3.7046876,9.000603,0.8952148,3
149123506288371,7637198404,3.7091742,9.005986,0.88295156,3
149123508788371,7639698404,3.71396,9.015259,0.89342016,3
149123511288371,7642198404,3.7357943,9.008977,0.8853444,3
149123513788371,7644698404,3.7387853,9.019745,0.85124665,3
149123516288371,7647198404,3.7543387,9.0131645,0.8679964,3
149123518788371,7649698404,3.7636108,9.003893,0.87278205,3
149123521288371,7652198404,3.7767715,8.997013,0.87188476,3
149123523788371,7654698404,3.7971103,8.992228,0.86141616,3
149123526288371,7657198404,3.7965121,8.993423,0.8437691,3
149123528788371,7659698404,3.8024943,8.996116,0.8383852,3
149123531288371,7662198404,3.8111682,8.99821,0.86231345,3
149123533788371,7664698404,3.8165522,9.0029955,0.86231345,3
149123536288371,7667198404,3.8138602,9.018847,0.86111706,3
149123538788371,7669698404,3.824927,9.016156,0.8470592,3
149123541288371,7672198404,3.8198423,9.015259,0.8276175,3
149123543788371,7674698404,3.8213377,9.02812,0.8282157,3
149123546288371,7677198404,3.8192441,9.0436735,0.8141579,3
149123548788371,7679698404,3.8168511,9.040084,0.80757767,3
149123551288371,7682198404,3.8141594,9.040682,0.8001001,3
149123553788371,7684698404,3.8135612,9.052347,0.82313097,3
149123556288371,7687198404,3.8135612,9.052048,0.81595254,3
149123558788371,7689698404,3.810271,9.055039,0.8036893,3
149123561288371,7692198404,3.7884364,9.0347,0.8141579,3
149123563788371,7694698404,3.8111682,9.033504,0.81565344,3
149123566288371,7697198404,3.802195,9.020942,0.8135597,3
149123568788371,7699698404,3.8027935,8.999406,0.7956135,3
149123571288371,7702198404,3.8150566,8.976974,0.8063812,3
149123573788371,7704698404,3.807878,8.958429,0.7965108,3
149123576288371,7707198404,3.798307,8.962018,0.79501534,3
149123578788371,7709698404,3.7938204,8.926425,0.81595254,3
149123581288371,7712198404,3.80399,8.92134,0.79830545,3
149123583788371,7714698404,3.795615,8.907282,0.79830545,3
149123586288371,7717198404,3.7893338,8.882157,0.8138588,3
149123588788371,7719698404,3.7761734,8.864211,0.80817586,3
149123591288371,7722198404,3.7630126,8.86122,0.8036893,3
149123593788371,7724698404,3.7689948,8.850452,0.8141579,3
149123596288371,7727198404,3.7651064,8.856135,0.8449655,3
149123598788371,7729698404,3.7719858,8.844172,0.85872424,3
149123601288371,7732198404,3.7839499,8.839984,0.8650054,3
149123603788371,7734698404,3.807878,8.848359,0.863809,3
149123606288371,7737198404,3.828217,8.848359,0.8647063,3
149123608788371,7739698404,3.8443687,8.856435,0.8778668,3
149123611288371,7742198404,3.8470607,8.867801,0.8781659,3
149123613788371,7744698404,3.8691943,8.884252,0.86171526,3
149123616288371,7747198404,3.8757744,8.901001,0.85214394,3
149123618788371,7749698404,3.8781674,8.920144,0.8350951,3
149123621288371,7752198404,3.8880377,8.932407,0.8135597,3
149123623788371,7754698404,3.8751762,8.94796,0.81595254,3
149123626288371,7757198404,3.8578284,8.969496,0.7860422,3
149123628788371,7759698404,3.8473597,8.981161,0.794118,3
149123631288371,7762198404,3.8198423,8.991928,0.8111669,3
149123633788371,7764698404,3.7923248,8.989535,0.8042875,3
149123636288371,7767198404,3.7785661,8.99133,0.8135597,3
149123638788371,7769698404,3.7558343,8.992527,0.84167534,3
149123641288371,7772198404,3.7477584,8.98475,0.8350951,3
149123643788371,7774698404,3.7160535,8.99133,0.8461619,3
149123646288371,7777198404,3.708576,8.98804,0.8545368,3
149123648788371,7779698404,3.694518,8.971889,0.85812604,3
149123651288371,7782198404,3.6786656,8.980562,0.8647063,3
149123653788371,7784698404,3.6684961,8.989835,0.8428718,3
149123656288371,7787198404,3.6646078,8.989835,0.8237292,3
149123658788371,7789698404,3.6637106,8.993723,0.8380861,3
149123661288371,7792198404,3.6637106,8.99821,0.8321041,3
149123663788371,7794698404,3.6858442,8.988937,0.8533404,3
149123666288371,7797198404,3.7172499,8.999106,0.86261255,3
149123668788371,7799698404,3.7432718,8.979665,0.8632108,3
149123671288371,7802198404,3.778865,8.963215,0.8449655,3
149123673788371,7804698404,3.8144584,8.949157,0.83001035,3
149123676288371,7807198404,3.8368912,8.930613,0.79740816,3
149123678788371,7809698404,3.8479578,8.916854,0.7920243,3
149123681288371,7812198404,3.8506498,8.9057865,0.7818548,3
149123683788371,7814698404,3.844967,8.895318,0.78454673,3
149123686288371,7817198404,3.8344984,8.886943,0.78723866,3
149123688788371,7819698404,3.8318064,8.886046,0.8001001,3
149123691288371,7822198404,3.824329,8.883654,0.80967134,3
149123693788371,7824698404,3.8156548,8.871988,0.84406817,3
149123696288371,7827198404,3.8081772,8.875577,0.85902333,3
149123698788371,7829698404,3.7773697,8.8746805,0.8877372,3
149123701288371,7832198404,3.784548,8.860622,0.89371926,3
149123703788371,7834698404,3.7645082,8.863913,0.9236295,3
149123706288371,7837198404,3.7636108,8.875577,0.9514461,3
149123708788371,7839698404,3.7564325,8.875577,0.948156,3
149123711288371,7842198404,3.7477584,8.868698,0.9454641,3
149123713788371,7844698404,3.7606199,8.881859,0.93559366,3
149123716288371,7847198404,3.7680974,8.883952,0.9209376,3
149123718788371,7849698404,3.775575,8.898309,0.91495556,3
149123721288371,7852198404,3.7968113,8.898908,0.9086744,3
149123723788371,7854698404,3.8024943,8.914461,0.8817552,3
149123726288371,7857198404,3.8168511,8.930014,0.86919284,3
149123728788371,7859698404,3.8333018,8.9348,0.86919284,3
149123731288371,7862198404,3.839583,8.938987,0.8644072,3
149123733788371,7864698404,3.839284,8.943773,0.8542377,3
149123736288371,7867198404,3.8458643,8.935697,0.8569296,3
149123738788371,7869698404,3.8676987,8.940483,0.85094756,3
149123741288371,7872198404,3.8712878,8.932706,0.86111706,3
149123743788371,7874698404,3.8665023,8.91476,0.88265246,3
149123746288371,7877198404,3.8805602,8.9057865,0.89760756,3
149123748788371,7879698404,3.882953,8.89472,0.9029915,3
149123751288371,7882198404,3.8913279,8.886644,0.9233304,3
149123753788371,7884698404,3.8895333,8.89113,0.927817,3
149123756288371,7887198404,3.876971,8.88126,0.93649095,3
149123758788371,7889698404,3.8673997,8.878867,0.9311071,3
149123761288371,7892198404,3.8479578,8.890233,0.94277215,3
149123763788371,7894698404,3.8324046,8.886943,0.9406784,3
149123766288371,7897198404,3.827918,8.899506,0.93978107,3
149123768788371,7899698404,3.8204405,8.919845,0.94725865,3
149123771288371,7902198404,3.7995033,8.939586,0.94636136,3
149123773788371,7904698404,3.8060834,8.935398,0.93978107,3
149123776288371,7907198404,3.7917266,8.95813,0.9209376,3
149123778788371,7909698404,3.789932,8.974581,0.9164511,3
149123781288371,7912198404,3.7836509,8.996714,0.9029915,3
149123783788371,7914698404,3.7875392,9.003893,0.8883354,3
149123786288371,7917198404,3.784249,9.001201,0.8712866,3
149123788788371,7919698404,3.7737803,9.026923,0.8766704,3
149123791288371,7922198404,3.784249,9.041281,0.85214394,3
149123793788371,7924698404,3.7881374,9.058628,0.85513496,3
149123796288371,7927198404,3.7893338,9.077771,0.8285148,3
149123798788371,7929698404,3.7833517,9.085547,0.8108678,3
149123801288371,7932198404,3.7878382,9.08824,0.80189466,3
149123803788371,7934698404,3.792923,9.093923,0.8153543,3
149123806288371,7937198404,3.7875392,9.113364,0.79800636,3
149123808788371,7939698404,3.7776687,9.113664,0.8021938,3
149123811288371,7942198404,3.7728832,9.1052885,0.80518484,3
149123813788371,7944698404,3.781557,9.099904,0.7965108,3
149123816288371,7947198404,3.7806597,9.08824,0.78394854,3
149123818788371,7949698404,3.764209,9.072686,0.78873414,3
149123821288371,7952198404,3.766602,9.0798645,0.7809575,3
149123823788371,7954698404,3.775276,9.068199,0.78843504,3
149123826288371,7957198404,3.7683966,9.063115,0.7962117,3
149123828788371,7959698404,3.7710886,9.037691,0.8129615,3
149123831288371,7962198404,3.7836509,9.012567,0.8240283,3
149123833788371,7964698404,3.7938204,9.005089,0.83988076,3
149123836288371,7967198404,3.8063827,8.974879,0.8431709,3
149123838788371,7969698404,3.8201413,8.968299,0.83988076,3
149123841288371,7972198404,3.8321054,8.949456,0.8554341,3
149123843788371,7974698404,3.8467615,8.9348,0.85244304,3
149123846288371,7977198404,3.854239,8.914461,0.8700901,3
149123848788371,7979698404,3.8584266,8.903992,0.89730847,3
149123851288371,7982198404,3.8721852,8.906385,0.89730847,3
149123853788371,7984698404,3.8814573,8.89801,0.9125627,3
149123856288371,7987198404,3.856931,8.897412,0.89102733,3
149123858788371,7989698404,3.8500516,8.893823,0.901795,3
149123861288371,7992198404,3.8377883,8.905488,0.9098708,3
149123863788371,7994698404,3.8150566,8.908479,0.92183495,3
149123866288371,7997198404,3.81057,8.908179,0.9209376,3
149123868788371,7999698404,3.7923248,8.909974,0.9089735,3
149123871288371,8002198404,3.7824545,8.920742,0.9320044,3
149123873788371,8004698404,3.7713876,8.9362955,0.9385847,3
149123876288371,8007198404,3.7731822,8.941679,0.9406784,3
149123878788371,8009698404,3.7737803,8.95454,0.9406784,3
149123881288371,8012198404,3.7797625,8.956036,0.95832545,3
149123883788371,8014698404,3.795615,8.963513,0.962812,3
149123886288371,8017198404,3.804887,8.979366,0.9699905,3
149123888788371,8019698404,3.816253,8.973384,0.9562318,3
149123891288371,8022198404,3.8330028,8.968898,0.9529416,3
149123893788371,8024698404,3.851248,8.964411,0.9320044,3
149123896288371,8027198404,3.8536408,8.955438,0.91226363,3
149123898788371,8029698404,3.856632,8.942576,0.90119684,3
149123901288371,8032198404,3.8665023,8.938688,0.8874381,3
149123903788371,8034698404,3.8440695,8.923733,0.8982058,3
149123906288371,8037198404,3.85394,8.914162,0.8997013,3
149123908788371,8039698404,3.85394,8.909675,0.90807617,3
149123911288371,8042198404,3.8401814,8.906385,0.9059825,3
149123913788371,8044698404,3.833601,8.899206,0.9305089,3
149123916288371,8047198404,3.821637,8.893523,0.9173484,3
149123918788371,8049698404,3.792923,8.907581,0.9077771,3
149123921288371,8052198404,3.7764723,8.91805,0.9457632,3
149123923788371,8054698404,3.761218,8.909077,0.94725865,3
149123926288371,8057198404,3.7591243,8.907581,0.951147,3
149123928788371,8059698404,3.758526,8.912068,0.95473623,3
149123931288371,8062198404,3.7528431,8.912965,0.9457632,3
149123933788371,8064698404,3.7588253,8.903394,0.94337034,3
149123936288371,8067198404,3.7761734,8.902198,0.9343972,3
149123938788371,8069698404,3.7791643,8.896813,0.9098708,3
149123941288371,8072198404,3.789932,8.903095,0.91555375,3
149123943788371,8074698404,3.7917266,8.906385,0.907478,3
149123946288371,8077198404,3.7938204,8.905189,0.8913264,3
149123948788371,8079698404,3.7914274,8.917452,0.8922237,3
149123951288371,8082198404,3.8192441,8.938688,0.8790632,3
149123953788371,8084698404,3.804887,8.938987,0.87607217,3
149123956288371,8087198404,3.8057845,8.95454,0.8605189,3
149123958788371,8089698404,3.8084764,8.962317,0.86560357,3
149123961288371,8092198404,3.80399,8.974879,0.8650054,3
149123963788371,8094698404,3.7965121,8.986844,0.8566305,3
149123966288371,8097198404,3.7953157,8.9979105,0.8461619,3
149123968788371,8099698404,3.7998023,9.020642,0.84436727,3
149123971288371,8102198404,3.792624,9.029017,0.83060855,3
149123973788371,8104698404,3.7833517,9.027223,0.84436727,3
149123976288371,8107198404,3.7887356,9.032308,0.85094756,3
149123978788371,8109698404,3.7914274,9.045169,0.8488538,3
149123981288371,8112198404,3.7905302,9.044571,0.8545368,3
149123983788371,8114698404,3.804887,9.05115,0.8527422,3
149123986288371,8117198404,3.7893338,9.033803,0.82612205,3
149123988788371,8119698404,3.7953157,9.040981,0.8383852,3
149123991288371,8122198404,3.7920256,9.031111,0.82731843,3
149123993788371,8124698404,3.8001015,9.0182495,0.817448,3
149123996288371,8127198404,3.8036907,9.0182495,0.8045866,3
149123998788371,8129698404,3.7938204,9.004491,0.8177471,3
149124001288371,8132198404,3.7719858,8.996415,0.8105687,3
149124003788371,8134698404,3.7767715,8.993423,0.8222337,3
149124006288371,8137198404,3.7749767,8.976076,0.82971126,3
149124008788371,8139698404,3.778267,8.975777,0.84735835,3
149124011288371,8142198404,3.7791643,8.962018,0.8569296,3
149124013788371,8144698404,3.7803607,8.95125,0.8533404,3
149124016288371,8147198404,3.792923,8.9362955,0.8670991,3
149124018788371,8149698404,3.8009987,8.938688,0.85812604,3
149124021288371,8152198404,3.7968113,8.920144,0.84795654,3
149124023788371,8154698404,3.816253,8.903095,0.8500503,3
149124026288371,8157198404,3.8213377,8.900403,0.85124665,3
149124028788371,8159698404,3.827918,8.903992,0.8706883,3
149124031288371,8162198404,3.8312082,8.903095,0.84347,3
149124033788371,8164698404,3.8389847,8.886644,0.8392825,3
149124036288371,8167198404,3.8425741,8.89502,0.8461619,3
149124038788371,8169698404,3.8446677,8.903095,0.8380861,3
149124041288371,8172198404,3.8503506,8.903693,0.84017986,3
149124043788371,8174698404,3.8536408,8.890233,0.8422736,3
149124046288371,8177198404,3.8614175,8.898309,0.8467601,3
149124048788371,8179698404,3.8503506,8.8956175,0.85244304,3
149124051288371,8182198404,3.8551364,8.888439,0.8249256,3
149124053788371,8184698404,3.8671005,8.889037,0.8213364,3
149124056288371,8187198404,3.866203,8.878569,0.811466,3
149124058788371,8189698404,3.8721852,8.863015,0.8177471,3
149124061288371,8192198404,3.8748772,8.873184,0.8168498,3
149124063788371,8194698404,3.8832521,8.876474,0.8033902,3
149124066288371,8197198404,3.888935,8.869894,0.7929216,3
149124068788371,8199698404,3.8916268,8.874082,0.7962117,3
149124071288371,8202198404,3.8943188,8.870493,0.80548394,3
149124073788371,8204698404,3.8868413,8.877671,0.7932207,3
149124076288371,8207198404,3.8874395,8.878867,0.7857431,3
149124078788371,8209698404,3.8766718,8.8746805,0.7857431,3
149124081288371,8212198404,3.8694932,8.878867,0.814457,3
149124083788371,8214698404,3.8751762,8.87797,0.79890364,3
149124086288371,8217198404,3.8641095,8.876474,0.81834537,3
149124088788371,8219698404,3.8521454,8.883354,0.81924266,3
149124091288371,8222198404,3.8440695,8.883055,0.82881397,3
149124093788371,8224698404,3.839583,8.875577,0.8341978,3
149124096288371,8227198404,3.8407795,8.8651085,0.8557332,3
149124098788371,8229698404,3.8407795,8.877372,0.89431745,3
149124101288371,8232198404,3.8371902,8.863315,0.8817552,3
149124103788371,8234698404,3.8318064,8.868698,0.89431745,3
149124106288371,8237198404,3.836592,8.879466,0.8886345,3
149124108788371,8239698404,3.836592,8.879466,0.8919246,3
149124111288371,8242198404,3.8356948,8.89472,0.89760756,3
149124113788371,8244698404,3.8240297,8.89801,0.86949193,3
149124116288371,8247198404,3.8117664,8.898908,0.8886345,3
149124118788371,8249698404,3.8150566,8.904291,0.8967103,3
149124121288371,8252198404,3.8198423,8.913264,0.89312106,3
149124123788371,8254698404,3.8120656,8.915059,0.9026923,3
149124126288371,8257198404,3.815954,8.919845,0.9089735,3
149124128788371,8259698404,3.8147576,8.912965,0.9101699,3
149124131288371,8262198404,3.8183467,8.930014,0.89431745,3
149124133788371,8264698404,3.8330028,8.919247,0.90478605,3
149124136288371,8267198404,3.8398821,8.936594,0.9020941,3
149124138788371,8269698404,3.844967,8.942277,0.8874381,3
149124141288371,8272198404,3.848556,8.943474,0.8682955,3
149124143788371,8274698404,3.8488553,8.947661,0.8850453,3
149124146288371,8277198404,3.8527436,8.943474,0.8530413,3
149124148788371,8279698404,3.851248,8.947362,0.8772686,3
149124151288371,8282198404,3.8521454,8.950952,0.85124665,3
149124153788371,8284698404,3.8398821,8.946764,0.8533404,3
149124156288371,8287198404,3.8051863,8.962018,0.86171526,3
149124158788371,8289698404,3.7827535,8.963513,0.83748794,3
149124161288371,8292198404,3.7833517,8.993723,0.83120674,3
149124163788371,8294698404,3.8054852,8.998508,0.8001001,3
149124166288371,8297198404,3.8114674,8.971589,0.8045866,3
149124168788371,8299698404,3.8150566,8.971589,0.8333005,3
149124171288371,8302198404,3.8015969,8.9928255,0.8668,3
149124173788371,8304698404,3.7728832,9.01466,0.88325065,3
149124176288371,8307198404,3.7621155,9.027821,0.89431745,3
149124178788371,8309698404,3.766602,9.02483,0.87158567,3
149124181288371,8312198404,3.758227,9.030811,0.83389866,3
149124183788371,8314698404,3.764209,9.0233345,0.8344969,3
149124186288371,8317198404,3.751946,9.0131645,0.8279166,3
149124188788371,8319698404,3.725924,8.996714,0.8180462,3
149124191288371,8322198404,3.7283168,8.983852,0.8276175,3
149124193788371,8324698404,3.737589,8.999705,0.8557332,3
149124196288371,8327198404,3.7235312,9.0015,0.8530413,3
149124198788371,8329698404,3.7283168,8.980562,0.85812604,3
149124201288371,8332198404,3.739982,8.977871,0.8679964,3
149124203788371,8334698404,3.7501514,8.983254,0.8668,3
149124206288371,8337198404,3.7719858,8.968,0.8748758,3
149124208788371,8339698404,3.7866418,8.960223,0.8748758,3
149124211288371,8342198404,3.8120656,8.919545,0.87218386,3
149124213788371,8344698404,3.816253,8.929117,0.887139,3
149124216288371,8347198404,3.854239,8.930613,0.86859465,3
149124218788371,8349698404,3.8796628,8.925827,0.8751749,3
149124221288371,8352198404,3.9023945,8.918648,0.8865408,3
149124223788371,8354698404,3.920939,8.917751,0.8647063,3
149124226288371,8357198404,3.9335012,8.912666,0.8596215,3
149124228788371,8359698404,3.9490547,8.923434,0.85064846,3
149124231288371,8362198404,3.9568315,8.941081,0.8488538,3
149124233788371,8364698404,3.9658043,8.947362,0.8344969,3
149124236288371,8367198404,3.956233,8.937791,0.8246265,3
149124238788371,8369698404,3.9391842,8.938389,0.8063812,3
149124241288371,8372198404,3.9218364,8.947362,0.79471624,3
149124243788371,8374698404,3.8955152,8.955438,0.7830512,3
149124246288371,8377198404,3.8736808,8.963513,0.7725826,3
149124248788371,8379698404,3.8545382,8.963513,0.8001001,3
149124251288371,8382198404,3.8446677,8.959925,0.7965108,3
149124253788371,8384698404,3.8273199,8.963513,0.80817586,3
149124256288371,8387198404,3.8135612,8.960822,0.81834537,3
149124258788371,8389698404,3.807579,8.953344,0.834796,3
149124261288371,8392198404,3.7968113,8.942576,0.8330014,3
149124263788371,8394698404,3.7857444,8.935099,0.82701933,3
149124266288371,8397198404,3.7833517,8.92822,0.8240283,3
149124268788371,8399698404,3.7812579,8.915059,0.8249256,3
149124271288371,8402198404,3.7773697,8.89502,0.8362915,3
149124273788371,8404698404,3.7971103,8.867501,0.84855473,3
149124276288371,8407198404,3.807579,8.862118,0.84795654,3
149124278788371,8409698404,3.821637,8.850752,0.85483587,3
149124281288371,8412198404,3.8533418,8.828618,0.86859465,3
149124283788371,8414698404,3.8751762,8.830712,0.8847462,3
149124286288371,8417198404,3.8982072,8.82473,0.881456,3
149124288788371,8419698404,3.9305103,8.814859,0.87996054,3
149124291288371,8422198404,3.9568315,8.816355,0.8790632,3
149124293788371,8424698404,3.9759738,8.816056,0.8554341,3
149124296288371,8427198404,3.9885364,8.813065,0.8353942,3
149124298788371,8429698404,4.0034914,8.828618,0.8365906,3
149124301288371,8432198404,4.0178485,8.822637,0.8249256,3
149124303788371,8434698404,4.0331025,8.822038,0.82043904,3
149124306288371,8437198404,4.025027,8.846864,0.80757767,3
149124308788371,8439698404,4.005884,8.850154,0.8213364,3
149124311288371,8442198404,4.0034914,8.854939,0.8021938,3
149124313788371,8444698404,3.9861434,8.881859,0.8105687,3
149124316288371,8447198404,3.964608,8.892925,0.81864446,3
149124318788371,8449698404,3.950251,8.908479,0.8386843,3
149124321288371,8452198404,3.9278183,8.92792,0.8449655,3
149124323788371,8454698404,3.9110687,8.92463,0.8569296,3
149124326288371,8457198404,3.9050865,8.927023,0.88354975,3
149124328788371,8459698404,3.9000018,8.935099,0.90418786,3
149124331288371,8462198404,3.886243,8.942876,0.89730847,3
149124333788371,8464698404,3.8817565,8.942576,0.88414794,3
149124336288371,8467198404,3.8805602,8.949157,0.89461654,3
149124338788371,8469698404,3.868895,8.959027,0.8919246,3
149124341288371,8472198404,3.8506498,8.936893,0.86201435,3
149124343788371,8474698404,3.8584266,8.963513,0.8458628,3
149124346288371,8477198404,3.856931,8.960223,0.8955139,3
149124348788371,8479698404,3.8503506,8.9470625,0.9406784,3
149124351288371,8482198404,3.856632,8.946764,0.97178507,3
149124353788371,8484698404,3.8706896,8.957232,0.9870393,3
149124356288371,8487198404,3.874279,8.960223,0.98674023,3
149124358788371,8489698404,3.8416767,8.960223,0.9532407,3
149124361288371,8492198404,3.8240297,8.953643,0.9275179,3
149124363788371,8494698404,3.8168511,8.931808,0.9065807,3
149124366288371,8497198404,3.8261235,8.917152,0.8772686,3
149124368788371,8499698404,3.833601,8.897412,0.89072824,3
149124371288371,8502198404,3.841976,8.899506,0.8712866,3
149124373788371,8504698404,3.8458643,8.877073,0.8865408,3
149124376288371,8507198404,3.8518462,8.900702,0.90418786,3
149124378788371,8509698404,3.844967,8.889337,0.89431745,3
149124381288371,8512198404,3.8371902,8.886046,0.8955139,3
149124383788371,8514698404,3.8344984,8.898309,0.90089774,3
149124386288371,8517198404,3.8431723,8.8956175,0.89431745,3
149124388788371,8519698404,3.8297126,8.904591,0.8955139,3
149124391288371,8522198404,3.8401814,8.898908,0.9083753,3
149124393788371,8524698404,3.8294137,8.884252,0.89282197,3
149124396288371,8527198404,3.8168511,8.889037,0.8961121,3
149124398788371,8529698404,3.8168511,8.895916,0.89461654,3
149124401288371,8532198404,3.8237305,8.892925,0.887139,3
149124403788371,8534698404,3.8201413,8.897113,0.88384885,3
149124406288371,8537198404,3.8288152,8.898309,0.8883354,3
149124408788371,8539698404,3.8288152,8.908778,0.87278205,3
149124411288371,8542198404,3.854239,8.912367,0.8757731,3
149124413788371,8544698404,3.8635113,8.912068,0.8706883,3
149124416288371,8547198404,3.8709888,8.917152,0.86560357,3
149124418788371,8549698404,3.868596,8.917152,0.8703892,3
149124421288371,8552198404,3.8671005,8.91476,0.85842514,3
149124423788371,8554698404,3.880261,8.92792,0.8470592,3
149124426288371,8557198404,3.8886359,8.922537,0.86231345,3
149124428788371,8559698404,3.8805602,8.935697,0.8497511,3
149124431288371,8562198404,3.8736808,8.932706,0.83778703,3
149124433788371,8564698404,3.8712878,8.937193,0.8344969,3
149124436288371,8567198404,3.8617167,8.95125,0.8437691,3
149124438788371,8569698404,3.8527436,8.948259,0.8572287,3
149124441288371,8572198404,3.8476589,8.953344,0.8386843,3
149124443788371,8574698404,3.856931,8.958728,0.83748794,3
149124446288371,8577198404,3.848257,8.9674015,0.81834537,3
149124448788371,8579698404,3.8377883,8.966804,0.8216355,3
149124451288371,8582198404,3.8398821,8.963215,0.8216355,3
149124453788371,8584698404,3.845266,8.965009,0.8578269,3
149124456288371,8587198404,3.8650067,8.93809,0.84795654,3
149124458788371,8589698404,3.8904305,8.938688,0.8700901,3
149124461288371,8592198404,3.9017963,8.953045,0.8757731,3
149124463788371,8594698404,3.9155552,8.948857,0.87338024,3
149124466288371,8597198404,3.9284165,8.937193,0.8739785,3
149124468788371,8599698404,3.9338005,8.92134,0.84137625,3
149124471288371,8602198404,3.9463627,8.909974,0.85513496,3
149124473788371,8604698404,3.9493537,8.904889,0.8533404,3
149124476288371,8607198404,3.9397824,8.880363,0.84795654,3
149124478788371,8609698404,3.9445682,8.869596,0.85842514,3
149124481288371,8612198404,3.9394834,8.85823,0.8676973,3
149124483788371,8614698404,3.935595,8.847761,0.86949193,3
149124486288371,8617198404,3.9275193,8.849854,0.8670991,3
149124488788371,8619698404,3.9170506,8.8447695,0.89431745,3
149124491288371,8622198404,3.9101713,8.835796,0.901795,3
149124493788371,8624698404,3.897908,8.822337,0.9128618,3
149124496288371,8627198404,3.8952162,8.830712,0.9137592,3
149124498788371,8629698404,3.8877387,8.830712,0.9000004,3
149124501288371,8632198404,3.894618,8.836993,0.8964112,3
149124503788371,8634698404,3.8907297,8.845368,0.89760756,3
149124506288371,8637198404,3.8787656,8.850452,0.87966144,3
149124508788371,8639698404,3.8886359,8.854939,0.887139,3
149124511288371,8642198404,3.8853457,8.867801,0.8673982,3
149124513788371,8644698404,3.8754754,8.888738,0.8599206,3
149124516288371,8647198404,3.8605201,8.906983,0.846461,3
149124518788371,8649698404,3.8416767,8.898608,0.8431709,3
149124521288371,8652198404,3.8312082,8.91476,0.8350951,3
149124523788371,8654698404,3.8072798,8.939286,0.8276175,3
149124526288371,8657198404,3.8001015,8.954242,0.83718884,3
149124528788371,8659698404,3.8015969,8.957232,0.8359924,3
149124531288371,8662198404,3.8060834,8.966804,0.8356933,3
149124533788371,8664698404,3.7989051,8.974281,0.8341978,3
149124536288371,8667198404,3.821637,8.974581,0.84107715,3
149124538788371,8669698404,3.8210387,8.975777,0.84765744,3
149124541288371,8672198404,3.8330028,8.981759,0.83120674,3
149124543788371,8674698404,3.845565,8.968898,0.8536395,3
149124546288371,8677198404,3.8551364,8.956933,0.8545368,3
149124548788371,8679698404,3.859623,8.956036,0.84855473,3
149124551288371,8682198404,3.862315,8.950952,0.8455637,3
149124553788371,8684698404,3.8754754,8.934501,0.8365906,3
149124556288371,8687198404,3.8814573,8.940483,0.83958167,3
149124558788371,8689698404,3.8665023,8.933603,0.84077805,3
149124561288371,8692198404,3.8647077,8.930911,0.83988076,3
149124563788371,8694698404,3.8668015,8.921938,0.8491529,3
149124566288371,8697198404,3.868895,8.919247,0.8593224,3
149124568788371,8699698404,3.8671005,8.909974,0.8536395,3
149124571288371,8702198404,3.867998,8.906684,0.88683987,3
149124573788371,8704698404,3.8718863,8.903693,0.881456,3
149124576288371,8707198404,3.8694932,8.905189,0.8979067,3
149124578788371,8709698404,3.868596,8.908179,0.9164511,3
149124581288371,8712198404,3.8733816,8.908179,0.91405827,3
149124583788371,8714698404,3.8721852,8.896215,0.930808,3
149124586288371,8717198404,3.8781674,8.902796,0.9311071,3
149124588788371,8719698404,3.8682969,8.905189,0.92512506,3
149124591288371,8722198404,3.865904,8.911469,0.9197412,3
149124593788371,8724698404,3.8671005,8.909974,0.9182457,3
149124596288371,8727198404,3.8638103,8.9013,0.9206385,3
149124598788371,8729698404,3.8727834,8.916854,0.9200403,3
149124601288371,8732198404,3.8671005,8.919545,0.91555375,3
149124603788371,8734698404,3.8614175,8.918947,0.9320044,3
149124606288371,8737198404,3.8575292,8.918648,0.9212367,3
149124608788371,8739698404,3.8647077,8.917152,0.9173484,3
149124611288371,8742198404,3.865904,8.903095,0.91495556,3
149124613788371,8744698404,3.866203,8.911469,0.9206385,3
149124616288371,8747198404,3.8650067,8.905488,0.8925229,3
149124618788371,8749698404,3.8751762,8.908778,0.8913264,3
149124621288371,8752198404,3.859922,8.919545,0.8916255,3
149124623788371,8754698404,3.8578284,8.923434,0.8811569,3
149124626288371,8757198404,3.868895,8.9210415,0.88235337,3
149124628788371,8759698404,3.8617167,8.921639,0.87637126,3
149124631288371,8762198404,3.865904,8.926425,0.86979103,3
149124633788371,8764698404,3.8697925,8.924331,0.84855473,3
149124636288371,8767198404,3.8754754,8.923434,0.86261255,3
149124638788371,8769698404,3.8671005,8.918648,0.8488538,3
149124641288371,8772198404,3.8611186,8.91476,0.8539386,3
149124643788371,8774698404,3.8647077,8.909376,0.84795654,3
149124646288371,8777198404,3.8691943,8.909376,0.8670991,3
149124648788371,8779698404,3.8673997,8.900702,0.8560323,3
149124651288371,8782198404,3.8638103,8.907581,0.88025963,3
149124653788371,8784698404,3.868596,8.9057865,0.8644072,3
149124656288371,8787198404,3.8425741,8.903394,0.8500503,3
149124658788371,8789698404,3.8383865,8.902198,0.8599206,3
149124661288371,8792198404,3.8195431,8.906684,0.85812604,3
149124663788371,8794698404,3.7995033,8.893225,0.863809,3
149124666288371,8797198404,3.804588,8.905488,0.86201435,3
149124668788371,8799698404,3.798307,8.912367,0.8569296,3
149124671288371,8802198404,3.8009987,8.916554,0.86560357,3
149124673788371,8804698404,3.804887,8.926724,0.86231345,3
149124676288371,8807198404,3.8135612,8.938389,0.85902333,3
149124678788371,8809698404,3.8111682,8.931808,0.86949193,3
149124681288371,8812198404,3.818945,8.940483,0.85812604,3
149124683788371,8814698404,3.827918,8.93809,0.8539386,3
149124686288371,8817198404,3.8383865,8.93151,0.86291164,3
149124688788371,8819698404,3.8404803,8.92822,0.8644072,3
149124691288371,8822198404,3.8500516,8.928518,0.8632108,3
149124693788371,8824698404,3.8724844,8.901599,0.8533404,3
149124696288371,8827198404,3.8853457,8.895318,0.86111706,3
149124698788371,8829698404,3.8985064,8.880363,0.84436727,3
149124701288371,8832198404,3.908975,8.856734,0.8787641,3
149124703788371,8834698404,3.9278183,8.853444,0.89013004,3
149124706288371,8837198404,3.9281175,8.838189,0.8850453,3
149124708788371,8839698404,3.9314077,8.836993,0.85812604,3
149124711288371,8842198404,3.9403806,8.837293,0.8461619,3
149124713788371,8844698404,3.9254255,8.812766,0.8362915,3
149124716288371,8847198404,3.949952,8.815457,0.8542377,3
149124718788371,8849698404,3.9463627,8.83131,0.8659027,3
149124721288371,8852198404,3.9565322,8.846265,0.8673982,3
149124723788371,8854698404,3.94397,8.85464,0.878465,3
149124726288371,8857198404,3.935595,8.85793,0.90418786,3
149124728788371,8859698404,3.938287,8.869894,0.93349993,3
149124731288371,8862198404,3.9224346,8.873783,0.9667004,3
149124733788371,8864698404,3.9251266,8.872886,0.9487542,3
149124736288371,8867198404,3.9302113,8.897412,0.9586246,3
149124738788371,8869698404,3.9376888,8.906385,0.942473,3
149124741288371,8872198404,3.9281175,8.908778,0.930808,3
149124743788371,8874698404,3.9221354,8.926425,0.9125627,3
149124746288371,8877198404,3.9107695,8.92463,0.8964112,3
149124748788371,8879698404,3.906881,8.9470625,0.90119684,3
149124751288371,8882198404,3.8964126,8.957232,0.90478605,3
149124753788371,8884698404,3.889234,8.967701,0.91106725,3
149124756288371,8887198404,3.8766718,8.978767,0.9167502,3
149124758788371,8889698404,3.8590248,8.986844,0.9071789,3
149124761288371,8892198404,3.8467615,8.991031,0.8970094,3
149124763788371,8894698404,3.8267217,8.991031,0.898804,3
149124766288371,8897198404,3.8291144,8.979067,0.9095717,3
149124768788371,8899698404,3.8210387,8.965608,0.8895318,3
149124771288371,8902198404,3.821637,8.96142,0.9029915,3
149124773788371,8904698404,3.8051863,8.947661,0.8913264,3
149124776288371,8907198404,3.8171504,8.938987,0.8446664,3
149124778788371,8909698404,3.8195431,8.920443,0.8542377,3
149124781288371,8912198404,3.8093736,8.927322,0.91226363,3
149124783788371,8914698404,3.8437705,8.918648,0.93708915,3
149124786288371,8917198404,3.8476589,8.930014,0.9236295,3
149124788788371,8919698404,3.8614175,8.933005,0.9320044,3
149124791288371,8922198404,3.8730826,8.940782,0.9200403,3
149124793788371,8924698404,3.859623,8.935099,0.9236295,3
149124796288371,8927198404,3.8694932,8.93809,0.8952148,3
149124798788371,8929698404,3.8703907,8.916854,0.87936234,3
149124801288371,8932198404,3.885645,8.905189,0.8781659,3
149124803788371,8934698404,3.8958144,8.89801,0.875474,3
149124806288371,8937198404,3.9014974,8.893823,0.8775677,3
149124808788371,8939698404,3.9083767,8.893823,0.878465,3
149124811288371,8942198404,3.903292,8.886345,0.8745767,3
149124813788371,8944698404,3.8790646,8.89502,0.86261255,3
149124816288371,8947198404,3.859922,8.909376,0.87248296,3
149124818788371,8949698404,3.859922,8.919845,0.8883354,3
149124821288371,8952198404,3.8503506,8.94467,0.89401835,3
149124823788371,8954698404,3.8344984,8.952447,0.9098708,3
149124826288371,8957198404,3.8312082,8.959326,0.8913264,3
149124828788371,8959698404,3.8353956,8.979067,0.8955139,3
149124831288371,8962198404,3.8195431,8.975478,0.88683987,3
149124833788371,8964698404,3.8081772,8.985647,0.87188476,3
149124836288371,8967198404,3.7953157,8.980562,0.8670991,3
149124838788371,8969698404,3.784249,8.991031,0.8668,3
149124841288371,8972198404,3.7776687,8.992228,0.8757731,3
149124843788371,8974698404,3.7830527,8.9775715,0.87218386,3
149124846288371,8977198404,3.7591243,8.985348,0.86291164,3
149124848788371,8979698404,3.769892,8.974879,0.8709874,3
149124851288371,8982198404,3.7594235,8.965608,0.87637126,3
149124853788371,8984698404,3.7651064,8.95454,0.8916255,3
149124856288371,8987198404,3.7743785,8.940184,0.9077771,3
149124858788371,8989698404,3.7890346,8.919247,0.92273223,3
149124861288371,8992198404,3.7965121,8.906983,0.9200403,3
149124863788371,8994698404,3.8321054,8.890832,0.9311071,3
149124866288371,8997198404,3.865306,8.869894,0.9406784,3
149124868788371,8999698404,3.8910286,8.862118,0.94366944,3
149124871288371,9002198404,3.8997028,8.849555,0.95473623,3
149124873788371,9004698404,3.92393,8.843274,0.95653087,3
149124876288371,9007198404,3.9454653,8.833703,0.9625129,3
149124878788371,9009698404,3.970291,8.832506,0.9619147,3
149124881288371,9012198404,3.9744785,8.826225,0.95443714,3
149124883788371,9014698404,3.9858444,8.82832,0.9415757,3
149124886288371,9017198404,3.9870408,8.832506,0.9445667,3
149124888788371,9019698404,3.9924245,8.838788,0.94337034,3
149124891288371,9022198404,3.972983,8.846864,0.9197412,3
149124893788371,9024698404,3.9625144,8.857332,0.9206385,3
149124896288371,9027198404,3.9463627,8.86122,0.8874381,3
149124898788371,9029698404,3.9212382,8.871988,0.90059865,3
149124901288371,9032198404,3.9101713,8.890832,0.8874381,3
149124903788371,9034698404,3.9071803,8.900403,0.89013004,3
149124906288371,9037198404,3.897609,8.902198,0.895813,3
149124908788371,9039698404,3.888935,8.92822,0.8889336,3
149124911288371,9042198404,3.882953,8.919845,0.90418786,3
149124913788371,9044698404,3.8727834,8.927023,0.9125627,3
149124916288371,9047198404,3.8551364,8.946166,0.9197412,3
149124918788371,9049698404,3.851248,8.941978,0.92512506,3
149124921288371,9052198404,3.8446677,8.944371,0.9203394,3
149124923788371,9054698404,3.8473597,8.941978,0.9176475,3
149124926288371,9057198404,3.8383865,8.948559,0.9194421,3
149124928788371,9059698404,3.836592,8.95454,0.9101699,3
149124931288371,9062198404,3.8288152,8.959326,0.9167502,3
149124933788371,9064698404,3.833601,8.969795,0.91585284,3
149124936288371,9067198404,3.8321054,8.976974,0.92183495,3
149124938788371,9069698404,3.8347974,8.970692,0.91405827,3
149124941288371,9072198404,3.8545382,8.983554,0.92632145,3
149124943788371,9074698404,3.8440695,8.9775715,0.9065807,3
149124946288371,9077198404,3.8350966,8.976375,0.9137592,3
149124948788371,9079698404,3.8425741,8.967701,0.901795,3
149124951288371,9082198404,3.8536408,8.962018,0.8952148,3
149124953788371,9084698404,3.8647077,8.965308,0.8877372,3
149124956288371,9087198404,3.8629131,8.950652,0.89461654,3
149124958788371,9089698404,3.862614,8.95484,0.881456,3
149124961288371,9092198404,3.862315,8.944969,0.88235337,3
149124963788371,9094698404,3.851248,8.947362,0.87996054,3
149124966288371,9097198404,3.8503506,8.942277,0.88384885,3
149124968788371,9099698404,3.8416767,8.940184,0.8847462,3
149124971288371,9102198404,3.8359938,8.936594,0.8862417,3
149124973788371,9104698404,3.8383865,8.93151,0.8676973,3
149124976288371,9107198404,3.8374894,8.927322,0.90089774,3
149124978788371,9109698404,3.8294137,8.932108,0.8862417,3
149124981288371,9112198404,3.8240297,8.930911,0.8862417,3
149124983788371,9114698404,3.8240297,8.9210415,0.8877372,3
149124986288371,9117198404,3.8258243,8.924331,0.9098708,3
149124988788371,9119698404,3.830909,8.913862,0.92153585,3
149124991288371,9122198404,3.8234315,8.907282,0.9059825,3
149124993788371,9124698404,3.8129628,8.9013,0.9173484,3
149124996288371,9127198404,3.828217,8.893823,0.91196454,3
149124998788371,9129698404,3.8300118,8.889635,0.9098708,3
149125001288371,9132198404,3.8240297,8.888439,0.8991031,3
149125003788371,9134698404,3.8276188,8.882457,0.88265246,3
149125006288371,9137198404,3.8264225,8.899805,0.8952148,3
149125008788371,9139698404,3.839284,8.896515,0.9026923,3
149125011288371,9142198404,3.8294137,8.889935,0.9125627,3
149125013788371,9144698404,3.8291144,8.900403,0.9128618,3
149125016288371,9147198404,3.8404803,8.904591,0.927817,3
149125018788371,9149698404,3.8467615,8.912965,0.9092726,3
149125021288371,9152198404,3.8521454,8.931808,0.92213404,3
149125023788371,9154698404,3.8587255,8.916255,0.92153585,3
149125026288371,9157198404,3.8333018,8.944371,0.85842514,3
149125028788371,9159698404,3.836293,8.938987,0.8527422,3
149125031288371,9162198404,3.8443687,8.921938,0.8575278,3
149125033788371,9164698404,3.8718863,8.923434,0.8955139,3
149125036288371,9167198404,3.8844485,8.908778,0.92243314,3
149125038788371,9169698404,3.9071803,8.914461,0.9385847,3
149125041288371,9172198404,3.9008992,8.908479,0.9167502,3
149125043788371,9174698404,3.8850467,8.91805,0.9077771,3
149125046288371,9177198404,3.8784664,8.925528,0.89371926,3
149125048788371,9179698404,3.868596,8.928518,0.8883354,3
149125051288371,9182198404,3.8560338,8.942277,0.8970094,3
149125053788371,9184698404,3.8377883,8.9521475,0.8919246,3
149125056288371,9187198404,3.8291144,8.949157,0.8880363,3
149125058788371,9189698404,3.8312082,8.966804,0.92153585,3
149125061288371,9192198404,3.8192441,8.972786,0.91615194,3
149125063788371,9194698404,3.7881374,8.992527,0.93290174,3
149125066288371,9197198404,3.7674992,8.993723,0.927817,3
149125068788371,9199698404,3.7677984,8.997313,0.9299107,3
149125071288371,9202198404,3.7456648,8.99163,0.94337034,3
149125073788371,9204698404,3.7429729,8.978169,0.92303133,3
149125076288371,9207198404,3.7304106,8.9724865,0.9346963,3
149125078788371,9209698404,3.7313077,8.970094,0.94725865,3
149125081288371,9212198404,3.7274194,8.955139,0.9616156,3
149125083788371,9214698404,3.73729,8.9566345,0.96879405,3
149125086288371,9217198404,3.7510486,8.940782,0.97836536,3
149125088788371,9219698404,3.758227,8.933903,0.9840483,3
149125091288371,9222198404,3.7854455,8.932706,0.97956175,3
149125093788371,9224698404,3.8042889,8.92134,0.9726824,3
149125096288371,9227198404,3.8147576,8.916854,0.9616156,3
149125098788371,9229698404,3.821637,8.900403,0.9403793,3
149125101288371,9232198404,3.8413777,8.901599,0.92153585,3
149125103788371,9234698404,3.8548372,8.902796,0.8895318,3
149125106288371,9237198404,3.8778682,8.898608,0.8578269,3
149125108788371,9239698404,3.8850467,8.886644,0.8578269,3
149125111288371,9242198404,3.885645,8.888439,0.84436727,3
149125113788371,9244698404,3.8910286,8.892626,0.8392825,3
149125116288371,9247198404,3.8910286,8.886644,0.84855473,3
149125118788371,9249698404,3.880261,8.881559,0.84825563,3
149125121288371,9252198404,3.862315,8.885149,0.87218386,3
149125123788371,9254698404,3.8575292,8.9108715,0.87607217,3
149125126288371,9257198404,3.8410785,8.892925,0.87158567,3
149125128788371,9259698404,3.8368912,8.887242,0.89013004,3
149125131288371,9262198404,3.8383865,8.876474,0.90059865,3
149125133788371,9264698404,3.8333018,8.879466,0.9167502,3
149125136288371,9267198404,3.7683966,8.874381,0.92213404,3
149125138788371,9269698404,3.8153558,8.87797,0.9068798,3
149125141288371,9272198404,3.8823547,8.860921,0.8892327,3
149125143788371,9274698404,3.9170506,8.829216,0.90807617,3
149125146288371,9277198404,3.9227335,8.836694,0.94606227,3
149125148788371,9279698404,3.9191444,8.873783,0.98554385,3
149125151288371,9282198404,3.9131622,8.890233,1.0193424,3
149125153788371,9284698404,3.8910286,8.891729,0.99003035,3
149125156288371,9287198404,3.8928235,8.907581,0.9523434,3
149125158788371,9289698404,3.906881,8.9057865,0.91435736,3
149125161288371,9292198404,3.9041893,8.920742,0.90508515,3
149125163788371,9294698404,3.8886359,8.925228,0.91106725,3
149125166288371,9297198404,3.8676987,8.930613,0.91196454,3
149125168788371,9299698404,3.8602211,8.943174,0.9101699,3
149125171288371,9302198404,3.854239,8.944371,0.9020941,3
149125173788371,9304698404,3.8467615,8.958728,0.90119684,3
149125176288371,9307198404,3.8443687,8.973084,0.9170493,3
149125178788371,9309698404,3.8497524,8.970692,0.9281161,3
149125181288371,9312198404,3.8401814,8.981759,0.95742816,3
149125183788371,9314698404,3.8467615,8.960523,0.9499506,3
149125186288371,9317198404,3.8386858,8.948559,0.91226363,3
149125188788371,9319698404,3.7971103,8.953344,0.8859426,3
149125191288371,9322198404,3.7989051,8.952746,0.7851449,3
149125193788371,9324698404,3.8730826,8.922835,0.8542377,3
149125196288371,9327198404,3.9248273,8.869296,1.0334003,3
149125198788371,9329698404,3.9323049,8.8681,1.0621141,3
149125201288371,9332198404,3.915256,8.902198,0.9765707,3
149125203788371,9334698404,3.8928235,8.881859,0.8967103,3
149125206288371,9337198404,3.865904,8.890233,0.81954175,3
149125208788371,9339698404,3.8503506,8.902496,0.7432705,3
149125211288371,9342198404,3.8560338,8.89801,0.7510472,3
149125213788371,9344698404,3.8581274,8.875278,0.8102696,3
149125216288371,9347198404,3.8790646,8.882157,0.83688974,3
149125218788371,9349698404,3.9185462,8.882457,0.8425727,3
149125221288371,9352198404,3.8967116,8.906684,0.8327023,3
149125223788371,9354698404,3.885944,8.9210415,0.8461619,3
149125226288371,9357198404,3.8691943,8.944969,0.86111706,3
149125228788371,9359698404,3.8608193,8.961121,0.8542377,3
149125231288371,9362198404,3.8638103,8.961121,0.83060855,3
149125233788371,9364698404,3.8718863,8.955438,0.80518484,3
149125236288371,9367198404,3.859922,8.968898,0.80757767,3
149125238788371,9369698404,3.8730826,8.957232,0.82013994,3
149125241288371,9372198404,3.8665023,8.947661,0.85094756,3
149125243788371,9374698404,3.8581274,8.95454,0.86171526,3
149125246288371,9377198404,3.8587255,8.955438,0.87367934,3
149125248788371,9379698404,3.844967,8.964112,0.8895318,3
149125251288371,9382198404,3.8446677,8.988638,0.887139,3
149125253788371,9384698404,3.8267217,8.986545,0.90508515,3
149125256288371,9387198404,3.8069808,9.000603,0.9176475,3
149125258788371,9389698404,3.7938204,9.005687,0.92273223,3
149125261288371,9392198404,3.7761734,9.003294,0.9454641,3
149125263788371,9394698404,3.7654054,8.997313,0.9586246,3
149125266288371,9397198404,3.7713876,8.977272,0.9604192,3
149125268788371,9399698404,3.7767715,8.979366,0.9320044,3
149125271288371,9402198404,3.8084764,8.965009,0.9056834,3
149125273788371,9404698404,3.8524444,8.957532,0.91136634,3
149125276288371,9407198404,3.885645,8.948259,0.9086744,3
149125278788371,9409698404,3.9215372,8.939286,0.91136634,3
149125281288371,9412198404,3.9424744,8.916854,0.89730847,3
149125283788371,9414698404,3.9400816,8.903992,0.9206385,3
149125286288371,9417198404,3.9580278,8.882157,0.895813,3
149125288788371,9419698404,3.9379878,8.879167,0.8781659,3
149125291288371,9422198404,3.9134614,8.901001,0.7905288,3
149125293788371,9424698404,3.8982072,8.897711,0.8072785,3
149125296288371,9427198404,3.8994036,8.870493,0.97178507,3
149125298788371,9429698404,3.9006,8.859725,1.0292128,3
149125301288371,9432198404,3.8751762,8.881859,1.0079765,3
149125303788371,9434698404,3.8635113,8.889635,0.94785684,3
149125306288371,9437198404,3.8503506,8.89472,0.90448695,3
149125308788371,9439698404,3.8255253,8.893823,0.89282197,3
149125311288371,9442198404,3.813262,8.901001,0.895813,3
149125313788371,9444698404,3.8144584,8.900702,0.9000004,3
149125316288371,9447198404,3.8377883,8.909675,0.8739785,3
149125318788371,9449698404,3.8288152,8.905488,0.86560357,3
149125321288371,9452198404,3.8315072,8.917452,0.84855473,3
149125323788371,9454698404,3.8347974,8.919545,0.8650054,3
149125326288371,9457198404,3.8288152,8.939884,0.86530447,3
149125328788371,9459698404,3.8144584,8.942576,0.87607217,3
149125331288371,9462198404,3.8240297,8.945867,0.881456,3
149125333788371,9464698404,3.822235,8.952746,0.8706883,3
149125336288371,9467198404,3.825226,8.981759,0.8650054,3
149125338788371,9469698404,3.8228333,8.976375,0.8739785,3
149125341288371,9472198404,3.8168511,8.966804,0.88235337,3
149125343788371,9474698404,3.8120656,8.965009,0.875474,3
149125346288371,9477198404,3.8120656,8.960523,0.8673982,3
149125348788371,9479698404,3.8006997,8.962317,0.8635099,3
149125351288371,9482198404,3.8072798,8.95813,0.8431709,3
149125353788371,9484698404,3.8117664,8.948857,0.83688974,3
149125356288371,9487198404,3.824329,8.94467,0.83778703,3
149125358788371,9489698404,3.841976,8.940184,0.8431709,3
149125361288371,9492198404,3.8638103,8.9348,0.834796,3
149125363788371,9494698404,3.8718863,8.917452,0.82642114,3
149125366288371,9497198404,3.8850467,8.908479,0.8327023,3
149125368788371,9499698404,3.891926,8.896813,0.8243274,3
149125371288371,9502198404,3.8901315,8.887242,0.8138588,3
149125373788371,9504698404,3.8964126,8.88455,0.8001001,3
149125376288371,9507198404,3.9083767,8.869296,0.7917252,3
149125378788371,9509698404,3.9167516,8.877671,0.8012965,3
149125381288371,9512198404,3.9170506,8.867501,0.80817586,3
149125383788371,9514698404,3.9137604,8.875876,0.79710907,3
149125386288371,9517198404,3.9146578,8.878569,0.8356933,3
149125388788371,9519698404,3.908975,8.88485,0.8449655,3
149125391288371,9522198404,3.8997028,8.893523,0.8527422,3
149125393788371,9524698404,3.8898323,8.889935,0.8542377,3
149125396288371,9527198404,3.876971,8.904889,0.8527422,3
149125398788371,9529698404,3.867998,8.903095,0.8665009,3
149125401288371,9532198404,3.8563328,8.9210415,0.85872424,3
149125403788371,9534698404,3.8572302,8.928518,0.85154575,3
149125406288371,9537198404,3.865306,8.929416,0.86560357,3
149125408788371,9539698404,3.8635113,8.941081,0.8925229,3
149125411288371,9542198404,3.8647077,8.943773,0.8961121,3
149125413788371,9544698404,3.867998,8.95813,0.8745767,3
149125416288371,9547198404,3.8784664,8.963513,0.875474,3
149125418788371,9549698404,3.8748772,8.974581,0.8542377,3
149125421288371,9552198404,3.8656049,8.9877405,0.831805,3
149125423788371,9554698404,3.8518462,8.985647,0.8207382,3
149125426288371,9557198404,3.8461633,8.982058,0.8252247,3
149125428788371,9559698404,3.8267217,8.979366,0.80997044,3
149125431288371,9562198404,3.8210387,8.976375,0.8072785,3
149125433788371,9564698404,3.81057,8.966505,0.80877405,3
149125436288371,9567198404,3.7857444,8.950952,0.817448,3
149125438788371,9569698404,3.7767715,8.952447,0.8210373,3
149125441288371,9572198404,3.7749767,8.940782,0.8102696,3
149125443788371,9574698404,3.758526,8.9210415,0.82043904,3
149125446288371,9577198404,3.7543387,8.918349,0.8135597,3
149125448788371,9579698404,3.7516468,8.898608,0.8330014,3
149125451288371,9582198404,3.7719858,8.883654,0.82672024,3
149125453788371,9584698404,3.789932,8.886046,0.8380861,3
149125456288371,9587198404,3.8060834,8.873783,0.85034937,3
149125458788371,9589698404,3.8198423,8.860921,0.8500503,3
149125461288371,9592198404,3.859623,8.854939,0.8575278,3
149125463788371,9594698404,3.8994036,8.851949,0.88354975,3
149125466288371,9597198404,3.9197426,8.850752,0.87936234,3
149125468788371,9599698404,3.920939,8.859426,0.86889374,3
149125471288371,9602198404,3.9367914,8.866604,0.8593224,3
149125473788371,9604698404,3.964309,8.8746805,0.85214394,3
149125476288371,9607198404,3.9634116,8.885149,0.8327023,3
149125478788371,9609698404,3.9364924,8.9057865,0.83030945,3
149125481288371,9612198404,3.8985064,8.91805,0.8392825,3
149125483788371,9614698404,3.8874395,8.930911,0.78664047,3
149125486288371,9617198404,3.880261,8.944072,0.75912297,3
149125488788371,9619698404,3.8644085,8.938389,0.7498508,3
149125491288371,9622198404,3.8617167,8.955438,0.747458,3
149125493788371,9624698404,3.8339,8.962616,0.75942206,3
149125496288371,9627198404,3.8294137,8.970094,0.80877405,3
149125498788371,9629698404,3.8207395,8.992228,0.8240283,3
149125501288371,9632198404,3.821936,8.999106,0.8419745,3
149125503788371,9634698404,3.8165522,9.0029955,0.85483587,3
149125506288371,9637198404,3.801896,8.999406,0.8333005,3
149125508788371,9639698404,3.8087754,9.000603,0.8327023,3
149125511288371,9642198404,3.8024943,8.987442,0.85872424,3
149125513788371,9644698404,3.8030925,8.96471,0.83718884,3
149125516288371,9647198404,3.8093736,8.953643,0.8132606,3
149125518788371,9649698404,3.81057,8.946764,0.8021938,3
149125521288371,9652198404,3.813262,8.936893,0.80907315,3
149125523788371,9654698404,3.8129628,8.937791,0.81236327,3
149125526288371,9657198404,3.804887,8.959925,0.80488575,3
149125528788371,9659698404,3.81057,8.946764,0.8012965,3
149125531288371,9662198404,3.815954,8.956036,0.82013994,3
149125533788371,9664698404,3.8138602,8.963813,0.8135597,3
149125536288371,9667198404,3.8087754,8.968,0.81266236,3
149125538788371,9669698404,3.824329,8.969795,0.8255238,3
149125541288371,9672198404,3.8201413,8.961121,0.81565344,3
149125543788371,9674698404,3.8156548,8.976076,0.8120642,3
149125546288371,9677198404,3.827918,8.968898,0.8108678,3
149125548788371,9679698404,3.8285162,8.982357,0.8045866,3
149125551288371,9682198404,3.8285162,8.962317,0.79740816,3
149125553788371,9684698404,3.8300118,8.952746,0.785444,3
149125556288371,9687198404,3.833601,8.948559,0.7809575,3
149125558788371,9689698404,3.833601,8.9674015,0.80488575,3
149125561288371,9692198404,3.839583,8.978767,0.81924266,3
149125563788371,9694698404,3.8563328,8.9724865,0.8243274,3
149125566288371,9697198404,3.8446677,8.962018,0.83718884,3
149125568788371,9699698404,3.8276188,8.952447,0.8353942,3
149125571288371,9702198404,3.8210387,8.945269,0.82642114,3
149125573788371,9704698404,3.828217,8.9348,0.84825563,3
149125576288371,9707198404,3.8054852,8.932706,0.84347,3
149125578788371,9709698404,3.8099718,8.948857,0.84735835,3
149125581288371,9712198404,3.7935212,8.9470625,0.8500503,3
149125583788371,9714698404,3.7914274,8.955139,0.8497511,3
149125586288371,9717198404,3.7944186,8.957532,0.8431709,3
149125588788371,9719698404,3.7947176,8.963215,0.86919284,3
149125591288371,9722198404,3.7881374,8.960223,0.86949193,3
149125593788371,9724698404,3.7803607,8.957532,0.86291164,3
149125596288371,9727198404,3.7836509,8.951849,0.86201435,3
149125598788371,9729698404,3.8024943,8.938987,0.8569296,3
149125601288371,9732198404,3.799204,8.942576,0.8560323,3
149125603788371,9734698404,3.8117664,8.931808,0.8467601,3
149125606288371,9737198404,3.8057845,8.933304,0.86081797,3
149125608788371,9739698404,3.8288152,8.935996,0.8644072,3
149125611288371,9742198404,3.8294137,8.927621,0.86231345,3
149125613788371,9744698404,3.8294137,8.915657,0.8578269,3
149125616288371,9747198404,3.8380876,8.9210415,0.84765744,3
149125618788371,9749698404,3.8545382,8.912666,0.83718884,3
149125621288371,9752198404,3.8635113,8.905488,0.82941216,3
149125623788371,9754698404,3.874279,8.907581,0.84077805,3
149125626288371,9757198404,3.854239,8.899805,0.84406817,3
149125628788371,9759698404,3.8437705,8.912068,0.8279166,3
149125631288371,9762198404,3.833601,8.9159565,0.80967134,3
149125633788371,9764698404,3.818945,8.921938,0.81834537,3
149125636288371,9767198404,3.828217,8.939586,0.80757767,3
149125638788371,9769698404,3.833601,8.943474,0.82013994,3
149125641288371,9772198404,3.836293,8.9470625,0.8234301,3
149125643788371,9774698404,3.8398821,8.962915,0.84347,3
149125646288371,9777198404,3.8386858,8.973084,0.83958167,3
149125648788371,9779698404,3.841976,8.973384,0.84436727,3
149125651288371,9782198404,3.8359938,8.987143,0.8315059,3
149125653788371,9784698404,3.821637,8.99163,0.8243274,3
149125656288371,9787198404,3.8312082,8.969795,0.8455637,3
149125658788371,9789698404,3.8380876,8.974879,0.81565344,3
149125661288371,9792198404,3.830909,8.962616,0.8222337,3
149125663788371,9794698404,3.822534,8.959326,0.8153543,3
149125666288371,9797198404,3.8234315,8.953942,0.8225328,3
149125668788371,9799698404,3.8144584,8.962317,0.83718884,3
149125671288371,9802198404,3.8099718,8.947362,0.85812604,3
149125673788371,9804698404,3.816253,8.932706,0.8315059,3
149125676288371,9807198404,3.8108692,8.9159565,0.86081797,3
149125678788371,9809698404,3.8171504,8.912367,0.8542377,3
149125681288371,9812198404,3.8255253,8.902198,0.8635099,3
149125683788371,9814698404,3.8353956,8.909675,0.84406817,3
149125686288371,9817198404,3.8404803,8.903095,0.86231345,3
149125688788371,9819698404,3.859922,8.876474,0.8431709,3
149125691288371,9822198404,3.8811584,8.895916,0.8356933,3
149125693788371,9824698404,3.9053857,8.880064,0.83359957,3
149125696288371,9827198404,3.9176488,8.874979,0.83359957,3
149125698788371,9829698404,3.9406798,8.880363,0.8321041,3
149125701288371,9832198404,3.9314077,8.868399,0.8365906,3
149125703788371,9834698404,3.9379878,8.882157,0.8117651,3
149125706288371,9837198404,3.9577286,8.881859,0.8180462,3
149125708788371,9839698404,3.9487555,8.8905325,0.8024929,3
149125711288371,9842198404,3.9332023,8.896215,0.7968099,3
149125713788371,9844698404,3.9200418,8.904889,0.79860455,3
149125716288371,9847198404,3.900301,8.92134,0.8138588,3
149125718788371,9849698404,3.8937206,8.930313,0.81894356,3
149125721288371,9852198404,3.8671005,8.9362955,0.80967134,3
149125723788371,9854698404,3.8629131,8.952447,0.8150552,3
149125726288371,9857198404,3.8521454,8.95813,0.82672024,3
149125728788371,9859698404,3.844967,8.95484,0.82672024,3
149125731288371,9862198404,3.8488553,8.955139,0.83389866,3
149125733788371,9864698404,3.8497524,8.948857,0.8458628,3
149125736288371,9867198404,3.8368912,8.959326,0.8327023,3
149125738788371,9869698404,3.839583,8.955737,0.84047896,3
149125741288371,9872198404,3.8231323,8.955139,0.8386843,3
149125743788371,9874698404,3.8177485,8.945867,0.84436727,3
149125746288371,9877198404,3.8318064,8.93809,0.8333005,3
149125748788371,9879698404,3.8344984,8.9348,0.82881397,3
149125751288371,9882198404,3.8416767,8.930313,0.834796,3
149125753788371,9884698404,3.8288152,8.926724,0.8216355,3
149125756288371,9887198404,3.8368912,8.926126,0.834796,3
149125758788371,9889698404,3.842275,8.94467,0.82941216,3
149125761288371,9892198404,3.8557346,8.933005,0.82911307,3
149125763788371,9894698404,3.8775692,8.927621,0.82043904,3
149125766288371,9897198404,3.8967116,8.923135,0.8168498,3
149125768788371,9899698404,3.9116669,8.937491,0.81236327,3
149125771288371,9902198404,3.9251266,8.935996,0.8207382,3
149125773788371,9904698404,3.9254255,8.934501,0.8120642,3
149125776288371,9907198404,3.920939,8.93151,0.8213364,3
149125778788371,9909698404,3.9317067,8.930911,0.82043904,3
149125781288371,9912198404,3.929314,8.92463,0.7890333,3
149125783788371,9914698404,3.9191444,8.919545,0.78693956,3
149125786288371,9917198404,3.9029927,8.921938,0.8001001,3
149125788788371,9919698404,3.897609,8.909077,0.78753775,3
149125791288371,9922198404,3.8868413,8.917152,0.794118,3
149125793788371,9924698404,3.874279,8.910572,0.8045866,3
149125796288371,9927198404,3.8605201,8.9057865,0.8234301,3
149125798788371,9929698404,3.828217,8.918648,0.82911307,3
149125801288371,9932198404,3.83061,8.912965,0.84017986,3
149125803788371,9934698404,3.8267217,8.915059,0.84825563,3
149125806288371,9937198404,3.824329,8.9159565,0.85154575,3
149125808788371,9939698404,3.8096728,8.913264,0.8569296,3
149125811288371,9942198404,3.8096728,8.9159565,0.8455637,3
149125813788371,9944698404,3.7947176,8.912068,0.83688974,3
149125816288371,9947198404,3.8024943,8.920144,0.8425727,3
149125818788371,9949698404,3.8072798,8.919545,0.8431709,3
149125821288371,9952198404,3.8009987,8.923434,0.83120674,3
149125823788371,9954698404,3.8027935,8.938987,0.8341978,3
149125826288371,9957198404,3.7932222,8.946465,0.82731843,3
149125828788371,9959698404,3.7971103,8.946764,0.81954175,3
149125831288371,9962198404,3.8081772,8.947362,0.8240283,3
149125833788371,9964698404,3.8165522,8.970393,0.8461619,3
149125836288371,9967198404,3.8344984,8.95813,0.8392825,3
149125838788371,9969698404,3.8443687,8.965308,0.81834537,3
149125841288371,9972198404,3.8500516,8.971889,0.8033902,3
149125843788371,9974698404,3.8476589,8.968598,0.7899306,3
149125846288371,9977198404,3.859922,8.966505,0.77318084,3
149125848788371,9979698404,3.8733816,8.965009,0.7812566,3
149125851288371,9982198404,3.8647077,8.965009,0.75942206,3
149125853788371,9984698404,3.8620157,8.9470625,0.75463647,3
149125856288371,9987198404,3.8763726,8.939586,0.7600203,3
149125858788371,9989698404,3.8805602,8.933005,0.7713862,3
149125861288371,9992198404,3.874279,8.929117,0.7713862,3
149125863788371,9994698404,3.8668015,8.91805,0.76959157,3
149125866288371,9997198404,3.8736808,8.908179,0.7800602,3
149125868788371,9999698404,3.8817565,8.909675,0.79770726,3
149125871288371,10002198404,3.8844485,8.906983,0.79710907,3
149125873788371,10004698404,3.8871403,8.900403,0.8009974,3
149125876288371,10007198404,3.8925242,8.8905325,0.8213364,3
149125878788371,10009698404,3.897609,8.890233,0.814457,3
149125881288371,10012198404,3.8820555,8.896813,0.831805,3
149125883788371,10014698404,3.8838503,8.8956175,0.81924266,3
149125886288371,10017198404,3.8808591,8.896515,0.8324032,3
149125888788371,10019698404,3.8736808,8.899506,0.82881397,3
149125891288371,10022198404,3.8605201,8.899206,0.82672024,3
149125893788371,10024698404,3.866203,8.889935,0.8252247,3
149125896288371,10027198404,3.8706896,8.889337,0.8380861,3
149125898788371,10029698404,3.8605201,8.897412,0.831805,3
149125901288371,10032198404,3.8739798,8.904291,0.8129615,3
149125903788371,10034698404,3.8706896,8.89502,0.82043904,3
149125906288371,10037198404,3.868596,8.898608,0.81236327,3
149125908788371,10039698404,3.8703907,8.898309,0.8207382,3
149125911288371,10042198404,3.8790646,8.890233,0.8258229,3
149125913788371,10044698404,3.8751762,8.900403,0.82013994,3
149125916288371,10047198404,3.8793638,8.886046,0.82881397,3
149125918788371,10049698404,3.8928235,8.888738,0.83359957,3
149125921288371,10052198404,3.8901315,8.877372,0.8344969,3
149125923788371,10054698404,3.900301,8.870791,0.8315059,3
149125926288371,10057198404,3.8973098,8.875876,0.8129615,3
149125928788371,10059698404,3.8910286,8.8701935,0.80488575,3
149125931288371,10062198404,3.897908,8.862417,0.78693956,3
149125933788371,10064698404,3.8970108,8.876774,0.80189466,3
149125936288371,10067198404,3.906881,8.878269,0.8141579,3
149125938788371,10069698404,3.894917,8.871988,0.7920243,3
149125941288371,10072198404,3.8895333,8.880363,0.78723866,3
149125943788371,10074698404,3.8694932,8.890233,0.78723866,3
149125946288371,10077198404,3.854239,8.893225,0.78364944,3
149125948788371,10079698404,3.8527436,8.895916,0.79501534,3
149125951288371,10082198404,3.8443687,8.908778,0.76630145,3
149125953788371,10084698404,3.8413777,8.907282,0.7830512,3
149125956288371,10087198404,3.8491542,8.912666,0.7908279,3
149125958788371,10089698404,3.8548372,8.909077,0.79830545,3
149125961288371,10092198404,3.8575292,8.908179,0.8033902,3
149125963788371,10094698404,3.8575292,8.894122,0.78693956,3
149125966288371,10097198404,3.8497524,8.888738,0.7908279,3
149125968788371,10099698404,3.8718863,8.890233,0.79531443,3
149125971288371,10102198404,3.8796628,8.892327,0.79531443,3
149125973788371,10104698404,3.8694932,8.890233,0.79531443,3
149125976288371,10107198404,3.8847475,8.875278,0.7851449,3
149125978788371,10109698404,3.8973098,8.873783,0.8138588,3
149125981288371,10112198404,3.8985064,8.879167,0.82642114,3
149125983788371,10114698404,3.9077785,8.893523,0.8327023,3
149125986288371,10117198404,3.9167516,8.903394,0.83030945,3
149125988788371,10119698404,3.9023945,8.920742,0.8141579,3
149125991288371,10122198404,3.891926,8.939884,0.78693956,3
149125993788371,10124698404,3.9098723,8.943174,0.78723866,3
149125996288371,10127198404,3.9194436,8.950054,0.7902297,3
149125998788371,10129698404,3.9218364,8.943773,0.78843504,3
149126001288371,10132198404,3.92393,8.948857,0.78873414,3
149126003788371,10134698404,3.9427736,8.956036,0.77318084,3
149126006288371,10137198404,3.946662,8.947661,0.75972116,3
149126008788371,10139698404,3.9493537,8.955139,0.73549384,3
149126011288371,10142198404,3.938287,8.956036,0.7426723,3
149126013788371,10144698404,3.9314077,8.962018,0.72771716,3
149126016288371,10147198404,3.908975,8.9312105,0.6945168,3
149126018788371,10149698404,3.8907297,8.933005,0.71276206,3
149126021288371,10152198404,3.8647077,8.938688,0.72741807,3
149126023788371,10154698404,3.8497524,8.928818,0.73399836,3
149126026288371,10157198404,3.8240297,8.918648,0.77018976,3
149126028788371,10159698404,3.8081772,8.91476,0.79890364,3
149126031288371,10162198404,3.8114674,8.911769,0.8045866,3
149126033788371,10164698404,3.8009987,8.901599,0.80787677,3
149126036288371,10167198404,3.7920256,8.87797,0.82881397,3
149126038788371,10169698404,3.7965121,8.8681,0.8491529,3
149126041288371,10172198404,3.8072798,8.854939,0.846461,3
149126043788371,10174698404,3.8060834,8.839984,0.8572287,3
149126046288371,10177198404,3.807579,8.840283,0.84137625,3
149126048788371,10179698404,3.8318064,8.831908,0.8805587,3
149126051288371,10182198404,3.8536408,8.832806,0.8781659,3
149126053788371,10184698404,3.851248,8.830712,0.88025963,3
149126056288371,10187198404,3.8787656,8.846265,0.8895318,3
149126058788371,10189698404,3.9023945,8.848659,0.89013004,3
149126061288371,10192198404,3.9167516,8.86122,0.88414794,3
149126063788371,10194698404,3.9230328,8.880363,0.8449655,3
149126066288371,10197198404,3.9358943,8.896813,0.83958167,3
149126068788371,10199698404,3.947559,8.903394,0.8234301,3
149126071288371,10202198404,3.938287,8.915657,0.7890333,3
149126073788371,10204698404,3.9164524,8.930313,0.779462,3
149126076288371,10207198404,3.912265,8.948259,0.7645068,3
149126078788371,10209698404,3.9026937,8.962616,0.7639086,3
149126081288371,10212198404,3.886243,8.974581,0.74895346,3
149126083788371,10214698404,3.8847475,8.985049,0.75702924,3
149126086288371,10217198404,3.8665023,8.980562,0.7615158,3
149126088788371,10219698404,3.8503506,8.988339,0.78035927,3
149126091288371,10222198404,3.854239,8.991928,0.7749754,3
149126093788371,10224698404,3.859623,8.988937,0.7893324,3
149126096288371,10227198404,3.8437705,8.989835,0.7926225,3
149126098788371,10229698404,3.8479578,8.978767,0.7917252,3
149126101288371,10232198404,3.845266,8.984152,0.8030911,3
149126103788371,10234698404,3.8515472,8.980264,0.8063812,3
149126106288371,10237198404,3.8479578,8.978767,0.8069794,3
149126108788371,10239698404,3.8515472,8.985647,0.8012965,3
149126111288371,10242198404,3.8476589,8.979366,0.8117651,3
149126113788371,10244698404,3.8324046,8.979067,0.794118,3
149126116288371,10247198404,3.824927,8.99133,0.8001001,3
149126118788371,10249698404,3.8171504,8.996116,0.8012965,3
149126121288371,10252198404,3.8030925,8.997611,0.8069794,3
149126123788371,10254698404,3.8090746,9.000303,0.8153543,3
149126126288371,10257198404,3.8165522,8.998508,0.8213364,3
149126128788371,10259698404,3.8138602,8.997611,0.8276175,3
149126131288371,10262198404,3.8072798,9.012267,0.81924266,3
149126133788371,10264698404,3.8093736,9.010472,0.82731843,3
149126136288371,10267198404,3.8174493,9.008977,0.83958167,3
149126138788371,10269698404,3.8234315,9.009874,0.8341978,3
149126141288371,10272198404,3.8344984,9.012567,0.8246265,3
149126143788371,10274698404,3.8431723,9.012866,0.8428718,3
149126146288371,10277198404,3.8344984,9.006884,0.8216355,3
149126148788371,10279698404,3.8383865,8.999406,0.80877405,3
149126151288371,10282198404,3.8407795,8.992527,0.8036893,3
149126153788371,10284698404,3.8446677,8.990433,0.8045866,3
149126156288371,10287198404,3.8380876,8.979964,0.8147561,3
149126158788371,10289698404,3.844967,8.98146,0.8258229,3
149126161288371,10292198404,3.8318064,8.955438,0.81954175,3
149126163788371,10294698404,3.833601,8.959625,0.8210373,3
149126166288371,10297198404,3.8255253,8.966206,0.83001035,3
149126168788371,10299698404,3.8066816,8.965906,0.84406817,3
149126171288371,10302198404,3.7878382,8.972188,0.8431709,3
149126173788371,10304698404,3.7713876,8.978469,0.83060855,3
149126176288371,10307198404,3.7594235,8.962616,0.8428718,3
149126178788371,10309698404,3.7552361,8.969196,0.8356933,3
149126181288371,10312198404,3.7555351,8.977871,0.8327023,3
149126183788371,10314698404,3.7570307,8.974581,0.84047896,3
149126186288371,10317198404,3.7480576,8.979067,0.85184485,3
149126188788371,10319698404,3.7366917,8.98804,0.84137625,3
149126191288371,10322198404,3.7354953,9.000303,0.8383852,3
149126193788371,10324698404,3.731607,9.004191,0.8362915,3
149126196288371,10327198404,3.7384863,9.01466,0.84137625,3
149126198788371,10329698404,3.7432718,9.021839,0.84167534,3
149126201288371,10332198404,3.746263,9.014062,0.8315059,3
149126203788371,10334698404,3.7570307,9.003893,0.83688974,3
149126206288371,10337198404,3.76391,9.011669,0.8321041,3
149126208788371,10339698404,3.7740796,9.001201,0.79770726,3
149126211288371,10342198404,3.784548,9.01137,0.8006983,3
149126213788371,10344698404,3.80399,8.987442,0.8111669,3
149126216288371,10347198404,3.8192441,8.973384,0.8105687,3
149126218788371,10349698404,3.8386858,8.964411,0.79531443,3
149126221288371,10352198404,3.8341992,8.948857,0.7815557,3
149126223788371,10354698404,3.8470607,8.930014,0.7833503,3
149126226288371,10357198404,3.8602211,8.937193,0.79950184,3
149126228788371,10359698404,3.8641095,8.937791,0.7965108,3
149126231288371,10362198404,3.8665023,8.912666,0.8030911,3
149126233788371,10364698404,3.8665023,8.909974,0.8111669,3
149126236288371,10367198404,3.867998,8.909974,0.8213364,3
149126238788371,10369698404,3.8545382,8.889037,0.8009974,3
149126241288371,10372198404,3.8578284,8.8905325,0.80997044,3
149126243788371,10374698404,3.868596,8.880961,0.81984085,3
149126246288371,10377198404,3.8608193,8.889935,0.84077805,3
149126248788371,10379698404,3.8563328,8.883654,0.8599206,3
149126251288371,10382198404,3.856931,8.881859,0.86919284,3
149126253788371,10384698404,3.8590248,8.868399,0.87936234,3
149126256288371,10387198404,3.862315,8.880363,0.8769695,3
149126258788371,10389698404,3.8545382,8.878269,0.86889374,3
149126261288371,10392198404,3.8473597,8.872886,0.8641081,3
149126263788371,10394698404,3.8476589,8.88126,0.8781659,3
149126266288371,10397198404,3.844967,8.884252,0.88683987,3
149126268788371,10399698404,3.839284,8.877671,0.89072824,3
149126271288371,10402198404,3.8341992,8.880662,0.8955139,3
149126273788371,10404698404,3.8267217,8.881859,0.90059865,3
149126276288371,10407198404,3.8318064,8.905488,0.90029955,3
149126278788371,10409698404,3.8353956,8.9108715,0.90059865,3
149126281288371,10412198404,3.839583,8.901599,0.89730847,3
149126283788371,10414698404,3.842275,8.909675,0.8886345,3
149126286288371,10417198404,3.8488553,8.912367,0.8811569,3
149126288788371,10419698404,3.8503506,8.916854,0.8563314,3
149126291288371,10422198404,3.8431723,8.927621,0.83958167,3
149126293788371,10424698404,3.8425741,8.9159565,0.831805,3
149126296288371,10427198404,3.8350966,8.922537,0.831805,3
149126298788371,10429698404,3.825226,8.929416,0.8111669,3
149126301288371,10432198404,3.8171504,8.926425,0.79800636,3
149126303788371,10434698404,3.8144584,8.924331,0.80159557,3
149126306288371,10437198404,3.7998023,8.917152,0.79860455,3
149126308788371,10439698404,3.786941,8.920742,0.82612205,3
149126311288371,10442198404,3.7833517,8.929117,0.8153543,3
149126313788371,10444698404,3.7836509,8.920742,0.8321041,3
149126316288371,10447198404,3.7833517,8.918947,0.85244304,3
149126318788371,10449698404,3.778267,8.926126,0.86261255,3
149126321288371,10452198404,3.7761734,8.922237,0.8805587,3
149126323788371,10454698404,3.7776687,8.936893,0.88354975,3
149126326288371,10457198404,3.7683966,8.943474,0.86231345,3
149126328788371,10459698404,3.7677984,8.950353,0.86949193,3
149126331288371,10462198404,3.7567315,8.957532,0.86261255,3
149126333788371,10464698404,3.7423747,8.9674015,0.86261255,3
149126336288371,10467198404,3.7339997,8.957532,0.86889374,3
149126338788371,10469698404,3.7504504,8.972188,0.8572287,3
149126341288371,10472198404,3.7654054,8.975777,0.8449655,3
149126343788371,10474698404,3.7570307,8.983254,0.85184485,3
149126346288371,10477198404,3.752245,8.99462,0.85154575,3
149126348788371,10479698404,3.7555351,9.003294,0.8527422,3
149126351288371,10482198404,3.772285,9.01466,0.86231345,3
149126353788371,10484698404,3.7648072,9.010772,0.846461,3
149126356288371,10487198404,3.777968,9.010472,0.8874381,3
149126358788371,10489698404,3.7950168,9.007482,0.878465,3
149126361288371,10492198404,3.801298,9.003294,0.88295156,3
149126363788371,10494698404,3.8108692,9.017352,0.89491564,3
149126366288371,10497198404,3.8117664,9.020642,0.89342016,3
149126368788371,10499698404,3.8347974,9.020044,0.89491564,3
149126371288371,10502198404,3.836592,9.014959,0.90089774,3
149126373788371,10504698404,3.8524444,9.01137,0.9086744,3
149126376288371,10507198404,3.8551364,9.013762,0.9092726,3
149126378788371,10509698404,3.8611186,9.016455,0.9089735,3
149126381288371,10512198404,3.8575292,9.020942,0.9101699,3
149126383788371,10514698404,3.8614175,9.023932,0.9095717,3
149126386288371,10517198404,3.862315,9.031709,0.9101699,3
149126388788371,10519698404,3.8584266,9.037093,0.90089774,3
149126391288371,10522198404,3.868596,9.042177,0.88325065,3
149126393788371,10524698404,3.87727,9.064013,0.8703892,3
149126396288371,10527198404,3.8811584,9.087642,0.84825563,3
149126398788371,10529698404,3.868895,9.098708,0.8467601,3
149126401288371,10532198404,3.8350966,9.113962,0.8249256,3
149126403788371,10534698404,3.83061,9.127721,0.785444,3
149126406288371,10537198404,3.8057845,9.136395,0.76719874,3
149126408788371,10539698404,3.7791643,9.1618185,0.72741807,3
149126411288371,10542198404,3.7537405,9.154042,0.7175477,3
149126413788371,10544698404,3.73729,9.150752,0.6828518,3
149126416288371,10547198404,3.7426736,9.143872,0.69332033,3
149126418788371,10549698404,3.772584,9.119047,0.72711897,3
149126421288371,10552198404,3.7651064,9.106484,0.72263247,3
149126423788371,10554698404,3.7301114,9.108579,0.70588267,3
149126426288371,10557198404,3.712165,9.106484,0.67088765,3
149126428788371,10559698404,3.696911,9.098409,0.6349953,3
149126431288371,10562198404,3.7157545,9.090632,0.61884373,3
149126433788371,10564698404,3.731906,9.076874,0.6349953,3
149126436288371,10567198404,3.7938204,9.040981,0.6729814,3
149126438788371,10569698404,3.8276188,9.016455,0.6678966,3
149126441288371,10572198404,3.865904,8.9928255,0.69571316,3
149126443788371,10574698404,3.906582,8.969795,0.6876374,3
149126446288371,10577198404,3.9454653,8.950054,0.6843473,3
149126448788371,10579698404,3.973581,8.935697,0.66999036,3
149126451288371,10582198404,3.981956,8.92463,0.6454639,3
149126453788371,10584698404,4.002295,8.915059,0.63978094,3
149126456288371,10587198404,4.0163527,8.9108715,0.6206384,3
149126458788371,10589698404,4.0363927,8.897113,0.61854464,3
149126461288371,10592198404,4.0405803,8.893225,0.6242276,3
149126463788371,10594698404,4.042973,8.88784,0.64247286,3
149126466288371,10597198404,4.0441694,8.888439,0.657428,3
149126468788371,10599698404,4.0498524,8.903095,0.6729814,3
149126471288371,10602198404,4.071089,8.909974,0.6649056,3
149126473788371,10604698404,4.0761733,8.899506,0.6828518,3
149126476288371,10607198404,4.072883,8.901599,0.70319074,3
149126478788371,10609698404,4.074379,8.911469,0.7295118,3
149126481288371,10612198404,4.080062,8.91476,0.75284183,3
149126483788371,10614698404,4.080062,8.905488,0.75942206,3
149126486288371,10617198404,4.086343,8.88814,0.7719844,3
149126488788371,10619698404,4.0764723,8.886644,0.79710907,3
149126491288371,10622198404,4.0677986,8.88455,0.79441714,3
149126493788371,10624698404,4.058227,8.871988,0.78873414,3
149126496288371,10627198404,4.024728,8.85823,0.799801,3
149126498788371,10629698404,4.0088754,8.857033,0.8171489,3
149126501288371,10632198404,4.005884,8.834301,0.8102696,3
149126503788371,10634698404,4.0007997,8.854939,0.8324032,3
149126506288371,10637198404,3.9858444,8.839685,0.8545368,3
149126508788371,10639698404,3.973581,8.836993,0.8682955,3
149126511288371,10642198404,3.9661036,8.840582,0.86949193,3
149126513788371,10644698404,3.9556348,8.847761,0.88295156,3
149126516288371,10647198404,3.9463627,8.8340025,0.89072824,3
149126518788371,10649698404,3.935296,8.8187475,0.8991031,3
149126521288371,10652198404,3.938586,8.817252,0.8874381,3
149126523788371,10654698404,3.9176488,8.816954,0.88384885,3
149126526288371,10657198404,3.9104705,8.807382,0.878465,3
149126528788371,10659698404,3.9038901,8.804091,0.8673982,3
149126531288371,10662198404,3.906881,8.794222,0.85842514,3
149126533788371,10664698404,3.9050865,8.801998,0.86889374,3
149126536288371,10667198404,3.897609,8.789435,0.849452,3
149126538788371,10669698404,3.9080775,8.778369,0.8422736,3
149126541288371,10672198404,3.9173498,8.780762,0.8359924,3
149126543788371,10674698404,3.9361932,8.779864,0.8359924,3
149126546288371,10677198404,3.9379878,8.771191,0.84765744,3
149126548788371,10679698404,3.9481573,8.773284,0.8180462,3
149126551288371,10682198404,3.9448671,8.770593,0.8102696,3
149126553788371,10684698404,3.9526439,8.785847,0.79950184,3
149126556288371,10687198404,3.9508493,8.790632,0.79890364,3
149126558788371,10689698404,3.9550366,8.79482,0.79740816,3
149126561288371,10692198404,3.9580278,8.796315,0.79890364,3
149126563788371,10694698404,3.9622152,8.799306,0.79770726,3
149126566288371,10697198404,3.9696927,8.807083,0.8021938,3
149126568788371,10699698404,3.9607196,8.805588,0.7968099,3
149126571288371,10702198404,3.9681973,8.81785,0.78454673,3
149126573788371,10704698404,3.9711883,8.829815,0.77617186,3
149126576288371,10707198404,3.9852462,8.826225,0.78035927,3
149126578788371,10709698404,3.9828532,8.826225,0.7959126,3
149126581288371,10712198404,3.9798622,8.835498,0.7725826,3
149126583788371,10714698404,3.9870408,8.845966,0.77347994,3
149126586288371,10717198404,3.9891346,8.850752,0.7725826,3
149126588788371,10719698404,3.9963129,8.850452,0.7752745,3
149126591288371,10722198404,4.011567,8.839386,0.78065836,3
149126593788371,10724698404,4.0013976,8.835198,0.7680961,3
149126596288371,10727198404,3.9837506,8.825328,0.7618149,3
149126598788371,10729698404,3.9652061,8.819047,0.7713862,3
149126601288371,10732198404,3.958925,8.813962,0.767797,3
149126603788371,10734698404,3.9260237,8.799007,0.75553375,3
149126606288371,10737198404,3.912564,8.781959,0.78454673,3
149126608788371,10739698404,3.9053857,8.761918,0.79800636,3
149126611288371,10742198404,3.8874395,8.743374,0.82013994,3
149126613788371,10744698404,3.8724844,8.737691,0.8679964,3
149126616288371,10747198404,3.8668015,8.734999,0.8668,3
149126618788371,10749698404,3.8590248,8.70479,0.86979103,3
149126621288371,10752198404,3.8461633,8.684451,0.8919246,3
149126623788371,10754698404,3.8491542,8.681459,0.88205427,3
149126626288371,10757198404,3.8461633,8.679067,0.8847462,3
149126628788371,10759698404,3.8605201,8.693125,0.91435736,3
149126631288371,10762198404,3.8605201,8.700303,0.91435736,3
149126633788371,10764698404,3.871587,8.720343,0.91136634,3
149126636288371,10767198404,3.8712878,8.72453,0.94307125,3
149126638788371,10769698404,3.880261,8.746066,0.9125627,3
149126641288371,10772198404,3.9006,8.770891,0.91465646,3
149126643788371,10774698404,3.9137604,8.778369,0.9275179,3
149126646288371,10777198404,3.9173498,8.785249,0.8922237,3
149126648788371,10779698404,3.920939,8.804091,0.87607217,3
149126651288371,10782198404,3.9433718,8.805886,0.8808578,3
149126653788371,10784698404,3.9394834,8.82443,0.8641081,3
149126656288371,10787198404,3.9367914,8.827123,0.87367934,3
149126658788371,10789698404,3.952943,8.826225,0.86261255,3
149126661288371,10792198404,3.9604206,8.826225,0.8341978,3
149126663788371,10794698404,3.958925,8.825927,0.8647063,3
149126666288371,10797198404,3.9711883,8.819047,0.86291164,3
149126668788371,10799698404,3.953242,8.810373,0.8560323,3
149126671288371,10802198404,3.9508493,8.805886,0.8682955,3
149126673788371,10804698404,3.9454653,8.792128,0.8679964,3
149126676288371,10807198404,3.9317067,8.791828,0.85244304,3
149126678788371,10809698404,3.940979,8.797213,0.89431745,3
149126681288371,10812198404,3.9349968,8.79153,0.8670991,3
149126683788371,10814698404,3.92064,8.799905,0.85244304,3
149126686288371,10817198404,3.9071803,8.799905,0.86889374,3
149126688788371,10819698404,3.9029927,8.805588,0.86560357,3
149126691288371,10822198404,3.8871403,8.832506,0.8563314,3
149126693788371,10824698404,3.8835511,8.859725,0.8745767,3
149126696288371,10827198404,3.8641095,8.867501,0.85154575,3
149126698788371,10829698404,3.851248,8.883055,0.8327023,3
149126701288371,10832198404,3.8560338,8.88455,0.85214394,3
149126703788371,10834698404,3.859922,8.902796,0.84167534,3
149126706288371,10837198404,3.8530426,8.927322,0.82881397,3
149126708788371,10839698404,3.8673997,8.935697,0.83718884,3
149126711288371,10842198404,3.8581274,8.966505,0.80817586,3
149126713788371,10844698404,3.8494534,8.995518,0.7968099,3
149126716288371,10847198404,3.8620157,9.004789,0.8350951,3
149126718788371,10849698404,3.8611186,8.999106,0.8060821,3
149126721288371,10852198404,3.8584266,9.0131645,0.79800636,3
149126723788371,10854698404,3.848257,9.023633,0.7965108,3
149126726288371,10857198404,3.868895,9.058928,0.78035927,3
149126728788371,10859698404,3.862614,9.068199,0.7959126,3
149126731288371,10862198404,3.8671005,9.075976,0.85214394,3
149126733788371,10864698404,3.874279,9.075677,0.82283187,3
149126736288371,10867198404,3.8635113,9.067901,0.8255238,3
149126738788371,10869698404,3.8781674,9.067901,0.8431709,3
149126741288371,10872198404,3.8925242,9.065806,0.8276175,3
149126743788371,10874698404,3.900301,9.065508,0.82642114,3
149126746288371,10877198404,3.9251266,9.043075,0.8530413,3
149126748788371,10879698404,3.929314,9.046964,0.8108678,3
149126751288371,10882198404,3.9376888,9.028419,0.8365906,3
149126753788371,10884698404,3.9514475,9.01466,0.85872424,3
149126756288371,10887198404,3.9568315,9.000303,0.8222337,3
149126758788371,10889698404,3.9517467,8.9877405,0.8285148,3
149126761288371,10892198404,3.9481573,8.969196,0.84436727,3
149126763788371,10894698404,3.938586,8.956933,0.8234301,3
149126766288371,10897198404,3.9242291,8.949755,0.84765744,3
149126768788371,10899698404,3.929314,8.943474,0.8527422,3
149126771288371,10902198404,3.909573,8.941978,0.8455637,3
149126773788371,10904698404,3.8991046,8.9470625,0.89042914,3
149126776288371,10907198404,3.8982072,8.957532,0.89371926,3
149126778788371,10909698404,3.862315,8.962018,0.8775677,3
149126781288371,10912198404,3.8605201,8.977871,0.9071789,3
149126783788371,10914698404,3.8437705,8.989535,0.90388876,3
149126786288371,10917198404,3.8231323,9.002098,0.8766704,3
149126788788371,10919698404,3.8210387,9.020343,0.89431745,3
149126791288371,10922198404,3.821637,9.0182495,0.8706883,3
149126793788371,10924698404,3.8195431,9.028718,0.8557332,3
149126796288371,10927198404,3.8270206,9.008379,0.86889374,3
149126798788371,10929698404,3.8464625,8.999106,0.863809,3
149126801288371,10932198404,3.8407795,8.99133,0.8455637,3
149126803788371,10934698404,3.8560338,8.986545,0.8742776,3
149126806288371,10937198404,3.8844485,8.984451,0.8668,3
149126808788371,10939698404,3.8748772,8.977272,0.86231345,3
149126811288371,10942198404,3.8880377,8.968,0.90418786,3
149126813788371,10944698404,3.8820555,8.970094,0.8844471,3
149126816288371,10947198404,3.8880377,8.962018,0.85214394,3
149126818788371,10949698404,3.9113677,8.943773,0.83389866,3
149126821288371,10952198404,3.9155552,8.939286,0.7938189,3
149126823788371,10954698404,3.9107695,8.926126,0.8024929,3
149126826288371,10957198404,3.9128633,8.927023,0.84047896,3
149126828788371,10959698404,3.9173498,8.935398,0.8321041,3
149126831288371,10962198404,3.9173498,8.9470625,0.8350951,3
149126833788371,10964698404,3.94397,8.941081,0.85034937,3
149126836288371,10967198404,3.950251,8.956933,0.8488538,3
149126838788371,10969698404,3.9484565,8.947362,0.875474,3
149126841288371,10972198404,3.9577286,8.913264,0.85812604,3
149126843788371,10974698404,3.953242,8.9108715,0.84735835,3
149126846288371,10977198404,3.9397824,8.902496,0.8276175,3
149126848788371,10979698404,3.9421754,8.904591,0.83120674,3
149126851288371,10982198404,3.9131622,8.908778,0.82283187,3
149126853788371,10984698404,3.894618,8.912965,0.8362915,3
149126856288371,10987198404,3.9020956,8.901599,0.8668,3
149126858788371,10989698404,3.8895333,8.908479,0.82612205,3
149126861288371,10992198404,3.906881,8.922835,0.8703892,3
149126863788371,10994698404,3.912564,8.913564,0.88205427,3
149126866288371,10997198404,3.9113677,8.903992,0.8742776,3
149126868788371,10999698404,3.9101713,8.906684,0.8709874,3
149126871288371,11002198404,3.918247,8.896215,0.8602197,3
149126873788371,11004698404,3.9197426,8.907282,0.8389834,3
149126876288371,11007198404,3.9086757,8.89801,0.8150552,3
149126878788371,11009698404,3.9281175,8.9013,0.8225328,3
149126881288371,11012198404,3.926622,8.906684,0.7902297,3
149126883788371,11014698404,3.9167516,8.9013,0.79860455,3
149126886288371,11017198404,3.914957,8.89502,0.7827521,3
149126888788371,11019698404,3.8958144,8.91476,0.77407813,3
149126891288371,11022198404,3.8931224,8.919247,0.7752745,3
149126893788371,11024698404,3.8835511,8.91476,0.79710907,3
149126896288371,11027198404,3.874578,8.916554,0.78843504,3
149126898788371,11029698404,3.866203,8.925827,0.79920274,3
149126901288371,11032198404,3.8617167,8.918648,0.79860455,3
149126903788371,11034698404,3.8476589,8.916255,0.79740816,3
149126906288371,11037198404,3.8479578,8.919545,0.7860422,3
149126908788371,11039698404,3.8545382,8.912965,0.8458628,3
149126911288371,11042198404,3.81057,8.898908,0.83030945,3
149126913788371,11044698404,3.7953157,8.883952,0.84167534,3
149126916288371,11047198404,3.865904,8.856435,0.7680961,3
149126918788371,11049698404,3.8910286,8.815757,0.750449,3
149126921288371,11052198404,3.9173498,8.811271,0.8213364,3
149126923788371,11054698404,3.906881,8.839087,0.9026923,3
149126926288371,11057198404,3.8877387,8.857332,0.9403793,3
149126928788371,11059698404,3.8874395,8.859127,0.933799,3
149126931288371,11062198404,3.894618,8.85464,0.88295156,3
149126933788371,11064698404,3.9119658,8.841479,0.82941216,3
149126936288371,11067198404,3.9137604,8.838189,0.83060855,3
149126938788371,11069698404,3.9314077,8.819346,0.83359957,3
149126941288371,11072198404,3.914957,8.8238325,0.8539386,3
149126943788371,11074698404,3.9164524,8.82443,0.88295156,3
149126946288371,11077198404,3.920939,8.822935,0.8886345,3
149126948788371,11079698404,3.9194436,8.831908,0.87248296,3
149126951288371,11082198404,3.906582,8.845966,0.89102733,3
149126953788371,11084698404,3.8967116,8.847761,0.8874381,3
149126956288371,11087198404,3.8691943,8.87139,0.89461654,3
149126958788371,11089698404,3.8608193,8.867501,0.91405827,3
149126961288371,11092198404,3.8368912,8.881559,0.9065807,3
149126963788371,11094698404,3.8054852,8.888439,0.9128618,3
149126966288371,11097198404,3.7938204,8.894122,0.9068798,3
149126968788371,11099698404,3.8210387,8.903394,0.87637126,3
149126971288371,11102198404,3.8359938,8.893523,0.86949193,3
149126973788371,11104698404,3.8638103,8.890832,0.8925229,3
149126976288371,11107198404,3.8548372,8.9159565,0.9125627,3
149126978788371,11109698404,3.8479578,8.945867,0.9059825,3
149126981288371,11112198404,3.8437705,8.9521475,0.90119684,3
149126983788371,11114698404,3.8443687,8.960822,0.8772686,3
149126986288371,11117198404,3.8500516,8.962915,0.82642114,3
149126988788371,11119698404,3.8790646,8.957532,0.8321041,3
149126991288371,11122198404,3.8760736,8.953344,0.8102696,3
149126993788371,11124698404,3.8673997,8.943174,0.81565344,3
149126996288371,11127198404,3.8682969,8.927621,0.8365906,3
149126998788371,11129698404,3.8694932,8.918648,0.8389834,3
149127001288371,11132198404,3.8718863,8.921639,0.84137625,3
149127003788371,11134698404,3.8814573,8.910274,0.8572287,3
149127006288371,11137198404,3.8721852,8.919545,0.8644072,3
149127008788371,11139698404,3.8736808,8.913264,0.8554341,3
149127011288371,11142198404,3.8635113,8.893823,0.8700901,3
149127013788371,11144698404,3.8443687,8.8854475,0.8605189,3
149127016288371,11147198404,3.8473597,8.899805,0.8575278,3
149127018788371,11149698404,3.8330028,8.903095,0.8790632,3
149127021288371,11152198404,3.8237305,8.898309,0.863809,3
149127023788371,11154698404,3.8168511,8.907282,0.8554341,3
149127026288371,11157198404,3.822235,8.916554,0.87607217,3
149127028788371,11159698404,3.8237305,8.923135,0.84855473,3
149127031288371,11162198404,3.818646,8.9362955,0.8536395,3
149127033788371,11164698404,3.8291144,8.937193,0.87218386,3
149127036288371,11167198404,3.833601,8.943474,0.8321041,3
149127038788371,11169698404,3.8401814,8.945269,0.84735835,3
149127041288371,11172198404,3.856632,8.941081,0.8341978,3
149127043788371,11174698404,3.8760736,8.938987,0.817448,3
149127046288371,11177198404,3.8787656,8.9362955,0.8327023,3
149127048788371,11179698404,3.8928235,8.934501,0.8276175,3
149127051288371,11182198404,3.8982072,8.93809,0.8153543,3
149127053788371,11184698404,3.9035912,8.933304,0.8380861,3
149127056288371,11187198404,3.9131622,8.923733,0.82701933,3
149127058788371,11189698404,3.9254255,8.913264,0.817448,3
149127061288371,11192198404,3.9281175,8.894122,0.83778703,3
149127063788371,11194698404,3.9373896,8.8956175,0.8383852,3
149127066288371,11197198404,3.9373896,8.917751,0.8237292,3
149127068788371,11199698404,3.9317067,8.907881,0.8452646,3
149127071288371,11202198404,3.9454653,8.897113,0.86201435,3
149127073788371,11204698404,3.9433718,8.902796,0.83389866,3
149127076288371,11207198404,3.9379878,8.897113,0.85244304,3
149127078788371,11209698404,3.9275193,8.908179,0.85124665,3
149127081288371,11212198404,3.9185462,8.913564,0.8461619,3
149127083788371,11214698404,3.9302113,8.906086,0.8500503,3
149127086288371,11217198404,3.929314,8.914162,0.8431709,3
149127088788371,11219698404,3.9254255,8.9057865,0.84017986,3
149127091288371,11222198404,3.92064,8.916255,0.82971126,3
149127093788371,11224698404,3.9260237,8.91476,0.82881397,3
149127096288371,11227198404,3.9212382,8.92134,0.82642114,3
149127098788371,11229698404,3.9134614,8.926425,0.8383852,3
149127101288371,11232198404,3.940979,8.929117,0.84077805,3
149127103788371,11234698404,3.9230328,8.928518,0.8315059,3
149127106288371,11237198404,3.9203408,8.926425,0.83778703,3
149127108788371,11239698404,3.9314077,8.933603,0.8392825,3
149127111288371,11242198404,3.926622,8.932108,0.8330014,3
149127113788371,11244698404,3.9457645,8.930911,0.8593224,3
149127116288371,11247198404,3.946662,8.92493,0.8563314,3
149127118788371,11249698404,3.9577286,8.92822,0.8599206,3
149127121288371,11252198404,3.953242,8.916554,0.8575278,3
149127123788371,11254698404,3.946961,8.912068,0.84077805,3
149127126288371,11257198404,3.935296,8.916255,0.8545368,3
149127128788371,11259698404,3.9340994,8.916255,0.87367934,3
149127131288371,11262198404,3.9242291,8.900403,0.8805587,3
149127133788371,11264698404,3.929314,8.883952,0.86261255,3
149127136288371,11267198404,3.9340994,8.862716,0.8389834,3
149127138788371,11269698404,3.9493537,8.849854,0.8024929,3
149127141288371,11272198404,3.9520457,8.836395,0.78035927,3
149127143788371,11274698404,3.9547377,8.82144,0.80967134,3
149127146288371,11277198404,3.9520457,8.820244,0.82941216,3
149127148788371,11279698404,3.952943,8.832208,0.8530413,3
149127151288371,11282198404,3.9305103,8.83161,0.8991031,3
149127153788371,11284698404,3.9433718,8.841181,0.9065807,3
149127156288371,11287198404,3.9254255,8.853444,0.8979067,3
149127158788371,11289698404,3.9296129,8.860024,0.9065807,3
149127161288371,11292198404,3.9302113,8.867801,0.89461654,3
149127163788371,11294698404,3.9155552,8.88126,0.8865408,3
149127166288371,11297198404,3.9245281,8.890832,0.90508515,3
149127168788371,11299698404,3.9218364,8.879466,0.8431709,3
149127171288371,11302198404,3.9191444,8.900104,0.8431709,3
149127173788371,11304698404,3.9248273,8.903992,0.84436727,3
149127176288371,11307198404,3.9227335,8.906983,0.82971126,3
149127178788371,11309698404,3.905984,8.920742,0.81565344,3
149127181288371,11312198404,3.9116669,8.922237,0.8341978,3
149127183788371,11314698404,3.9104705,8.93151,0.82283187,3
149127186288371,11317198404,3.879962,8.936893,0.8120642,3
149127188788371,11319698404,3.8697925,8.949157,0.82881397,3
149127191288371,11322198404,3.8548372,8.949456,0.81984085,3
149127193788371,11324698404,3.8333018,8.956335,0.8168498,3
149127196288371,11327198404,3.822534,8.954242,0.82911307,3
149127198788371,11329698404,3.807579,8.950652,0.81924266,3
149127201288371,11332198404,3.7785661,8.959925,0.799801,3
149127203788371,11334698404,3.7657046,8.95484,0.8321041,3
149127206288371,11337198404,3.7648072,8.944969,0.8422736,3
149127208788371,11339698404,3.7567315,8.930911,0.8602197,3
149127211288371,11342198404,3.7674992,8.93151,0.8889336,3
149127213788371,11344698404,3.795615,8.925228,0.8847462,3
149127216288371,11347198404,3.7950168,8.8905325,0.89491564,3
149127218788371,11349698404,3.828217,8.880363,0.9107681,3
149127221288371,11352198404,3.851248,8.864211,0.89042914,3
149127223788371,11354698404,3.8787656,8.859127,0.87248296,3
149127226288371,11357198404,3.9173498,8.847761,0.8778668,3
149127228788371,11359698404,3.9472601,8.853743,0.8578269,3
149127231288371,11362198404,3.9556348,8.845368,0.8359924,3
149127233788371,11364698404,3.9768713,8.846564,0.85184485,3
149127236288371,11367198404,3.991228,8.826823,0.81565344,3
149127238788371,11369698404,4.0040894,8.830712,0.8105687,3
149127241288371,11372198404,4.019045,8.834899,0.8129615,3
149127243788371,11374698404,4.013661,8.8340025,0.79920274,3
149127246288371,11377198404,4.0040894,8.848659,0.8039884,3
149127248788371,11379698404,3.9942193,8.833105,0.80518484,3
149127251288371,11382198404,3.990331,8.833703,0.8060821,3
149127253788371,11384698404,3.9622152,8.842078,0.8117651,3
149127256288371,11387198404,3.9628134,8.830413,0.8431709,3
149127258788371,11389698404,3.9472601,8.832806,0.8431709,3
149127261288371,11392198404,3.9394834,8.8543415,0.8572287,3
149127263788371,11394698404,3.9364924,8.8289175,0.8955139,3
149127266288371,11397198404,3.9218364,8.850752,0.8856435,3
149127268788371,11399698404,3.9197426,8.8447695,0.881456,3
149127271288371,11402198404,3.9176488,8.850452,0.8889336,3
149127273788371,11404698404,3.923631,8.846864,0.8880363,3
149127276288371,11407198404,3.9257247,8.854939,0.9068798,3
149127278788371,11409698404,3.9203408,8.848659,0.9236295,3
149127281288371,11412198404,3.9290147,8.872586,0.9029915,3
149127283788371,11414698404,3.9218364,8.886046,0.9077771,3
149127286288371,11417198404,3.9188452,8.89502,0.91555375,3
149127288788371,11419698404,3.915256,8.912367,0.9029915,3
149127291288371,11422198404,3.9014974,8.916255,0.89730847,3
149127293788371,11424698404,3.9146578,8.945269,0.91136634,3
149127296288371,11427198404,3.912564,8.953045,0.89102733,3
149127298788371,11429698404,3.9194436,8.962915,0.8883354,3
149127301288371,11432198404,3.912564,8.965009,0.8847462,3
149127303788371,11434698404,3.9254255,8.968299,0.88025963,3
149127306288371,11437198404,3.903292,8.975179,0.8775677,3
149127308788371,11439698404,3.8958144,8.967701,0.88384885,3
149127311288371,11442198404,3.8850467,8.978169,0.8751749,3
149127313788371,11444698404,3.879962,8.990433,0.84825563,3
149127316288371,11447198404,3.8931224,8.978169,0.8539386,3
149127318788371,11449698404,3.8943188,8.973683,0.85124665,3
149127321288371,11452198404,3.882654,8.964411,0.8536395,3
149127323788371,11454698404,3.8832521,8.949456,0.8778668,3
149127326288371,11457198404,3.8757744,8.949755,0.8536395,3
149127328788371,11459698404,3.8694932,8.95783,0.85513496,3
149127331288371,11462198404,3.8838503,8.944072,0.88025963,3
149127333788371,11464698404,3.8524444,8.946166,0.8554341,3
149127336288371,11467198404,3.854239,8.941081,0.8542377,3
149127338788371,11469698404,3.8590248,8.935099,0.8662018,3
149127341288371,11472198404,3.8443687,8.933304,0.85244304,3
149127343788371,11474698404,3.8563328,8.940483,0.8500503,3
149127346288371,11477198404,3.8312082,8.95125,0.8635099,3
149127348788371,11479698404,3.8240297,8.962317,0.8219346,3
149127351288371,11482198404,3.8063827,8.9724865,0.83030945,3
149127353788371,11484698404,3.8024943,8.985947,0.8276175,3
149127356288371,11487198404,3.790231,9.005089,0.80997044,3
149127358788371,11489698404,3.7797625,9.006286,0.8207382,3
149127361288371,11492198404,3.7857444,9.003294,0.8383852,3
149127363788371,11494698404,3.7680974,9.018847,0.8069794,3
149127366288371,11497198404,3.7663028,9.026923,0.80787677,3
149127368788371,11499698404,3.7740796,9.026625,0.81236327,3
149127371288371,11502198404,3.769892,9.02453,0.8036893,3
149127373788371,11504698404,3.7818563,9.014361,0.80757767,3
149127376288371,11507198404,3.7923248,9.010472,0.82941216,3
149127378788371,11509698404,3.8054852,9.002397,0.82672024,3
149127381288371,11512198404,3.8153558,8.989237,0.8111669,3
149127383788371,11514698404,3.8264225,8.977272,0.84077805,3
149127386288371,11517198404,3.8303108,8.960822,0.83688974,3
149127388788371,11519698404,3.8303108,8.946465,0.83359957,3
149127391288371,11522198404,3.8431723,8.939286,0.83359957,3
149127393788371,11524698404,3.859922,8.933903,0.8216355,3
149127396288371,11527198404,3.8503506,8.929416,0.8467601,3
149127398788371,11529698404,3.865306,8.917152,0.8563314,3
149127401288371,11532198404,3.8665023,8.920443,0.8647063,3
149127403788371,11534698404,3.865904,8.915359,0.8706883,3
149127406288371,11537198404,3.865904,8.911769,0.8706883,3
149127408788371,11539698404,3.8581274,8.910274,0.88265246,3
149127411288371,11542198404,3.8614175,8.910274,0.8859426,3
149127413788371,11544698404,3.8530426,8.912367,0.9083753,3
149127416288371,11547198404,3.856931,8.908778,0.8994022,3
149127418788371,11549698404,3.8518462,8.906684,0.91136634,3
149127421288371,11552198404,3.8518462,8.904889,0.91854477,3
149127423788371,11554698404,3.848257,8.888738,0.9170493,3
149127426288371,11557198404,3.8407795,8.89801,0.90538424,3
149127428788371,11559698404,3.8344984,8.889037,0.92183495,3
149127431288371,11562198404,3.824927,8.888738,0.9137592,3
149127433788371,11564698404,3.8294137,8.880961,0.93230355,3
149127436288371,11567198404,3.8488553,8.882157,0.9448658,3
149127438788371,11569698404,3.856931,8.879466,0.919143,3
149127441288371,11572198404,3.8575292,8.883354,0.94337034,3
149127443788371,11574698404,3.868596,8.860921,0.93978107,3
149127446288371,11577198404,3.8602211,8.873484,0.9233304,3
149127448788371,11579698404,3.8712878,8.869894,0.9233304,3
149127451288371,11582198404,3.8847475,8.863015,0.92512506,3
149127453788371,11584698404,3.8835511,8.84806,0.91525465,3
149127456288371,11587198404,3.8871403,8.855238,0.9340981,3
149127458788371,11589698404,3.8790646,8.864511,0.94606227,3
149127461288371,11592198404,3.8916268,8.868998,0.92183495,3
149127463788371,11594698404,3.8808591,8.881859,0.9128618,3
149127466288371,11597198404,3.8823547,8.885747,0.9101699,3
149127468788371,11599698404,3.8775692,8.894421,0.89042914,3
149127471288371,11602198404,3.897908,8.901599,0.88295156,3
149127473788371,11604698404,3.903292,8.896215,0.85483587,3
149127476288371,11607198404,3.9014974,8.897711,0.82941216,3
149127478788371,11609698404,3.9170506,8.898309,0.84047896,3
149127481288371,11612198404,3.9361932,8.918349,0.8350951,3
149127483788371,11614698404,3.929314,8.917751,0.8105687,3
149127486288371,11617198404,3.935296,8.918947,0.80548394,3
149127488788371,11619698404,3.9367914,8.921938,0.79890364,3
149127491288371,11622198404,3.9245281,8.924331,0.814457,3
149127493788371,11624698404,3.932604,8.921938,0.7785647,3
149127496288371,11627198404,3.9224346,8.924032,0.8012965,3
149127498788371,11629698404,3.909573,8.925827,0.78065836,3
149127501288371,11632198404,3.9110687,8.926425,0.78723866,3
149127503788371,11634698404,3.885944,8.932706,0.785444,3
149127506288371,11637198404,3.8766718,8.916255,0.7899306,3
149127508788371,11639698404,3.867998,8.912068,0.79890364,3
149127511288371,11642198404,3.8757744,8.909376,0.8102696,3
149127513788371,11644698404,3.8647077,8.9159565,0.8039884,3
149127516288371,11647198404,3.8673997,8.916255,0.8207382,3
149127518788371,11649698404,3.8712878,8.915059,0.8425727,3
149127521288371,11652198404,3.8718863,8.927621,0.8150552,3
149127523788371,11654698404,3.8766718,8.945867,0.8383852,3
149127526288371,11657198404,3.8820555,8.920742,0.8467601,3
149127528788371,11659698404,3.8682969,8.924331,0.834796,3
149127531288371,11662198404,3.862315,8.929416,0.82941216,3
149127533788371,11664698404,3.8647077,8.942576,0.84137625,3
149127536288371,11667198404,3.8575292,8.939884,0.8246265,3
149127538788371,11669698404,3.866203,8.949755,0.8324032,3
149127541288371,11672198404,3.87727,8.94796,0.8542377,3
149127543788371,11674698404,3.8820555,8.943474,0.8467601,3
149127546288371,11677198404,3.8895333,8.942576,0.8569296,3
149127548788371,11679698404,3.8982072,8.937193,0.8605189,3
149127551288371,11682198404,3.8982072,8.933903,0.85184485,3
149127553788371,11684698404,3.892225,8.931808,0.88683987,3
149127556288371,11687198404,3.9029927,8.917152,0.8742776,3
149127558788371,11689698404,3.8967116,8.908479,0.8599206,3
149127561288371,11692198404,3.8871403,8.903394,0.8635099,3
149127563788371,11694698404,3.882953,8.904291,0.87308115,3
149127566288371,11697198404,3.8739798,8.899506,0.8593224,3
149127568788371,11699698404,3.876971,8.89472,0.8781659,3
149127571288371,11702198404,3.874578,8.897711,0.8772686,3
149127573788371,11704698404,3.8712878,8.889037,0.89312106,3
149127576288371,11707198404,3.862315,8.8905325,0.89312106,3
149127578788371,11709698404,3.859623,8.873184,0.9125627,3
149127581288371,11712198404,3.8461633,8.882157,0.90807617,3
149127583788371,11714698404,3.8500516,8.880662,0.91495556,3
149127586288371,11717198404,3.8410785,8.876474,0.92632145,3
149127588788371,11719698404,3.8359938,8.874082,0.9125627,3
149127591288371,11722198404,3.8192441,8.874381,0.9239286,3
149127593788371,11724698404,3.83061,8.889037,0.9236295,3
149127596288371,11727198404,3.8234315,8.896515,0.8892327,3
149127598788371,11729698404,3.8138602,8.889337,0.8886345,3
149127601288371,11732198404,3.83061,8.892327,0.8772686,3
149127603788371,11734698404,3.8204405,8.8956175,0.878465,3
149127606288371,11737198404,3.8339,8.915059,0.86979103,3
149127608788371,11739698404,3.8344984,8.922237,0.8673982,3
149127611288371,11742198404,3.822235,8.92493,0.8536395,3
149127613788371,11744698404,3.827918,8.926425,0.86171526,3
149127616288371,11747198404,3.8374894,8.93809,0.84017986,3
149127618788371,11749698404,3.8300118,8.946764,0.8330014,3
149127621288371,11752198404,3.8315072,8.95783,0.8383852,3
149127623788371,11754698404,3.8374894,8.9674015,0.8419745,3
149127626288371,11757198404,3.821637,8.976375,0.81954175,3
149127628788371,11759698404,3.8300118,8.978767,0.8219346,3
149127631288371,11762198404,3.839583,8.984451,0.8285148,3
149127633788371,11764698404,3.8339,8.981759,0.8350951,3
149127636288371,11767198404,3.8491542,8.981759,0.8539386,3
149127638788371,11769698404,3.8605201,8.962616,0.8470592,3
149127641288371,11772198404,3.8620157,8.958728,0.83778703,3
149127643788371,11774698404,3.8614175,8.944969,0.8470592,3
149127646288371,11777198404,3.8757744,8.94467,0.8578269,3
149127648788371,11779698404,3.8784664,8.937491,0.8470592,3
149127651288371,11782198404,3.8853457,8.931808,0.86111706,3
149127653788371,11784698404,3.8814573,8.919545,0.84825563,3
149127656288371,11787198404,3.8730826,8.915059,0.8679964,3
149127658788371,11789698404,3.8805602,8.904291,0.87338024,3
149127661288371,11792198404,3.87727,8.901599,0.86889374,3
149127663788371,11794698404,3.8784664,8.901898,0.8644072,3
149127666288371,11797198404,3.8838503,8.895318,0.8632108,3
149127668788371,11799698404,3.8928235,8.890832,0.8578269,3
149127671288371,11802198404,3.909274,8.902496,0.86261255,3
149127673788371,11804698404,3.897609,8.898608,0.8709874,3
149127676288371,11807198404,3.8901315,8.905189,0.8742776,3
149127678788371,11809698404,3.8787656,8.904591,0.8533404,3
149127681288371,11812198404,3.8766718,8.911469,0.85124665,3
149127683788371,11814698404,3.8727834,8.919247,0.84855473,3
149127686288371,11817198404,3.8718863,8.9362955,0.85034937,3
149127688788371,11819698404,3.8796628,8.935398,0.85513496,3
149127691288371,11822198404,3.879962,8.933903,0.83718884,3
149127693788371,11824698404,3.8754754,8.943174,0.85812604,3
149127696288371,11827198404,3.874279,8.943773,0.8536395,3
149127698788371,11829698404,3.8931224,8.933603,0.82881397,3
149127701288371,11832198404,3.9026937,8.944969,0.8060821,3
149127703788371,11834698404,3.9137604,8.933903,0.81266236,3
149127706288371,11837198404,3.9200418,8.935697,0.7917252,3
149127708788371,11839698404,3.9038901,8.935398,0.79770726,3
149127711288371,11842198404,3.9245281,8.929416,0.80937225,3
149127713788371,11844698404,3.9373896,8.919845,0.7905288,3
149127716288371,11847198404,3.932903,8.910572,0.7833503,3
149127718788371,11849698404,3.9391842,8.916854,0.79531443,3
149127721288371,11852198404,3.9493537,8.89801,0.7962117,3
149127723788371,11854698404,3.9391842,8.882157,0.79890364,3
149127726288371,11857198404,3.938586,8.877372,0.82731843,3
149127728788371,11859698404,3.9421754,8.887242,0.82612205,3
149127731288371,11862198404,3.941278,8.879466,0.8383852,3
149127733788371,11864698404,3.9391842,8.874082,0.8497511,3
149127736288371,11867198404,3.9370906,8.880064,0.85124665,3
149127738788371,11869698404,3.9394834,8.866305,0.8662018,3
149127741288371,11872198404,3.9388852,8.867501,0.88235337,3
149127743788371,11874698404,3.9394834,8.868998,0.88205427,3
149127746288371,11877198404,3.9358943,8.8651085,0.8862417,3
149127748788371,11879698404,3.9323049,8.870791,0.9068798,3
149127751288371,11882198404,3.929314,8.878867,0.9194421,3
149127753788371,11884698404,3.926622,8.876176,0.90538424,3
149127756288371,11887198404,3.9358943,8.882157,0.9173484,3
149127758788371,11889698404,3.935296,8.875278,0.91166544,3
149127761288371,11892198404,3.94397,8.871988,0.89042914,3
149127763788371,11894698404,3.940979,8.882457,0.881456,3
149127766288371,11897198404,3.9254255,8.883654,0.8455637,3
149127768788371,11899698404,3.915256,8.892028,0.84077805,3
149127771288371,11902198404,3.8910286,8.88485,0.8341978,3
149127773788371,11904698404,3.885944,8.9013,0.82881397,3
149127776288371,11907198404,3.8820555,8.904591,0.83988076,3
149127778788371,11909698404,3.8766718,8.902198,0.84137625,3
149127781288371,11912198404,3.868596,8.902796,0.8557332,3
149127783788371,11914698404,3.8524444,8.909974,0.8455637,3
149127786288371,11917198404,3.8312082,8.899206,0.84825563,3
149127788788371,11919698404,3.8177485,8.880363,0.83090764,3
149127791288371,11922198404,3.8087754,8.875577,0.846461,3
149127793788371,11924698404,3.7980077,8.854939,0.8602197,3
149127796288371,11927198404,3.799204,8.847162,0.83090764,3
149127798788371,11929698404,3.804588,8.847761,0.84406817,3
149127801288371,11932198404,3.8090746,8.846564,0.8659027,3
149127803788371,11934698404,3.8240297,8.8346,0.85513496,3
149127806288371,11937198404,3.8246279,8.837293,0.8748758,3
149127808788371,11939698404,3.8545382,8.836993,0.89342016,3
149127811288371,11942198404,3.866203,8.846564,0.8916255,3
149127813788371,11944698404,3.8832521,8.843872,0.89730847,3
149127816288371,11947198404,3.915256,8.842976,0.89342016,3
149127818788371,11949698404,3.9361932,8.845368,0.8880363,3
149127821288371,11952198404,3.9445682,8.854939,0.863809,3
149127823788371,11954698404,3.95055,8.860323,0.84406817,3
149127826288371,11957198404,3.9634116,8.867203,0.8102696,3
149127828788371,11959698404,3.955934,8.864511,0.80877405,3
149127831288371,11962198404,3.9690945,8.875876,0.8072785,3
149127833788371,11964698404,3.9592242,8.881859,0.79950184,3
149127836288371,11967198404,3.9454653,8.894421,0.7935198,3
149127838788371,11969698404,3.9373896,8.918947,0.7899306,3
149127841288371,11972198404,3.9376888,8.929117,0.8036893,3
149127843788371,11974698404,3.9161534,8.932407,0.8222337,3
149127846288371,11977198404,3.8934216,8.93809,0.8386843,3
149127848788371,11979698404,3.8958144,8.94796,0.8147561,3
149127851288371,11982198404,3.8853457,8.939586,0.83120674,3
149127853788371,11984698404,3.879962,8.944969,0.83030945,3
149127856288371,11987198404,3.8847475,8.950652,0.8449655,3
149127858788371,11989698404,3.882953,8.9470625,0.85154575,3
149127861288371,11992198404,3.8994036,8.943474,0.84735835,3
149127863788371,11994698404,3.882953,8.95484,0.84347,3
149127866288371,11997198404,3.8527436,8.956036,0.8024929,3
149127868788371,11999698404,3.8527436,8.960822,0.8222337,3
149127871288371,12002198404,3.8527436,8.956335,0.817448,3
149127873788371,12004698404,3.8554354,8.955139,0.8527422,3
149127876288371,12007198404,3.8781674,8.95484,0.8889336,3
149127878788371,12009698404,3.8697925,8.967701,0.91226363,3
149127881288371,12012198404,3.8575292,8.986545,0.91525465,3
149127883788371,12014698404,3.8575292,8.991031,0.9167502,3
149127886288371,12017198404,3.8521454,8.997611,0.86530447,3
149127888788371,12019698404,3.8315072,8.993723,0.8769695,3
149127891288371,12022198404,3.8126638,8.993125,0.8566305,3
149127893788371,12024698404,3.8072798,8.99133,0.84406817,3
149127896288371,12027198404,3.8096728,8.995817,0.8566305,3
149127898788371,12029698404,3.7998023,9.003294,0.8700901,3
149127901288371,12032198404,3.7935212,9.002696,0.8563314,3
149127903788371,12034698404,3.7800615,9.004789,0.8709874,3
149127906288371,12037198404,3.7854455,9.008977,0.8778668,3
149127908788371,12039698404,3.7923248,9.01137,0.88235337,3
149127911288371,12042198404,3.8033917,9.002397,0.8670991,3
149127913788371,12044698404,3.8171504,8.995817,0.8545368,3
149127916288371,12047198404,3.8237305,8.986245,0.8365906,3
149127918788371,12049698404,3.8383865,8.978767,0.85842514,3
149127921288371,12052198404,3.85394,8.968598,0.8285148,3
149127923788371,12054698404,3.8554354,8.968299,0.8063812,3
149127926288371,12057198404,3.866203,8.965608,0.78634137,3
149127928788371,12059698404,3.8832521,8.949157,0.7833503,3
149127931288371,12062198404,3.885944,8.960223,0.7818548,3
149127933788371,12064698404,3.8832521,8.960822,0.79830545,3
149127936288371,12067198404,3.8916268,8.962616,0.8216355,3
149127938788371,12069698404,3.891926,8.953344,0.80967134,3
149127941288371,12072198404,3.8853457,8.949157,0.79830545,3
149127943788371,12074698404,3.8736808,8.933903,0.814457,3
149127946288371,12077198404,3.8766718,8.933603,0.7905288,3
149127948788371,12079698404,3.8739798,8.918349,0.79501534,3
149127951288371,12082198404,3.8751762,8.909974,0.78664047,3
149127953788371,12084698404,3.8757744,8.899506,0.77826554,3
149127956288371,12087198404,3.8724844,8.890233,0.79710907,3
149127958788371,12089698404,3.8820555,8.88455,0.8066803,3
149127961288371,12092198404,3.8703907,8.879167,0.81864446,3
149127963788371,12094698404,3.8727834,8.867501,0.8350951,3
149127966288371,12097198404,3.87727,8.869894,0.83958167,3
149127968788371,12099698404,3.8757744,8.868399,0.82313097,3
149127971288371,12102198404,3.8748772,8.875278,0.8386843,3
149127973788371,12104698404,3.8644085,8.886644,0.83748794,3
149127976288371,12107198404,3.85394,8.892925,0.8129615,3
149127978788371,12109698404,3.8386858,8.900403,0.83359957,3
149127981288371,12112198404,3.854239,8.9013,0.8341978,3
149127983788371,12114698404,3.859922,8.913264,0.8240283,3
149127986288371,12117198404,3.862315,8.909675,0.82612205,3
149127988788371,12119698404,3.8739798,8.917751,0.8350951,3
149127991288371,12122198404,3.8886359,8.923434,0.81894356,3
149127993788371,12124698404,3.8934216,8.921938,0.8213364,3
149127996288371,12127198404,3.9086757,8.922537,0.82672024,3
149127998788371,12129698404,3.914957,8.92792,0.8132606,3
149128001288371,12132198404,3.9107695,8.92134,0.8210373,3
149128003788371,12134698404,3.9041893,8.9210415,0.80189466,3
149128006288371,12137198404,3.8907297,8.944969,0.78873414,3
149128008788371,12139698404,3.880261,8.92792,0.7860422,3
149128011288371,12142198404,3.8904305,8.917452,0.7926225,3
149128013788371,12144698404,3.8691943,8.919545,0.78693956,3
149128016288371,12147198404,3.868895,8.897113,0.80488575,3
149128018788371,12149698404,3.8718863,8.8956175,0.8392825,3
149128021288371,12152198404,3.8703907,8.894122,0.8488538,3
149128023788371,12154698404,3.8581274,8.89502,0.86889374,3
149128026288371,12157198404,3.8551364,8.879765,0.8787641,3
149128028788371,12159698404,3.8760736,8.869894,0.8790632,3
149128031288371,12162198404,3.8757744,8.854939,0.9023932,3
149128033788371,12164698404,3.8877387,8.850154,0.8970094,3
149128036288371,12167198404,3.8751762,8.840283,0.86919284,3
149128038788371,12169698404,3.8838503,8.839984,0.8961121,3
149128041288371,12172198404,3.8823547,8.832208,0.9164511,3
149128043788371,12174698404,3.8763726,8.83131,0.92482597,3
149128046288371,12177198404,3.8647077,8.84806,0.9409775,3
149128048788371,12179698404,3.8641095,8.855837,0.94277215,3
149128051288371,12182198404,3.8647077,8.876176,0.92931247,3
149128053788371,12184698404,3.8718863,8.88455,0.94396853,3
149128056288371,12187198404,3.8838503,8.898908,0.939482,3
149128058788371,12189698404,3.8635113,8.923135,0.89102733,3
149128061288371,12192198404,3.8766718,8.9521475,0.8748758,3
149128063788371,12194698404,3.8718863,8.955139,0.85184485,3
149128066288371,12197198404,3.8605201,8.9826565,0.831805,3
149128068788371,12199698404,3.8620157,8.997611,0.8279166,3
149128071288371,12202198404,3.8497524,9.020044,0.79740816,3
149128073788371,12204698404,3.8288152,9.022736,0.77766734,3
149128076288371,12207198404,3.804887,9.053843,0.7899306,3
149128078788371,12209698404,3.7968113,9.066106,0.77407813,3
149128081288371,12212198404,3.7794633,9.083155,0.76570326,3
149128083788371,12214698404,3.7606199,9.097511,0.7615158,3
149128086288371,12217198404,3.7704902,9.107681,0.77706915,3
149128088788371,12219698404,3.7618163,9.106784,0.7800602,3
149128091288371,12222198404,3.7594235,9.076574,0.7809575,3
149128093788371,12224698404,3.7474594,9.087642,0.79471624,3
149128096288371,12227198404,3.7468612,9.068798,0.794118,3
149128098788371,12229698404,3.7471602,9.045467,0.80997044,3
149128101288371,12232198404,3.7498522,9.016455,0.81266236,3
149128103788371,12234698404,3.7689948,8.985647,0.8045866,3
149128106288371,12237198404,3.7950168,8.956036,0.8276175,3
149128108788371,12239698404,3.8099718,8.93809,0.82642114,3
149128111288371,12242198404,3.8255253,8.914162,0.82642114,3
149128113788371,12244698404,3.8464625,8.88126,0.84795654,3
149128116288371,12247198404,3.8647077,8.853743,0.83958167,3
149128118788371,12249698404,3.8766718,8.848359,0.8467601,3
149128121288371,12252198404,3.8997028,8.836694,0.8817552,3
149128123788371,12254698404,3.9215372,8.831011,0.8862417,3
149128126288371,12257198404,3.9203408,8.842078,0.8703892,3
149128128788371,12259698404,3.9284165,8.838189,0.88295156,3
149128131288371,12262198404,3.9370906,8.85135,0.8856435,3
149128133788371,12264698404,3.9436707,8.871988,0.8662018,3
149128136288371,12267198404,3.9457645,8.865707,0.8808578,3
149128138788371,12269698404,3.9373896,8.876474,0.86530447,3
149128141288371,12272198404,3.9436707,8.893225,0.8455637,3
149128143788371,12274698404,3.9406798,8.89801,0.85483587,3
149128146288371,12277198404,3.950251,8.9013,0.8644072,3
149128148788371,12279698404,3.947559,8.909974,0.84795654,3
149128151288371,12282198404,3.9397824,8.9108715,0.86261255,3
149128153788371,12284698404,3.929314,8.917751,0.84855473,3
149128156288371,12287198404,3.9269211,8.926425,0.84077805,3
149128158788371,12289698404,3.9176488,8.91805,0.8892327,3
149128161288371,12292198404,3.9161534,8.928518,0.8673982,3
149128163788371,12294698404,3.9023945,8.924032,0.8560323,3
149128166288371,12297198404,3.8943188,8.915359,0.86859465,3
149128168788371,12299698404,3.8964126,8.917751,0.87637126,3
149128171288371,12302198404,3.8793638,8.896215,0.8665009,3
149128173788371,12304698404,3.8952162,8.892925,0.8859426,3
149128176288371,12307198404,3.8733816,8.888439,0.87338024,3
149128178788371,12309698404,3.8638103,8.887542,0.8560323,3
149128181288371,12312198404,3.8563328,8.882457,0.87308115,3
149128183788371,12314698404,3.8521454,8.878867,0.8665009,3
149128186288371,12317198404,3.8536408,8.874979,0.8449655,3
149128188788371,12319698404,3.8437705,8.876474,0.8635099,3
149128191288371,12322198404,3.856931,8.870791,0.8359924,3
149128193788371,12324698404,3.8548372,8.8854475,0.8359924,3
149128196288371,12327198404,3.8629131,8.890832,0.8470592,3
149128198788371,12329698404,3.8644085,8.886644,0.8431709,3
149128201288371,12332198404,3.862315,8.887242,0.8392825,3
149128203788371,12334698404,3.8748772,8.8905325,0.84107715,3
149128206288371,12337198404,3.8820555,8.874381,0.8330014,3
149128208788371,12339698404,3.8973098,8.87797,0.8177471,3
149128211288371,12342198404,3.8958144,8.874979,0.8350951,3
149128213788371,12344698404,3.892225,8.886046,0.8180462,3
149128216288371,12347198404,3.897908,8.886345,0.8324032,3
149128218788371,12349698404,3.8997028,8.892925,0.83688974,3
149128221288371,12352198404,3.8982072,8.911769,0.82911307,3
149128223788371,12354698404,3.886542,8.906086,0.8117651,3
149128226288371,12357198404,3.8898323,8.915657,0.8237292,3
149128228788371,12359698404,3.8904305,8.932407,0.80159557,3
149128231288371,12362198404,3.8835511,8.944969,0.8001001,3
149128233788371,12364698404,3.8796628,8.963215,0.81236327,3
149128236288371,12367198404,3.8560338,8.976076,0.81655073,3
149128238788371,12369698404,3.8673997,8.993423,0.84047896,3
149128241288371,12372198404,3.8724844,8.988937,0.83778703,3
149128243788371,12374698404,3.874279,8.99462,0.84137625,3
149128246288371,12377198404,3.8754754,8.988937,0.8491529,3
149128248788371,12379698404,3.8673997,8.979964,0.8539386,3
149128251288371,12382198404,3.862315,8.985947,0.82881397,3
149128253788371,12384698404,3.8602211,8.96142,0.8285148,3
149128256288371,12387198404,3.8590248,8.949157,0.85812604,3
149128258788371,12389698404,3.8341992,8.936893,0.8225328,3
149128261288371,12392198404,3.830909,8.920443,0.83120674,3
149128263788371,12394698404,3.8297126,8.902496,0.8575278,3
149128266288371,12397198404,3.8303108,8.89502,0.8452646,3
149128268788371,12399698404,3.8288152,8.869894,0.8449655,3
149128271288371,12402198404,3.8476589,8.86481,0.8856435,3
149128273788371,12404698404,3.8398821,8.866604,0.87338024,3
149128276288371,12407198404,3.8410785,8.841181,0.88325065,3
149128278788371,12409698404,3.8479578,8.832208,0.90059865,3
149128281288371,12412198404,3.8488553,8.829515,0.88983095,3
149128283788371,12414698404,3.859922,8.822935,0.89461654,3
149128286288371,12417198404,3.8578284,8.82144,0.9164511,3
149128288788371,12419698404,3.8545382,8.821739,0.8877372,3
149128291288371,12422198404,3.8665023,8.823235,0.8916255,3
149128293788371,12424698404,3.865904,8.830413,0.907478,3
149128296288371,12427198404,3.8727834,8.847162,0.8856435,3
149128298788371,12429698404,3.8629131,8.850154,0.9023932,3
149128301288371,12432198404,3.874578,8.867203,0.92482597,3
149128303788371,12434698404,3.865306,8.902796,0.89431745,3
149128306288371,12437198404,3.8805602,8.903693,0.9209376,3
149128308788371,12439698404,3.9000018,8.909077,0.9239286,3
149128311288371,12442198404,3.9029927,8.9159565,0.9029915,3
149128313788371,12444698404,3.8952162,8.924331,0.90538424,3
149128316288371,12447198404,3.9107695,8.911171,0.91106725,3
149128318788371,12449698404,3.8967116,8.92134,0.8919246,3
149128321288371,12452198404,3.9074793,8.915359,0.87248296,3
149128323788371,12454698404,3.9041893,8.919545,0.8847462,3
149128326288371,12457198404,3.8904305,8.922537,0.8500503,3
149128328788371,12459698404,3.8712878,8.918349,0.8557332,3
149128331288371,12462198404,3.8620157,8.917751,0.8488538,3
149128333788371,12464698404,3.845266,8.925827,0.8452646,3
149128336288371,12467198404,3.8261235,8.927322,0.8455637,3
149128338788371,12469698404,3.8201413,8.944969,0.84406817,3
149128341288371,12472198404,3.8183467,8.941978,0.85124665,3
149128343788371,12474698404,3.8108692,8.953045,0.85872424,3
149128346288371,12477198404,3.8177485,8.962616,0.8676973,3
149128348788371,12479698404,3.8135612,8.956933,0.8389834,3
149128351288371,12482198404,3.8006997,8.966804,0.85872424,3
149128353788371,12484698404,3.8180475,8.960223,0.846461,3
149128356288371,12487198404,3.8318064,8.95813,0.82612205,3
149128358788371,12489698404,3.848556,8.953942,0.81236327,3
149128361288371,12492198404,3.8611186,8.955438,0.82043904,3
149128363788371,12494698404,3.8760736,8.962317,0.8039884,3
149128366288371,12497198404,3.891926,8.960822,0.8213364,3
149128368788371,12499698404,3.8907297,8.955438,0.8341978,3
149128371288371,12502198404,3.8808591,8.959326,0.79950184,3
149128373788371,12504698404,3.891926,8.971589,0.80937225,3
149128376288371,12507198404,3.8934216,8.984152,0.7785647,3
149128378788371,12509698404,3.891926,8.985647,0.7618149,3
149128381288371,12512198404,3.885645,8.984451,0.76959157,3
149128383788371,12514698404,3.8955152,8.991031,0.7576275,3
149128386288371,12517198404,3.8718863,8.987143,0.7426723,3
149128388788371,12519698404,3.8739798,8.984152,0.7465607,3
149128391288371,12522198404,3.8718863,8.970094,0.75194454,3
149128393788371,12524698404,3.8611186,8.971291,0.7325028,3
149128396288371,12527198404,3.8775692,8.9674015,0.7375876,3
149128398788371,12529698404,3.8817565,8.9674015,0.7746763,3
149128401288371,12532198404,3.874578,8.959925,0.7582257,3
149128403788371,12534698404,3.882953,8.952746,0.7908279,3
149128406288371,12537198404,3.886243,8.939286,0.80578303,3
149128408788371,12539698404,3.8886359,8.930313,0.8168498,3
149128411288371,12542198404,3.9116669,8.916554,0.8249256,3
149128413788371,12544698404,3.9275193,8.89502,0.8282157,3
149128416288371,12547198404,3.9361932,8.879167,0.82642114,3
149128418788371,12549698404,3.9436707,8.869296,0.83748794,3
149128421288371,12552198404,3.9744785,8.865408,0.83060855,3
149128423788371,12554698404,3.9667017,8.850752,0.8216355,3
149128426288371,12557198404,3.9804604,8.838489,0.8315059,3
149128428788371,12559698404,3.9915273,8.833404,0.8279166,3
149128431288371,12562198404,3.9873397,8.841779,0.7917252,3
149128433788371,12564698404,3.9798622,8.8289175,0.8001001,3
149128436288371,12567198404,3.979264,8.839685,0.8009974,3
149128438788371,12569698404,3.9400816,8.854939,0.80847496,3
149128441288371,12572198404,3.9161534,8.863315,0.80847496,3
149128443788371,12574698404,3.9000018,8.873184,0.81595254,3
149128446288371,12577198404,3.8706896,8.871988,0.8243274,3
149128448788371,12579698404,3.848556,8.8854475,0.8240283,3
149128451288371,12582198404,3.8204405,8.896813,0.834796,3
149128453788371,12584698404,3.807579,8.904591,0.81565344,3
149128456288371,12587198404,3.7965121,8.906983,0.8362915,3
149128458788371,12589698404,3.7965121,8.91805,0.83748794,3
149128461288371,12592198404,3.7884364,8.921938,0.8566305,3
149128463788371,12594698404,3.7878382,8.924032,0.8560323,3
149128466288371,12597198404,3.8195431,8.905189,0.8970094,3
149128468788371,12599698404,3.827918,8.903394,0.86859465,3
149128471288371,12602198404,3.8377883,8.906983,0.8781659,3
149128473788371,12604698404,3.8530426,8.896515,0.90059865,3
149128476288371,12607198404,3.87727,8.89143,0.8808578,3
149128478788371,12609698404,3.8961134,8.883952,0.8817552,3
149128481288371,12612198404,3.9074793,8.883654,0.8790632,3
149128483788371,12614698404,3.905984,8.870791,0.85483587,3
149128486288371,12617198404,3.908975,8.865707,0.85483587,3
149128488788371,12619698404,3.903292,8.864211,0.84855473,3
149128491288371,12622198404,3.8964126,8.860024,0.82672024,3
149128493788371,12624698404,3.886542,8.865707,0.82701933,3
149128496288371,12627198404,3.868895,8.875577,0.8350951,3
149128498788371,12629698404,3.8617167,8.867203,0.81954175,3
149128501288371,12632198404,3.8470607,8.874979,0.82941216,3
149128503788371,12634698404,3.8467615,8.888439,0.8452646,3
149128506288371,12637198404,3.8264225,8.889635,0.83958167,3
149128508788371,12639698404,3.818646,8.914461,0.86530447,3
149128511288371,12642198404,3.8135612,8.926724,0.8805587,3
149128513788371,12644698404,3.8168511,8.924331,0.9000004,3
149128516288371,12647198404,3.8207395,8.9362955,0.895813,3
149128518788371,12649698404,3.8333018,8.938389,0.90508515,3
149128521288371,12652198404,3.8404803,8.950652,0.88325065,3
149128523788371,12654698404,3.8488553,8.953344,0.9029915,3
149128526288371,12657198404,3.8563328,8.955438,0.92153585,3
149128528788371,12659698404,3.8467615,8.979067,0.9029915,3
149128531288371,12662198404,3.8440695,8.988937,0.89042914,3
149128533788371,12664698404,3.8620157,8.98804,0.8790632,3
149128536288371,12667198404,3.862614,8.995518,0.86261255,3
149128538788371,12669698404,3.8647077,9.002098,0.8527422,3
149128541288371,12672198404,3.8641095,9.016754,0.85842514,3
149128543788371,12674698404,3.8668015,9.028419,0.8362915,3
149128546288371,12677198404,3.8694932,9.02483,0.84735835,3
149128548788371,12679698404,3.856931,9.032008,0.8458628,3
149128551288371,12682198404,3.850949,9.045467,0.83120674,3
149128553788371,12684698404,3.8434713,9.040981,0.8321041,3
149128556288371,12687198404,3.8339,9.042177,0.8111669,3
149128558788371,12689698404,3.8201413,9.042776,0.7899306,3
149128561288371,12692198404,3.8213377,9.046066,0.80518484,3
149128563788371,12694698404,3.8258243,9.022138,0.80817586,3
149128566288371,12697198404,3.807878,9.013762,0.7818548,3
149128568788371,12699698404,3.8027935,9.0029955,0.8039884,3
149128571288371,12702198404,3.8072798,8.986245,0.8315059,3
149128573788371,12704698404,3.818646,8.976076,0.8383852,3
149128576288371,12707198404,3.8359938,8.960822,0.8554341,3
149128578788371,12709698404,3.8407795,8.95783,0.85513496,3
149128581288371,12712198404,3.827918,8.943474,0.8703892,3
149128583788371,12714698404,3.8404803,8.927322,0.8772686,3
149128586288371,12717198404,3.8413777,8.92493,0.8811569,3
149128588788371,12719698404,3.8303108,8.915359,0.88384885,3
149128591288371,12722198404,3.828217,8.92134,0.88205427,3
149128593788371,12724698404,3.8288152,8.911469,0.8922237,3
149128596288371,12727198404,3.8267217,8.918648,0.89401835,3
149128598788371,12729698404,3.8347974,8.906684,0.9059825,3
149128601288371,12732198404,3.8557346,8.918349,0.9164511,3
149128603788371,12734698404,3.874578,8.91476,0.90029955,3
149128606288371,12737198404,3.874279,8.92822,0.90388876,3
149128608788371,12739698404,3.8757744,8.939884,0.89491564,3
149128611288371,12742198404,3.8931224,8.943474,0.8676973,3
149128613788371,12744698404,3.867998,8.950054,0.8790632,3
149128616288371,12747198404,3.8694932,8.958429,0.8757731,3
149128618788371,12749698404,3.865904,8.9566345,0.8536395,3
149128621288371,12752198404,3.8668015,8.964411,0.84436727,3
149128623788371,12754698404,3.8706896,8.966206,0.85034937,3
149128626288371,12757198404,3.8635113,8.965308,0.83090764,3
149128628788371,12759698404,3.8721852,8.971589,0.8362915,3
149128631288371,12762198404,3.8775692,8.960223,0.83718884,3
149128633788371,12764698404,3.87727,8.9566345,0.8258229,3
149128636288371,12767198404,3.8937206,8.948259,0.8422736,3
149128638788371,12769698404,3.9053857,8.941081,0.8536395,3
149128641288371,12772198404,3.9000018,8.928818,0.8350951,3
149128643788371,12774698404,3.9191444,8.9057865,0.83359957,3
149128646288371,12777198404,3.914957,8.907881,0.8599206,3
149128648788371,12779698404,3.9155552,8.887242,0.84855473,3
149128651288371,12782198404,3.9173498,8.872586,0.8632108,3
149128653788371,12784698404,3.9104705,8.868399,0.8745767,3
149128656288371,12787198404,3.894618,8.859127,0.8706883,3
149128658788371,12789698404,3.897609,8.859426,0.86919284,3
149128661288371,12792198404,3.8982072,8.851051,0.8644072,3
149128663788371,12794698404,3.8928235,8.867203,0.8635099,3
149128666288371,12797198404,3.8778682,8.863913,0.87936234,3
149128668788371,12799698404,3.8787656,8.883952,0.8925229,3
149128671288371,12802198404,3.867998,8.8956175,0.881456,3
149128673788371,12804698404,3.8611186,8.897711,0.8817552,3
149128676288371,12807198404,3.859922,8.912068,0.89312106,3
149128678788371,12809698404,3.8473597,8.918648,0.8659027,3
149128681288371,12812198404,3.8398821,8.946764,0.87158567,3
149128683788371,12814698404,3.8270206,8.953344,0.86261255,3
149128686288371,12817198404,3.8147576,8.959027,0.8599206,3
149128688788371,12819698404,3.8060834,8.972188,0.8491529,3
149128691288371,12822198404,3.8069808,8.970393,0.8497511,3
149128693788371,12824698404,3.7905302,8.967701,0.83389866,3
149128696288371,12827198404,3.790231,8.973683,0.8428718,3
149128698788371,12829698404,3.7917266,8.967103,0.8467601,3
149128701288371,12832198404,3.7989051,8.963813,0.83718884,3
149128703788371,12834698404,3.7971103,8.963513,0.8560323,3
149128706288371,12837198404,3.818945,8.95484,0.8709874,3
149128708788371,12839698404,3.821637,8.94138,0.8670991,3
149128711288371,12842198404,3.8258243,8.923733,0.88295156,3
149128713788371,12844698404,3.8374894,8.943174,0.89282197,3
149128716288371,12847198404,3.8470607,8.920144,0.8847462,3
149128718788371,12849698404,3.862315,8.913264,0.8865408,3
149128721288371,12852198404,3.8814573,8.912367,0.8970094,3
149128723788371,12854698404,3.8907297,8.912367,0.8766704,3
149128726288371,12857198404,3.8796628,8.88455,0.8847462,3
149128728788371,12859698404,3.8901315,8.896515,0.90059865,3
149128731288371,12862198404,3.8898323,8.889037,0.8952148,3
149128733788371,12864698404,3.8778682,8.892327,0.89730847,3
149128736288371,12867198404,3.8671005,8.899506,0.9173484,3
149128738788371,12869698404,3.862315,8.902496,0.9182457,3
149128741288371,12872198404,3.8437705,8.916854,0.9101699,3
149128743788371,12874698404,3.8410785,8.920144,0.9484551,3
149128746288371,12877198404,3.8273199,8.924331,0.93679005,3
149128748788371,12879698404,3.8204405,8.935996,0.93738824,3
149128751288371,12882198404,3.8183467,8.943474,0.92632145,3
149128753788371,12884698404,3.8258243,8.940483,0.9173484,3
149128756288371,12887198404,3.8264225,8.945269,0.9128618,3
149128758788371,12889698404,3.8198423,8.944072,0.90119684,3
149128761288371,12892198404,3.83061,8.951849,0.90508515,3
149128763788371,12894698404,3.8377883,8.937791,0.8880363,3
149128766288371,12897198404,3.8389847,8.933903,0.89461654,3
149128768788371,12899698404,3.8527436,8.933005,0.8853444,3
149128771288371,12902198404,3.8608193,8.943773,0.86919284,3
149128773788371,12904698404,3.8835511,8.943474,0.9092726,3
149128776288371,12907198404,3.885645,8.924032,0.90807617,3
149128778788371,12909698404,3.9035912,8.919845,0.8811569,3
149128781288371,12912198404,3.9200418,8.913564,0.8787641,3
149128783788371,12914698404,3.9188452,8.908179,0.8679964,3
149128786288371,12917198404,3.9251266,8.905189,0.8670991,3
149128788788371,12919698404,3.9400816,8.903095,0.86919284,3
149128791288371,12922198404,3.9269211,8.900702,0.85902333,3
149128793788371,12924698404,3.9257247,8.907581,0.84406817,3
149128796288371,12927198404,3.932006,8.91805,0.8330014,3
149128798788371,12929698404,3.935296,8.914461,0.8327023,3
149128801288371,12932198404,3.9245281,8.909974,0.8455637,3
149128803788371,12934698404,3.9317067,8.896215,0.88354975,3
149128806288371,12937198404,3.9436707,8.888439,0.8817552,3
149128808788371,12939698404,3.929314,8.901001,0.863809,3
149128811288371,12942198404,3.9302113,8.89143,0.87278205,3
149128813788371,12944698404,3.9338005,8.89113,0.8706883,3
149128816288371,12947198404,3.9308095,8.879765,0.8676973,3
149128818788371,12949698404,3.917948,8.868698,0.89342016,3
149128821288371,12952198404,3.9128633,8.871091,0.8662018,3
149128823788371,12954698404,3.9050865,8.868998,0.878465,3
149128826288371,12957198404,3.8997028,8.866305,0.87308115,3
149128828788371,12959698404,3.900301,8.863613,0.8808578,3
149128831288371,12962198404,3.8886359,8.870791,0.8668,3
149128833788371,12964698404,3.8847475,8.870791,0.8769695,3
149128836288371,12967198404,3.8700914,8.858828,0.88384885,3
149128838788371,12969698404,3.8671005,8.866604,0.86979103,3
149128841288371,12972198404,3.8425741,8.865408,0.8554341,3
149128843788371,12974698404,3.848556,8.873184,0.86171526,3
149128846288371,12977198404,3.830909,8.871091,0.8644072,3
149128848788371,12979698404,3.8273199,8.871689,0.85513496,3
149128851288371,12982198404,3.8401814,8.878269,0.85154575,3
149128853788371,12984698404,3.845565,8.880961,0.85034937,3
149128856288371,12987198404,3.8413777,8.879466,0.8668,3
149128858788371,12989698404,3.8530426,8.887542,0.8575278,3
149128861288371,12992198404,3.8605201,8.883654,0.84347,3
149128863788371,12994698404,3.8650067,8.888738,0.8566305,3
149128866288371,12997198404,3.879962,8.896515,0.85184485,3
149128868788371,12999698404,3.8880377,8.903992,0.8536395,3
149128871288371,13002198404,3.8793638,8.909974,0.85034937,3
149128873788371,13004698404,3.880261,8.913564,0.8488538,3
149128876288371,13007198404,3.8814573,8.921938,0.84017986,3
149128878788371,13009698404,3.8620157,8.923135,0.85244304,3
149128881288371,13012198404,3.8587255,8.930014,0.8665009,3
149128883788371,13014698404,3.862315,8.930313,0.86111706,3
149128886288371,13017198404,3.8602211,8.939884,0.8751749,3
149128888788371,13019698404,3.8644085,8.939286,0.8979067,3
149128891288371,13022198404,3.8578284,8.949157,0.89013004,3
149128893788371,13024698404,3.8503506,8.943474,0.87218386,3
149128896288371,13027198404,3.845266,8.942277,0.89042914,3
149128898788371,13029698404,3.8488553,8.947661,0.8916255,3
149128901288371,13032198404,3.8407795,8.946764,0.88414794,3
149128903788371,13034698404,3.8479578,8.9362955,0.8955139,3
149128906288371,13037198404,3.8635113,8.94796,0.8739785,3
149128908788371,13039698404,3.8464625,8.942876,0.87338024,3
149128911288371,13042198404,3.863212,8.938389,0.8970094,3
149128913788371,13044698404,3.856931,8.941081,0.90329057,3
149128916288371,13047198404,3.8503506,8.932108,0.8982058,3
149128918788371,13049698404,3.8700914,8.939884,0.90508515,3
149128921288371,13052198404,3.8605201,8.938688,0.8955139,3
149128923788371,13054698404,3.868596,8.939286,0.8982058,3
149128926288371,13057198404,3.8656049,8.939286,0.91495556,3
149128928788371,13059698404,3.865904,8.9312105,0.8997013,3
149128931288371,13062198404,3.8665023,8.925228,0.89102733,3
149128933788371,13064698404,3.865306,8.918349,0.89342016,3
149128936288371,13067198404,3.8790646,8.924331,0.881456,3
149128938788371,13069698404,3.8784664,8.926126,0.8889336,3
149128941288371,13072198404,3.87727,8.9312105,0.8874381,3
149128943788371,13074698404,3.8838503,8.92493,0.87158567,3
149128946288371,13077198404,3.8823547,8.928518,0.86231345,3
149128948788371,13079698404,3.8796628,8.92493,0.8641081,3
149128951288371,13082198404,3.8748772,8.944072,0.849452,3
149128953788371,13084698404,3.8751762,8.934501,0.8599206,3
149128956288371,13087198404,3.8904305,8.942876,0.86111706,3
149128958788371,13089698404,3.9008992,8.937491,0.85034937,3
149128961288371,13092198404,3.8985064,8.935398,0.83958167,3
149128963788371,13094698404,3.906283,8.945269,0.84406817,3
149128966288371,13097198404,3.8877387,8.944371,0.83748794,3
149128968788371,13099698404,3.8886359,8.957532,0.8147561,3
149128971288371,13102198404,3.894917,8.945269,0.83120674,3
149128973788371,13104698404,3.8880377,8.952447,0.83060855,3
149128976288371,13107198404,3.8820555,8.939286,0.83001035,3
149128978788371,13109698404,3.8811584,8.935697,0.83120674,3
149128981288371,13112198404,3.8874395,8.929715,0.8258229,3
149128983788371,13114698404,3.8886359,8.920144,0.817448,3
149128986288371,13117198404,3.876971,8.91476,0.86889374,3
149128988788371,13119698404,3.8820555,8.916854,0.86081797,3
149128991288371,13122198404,3.882953,8.919845,0.8632108,3
149128993788371,13124698404,3.886542,8.91476,0.88683987,3
149128996288371,13127198404,3.886243,8.909077,0.8811569,3
149128998788371,13129698404,3.879962,8.9013,0.8682955,3
149129001288371,13132198404,3.886243,8.905189,0.8979067,3
149129003788371,13134698404,3.897609,8.902796,0.87308115,3
149129006288371,13137198404,3.9077785,8.889037,0.8706883,3
149129008788371,13139698404,3.9176488,8.89502,0.8865408,3
149129011288371,13142198404,3.929314,8.901898,0.88265246,3
149129013788371,13144698404,3.9221354,8.899206,0.87248296,3
149129016288371,13147198404,3.9308095,8.904591,0.88295156,3
149129018788371,13149698404,3.940979,8.909675,0.8709874,3
149129021288371,13152198404,3.9332023,8.906385,0.8635099,3
149129023788371,13154698404,3.9338005,8.915359,0.878465,3
149129026288371,13157198404,3.9400816,8.907881,0.8712866,3
149129028788371,13159698404,3.9373896,8.899805,0.8542377,3
149129031288371,13162198404,3.9406798,8.906684,0.8563314,3
149129033788371,13164698404,3.9248273,8.926724,0.8575278,3
149129036288371,13167198404,3.9248273,8.914162,0.8222337,3
149129038788371,13169698404,3.912564,8.911469,0.81984085,3
149129041288371,13172198404,3.9038901,8.911469,0.8285148,3
149129043788371,13174698404,3.891926,8.913264,0.8213364,3
149129046288371,13177198404,3.8838503,8.917152,0.8386843,3
149129048788371,13179698404,3.8793638,8.932407,0.8344969,3
149129051288371,13182198404,3.880261,8.923733,0.8383852,3
149129053788371,13184698404,3.863212,8.918349,0.8425727,3
149129056288371,13187198404,3.85394,8.919247,0.8530413,3
149129058788371,13189698404,3.8416767,8.9108715,0.8392825,3
149129061288371,13192198404,3.8359938,8.912367,0.84825563,3
149129063788371,13194698404,3.8321054,8.906684,0.8449655,3
149129066288371,13197198404,3.8240297,8.909974,0.8359924,3
149129068788371,13199698404,3.8180475,8.917452,0.83060855,3
149129071288371,13202198404,3.8183467,8.9210415,0.8321041,3
149129073788371,13204698404,3.8081772,8.919845,0.8455637,3
149129076288371,13207198404,3.8150566,8.923434,0.8500503,3
149129078788371,13209698404,3.8114674,8.930911,0.85812604,3
149129081288371,13212198404,3.8359938,8.942576,0.8665009,3
149129083788371,13214698404,3.8315072,8.938389,0.85124665,3
149129086288371,13217198404,3.839284,8.933304,0.8575278,3
149129088788371,13219698404,3.848556,8.928818,0.83090764,3
149129091288371,13222198404,3.8533418,8.924331,0.8362915,3
149129093788371,13224698404,3.8665023,8.917751,0.8353942,3
149129096288371,13227198404,3.8736808,8.916854,0.82043904,3
149129098788371,13229698404,3.8647077,8.893225,0.8359924,3
149129101288371,13232198404,3.8832521,8.889635,0.86949193,3
149129103788371,13234698404,3.8775692,8.882157,0.8488538,3
149129106288371,13237198404,3.8766718,8.878867,0.875474,3
149129108788371,13239698404,3.889234,8.871689,0.8895318,3
149129111288371,13242198404,3.8940198,8.866903,0.87218386,3
149129113788371,13244698404,3.9044883,8.85823,0.88683987,3
149129116288371,13247198404,3.9083767,8.851949,0.91136634,3
149129118788371,13249698404,3.9161534,8.841479,0.8970094,3
149129121288371,13252198404,3.9215372,8.841181,0.90059865,3
149129123788371,13254698404,3.9335012,8.850154,0.9203394,3
149129126288371,13257198404,3.9364924,8.851649,0.91525465,3
149129128788371,13259698404,3.9200418,8.868698,0.91615194,3
149129131288371,13262198404,3.9340994,8.866903,0.92213404,3
149129133788371,13264698404,3.9317067,8.872287,0.90029955,3
149129136288371,13267198404,3.9281175,8.88784,0.8982058,3
149129138788371,13269698404,3.9176488,8.887242,0.887139,3
149129141288371,13272198404,3.9194436,8.892925,0.8596215,3
149129143788371,13274698404,3.9038901,8.890233,0.8428718,3
149129146288371,13277198404,3.8739798,8.881859,0.84735835,3
149129148788371,13279698404,3.85394,8.897412,0.81565344,3
149129151288371,13282198404,3.830909,8.892925,0.82701933,3
149129153788371,13284698404,3.7977087,8.903095,0.81984085,3
149129156288371,13287198404,3.7806597,8.899506,0.81954175,3
149129158788371,13289698404,3.7630126,8.901001,0.8315059,3
149129161288371,13292198404,3.7672002,8.900403,0.8500503,3
149129163788371,13294698404,3.7618163,8.890832,0.8455637,3
149129166288371,13297198404,3.7651064,8.883654,0.84765744,3
149129168788371,13299698404,3.7938204,8.878569,0.86201435,3
149129171288371,13302198404,3.8201413,8.859127,0.8659027,3
149129173788371,13304698404,3.8359938,8.841181,0.87218386,3
149129176288371,13307198404,3.8578284,8.82114,0.8766704,3
149129178788371,13309698404,3.886542,8.799007,0.87218386,3
149129181288371,13312198404,3.9056847,8.79482,0.85483587,3
149129183788371,13314698404,3.9421754,8.790932,0.8856435,3
149129186288371,13317198404,3.9580278,8.800203,0.90029955,3
149129188788371,13319698404,3.984648,8.809176,0.89371926,3
149129191288371,13322198404,4.007679,8.803793,0.8964112,3
149129193788371,13324698404,4.0187454,8.814561,0.875474,3
149129196288371,13327198404,4.022634,8.8238325,0.87188476,3
149129198788371,13329698404,4.0387855,8.8340025,0.86291164,3
149129201288371,13332198404,4.036991,8.842676,0.8575278,3
149129203788371,13334698404,4.0405803,8.86481,0.8327023,3
149129206288371,13337198404,4.023232,8.875876,0.84347,3
149129208788371,13339698404,4.016951,8.874082,0.8213364,3
149129211288371,13342198404,4.004688,8.889635,0.8120642,3
149129213788371,13344698404,3.9747775,8.89143,0.80518484,3
149129216288371,13347198404,3.9433718,8.907282,0.80907315,3
149129218788371,13349698404,3.92393,8.942277,0.80907315,3
149129221288371,13352198404,3.8988054,8.949456,0.81984085,3
149129223788371,13354698404,3.8811584,8.967103,0.8246265,3
149129226288371,13357198404,3.8647077,8.990732,0.83001035,3
149129228788371,13359698404,3.8503506,9.017652,0.8742776,3
149129231288371,13362198404,3.8476589,9.010174,0.8682955,3
149129233788371,13364698404,3.8440695,9.020044,0.8673982,3
149129236288371,13367198404,3.8374894,9.014062,0.8778668,3
149129238788371,13369698404,3.8380876,9.014361,0.86919284,3
149129241288371,13372198404,3.833601,9.009576,0.84436727,3
149129243788371,13374698404,3.8377883,9.019147,0.8560323,3
149129246288371,13377198404,3.8521454,9.001201,0.86530447,3
149129248788371,13379698404,3.845565,9.007781,0.83688974,3
149129251288371,13382198404,3.8575292,9.007781,0.8225328,3
149129253788371,13384698404,3.859623,8.99492,0.82612205,3
149129256288371,13387198404,3.868596,8.987143,0.80159557,3
149129258788371,13389698404,3.8560338,8.994321,0.8072785,3
149129261288371,13392198404,3.8503506,8.993723,0.82642114,3
149129263788371,13394698404,3.8602211,8.989237,0.7962117,3
149129266288371,13397198404,3.8434713,8.9928255,0.81894356,3
149129268788371,13399698404,3.8470607,8.996116,0.83090764,3
149129271288371,13402198404,3.8548372,8.984152,0.817448,3
149129273788371,13404698404,3.848556,8.984451,0.8276175,3
149129276288371,13407198404,3.867998,8.982058,0.82911307,3
149129278788371,13409698404,3.87727,8.969795,0.8168498,3
149129281288371,13412198404,3.882654,8.945567,0.8425727,3
149129283788371,13414698404,3.889234,8.941081,0.8389834,3
149129286288371,13417198404,3.8871403,8.906385,0.83718884,3
149129288788371,13419698404,3.8916268,8.899805,0.8467601,3
149129291288371,13422198404,3.8958144,8.892626,0.8605189,3
149129293788371,13424698404,3.8910286,8.876474,0.8599206,3
149129296288371,13427198404,3.8880377,8.871689,0.87248296,3
149129298788371,13429698404,3.9086757,8.872287,0.8952148,3
149129301288371,13432198404,3.8988054,8.874082,0.90448695,3
149129303788371,13434698404,3.8940198,8.875577,0.9173484,3
149129306288371,13437198404,3.9107695,8.870791,0.9236295,3
149129308788371,13439698404,3.9017963,8.882756,0.9131609,3
149129311288371,13442198404,3.885944,8.875577,0.9302098,3
149129313788371,13444698404,3.8844485,8.893225,0.933799,3
149129316288371,13447198404,3.8850467,8.895916,0.91555375,3
149129318788371,13449698404,3.8694932,8.899206,0.919143,3
149129321288371,13452198404,3.868895,8.903095,0.927817,3
149129323788371,13454698404,3.8554354,8.915359,0.9089735,3
149129326288371,13457198404,3.845565,8.921938,0.89102733,3
149129328788371,13459698404,3.8440695,8.915657,0.8985049,3
149129331288371,13462198404,3.8374894,8.918648,0.8967103,3
149129333788371,13464698404,3.830909,8.92493,0.88414794,3
149129336288371,13467198404,3.816253,8.938389,0.8970094,3
149129338788371,13469698404,3.8237305,8.9521475,0.87996054,3
149129341288371,13472198404,3.8333018,8.946465,0.86979103,3
149129343788371,13474698404,3.8327036,8.953643,0.8709874,3
149129346288371,13477198404,3.8273199,8.959625,0.86171526,3
149129348788371,13479698404,3.8476589,8.959625,0.8542377,3
149129351288371,13482198404,3.845266,8.962616,0.85872424,3
149129353788371,13484698404,3.8425741,8.957532,0.8560323,3
149129356288371,13487198404,3.8431723,8.963513,0.8321041,3
149129358788371,13489698404,3.8479578,8.960223,0.83359957,3
149129361288371,13492198404,3.8518462,8.95454,0.8255238,3
149129363788371,13494698404,3.8321054,8.962616,0.8321041,3
149129366288371,13497198404,3.8324046,8.96471,0.8344969,3
149129368788371,13499698404,3.8344984,8.96142,0.8333005,3
149129371288371,13502198404,3.839284,8.959625,0.8177471,3
149129373788371,13504698404,3.8276188,8.96471,0.84107715,3
149129376288371,13507198404,3.844967,8.955139,0.8572287,3
149129378788371,13509698404,3.8371902,8.95125,0.8500503,3
149129381288371,13512198404,3.8446677,8.946465,0.84406817,3
149129383788371,13514698404,3.8479578,8.940184,0.8467601,3
149129386288371,13517198404,3.8404803,8.945269,0.8425727,3
149129388788371,13519698404,3.836293,8.915059,0.8497511,3
149129391288371,13522198404,3.8407795,8.904889,0.8359924,3
149129393788371,13524698404,3.8383865,8.889635,0.846461,3
149129396288371,13527198404,3.8407795,8.8956175,0.8428718,3
149129398788371,13529698404,3.8500516,8.894421,0.84825563,3
149129401288371,13532198404,3.8536408,8.891729,0.8386843,3
149129403788371,13534698404,3.8694932,8.892626,0.8527422,3
149129406288371,13537198404,3.8898323,8.886644,0.846461,3
149129408788371,13539698404,3.8904305,8.89472,0.8315059,3
149129411288371,13542198404,3.889234,8.880662,0.8662018,3
149129413788371,13544698404,3.909274,8.869894,0.8862417,3
149129416288371,13547198404,3.9137604,8.866903,0.8757731,3
149129418788371,13549698404,3.9194436,8.868698,0.88235337,3
149129421288371,13552198404,3.9284165,8.859127,0.8805587,3
149129423788371,13554698404,3.9415772,8.876474,0.89102733,3
149129426288371,13557198404,3.9675992,8.883654,0.8985049,3
149129428788371,13559698404,3.97059,8.885149,0.88325065,3
149129431288371,13562198404,3.9783669,8.891729,0.87637126,3
149129433788371,13564698404,3.9810586,8.897113,0.8844471,3
149129436288371,13567198404,3.9858444,8.896215,0.8805587,3
149129438788371,13569698404,3.9756749,8.900104,0.84765744,3
149129441288371,13572198404,3.9828532,8.919247,0.849452,3
149129443788371,13574698404,3.9681973,8.915359,0.83958167,3
149129446288371,13577198404,3.9625144,8.914162,0.8330014,3
149129448788371,13579698404,3.952345,8.917751,0.8380861,3
149129451288371,13582198404,3.949952,8.914162,0.8488538,3
149129453788371,13584698404,3.9340994,8.916255,0.83389866,3
149129456288371,13587198404,3.915256,8.912367,0.84795654,3
149129458788371,13589698404,3.926323,8.912367,0.8563314,3
149129461288371,13592198404,3.9146578,8.896515,0.84795654,3
149129463788371,13594698404,3.9006,8.887242,0.86141616,3
149129466288371,13597198404,3.8955152,8.892028,0.8560323,3
149129468788371,13599698404,3.8760736,8.878867,0.8593224,3
149129471288371,13602198404,3.85394,8.876176,0.8647063,3
149129473788371,13604698404,3.8572302,8.866604,0.89072824,3
149129476288371,13607198404,3.8503506,8.862716,0.8676973,3
149129478788371,13609698404,3.8404803,8.855537,0.881456,3
149129481288371,13612198404,3.830909,8.864511,0.88205427,3
149129483788371,13614698404,3.8264225,8.877372,0.8883354,3
149129486288371,13617198404,3.8204405,8.907581,0.90358967,3
149129488788371,13619698404,3.8099718,8.898309,0.91465646,3
149129491288371,13622198404,3.8264225,8.932407,0.8982058,3
149129493788371,13624698404,3.824329,8.949157,0.8856435,3
149129496288371,13627198404,3.8228333,8.953942,0.90329057,3
149129498788371,13629698404,3.8294137,8.975777,0.8913264,3
149129501288371,13632198404,3.8333018,8.975179,0.875474,3
149129503788371,13634698404,3.8515472,8.983254,0.8853444,3
149129506288371,13637198404,3.8647077,8.976076,0.875474,3
149129508788371,13639698404,3.8407795,8.987143,0.89371926,3
149129511288371,13642198404,3.8479578,8.981161,0.89730847,3
149129513788371,13644698404,3.8638103,8.992527,0.85244304,3
149129516288371,13647198404,3.8952162,8.986844,0.8389834,3
149129518788371,13649698404,3.944269,8.988339,0.84047896,3
149129521288371,13652198404,3.984648,8.970094,0.8383852,3
149129523788371,13654698404,3.9963129,8.980562,0.83688974,3
149129526288371,13657198404,4.0040894,8.963513,0.82971126,3
149129528788371,13659698404,4.016951,8.961719,0.8243274,3
149129531288371,13662198404,4.0040894,8.950353,0.83030945,3
149129533788371,13664698404,3.9930227,8.923434,0.81595254,3
149129536288371,13667198404,3.9894335,8.917152,0.7893324,3
149129538788371,13669698404,3.9756749,8.896515,0.799801,3
149129541288371,13672198404,3.952345,8.880064,0.79531443,3
149129543788371,13674698404,3.9155552,8.878269,0.79920274,3
149129546288371,13677198404,3.8850467,8.862716,0.81954175,3
149129548788371,13679698404,3.862614,8.852845,0.83120674,3
149129551288371,13682198404,3.830909,8.850752,0.8249256,3
149129553788371,13684698404,3.8141594,8.854939,0.8527422,3
149129556288371,13687198404,3.792624,8.853444,0.86141616,3
149129558788371,13689698404,3.7800615,8.85823,0.863809,3
149129561288371,13692198404,3.7764723,8.865408,0.8859426,3
149129563788371,13694698404,3.7827535,8.865707,0.8913264,3
149129566288371,13697198404,3.7794633,8.867801,0.88295156,3
149129568788371,13699698404,3.7875392,8.869296,0.8883354,3
149129571288371,13702198404,3.8147576,8.853743,0.89431745,3
149129573788371,13704698404,3.8246279,8.868698,0.8778668,3
149129576288371,13707198404,3.8575292,8.87797,0.8700901,3
149129578788371,13709698404,3.8853457,8.880961,0.86231345,3
149129581288371,13712198404,3.9128633,8.878867,0.8392825,3
149129583788371,13714698404,3.9403806,8.89113,0.84406817,3
149129586288371,13717198404,3.9604206,8.900403,0.85483587,3
149129588788371,13719698404,3.9640098,8.894421,0.8497511,3
149129591288371,13722198404,3.9714873,8.881859,0.87637126,3
149129593788371,13724698404,3.9747775,8.887542,0.87966144,3
149129596288371,13727198404,3.979264,8.887242,0.83060855,3
149129598788371,13729698404,4.004688,8.896515,0.7965108,3
149129601288371,13732198404,4.028616,8.909376,0.78843504,3
149129603788371,13734698404,4.0444684,8.910274,0.7588239,3
149129606288371,13737198404,4.048357,8.91476,0.75284183,3
149129608788371,13739698404,4.0441694,8.919545,0.7576275,3
149129611288371,13742198404,4.0244284,8.924032,0.7710871,3
149129613788371,13744698404,3.9981074,8.935398,0.7785647,3
149129616288371,13747198404,3.978965,8.938987,0.80757767,3
149129618788371,13749698404,3.9433718,8.948259,0.80548394,3
149129621288371,13752198404,3.9203408,8.945867,0.8353942,3
149129623788371,13754698404,3.8880377,8.932407,0.84406817,3
149129626288371,13757198404,3.8521454,8.930313,0.8536395,3
149129628788371,13759698404,3.8347974,8.925528,0.88354975,3
149129631288371,13762198404,3.8237305,8.912367,0.89013004,3
149129633788371,13764698404,3.801298,8.903095,0.88414794,3
149129636288371,13767198404,3.7965121,8.906684,0.9059825,3
149129638788371,13769698404,3.7839499,8.899805,0.93589276,3
149129641288371,13772198404,3.7758741,8.900403,0.9490533,3
149129643788371,13774698404,3.7686956,8.898608,0.9631111,3
149129646288371,13777198404,3.7734814,8.887542,0.97896355,3
149129648788371,13779698404,3.7719858,8.891729,0.96759766,3
149129651288371,13782198404,3.7812579,8.907282,0.9939187,3
149129653788371,13784698404,3.7890346,8.900403,0.9906286,3
149129656288371,13787198404,3.7914274,8.900403,0.96849495,3
149129658788371,13789698404,3.798606,8.900403,0.9693923,3
149129661288371,13792198404,3.8204405,8.909376,0.96909314,3
149129663788371,13794698404,3.8264225,8.918648,0.939482,3
149129666288371,13797198404,3.8288152,8.928518,0.9296116,3
149129668788371,13799698404,3.8581274,8.934501,0.9176475,3
149129671288371,13802198404,3.8641095,8.941081,0.895813,3
149129673788371,13804698404,3.8781674,8.95125,0.8886345,3
149129676288371,13807198404,3.8937206,8.9566345,0.85902333,3
149129678788371,13809698404,3.8994036,8.95783,0.8428718,3
149129681288371,13812198404,3.8964126,8.966206,0.8330014,3
149129683788371,13814698404,3.9080775,8.95783,0.82612205,3
149129686288371,13817198404,3.9146578,8.95783,0.8117651,3
149129688788371,13819698404,3.9101713,8.969795,0.81595254,3
149129691288371,13822198404,3.906582,8.95813,0.8138588,3
149129693788371,13824698404,3.900301,8.955139,0.8069794,3
149129696288371,13827198404,3.9035912,8.95454,0.82911307,3
149129698788371,13829698404,3.903292,8.9348,0.82672024,3
149129701288371,13832198404,3.886542,8.9312105,0.80937225,3
149129703788371,13834698404,3.8898323,8.928518,0.82941216,3
149129706288371,13837198404,3.8895333,8.932407,0.82731843,3
149129708788371,13839698404,3.8784664,8.941081,0.8350951,3
149129711288371,13842198404,3.874279,8.95484,0.86081797,3
149129713788371,13844698404,3.882654,8.956036,0.85034937,3
149129716288371,13847198404,3.8691943,8.986245,0.8365906,3
149129718788371,13849698404,3.8605201,8.970991,0.8644072,3
149129721288371,13852198404,3.8694932,8.977871,0.8542377,3
149129723788371,13854698404,3.854239,8.983852,0.84825563,3
149129726288371,13857198404,3.8464625,8.99492,0.8566305,3
149129728788371,13859698404,3.8437705,9.004191,0.84436727,3
149129731288371,13862198404,3.8500516,9.01466,0.8542377,3
149129733788371,13864698404,3.8380876,9.035298,0.8557332,3
149129736288371,13867198404,3.8551364,9.042776,0.85872424,3
149129738788371,13869698404,3.8602211,9.040084,0.85214394,3
149129741288371,13872198404,3.8847475,9.02812,0.8344969,3
149129743788371,13874698404,3.906881,9.019445,0.82731843,3
149129746288371,13877198404,3.9311085,9.01795,0.82043904,3
149129748788371,13879698404,3.946961,8.99133,0.82313097,3
149129751288371,13882198404,3.9753757,8.984451,0.785444,3
149129753788371,13884698404,3.9843488,8.949157,0.78664047,3
149129756288371,13887198404,4.01396,8.920144,0.77587277,3
149129758788371,13889698404,4.0298123,8.888738,0.76660055,3
149129761288371,13892198404,4.031906,8.860921,0.7588239,3
149129763788371,13894698404,4.0390844,8.823235,0.78664047,3
149129766288371,13897198404,4.0381875,8.793922,0.78723866,3
149129768788371,13899698404,4.0244284,8.773284,0.7797611,3
149129771288371,13902198404,4.011567,8.734101,0.7962117,3
149129773788371,13904698404,3.9885364,8.707781,0.82672024,3
149129776288371,13907198404,3.9714873,8.689237,0.82911307,3
149129778788371,13909698404,3.9511483,8.672486,0.86201435,3
149129781288371,13912198404,3.9146578,8.651849,0.87637126,3
149129783788371,13914698404,3.903292,8.656036,0.87367934,3
149129786288371,13917198404,3.8943188,8.641081,0.8967103,3
149129788788296,13919698329,3.9041893,8.635996,0.90538424,3
149129791288296,13922198329,3.9110687,8.638688,0.9137592,3
149129793788296,13924698329,3.917948,8.635697,0.9400802,3
149129796288296,13927198329,3.9311085,8.630313,0.90508515,3
149129798788296,13929698329,3.935595,8.643773,0.9194421,3
149129801288296,13932198329,3.950251,8.640183,0.93320084,3
149129803788296,13934698329,3.9595232,8.649755,0.90149593,3
149129806288296,13937198329,3.9828532,8.6706915,0.8817552,3
149129808788296,13939698329,4.0031924,8.667701,0.8925229,3
149129811288296,13942198329,4.024728,8.676076,0.8811569,3
149129813788296,13944698329,4.0295134,8.693424,0.87936234,3
149129816288296,13947198329,4.0151563,8.733205,0.8955139,3
149129818788296,13949698329,3.999603,8.752048,0.8853444,3
149129821288296,13952198329,3.987938,8.793324,0.87308115,3
149129823788296,13954698329,3.9891346,8.825927,0.8766704,3
149129826288296,13957198329,3.976273,8.849555,0.8461619,3
149129828788296,13959698329,3.9768713,8.870791,0.84077805,3
149129831288296,13962198329,3.9951165,8.908479,0.84735835,3
149129833788296,13964698329,3.9855452,8.92463,0.84436727,3
149129836288296,13967198329,3.9753757,8.955737,0.85483587,3
149129838788296,13969698329,3.9490547,8.983254,0.8673982,3
149129841288296,13972198329,3.9230328,9.004191,0.8557332,3
149129843788296,13974698329,3.8982072,9.031111,0.82731843,3
149129846288296,13977198329,3.8760736,9.065806,0.85214394,3
149129848788296,13979698329,3.8473597,9.08136,0.8279166,3
149129851288296,13982198329,3.8009987,9.09811,0.80817586,3
149129853788296,13984698329,3.7528431,9.102596,0.8132606,3
149129856288296,13987198329,3.6951163,9.116355,0.8102696,3
149129858788296,13989698329,3.6571302,9.124431,0.8138588,3
149129861288296,13992198329,3.6200416,9.125328,0.85094756,3
149129863788296,13994698329,3.5799618,9.104989,0.8449655,3
149129866288296,13997198329,3.5617166,9.085547,0.84765744,3
149129868788296,13999698329,3.5694933,9.044869,0.88683987,3
149129871288296,14002198329,3.572185,9.019745,0.91615194,3
149129873788296,14004698329,3.566502,9.014062,0.93290174,3
149129876288296,14007198329,3.5590246,8.975179,0.93260264,3
149129878788296,14009698329,3.5617166,8.962018,0.8883354,3
149129881288296,14012198329,3.585944,8.937491,0.8859426,3
149129883788296,14014698329,3.6146576,8.9210415,0.90388876,3
149129886288296,14017198329,3.656233,8.893225,0.9269197,3
149129888788296,14019698329,3.6951163,8.878269,0.9340981,3
149129891288296,14022198329,3.737589,8.868399,0.9454641,3
149129893788296,14024698329,3.7701912,8.853145,0.94396853,3
149129896288296,14027198329,3.789932,8.883354,0.9242278,3
149129898788296,14029698329,3.8315072,8.879466,0.9233304,3
149129901288296,14032198329,3.8638103,8.877073,0.9170493,3
149129903788296,14034698329,3.9158542,8.870493,0.9029915,3
149129906288296,14037198329,3.9541395,8.862118,0.9065807,3
149129908788296,14039698329,3.9768713,8.868399,0.8847462,3
149129911288296,14042198329,4.013661,8.872586,0.8644072,3
149129913788296,14044698329,4.031308,8.895916,0.8500503,3
149129916288296,14047198329,4.0292144,8.877372,0.8279166,3
149129918788296,14049698329,4.0310087,8.886046,0.81894356,3
149129921288296,14052198329,4.0331025,8.888439,0.8389834,3
149129923788296,14054698329,4.028915,8.893823,0.81834537,3
149129926288296,14057198329,4.011567,8.893225,0.8279166,3
149129928788296,14059698329,4.004987,8.88455,0.8539386,3
149129931288296,14062198329,4.0148573,8.892626,0.85184485,3
149129933788296,14064698329,4.0100718,8.89801,0.8883354,3
149129936288296,14067198329,4.019643,8.893823,0.92183495,3
149129938788296,14069698329,4.0298123,8.899506,0.942473,3
149129941288296,14072198329,4.046562,8.886046,0.9693923,3
149129943788296,14074698329,4.080062,8.880064,0.9822537,3
149129946288296,14077198329,4.0797625,8.913264,0.9942178,3
149129948788296,14079698329,4.074379,8.91476,0.9939187,3
149129951288296,14082198329,4.0552363,8.924032,0.99631155,3
149129953788296,14084698329,4.0417767,8.946465,0.99720883,3
149129956288296,14087198329,4.028317,8.975478,0.97477615,3
149129958788296,14089698329,4.011268,8.993125,0.9562318,3
149129961288296,14092198329,3.987639,8.999705,0.92512506,3
149129963788296,14094698329,3.9661036,9.032606,0.87637126,3
149129966288296,14097198329,3.92722,9.050552,0.8805587,3
149129968788296,14099698329,3.8982072,9.072686,0.86949193,3
149129971288296,14102198329,3.885944,9.095418,0.87308115,3
149129973788296,14104698329,3.8587255,9.099306,0.8700901,3
149129976288296,14107198329,3.842873,9.12832,0.83359957,3
149129978788296,14109698329,3.824927,9.140882,0.8353942,3
149129981288296,14112198329,3.8096728,9.126823,0.82672024,3
149129983788296,14114698329,3.8120656,9.128918,0.794118,3
149129986288296,14117198329,3.7974095,9.116654,0.8006983,3
149129988788296,14119698329,3.798307,9.095418,0.80877405,3
149129991288296,14122198329,3.7773697,9.075677,0.79830545,3
149129993788296,14124698329,3.7663028,9.052647,0.80189466,3
149129996288296,14127198329,3.7803607,9.022736,0.8168498,3
149129998788296,14129698329,3.7866418,9.002397,0.8147561,3
149130001288296,14132198329,3.804588,8.969196,0.83120674,3
149130003788296,14134698329,3.8168511,8.944371,0.83001035,3
149130006288296,14137198329,3.8234315,8.911469,0.8365906,3
149130008788296,14139698329,3.8359938,8.887542,0.87248296,3
149130011288296,14142198329,3.8344984,8.859127,0.88265246,3
149130013788296,14144698329,3.8368912,8.8340025,0.8542377,3
149130016288296,14147198329,3.8359938,8.820244,0.85872424,3
149130018788296,14149698329,3.8398821,8.801699,0.8757731,3
149130021288296,14152198329,3.8389847,8.805288,0.8790632,3
149130023788296,14154698329,3.8545382,8.809476,0.89730847,3
149130026288296,14157198329,3.8524444,8.814859,0.9206385,3
149130028788296,14159698329,3.8554354,8.825328,0.9275179,3
149130031288296,14162198329,3.8665023,8.846864,0.93320084,3
149130033788296,14164698329,3.8691943,8.855238,0.94725865,3
149130036288296,14167198329,3.8724844,8.8746805,0.9287143,3
149130038788296,14169698329,3.8868413,8.891729,0.94307125,3
149130041288296,14172198329,3.8913279,8.910274,0.9523434,3
149130043788296,14174698329,3.9038901,8.919247,0.9296116,3
149130046288296,14177198329,3.9083767,8.941978,0.92931247,3
149130048788296,14179698329,3.8874395,8.959027,0.92572325,3
149130051288296,14182198329,3.8730826,8.962018,0.92213404,3
149130053788296,14184698329,3.8671005,8.986844,0.8985049,3
149130056288296,14187198329,3.8488553,9.007482,0.9026923,3
149130058788296,14189698329,3.8554354,9.014361,0.8751749,3
149130061288296,14192198329,3.8736808,9.026625,0.86081797,3
149130063788296,14194698329,3.8841493,9.025727,0.86261255,3
149130066288296,14197198329,3.8937206,9.039486,0.8679964,3
149130068788296,14199698329,3.8676987,9.046964,0.8739785,3
149130071288296,14202198329,3.845266,9.048459,0.9086744,3
149130073788296,14204698329,3.8425741,9.041281,0.8892327,3
149130076288296,14207198329,3.824329,9.034401,0.91136634,3
149130078788296,14209698329,3.8111682,9.030213,0.91854477,3
149130081288296,14212198329,3.8001015,9.02124,0.91136634,3
149130083788296,14214698329,3.7860436,9.010472,0.9212367,3
149130086288296,14217198329,3.7713876,8.988339,0.92602235,3
149130088788296,14219698329,3.7507496,8.951849,0.9499506,3
149130091288296,14222198329,3.7357943,8.945867,0.94755775,3
149130093788296,14224698329,3.7354953,8.907282,0.9451649,3
149130096288296,14227198329,3.7295132,8.894421,0.96460664,3
149130098788296,14229698329,3.7307096,8.877671,0.9825528,3
149130101288296,14232198329,3.7447674,8.857632,0.98674023,3
149130103788296,14234698329,3.7540395,8.825029,0.98674023,3
149130106288296,14237198329,3.769593,8.801998,0.9819546,3
149130108788296,14239698329,3.7848473,8.795717,0.98614204,3
149130111288296,14242198329,3.8051863,8.782257,0.9873384,3
149130113788296,14244698329,3.8168511,8.771191,0.9711869,3
149130116288296,14247198329,3.8192441,8.7682,0.9661021,3
149130118788296,14249698329,3.8330028,8.766405,0.9631111,3
149130121288296,14252198329,3.8407795,8.775677,0.96729857,3
149130123788296,14254698329,3.850949,8.779266,0.96550393,3
149130126288296,14257198329,3.8763726,8.787642,0.9664012,3
149130128788296,14259698329,3.9000018,8.800801,0.96490574,3
149130131288296,14262198329,3.9332023,8.82144,0.96759766,3
149130133788296,14264698329,3.9655054,8.828618,0.94636136,3
149130136288296,14267198329,3.9831524,8.828618,0.9388838,3
149130138788296,14269698329,4.014259,8.844471,0.919143,3
149130141288296,14272198329,4.039982,8.82473,0.90029955,3
149130143788296,14274698329,4.0531425,8.819944,0.8706883,3
149130146288296,14277198329,4.054937,8.8238325,0.85034937,3
149130148788296,14279698329,4.05075,8.82473,0.8344969,3
149130151288296,14282198329,4.0510488,8.814261,0.8327023,3
149130153788296,14284698329,4.025924,8.809476,0.8219346,3
149130156288296,14287198329,4.0277185,8.8340025,0.8356933,3
149130158788296,14289698329,4.006183,8.840283,0.8497511,3
149130161288296,14292198329,3.9951165,8.848359,0.86111706,3
149130163788296,14294698329,3.9825542,8.8651085,0.8874381,3
149130166288296,14297198329,3.9687955,8.88455,0.9179466,3
149130168788296,14299698329,3.9484565,8.888439,0.9269197,3
149130171288296,14302198329,3.972684,8.886345,0.9299107,3
149130173788296,14304698329,3.9711883,8.89472,0.94785684,3
149130176288296,14307198329,3.9490547,8.895916,0.9508479,3
149130178788296,14309698329,3.9364924,8.896813,0.9269197,3
149130181288296,14312198329,3.9335012,8.880662,0.8994022,3
149130183788296,14314698329,3.9415772,8.880363,0.8739785,3
149130186288296,14317198329,3.9343987,8.871988,0.8811569,3
149130188788296,14319698329,3.9098723,8.886046,0.8955139,3
149130191288296,14322198329,3.906582,8.8854475,0.91136634,3
149130193788296,14324698329,3.9050865,8.891729,0.91196454,3
149130196288296,14327198329,3.8967116,8.906983,0.9092726,3
149130198788296,14329698329,3.8835511,8.911769,0.9083753,3
149130201288296,14332198329,3.8943188,8.916554,0.9077771,3
149130203788296,14334698329,3.8739798,8.912367,0.8889336,3
149130206288296,14337198329,3.8691943,8.9108715,0.89491564,3
149130208788296,14339698329,3.8775692,8.910274,0.90119684,3
149130211288296,14342198329,3.882654,8.912367,0.9137592,3
149130213788296,14344698329,3.8973098,8.905189,0.8982058,3
149130216288296,14347198329,3.9146578,8.889635,0.8856435,3
149130218788296,14349698329,3.9197426,8.892925,0.88384885,3
149130221288296,14352198329,3.9221354,8.878867,0.8676973,3
149130223788296,14354698329,3.9242291,8.85823,0.8778668,3
149130226288296,14357198329,3.932604,8.846864,0.8964112,3
149130228788296,14359698329,3.9520457,8.842676,0.89072824,3
149130231288296,14362198329,3.955934,8.842377,0.90508515,3
149130233788296,14364698329,3.970291,8.825927,0.9296116,3
149130236288296,14367198329,3.9430726,8.823235,0.9517452,3
149130238788296,14369698329,3.8739798,8.814261,0.9723833,3
149130241288296,14372198329,3.8997028,8.822337,0.9445667,3
149130243788296,14374698329,3.969992,8.780462,0.88235337,3
149130246288296,14377198329,3.9804604,8.760722,0.8862417,3
149130248788296,14379698329,3.9864426,8.777172,0.9403793,3
149130251288296,14382198329,3.9613178,8.813364,0.9762716,3
149130253788296,14384698329,3.92393,8.82443,0.9906286,3
149130256288296,14387198329,3.9203408,8.82802,0.9661021,3
149130258788296,14389698329,3.9305103,8.825328,0.94725865,3
149130261288296,14392198329,3.9427736,8.830712,0.9170493,3
149130263788296,14394698329,3.9278183,8.835796,0.9065807,3
149130266288296,14397198329,3.9308095,8.859426,0.92662054,3
149130268788296,14399698329,3.9290147,8.871689,0.9245269,3
149130271288296,14402198329,3.926622,8.876474,0.92542416,3
149130273788296,14404698329,3.9376888,8.906086,0.9421739,3
149130276288296,14407198329,3.9388852,8.9210415,0.9616156,3
149130278788296,14409698329,3.9421754,8.95454,0.94695956,3
149130281288296,14412198329,3.938287,8.9826565,0.92572325,3
149130283788296,14414698329,3.9340994,8.981759,0.9290134,3
149130286288296,14417198329,3.9227335,9.002696,0.942473,3
149130288788296,14419698329,3.9083767,9.023932,0.9502497,3
149130291288296,14422198329,3.897908,9.05474,0.95682997,3
149130293788296,14424698329,3.8910286,9.07807,0.974477,3
149130296288296,14427198329,3.8928235,9.087043,0.9637093,3
149130298788296,14429698329,3.897908,9.106186,0.9514461,3
149130301288296,14432198329,3.885645,9.117552,0.9589237,3
149130303788296,14434698329,3.8751762,9.104092,0.92931247,3
149130306288296,14437198329,3.879962,9.092427,0.9275179,3
149130308788296,14439698329,3.8718863,9.075976,0.90388876,3
149130311288296,14442198329,3.851248,9.0646105,0.8742776,3
149130313788296,14444698329,3.8240297,9.041579,0.86560357,3
149130316288296,14447198329,3.7426736,9.006584,0.8856435,3
149130318788296,14449698329,3.7704902,9.006286,0.8389834,3
149130321288296,14452198329,3.8099718,8.978169,0.8225328,3
149130323788296,14454698329,3.8377883,8.929416,0.834796,3
149130326288296,14457198329,3.8267217,8.918648,0.8673982,3
149130328788296,14459698329,3.825226,8.906983,0.8853444,3
149130331288296,14462198329,3.8479578,8.868399,0.9382856,3
149130333788296,14464698329,3.87727,8.842377,1.0085747,3
149130336288296,14467198329,3.8847475,8.826225,1.0115658,3
149130338788296,14469698329,3.879962,8.819346,0.9810573,3
149130341288296,14472198329,3.8814573,8.819047,0.9107681,3
149130343788296,14474698329,3.8751762,8.812766,0.8575278,3
149130346288296,14477198329,3.8838503,8.801998,0.84107715,3
149130348788296,14479698329,3.909573,8.778967,0.8315059,3
149130351288296,14482198329,3.94397,8.752646,0.85154575,3
149130353788296,14484698329,3.9628134,8.754142,0.8739785,3
149130356288296,14487198329,3.9711883,8.756535,0.8922237,3
149130358788296,14489698329,3.9804604,8.775976,0.91884387,3
149130361288296,14492198329,3.9777687,8.795118,0.8970094,3
149130363788296,14494698329,3.9858444,8.8085785,0.8673982,3
149130366288296,14497198329,4.0031924,8.802896,0.8778668,3
149130368788296,14499698329,3.999304,8.813364,0.8560323,3
149130371288296,14502198329,4.0037904,8.821739,0.8539386,3
149130373788296,14504698329,4.005884,8.829815,0.849452,3
149130376288296,14507198329,3.9972103,8.841479,0.84406817,3
149130378788296,14509698329,3.987938,8.857033,0.8246265,3
149130381288296,14512198329,3.9774694,8.8854475,0.81924266,3
149130383788296,14514698329,3.9610188,8.875577,0.8222337,3
149130386288296,14517198329,3.9194436,8.888738,0.8560323,3
149130388788296,14519698329,3.9170506,8.896515,0.8389834,3
149130391288296,14522198329,3.9774694,8.905189,0.82731843,3
149130393788296,14524698329,4.0064826,8.909974,0.8491529,3
149130396288296,14527198329,4.019344,8.918648,0.8853444,3
149130398788296,14529698329,4.0268216,8.95155,0.9089735,3
149130401288296,14532198329,4.011567,8.971291,0.9311071,3
149130403788296,14534698329,4.002594,8.976974,0.93708915,3
149130406288296,14537198329,4.002594,8.979366,0.9287143,3
149130408788296,14539698329,3.9924245,8.99133,0.8982058,3
149130411288296,14542198329,3.9804604,8.994022,0.8775677,3
149130413788296,14544698329,3.9421754,9.000603,0.8790632,3
149130416288296,14547198329,3.9110687,9.004789,0.87188476,3
149130418788296,14549698329,3.8757744,9.017352,0.87607217,3
149130421288296,14552198329,3.8479578,9.026625,0.8925229,3
149130423788296,14554698329,3.824329,9.044869,0.9020941,3
149130426288296,14557198329,3.801896,9.035598,0.9101699,3
149130428788296,14559698329,3.7848473,9.029615,0.9299107,3
149130431288296,14562198329,3.7707894,9.029615,0.930808,3
149130433788296,14564698329,3.7570307,9.02453,0.95653087,3
149130436288296,14567198329,3.7432718,9.001201,0.9631111,3
149130438788296,14569698329,3.734299,8.992527,0.9774681,3
149130441288296,14572198329,3.7477584,8.978469,0.994816,3
149130443788296,14574698329,3.7468612,8.956335,0.9927223,3
149130446288296,14577198329,3.7546377,8.938987,0.9798609,3
149130448788296,14579698329,3.7692938,8.917152,0.98973125,3
149130451288296,14582198329,3.7920256,8.909675,0.99032944,3
149130453788296,14584698329,3.8072798,8.880363,0.97866446,3
149130456288296,14587198329,3.8144584,8.859725,0.9592228,3
149130458788296,14589698329,3.8228333,8.849555,0.9664012,3
149130461288296,14592198329,3.8240297,8.843574,0.98524475,3
149130463788296,14594698329,3.8557346,8.832208,0.9933205,3
149130466288296,14597198329,3.865306,8.816355,0.9834501,3
149130468788296,14599698329,3.8871403,8.83161,0.997807,3
149130471288296,14602198329,3.906582,8.819944,1.0130613,3
149130473788296,14604698329,3.92064,8.813364,1.0226326,3
149130476288296,14607198329,3.9290147,8.830113,1.0115658,3
149130478788296,14609698329,3.9622152,8.810074,1.00349,3
149130481288296,14612198329,3.9568315,8.808877,0.9813564,3
149130483788296,14614698329,3.9625144,8.800503,0.9939187,3
149130486288296,14617198329,3.95055,8.790333,0.991825,3
149130488788296,14619698329,3.9323049,8.800203,0.9819546,3
149130491288296,14622198329,3.935296,8.808877,1.0040882,3
149130493788296,14624698329,3.9302113,8.8289175,1.0022936,3
149130496288296,14627198329,3.9221354,8.842377,1.0208379,3
149130498788296,14629698329,3.9218364,8.872287,1.0262218,3
149130501288296,14632198329,3.917948,8.874979,1.0139586,3
149130503788296,14634698329,3.914957,8.886345,1.0103694,3
149130506288296,14637198329,3.9311085,8.887542,0.99930257,3
149130508788296,14639698329,3.9448671,8.877671,0.9804591,3
149130511288296,14642198329,3.9367914,8.86481,0.94666046,3
149130513788296,14644698329,3.9490547,8.871988,0.919143,3
149130516288296,14647198329,3.955934,8.876176,0.92602235,3
149130518788296,14649698329,3.9661036,8.871689,0.90418786,3
149130521288296,14652198329,3.972983,8.869596,0.8877372,3
149130523788296,14654698329,3.9855452,8.869296,0.8964112,3
149130526288296,14657198329,3.991228,8.866903,0.8811569,3
149130528788296,14659698329,3.9798622,8.858528,0.8632108,3
149130531288296,14662198329,3.9807596,8.840582,0.875474,3
149130533788296,14664698329,3.958925,8.841479,0.85513496,3
149130536288296,14667198329,3.9436707,8.836694,0.8467601,3
149130538788296,14669698329,3.9373896,8.82144,0.83748794,3
149130541288296,14672198329,3.9520457,8.812766,0.8350951,3
149130543788296,14674698329,3.9885364,8.809476,0.82672024,3
149130546288296,14677198329,4.0160537,8.79452,0.82881397,3
149130548788296,14679698329,4.0609193,8.784052,0.8467601,3
149130551288296,14682198329,4.0908294,8.772088,0.8563314,3
149130553788296,14684698329,4.08066,8.768798,0.8545368,3
149130556288296,14687198329,4.0298123,8.760423,0.8599206,3
149130558788296,14689698329,4.054638,8.746365,0.8362915,3
149130561288296,14692198329,4.0737805,8.7367935,0.81655073,3
149130563788296,14694698329,4.0848475,8.727522,0.81924266,3
149130566288296,14697198329,4.067499,8.7469635,0.8668,3
149130568788296,14699698329,4.0387855,8.764311,0.92303133,3
149130571288296,14702198329,4.013661,8.79123,0.9559326,3
149130573788296,14704698329,3.9984066,8.796016,0.9487542,3
149130576288296,14707198329,4.0010986,8.809176,0.9508479,3
149130578788296,14709698329,4.016951,8.822038,0.9239286,3
149130581288296,14712198329,4.020839,8.826225,0.92243314,3
149130583788296,14714698329,4.0181475,8.827422,0.9239286,3
149130586288296,14717198329,4.0417767,8.834301,0.90448695,3
149130588788296,14719698329,4.060321,8.8346,0.90119684,3
149130591288296,14722198329,4.0591245,8.837891,0.9029915,3
149130593788296,14724698329,4.0564327,8.859426,0.9242278,3
149130596288296,14727198329,4.0591245,8.897113,0.8772686,3
149130598788296,14729698329,4.061816,8.922237,0.8659027,3
149130601288296,14732198329,4.0534415,8.91805,0.87308115,3
149130603788296,14734698329,4.0474596,8.887242,0.8676973,3
149130606288296,14737198329,4.041178,8.870493,0.84077805,3
149130608788296,14739698329,4.0301113,8.843274,0.84077805,3
149130611288296,14742198329,4.0106697,8.845966,0.831805,3
149130613788296,14744698329,4.014259,8.856435,0.8539386,3
149130616288296,14747198329,4.037589,8.873783,0.86979103,3
149130618788296,14749698329,4.0504503,8.874979,0.90059865,3
149130621288296,14752198329,4.0537405,8.890233,0.93290174,3
149130623788296,14754698329,4.043272,8.89113,0.9562318,3
149130626288296,14757198329,4.026223,8.879765,0.965803,3
149130628788296,14759698329,4.004987,8.892028,0.9406784,3
149130631288296,14762198329,3.9888353,8.890233,0.93260264,3
149130633788296,14764698329,3.9577286,8.8956175,0.9245269,3
149130636288296,14767198329,3.9370906,8.899506,0.9236295,3
149130638788296,14769698329,3.9137604,8.906385,0.93619186,3
149130641288296,14772198329,3.8937206,8.928818,0.94366944,3
149130643788296,14774698329,3.8608193,8.944371,0.9340981,3
149130646288296,14777198329,3.8368912,8.974281,0.94337034,3
149130648788296,14779698329,3.839583,9.006884,0.9664012,3
149130651288296,14782198329,3.8321054,9.01137,0.97776717,3
149130653788296,14784698329,3.8084764,9.000303,0.97178507,3
149130656288296,14787198329,3.7806597,8.994022,0.9457632,3
149130658788296,14789698329,3.7884364,8.991928,0.91196454,3
149130661288296,14792198329,3.7950168,8.971589,0.90538424,3
149130663788296,14794698329,3.8015969,8.983852,0.91346,3
149130666288296,14797198329,3.810271,8.971889,0.9281161,3
149130668788296,14799698329,3.8126638,8.958429,0.9275179,3
149130671288296,14802198329,3.8096728,8.949456,0.9388838,3
149130673788296,14804698329,3.804887,8.929416,0.9508479,3
149130676288296,14807198329,3.802195,8.924032,0.9388838,3
149130678788296,14809698329,3.8117664,8.909077,0.9382856,3
149130681288296,14812198329,3.804887,8.9057865,0.9418748,3
149130683788296,14814698329,3.8063827,8.89801,0.9526425,3
149130686288296,14817198329,3.8090746,8.8854475,0.9391829,3
149130688788296,14819698329,3.8096728,8.876774,0.93619186,3
149130691288296,14822198329,3.824329,8.8701935,0.93290174,3
149130693788296,14824698329,3.8294137,8.848659,0.9197412,3
149130696288296,14827198329,3.8374894,8.848359,0.9409775,3
149130698788296,14829698329,3.8467615,8.851051,0.9496515,3
149130701288296,14832198329,3.8554354,8.860024,0.96400845,3
149130703788296,14834698329,3.8778682,8.860921,0.9798609,3
149130706288296,14837198329,3.8910286,8.883354,1.0031909,3
149130708788296,14839698329,3.8982072,8.88126,1.0016954,3
149130711288296,14842198329,3.903292,8.900702,1.0085747,3
149130713788296,14844698329,3.9227335,8.917751,1.0055838,3
149130716288296,14847198329,3.9173498,8.924331,0.9909277,3
149130718788296,14849698329,3.905984,8.933304,0.9762716,3
149130721288296,14852198329,3.9011981,8.931808,0.9637093,3
149130723788296,14854698329,3.8955152,8.950952,0.962812,3
149130726288296,14857198329,3.885645,8.959027,0.9661021,3
149130728788296,14859698329,3.874279,8.970393,0.97178507,3
149130731288296,14862198329,3.874279,8.9674015,0.97537434,3
149130733788296,14864698329,3.859623,8.959326,0.9834501,3
149130736288296,14867198329,3.8347974,8.963513,0.97806627,3
149130738788296,14869698329,3.8147576,8.955438,0.9819546,3
149130741288296,14872198329,3.813262,8.944072,0.9819546,3
149130743788296,14874698329,3.8027935,8.928818,0.9669995,3
149130746288296,14877198329,3.8063827,8.903992,0.98674023,3
149130748788296,14879698329,3.8081772,8.888439,0.9957133,3
149130751288296,14882198329,3.818945,8.88485,0.9825528,3
149130753788296,14884698329,3.8264225,8.859426,0.99930257,3
149130756288296,14887198329,3.845565,8.847462,1.017847,3
149130758788296,14889698329,3.8473597,8.838189,1.0148559,3
149130761288296,14892198329,3.8554354,8.807981,0.99631155,3
149130763788296,14894698329,3.8676987,8.7831545,0.99003035,3
149130766288296,14897198329,3.889234,8.774181,0.9924232,3
149130768788296,14899698329,3.8877387,8.759227,0.9702896,3
149130771288296,14902198329,3.8934216,8.771191,0.9532407,3
149130773788296,14904698329,3.9101713,8.76162,0.9711869,3
149130776288296,14907198329,3.9311085,8.746664,0.9523434,3
149130778788296,14909698329,3.9418762,8.7469635,0.9457632,3
149130781288296,14912198329,3.9568315,8.756834,0.93708915,3
149130783788296,14914698329,3.9717865,8.756235,0.94426763,3
149130786288296,14917198329,3.9592242,8.739186,0.9349955,3
149130788788296,14919698329,3.9436707,8.762815,0.9403793,3
149130791288296,14922198329,3.9406798,8.780462,0.93978107,3
149130793788296,14924698329,3.9478583,8.789735,0.9798609,3
149130796288296,14927198329,3.9858444,8.795418,0.97866446,3
149130798788296,14929698329,4.0501513,8.813962,0.9975079,3
149130801288296,14932198329,4.098606,8.819346,1.0235299,3
149130803788296,14934698329,4.1515474,8.811869,1.0274183,3
149130806288296,14937198329,4.1865425,8.847462,0.98644114,3
149130808788296,14939698329,4.1904306,8.876176,0.96400845,3
149130811288296,14942198329,4.1778684,8.895318,0.907478,3
149130813788296,14944698329,4.1760736,8.915359,0.90029955,3
149130816288296,14947198329,4.167699,8.900702,0.8847462,3
149130818788296,14949698329,4.161717,8.886943,0.8593224,3
149130821288296,14952198329,4.137789,8.89143,0.83001035,3
149130823788296,14954698329,4.0998025,8.900104,0.8117651,3
149130826288296,14957198329,4.0510488,8.909376,0.8141579,3
149130828788296,14959698329,4.0271206,8.920144,0.83988076,3
149130831288296,14962198329,4.016951,8.9348,0.8422736,3
149130833788296,14964698329,3.9975092,8.938688,0.82881397,3
149130836288296,14967198329,3.972684,8.945867,0.86201435,3
149130838788296,14969698329,3.9391842,8.920144,0.8781659,3
149130841288296,14972198329,3.9191444,8.926425,0.8847462,3
149130843788296,14974698329,3.891926,8.927023,0.88354975,3
149130846288296,14977198329,3.8727834,8.920443,0.8922237,3
149130848788296,14979698329,3.868895,8.92493,0.910469,3
149130851288296,14982198329,3.8608193,8.913564,0.9194421,3
149130853788296,14984698329,3.8434713,8.9108715,0.9346963,3
149130856288296,14987198329,3.842275,8.922537,0.94396853,3
149130858788296,14989698329,3.8294137,8.922537,0.9496515,3
149130861288296,14992198329,3.8213377,8.929715,0.9409775,3
149130863788296,14994698329,3.8300118,8.953643,0.95712906,3
149130866288296,14997198329,3.8401814,8.968299,0.9834501,3
149130868788296,14999698329,3.8359938,8.938688,0.9939187,3
149130871288296,15002198329,3.8470607,8.923434,0.98584294,3
149130873788296,15004698329,3.845266,8.905189,0.9589237,3
149130876288296,15007198329,3.871587,8.886644,0.9520443,3
149130878788296,15009698329,3.8676987,8.873184,0.9382856,3
149130881288296,15012198329,3.8491542,8.882457,0.91226363,3
149130883788296,15014698329,3.874578,8.872586,0.96729857,3
149130886288296,15017198329,3.868596,8.878867,0.9281161,3
149130888788296,15019698329,3.8530426,8.905488,0.91884387,3
149130891288296,15022198329,3.848257,8.901599,0.93619186,3
149130893788296,15024698329,3.8668015,8.906385,0.9499506,3
149130896288296,15027198329,3.885645,8.905189,0.9589237,3
149130898788296,15029698329,3.8847475,8.923434,0.974477,3
149130901288296,15032198329,3.8790646,8.921938,0.97477615,3
149130903788296,15034698329,3.8775692,8.938389,0.965803,3
149130906288296,15037198329,3.8500516,8.939286,0.9705887,3
149130908788296,15039698329,3.844967,8.952447,0.96789676,3
149130911288296,15042198329,3.8497524,8.955737,0.9729815,3
149130913788296,15044698329,3.8461633,8.9566345,0.97597253,3
149130916288296,15047198329,3.8303108,8.964411,0.97926265,3
149130918788296,15049698329,3.842873,8.962317,0.96879405,3
149130921288296,15052198329,3.8377883,8.961719,0.95653087,3
149130923788296,15054698329,3.8398821,8.970094,0.9738788,3
149130926288296,15057198329,3.8416767,8.96142,0.97537434,3
149130928788296,15059698329,3.8270206,8.950353,0.9708878,3
149130931288296,15062198329,3.8156548,8.931808,0.9825528,3
149130933788296,15064698329,3.8096728,8.924331,0.9771689,3
149130936288296,15067198329,3.8004005,8.913564,0.9984053,3
149130938788296,15069698329,3.80399,8.906086,0.9984053,3
149130941288296,15072198329,3.801896,8.899506,0.997807,3
149130943788296,15074698329,3.7881374,8.894122,0.9945169,3
149130946288296,15077198329,3.7797625,8.893225,0.97776717,3
149130948788296,15079698329,3.7764723,8.897711,0.9702896,3
149130951288296,15082198329,3.780959,8.880961,0.9517452,3
149130953788296,15084698329,3.784249,8.878867,0.962812,3
149130956288296,15087198329,3.8036907,8.878867,0.96460664,3
149130958788296,15089698329,3.8246279,8.874979,0.9520443,3
149130961288296,15092198329,3.8413777,8.853444,0.9454641,3
149130963788296,15094698329,3.8739798,8.853444,0.9242278,3
149130966288296,15097198329,3.8934216,8.859725,0.9173484,3
149130968788296,15099698329,3.9275193,8.866006,0.9290134,3
149130971288296,15102198329,3.9445682,8.862118,0.9275179,3
149130973788296,15104698329,3.9571304,8.867501,0.9125627,3
149130976288296,15107198329,3.972983,8.877073,0.8889336,3
149130978788296,15109698329,3.982255,8.878867,0.8916255,3
149130981288296,15112198329,3.982255,8.876774,0.86919284,3
149130983788296,15114698329,3.981956,8.899506,0.85872424,3
149130986288296,15117198329,3.9807596,8.892626,0.8676973,3
149130988788296,15119698329,3.9780676,8.903693,0.8437691,3
149130991288296,15122198329,3.9717865,8.915059,0.8380861,3
149130993788296,15124698329,3.9604206,8.908778,0.84765744,3
149130996288296,15127198329,3.9520457,8.903095,0.84047896,3
149130998788296,15129698329,3.9508493,8.909974,0.83359957,3
149131001288296,15132198329,3.9418762,8.904889,0.84077805,3
149131003788296,15134698329,3.9370906,8.889935,0.8458628,3
149131006288296,15137198329,3.9508493,8.891729,0.86201435,3
149131008788296,15139698329,3.9517467,8.908778,0.8670991,3
149131011288296,15142198329,3.9693937,8.909675,0.8578269,3
149131013788296,15144698329,3.9813578,8.898608,0.87278205,3
149131016288296,15147198329,3.9891346,8.883952,0.86889374,3
149131018788296,15149698329,3.987938,8.88455,0.881456,3
149131021288296,15152198329,3.9843488,8.872586,0.8668,3
149131023788296,15154698329,3.9882371,8.862417,0.881456,3
149131026288296,15157198329,3.9948175,8.842676,0.8748758,3
149131028788296,15159698329,3.9942193,8.840283,0.8880363,3
149131031288296,15162198329,3.9867415,8.8238325,0.87188476,3
149131033788296,15164698329,3.9750767,8.816654,0.8844471,3
149131036288296,15167198329,3.9711883,8.813065,0.8886345,3
149131038788296,15169698329,3.9526439,8.796913,0.8865408,3
149131041288296,15172198329,3.9400816,8.780462,0.88384885,3
149131043788296,15174698329,3.917948,8.777771,0.8560323,3
149131046288296,15177198329,3.9104705,8.7673025,0.8344969,3
149131048788296,15179698329,3.9140596,8.750552,0.85184485,3
149131051288296,15182198329,3.9335012,8.730213,0.8766704,3
149131053788296,15184698329,3.9481573,8.715259,0.91136634,3
149131056288296,15187198329,3.9681973,8.7015,0.91615194,3
149131058788296,15189698329,3.9891346,8.695218,0.92153585,3
149131061288296,15192198329,4.0106697,8.686544,0.91854477,3
149131063788296,15194698329,4.039384,8.6802635,0.91495556,3
149131066288296,15197198329,4.042674,8.700303,0.9173484,3
149131068788296,15199698329,4.0534415,8.692227,0.9314062,3
149131071288296,15202198329,4.069294,8.6910305,0.95653087,3
149131073788296,15204698329,4.063013,8.706285,0.9840483,3
149131076288296,15207198329,4.054937,8.745767,0.9942178,3
149131078788296,15209698329,4.0447674,8.756535,0.97178507,3
149131081288296,15212198329,4.016951,8.796615,1.0091729,3
149131083788296,15214698329,4.0037904,8.820542,1.0184451,3
149131086288296,15217198329,3.9897327,8.841479,1.0214362,3
149131088788296,15219698329,3.9744785,8.853444,1.038485,3
149131091288296,15222198329,3.9565322,8.882157,1.0483555,3
149131093788296,15224698329,3.9487555,8.903095,1.0390832,3
149131096288296,15227198329,3.9245281,8.905189,1.0345967,3
149131098788296,15229698329,3.8937206,8.913564,1.0148559,3
149131101288296,15232198329,3.8754754,8.922537,0.98883396,3
149131103788296,15234698329,3.8524444,8.9348,0.9607183,3
149131106288296,15237198329,3.8377883,8.935099,0.94426763,3
149131108788296,15239698329,3.8359938,8.937193,0.9314062,3
149131111288296,15242198329,3.8359938,8.920742,0.91136634,3
149131113788296,15244698329,3.8264225,8.920742,0.90448695,3
149131116288296,15247198329,3.8234315,8.934501,0.92662054,3
149131118788296,15249698329,3.8180475,8.938987,0.9493524,3
149131121288296,15252198329,3.7938204,8.947362,0.95742816,3
149131123788296,15254698329,3.7785661,8.944072,0.9711869,3
149131126288296,15257198329,3.7806597,8.949157,0.9870393,3
149131128788296,15259698329,3.7453656,8.93151,0.9912268,3
149131131288296,15262198329,3.7606199,8.916554,0.9586246,3
149131133788296,15264698329,3.781557,8.8854475,0.9693923,3
149131136288296,15267198329,3.7824545,8.866604,0.9107681,3
149131138788296,15269698329,3.8030925,8.864511,0.8321041,3
149131141288296,15272198329,3.8584266,8.841779,0.7908279,3
149131143788296,15274698329,3.932006,8.804391,0.78783685,3
149131146288296,15277198329,4.023232,8.777172,0.80967134,3
149131148788296,15279698329,4.0944185,8.758927,0.84406817,3
149131151288296,15282198329,4.151248,8.739784,0.8563314,3
149131153788296,15284698329,4.197609,8.740682,0.8216355,3
149131156288296,15287198329,4.2631125,8.749954,0.8129615,3
149131158788296,15289698329,4.334299,8.747861,0.8389834,3
149131161288296,15292198329,4.3791647,8.745467,0.94785684,3
149131163788296,15294698329,4.3588257,8.82114,0.86111706,3
149131166288296,15297198329,4.3334017,8.88784,0.7752745,3
149131168788296,15299698329,4.3387856,8.847162,0.8392825,3
149131171288296,15302198329,4.3097725,8.793324,0.8536395,3
149131173788296,15304698329,4.275077,8.765806,0.7689934,3
149131176288296,15307198329,4.237988,8.752646,0.66699934,3
149131178788296,15309698329,4.2182474,8.748459,0.6299106,3
149131181288296,15312198329,4.1784663,8.766106,0.6873383,3
149131183788296,15314698329,4.1330028,8.79123,0.74626154,3
149131186288296,15317198329,4.0719857,8.836096,0.79531443,3
149131188788296,15319698329,4.0328035,8.866305,0.8003992,3
149131191288296,15322198329,4.008576,8.877372,0.7935198,3
149131193788296,15324698329,3.9550366,8.860024,0.7857431,3
149131196288296,15327198329,3.894917,8.876176,0.7896315,3
149131198788296,15329698329,3.8066816,8.869596,0.82313097,3
149131201288296,15332198329,3.7516468,8.904291,0.81625164,3
149131203788296,15334698329,3.7337005,8.906385,0.7929216,3
149131206288296,15337198329,3.711567,8.9013,0.8063812,3
149131208788296,15339698329,3.6553357,8.945269,0.85902333,3
149131211288296,15342198329,3.6391842,9.004789,0.88384885,3
149131213788296,15344698329,3.6320057,9.049356,0.94277215,3
149131216288296,15347198329,3.6340995,9.069695,0.97477615,3
149131218788296,15349698329,3.6595232,9.089735,0.98973125,3
149131221288296,15352198329,3.7196429,9.086744,1.0013963,3
149131223788296,15354698329,3.752245,9.1052885,0.9870393,3
149131226288296,15357198329,3.7600217,9.098708,0.9290134,3
149131228788296,15359698329,3.8084764,9.071191,0.8895318,3
149131231288296,15362198329,3.8386858,9.05145,0.85064846,3
149131233788296,15364698329,3.8760736,9.02154,0.8042875,3
149131236288296,15367198329,3.9143589,9.003294,0.73130643,3
149131238788296,15369698329,3.9873397,8.986844,0.6828518,3
149131241288296,15372198329,4.086343,8.979665,0.72263247,3
149131243788296,15374698329,4.1578283,8.982955,0.77018976,3
149131246288296,15377198329,4.2006,8.962317,0.77347994,3
149131248788296,15379698329,4.2394834,8.921938,0.74506515,3
149131251288296,15382198329,4.2741795,8.862716,0.74177504,3
149131253788296,15384698329,4.2690945,8.839685,0.6843473,3
149131256288296,15387198329,4.2352962,8.851649,0.5353941,3
149131258788296,15389698329,4.228417,8.82802,0.5204389,3
149131261288296,15392198329,4.2388854,8.778369,0.7199405,3
149131263788296,15394698329,4.2463627,8.783752,0.7815557,3
149131266288296,15397198329,4.211368,8.796315,0.78634137,3
149131268788296,15399698329,4.1700916,8.801998,0.80997044,3
149131271288296,15402198329,4.128516,8.81785,0.82731843,3
149131273788296,15404698329,4.08724,8.810074,0.85094756,3
149131276288296,15407198329,4.072883,8.8136635,0.8389834,3
149131278788296,15409698329,4.147061,8.809476,0.8168498,3
149131281288296,15412198329,4.269992,8.797511,0.78723866,3
149131283788296,15414698329,4.321737,8.734401,0.770788,3
149131286288296,15417198329,4.409673,8.69133,0.6831509,3
149131288788296,15419698329,4.499703,8.693424,0.57457656,3
149131291288296,15422198329,4.5592246,8.689535,0.5210371,3
149131293788296,15424698329,4.5999026,8.659027,0.5724828,3
149131296288296,15427198329,4.6411786,8.650652,0.6098707,3
149131298788296,15429698329,4.686044,8.652746,0.60329044,3
149131301288296,15432198329,4.7829533,8.6348,0.5458627,3
149131303788296,15434698329,4.8858447,8.598907,0.535095,3
149131306288296,15437198329,4.950152,8.57139,0.46271208,3
149131308788296,15439698329,5.016852,8.536395,0.41306102,3
149131311288296,15442198329,5.0569315,8.505588,0.35832518,3
149131313788296,15444698329,5.0739803,8.483454,0.2641078,3
149131316288296,15447198329,5.0569315,8.474779,0.15074782,3
149131318788296,15449698329,5.0452666,8.468498,0.12472588,3
149131321288296,15452198329,5.0219364,8.469096,0.15643078,3
149131323788296,15454698329,5.0123653,8.487042,0.23419751,3
149131326288296,15457198329,4.9552364,8.531011,0.3056831,3
149131328788296,15459698329,4.889135,8.569296,0.36640096,3
149131331288296,15462198329,4.819743,8.603095,0.42831525,3
149131333788296,15464698329,4.7401814,8.650652,0.50129634,3
149131336288296,15467198329,4.6564326,8.6910305,0.5602196,3
149131338788296,15469698329,4.570291,8.7015,0.60388863,3
149131341288296,15472198329,4.505386,8.72483,0.613759,3
149131343788296,15474698329,4.427021,8.742476,0.60329044,3
149131346288296,15477198329,4.3851466,8.7577305,0.55393845,3
149131348788296,15479698329,4.284349,8.777771,0.5688936,3
149131351288296,15482198329,4.214658,8.802896,0.6418747,3
149131353788296,15484698329,4.191926,8.819346,0.65712893,3
149131356288296,15487198329,4.2044883,8.826225,0.68345,3
149131358788296,15489698329,4.2014976,8.829815,0.71395844,3
149131361288296,15492198329,4.1671004,8.855537,0.68105716,3
149131363788296,15494698329,4.124329,8.880961,0.6349953,3
149131366288296,15497198329,4.0815573,8.883354,0.65682983,3
149131368788296,15499698329,4.071089,8.865707,0.68225354,3
149131371288296,15502198329,4.1222353,8.841779,0.6897311,3
149131373788296,15504698329,4.0965123,8.850452,0.7809575,3
149131376288296,15507198329,4.0890346,8.8136635,0.770788,3
149131378788296,15509698329,4.1668015,8.737391,0.8252247,3
149131381288296,15512198329,4.211667,8.683254,0.7830512,3
149131383788296,15514698329,4.2161536,8.634201,0.63918275,3
149131386288296,15517198329,4.243073,8.558229,0.54376894,3
149131388788296,15519698329,4.308576,8.463413,0.47198427,3
149131391288296,15522198329,4.3725843,8.372486,0.4657031,3
149131393788296,15524698329,4.4147577,8.304889,0.49052864,3
149131396288296,15527198329,4.4671006,8.256434,0.4866403,3
149131398788296,15529698329,4.5158544,8.203195,0.48873404,3
149131401288296,15532198329,4.581358,8.135896,0.52552366,3
149131403788296,15534698329,4.603492,8.082058,0.602094,3
149131406288296,15537198329,4.6322055,8.070692,0.622433,3
149131408788296,15539698329,4.6543393,8.055139,0.63918275,3
149131411288296,15542198329,4.6695933,8.044969,0.69212395,3
149131413788296,15544698329,4.6749773,8.003693,0.77377903,3
149131416288296,15547198329,4.7021956,7.978568,0.72352976,3
149131418788296,15549698329,4.724329,7.9390864,0.61854464,3
149131421288296,15552198329,4.738387,7.9040914,0.5943173,3
149131423788296,15554698329,4.7635117,7.8523464,0.58893347,3
149131426288296,15557198329,4.7865424,7.7904325,0.56410795,3
149131428788296,15559698329,4.8209395,7.735996,0.53240305,3
149131431288296,15562198329,4.8532424,7.6830544,0.5135596,3
149131433788296,15564698329,4.8652067,7.620542,0.47976094,3
149131436288296,15567198329,4.871787,7.5720873,0.46091747,3
149131438788296,15569698329,4.8876395,7.5320077,0.47886363,3
149131441288296,15572198329,4.8990054,7.487441,0.4848457,3
149131443788296,15574698329,4.897809,7.47787,0.45792642,3
149131446288296,15577198329,4.894818,7.4994054,0.48753762,3
149131448788296,15579698329,4.8858447,7.537391,0.5566304,3
149131451288296,15582198329,4.8526444,7.579565,0.6146563,3
149131453788296,15584698329,4.814359,7.6307116,0.6936195,3
149131456288296,15587198329,4.799703,7.678568,0.76331043,3
149131458788296,15589698329,4.775775,7.7312098,0.8461619,3
149131461288296,15592198329,4.7431726,7.7997046,0.9406784,3
149131463788296,15594698329,4.692624,7.8679,1.07348,3
149131466288296,15597198329,4.6408796,7.9310107,1.2011969,3
149131468788296,15599698329,4.5852466,7.9887376,1.3163515,3
149131471288296,15602198329,4.5508494,8.056634,1.4024931,3
149131473788296,15604698329,4.519743,8.091928,1.4413766,3
149131476288296,15607198329,4.491926,8.12453,1.4461622,3
149131478788296,15609698329,4.456034,8.169097,1.4733806,3
149131481288296,15612198329,4.4004006,8.19452,1.4994025,3
149131483788296,15614698329,4.342375,8.245069,1.5661024,3
149131486288296,15617198329,4.2388854,8.306086,1.5924234,3
149131488788296,15619698329,4.169194,8.371589,1.6187445,3
149131491288296,15622198329,4.091428,8.410771,1.6797615,3
149131493788296,15624698329,3.956233,8.477173,1.7644076,3
149131496288296,15627198329,3.8114674,8.545667,1.8661026,3
149131498788296,15629698329,3.6753755,8.612965,1.9713868,3
149131501288296,15632198329,3.5476587,8.675179,2.059622,3
149131503788296,15634698329,3.4046874,8.712566,2.120938,3
149131506288296,15637198329,3.3080773,8.750254,2.1478574,3
149131508788296,15639698329,3.1929228,8.772387,2.172683,3
149131511288296,15642198329,3.074478,8.795717,2.21366,3
149131513788296,15644698329,2.9500513,8.824132,2.2408783,3
149131516288296,15647198329,2.844767,8.835198,2.2345972,3
149131518788296,15649698329,2.7481568,8.861818,2.2546372,3
149131521288296,15652198329,2.6769702,8.852247,2.2462623,3
149131523788296,15654698329,2.64377,8.848659,2.2354946,3
149131526288296,15657198329,2.6231318,8.830113,2.2465613,3
149131528788296,15659698329,2.6102705,8.79123,2.2351954,3
149131531288296,15662198329,2.6009982,8.774481,2.2100708,3
149131533788296,15664698329,2.5968108,8.734999,2.1795623,3
149131536288296,15667198329,2.6132615,8.700603,2.2265215,3
149131538788296,15669698329,2.6398816,8.685049,2.2561326,3
149131541288296,15672198329,2.6781666,8.660822,2.2797618,3
149131543788296,15674698329,2.73709,8.6548395,2.2761726,3
149131546288296,15677198329,2.833102,8.66112,2.2615166,3
149131548788296,15679698329,2.9371898,8.663215,2.2908285,3
149131551288296,15682198329,3.019144,8.687442,2.3222344,3
149131553788296,15684698329,3.0726833,8.685348,2.3428724,3
149131556288296,15687198329,3.1166515,8.702696,2.3721845,3
149131558788296,15689698329,3.1597223,8.733503,2.416751,3
149131561288296,15692198329,3.1842487,8.763713,2.4837499,3
149131563788296,15694698329,3.1875389,8.810672,2.5746772,3
149131566288296,15697198329,3.1785657,8.851051,2.6512475,3
149131568788296,15699698329,3.1076784,8.918349,2.74038,3
149131571288296,15702198329,3.0212376,8.980862,2.8396823,3
149131573788296,15704698329,2.8734808,9.037392,2.9177482,3
149131576288296,15707198329,2.7305098,9.093025,2.9952157,3
149131578788296,15709698329,2.5627131,9.134301,3.1028929,3
149131581288296,15712198329,2.4158535,9.159127,3.1998022,3
149131583788296,15714698329,2.2507489,9.187542,3.2970104,3
149131586288296,15717198329,2.0961127,9.193225,3.3601213,3
149131588788296,15719698329,1.9357935,9.1923275,3.4241292,3
149131591288296,15722198329,1.7901305,9.17797,3.4830525,3
149131593788296,15724698329,1.6746768,9.180962,3.5261233,3
149131596288296,15727198329,1.5915262,9.185149,3.610171,3
149131598788296,15729698329,1.4955142,9.148658,3.673581,3
149131601288296,15732198329,1.4063815,9.107681,3.738187,3
149131603788296,15734698329,1.3226327,9.110074,3.7938204,3
149131606288296,15737198329,1.2678969,9.071789,3.8551364,3
149131608788296,15739698329,1.2206386,9.048459,3.9074793,3
149131611288296,15742198329,1.204188,9.032308,3.9858444,3
149131613788296,15744698329,1.2000005,9.012866,4.0295134,3
149131616288296,15747198329,1.218545,8.995518,4.095316,3
149131618788296,15749698329,1.2200404,8.976076,4.1294136,3
149131621288296,15752198329,1.2290136,8.972188,4.1841493,3
149131623788296,15754698329,1.2517453,8.968598,4.2332025,3
149131626288296,15757198329,1.2966107,8.957232,4.2445683,3
149131628788296,15759698329,1.3501502,8.95125,4.2314076,3
149131631288296,15762198329,1.3941183,8.943773,4.2332025,3
149131633788296,15764698329,1.4452649,8.923434,4.2107697,3
149131636288296,15767198329,1.4868401,8.920144,4.194917,3
149131638788296,15769698329,1.5101702,8.930014,4.17398,3
149131641288296,15772198329,1.5113666,8.935697,4.1518464,3
149131643788296,15774698329,1.50359,8.943773,4.106084,3
149131646288296,15777198329,1.4988043,8.962616,4.1007,3
149131648788296,15779698329,1.5230316,8.98146,4.0770707,3
149131651288296,15782198329,1.5496517,8.977272,4.0567317,3
149131653788296,15784698329,1.5750755,8.992228,4.0755754,3
149131656288296,15787198329,1.5798612,9.004491,4.107579,3
149131658788296,15789698329,1.567598,9.011969,4.1551366,3
149131661288296,15792198329,1.5391831,9.01466,4.188337,3
149131663788296,15794698329,1.4979069,9.010772,4.194917,3
149131666288296,15797198329,1.4410775,8.992527,4.214359,3
149131668788296,15799698329,1.364208,8.98475,4.19402,3
149131671288296,15802198329,1.285843,8.988638,4.1892343,3
149131673788296,15804698329,1.2098709,9.002098,4.1838503,3
149131676288296,15807198329,1.1330016,9.017352,4.191328,3
149131678788296,15809698329,1.0375878,9.032606,4.2203407,3
149131681288296,15812198329,0.959821,9.046964,4.2667017,3
149131683788296,15814698329,0.86291164,9.067303,4.3387856,3
149131686288296,15817198329,0.79710907,9.068798,4.3764725,3
149131688788296,15819698329,0.733101,9.073882,4.429414,3
149131691288296,15822198329,0.6583253,9.083454,4.491627,3
149131693788296,15824698329,0.6116653,9.106784,4.5634117,3
149131696288296,15827198329,0.6128617,9.119945,4.662415,3
149131698788296,15829698329,0.60388863,9.140582,4.766503,3
149131701288296,15832198329,0.61046886,9.148658,4.900202,3
149131703788296,15834698329,0.6299106,9.134899,4.9845486,3
149131706288296,15837198329,0.657428,9.105886,5.0303116,3
149131708788296,15839698329,0.6879365,9.065208,5.035695,3
149131711288296,15842198329,0.7220342,9.021839,5.07069,3
149131713788296,15844698329,0.75254273,8.997611,5.127819,3
149131716288296,15847198329,0.7746763,8.971889,5.1939206,3
149131718788296,15849698329,0.79920274,8.938389,5.265705,3
149131721288296,15852198329,0.82612205,8.909974,5.3147583,3
149131723788296,15854698329,0.84825563,8.881859,5.316852,3
149131726288296,15857198329,0.83958167,8.855837,5.319245,3
149131728788296,15859698329,0.8243274,8.836395,5.3243294,3
149131731288296,15862198329,0.8147561,8.810373,5.3503513,3
149131733788296,15864698329,0.79531443,8.79482,5.35424,3
149131736288296,15867198329,0.77018976,8.791828,5.382056,3
149131738788296,15869698329,0.7190432,8.813962,5.372485,3
149131741288296,15872198329,0.6475576,8.843574,5.332405,3
149131743788296,15874698329,0.58983076,8.871091,5.298906,3
149131746288296,15877198329,0.56500524,8.869596,5.288138,3
149131748788296,15879698329,0.55393845,8.881559,5.2770715,3
149131751288296,15882198329,0.5494519,8.890832,5.2689953,3
149131753788296,15884698329,0.5593223,8.889635,5.24088,3
149131756288296,15887198329,0.581755,8.890233,5.217251,3
149131758788296,15889698329,0.61675006,8.886644,5.2019963,3
149131761288296,15892198329,0.6550352,8.886046,5.1771708,3
149131763788296,15894698329,0.7106683,8.8746805,5.1589255,3
149131766288296,15897198329,0.75254273,8.880662,5.1161537,3
149131768788296,15899698329,0.79471624,8.883055,5.119145,3
149131771288296,15902198329,0.8279166,8.887242,5.142774,3
149131773788296,15904698329,0.8781659,8.893225,5.163711,3
149131776288296,15907198329,0.91854477,8.903693,5.1816573,3
149131778788296,15909698329,0.95712906,8.893225,5.1729836,3
149131781288296,15912198329,1.0010972,8.889935,5.1529436,3
149131783788296,15914698329,1.0160524,8.880363,5.1329036,3
149131786288296,15917198329,1.0271192,8.875278,5.118846,3
149131788788296,15919698329,1.0133604,8.887542,5.127819,3
149131791288296,15922198329,0.9936196,8.896515,5.1589255,3
149131793788296,15924698329,0.9661021,8.9210415,5.1526446,3
149131796288296,15927198329,0.94755775,8.933005,5.1705904,3
149131798788296,15929698329,0.9197412,8.94138,5.1813583,3
149131801288296,15932198329,0.90448695,8.942277,5.1843495,3
149131803788296,15934698329,0.89760756,8.956036,5.189733,3
149131806288296,15937198329,0.88683987,8.953045,5.1786666,3
149131808788296,15939698329,0.881456,8.965608,5.1442695,3
149131811288296,15942198329,0.86560357,8.979366,5.1032925,3
149131813788296,15944698329,0.8365906,8.979665,5.135596,3
149131816288296,15947198329,0.83988076,8.9826565,5.1158547,3
149131818788296,15949698329,0.8536395,8.980562,5.085346,3
149131821288296,15952198329,0.8895318,8.967701,5.0653067,3
149131823788296,15954698329,0.91405827,8.960523,5.0536413,3
149131826288296,15957198329,0.9239286,8.937193,5.0539403,3
149131828788296,15959698329,0.9275179,8.935996,5.0482574,3
149131831288296,15962198329,0.9382856,8.930014,5.050351,3
149131833788296,15964698329,0.9667004,8.908479,5.0246286,3
149131836288296,15967198329,0.99720883,8.876474,5.0219364,3
149131838788296,15969698329,1.0331012,8.836395,5.009075,3
149131841288296,15972198329,1.0588241,8.804989,4.97408,3
149131843788296,15974698329,1.0923235,8.7780695,4.9713883,3
149131846288296,15977198329,1.1183455,8.766704,4.933103,3
149131848788296,15979698329,1.1653047,8.746365,4.9136615,3
149131851288296,15982198329,1.1814562,8.749655,4.88405,3
149131853788296,15984698329,1.2038889,8.745169,4.820341,3
149131856288296,15987198329,1.238884,8.745767,4.7766724,3
149131858788296,15989698329,1.2726825,8.735598,4.7141595,3
149131861288296,15992198329,1.3025929,8.729615,4.671986,3
149131863788296,15994698329,1.3106686,8.738888,4.6585264,3
149131866288296,15997198329,1.3375878,8.737391,4.598108,3
149131868788296,15999698329,1.3734802,8.730513,4.555336,3
149131871288296,16002198329,1.3938192,8.735598,4.523332,3
149131873788296,16004698329,1.4126626,8.759227,4.458726,3
149131876288296,16007198329,1.4413766,8.749655,4.4374895,3
149131878788296,16009698329,1.4548361,8.749655,4.4578285,3
149131881288296,16012198329,1.4697913,8.752945,4.4724846,3
149131883788296,16014698329,1.4829519,8.76162,4.471587,3
149131886288296,16017198329,1.5119648,8.75145,4.456333,3
149131888788296,16019698329,1.5349957,8.740981,4.4075794,3
149131891288296,16022198329,1.5299109,8.753842,4.3615174,3
149131893788296,16024698329,1.5430715,8.7418785,4.3471603,3
149131896288296,16027198329,1.5475581,8.734999,4.374678,3
149131898788296,16029698329,1.5248263,8.718847,4.3674994,3
149131901288296,16032198329,1.4973087,8.709276,4.368995,3
149131903788296,16034698329,1.4473586,8.7113695,4.3821554,3
149131906288296,16037198329,1.410569,8.715557,4.3672004,3
149131908788296,16039698329,1.3561323,8.726026,4.3615174,3
149131911288296,16042198329,1.3217354,8.735598,4.3947177,3
149131913788296,16044698329,1.2687942,8.750552,4.4144588,3
149131916288296,16047198329,1.2281163,8.760423,4.4117665,3
149131918788296,16049698329,1.1886346,8.775079,4.435695,3
149131921288296,16052198329,1.1386845,8.780762,4.4542394,3
149131923788296,16054698329,1.1207383,8.803793,4.4721856,3
149131926288296,16057198329,1.105484,8.817252,4.4718866,3
149131928788296,16059698329,1.1006985,8.820842,4.4802613,3
149131931288296,16062198329,1.0908281,8.823235,4.4874396,3
149131933788296,16064698329,1.0728818,8.828618,4.5149574,3
149131936288296,16067198329,1.0749756,8.825029,4.5071807,3
149131938788296,16069698329,1.0752747,8.806784,4.473681,3
149131941288296,16072198329,1.1156535,8.769994,4.4198427,3
149131943788296,16074698329,1.1736795,8.742178,4.358526,3
149131946288296,16077198329,1.218545,8.716156,4.323232,3
149131948788296,16079698329,1.2655041,8.679067,4.2870407,3
149131951288296,16082198329,1.3124632,8.652447,4.254439,3
149131953788296,16084698329,1.3495519,8.621041,4.2341,3
149131956288296,16087198329,1.4057833,8.59472,4.2056847,3
149131958788296,16089698329,1.4611173,8.582157,4.173681,3
149131961288296,16092198329,1.4973087,8.546266,4.1437707,3
149131963788296,16094698329,1.5412769,8.5525465,4.10399,3
149131966288296,16097198329,1.5702899,8.560622,4.1027937,3
149131968788296,16099698329,1.5858432,8.560622,4.0977087,3
149131971288296,16102198329,1.6169499,8.596813,4.0905304,3
149131973788296,16104698329,1.6597216,8.579764,4.0962133,3
149131976288296,16107198329,1.6833507,8.581261,4.0701914,3
149131978788296,16109698329,1.692922,8.581559,4.0181475,3
149131981288296,16112198329,1.6788642,8.606385,3.9918263,3
149131983788296,16114698329,1.6669,8.627621,3.993322,3
149131986288296,16117198329,1.6582261,8.630014,4.037589,3
149131988788296,16119698329,1.6818552,8.632407,4.072285,3
149131991288296,16122198329,1.6935202,8.6294155,4.048656,3
149131993788296,16124698329,1.7030915,8.626425,4.013661,3
149131996288296,16127198329,1.7057835,8.621639,4.0070806,3
149131998788296,16129698329,1.7042879,8.620742,3.9837506,3
149132001288296,16132198329,1.7114664,8.627621,3.9604206,3
149132003788296,16134698329,1.7117655,8.627621,3.9535413,3
149132006288296,16137198329,1.6950158,8.623135,3.9655054,3
149132008788296,16139698329,1.7003996,8.626724,3.973282,3
149132011288296,16142198329,1.7009978,8.615358,4.0016966,3
149132013788296,16144698329,1.6971095,8.598907,4.022933,3
149132016288296,16147198329,1.6851454,8.586944,4.0363927,3
149132018788296,16149698329,1.6758732,8.580363,4.0591245,3
149132021288296,16152198329,1.6663018,8.5728855,4.1007,3
149132023788296,16154698329,1.6417755,8.569595,4.115655,3
149132026288296,16157198329,1.6070795,8.566006,4.1590247,3
149132028788296,16159698329,1.535594,8.5728855,4.2128634,3
149132031288296,16162198329,1.4497514,8.596515,4.2385864,3
149132033788296,16164698329,1.3764713,8.63151,4.2741795,3
149132036288296,16167198329,1.2978072,8.656634,4.3094735,3
149132038788296,16169698329,1.2547364,8.660522,4.3534417,3
149132041288296,16172198329,1.2104691,8.700303,4.369892,3
149132043788296,16174698329,1.1901301,8.7164545,4.3968115,3
149132046288296,16177198329,1.1853445,8.730812,4.386343,3
149132048788296,16179698329,1.1907284,8.744869,4.360321,3
149132051288296,16182198329,1.2173486,8.747262,4.3468614,3
149132053788296,16184698329,1.2490535,8.756535,4.3040895,3
149132056288296,16187198329,1.2789637,8.777472,4.2592244,3
149132058788296,16189698329,1.3286148,8.78465,4.249653,3
149132061288296,16192198329,1.3908281,8.775079,4.2191443,3
149132063788296,16194698329,1.4668003,8.784949,4.1778684,3
149132066288296,16197198329,1.544567,8.773284,4.128516,3
149132068788296,16199698329,1.6124634,8.7622175,4.05404,3
149132071288296,16202198329,1.6755741,8.735298,3.996911,3
149132073788296,16204698329,1.7341982,8.729915,3.8997028,3
149132076288296,16207198329,1.7898313,8.692527,3.856931,3
149132078788296,16209698329,1.8242282,8.693723,3.862614,3
149132081288296,16212198329,1.8335004,8.700303,3.8617167,3
149132083788296,16214698329,1.8314066,8.702995,3.8147576,3
149132086288296,16217198329,1.8287147,8.732008,3.8027935,3
149132088788296,16219698329,1.8158532,8.748757,3.7683966,3
149132091288296,16222198329,1.829612,8.769994,3.739982,3
149132093788296,16224698329,1.8508483,8.797511,3.7220356,3
149132096288296,16227198329,1.8867407,8.797511,3.708277,3
149132098788296,16229698329,1.911267,8.797511,3.687938,3
149132101288296,16232198329,1.9384855,8.793324,3.650849,3
149132103788296,16234698329,1.9680966,8.79452,3.6466618,3
149132106288296,16237198329,1.9872392,8.781061,3.6260235,3
149132108788296,16239698329,2.0168505,8.771789,3.5856447,3
149132111288296,16242198329,2.0431714,8.756535,3.5668013,3
149132113788296,16244698329,2.0359929,8.740084,3.5626137,3
149132116288296,16247198329,2.027319,8.731709,3.565904,3
149132118788296,16249698329,1.9968106,8.732905,3.5961134,3
149132121288296,16252198329,1.9815563,8.738289,3.6260235,3
149132123788296,16254698329,1.9567307,8.725129,3.6714873,3
149132126288296,16257198329,1.931606,8.718249,3.7073796,3
149132128788296,16259698329,1.8999012,8.709874,3.738187,3
149132131288296,16262198329,1.8771694,8.689237,3.7977087,3
149132133788296,16264698329,1.8460627,8.68475,3.8273199,3
149132136288296,16267198329,1.8113668,8.672786,3.8473597,3
149132138788296,16269698329,1.7925233,8.668299,3.882953,3
149132141288296,16272198329,1.7527425,8.667402,3.915256,3
149132143788296,16274698329,1.7243278,8.672188,3.95055,3
149132146288296,16277198329,1.7129619,8.676374,3.990331,3
149132148788296,16279698329,1.695614,8.673384,4.01725,3
149132151288296,16282198329,1.6854445,8.687142,4.0414777,3
149132153788296,16284698329,1.6794624,8.699406,4.05404,3
149132156288296,16287198329,1.6779668,8.723633,4.0707893,3
149132158788296,16289698329,1.6857436,8.739186,4.074977,3
149132161288296,16292198329,1.6830516,8.745169,4.086044,3
149132163788296,16294698329,1.6887345,8.773583,4.0471606,3
149132166288296,16297198329,1.7201403,8.784949,4.004389,3
149132168788296,16299698329,1.7353946,8.792427,3.9888353,3
149132171288296,16302198329,1.7853448,8.786445,3.9714873,3
149132173788296,16304698329,1.817947,8.786145,3.9296129,3
149132176288296,16307198329,1.8460627,8.7673025,3.854239,3
149132178788296,16309698329,1.87029,8.766405,3.7651064,3
149132181288296,16312198329,1.8978075,8.755338,3.6873398,3
149132183788296,16314698329,1.9028922,8.742776,3.5847473,3
149132186288296,16317198329,1.9163518,8.746664,3.5102708,3
149132188788296,16319698329,1.9492532,8.740383,3.4474592,3
149132191288296,16322198329,1.9899311,8.741579,3.4010983,3
149132193788296,16324698329,2.0338993,8.751151,3.3954153,3
149132196288296,16327198329,2.0733807,8.771789,3.4510484,3
149132198788296,16329698329,2.0823538,8.778369,3.4827533,3
149132201288296,16332198329,2.091028,8.790333,3.4633117,3
149132203788296,16334698329,2.1203399,8.794222,3.4226336,3
149132206288296,16337198329,2.1460629,8.800801,3.397808,3
149132208788296,16339698329,2.1687946,8.7831545,3.376572,3
149132211288296,16342198329,2.1690936,8.785547,3.374478,3
149132213788296,16344698329,2.1661026,8.78794,3.353242,3
149132216288296,16347198329,2.1520448,8.773883,3.3529427,3
149132218788296,16349698329,2.134697,8.786145,3.3556347,3
149132221288296,16352198329,2.1161525,8.777771,3.3882368,3
149132223788296,16354698329,2.1035903,8.779566,3.403491,3
149132226288296,16357198329,2.0901306,8.770293,3.4345977,3
149132228788296,16359698329,2.0602202,8.776574,3.4540396,3
149132231288296,16362198329,2.0210378,8.780462,3.4842489,3
149132233788296,16364698329,2.0003998,8.789137,3.5096726,3
149132236288296,16367198329,1.9848464,8.805588,3.5374892,3
149132238788296,16369698329,1.9758734,8.797213,3.563212,3
149132241288296,16372198329,1.9902302,8.792726,3.548855,3
149132243788296,16374698329,1.9971097,8.778369,3.5333018,3
149132246288296,16377198329,2.0162523,8.76132,3.5141592,3
149132248788296,16379698329,2.0249262,8.75444,3.4896326,3
149132251288296,16382198329,2.0359929,8.753842,3.467499,3
149132253788296,16384698329,2.0602202,8.73799,3.4579277,3
149132256288296,16387198329,2.0584257,8.740682,3.4453654,3
149132258788296,16389698329,2.0611176,8.738289,3.4477584,3
149132261288296,16392198329,2.0685952,8.745467,3.4187453,3
149132263788296,16394698329,2.0572293,8.75803,3.3951163,3
149132266288296,16397198329,2.0494525,8.7679,3.3702908,3
149132268788296,16399698329,2.0162523,8.797511,3.339184,3
149132271288296,16402198329,1.9788643,8.830712,3.3373895,3
149132273788296,16404698329,1.9381863,8.856734,3.3065817,3
149132276288296,16407198329,1.9067806,8.890233,3.2802608,3
149132278788296,16409698329,1.8861425,8.93809,3.268895,3
149132281288296,16412198329,1.8954146,8.969496,3.2620156,3
149132283788296,16414698329,1.8762721,8.998808,3.2745779,3
149132286288296,16417198329,1.8436699,9.05115,3.222833,3
149132288788296,16419698329,1.8454645,9.068499,3.2036905,3
149132291288296,16422198329,1.8484555,9.086445,3.2174492,3
149132293788296,16424698329,1.8466609,9.081659,3.2446675,3
149132296288296,16427198329,1.8346968,9.105587,3.2330024,3
149132298788296,16429698329,1.8248264,9.101699,3.2389846,3
149132301288296,16432198329,1.7982062,9.107681,3.2527432,3
149132303788296,16434698329,1.7700906,9.106186,3.2611182,3
149132306288296,16437198329,1.7285153,9.099306,3.2733815,3
149132308788296,16439698329,1.6920247,9.1103735,3.3086755,3
149132311288296,16442198329,1.6351951,9.109476,3.333501,3
149132313788296,16444698329,1.6064813,9.1014,3.37388,3
149132316288296,16447198329,1.5846468,9.094221,3.446861,3
149132318788296,16449698329,1.5436697,9.088538,3.484847,3
149132321288296,16452198329,1.5062819,9.072986,3.5419757,3
149132323788296,16454698329,1.477568,9.067303,3.5754752,3
149132326288296,16457198329,1.4356936,9.067303,3.6260235,3
149132328788296,16459698329,1.4243277,9.041879,3.6484563,3
149132331288296,16462198329,1.4204394,9.045467,3.67059,3
149132333788296,16464698329,1.4330016,9.028419,3.6990047,3
149132336288296,16467198329,1.4404793,9.007183,3.694219,3
149132338788296,16469698329,1.4521443,8.986245,3.6813576,3
149132341288296,16472198329,1.4650056,8.959925,3.671188,3
149132343788296,16474698329,1.4635102,8.94467,3.6652062,3
149132346288296,16477198329,1.4697913,8.92463,3.6427734,3
149132348788296,16479698329,1.4533406,8.922537,3.6367912,3
149132351288296,16482198329,1.4596218,8.910274,3.6257246,3
149132353788296,16484698329,1.4739788,8.903992,3.621238,3
149132356288296,16487198329,1.4808581,8.9013,3.6290147,3
149132358788296,16489698329,1.4835501,8.89502,3.6245282,3
149132361288296,16492198329,1.468894,8.697611,3.9798622,3
149132363788296,16494698329,1.4027922,9.030513,4.764708,3
149132366288296,16497198329,1.4195421,9.501001,4.9085765,3
149132368788296,16499698329,1.5281163,9.046066,4.240381,3
149132371288296,16502198329,1.6372889,8.645268,3.4268212,3
149132373788296,16504698329,1.6677973,8.428718,2.8172495,3
149132376288296,16507198329,1.6387844,8.437691,2.5220351,3
149132378788296,16509698329,1.6372889,8.554341,2.4538395,3
149132381288296,16512198329,1.7760726,8.652447,2.53041,3
149132383788296,16514698329,1.9142581,8.702098,2.6718855,3
149132386288296,16517198329,2.0338993,8.766704,2.8034909,3
149132388788296,16519698329,2.120639,8.836993,2.859124,3
149132391288296,16522198329,2.1655045,8.92493,2.7930222,3
149132393788296,16524698329,2.199004,9.006884,2.6168506,3
149132396288296,16527198329,2.1867409,9.089735,2.4966114,3
149132398788296,16529698329,2.1628125,9.180064,2.545365,3
149132401288296,16532198329,2.1047866,9.247362,2.6108687,3
149132403788296,16534698329,2.0452652,9.298808,2.6473591,3
149132406288296,16537198329,1.971985,9.351749,2.6829524,3
149132408788296,16539698329,1.8924236,9.376874,2.7933214,3
149132411288296,16542198329,1.841277,9.395418,2.9042885,3
149132413788296,16544698329,1.8125632,9.409775,2.9799614,3
149132416288296,16547198329,1.7521443,9.406784,3.0385857,3
149132418788296,16549698329,1.7051853,9.394521,3.1082766,3
149132421288296,16552198329,1.6265212,9.35833,3.2078779,3
149132423788296,16554698329,1.5499508,9.305089,3.3299117,3
149132426288296,16557198329,1.5170496,9.214162,3.4537404,3
149132428788296,16559698329,1.4760724,9.111569,3.5799618,3
149132431288296,16562198329,1.4551352,9.03141,3.6897326,3
149132433788296,16564698329,1.4264214,8.924331,3.7606199,3
149132436288296,16567198329,1.4195421,8.852547,3.8231323,3
149132438788296,16569698329,1.4123635,8.780462,3.912564,3
149132441288296,16572198329,1.4279169,8.708977,4.0037904,3
149132443788296,16574698329,1.4315062,8.65454,4.063013,3
149132446288296,16577198329,1.4446666,8.603394,4.1021953,3
149132448788296,16579698329,1.4449657,8.548957,4.112963,3
149132451288296,16582198329,1.4359927,8.515159,4.104887,3
149132453788296,16584698329,1.4482559,8.486444,4.1258245,3
149132456288296,16587198329,1.4659029,8.476873,4.130012,3
149132458788296,16589698329,1.4742779,8.446364,4.145565,3
149132461288296,16592198329,1.5254245,8.447861,4.1401815,3
149132463788296,16594698329,1.5373886,8.443074,4.134199,3
149132466288296,16597198329,1.5631114,8.456834,4.1093736,3
149132468788296,16599698329,1.582553,8.477471,4.1030927,3
149132471288296,16602198329,1.6073786,8.502895,4.087838,3
149132473788296,16604698329,1.6178472,8.522337,4.080361,3
149132476288296,16607198329,1.6157535,8.55793,4.028317,3
149132478788296,16609698329,1.6178472,8.58455,4.0064826,3
149132481288296,16612198329,1.6187445,8.608179,3.987639,3
149132483788296,16614698329,1.6187445,8.644072,3.9661036,3
149132486288296,16617198329,1.6079768,8.676973,3.9323049,3
149132488788296,16619698329,1.602593,8.698508,3.9098723,3
149132491288296,16622198329,1.5993029,8.72812,3.8751762,3
149132493788296,16624698329,1.6226329,8.762815,3.8168511,3
149132496288296,16627198329,1.6265212,8.747561,3.7704902,3
149132498788296,16629698329,1.6689938,8.760423,3.7360935,3
149132501288296,16632198329,1.6962122,8.76132,3.7133617,3
149132503788296,16634698329,1.713261,8.756834,3.6720855,3
149132506288296,16637198329,1.7506489,8.75474,3.6490545,3
149132508788296,16639698329,1.7925233,8.728418,3.6116667,3
149132511288296,16642198329,1.8113668,8.707481,3.5943186,3
149132513788296,16644698329,1.8388842,8.695218,3.5886357,3
149132516288296,16647198329,1.8595223,8.678469,3.5694933,3
149132518788296,16649698329,1.8822541,8.656036,3.5548372,3
149132521288296,16652198329,1.9133608,8.650353,3.5757744,3
149132523788296,16654698329,1.9417756,8.618649,3.5608191,3
149132526288296,16657198329,1.9507487,8.588439,3.589533,3
149132528788296,16659698329,1.9531415,8.57139,3.5937204,3
149132531288296,16662198329,1.9558334,8.543872,3.6197424,3
149132533788296,16664698329,1.9666011,8.519346,3.6469607,3
149132536288296,16667198329,1.9788643,8.499905,3.682554,3
149132538788296,16669698329,1.9818554,8.492127,3.7298124,3
149132541288296,16672198329,1.9986051,8.465208,3.754937,3
149132543788296,16674698329,2.0054846,8.439785,3.7887356,3
149132546288296,16677198329,2.021337,8.410173,3.7980077,3
149132548788296,16679698329,2.0383859,8.377571,3.8114674,3
149132551288296,16682198329,2.0605195,8.352746,3.8030925,3
149132553788296,16684698329,2.0844476,8.325228,3.818646,3
149132556288296,16687198329,2.0982063,8.303693,3.822235,3
149132558788296,16689698329,2.1026928,8.283054,3.815954,3
149132561288296,16692198329,2.1239293,8.250452,3.801896,3
149132563788296,16694698329,2.134996,8.238488,3.804887,3
149132566288296,16697198329,2.1424735,8.225627,3.7875392,3
149132568788296,16699698329,2.1508484,8.229815,3.7812579,3
149132571288296,16702198329,2.1317058,8.2348995,3.781557,3
149132573788296,16704698329,2.1038892,8.22802,3.7692938,3
149132576288296,16707198329,2.0862422,8.218747,3.752245,3
149132578788296,16709698329,2.0428724,8.229515,3.731906,3
149132581288296,16712198329,1.9968106,8.254042,3.7480576,3
149132583788296,16714698329,1.928316,8.275278,3.7600217,3
149132586288296,16717198329,1.838286,8.301898,3.7674992,3
149132588788296,16719698329,1.7599211,8.342277,3.8153558,3
149132591288296,16722198329,1.7024933,8.376375,3.871587,3
149132593788296,16724698329,1.6351951,8.401798,3.8668015,3
149132596288296,16727198329,1.5723835,8.405388,3.8853457,3
149132598788296,16729698329,1.5358931,8.439186,3.886243,3
149132601288296,16732198329,1.506581,8.4679,3.888337,3
149132603788296,16734698329,1.4763715,8.487042,3.8751762,3
149132606288296,16737198329,1.4578272,8.486444,3.8650067,3
149132608788296,16739698329,1.434198,8.493324,3.8682969,3
149132611288296,16742198329,1.4168501,8.49123,3.8895333,3
149132613788296,16744698329,1.3965111,8.499007,3.9038901,3
149132616288296,16747198329,1.3830515,8.509476,3.9158542,3
149132618788296,16749698329,1.3812568,8.503195,3.9305103,3
149132621288296,16752198329,1.37019,8.513962,3.929912,3
149132623788296,16754698329,1.3854443,8.530712,3.9592242,3
149132626288296,16757198329,1.3749757,8.546864,3.9768713,3
149132628788296,16759698329,1.37019,8.553144,4.0145583,3
149132631288296,16762198329,1.3833506,8.56451,4.0537405,3
149132633788296,16764698329,1.4081762,8.577671,4.0824547,3
149132636288296,16767198329,1.4350954,8.628518,4.1141596,3
149132638788296,16769698329,1.4673985,8.677871,4.1757746,3
149132641288296,16772198329,1.5158532,8.619545,4.2338004,3
149132643788296,16774698329,1.5083755,8.586345,4.182056,3
149132646288296,16777198329,1.480559,8.583354,4.042674,3
149132648788296,16779698329,1.4895321,8.573483,3.9478583,3
149132651288296,16782198329,1.5218352,8.549556,3.8937206,3
149132653788296,16784698329,1.5583258,8.5372925,3.9281175,3
149132656288296,16787198329,1.5903298,8.551949,3.9678981,3
149132658788296,16789698329,1.6073786,8.536395,4.0124645,3
149132661288296,16792198329,1.6396817,8.539386,4.087838,3
149132663788296,16794698329,1.6651055,8.529217,4.150351,3
149132666288296,16797198329,1.6624135,8.520542,4.193422,3
149132668788296,16799698329,1.6426728,8.511569,4.206283,3
149132671288296,16802198329,1.6325033,8.486444,4.2000017,3
149132673788296,16804698329,1.6067804,8.452945,4.182355,3
149132676288296,16807198329,1.5930216,8.427522,4.1685963,3
149132678788296,16809698329,1.5801603,8.392825,4.179663,3
149132681288296,16812198329,1.5634105,8.359027,4.2044883,3
149132683788296,16814698329,1.5284154,8.330612,4.2245283,3
149132686288296,16817198329,1.4913267,8.324032,4.261617,3
149132688788296,16819698329,1.4479568,8.326425,4.3178487,3
149132691288296,16822198329,1.4072788,8.327023,4.366004,3
149132693788296,16824698329,1.3492528,8.326125,4.4174495,3
149132696288296,16827198329,1.2993027,8.327023,4.4685965,3
149132698788296,16829698329,1.2637094,8.32463,4.5191445,3
149132701288296,16832198329,1.2197413,8.322237,4.554738,3
149132703788296,16834698329,1.1659029,8.3428755,4.5948176,3
149132706288296,16837198329,1.1222339,8.343773,4.618746,3
149132708788296,16839698329,1.07019,8.349156,4.6552362,3
149132711288296,16842198329,1.0420742,8.363513,4.686343,3
149132713788296,16844698329,1.0166506,8.374879,4.7246284,3
149132716288296,16847198329,0.9927223,8.386844,4.7632127,3
149132718788296,16849698329,0.9933205,8.401798,4.7826543,3
149132721288296,16852198329,0.9849456,8.413164,4.8194437,3
149132723788296,16854698329,0.9589237,8.42812,4.8532424,3
149132726288296,16857198329,0.9239286,8.453842,4.88076,3
149132728788296,16859698329,0.8847462,8.466405,4.886742,3
149132731288296,16862198329,0.84855473,8.4813595,4.8882375,3
149132733788296,16864698329,0.81595254,8.474181,4.8789654,3
149132736288296,16867198329,0.78783685,8.488837,4.8699923,3
149132738788296,16869698329,0.73100734,8.491829,4.8658047,3
149132741288296,16872198329,0.68345,8.513962,4.875675,3
149132743788296,16874698329,0.63529444,8.528319,4.8846483,3
149132746288296,16877198329,0.59970117,8.553144,4.8765726,3
149132748788296,16879698329,0.5829514,8.575278,4.8708897,3
149132751288296,16882198329,0.5820541,8.588439,4.8876395,3
149132753788296,16884698329,0.5563313,8.582457,4.883751,3
149132756288296,16887198329,0.5667999,8.583354,4.8738804,3
149132758788296,16889698329,0.5925227,8.580662,4.853542,3
149132761288296,16892198329,0.619442,8.586046,4.833801,3
149132763788296,16894698329,0.6448657,8.577671,4.793123,3
149132766288296,16897198329,0.65922266,8.582756,4.7955155,3
149132768788296,16899698329,0.6681957,8.577372,4.791029,3
149132771288296,16902198329,0.66729844,8.590532,4.796712,3
149132773788296,16904698329,0.65952176,8.597412,4.847859,3
149132776288296,16907198329,0.6475576,8.603394,4.875974,3
149132778788296,16909698329,0.61046886,8.605488,4.900202,3
149132781288296,16912198329,0.56829536,8.607282,4.915157,3
149132783788296,16914698329,0.520738,8.603992,4.9642096,3
149132786288296,16917198329,0.43758744,8.610572,4.9749775,3
149132788788296,16919698329,0.36370903,8.612965,5.006383,3
149132791288296,16922198329,0.31405798,8.635098,5.035097,3
149132793788296,16924698329,0.25902304,8.649456,5.0620165,3
149132796288296,16927198329,0.22971097,8.646464,5.0850472,3
149132798788296,16929698329,0.19471595,8.650353,5.118846,3
149132801288296,16932198329,0.17557336,8.649157,5.1068816,3
149132803788296,16934698329,0.18185452,8.631808,5.1341,3
149132806288296,16937198329,0.16660027,8.62463,5.1460643,3
149132808788296,16939698329,0.1794617,8.606983,5.1332026,3
149132811288296,16942198329,0.19800608,8.597113,5.1332026,3
149132813788296,16944698329,0.19262223,8.597113,5.1275196,3
149132816288296,16947198329,0.19651055,8.598608,5.105984,3
149132818788296,16949698329,0.18574286,8.606983,5.133502,3
149132821288296,16952198329,0.1683949,8.624331,5.1406803,3
149132823788296,16954698329,0.1692922,8.641679,5.1463633,3
149132826288296,16957198329,0.18753748,8.630612,5.143073,3
149132828788296,16959698329,0.24017957,8.613564,5.058427,3
149132831288296,16962198329,0.2425724,8.602496,5.0234323,3
149132833788296,16964698329,0.2542374,8.594122,5.103891,3
149132836288296,16967198329,0.2330011,8.612068,5.0252266,3
149132838788296,16969698329,0.21475583,8.630911,4.985745,3
149132841288296,16972198329,0.20967108,8.6348,4.9902315,3
149132843788296,16974698329,0.21714866,8.62822,5.0138607,3
149132846288296,16977198329,0.21984059,8.630313,5.037789,3
149132848788296,16979698329,0.21655045,8.630313,5.0132627,3
149132851288296,16982198329,0.20608185,8.636295,4.9920263,3
149132853788296,16984698329,0.23150559,8.622835,5.0051866,3
149132856288296,16987198329,0.2542374,8.6090765,5.0398827,3
149132858788296,16989698329,0.26799613,8.597711,5.0398827,3
149132861288296,16992198329,0.293719,8.586345,5.043173,3
149132863788296,16994698329,0.28803602,8.553444,5.052744,3
149132866288296,16997198329,0.27337998,8.517551,5.061418,3
149132868788296,16999698329,0.2638087,8.514561,5.082056,3
149132871288296,17002198329,0.2742773,8.493025,5.075775,3
149132873788296,17004698329,0.27098715,8.4705925,5.1026945,3
149132876288296,17007198329,0.26949164,8.438289,5.104788,3
149132878788296,17009698329,0.25752753,8.404191,5.096413,3
149132881288296,17012198329,0.24765715,8.366803,5.1326046,3
149132883788296,17014698329,0.24466611,8.345567,5.148457,3
149132886288296,17017198329,0.23838496,8.316854,5.1604214,3
149132888788296,17019698329,0.22103699,8.292027,5.172684,3
149132891288296,17022198329,0.20967108,8.260323,5.217251,3
149132893788296,17024698329,0.18125631,8.238788,5.2833524,3
149132896288296,17027198329,0.15643078,8.216953,5.345566,3
149132898788296,17029698329,0.1468595,8.184949,5.3796635,3
149132901288296,17032198329,0.16331014,8.171788,5.400601,3
149132903788296,17034698329,0.17617157,8.150253,5.409873,3
149132906288296,17037198329,0.18245272,8.134102,5.416154,3
149132908788296,17039698329,0.18305093,8.11466,5.4382877,3
149132911288296,17042198329,0.180359,8.097312,5.4613185,3
149132913788296,17044698329,0.17138593,8.098508,5.4723854,3
149132916288296,17047198329,0.16031912,8.092227,5.4873405,3
149132918788296,17049698329,0.14237295,8.096415,5.513961,3
149132921288296,17052198329,0.10199407,8.1020975,5.532804,3
149132923788296,17054698329,0.061016977,8.117352,5.554938,3
149132926288296,17057198329,0.02961118,8.129615,5.573482,3
149132928788296,17059698329,-0.0020937198,8.146664,5.584848,3
149132931288296,17062198329,-0.039780676,8.173284,5.58754,3
149132933788296,17064698329,-0.038285162,8.198408,5.56421,3
149132936288296,17067198329,-0.03708875,8.229217,5.5465627,3
149132938788296,17069698329,-0.015254244,8.257631,5.5280185,3
149132941288296,17072198329,0.0080757765,8.275876,5.517849,3
149132943788296,17074698329,0.015254244,8.303693,5.5247283,3
149132946288296,17077198329,0.035294134,8.333902,5.5055857,3
149132948788296,17079698329,0.07298109,8.347063,5.4870415,3
149132951288296,17082198329,0.109471634,8.362616,5.453841,3
149132953788296,17084698329,0.1585245,8.3581295,5.406583,3
149132956288296,17087198329,0.21565314,8.3530445,5.339883,3
149132958788296,17089698329,0.2632105,8.335996,5.2836514,3
149132961288296,17092198329,0.29042885,8.337193,5.230411,3
149132963788296,17094698329,0.30957142,8.323732,5.1664033,3
149132966288296,17097198329,0.32662028,8.320442,5.146662,3
149132968788296,17099698329,0.3481557,8.324032,5.136792,3
149132971288296,17102198329,0.3699902,8.326724,5.1463633,3
149132973788296,17104698329,0.3900301,8.319545,5.142774,3
149132976288296,17107198329,0.4109673,8.293822,5.1257253,3
149132978788296,17109698329,0.4214359,8.276773,5.127819,3
149132981288296,17112198329,0.45164528,8.25464,5.1197433,3
149132983788296,17114698329,0.46241298,8.227122,5.0826545,3
149132986288296,17117198329,0.4645067,8.204091,5.1014977,3
149132988788296,17119698329,0.46331027,8.191829,5.135895,3
149132991288296,17122198329,0.47018966,8.175676,5.163412,3
149132993788296,17124698329,0.4743771,8.16461,5.1957154,3
149132996288296,17127198329,0.49172506,8.153244,5.2334023,3
149132998788296,17129698329,0.51864433,8.099107,5.2199426,3
149133001288296,17132198329,0.5093721,8.073383,5.220541,3
149133003788296,17134698329,0.4779663,8.055139,5.2429733,3
149133006288296,17137198329,0.4776672,8.030313,5.2402816,3
149133008788296,17139698329,0.47138608,8.005487,5.2489557,3
149133011288296,17142198329,0.47856453,7.969296,5.270491,3
149133013788296,17144698329,0.51176494,7.9564342,5.31416,3
149133016288296,17147198329,0.549751,7.943274,5.3246284,3
149133018788296,17149698329,0.55722857,7.939685,5.32074,3
149133021288296,17152198329,0.567099,7.9244304,5.3416777,3
149133023788296,17154698329,0.57876396,7.906783,5.374878,3
149133026288296,17157198329,0.5697909,7.906783,5.413462,3
149133028788296,17159698329,0.5629115,7.8930244,5.458328,3
149133031288296,17162198329,0.5422734,7.8852477,5.4556355,3
149133033788296,17164698329,0.5168497,7.895417,5.482854,3
149133036288296,17167198329,0.49292147,7.9013996,5.505885,3
149133038788296,17169698329,0.4746762,7.899605,5.528916,3
149133041288296,17172198329,0.43459642,7.9091763,5.5651073,3
149133043788296,17174698329,0.4016951,7.9256268,5.602495,3
149133046288296,17177198329,0.36370903,7.9256268,5.6321063,3
149133048788296,17179698329,0.32632118,7.936095,5.656932,3
149133051288296,17182198329,0.29790643,7.9310107,5.691927,3
149133053788296,17184698329,0.2760719,7.9310107,5.723632,3
149133056288296,17187198329,0.24586253,7.9205422,5.7284174,3
149133058788296,17189698329,0.22941187,7.9295154,5.671887,3
149133061288296,17192198329,0.20129621,7.928618,5.659923,3
149133063788296,17194698329,0.17377874,7.9022965,5.6934223,3
149133066288296,17197198329,0.16241284,7.897212,5.7580285,3
149133068788296,17199698329,0.12323037,7.891828,5.7954164,3
149133071288296,17202198329,0.10348958,7.8930244,5.809175,3
149133073788296,17204698329,0.07956135,7.8873415,5.799305,3
149133076288296,17207198329,0.07716853,7.874779,5.807081,3
149133078788296,17209698329,0.06520442,7.8687973,5.8019967,3
149133081288296,17212198329,0.033200413,7.860123,5.7891355,3
149133083788296,17214698329,0.021834506,7.8496547,5.7613187,3
149133086288296,17217198329,0.034396827,7.8523464,5.7409797,3
149133088788296,17219698329,0.04007978,7.8592257,5.755038,3
149133091288296,17222198329,0.031106694,7.868199,5.7867427,3
149133093788296,17224698329,0.043968115,7.8693953,5.788238,3
149133096288296,17227198329,0.04426722,7.8888373,5.771488,3
149133098788296,17229698329,0.047856454,7.8963146,5.7837515,3
149133101288296,17232198329,0.04875376,7.9166536,5.7954164,3
149133103788296,17234698329,0.041575294,7.940283,5.8226347,3
149133106288296,17237198329,0.050249275,7.966903,5.8603215,3
149133108788296,17239698329,0.046660043,7.9719877,5.890232,3
149133111288296,17242198329,-0.0023928226,7.999505,5.875277,3
149133113788296,17244698329,-0.008673982,7.9923267,5.79093,3
149133116288296,17247198329,-0.016450657,7.979166,5.8944197,3
149133118788296,17249698329,-0.102592275,8.482257,6.9242306,3
149133121288296,17252198329,-0.21984059,9.277572,7.7437725,3
149133123788296,17254698329,0.005084748,8.430812,6.5225353,3
149133126288296,17257198329,0.13160525,7.5385876,4.923831,3
149133128788296,17259698329,0.07986046,7.282855,3.8994036,3
149133131288296,17262198329,-0.012562319,7.4213395,3.3687952,3
149133133788296,17264698329,0.005084748,7.6345997,3.6631124,3
149133136288296,17267198329,0.12771691,7.899904,4.390231,3
149133138788296,17269698329,0.21415763,8.179266,5.084449,3
149133141288296,17272198329,0.27068806,8.336295,5.556732,3
149133143788296,17274698329,0.31345975,8.37129,5.8250275,3
149133146288296,17277198329,0.29072794,8.376973,5.86092,3
149133148788296,17279698329,0.22103699,8.405088,5.667999,3
149133151288296,17282198329,0.14297116,8.424232,5.38744,3
149133153788296,17284698329,0.06011967,8.435597,5.154439,3
149133156288296,17287198329,-0.020638095,8.438289,5.026124,3
149133158788296,17289698329,-0.08135597,8.44128,5.031807,3
149133161288296,17292198329,-0.12412767,8.452945,5.1332026,3
149133163788296,17294698329,-0.12921242,8.46102,5.3219366,3
149133166288296,17297198329,-0.12532409,8.455338,5.5426745,3
149133168788296,17299698329,-0.08045866,8.456235,5.6440706,3
149133171288296,17302198329,-0.023629123,8.455338,5.651249,3
149133173788296,17304698329,-0.03379862,8.423633,5.697311,3
149133176288296,17307198329,-0.022731815,8.392227,5.741578,3
149133178788296,17309698329,-0.0134596275,8.327322,5.7601223,3
149133181288296,17312198329,0.0017946169,8.265408,5.8013983,3
149133183788296,17314698329,0.01794617,8.192725,5.8504515,3
