sensor_timestamp_ns,relative_to_audio_start_ns,x_m_s2,y_m_s2,z_m_s2,accuracy
161782431283489,66583,3.9723847,8.029415,4.3268213,3
161782433783489,2566583,3.9723847,8.029415,4.3268213,3
161782436283489,5066583,3.9723847,8.029415,4.3268213,3
161782438783489,7566583,3.9723847,8.029415,4.3268213,3
161782441283489,10066583,3.659224,8.173284,4.115356,3
161782443783489,12566583,3.478566,8.262117,3.9101713,3
161782446283489,15066583,3.4465618,8.29442,3.8066816,3
161782448783489,17566583,3.4169507,8.322536,3.7070804,3
161782451283489,20066583,3.3816566,8.359027,3.6284165,3
161782453783489,22566583,3.3619158,8.377571,3.5539398,3
161782456283489,25066583,3.330211,8.420044,3.4836507,3
161782458783489,27566583,3.3053854,8.440383,3.4247274,3
161782461283489,30066583,3.2784662,8.458628,3.3672996,3
161782463783489,32566583,3.2733815,8.477471,3.3092737,3
161782466283489,35066583,3.2721848,8.487641,3.2138598,3
161782468783489,37566583,3.2826536,8.490333,3.141477,3
161782471283489,40066583,3.2910285,8.477771,3.074478,3
161782473783489,42566583,3.3179476,8.46102,3.019144,3
161782476283489,45066583,3.3382866,8.445766,2.975475,3
161782478783489,47566583,3.3619158,8.434102,2.9512477,3
161782481283489,50066583,3.3607194,8.414062,2.9066813,3
161782483783489,52566583,3.3843486,8.411369,2.9126635,3
161782486283489,55066583,3.4028928,8.427522,2.9096723,3
161782488783489,57566583,3.4244282,8.452047,2.8839495,3
161782491283489,60066583,3.4564323,8.482856,2.8552356,3
161782493783489,62566583,3.5063825,8.501998,2.8289146,3
161782496283489,65066583,3.548556,8.498408,2.8025935,3
161782498783489,67566583,3.5823545,8.501998,2.8025935,3
161782501283489,70066583,3.6089747,8.508279,2.812464,3
161782503783489,72566583,3.6430724,8.503493,2.830111,3
161782506283489,75066583,3.6750765,8.503793,2.8444679,3
161782508783489,77566583,3.714857,8.498708,2.864508,3
161782511283489,80066583,3.739982,8.500801,2.8719854,3
161782513783489,82566583,3.7794633,8.493922,2.8761728,3
161782516283489,85066583,3.8063827,8.488239,2.8576283,3
161782518783489,87566583,3.8333018,8.4655075,2.845066,3
161782521283489,90066583,3.8551364,8.454441,2.8103702,3
161782523783489,92566583,3.8724844,8.443374,2.7726831,3
161782526283489,95066583,3.8940198,8.425727,2.74038,3
161782528783489,97566583,3.9110687,8.43799,2.6796622,3
161782531283489,100066583,3.9302113,8.423334,2.6515465,3
161782533783489,102566583,3.9517467,8.40449,2.5941188,3
161782536283489,105066583,3.955934,8.397611,2.556731,3
161782538783489,107566583,3.949952,8.391629,2.5354948,3
161782541283489,110066583,3.955934,8.393125,2.492723,3
161782543783489,112566583,3.9487555,8.426025,2.4326034,3
161782546283489,115066583,3.9287157,8.459525,2.393421,3
161782548783489,117566583,3.903292,8.5112705,2.3114667,3
161782551283489,120066583,3.8820555,8.552845,2.2390838,3
161782553783489,122566583,3.862315,8.595617,2.1649063,3
161782556283489,125066583,3.841976,8.647063,2.085345,3
161782558783489,127566583,3.836293,8.680562,2.0030916,3
161782561283489,130066583,3.8153558,8.710772,1.9588244,3
161782563783489,132566583,3.7896328,8.743972,1.8882362,3
161782566283489,135066583,3.7812579,8.774481,1.8272192,3
161782568783489,137566583,3.772584,8.789137,1.7425731,3
161782571283489,140066583,3.7713876,8.788837,1.687239,3
161782573783489,142566583,3.7654054,8.797811,1.6295122,3
161782576283489,145066583,3.7737803,8.795118,1.5664015,3
161782578783489,147566583,3.7878382,8.777771,1.5077773,3
161782581283489,150066583,3.8036907,8.750254,1.4706886,3
161782583783489,152566583,3.8195431,8.717352,1.4614165,3
161782586283489,155066583,3.8359938,8.7012005,1.4772689,3
161782588783489,157566583,3.8371902,8.677871,1.4994025,3
161782591283489,160066583,3.8491542,8.642576,1.5361922,3
161782593783489,162566583,3.8560338,8.62134,1.5753746,3
161782596283489,165066583,3.8706896,8.59143,1.6217356,3
161782598783489,167566583,3.8787656,8.56122,1.6731812,3
161782601283489,170066583,3.8901315,8.528917,1.739283,3
161782603783489,172566583,3.909573,8.491529,1.782952,3
161782606283489,175066583,3.9332023,8.457432,1.8065811,3
161782608783489,177566583,3.9553359,8.422437,1.8074784,3
161782611283489,180066583,4.0070806,8.38804,1.80359,3
161782613783489,182566583,4.039683,8.381161,1.783251,3
161782616283489,185066583,4.0773697,8.358429,1.7808583,3
161782618783489,187566583,4.1174498,8.339585,1.7368901,3
161782621283489,190066583,4.159922,8.328518,1.7177476,3
161782623783489,192566583,4.197011,8.3219385,1.6686947,3
161782626283489,195066583,4.221537,8.306086,1.6513467,3
161782628783489,197566583,4.2595234,8.29113,1.6067804,3
161782631283489,200066583,4.269394,8.285447,1.5972091,3
161782633783489,202566583,4.2945185,8.284251,1.5927225,3
161782636283489,205066583,4.304389,8.28784,1.5951154,3
161782638783489,207566583,4.304987,8.316256,1.6016957,3
161782641283489,210066583,4.302594,8.335398,1.6064813,3
161782643783489,212566583,4.2912283,8.3784685,1.6342978,3
161782646283489,215066583,4.2774696,8.395817,1.6791633,3
161782648783489,217566583,4.2595234,8.420342,1.7150556,3
161782651283489,220066583,4.2260237,8.427522,1.7644076,3
161782653783489,222566583,4.200899,8.436195,1.8131614,3
161782656283489,225066583,4.195216,8.419147,1.8634106,3
161782658783489,227566583,4.1703906,8.42453,1.9166509,3
161782661283489,230066583,4.1548376,8.420044,1.9893329,3
161782663783489,232566583,4.130909,8.391928,2.0491536,3
161782666283489,235066583,4.1072803,8.388638,2.117947,3
161782668783489,237566583,4.089633,8.384151,2.1738794,3
161782671283489,240066583,4.068995,8.367103,2.204986,3
161782673783489,242566583,4.0564327,8.36441,2.2447667,3
161782676283489,245066583,4.054339,8.353643,2.3087747,3
161782678783489,247566583,4.068696,8.354839,2.33031,3
161782681283489,250066583,4.063013,8.3428755,2.3700907,3
161782683783489,252566583,4.0680976,8.351549,2.3865414,3
161782686283489,255066583,4.075276,8.359027,2.4038894,3
161782688783489,257566583,4.0645084,8.379366,2.405684,3
161782691283489,260066583,4.0833516,8.425727,2.3838496,3
161782693783489,262566583,4.0974097,8.452047,2.3772693,3
161782696283489,265066583,4.0974097,8.479864,2.3464618,3
161782698783489,267566583,4.1018963,8.508878,2.2992034,3
161782701283489,270066583,4.10399,8.543274,2.2648067,3
161782703783489,272566583,4.1036906,8.563015,2.193321,3
161782706283489,275066583,4.1087756,8.574979,2.1592233,3
161782708783489,277566583,4.1024942,8.613862,2.1182463,3
161782711283489,280066583,4.086343,8.626425,2.0751755,3
161782713783489,282566583,4.065406,8.656335,2.0497518,3
161782716283489,285066583,4.0474596,8.688638,2.0365913,3
161782718783489,287566583,4.0163527,8.710772,2.0341983,3
161782721283489,290066583,3.9843488,8.744271,2.0219352,3
161782723783489,292566583,3.9508493,8.763115,2.0359929,3
161782726283489,295066583,3.946662,8.784949,2.056631,3
161782728783489,297566583,3.9245281,8.787642,2.0605195,3
161782731283489,300066583,3.912564,8.8014,2.0721843,3
161782733783489,302566583,3.905984,8.805588,2.0898316,3
161782736283489,305066583,3.8871403,8.820542,2.1284158,3
161782738783489,307566583,3.8838503,8.816654,2.1634107,3
161782741283489,310066583,3.874279,8.832806,2.1939192,3
161782743783489,312566583,3.8587255,8.842976,2.2372892,3
161782746283489,315066583,3.8572302,8.846265,2.265405,3
161782748783489,317566583,3.854239,8.861818,2.2956142,3
161782751283489,320066583,3.8377883,8.867501,2.3503501,3
161782753783489,322566583,3.8315072,8.868998,2.41705,3
161782756283489,325066583,3.8231323,8.877372,2.4915266,3
161782758783489,327566583,3.80399,8.856435,2.5636103,3
161782761283489,330066583,3.7824545,8.860323,2.612065,3
161782763783489,332566583,3.7683966,8.857332,2.6623142,3
161782766283489,335066583,3.7504504,8.863913,2.6832514,3
161782768783489,337566583,3.7274194,8.866903,2.6898317,3
161782771283489,340066583,3.6906297,8.874082,2.7044878,3
161782773783489,342566583,3.6723845,8.883354,2.6850462,3
161782776283489,345066583,3.63051,8.886943,2.6916263,3
161782778783489,347566583,3.609274,8.902496,2.6751757,3
161782781283489,350066583,3.5838501,8.913862,2.669792,3
161782783783489,352566583,3.554239,8.914162,2.6359932,3
161782786283489,355066583,3.5422747,8.9210415,2.6126633,3
161782788783489,357566583,3.5147574,8.917452,2.556731,3
161782791283489,360066583,3.5006995,8.919845,2.5232315,3
161782793783489,362566583,3.4827533,8.910572,2.4906292,3
161782796283489,365066583,3.4779677,8.915059,2.4415765,3
161782798783489,367566583,3.4740794,8.918648,2.4116662,3
161782801283489,370066583,3.4627135,8.911171,2.3656044,3
161782803783489,372566583,3.4486556,8.902796,2.338685,3
161782806283489,375066583,3.435794,8.901001,2.3464618,3
161782808783489,377566583,3.4310086,8.903095,2.3246272,3
161782811283489,380066583,3.426223,8.887242,2.3398814,3
161782813783489,382566583,3.4163525,8.875577,2.3476582,3
161782816283489,385066583,3.3945181,8.881859,2.362015,3
161782818783489,387566583,3.3822548,8.877073,2.3847468,3
161782821283489,390066583,3.3813574,8.872586,2.4218357,3
161782823783489,392566583,3.3759737,8.8854475,2.457728,3
161782826283489,395066583,3.3574293,8.883654,2.4990041,3
161782828783489,397566583,3.3430724,8.887542,2.545365,3
161782831283489,400066583,3.3457642,8.894122,2.5821548,3
161782833783489,402566583,3.3499517,8.887542,2.6081767,3
161782836283489,405066583,3.3550365,8.890832,2.6419754,3
161782838783489,407566583,3.3954153,8.886943,2.6336005,3
161782841283489,410066583,3.417848,8.860323,2.641078,3
161782843783489,412566583,3.4531422,8.850154,2.6539395,3
161782846283489,415066583,3.487838,8.848659,2.6533413,3
161782848783489,417566583,3.5084763,8.833105,2.644069,3
161782851283489,420066583,3.5324044,8.828618,2.646761,3
161782853783489,422566583,3.5416765,8.847162,2.632404,3
161782856283489,425066583,3.5763726,8.841181,2.6243281,3
161782858783489,427566583,3.5763726,8.846564,2.605784,3
161782861283489,430066583,3.5781672,8.853743,2.5869403,3
161782863783489,432566583,3.589832,8.86481,2.5384858,3
161782866283489,435066583,3.6080775,8.85135,2.5082762,3
161782868783489,437566583,3.6086757,8.840582,2.4658036,3
161782871283489,440066583,3.6044881,8.830712,2.402693,3
161782873783489,442566583,3.6349967,8.826525,2.3434706,3
161782876283489,445066583,3.636193,8.816056,2.2839491,3
161782878783489,447566583,3.6448672,8.802298,2.2334008,3
161782881283489,450066583,3.662215,8.80469,2.184946,3
161782883783489,452566583,3.6750765,8.7984085,2.1690936,3
161782886283489,455066583,3.6987057,8.766704,2.1269202,3
161782888783489,457566583,3.7223346,8.766106,2.1071794,3
161782891283489,460066583,3.7489548,8.752347,2.0832512,3
161782893783489,462566583,3.772285,8.740981,2.07368,3
161782896283489,465066583,3.7980077,8.731111,2.0844476,3
161782898783489,467566583,3.8330028,8.716156,2.0901306,3
161782901283489,470066583,3.871587,8.7113695,2.108675,3
161782903783489,472566583,3.9017963,8.712866,2.1541386,3
161782906283489,475066583,3.9314077,8.706584,2.179263,3
161782908783489,477566583,3.97059,8.705388,2.2169502,3
161782911283489,480066583,3.9975092,8.7012005,2.2435703,3
161782913783489,482566583,4.026522,8.697611,2.271088,3
161782916283489,485066583,4.052245,8.675179,2.315654,3
161782918783489,487566583,4.0797625,8.688638,2.3464618,3
161782921283489,490066583,4.078566,8.6706915,2.3599212,3
161782923783489,492566583,4.0968113,8.668,2.37039,3
161782926283489,495066583,4.11386,8.65454,2.3727827,3
161782928783489,497566583,4.111767,8.648559,2.3611178,3
161782931283489,500066583,4.1207395,8.65125,2.3584259,3
161782933783489,502566583,4.115954,8.649157,2.3315065,3
161782936283489,505066583,4.095017,8.648259,2.2905295,3
161782938783489,507566583,4.084249,8.645567,2.2725832,3
161782941283489,510066583,4.0716867,8.655139,2.2363918,3
161782943783489,512566583,4.0528436,8.647661,2.2034905,3
161782946283489,515066583,4.039982,8.643773,2.1690936,3
161782948783489,517566583,4.0480576,8.644371,2.1400807,3
161782951283489,520066583,4.032205,8.640781,2.1140587,3
161782953783489,522566583,4.028915,8.622835,2.1149561,3
161782956283489,525066583,4.025027,8.618349,2.0991037,3
161782958783489,527566583,4.0268216,8.615956,2.0874386,3
161782961283489,530066583,4.0310087,8.622237,2.047658,3
161782963783489,532566583,4.048955,8.618947,2.044966,3
161782966283489,535066583,4.0609193,8.59442,2.0015962,3
161782968783489,537566583,4.061816,8.573184,1.9773688,3
161782971283489,540066583,4.0677986,8.572288,1.9501505,3
161782973783489,542566583,4.0815573,8.556435,1.9408783,3
161782976283489,545066583,4.095017,8.546564,1.9360926,3
161782978783489,547566583,4.095017,8.545667,1.9190438,3
161782981283489,550066583,4.0944185,8.546266,1.9061823,3
161782983783489,552566583,4.0968113,8.560922,1.8966111,3
161782986283489,555066583,4.0923247,8.572288,1.9002002,3
161782988783489,557566583,4.078566,8.599206,1.8843478,3
161782991283489,560066583,4.057928,8.620144,1.8837496,3
161782993783489,562566583,4.0408792,8.64796,1.879263,3
161782996283489,565066583,4.028915,8.671888,1.8690935,3
161782998783489,567566583,4.0202413,8.692227,1.905285,3
161783001283489,570066583,4.007978,8.709874,1.9034904,3
161783003783489,572566583,4.004389,8.72812,1.9076779,3
161783006283489,575066583,4.000201,8.722735,1.9181465,3
161783008783489,577566583,4.006183,8.717651,1.9289142,3
161783011283489,580066583,4.014259,8.702098,1.9444675,3
161783013783489,582566583,4.028616,8.690433,1.9573289,3
161783016283489,585066583,4.028616,8.684152,1.9842482,3
161783018783489,587566583,4.0417767,8.666505,2.013261,3
161783021283489,590066583,4.043571,8.648857,2.0240288,3
161783023783489,592566583,4.054339,8.645567,2.0557337,3
161783026283489,595066583,4.0510488,8.641978,2.0844476,3
161783028783489,597566583,4.0567317,8.6294155,2.1101704,3
161783031283489,600066583,4.063312,8.622835,2.1302104,3
161783033783489,602566583,4.048357,8.631808,2.158027,3
161783036283489,605066583,4.0594234,8.629117,2.1927228,3
161783038783489,607566583,4.065406,8.625827,2.1981068,3
161783041283489,610066583,4.068995,8.625228,2.2103698,3
161783043783489,612566583,4.066303,8.622835,2.2160528,3
161783046283489,615066583,4.063611,8.618349,2.1924238,3
161783048783489,617566583,4.0408792,8.617452,2.2064817,3
161783051283489,620066583,4.05733,8.6090765,2.201696,3
161783053783489,622566583,4.0477586,8.610871,2.1951156,3
161783056283489,625066583,4.0384865,8.608479,2.2031915,3
161783058783489,627566583,4.025027,8.59801,2.2378874,3
161783061283489,630066583,4.016951,8.608179,2.2474587,3
161783063783489,632566583,4.005884,8.584849,2.245365,3
161783066283489,635066583,3.99392,8.579764,2.248655,3
161783068783489,637566583,3.991228,8.594122,2.2779672,3
161783071283489,640066583,3.9768713,8.595318,2.297708,3
161783073783489,642566583,3.9574296,8.595019,2.3255246,3
161783076283489,645066583,3.9472601,8.608778,2.350649,3
161783078783489,647566583,3.9284165,8.624331,2.359323,3
161783081283489,650066583,3.912265,8.648259,2.3919253,3
161783083783489,652566583,3.9044883,8.638389,2.4038894,3
161783086283489,655066583,3.8898323,8.636594,2.4296124,3
161783088783489,657566583,3.8838503,8.623733,2.4711876,3
161783091283489,660066583,3.8757744,8.605786,2.5049863,3
161783093783489,662566583,3.879962,8.582756,2.5151558,3
161783096283489,665066583,3.8671005,8.5678005,2.5106692,3
161783098783489,667566583,3.868596,8.556734,2.5097718,3
161783101283489,670066583,3.880261,8.532805,2.5166512,3
161783103783489,672566583,3.8898323,8.516355,2.5121646,3
161783106283489,675066583,3.8970108,8.500801,2.5034907,3
161783108783489,677566583,3.9134614,8.506186,2.5061827,3
161783111283489,680066583,3.92393,8.510074,2.4798615,3
161783113783489,682566583,3.932006,8.525328,2.5002005,3
161783116283489,685066583,3.9358943,8.536993,2.4888346,3
161783118783489,687566583,3.9287157,8.556435,2.4858437,3
161783121283489,690066583,3.9224346,8.573783,2.466701,3
161783123783489,692566583,3.9146578,8.576774,2.4442682,3
161783126283489,695066583,3.9080775,8.593523,2.4352953,3
161783128783489,697566583,3.9029927,8.582157,2.431706,3
161783131283489,700066583,3.9014974,8.572288,2.443371,3
161783133783489,702566583,3.894917,8.571091,2.4227328,3
161783136283489,705066583,3.9006,8.56481,2.4059832,3
161783138783489,707566583,3.9044883,8.560323,2.3955145,3
161783141283489,710066583,3.9071803,8.550154,2.4101706,3
161783143783489,712566583,3.9233317,8.552845,2.4305096,3
161783146283489,715066583,3.9035912,8.553444,2.4278176,3
161783148783489,717566583,3.9113677,8.552845,2.4448664,3
161783151283489,720066583,3.9158542,8.555537,2.475375,3
161783153783489,722566583,3.9134614,8.566903,2.4852455,3
161783156283489,725066583,3.900301,8.570193,2.4945176,3
161783158783489,727566583,3.8877387,8.588439,2.507379,3
161783161283489,730066583,3.8790646,8.591729,2.5106692,3
161783163783489,732566583,3.871587,8.584849,2.495415,3
161783166283489,735066583,3.850949,8.582457,2.5028925,3
161783168783489,737566583,3.8407795,8.57468,2.501098,3
161783171283489,740066583,3.821936,8.575876,2.4924238,3
161783173783489,742566583,3.8096728,8.574979,2.4613173,3
161783176283489,745066583,3.8030925,8.577073,2.4248266,3
161783178783489,747566583,3.8033917,8.580961,2.4212375,3
161783181283489,750066583,3.8126638,8.592028,2.4074786,3
161783183783489,752566583,3.8210387,8.578269,2.3928227,3
161783186283489,755066583,3.842873,8.570493,2.373381,3
161783188783489,757566583,3.882654,8.569296,2.3596222,3
161783191283489,760066583,3.8937206,8.559725,2.359024,3
161783193783489,762566583,3.9221354,8.553444,2.3670998,3
161783196283489,765066583,3.94397,8.528917,2.3569303,3
161783198783489,767566583,3.956233,8.518149,2.3608186,3
161783201283489,770066583,3.9852462,8.504391,2.3856442,3
161783203783489,772566583,4.0031924,8.493922,2.3979075,3
161783206283489,775066583,4.0088754,8.475378,2.3988047,3
161783208783489,777566583,4.0325046,8.469994,2.4224339,3
161783211283489,780066583,4.025027,8.465208,2.4340987,3
161783213783489,782566583,4.0498524,8.466105,2.4352953,3
161783216283489,785066583,4.039683,8.45803,2.4335005,3
161783218783489,787566583,4.045366,8.450552,2.41705,3
161783221283489,790066583,4.046562,8.452347,2.382354,3
161783223783489,792566583,4.046562,8.477173,2.355435,3
161783226283489,795066583,4.0561333,8.472088,2.3171496,3
161783228783489,797566583,4.066602,8.46461,2.2944179,3
161783231283489,800066583,4.089334,8.464012,2.2561326,3
161783233783489,802566583,4.104887,8.4705925,2.2319052,3
161783236283489,805066583,4.12732,8.477471,2.20708,3
161783238783489,807566583,4.150351,8.466405,2.1870399,3
161783241283489,810066583,4.1497526,8.473583,2.169692,3
161783243783489,812566583,4.1671004,8.472386,2.1750758,3
161783246283489,815066583,4.1808596,8.475079,2.1655045,3
161783248783489,817566583,4.194618,8.483454,2.175674,3
161783251283489,820066583,4.205984,8.497512,2.1921246,3
161783253783489,822566583,4.199404,8.500801,2.245963,3
161783256283489,825066583,4.194917,8.5067835,2.2809582,3
161783258783489,827566583,4.1901317,8.510373,2.312065,3
161783261283489,830066583,4.178766,8.530712,2.3461626,3
161783263783489,832566583,4.1641097,8.52772,2.385345,3
161783266283489,835066583,4.1422753,8.531011,2.4278176,3
161783268783489,837566583,4.126423,8.5346,2.4559333,3
161783271283489,840066583,4.1108694,8.522636,2.4714868,3
161783273783489,842566583,4.095316,8.510971,2.4924238,3
161783276283489,845066583,4.080062,8.500203,2.4948168,3
161783278783489,847566583,4.08066,8.492127,2.4993033,3
161783281283489,850066583,4.0881376,8.483752,2.4801607,3
161783283783489,852566583,4.0995035,8.47149,2.4882364,3
161783286283489,855066583,4.104887,8.4682,2.4783661,3
161783288783489,857566583,4.1084766,8.471788,2.4744778,3
161783291283489,860066583,4.132704,8.45773,2.4484558,3
161783293783489,862566583,4.141677,8.453842,2.4361925,3
161783296283489,865066583,4.1727834,8.442178,2.429014,3
161783298783489,867566583,4.2056847,8.421839,2.4131618,3
161783301283489,870066583,4.235894,8.397312,2.3916261,3
161783303783489,872566583,4.258028,8.3943205,2.370689,3
161783306283489,875066583,4.2885365,8.3733835,2.3452654,3
161783308783489,877566583,4.3094735,8.370991,2.3222344,3
161783311283489,880066583,4.3438706,8.360522,2.32373,3
161783313783489,882566583,4.3722854,8.357532,2.3201406,3
161783316283489,885066583,4.3794637,8.36471,2.3186452,3
161783318783489,887566583,4.4129634,8.371888,2.306382,3
161783321283489,890066583,4.424927,8.386245,2.3171496,3
161783323783489,892566583,4.4246283,8.429017,2.2905295,3
161783326283489,895066583,4.4458647,8.447861,2.277668,3
161783328783489,897566583,4.4312086,8.461619,2.2677977,3
161783331283489,900066583,4.4228334,8.466105,2.2519453,3
161783333783489,902566583,4.4075794,8.474779,2.216352,3
161783336283489,905066583,4.382754,8.479266,2.1759732,3
161783338783489,907566583,4.363611,8.492427,2.1332014,3
161783341283489,910066583,4.3375893,8.469994,2.0922244,3
161783343783489,912566583,4.3259244,8.473284,2.0587249,3
161783346283489,915066583,4.3130627,8.4679,2.0171494,3
161783348783489,917566583,4.2915273,8.46102,1.9776679,3
161783351283489,920066583,4.278367,8.464311,1.9393828,3
161783353783489,922566583,4.261617,8.465208,1.9229321,3
161783356283489,925066583,4.261916,8.462517,1.9031913,3
161783358783489,927566583,4.2424746,8.461918,1.8562322,3
161783361283489,930066583,4.228417,8.47149,1.8406788,3
161783363783489,932566583,4.234997,8.465208,1.8275183,3
161783366283489,935066583,4.217649,8.4705925,1.8239291,3
161783368783489,937566583,4.200301,8.47149,1.8248264,3
161783371283489,940066583,4.1865425,8.476275,1.852942,3
161783373783489,942566583,4.1590247,8.474779,1.867598,3
161783376283489,945066583,4.154538,8.478668,1.8882362,3
161783378783489,947566583,4.147061,8.484949,1.9444675,3
161783381283489,950066583,4.1368914,8.496913,1.9914266,3
161783383783489,952566583,4.1344986,8.507381,2.056033,3
161783386283489,955066583,4.115356,8.518149,2.103291,3
161783388783489,957566583,4.08724,8.558229,2.1568305,3
161783391283489,960066583,4.0716867,8.5681,2.195714,3
161783393783489,962566583,4.0570307,8.583653,2.2363918,3
161783396283489,965066583,4.0325046,8.589037,2.2707887,3
161783398783489,967566583,4.0244284,8.603693,2.3054845,3
161783401283489,970066583,4.019045,8.605488,2.3341985,3
161783403783489,972566583,4.011268,8.58814,2.373979,3
161783406283489,975066583,4.007679,8.589336,2.3916261,3
161783408783489,977566583,4.0034914,8.585447,2.3982065,3
161783411283489,980066583,4.009773,8.576176,2.4017956,3
161783413783489,982566583,4.0070806,8.587242,2.399702,3
161783416283489,985066583,4.004389,8.580064,2.4029922,3
161783418783489,987566583,3.993322,8.579166,2.3931217,3
161783421283489,990066583,3.9963129,8.586944,2.3718855,3
161783423783489,992566583,3.991228,8.608179,2.3641088,3
161783426283489,995066583,3.9628134,8.62792,2.3599212,3
161783428783489,997566583,3.9595232,8.62134,2.350051,3
161783431283489,1000066583,3.9511483,8.623733,2.3282163,3
161783433783489,1002566583,3.9281175,8.632108,2.3255246,3
161783436283489,1005066583,3.9221354,8.643773,2.3001008,3
161783438783489,1007566583,3.9044883,8.658728,2.3045874,3
161783441283489,1010066583,3.8928235,8.66142,2.2998016,3
161783443783489,1012566583,3.8901315,8.669795,2.2968106,3
161783446283489,1015066583,3.8835511,8.677272,2.295315,3
161783448783489,1017566583,3.8724844,8.676674,2.3087747,3
161783451283489,1020066583,3.8736808,8.687442,2.2962124,3
161783453783489,1022566583,3.8718863,8.682656,2.2881367,3
161783456283489,1025066583,3.8656049,8.688638,2.2752752,3
161783458783489,1027566583,3.8635113,8.687142,2.2848465,3
161783461283489,1030066583,3.8733816,8.690433,2.2971098,3
161783463783489,1032566583,3.8724844,8.685647,2.326721,3
161783466283489,1035066583,3.8760736,8.700303,2.3458636,3
161783468783489,1037566583,3.874578,8.6910305,2.3856442,3
161783471283489,1040066583,3.885944,8.703294,2.4122643,3
161783473783489,1042566583,3.8820555,8.69492,2.4122643,3
161783476283489,1045066583,3.8763726,8.704191,2.4391835,3
161783478783489,1047566583,3.8557346,8.71466,2.4684956,3
161783481283489,1050066583,3.8431723,8.716754,2.4771698,3
161783483783489,1052566583,3.842873,8.715857,2.4792633,3
161783486283489,1055066583,3.8359938,8.730513,2.484348,3
161783488783489,1057566583,3.8356948,8.734101,2.4822545,3
161783491283489,1060066583,3.8315072,8.726026,2.469393,3
161783493783489,1062566583,3.8297126,8.722137,2.466701,3
161783496283489,1065066583,3.821936,8.712866,2.466701,3
161783498783489,1067566583,3.8108692,8.714062,2.454737,3
161783501283489,1070066583,3.7854455,8.709576,2.457728,3
161783503783489,1072566583,3.7674992,8.709874,2.4589243,3
161783506283489,1075066583,3.746562,8.71795,2.4672992,3
161783508783489,1077566583,3.726223,8.71795,2.4744778,3
161783511283489,1080066583,3.7130625,8.723633,2.4891338,3
161783513783489,1082566583,3.7091742,8.730812,2.4993033,3
161783516283489,1085066583,3.7007992,8.728718,2.5034907,3
161783518783489,1087566583,3.6900315,8.720942,2.5058835,3
161783521283489,1090066583,3.6789649,8.729915,2.5049863,3
161783523783489,1092566583,3.673282,8.755039,2.4711876,3
161783526283489,1095066583,3.6637106,8.753842,2.4652054,3
161783528783489,1097566583,3.6574295,8.76132,2.4514468,3
161783531283489,1100066583,3.6601214,8.778668,2.4340987,3
161783533783489,1102566583,3.6589248,8.769695,2.3985057,3
161783536283489,1105066583,3.6729827,8.768798,2.3662026,3
161783538783489,1107566583,3.6984065,8.770593,2.3449662,3
161783541283489,1110066583,3.702893,8.774181,2.3108685,3
161783543783489,1112566583,3.7160535,8.759525,2.2782662,3
161783546283489,1115066583,3.7444685,8.756235,2.2384856,3
161783548783489,1117566583,3.772584,8.749057,2.2244277,3
161783551283489,1120066583,3.7980077,8.72812,2.2046869,3
161783553783489,1122566583,3.8380876,8.730513,2.2157538,3
161783556283489,1125066583,3.863212,8.72453,2.2468605,3
161783558783489,1127566583,3.8871403,8.713464,2.2824538,3
161783561283489,1130066583,3.9215372,8.710174,2.312065,3
161783563783489,1132566583,3.9454653,8.70479,2.3434706,3
161783566283489,1135066583,3.9687955,8.695218,2.3503501,3
161783568783489,1137566583,3.9801614,8.710473,2.3679972,3
161783571283489,1140066583,3.9861434,8.7012005,2.3814569,3
161783573783489,1142566583,3.9990048,8.699406,2.399702,3
161783576283489,1145066583,4.0145583,8.69821,2.4185455,3
161783578783489,1147566583,4.011268,8.690433,2.4212375,3
161783581283489,1150066583,4.024728,8.685348,2.425724,3
161783583783489,1152566583,4.036991,8.673085,2.405385,3
161783586283489,1155066583,4.0516467,8.663215,2.4038894,3
161783588783489,1157566583,4.052245,8.645567,2.399702,3
161783591283489,1160066583,4.0624146,8.63151,2.3715863,3
161783593783489,1162566583,4.0881376,8.607282,2.3407788,3
161783596283489,1165066583,4.1018963,8.602198,2.3380868,3
161783598783489,1167566583,4.1261234,8.601599,2.329712,3
161783601283489,1170066583,4.135994,8.580363,2.3291137,3
161783603783489,1172566583,4.1515474,8.585149,2.3030918,3
161783606283489,1175066583,4.170989,8.576176,2.3021946,3
161783608783489,1177566583,4.1781673,8.565108,2.2875385,3
161783611283489,1180066583,4.179962,8.562417,2.2686949,3
161783613783489,1182566583,4.1868415,8.569296,2.2561326,3
161783616283489,1185066583,4.18056,8.563015,2.25703,3
161783618783489,1187566583,4.1931224,8.551649,2.2429721,3
161783621283489,1190066583,4.182355,8.570791,2.2217357,3
161783623783489,1192566583,4.1817565,8.575278,2.198705,3
161783626283489,1195066583,4.167998,8.571091,2.1921246,3
161783628783489,1197566583,4.1629133,8.579466,2.1996021,3
161783631283489,1200066583,4.152744,8.580064,2.1978076,3
161783633783489,1202566583,4.1434717,8.565408,2.2235305,3
161783636283489,1205066583,4.130311,8.557033,2.2259233,3
161783638783489,1207566583,4.1383867,8.530413,2.2286153,3
161783641283489,1210066583,4.130909,8.520244,2.2292135,3
161783643783489,1212566583,4.126423,8.510373,2.219044,3
161783646283489,1215066583,4.1198425,8.500203,2.222035,3
161783648783489,1217566583,4.1279182,8.46491,2.1951156,3
161783651283489,1220066583,4.11386,8.475378,2.2040887,3
161783653783489,1222566583,4.115356,8.465208,2.1684954,3
161783656283489,1225066583,4.1033916,8.458927,2.1693928,3
161783658783489,1227566583,4.087539,8.453244,2.1577277,3
161783661283489,1230066583,4.0848475,8.45803,2.1586251,3
161783663783489,1232566583,4.069294,8.444571,2.1678972,3
161783666283489,1235066583,4.0716867,8.467003,2.1690936,3
161783668783489,1237566583,4.057928,8.46102,2.1711874,3
161783671283489,1240066583,4.054339,8.451151,2.1714866,3
161783673783489,1242566583,4.061816,8.444869,2.1909282,3
161783676283489,1245066583,4.0704904,8.43111,2.195714,3
161783678783489,1247566583,4.072584,8.423035,2.205285,3
161783681283489,1250066583,4.0824547,8.419446,2.1999013,3
161783683783489,1252566583,4.0923247,8.427522,2.2064817,3
161783686283489,1255066583,4.1177487,8.421839,2.1963122,3
161783688783489,1257566583,4.12732,8.429914,2.1870399,3
161783691283489,1260066583,4.1518464,8.435298,2.193022,3
161783693783489,1262566583,4.1515474,8.428718,2.2031915,3
161783696283489,1265066583,4.1760736,8.420044,2.1912274,3
161783698783489,1267566583,4.179962,8.417352,2.2046869,3
161783701283489,1270066583,4.2077785,8.420044,2.1879373,3
161783703783489,1272566583,4.2424746,8.412866,2.210669,3
161783706283489,1275066583,4.2702913,8.407183,2.2157538,3
161783708783489,1277566583,4.3061833,8.411968,2.2331018,3
161783711283489,1280066583,4.3211384,8.400303,2.233999,3
161783713783489,1282566583,4.3528433,8.407481,2.2642083,3
161783716283489,1285066583,4.343272,8.4197445,2.2674985,3
161783718783489,1287566583,4.3552365,8.433803,2.2947168,3
161783721283489,1290066583,4.3519464,8.439486,2.3318057,3
161783723783489,1292566583,4.342076,8.456235,2.3545375,3
161783726283489,1295066583,4.3292146,8.4682,2.3656044,3
161783728783489,1297566583,4.3130627,8.476275,2.3629124,3
161783731283489,1300066583,4.3112683,8.479266,2.3599212,3
161783733783489,1302566583,4.293322,8.478069,2.3503501,3
161783736283489,1305066583,4.267898,8.476275,2.3171496,3
161783738783489,1307566583,4.2514477,8.48465,2.2818556,3
161783741283489,1310066583,4.2311087,8.483752,2.2660031,3
161783743783489,1312566583,4.2302113,8.479566,2.2381866,3
161783746283489,1315066583,4.223631,8.472088,2.2142582,3
161783748783489,1317566583,4.215256,8.459525,2.2145574,3
161783751283489,1320066583,4.2182474,8.451449,2.202294,3
161783753783489,1322566583,4.214957,8.438888,2.1996021,3
161783756283489,1325066583,4.214359,8.429316,2.2169502,3
161783758783489,1327566583,4.21735,8.4248295,2.2259233,3
161783761283489,1330066583,4.2167516,8.402098,2.219343,3
161783763783489,1332566583,4.232305,8.385049,2.2387848,3
161783766283489,1335066583,4.2260237,8.37458,2.245066,3
161783768783489,1337566583,4.220939,8.368299,2.2528424,3
161783771283489,1340066583,4.2074795,8.372188,2.2761726,3
161783773783489,1342566583,4.2200418,8.386544,2.2791636,3
161783776283489,1345066583,4.2011986,8.386544,2.2743778,3
161783778783489,1347566583,4.2068815,8.400602,2.3003998,3
161783781283489,1350066583,4.2035913,8.433503,2.315355,3
161783783783489,1352566583,4.215555,8.447861,2.3216362,3
161783786283489,1355066583,4.221537,8.463413,2.3288147,3
161783788783489,1357566583,4.232305,8.47119,2.335694,3
161783791283489,1360066583,4.2421756,8.4813595,2.3404796,3
161783793783489,1362566583,4.2538404,8.484052,2.3452654,3
161783796283489,1365066583,4.255037,8.504391,2.3377876,3
161783798783489,1367566583,4.256233,8.492427,2.350051,3
161783801283489,1370066583,4.243372,8.493324,2.3449662,3
161783803783489,1372566583,4.2391844,8.499306,2.3665016,3
161783806283489,1375066583,4.2161536,8.506186,2.3629124,3
161783808783489,1377566583,4.194618,8.517851,2.3662026,3
161783811283489,1380066583,4.173083,8.517851,2.3551357,3
161783813783489,1382566583,4.134199,8.530413,2.3353949,3
161783816283489,1385066583,4.093521,8.52473,2.341676,3
161783818783489,1387566583,4.0615172,8.536395,2.315654,3
161783821283489,1390066583,4.0438704,8.548359,2.3132613,3
161783823783489,1392566583,4.019045,8.554939,2.3060827,3
161783826283489,1395066583,3.9885364,8.566903,2.2872393,3
161783828783489,1397566583,3.969992,8.577372,2.2606192,3
161783831283489,1400066583,3.9631126,8.574979,2.2492533,3
161783833783489,1402566583,3.9433718,8.568698,2.2537398,3
161783836283489,1405066583,3.9433718,8.570193,2.2537398,3
161783838783489,1407566583,3.9346976,8.578568,2.2633111,3
161783841283489,1410066583,3.9317067,8.580064,2.262713,3
161783843783489,1412566583,3.941278,8.586944,2.2525434,3
161783846283489,1415066583,3.926323,8.58455,2.2648067,3
161783848783489,1417566583,3.9200418,8.590532,2.2474587,3
161783851283489,1420066583,3.9137604,8.611469,2.2390838,3
161783853783489,1422566583,3.906582,8.635398,2.2157538,3
161783856283489,1425066583,3.8901315,8.659326,2.2028923,3
161783858783489,1427566583,3.8997028,8.679067,2.1864417,3
161783861283489,1430066583,3.8991046,8.682058,2.1481566,3
161783863783489,1432566583,3.886243,8.700603,2.1631117,3
161783866283489,1435066583,3.9014974,8.705986,2.1664019,3
161783868783489,1437566583,3.9056847,8.707781,2.172982,3
161783871283489,1440066583,3.9230328,8.711669,2.20708,3
161783873783489,1442566583,3.9436707,8.72812,2.228316,3
161783876283489,1445066583,3.9487555,8.73799,2.2477577,3
161783878783489,1447566583,3.9687955,8.75444,2.271985,3
161783881283489,1450066583,3.9855452,8.755937,2.2722843,3
161783883783489,1452566583,4.020839,8.750254,2.28036,3
161783886283489,1455066583,4.0480576,8.738588,2.271985,3
161783888783489,1457566583,4.074977,8.7469635,2.2651057,3
161783891283489,1460066583,4.091428,8.725129,2.2534406,3
161783893783489,1462566583,4.106682,8.718249,2.2588246,3
161783896283489,1465066583,4.132704,8.712566,2.254039,3
161783898783489,1467566583,4.132704,8.708079,2.2576282,3
161783901283489,1470066583,4.132704,8.709276,2.262713,3
161783903783489,1472566583,4.1261234,8.7164545,2.2674985,3
161783906283489,1475066583,4.106682,8.6961155,2.291427,3
161783908783489,1477566583,4.0848475,8.704191,2.3024936,3
161783911283489,1480066583,4.078267,8.705089,2.303391,3
161783913783489,1482566583,4.06062,8.699406,2.3111675,3
161783916283489,1485066583,4.0351963,8.714361,2.312663,3
161783918783489,1487566583,4.0100718,8.718249,2.312663,3
161783921283489,1490066583,3.9825542,8.715557,2.3075783,3
161783923783489,1492566583,3.9637108,8.727222,2.3162522,3
161783926283489,1495066583,3.929912,8.736495,2.3081765,3
161783928783489,1497566583,3.9050865,8.746066,2.3150558,3
161783931283489,1500066583,3.8850467,8.740682,2.3168504,3
161783933783489,1502566583,3.8790646,8.736495,2.321038,3
161783936283489,1505066583,3.8775692,8.726923,2.3309083,3
161783938783489,1507566583,3.874578,8.72124,2.3521447,3
161783941283489,1510066583,3.8694932,8.701798,2.350649,3
161783943783489,1512566583,3.8751762,8.700603,2.3548367,3
161783946283489,1515066583,3.8844485,8.7012005,2.361716,3
161783948783489,1517566583,3.8868413,8.687442,2.3587248,3
161783951283489,1520066583,3.8916268,8.683554,2.3548367,3
161783953783489,1522566583,3.9023945,8.680861,2.3485553,3
161783956283489,1525066583,3.9098723,8.678169,2.3434706,3
161783958783489,1527566583,3.9104705,8.675179,2.318047,3
161783961283489,1530066583,3.9173498,8.673085,2.3243282,3
161783963783489,1532566583,3.9394834,8.670393,2.3144577,3
161783966283489,1535066583,3.9535413,8.660522,2.312663,3
161783968783489,1537566583,3.9640098,8.649456,2.309971,3
161783971283489,1540066583,3.9798622,8.6345005,2.3306093,3
161783973783489,1542566583,4.0013976,8.612965,2.3171496,3
161783976283489,1545066583,4.016652,8.59143,2.3249264,3
161783978783489,1547566583,4.039982,8.574381,2.3327029,3
161783981283489,1550066583,4.0570307,8.56451,2.335096,3
161783983783489,1552566583,4.060321,8.551649,2.3288147,3
161783986283489,1555066583,4.0528436,8.546266,2.3234308,3
161783988783489,1557566583,4.078267,8.561818,2.324029,3
161783991283489,1560066583,4.066303,8.536096,2.2944179,3
161783993783489,1562566583,4.071089,8.529515,2.277668,3
161783996283489,1565066583,4.0648074,8.534301,2.2492533,3
161783998783489,1567566583,4.0567317,8.536096,2.2187448,3
161784001283489,1570066583,4.046263,8.548957,2.1816561,3
161784003783489,1572566583,4.034,8.543573,2.1750758,3
161784006283489,1575066583,4.0441694,8.548658,2.149652,3
161784008783489,1577566583,4.0381875,8.5525465,2.164009,3
161784011283489,1580066583,4.0351963,8.5525465,2.1481566,3
161784013783489,1582566583,4.0384865,8.563015,2.1343977,3
161784016283489,1585066583,4.0301113,8.569894,2.114358,3
161784018783489,1587566583,4.0423746,8.566903,2.1044874,3
161784021283489,1590066583,4.0331025,8.572288,2.108675,3
161784023783489,1592566583,4.0441694,8.580363,2.1104696,3
161784026283489,1595066583,4.048357,8.5887375,2.1275184,3
161784028783489,1597566583,4.06391,8.585447,2.129313,3
161784031283489,1600066583,4.0761733,8.569894,2.1364915,3
161784033783489,1602566583,4.085745,8.5576315,2.1358933,3
161784036283489,1605066583,4.095615,8.549256,2.1311076,3
161784038783489,1607566583,4.104289,8.529217,2.1326032,3
161784041283489,1610066583,4.119244,8.50798,2.1272194,3
161784043783489,1612566583,4.1294136,8.490632,2.1119652,3
161784046283489,1615066583,4.1434717,8.470293,2.1194427,3
161784048783489,1617566583,4.158128,8.449655,2.1391835,3
161784051283489,1620066583,4.1850467,8.441579,2.1601207,3
161784053783489,1622566583,4.1721854,8.409575,2.1771696,3
161784056283489,1625066583,4.2074795,8.400901,2.1828525,3
161784058783489,1627566583,4.214658,8.381759,2.2067807,3
161784061283489,1630066583,4.228417,8.379665,2.2121646,3
161784063783489,1632566583,4.243671,8.36471,2.2357936,3
161784066283489,1635066583,4.253242,8.362317,2.2522442,3
161784068783489,1637566583,4.2652063,8.356335,2.2582264,3
161784071283489,1640066583,4.2690945,8.352447,2.2618155,3
161784073783489,1642566583,4.280461,8.347362,2.2591236,3
161784076283489,1645066583,4.3040895,8.342277,2.2752752,3
161784078783489,1647566583,4.319045,8.33121,2.295016,3
161784081283489,1650066583,4.317549,8.3428755,2.295016,3
161784083783489,1652566583,4.308576,8.344969,2.3057837,3
161784086283489,1655066583,4.314259,8.354241,2.3141587,3
161784088783489,1657566583,4.3031926,8.370692,2.3129623,3
161784091283489,1660066583,4.2864428,8.3632145,2.3177478,3
161784093783489,1662566583,4.282554,8.370692,2.3078775,3
161784096283489,1665066583,4.258028,8.387142,2.297708,3
161784098783489,1667566583,4.2484565,8.398808,2.2875385,3
161784101283489,1670066583,4.241876,8.416754,2.2902303,3
161784103783489,1672566583,4.21406,8.434102,2.2878375,3
161784106283489,1675066583,4.2053857,8.452945,2.2564318,3
161784108783489,1677566583,4.2047877,8.469695,2.2154546,3
161784111283489,1680066583,4.1961136,8.486146,2.175375,3
161784113783489,1682566583,4.19731,8.501101,2.1269202,3
161784116283489,1685066583,4.193721,8.494222,2.1026928,3
161784118783489,1687566583,4.1925244,8.489137,2.088336,3
161784121283489,1690066583,4.191328,8.494222,2.0715861,3
161784123783489,1692566583,4.2020955,8.49781,2.0557337,3
161784126283489,1695066583,4.1964126,8.49781,2.0551355,3
161784128783489,1697566583,4.179962,8.503493,2.0748763,3
161784131283489,1700066583,4.180261,8.512466,2.0751755,3
161784133783489,1702566583,4.174877,8.504989,2.099702,3
161784136283489,1705066583,4.170989,8.496315,2.1134605,3
161784138783489,1707566583,4.158128,8.509476,2.1080768,3
161784141283489,1710066583,4.1312084,8.514261,2.1167507,3
161784143783489,1712566583,4.1225343,8.529515,2.1230319,3
161784146283489,1715066583,4.1036906,8.5423765,2.143072,3
161784148783489,1717566583,4.072883,8.541779,2.129313,3
161784151283489,1720066583,4.043272,8.545966,2.1095722,3
161784153783489,1722566583,4.043571,8.549256,2.0775683,3
161784156283489,1725066583,4.0423746,8.55464,2.0509481,3
161784158783489,1727566583,4.0558343,8.548059,2.0431714,3
161784161283489,1730066583,4.0567317,8.550452,2.0135603,3
161784163783489,1732566583,4.071089,8.545667,1.9965113,3
161784166283489,1735066583,4.0980077,8.533105,1.9881365,3
161784168783489,1737566583,4.118646,8.5346,1.9701903,3
161784171283489,1740066583,4.1383867,8.546266,1.9812572,3
161784173783489,1742566583,4.159623,8.545368,1.9962122,3
161784176283489,1745066583,4.1847477,8.542676,2.0117657,3
161784178783489,1747566583,4.202694,8.551949,2.0192432,3
161784181283489,1750066583,4.208377,8.562118,2.024627,3
161784183783489,1752566583,4.222734,8.574381,2.0207388,3
161784186283489,1755066583,4.240979,8.573184,2.0491536,3
161784188783489,1757566583,4.247559,8.5779705,2.0718853,3
161784191283489,1760066583,4.2517467,8.582756,2.0778673,3
161784193783489,1762566583,4.2463627,8.593523,2.0934207,3
161784196283489,1765066583,4.2367916,8.600702,2.0928226,3
161784198783489,1767566583,4.229015,8.619844,2.1188445,3
161784201283489,1770066583,4.206582,8.646764,2.1212373,3
161784203783489,1772566583,4.194618,8.649157,2.1391835,3
161784206283489,1775066583,4.189533,8.657232,2.138286,3
161784208783489,1777566583,4.1727834,8.660522,2.1505494,3
161784211283489,1780066583,4.1644087,8.671589,2.1702902,3
161784213783489,1782566583,4.1494536,8.676374,2.181955,3
161784216283489,1785066583,4.1515474,8.6757765,2.1807587,3
161784218783489,1787566583,4.1434717,8.663215,2.2073789,3
161784221283489,1790066583,4.12732,8.663513,2.1861427,3
161784223783489,1792566583,4.1174498,8.668898,2.1777678,3
161784226283489,1795066583,4.113262,8.662018,2.1921246,3
161784228783489,1797566583,4.107878,8.650353,2.20708,3
161784231283489,1800066583,4.0941195,8.632407,2.2214367,3
161784233783489,1802566583,4.0944185,8.641679,2.216651,3
161784236283489,1805066583,4.093521,8.620144,2.2316062,3
161784238783489,1807566583,4.0830526,8.610273,2.242673,3
161784241283489,1810066583,4.0923247,8.594122,2.2525434,3
161784243783489,1812566583,4.092624,8.589635,2.2567308,3
161784246283489,1815066583,4.1057844,8.56451,2.260021,3
161784248783489,1817566583,4.1111684,8.562716,2.266302,3
161784251283489,1820066583,4.112963,8.551051,2.2785654,3
161784253783489,1822566583,4.107579,8.550452,2.2779672,3
161784256283489,1825066583,4.112066,8.553444,2.2806592,3
161784258783489,1827566583,4.108177,8.554042,2.297708,3
161784261283489,1830066583,4.1090746,8.550452,2.300998,3
161784263783489,1832566583,4.0968113,8.567501,2.30369,3
161784266283489,1835066583,4.082155,8.572586,2.3198416,3
161784268783489,1837566583,4.0642095,8.575278,2.341377,3
161784271283489,1840066583,4.066602,8.58455,2.353042,3
161784273783489,1842566583,4.05404,8.608179,2.3503501,3
161784276283489,1845066583,4.039683,8.61805,2.356033,3
161784278783489,1847566583,4.0295134,8.610572,2.3464618,3
161784281283489,1850066583,4.0070806,8.630911,2.3479571,3
161784283783489,1852566583,4.0016966,8.62134,2.356332,3
161784286283489,1855066583,4.005286,8.612666,2.3682961,3
161784288783489,1857566583,3.9963129,8.626125,2.3790638,3
161784291283489,1860066583,3.993621,8.630313,2.3844478,3
161784293783489,1862566583,3.9984066,8.630612,2.4005992,3
161784296283489,1865066583,3.9990048,8.623733,2.391028,3
161784298783489,1867566583,3.9942193,8.632407,2.3958137,3
161784301283489,1870066583,3.9963129,8.628518,2.3769703,3
161784303783489,1872566583,3.9867415,8.635697,2.3521447,3
161784306283489,1875066583,3.99392,8.620442,2.3309083,3
161784308783489,1877566583,3.9828532,8.618349,2.3084757,3
161784311283489,1880066583,3.972983,8.613862,2.2938197,3
161784313783489,1882566583,3.9613178,8.606385,2.2815564,3
161784316283489,1885066583,3.95055,8.585149,2.2534406,3
161784318783489,1887566583,3.9484565,8.593523,2.2660031,3
161784321283489,1890066583,3.9484565,8.59801,2.265704,3
161784323783489,1892566583,3.9553359,8.587242,2.2585254,3
161784326283489,1895066583,3.9723847,8.576474,2.2648067,3
161784328783489,1897566583,3.9649072,8.5728855,2.254338,3
161784331283489,1900066583,4.0106697,8.579764,2.2618155,3
161784333783489,1902566583,4.0184464,8.576176,2.2615166,3
161784336283489,1905066583,4.048955,8.580662,2.2579272,3
161784338783489,1907566583,4.0642095,8.580961,2.2537398,3
161784341283489,1910066583,4.068995,8.589037,2.2555344,3
161784343783489,1912566583,4.0776687,8.586046,2.262713,3
161784346283489,1915066583,4.0869412,8.577671,2.2621148,3
161784348783489,1917566583,4.0920258,8.586644,2.242673,3
161784351283489,1920066583,4.0938206,8.586345,2.25703,3
161784353783489,1922566583,4.0962133,8.593225,2.242374,3
161784356283489,1925066583,4.094718,8.5779705,2.2444677,3
161784358783489,1927566583,4.1018963,8.579466,2.2465613,3
161784361283489,1930066583,4.106084,8.580064,2.2417758,3
161784363783489,1932566583,4.125226,8.574979,2.242374,3
161784366283489,1935066583,4.111767,8.570193,2.2127628,3
161784368783489,1937566583,4.1288157,8.553444,2.2061825,3
161784371283489,1940066583,4.1339,8.540583,2.2034905,3
161784373783489,1942566583,4.1494536,8.536694,2.2067807,3
161784376283489,1945066583,4.1685963,8.513962,2.2055843,3
161784378783489,1947566583,4.191328,8.49452,2.2157538,3
161784381283489,1950066583,4.2000017,8.492127,2.2271197,3
161784383783489,1952566583,4.232006,8.480463,2.2378874,3
161784386283489,1955066583,4.254738,8.479266,2.2417758,3
161784388783489,1957566583,4.2661037,8.466703,2.2408783,3
161784391283489,1960066583,4.2828536,8.460722,2.2408783,3
161784393783489,1962566583,4.310969,8.466405,2.2468605,3
161784396283489,1965066583,4.331308,8.467601,2.2405794,3
161784398783489,1967566583,4.328915,8.478069,2.2585254,3
161784401283489,1970066583,4.3378882,8.473583,2.28036,3
161784403783489,1972566583,4.3268213,8.472386,2.3042881,3
161784406283489,1975066583,4.3172503,8.471788,2.329413,3
161784408783489,1977566583,4.3145585,8.468798,2.3300111,3
161784411283489,1980066583,4.2942195,8.465208,2.3380868,3
161784413783489,1982566583,4.2855453,8.440981,2.3485553,3
161784416283489,1985066583,4.278666,8.438588,2.335096,3
161784418783489,1987566583,4.267599,8.426624,2.3380868,3
161784421283489,1990066583,4.261916,8.416754,2.3225334,3
161784423783489,1992566583,4.2499523,8.390732,2.3177478,3
161784426283489,1995066583,4.24726,8.372786,2.356332,3
161784428783489,1997566583,4.252345,8.362018,2.3404796,3
161784431283489,2000066583,4.255336,8.355437,2.3252254,3
161784433783489,2002566583,4.256233,8.354241,2.3162522,3
161784436283489,2005066583,4.2571306,8.345268,2.2983062,3
161784438783489,2007566583,4.2520456,8.3428755,2.2737796,3
161784441283489,2010066583,4.255037,8.339286,2.2591236,3
161784443783489,2012566583,4.2595234,8.349456,2.245963,3
161784446283489,2015066583,4.249354,8.353344,2.2348964,3
161784448783489,2017566583,4.264309,8.345866,2.2088745,3
161784451283489,2020066583,4.2595234,8.36112,2.2064817,3
161784453783489,2022566583,4.2511487,8.358429,2.1855445,3
161784456283489,2025066583,4.2517467,8.365906,2.1867409,3
161784458783489,2027566583,4.241876,8.369196,2.1798615,3
161784461283489,2030066583,4.226323,8.385946,2.1451654,3
161784463783489,2032566583,4.232305,8.379964,2.1589243,3
161784466283489,2035066583,4.234698,8.385946,2.1511476,3
161784468783489,2037566583,4.2499523,8.388339,2.1625135,3
161784471283489,2040066583,4.2478585,8.397013,2.1586251,3
161784473783489,2042566583,4.246961,8.409874,2.1544378,3
161784476283489,2045066583,4.2317066,8.432606,2.169991,3
161784478783489,2047566583,4.212265,8.446963,2.1454647,3
161784481283489,2050066583,4.19731,8.462517,2.1445673,3
161784483783489,2052566583,4.1928234,8.480762,2.1221347,3
161784486283489,2055066583,4.17727,8.493324,2.120938,3
161784488783489,2057566583,4.1662035,8.503493,2.1003,3
161784491283489,2060066583,4.1614175,8.516056,2.0691934,3
161784493783489,2062566583,4.1518464,8.513064,2.0751755,3
161784496283489,2065066583,4.147061,8.5220375,2.0673988,3
161784498783489,2067566583,4.148556,8.519047,2.0611176,3
161784501283489,2070066583,4.1518464,8.522337,2.05035,3
161784503783489,2072566583,4.1518464,8.514859,2.0380867,3
161784506283489,2075066583,4.165007,8.513663,2.0365913,3
161784508783489,2077566583,4.1844487,8.506186,2.059622,3
161784511283489,2080066583,4.1925244,8.501998,2.0512471,3
161784513783489,2082566583,4.1985064,8.490034,2.0509481,3
161784516283489,2085066583,4.219444,8.482556,2.0629122,3
161784518783489,2087566583,4.2370906,8.468798,2.0757737,3
161784521283489,2090066583,4.2457647,8.454142,2.1000009,3
161784523783489,2092566583,4.24726,8.450552,2.1317058,3
161784526283489,2095066583,4.2457647,8.450552,2.1619153,3
161784528783489,2097566583,4.274778,8.443673,2.1843479,3
161784531283489,2100066583,4.289733,8.435298,2.201397,3
161784533783489,2102566583,4.2963133,8.443374,2.216651,3
161784536283489,2105066583,4.301996,8.461918,2.2214367,3
161784538783489,2107566583,4.3002014,8.469695,2.2304099,3
161784541283489,2110066583,4.316054,8.483454,2.2286153,3
161784543783489,2112566583,4.316652,8.49811,2.205285,3
161784546283489,2115066583,4.3121657,8.515757,2.1915264,3
161784548783489,2117566583,4.304987,8.519645,2.1882362,3
161784551283489,2120066583,4.299603,8.538488,2.1714866,3
161784553783489,2122566583,4.295416,8.566605,2.1490538,3
161784556283489,2125066583,4.295416,8.585149,2.1194427,3
161784558783489,2127566583,4.2858443,8.608778,2.09701,3
161784561283489,2130066583,4.2831526,8.615956,2.0979073,3
161784563783489,2132566583,4.2801614,8.621938,2.094318,3
161784566283489,2135066583,4.272983,8.636893,2.108675,3
161784568783489,2137566583,4.262215,8.664411,2.1092732,3
161784571283489,2140066583,4.2538404,8.675478,2.1212373,3
161784573783489,2142566583,4.240979,8.684451,2.1391835,3
161784576283489,2145066583,4.226622,8.686245,2.1502502,3
161784578783489,2147566583,4.2011986,8.702995,2.1675982,3
161784581283489,2150066583,4.1700916,8.726923,2.2037897,3
161784583783489,2152566583,4.1497526,8.735298,2.213361,3
161784586283489,2155066583,4.112963,8.740383,2.2354946,3
161784588783489,2157566583,4.08724,8.757133,2.242673,3
161784591283489,2160066583,4.048656,8.76132,2.2405794,3
161784593783489,2162566583,4.028616,8.752945,2.242374,3
161784596283489,2165066583,4.0091743,8.75444,2.242673,3
161784598783489,2167566583,3.9867415,8.743972,2.2405794,3
161784601283489,2170066583,3.9855452,8.7347,2.225624,3
161784603783489,2172566583,3.9858444,8.715857,2.2328026,3
161784606283489,2175066583,3.973282,8.686544,2.222035,3
161784608783489,2177566583,3.9774694,8.6961155,2.2202404,3
161784611283489,2180066583,3.9801614,8.685049,2.2325034,3
161784613783489,2182566583,3.981956,8.673085,2.228017,3
161784616283489,2185066583,3.9807596,8.662018,2.2223341,3
161784618783489,2187566583,3.9693937,8.646764,2.2298117,3
161784621283489,2190066583,3.958925,8.652447,2.2331018,3
161784623783489,2192566583,3.9418762,8.649157,2.2354946,3
161784626283489,2195066583,3.961617,8.644371,2.228017,3
161784628783489,2197566583,3.9565322,8.638688,2.2244277,3
161784631283489,2200066583,3.9580278,8.626425,2.228316,3
161784633783489,2202566583,3.9658043,8.623733,2.2372892,3
161784636283489,2205066583,3.9720855,8.609675,2.2645075,3
161784638783489,2207566583,3.9861434,8.606086,2.2669003,3
161784641283489,2210066583,4.0007997,8.587542,2.2932215,3
161784643783489,2212566583,4.005585,8.571988,2.3201406,3
161784646283489,2215066583,4.025924,8.571091,2.349752,3
161784648783489,2217566583,4.031607,8.572586,2.3778675,3
161784651283489,2220066583,4.031308,8.570791,2.3994029,3
161784653783489,2222566583,4.048656,8.576474,2.4074786,3
161784656283489,2225066583,4.05404,8.586944,2.4409783,3
161784658783489,2227566583,4.06062,8.580961,2.423331,3
161784661283489,2230066583,4.061816,8.577372,2.3952155,3
161784663783489,2232566583,4.075276,8.571689,2.3829522,3
161784666283489,2235066583,4.0854454,8.563613,2.37368,3
161784668783489,2237566583,4.0911283,8.55793,2.365006,3
161784671283489,2240066583,4.1237307,8.531011,2.3464618,3
161784673783489,2242566583,4.121637,8.519047,2.3255246,3
161784676283489,2245066583,4.1297126,8.512167,2.329413,3
161784678783489,2247566583,4.130012,8.513663,2.3117657,3
161784681283489,2250066583,4.1368914,8.512167,2.3078775,3
161784683783489,2252566583,4.139882,8.504989,2.2992034,3
161784686283489,2255066583,4.1461635,8.509176,2.2998016,3
161784688783489,2257566583,4.1374893,8.503493,2.2926233,3
161784691283489,2260066583,4.1404805,8.506186,2.2785654,3
161784693783489,2262566583,4.135994,8.499905,2.2875385,3
161784696283489,2265066583,4.118646,8.510373,2.292324,3
161784698783489,2267566583,4.1165524,8.511569,2.2770698,3
161784701283489,2270066583,4.106981,8.496614,2.2743778,3
161784703783489,2272566583,4.1222353,8.489137,2.2785654,3
161784706283489,2275066583,4.108177,8.480463,2.2713869,3
161784708783489,2277566583,4.1207395,8.484351,2.2677977,3
161784711283489,2280066583,4.119543,8.456235,2.2594228,3
161784713783489,2282566583,4.1347976,8.444869,2.2387848,3
161784716283489,2285066583,4.139882,8.437093,2.225026,3
161784718783489,2287566583,4.1524444,8.452646,2.2277179,3
161784721283489,2290066583,4.156931,8.432008,2.2265215,3
161784723783489,2292566583,4.170989,8.459825,2.242374,3
161784726283489,2295066583,4.1751766,8.467302,2.219044,3
161784728783489,2297566583,4.17727,8.468498,2.219044,3
161784731283489,2300066583,4.161717,8.483752,2.2205393,3
161784733783489,2302566583,4.1644087,8.477471,2.2289143,3
161784736283489,2305066583,4.1662035,8.483752,2.2331018,3
161784738783489,2307566583,4.156333,8.489735,2.2187448,3
161784741283489,2310066583,4.1727834,8.496614,2.2202404,3
161784743783489,2312566583,4.173083,8.492127,2.2259233,3
161784746283489,2315066583,4.185346,8.484052,2.2271197,3
161784748783489,2317566583,4.208078,8.485547,2.2316062,3
161784751283489,2320066583,4.2245283,8.480463,2.245365,3
161784753783489,2322566583,4.2341,8.493324,2.2522442,3
161784756283489,2325066583,4.258626,8.487042,2.2474587,3
161784758783489,2327566583,4.2556353,8.49123,2.251646,3
161784761283489,2330066583,4.269992,8.500801,2.263012,3
161784763783489,2332566583,4.281956,8.505588,2.2728825,3
161784766283489,2335066583,4.281059,8.509476,2.295315,3
161784768783489,2337566583,4.2741795,8.505886,2.3458636,3
161784771283489,2340066583,4.2771707,8.505588,2.356332,3
161784773783489,2342566583,4.2625146,8.508578,2.3656044,3
161784776283489,2345066583,4.2502513,8.518449,2.3700907,3
161784778783489,2347566583,4.243073,8.525328,2.3742783,3
161784781283489,2350066583,4.2502513,8.53131,2.3829522,3
161784783783489,2352566583,4.2251267,8.525627,2.3718855,3
161784786283489,2355066583,4.202395,8.53161,2.3452654,3
161784788783489,2357566583,4.208078,8.518149,2.326721,3
161784791283489,2360066583,4.1997027,8.516056,2.2992034,3
161784793783489,2362566583,4.1901317,8.509176,2.248057,3
161784796283489,2365066583,4.1700916,8.518149,2.224727,3
161784798783489,2367566583,4.1422753,8.52802,2.1622143,3
161784801283489,2370066583,4.13061,8.520542,2.149353,3
161784803783489,2372566583,4.1177487,8.517551,2.1185453,3
161784806283489,2375066583,4.0902314,8.522636,2.096711,3
161784808783489,2377566583,4.0869412,8.537591,2.0946171,3
161784811283489,2380066583,4.0869412,8.544471,2.0922244,3
161784813783489,2382566583,4.0761733,8.559127,2.0608184,3
161784816283489,2385066583,4.0645084,8.569296,2.0347965,3
161784818783489,2387566583,4.0648074,8.603992,2.0264218,3
161784821283489,2390066583,4.034299,8.613264,1.9905293,3
161784823783489,2392566583,4.0235314,8.617452,1.9651057,3
161784826283489,2395066583,4.02054,8.625228,1.9438694,3
161784828783489,2397566583,4.004688,8.643773,1.9322042,3
161784831283489,2400066583,4.01396,8.638688,1.9118652,3
161784833783489,2402566583,4.004389,8.6348,1.8897316,3
161784836283489,2405066583,4.0034914,8.64138,1.8834505,3
161784838783489,2407566583,4.028915,8.632108,1.9013968,3
161784841283489,2410066583,4.048656,8.615956,1.9160527,3
161784843783489,2412566583,4.0567317,8.610572,1.9462621,3
161784846283489,2415066583,4.0764723,8.58784,1.9627128,3
161784848783489,2417566583,4.101298,8.565108,1.9968106,3
161784851283489,2420066583,4.13061,8.558229,2.0093727,3
161784853783489,2422566583,4.1494536,8.553144,2.0509481,3
161784856283489,2425066583,4.194917,8.550154,2.085644,3
161784858783489,2427566583,4.2068815,8.546266,2.1167507,3
161784861283489,2430066583,4.240381,8.53161,2.167,3
161784863783489,2432566583,4.2625146,8.528618,2.1888344,3
161784866283489,2435066583,4.275675,8.515757,2.2130618,3
161784868783489,2437566583,4.293023,8.524132,2.2534406,3
161784871283489,2440066583,4.3005004,8.518747,2.2854447,3
161784873783489,2442566583,4.3187456,8.510373,2.2848465,3
161784876283489,2445066583,4.3187456,8.505886,2.2818556,3
161784878783489,2447566583,4.328616,8.516654,2.2842484,3
161784881283489,2450066583,4.325027,8.503195,2.289632,3
161784883783489,2452566583,4.3357944,8.495717,2.2959132,3
161784886283489,2455066583,4.3301115,8.48794,2.309672,3
161784888783489,2457566583,4.331308,8.4858465,2.3168504,3
161784891283489,2460066583,4.3241296,8.486444,2.312065,3
161784893783489,2462566583,4.3295135,8.488837,2.2968106,3
161784896283489,2465066583,4.314259,8.493025,2.2806592,3
161784898783489,2467566583,4.302893,8.49123,2.2695923,3
161784901283489,2470066583,4.278666,8.497212,2.2794626,3
161784903783489,2472566583,4.2571306,8.5118685,2.2465613,3
161784906283489,2475066583,4.252345,8.52443,2.233999,3
161784908783489,2477566583,4.2275195,8.535198,2.204986,3
161784911283489,2480066583,4.2107697,8.543274,2.1963122,3
161784913783489,2482566583,4.188337,8.558528,2.1717856,3
161784916283489,2485066583,4.1757746,8.548957,2.1370897,3
161784918783489,2487566583,4.168297,8.55464,2.1155543,3
161784921283489,2490066583,4.1575294,8.552845,2.0922244,3
161784923783489,2492566583,4.1590247,8.55464,2.094318,3
161784926283489,2495066583,4.1605206,8.553444,2.1000009,3
161784928783489,2497566583,4.1443686,8.544471,2.126621,3
161784931283489,2500066583,4.153641,8.532506,2.1418753,3
161784933783489,2502566583,4.139583,8.533105,2.155335,3
161784936283489,2505066583,4.1401815,8.52114,2.181058,3
161784938783489,2507566583,4.145266,8.518449,2.1858435,3
161784941283489,2510066583,4.154538,8.515757,2.228316,3
161784943783489,2512566583,4.17069,8.516355,2.2671995,3
161784946283489,2515066583,4.169194,8.513364,2.2737796,3
161784948783489,2517566583,4.179962,8.496315,2.2908285,3
161784951283489,2520066583,4.1662035,8.5014,2.2959132,3
161784953783489,2522566583,4.1790648,8.49123,2.2947168,3
161784956283489,2525066583,4.18056,8.49482,2.295315,3
161784958783489,2527566583,4.182056,8.503195,2.298007,3
161784961283489,2530066583,4.194917,8.491829,2.2878375,3
161784963783489,2532566583,4.2017965,8.479864,2.3042881,3
161784966283489,2535066583,4.213761,8.469396,2.2911277,3
161784968783489,2537566583,4.212265,8.466703,2.2968106,3
161784971283489,2540066583,4.2161536,8.4679,2.2962124,3
161784973783489,2542566583,4.211966,8.465208,2.2935205,3
161784976283489,2545066583,4.21735,8.467003,2.2971098,3
161784978783489,2547566583,4.2254257,8.473883,2.2998016,3
161784981283489,2550066583,4.2332025,8.474779,2.3003998,3
161784983783489,2552566583,4.235894,8.478967,2.2992034,3
161784986283489,2555066583,4.2484565,8.4705925,2.2884357,3
161784988783489,2557566583,4.2463627,8.472088,2.2884357,3
161784991283489,2560066583,4.249055,8.468798,2.28036,3
161784993783489,2562566583,4.246662,8.484949,2.2791636,3
161784996283489,2565066583,4.256532,8.479864,2.2651057,3
161784998783489,2567566583,4.2451663,8.472686,2.2307088,3
161785001283489,2570066583,4.2445683,8.481958,2.2196422,3
161785003783489,2572566583,4.235894,8.49811,2.181955,3
161785006283489,2575066583,4.228716,8.502297,2.158326,3
161785008783489,2577566583,4.237689,8.513663,2.1038892,3
161785011283489,2580066583,4.2131624,8.498708,2.0874386,3
161785013783489,2582566583,4.2071805,8.496315,2.067997,3
161785016283489,2585066583,4.217051,8.502895,2.0587249,3
161785018783489,2587566583,4.217948,8.503195,2.044966,3
161785021283489,2590066583,4.2128634,8.501998,2.0336,3
161785023783489,2592566583,4.223332,8.505288,2.0407786,3
161785026283489,2595066583,4.226921,8.512466,2.0407786,3
161785028783489,2597566583,4.2511487,8.519645,2.0347965,3
161785031283489,2600066583,4.2367916,8.538189,2.044966,3
161785033783489,2602566583,4.2508492,8.5346,2.0521445,3
161785036283489,2605066583,4.2574296,8.541479,2.0647068,3
161785038783489,2607566583,4.249354,8.544171,2.0952153,3
161785041283489,2610066583,4.2505503,8.546266,2.111666,3
161785043783489,2612566583,4.2460637,8.53789,2.126322,3
161785046283489,2615066583,4.235894,8.547761,2.172683,3
161785048783489,2617566583,4.2448673,8.5220375,2.1568305,3
161785051283489,2620066583,4.2388854,8.519944,2.1879373,3
161785053783489,2622566583,4.248756,8.510373,2.2139592,3
161785056283489,2625066583,4.2460637,8.508578,2.2151556,3
161785058783489,2627566583,4.2203407,8.499306,2.2271197,3
161785061283489,2630066583,4.2254257,8.519047,2.2354946,3
161785063783489,2632566583,4.2218366,8.514859,2.2624137,3
161785066283489,2635066583,4.2248273,8.517252,2.2660031,3
161785068783489,2637566583,4.2131624,8.523534,2.269293,3
161785071283489,2640066583,4.200899,8.533105,2.2818556,3
161785073783489,2642566583,4.1964126,8.546266,2.271985,3
161785076283489,2645066583,4.1865425,8.550452,2.2731814,3
161785078783489,2647566583,4.18056,8.563015,2.2360928,3
161785081283489,2650066583,4.1793637,8.560024,2.2435703,3
161785083783489,2652566583,4.1775694,8.56451,2.233999,3
161785086283489,2655066583,4.1889353,8.557033,2.2307088,3
161785088783489,2657566583,4.1817565,8.558827,2.224727,3
161785091283489,2660066583,4.1757746,8.566305,2.2289143,3
161785093783489,2662566583,4.162016,8.581559,2.2537398,3
161785096283489,2665066583,4.1724844,8.578867,2.2522442,3
161785098783489,2667566583,4.162614,8.589934,2.2549362,3
161785101283489,2670066583,4.1551366,8.582457,2.2722843,3
161785103783489,2672566583,4.145266,8.586644,2.283052,3
161785106283489,2675066583,4.133601,8.598608,2.2725832,3
161785108783489,2677566583,4.1198425,8.597113,2.3045874,3
161785111283489,2680066583,4.095017,8.599206,2.295315,3
161785113783489,2682566583,4.1007,8.603394,2.2959132,3
161785116283489,2685066583,4.071388,8.590233,2.292025,3
161785118783489,2687566583,4.072883,8.58455,2.283351,3
161785121283489,2690066583,4.0716867,8.586944,2.274976,3
161785123783489,2692566583,4.057928,8.575876,2.2289143,3
161785126283489,2695066583,4.05404,8.577073,2.2121646,3
161785128783489,2697566583,4.052245,8.568997,2.1816561,3
161785131283489,2700066583,4.0815573,8.557033,2.1577277,3
161785133783489,2702566583,4.089932,8.553444,2.1176481,3
161785136283489,2705066583,4.086044,8.553444,2.1107686,3
161785138783489,2707566583,4.100401,8.574381,2.0985055,3
161785141283489,2710066583,4.0959144,8.573783,2.102992,3
161785143783489,2712566583,4.0971107,8.570493,2.0904298,3
161785146283489,2715066583,4.1057844,8.575876,2.1164517,3
161785148783489,2717566583,4.1111684,8.582157,2.1305094,3
161785151283489,2720066583,4.1111684,8.585747,2.1433709,3
161785153783489,2722566583,4.1207395,8.576774,2.1598215,3
161785156283489,2725066583,4.121338,8.56481,2.175375,3
161785158783489,2727566583,4.1183467,8.556135,2.1897318,3
161785161283489,2730066583,4.15394,8.5372925,2.2094727,3
161785163783489,2732566583,4.153043,8.520542,2.2118654,3
161785166283489,2735066583,4.1608195,8.512167,2.2169502,3
161785168783489,2737566583,4.171587,8.512167,2.2181466,3
161785171283489,2740066583,4.194917,8.499605,2.2142582,3
161785173783489,2742566583,4.2167516,8.489435,2.205285,3
161785176283489,2745066583,4.214957,8.484351,2.2235305,3
161785178783489,2747566583,4.241278,8.488837,2.2178476,3
161785181283489,2750066583,4.2556353,8.488837,2.2121646,3
161785183783489,2752566583,4.2667017,8.49482,2.1891336,3
161785186283489,2755066583,4.2777686,8.513364,2.1879373,3
161785188783489,2757566583,4.272983,8.519944,2.2031915,3
161785191283489,2760066583,4.278367,8.542975,2.202294,3
161785193783489,2762566583,4.293621,8.548957,2.2025933,3
161785196283489,2765066583,4.2966123,8.571988,2.219343,3
161785198783489,2767566583,4.2828536,8.577372,2.2058833,3
161785201283489,2770066583,4.2705903,8.581559,2.2031915,3
161785203783489,2772566583,4.2592244,8.570493,2.224727,3
161785206283489,2775066583,4.2505503,8.567501,2.2289143,3
161785208783489,2777566583,4.261318,8.543872,2.2501507,3
161785211283489,2780066583,4.2406797,8.540583,2.251646,3
161785213783489,2782566583,4.2299123,8.542078,2.2420747,3
161785216283489,2785066583,4.2224345,8.529515,2.2405794,3
161785218783489,2787566583,4.221238,8.519944,2.2277179,3
161785221283489,2790066583,4.217948,8.515757,2.2088745,3
161785223783489,2792566583,4.234997,8.512766,2.193022,3
161785226283489,2795066583,4.2385864,8.506186,2.1906292,3
161785228783489,2797566583,4.246662,8.488837,2.1574287,3
161785231283489,2800066583,4.2520456,8.474779,2.1448665,3
161785233783489,2802566583,4.2589254,8.459525,2.1242282,3
161785236283489,2805066583,4.272684,8.453544,2.1284158,3
161785238783489,2807566583,4.2717867,8.442476,2.1514466,3
161785241283489,2810066583,4.28405,8.426325,2.1577277,3
161785243783489,2812566583,4.2945185,8.418549,2.1888344,3
161785246283489,2815066583,4.2924247,8.417651,2.2214367,3
161785248783489,2817566583,4.3002014,8.405088,2.2474587,3
161785251283489,2820066583,4.3002014,8.412866,2.2782662,3
161785253783489,2822566583,4.3073797,8.411369,2.3327029,3
161785256283489,2825066583,4.314259,8.430512,2.3572295,3
161785258783489,2827566583,4.313661,8.427222,2.3844478,3
161785261283489,2830066583,4.308576,8.43141,2.4104698,3
161785263783489,2832566583,4.299005,8.437391,2.4275186,3
161785266283489,2835066583,4.2852464,8.443074,2.437389,3
161785268783489,2837566583,4.290032,8.451449,2.4340987,3
161785271283489,2840066583,4.2864428,8.446963,2.4278176,3
161785273783489,2842566583,4.2801614,8.45803,2.4164517,3
161785276283489,2845066583,4.2511487,8.463713,2.3889344,3
161785278783489,2847566583,4.243671,8.46102,2.3653052,3
161785281283489,2850066583,4.2308097,8.476873,2.3371894,3
161785283783489,2852566583,4.211966,8.478668,2.2986052,3
161785286283489,2855066583,4.195216,8.490034,2.2845473,3
161785288783489,2857566583,4.174279,8.493623,2.2582264,3
161785291283489,2860066583,4.141976,8.495118,2.245066,3
161785293783489,2862566583,4.115655,8.508878,2.2115662,3
161785296283489,2865066583,4.092624,8.522636,2.2226331,3
161785298783489,2867566583,4.074678,8.535198,2.2046869,3
161785301283489,2870066583,4.072285,8.535498,2.1978076,3
161785303783489,2872566583,4.072883,8.536395,2.1807587,3
161785306283489,2875066583,4.0887356,8.538788,2.1741784,3
161785308783489,2877566583,4.068995,8.531908,2.1308086,3
161785311283489,2880066583,4.0719857,8.520842,2.129014,3
161785313783489,2882566583,4.086044,8.511569,2.1329024,3
161785316283489,2885066583,4.098606,8.513364,2.1287148,3
161785318783489,2887566583,4.098905,8.504091,2.1690936,3
161785321283489,2890066583,4.1291146,8.493922,2.1921246,3
161785323783489,2892566583,4.136592,8.504989,2.2115662,3
161785326283489,2895066583,4.147659,8.496913,2.2331018,3
161785328783489,2897566583,4.156632,8.495717,2.268396,3
161785331283489,2900066583,4.167699,8.514859,2.3195424,3
161785333783489,2902566583,4.186243,8.502596,2.3494527,3
161785336283489,2905066583,4.200899,8.496016,2.3805594,3
161785338783489,2907566583,4.2161536,8.495717,2.3829522,3
161785341283489,2910066583,4.213761,8.4909315,2.4179473,3
161785343783489,2912566583,4.232305,8.48465,2.4224339,3
161785346283489,2915066583,4.240381,8.481659,2.4293132,3
161785348783489,2917566583,4.2514477,8.478668,2.414657,3
161785351283489,2920066583,4.261916,8.451449,2.4074786,3
161785353783489,2922566583,4.2828536,8.438888,2.3895326,3
161785356283489,2925066583,4.273581,8.440383,2.379363,3
161785358783489,2927566583,4.2894335,8.435597,2.3670998,3
161785361283489,2930066583,4.29392,8.42782,2.3790638,3
161785363783489,2932566583,4.3064823,8.420941,2.3653052,3
161785366283489,2935066583,4.3005004,8.434102,2.3395824,3
161785368783489,2937566583,4.301996,8.434401,2.329413,3
161785371283489,2940066583,4.2924247,8.448459,2.289333,3
161785373783489,2942566583,4.275376,8.460124,2.3075783,3
161785376283489,2945066583,4.2720857,8.46461,2.2866411,3
161785378783489,2947566583,4.2511487,8.462517,2.2881367,3
161785381283489,2950066583,4.2364926,8.475976,2.2821546,3
161785383783489,2952566583,4.2308097,8.479266,2.2878375,3
161785386283489,2955066583,4.210171,8.481659,2.2815564,3
161785388783489,2957566583,4.1961136,8.481061,2.315654,3
161785391283489,2960066583,4.182654,8.4909315,2.306382,3
161785393783489,2962566583,4.1614175,8.486146,2.30369,3
161785396283489,2965066583,4.1464624,8.497212,2.295315,3
161785398783489,2967566583,4.133601,8.520842,2.2971098,3
161785401283489,2970066583,4.1386857,8.533403,2.2722843,3
161785403783489,2972566583,4.1165524,8.539386,2.2519453,3
161785406283489,2975066583,4.1291146,8.544471,2.2372892,3
161785408783489,2977566583,4.115356,8.549556,2.2124636,3
161785411283489,2980066583,4.124329,8.559425,2.1864417,3
161785413783489,2982566583,4.12732,8.551949,2.169991,3
161785416283489,2985066583,4.1353955,8.551949,2.184946,3
161785418783489,2987566583,4.1697927,8.551051,2.1693928,3
161785421283489,2990066583,4.1668015,8.547761,2.1816561,3
161785423783489,2992566583,4.1868415,8.541479,2.169692,3
161785426283489,2995066583,4.182355,8.536395,2.1711874,3
161785428783489,2997566583,4.1904306,8.525328,2.169991,3
161785431283489,3000066583,4.1907296,8.536395,2.140978,3
161785433783489,3002566583,4.1901317,8.522337,2.1305094,3
161785436283489,3005066583,4.194319,8.526823,2.1254246,3
161785438783489,3007566583,4.18056,8.515757,2.1161525,3
161785441283489,3010066583,4.202993,8.496913,2.1071794,3
161785443783489,3012566583,4.2056847,8.499605,2.1026928,3
161785446283489,3015066583,4.214658,8.493025,2.0937197,3
161785448783489,3017566583,4.229015,8.486444,2.0823538,3
161785451283489,3020066583,4.235595,8.500203,2.0916262,3
161785453783489,3022566583,4.249055,8.496016,2.077269,3
161785456283489,3025066583,4.258327,8.476873,2.0946171,3
161785458783489,3027566583,4.2610188,8.476873,2.1026928,3
161785461283489,3030066583,4.2828536,8.474181,2.1137598,3
161785463783489,3032566583,4.287938,8.479266,2.1155543,3
161785466283489,3035066583,4.304987,8.475378,2.141277,3
161785468783489,3037566583,4.3124647,8.476574,2.1472592,3
161785471283489,3040066583,4.3211384,8.470293,2.1595225,3
161785473783489,3042566583,4.325625,8.464311,2.1780667,3
161785476283489,3045066583,4.3241296,8.478069,2.1735802,3
161785478783489,3047566583,4.330411,8.4858465,2.167299,3
161785481283489,3050066583,4.3390846,8.474481,2.175375,3
161785483783489,3052566583,4.343272,8.453544,2.199004,3
161785486283489,3055066583,4.3648076,8.456235,2.2118654,3
161785488783489,3057566583,4.365406,8.449057,2.1963122,3
161785491283489,3060066583,4.3731823,8.455637,2.195714,3
161785493783489,3062566583,4.384249,8.448758,2.184647,3
161785496283489,3065066583,4.4004006,8.452945,2.1771696,3
161785498783489,3067566583,4.4117665,8.455338,2.1652055,3
161785501283489,3070066583,4.417749,8.467302,2.184647,3
161785503783489,3072566583,4.4195433,8.469096,2.172982,3
161785506283489,3075066583,4.4144588,8.488837,2.1984057,3
161785508783489,3077566583,4.4174495,8.501998,2.216651,3
161785511283489,3080066583,4.4111686,8.519944,2.2157538,3
161785513783489,3082566583,4.406981,8.528618,2.2217357,3
161785516283489,3085066583,4.403093,8.543274,2.2328026,3
161785518783489,3087566583,4.3890347,8.549854,2.242673,3
161785521283489,3090066583,4.3911285,8.559425,2.2444677,3
161785523783489,3092566583,4.371687,8.560024,2.2414765,3
161785526283489,3095066583,4.3387856,8.546266,2.2319052,3
161785528783489,3097566583,4.3354955,8.540881,2.2468605,3
161785531283489,3100066583,4.325625,8.541479,2.2606192,3
161785533783489,3102566583,4.302295,8.531908,2.2785654,3
161785536283489,3105066583,4.29392,8.531908,2.2743778,3
161785538783489,3107566583,4.282554,8.526525,2.263012,3
161785541283489,3110066583,4.2738805,8.523534,2.2752752,3
161785543783489,3112566583,4.267001,8.523832,2.274677,3
161785546283489,3115066583,4.2502513,8.529515,2.2992034,3
161785548783489,3117566583,4.2338004,8.536395,2.2636101,3
161785551283489,3120066583,4.214658,8.545966,2.283351,3
161785553783489,3122566583,4.180261,8.549256,2.2755744,3
161785556283489,3125066583,4.162315,8.572288,2.2456641,3
161785558783489,3127566583,4.1386857,8.578867,2.2151556,3
161785561283489,3130066583,4.1291146,8.583653,2.1951156,3
161785563783489,3132566583,4.1237307,8.582756,2.175674,3
161785566283489,3135066583,4.1033916,8.589037,2.1601207,3
161785568783489,3137566583,4.0848475,8.581261,2.1855445,3
161785571283489,3140066583,4.071089,8.571988,2.1939192,3
161785573783489,3142566583,4.0561333,8.574979,2.2019951,3
161785576283489,3145066583,4.045964,8.560622,2.228017,3
161785578783489,3147566583,4.0558343,8.55793,2.2704897,3
161785581283489,3150066583,4.0701914,8.55135,2.315654,3
161785583783489,3152566583,4.089334,8.528917,2.3503501,3
161785586283489,3155066583,4.1126637,8.5220375,2.37368,3
161785588783489,3157566583,4.1464624,8.510074,2.4074786,3
161785591283489,3160066583,4.1629133,8.496315,2.4364917,3
161785593783489,3162566583,4.1814575,8.496614,2.4412773,3
161785596283489,3165066583,4.217649,8.490034,2.458326,3
161785598783489,3167566583,4.236193,8.479266,2.4466612,3
161785601283489,3170066583,4.249653,8.4813595,2.452045,3
161785603783489,3172566583,4.2484565,8.481958,2.411068,3
161785606283489,3175066583,4.2451663,8.490034,2.3599212,3
161785608783489,3177566583,4.2341,8.495118,2.3228326,3
161785611283489,3180066583,4.2251267,8.505886,2.2680967,3
161785613783489,3182566583,4.2098722,8.505588,2.2154546,3
161785616283489,3185066583,4.19731,8.510373,2.1454647,3
161785618783489,3187566583,4.194618,8.513064,2.1215365,3
161785621283489,3190066583,4.1817565,8.519047,2.076671,3
161785623783489,3192566583,4.173382,8.523234,2.053341,3
161785626283489,3195066583,4.1647077,8.530712,2.0548365,3
161785628783489,3197566583,4.1614175,8.538189,2.0455642,3
161785631283489,3200066583,4.1638107,8.565108,2.0641086,3
161785633783489,3202566583,4.1647077,8.554341,2.085345,3
161785636283489,3205066583,4.1685963,8.546864,2.1110678,3
161785638783489,3207566583,4.1697927,8.542676,2.1448665,3
161785641283489,3210066583,4.182056,8.533703,2.178665,3
161785643783489,3212566583,4.199404,8.525627,2.2199411,3
161785646283489,3215066583,4.2367916,8.492427,2.2399812,3
161785648783489,3217566583,4.240082,8.477471,2.268994,3
161785651283489,3220066583,4.279264,8.458329,2.2704897,3
161785653783489,3222566583,4.310371,8.435896,2.2863421,3
161785656283489,3225066583,4.334,8.419446,2.2998016,3
161785658783489,3227566583,4.358526,8.408678,2.312065,3
161785661283489,3230066583,4.388138,8.407481,2.3255246,3
161785663783489,3232566583,4.393821,8.396115,2.3509483,3
161785666283489,3235066583,4.403093,8.408379,2.3670998,3
161785668783489,3237566583,4.4042892,8.410473,2.3847468,3
161785671283489,3240066583,4.395914,8.4197445,2.3985057,3
161785673783489,3242566583,4.3983073,8.423633,2.416751,3
161785676283489,3245066583,4.3782673,8.417651,2.419443,3
161785678783489,3247566583,4.3582273,8.417053,2.4382863,3
161785681283489,3250066583,4.343571,8.439486,2.4095724,3
161785683783489,3252566583,4.325625,8.426325,2.3784657,3
161785686283489,3255066583,4.319942,8.422437,2.3494527,3
161785688783489,3257566583,4.3130627,8.412566,2.3231318,3
161785691283489,3260066583,4.2981076,8.392227,2.3105693,3
161785693783489,3262566583,4.293322,8.397013,2.3054845,3
161785696283489,3265066583,4.288237,8.379366,2.3045874,3
161785698783489,3267566583,4.2912283,8.390732,2.2941186,3
161785701283489,3270066583,4.289733,8.3994055,2.283052,3
161785703783489,3272566583,4.2762733,8.406285,2.2869403,3
161785706283489,3275066583,4.2690945,8.427222,2.259722,3
161785708783489,3277566583,4.249653,8.429914,2.2633111,3
161785711283489,3280066583,4.2406797,8.447561,2.2621148,3
161785713783489,3282566583,4.2314076,8.434102,2.2728825,3
161785716283489,3285066583,4.2182474,8.437691,2.2800608,3
161785718783489,3287566583,4.219444,8.443074,2.2674985,3
161785721283489,3290066583,4.219444,8.444271,2.2591236,3
161785723783489,3292566583,4.2110686,8.439785,2.2537398,3
161785726283489,3295066583,4.211368,8.419446,2.263012,3
161785728783489,3297566583,4.2364926,8.412267,2.2603202,3
161785731283489,3300066583,4.2610188,8.405686,2.2725832,3
161785733783489,3302566583,4.2918267,8.387442,2.271088,3
161785736283489,3305066583,4.3148575,8.379964,2.2677977,3
161785738783489,3307566583,4.345665,8.375478,2.2525434,3
161785741283489,3310066583,4.3785663,8.360822,2.248057,3
161785743783489,3312566583,4.4024944,8.3733835,2.2546372,3
161785746283489,3315066583,4.4410787,8.364112,2.2764716,3
161785748783489,3317566583,4.464409,8.355437,2.263012,3
161785751283489,3320066583,4.491926,8.33809,2.2695923,3
161785753783489,3322566583,4.508676,8.340781,2.2806592,3
161785756283489,3325066583,4.534997,8.328817,2.2959132,3
161785758783489,3327566583,4.546064,8.330313,2.3001008,3
161785761283489,3330066583,4.5445685,8.33151,2.3341985,3
161785763783489,3332566583,4.544269,8.346764,2.3455644,3
161785766283489,3335066583,4.5218368,8.355737,2.3524437,3
161785768783489,3337566583,4.5059843,8.371888,2.364707,3
161785771283489,3340066583,4.4868417,8.397013,2.3602204,3
161785773783489,3342566583,4.4488554,8.4012,2.349752,3
161785776283489,3345066583,4.429713,8.416454,2.338685,3
161785778783489,3347566583,4.3962135,8.411669,2.3306093,3
161785781283489,3350066583,4.3734818,8.421539,2.324029,3
161785783783489,3352566583,4.345665,8.407481,2.3138595,3
161785786283489,3355066583,4.319344,8.403593,2.2917259,3
161785788783489,3357566583,4.301996,8.395218,2.2770698,3
161785791283489,3360066583,4.29392,8.394919,2.2483559,3
161785793783489,3362566583,4.2664027,8.402098,2.231307,3
161785796283489,3365066583,4.260421,8.387442,2.23699,3
161785798783489,3367566583,4.24726,8.3835535,2.2046869,3
161785801283489,3370066583,4.2260237,8.379964,2.1864417,3
161785803783489,3372566583,4.21735,8.377871,2.1822543,3
161785806283489,3375066583,4.239783,8.380861,2.1747768,3
161785808783489,3377566583,4.247559,8.385946,2.1921246,3
161785811283489,3380066583,4.2538404,8.384151,2.1882362,3
161785813783489,3382566583,4.2664027,8.390432,2.1939192,3
161785816283489,3385066583,4.281956,8.392527,2.1912274,3
161785818783489,3387566583,4.299603,8.395517,2.210968,3
161785821283489,3390066583,4.3115673,8.400303,2.2274187,3
161785823783489,3392566583,4.3145585,8.391928,2.2411776,3
161785826283489,3395066583,4.336094,8.395218,2.2435703,3
161785828783489,3397566583,4.339384,8.391629,2.2624137,3
161785831283489,3400066583,4.3483567,8.39462,2.2938197,3
161785833783489,3402566583,4.3576293,8.391928,2.3243282,3
161785836283489,3405066583,4.36391,8.395517,2.3425734,3
161785838783489,3407566583,4.3555355,8.407781,2.3575284,3
161785841283489,3410066583,4.3576293,8.416754,2.376372,3
161785843783489,3412566583,4.3322053,8.436793,2.3694925,3
161785846283489,3415066583,4.321737,8.446364,2.3694925,3
161785848783489,3417566583,4.313362,8.45803,2.3635106,3
161785851283489,3420066583,4.295715,8.459525,2.3425734,3
161785853783489,3422566583,4.2888355,8.4679,2.3195424,3
161785856283489,3425066583,4.2774696,8.469695,2.295315,3
161785858783489,3427566583,4.261318,8.452945,2.2827528,3
161785861283489,3430066583,4.2442694,8.455338,2.2734807,3
161785863783489,3432566583,4.2299123,8.4604225,2.283052,3
161785866283489,3435066583,4.2248273,8.472088,2.2558336,3
161785868783489,3437566583,4.2308097,8.485547,2.239682,3
161785871283489,3440066583,4.2317066,8.499007,2.210669,3
161785873783489,3442566583,4.2424746,8.505588,2.193022,3
161785876283489,3445066583,4.2484565,8.49811,2.2064817,3
161785878783489,3447566583,4.274778,8.493324,2.2088745,3
161785881283489,3450066583,4.2885365,8.488539,2.2292135,3
161785883783489,3452566583,4.2912283,8.498408,2.2304099,3
161785886283489,3455066583,4.3040895,8.4909315,2.251347,3
161785888783489,3457566583,4.301099,8.493025,2.274677,3
161785891283489,3460066583,4.299005,8.494222,2.2639093,3
161785893783489,3462566583,4.3238306,8.502297,2.3021946,3
161785896283489,3465066583,4.327121,8.501101,2.309672,3
161785898783489,3467566583,4.322933,8.511569,2.3159533,3
161785901283489,3470066583,4.331308,8.514261,2.3186452,3
161785903783489,3472566583,4.3357944,8.532506,2.2995026,3
161785906283489,3475066583,4.3268213,8.545966,2.295315,3
161785908783489,3477566583,4.325326,8.552845,2.28036,3
161785911283489,3480066583,4.3097725,8.586944,2.277369,3
161785913783489,3482566583,4.2918267,8.603095,2.2325034,3
161785916283489,3485066583,4.2831526,8.6141615,2.2316062,3
161785918783489,3487566583,4.26401,8.625228,2.2208385,3
161785921283489,3490066583,4.248756,8.627621,2.216352,3
161785923783489,3492566583,4.221238,8.6294155,2.2067807,3
161785926283489,3495066583,4.2203407,8.616554,2.2046869,3
161785928783489,3497566583,4.2218366,8.612068,2.2124636,3
161785931283489,3500066583,4.2056847,8.590532,2.2019951,3
161785933783489,3502566583,4.189533,8.568698,2.2139592,3
161785936283489,3505066583,4.195216,8.546864,2.2100708,3
161785938783489,3507566583,4.17398,8.522935,2.2325034,3
161785941283489,3510066583,4.165306,8.513364,2.2298117,3
161785943783489,3512566583,4.1590247,8.497512,2.2420747,3
161785946283489,3515066583,4.1674,8.497212,2.2564318,3
161785948783489,3517566583,4.168297,8.49811,2.2606192,3
161785951283489,3520066583,4.17398,8.501998,2.277369,3
161785953783489,3522566583,4.180261,8.499306,2.2941186,3
161785956283489,3525066583,4.195216,8.505588,2.288735,3
161785958783489,3527566583,4.1988053,8.502596,2.295315,3
161785961283489,3530066583,4.2020955,8.498408,2.3039892,3
161785963783489,3532566583,4.1997027,8.482556,2.3168504,3
161785966283489,3535066583,4.19731,8.475378,2.3129623,3
161785968783489,3537566583,4.194917,8.472985,2.2965117,3
161785971283489,3540066583,4.1904306,8.486146,2.2836502,3
161785973783489,3542566583,4.1697927,8.46132,2.2686949,3
161785976283489,3545066583,4.1575294,8.458927,2.2399812,3
161785978783489,3547566583,4.139882,8.472386,2.2151556,3
161785981283489,3550066583,4.130311,8.482257,2.205285,3
161785983783489,3552566583,4.1231327,8.477173,2.1885355,3
161785986283489,3555066583,4.1015973,8.463413,2.1681964,3
161785988783489,3557566583,4.1018963,8.462815,2.152643,3
161785991283489,3560066583,4.1054854,8.464311,2.167299,3
161785993783489,3562566583,4.0911283,8.460124,2.172683,3
161785996283489,3565066583,4.0824547,8.458927,2.1867409,3
161785998783489,3567566583,4.089633,8.464012,2.1975086,3
161786001283489,3570066583,4.0911283,8.46491,2.219044,3
161786003783489,3572566583,4.0968113,8.45803,2.2585254,3
161786006283489,3575066583,4.1018963,8.456534,2.2800608,3
161786008783489,3577566583,4.1222353,8.443374,2.312364,3
161786011283489,3580066583,4.1380877,8.432606,2.3344977,3
161786013783489,3582566583,4.1671004,8.417053,2.3428724,3
161786016283489,3585066583,4.188337,8.412267,2.3491535,3
161786018783489,3587566583,4.2098722,8.405986,2.3503501,3
161786021283489,3590066583,4.229314,8.391031,2.3458636,3
161786023783489,3592566583,4.2481575,8.400003,2.3467607,3
161786026283489,3595066583,4.258626,8.413464,2.329712,3
161786028783489,3597566583,4.2837505,8.419446,2.3111675,3
161786031283489,3600066583,4.2915273,8.429017,2.3024936,3
161786033783489,3602566583,4.2984066,8.455936,2.2881367,3
161786036283489,3605066583,4.3002014,8.467003,2.2836502,3
161786038783489,3607566583,4.2924247,8.47119,2.2701905,3
161786041283489,3610066583,4.286144,8.486444,2.260021,3
161786043783489,3612566583,4.2717867,8.496315,2.243271,3
161786046283489,3615066583,4.267898,8.500801,2.2354946,3
161786048783489,3617566583,4.2738805,8.501998,2.2262223,3
161786051283489,3620066583,4.241577,8.52443,2.2235305,3
161786053783489,3622566583,4.2335014,8.512466,2.201397,3
161786056283489,3625066583,4.239783,8.512766,2.1891336,3
161786058783489,3627566583,4.2329035,8.52772,2.1828525,3
161786061283489,3630066583,4.221238,8.515159,2.178366,3
161786063783489,3632566583,4.2203407,8.510373,2.1927228,3
161786066283489,3635066583,4.2272205,8.496614,2.195714,3
161786068783489,3637566583,4.228417,8.496016,2.181058,3
161786071283489,3640066583,4.2568316,8.488837,2.1652055,3
161786073783489,3642566583,4.2595234,8.474779,2.1556342,3
161786076283489,3645066583,4.2777686,8.477471,2.1418753,3
161786078783489,3647566583,4.298706,8.469396,2.1379871,3
161786081283489,3650066583,4.3055854,8.461918,2.1415763,3
161786083783489,3652566583,4.319942,8.470891,2.1445673,3
161786086283489,3655066583,4.321438,8.473284,2.1675982,3
161786088783489,3657566583,4.319643,8.455039,2.1999013,3
161786091283489,3660066583,4.339384,8.458329,2.2360928,3
161786093783489,3662566583,4.3471603,8.449356,2.2794626,3
161786096283489,3665066583,4.3591247,8.4400835,2.3234308,3
161786098783489,3667566583,4.36062,8.443972,2.3410778,3
161786101283489,3670066583,4.3576293,8.434102,2.3572295,3
161786103783489,3672566583,4.366303,8.452646,2.3802602,3
161786106283489,3675066583,4.356732,8.450552,2.373979,3
161786108783489,3677566583,4.3480577,8.449655,2.3865414,3
161786111283489,3680066583,4.342375,8.453842,2.3904297,3
161786113783489,3682566583,4.3348975,8.46132,2.373979,3
161786116283489,3685066583,4.325027,8.47119,2.3694925,3
161786118783489,3687566583,4.319045,8.467601,2.3665016,3
161786121283489,3690066583,4.3061833,8.476873,2.350051,3
161786123783489,3692566583,4.276572,8.487342,2.335096,3
161786126283489,3695066583,4.2631125,8.49123,2.3129623,3
161786128783489,3697566583,4.247559,8.496913,2.2995026,3
161786131283489,3700066583,4.222734,8.500503,2.2725832,3
161786133783489,3702566583,4.2071805,8.503195,2.224727,3
161786136283489,3705066583,4.185645,8.500801,2.2214367,3
161786138783489,3707566583,4.1662035,8.489435,2.2055843,3
161786141283489,3710066583,4.144967,8.505288,2.1834507,3
161786143783489,3712566583,4.124329,8.510971,2.1490538,3
161786146283489,3715066583,4.1183467,8.512766,2.1245275,3
161786148783489,3717566583,4.098905,8.523534,2.1335006,3
161786151283489,3720066583,4.0698924,8.5322075,2.1140587,3
161786153783489,3722566583,4.0591245,8.539685,2.117349,3
161786156283489,3725066583,4.0567317,8.5423765,2.114358,3
161786158783489,3727566583,4.048955,8.55135,2.1487548,3
161786161283489,3730066583,4.0474596,8.558229,2.164009,3
161786163783489,3732566583,4.0366917,8.5681,2.193321,3
161786166283489,3735066583,4.057928,8.586644,2.225325,3
161786168783489,3737566583,4.066901,8.563015,2.2594228,3
161786171283489,3740066583,4.087539,8.560922,2.3048863,3
161786173783489,3742566583,4.086642,8.559127,2.3524437,3
161786176283489,3745066583,4.104887,8.558827,2.3772693,3
161786178783489,3747566583,4.1279182,8.548658,2.4089742,3
161786181283489,3750066583,4.1500516,8.537591,2.417349,3
161786183783489,3752566583,4.174578,8.533703,2.4466612,3
161786186283489,3755066583,4.1985064,8.522337,2.4487548,3
161786188783489,3757566583,4.2098722,8.518149,2.425724,3
161786191283489,3760066583,4.208078,8.5016985,2.4182463,3
161786193783489,3762566583,4.21406,8.492127,2.3991039,3
161786196283489,3765066583,4.2125645,8.485249,2.376372,3
161786198783489,3767566583,4.234997,8.474779,2.3602204,3
161786201283489,3770066583,4.21406,8.479566,2.3665016,3
161786203783489,3772566583,4.214658,8.467003,2.32702,3
161786206283489,3775066583,4.2239304,8.47119,2.32373,3
161786208783489,3777566583,4.2161536,8.467003,2.300998,3
161786211283489,3780066583,4.1955156,8.475677,2.2869403,3
161786213783489,3782566583,4.2011986,8.4705925,2.309672,3
161786216283489,3785066583,4.176971,8.472985,2.2824538,3
161786218783489,3787566583,4.191926,8.487342,2.266302,3
161786221283489,3790066583,4.185944,8.493922,2.2782662,3
161786223783489,3792566583,4.1961136,8.508279,2.263012,3
161786226283489,3795066583,4.1925244,8.512766,2.2669003,3
161786228783489,3797566583,4.1922255,8.516355,2.2734807,3
161786231283489,3800066583,4.2017965,8.519944,2.2504497,3
161786233783489,3802566583,4.194917,8.522935,2.28036,3
161786236283489,3805066583,4.197011,8.523832,2.2588246,3
161786238783489,3807566583,4.2053857,8.518449,2.2624137,3
161786241283489,3810066583,4.2134614,8.523832,2.2636101,3
161786243783489,3812566583,4.200301,8.522935,2.254338,3
161786246283489,3815066583,4.212265,8.511569,2.2740788,3
161786248783489,3817566583,4.2164526,8.495717,2.2686949,3
161786251283489,3820066583,4.2185464,8.491829,2.2615166,3
161786253783489,3822566583,4.2338004,8.497212,2.2743778,3
161786256283489,3825066583,4.2370906,8.493324,2.277369,3
161786258783489,3827566583,4.237988,8.482556,2.2842484,3
161786261283489,3830066583,4.243372,8.493623,2.2848465,3
161786263783489,3832566583,4.2451663,8.489137,2.283351,3
161786266283489,3835066583,4.261916,8.49781,2.2639093,3
161786268783489,3837566583,4.26401,8.506186,2.2695923,3
161786271283489,3840066583,4.2723846,8.5014,2.2755744,3
161786273783489,3842566583,4.2762733,8.513663,2.242673,3
161786276283489,3845066583,4.2780676,8.504989,2.248655,3
161786278783489,3847566583,4.2852464,8.502895,2.2546372,3
161786281283489,3850066583,4.275675,8.525029,2.245066,3
161786283783489,3852566583,4.265805,8.533105,2.2438695,3
161786286283489,3855066583,4.2577286,8.548059,2.2615166,3
161786288783489,3857566583,4.240082,8.553444,2.2555344,3
161786291283489,3860066583,4.219743,8.570193,2.2621148,3
161786293783489,3862566583,4.188337,8.59113,2.2615166,3
161786296283489,3865066583,4.187739,8.596515,2.2642083,3
161786298783489,3867566583,4.1665025,8.610871,2.2674985,3
161786301283489,3870066583,4.1524444,8.615657,2.2579272,3
161786303783489,3872566583,4.156333,8.622237,2.257329,3
161786306283489,3875066583,4.162016,8.608479,2.2489543,3
161786308783489,3877566583,4.165605,8.596515,2.231008,3
161786311283489,3880066583,4.176971,8.609376,2.2196422,3
161786313783489,3882566583,4.1931224,8.608479,2.219044,3
161786316283489,3885066583,4.206582,8.6090765,2.1759732,3
161786318783489,3887566583,4.214957,8.610871,2.1478574,3
161786321283489,3890066583,4.221537,8.621938,2.12363,3
161786323783489,3892566583,4.214957,8.645268,2.079961,3
161786326283489,3895066583,4.2131624,8.649456,2.0524435,3
161786328783489,3897566583,4.2188454,8.651549,2.0138593,3
161786331283489,3900066583,4.199404,8.656634,1.9827527,3
161786333783489,3902566583,4.188337,8.673085,1.9331015,3
161786336283489,3905066583,4.1611185,8.675179,1.9115661,3
161786338783489,3907566583,4.154239,8.676374,1.9202402,3
161786341283489,3910066583,4.136293,8.677272,1.9199411,3
161786343783489,3912566583,4.1108694,8.682058,1.9369899,3
161786346283489,3915066583,4.1114674,8.668,1.9698912,3
161786348783489,3917566583,4.1126637,8.663513,1.9728823,3
161786351283489,3920066583,4.107878,8.658429,2.0117657,3
161786353783489,3922566583,4.1126637,8.641679,2.044667,3
161786356283489,3925066583,4.1150565,8.630014,2.082653,3
161786358783489,3927566583,4.1353955,8.607881,2.0964117,3
161786361283489,3930066583,4.147061,8.589635,2.117947,3
161786363783489,3932566583,4.171288,8.5678005,2.140679,3
161786366283489,3935066583,4.208078,8.529217,2.1475582,3
161786368783489,3937566583,4.217649,8.495717,2.1478574,3
161786371283489,3940066583,4.2332025,8.474181,2.1329024,3
161786373783489,3942566583,4.2535415,8.446963,2.1155543,3
161786376283489,3945066583,4.2723846,8.429914,2.1155543,3
161786378783489,3947566583,4.3005004,8.40479,2.1314068,3
161786381283489,3950066583,4.307978,8.395817,2.1481566,3
161786383783489,3952566583,4.3211384,8.375178,2.158027,3
161786386283489,3955066583,4.330411,8.368,2.1798615,3
161786388783489,3957566583,4.339384,8.368598,2.2061825,3
161786391283489,3960066583,4.3468614,8.3632145,2.2142582,3
161786393783489,3962566583,4.3528433,8.355139,2.242374,3
161786396283489,3965066583,4.3669014,8.370692,2.2360928,3
161786398783489,3967566583,4.3674994,8.365906,2.2435703,3
161786401283489,3970066583,4.3764725,8.369196,2.2477577,3
161786403783489,3972566583,4.3764725,8.3733835,2.23699,3
161786406283489,3975066583,4.3779683,8.387142,2.245066,3
161786408783489,3977566583,4.3857446,8.382058,2.236691,3
161786411283489,3980066583,4.3818564,8.381759,2.2414765,3
161786413783489,3982566583,4.388736,8.391031,2.219044,3
161786416283489,3985066583,4.386044,8.402995,2.2196422,3
161786418783489,3987566583,4.371687,8.414959,2.2238295,3
161786421283489,3990066583,4.3672004,8.425129,2.2292135,3
161786423783489,3992566583,4.3618164,8.422736,2.2606192,3
161786426283489,3995066583,4.334299,8.426624,2.2971098,3
161786428783489,3997566583,4.3441696,8.412866,2.298007,3
161786431283489,4000066583,4.3322053,8.428718,2.3318057,3
161786433783489,4002566583,4.322634,8.415557,2.3458636,3
161786436283489,4005066583,4.304688,8.405986,2.3751755,3
161786438783489,4007566583,4.2870407,8.406883,2.3976083,3
161786441283489,4010066583,4.287938,8.396714,2.41376,3
161786443783489,4012566583,4.29721,8.382058,2.4475584,3
161786446283489,4015066583,4.2837505,8.3581295,2.4308088,3
161786448783489,4017566583,4.2717867,8.351549,2.4305096,3
161786451283489,4020066583,4.26072,8.34138,2.4143581,3
161786453783489,4022566583,4.249055,8.317152,2.4095724,3
161786456283489,4025066583,4.2631125,8.3174515,2.4254248,3
161786458783489,4027566583,4.2738805,8.295617,2.3919253,3
161786461283489,4030066583,4.2831526,8.298608,2.356033,3
161786463783489,4032566583,4.2831526,8.306385,2.3665016,3
161786466283489,4035066583,4.286144,8.308778,2.335694,3
161786468783489,4037566583,4.2921257,8.325527,2.3075783,3
161786471283489,4040066583,4.2870407,8.311769,2.2785654,3
161786473783489,4042566583,4.2855453,8.324032,2.28036,3
161786476283489,4045066583,4.284947,8.32463,2.2351954,3
161786478783489,4047566583,4.2702913,8.343174,2.222035,3
161786481283489,4050066583,4.2687955,8.355139,2.205285,3
161786483783489,4052566583,4.26072,8.372188,2.2121646,3
161786486283489,4055066583,4.258626,8.390134,2.213361,3
161786488783489,4057566583,4.2352962,8.405088,2.1855445,3
161786491283489,4060066583,4.240381,8.407481,2.1972094,3
161786493783489,4062566583,4.2388854,8.406285,2.193022,3
161786496283489,4065066583,4.2311087,8.418847,2.184647,3
161786498783489,4067566583,4.237988,8.4248295,2.1717856,3
161786501283489,4070066583,4.2421756,8.419446,2.179263,3
161786503783489,4072566583,4.2451663,8.415856,2.1825533,3
161786506283489,4075066583,4.2711883,8.397312,2.2112672,3
161786508783489,4077566583,4.269693,8.401798,2.2112672,3
161786511283489,4080066583,4.279264,8.39133,2.2384856,3
161786513783489,4082566583,4.293322,8.402696,2.2342982,3
161786516283489,4085066583,4.3002014,8.406584,2.245365,3
161786518783489,4087566583,4.31067,8.401798,2.2498515,3
161786521283489,4090066583,4.322634,8.401798,2.260021,3
161786523783489,4092566583,4.3501515,8.421539,2.2477577,3
161786526283489,4095066583,4.3375893,8.416156,2.248655,3
161786528783489,4097566583,4.3609195,8.411369,2.2375882,3
161786531283489,4100066583,4.3609195,8.418847,2.2319052,3
161786533783489,4102566583,4.3734818,8.428419,2.2160528,3
161786536283489,4105066583,4.391727,8.429615,2.2007985,3
161786538783489,4107566583,4.393821,8.4248295,2.184647,3
161786541283489,4110066583,4.404588,8.431708,2.161616,3
161786543783489,4112566583,4.3911285,8.436495,2.1646073,3
161786546283489,4115066583,4.393821,8.451151,2.160719,3
161786548783489,4117566583,4.3932223,8.464012,2.172683,3
161786551283489,4120066583,4.3854456,8.454441,2.1918256,3
161786553783489,4122566583,4.3800616,8.478069,2.1834507,3
161786556283489,4125066583,4.38395,8.479266,2.2112672,3
161786558783489,4127566583,4.375276,8.484351,2.2363918,3
161786561283489,4130066583,4.360022,8.507681,2.2322044,3
161786563783489,4132566583,4.341777,8.526823,2.265704,3
161786566283489,4135066583,4.331009,8.529515,2.2983062,3
161786568783489,4137566583,4.3145585,8.522337,2.3012972,3
161786571283489,4140066583,4.307679,8.526525,2.3198416,3
161786573783489,4142566583,4.29721,8.522935,2.3548367,3
161786576283489,4145066583,4.2888355,8.529515,2.347359,3
161786578783489,4147566583,4.2915273,8.515457,2.3512473,3
161786581283489,4150066583,4.2918267,8.50798,2.3494527,3
161786583783489,4152566583,4.3034916,8.5014,2.35364,3
161786586283489,4155066583,4.3118663,8.482556,2.359323,3
161786588783489,4157566583,4.3169513,8.484052,2.350649,3
161786591283489,4160066583,4.341777,8.486744,2.32373,3
161786593783489,4162566583,4.3328037,8.493623,2.3078775,3
161786596283489,4165066583,4.3298125,8.5067835,2.309373,3
161786598783489,4167566583,4.319045,8.515159,2.2968106,3
161786601283489,4170066583,4.302594,8.528917,2.2624137,3
161786603783489,4172566583,4.293621,8.555837,2.2414765,3
161786606283489,4175066583,4.284648,8.570493,2.2259233,3
161786608783489,4177566583,4.260122,8.571091,2.2145574,3
161786611283489,4180066583,4.232006,8.568997,2.1807587,3
161786613783489,4182566583,4.2248273,8.585149,2.1681964,3
161786616283489,4185066583,4.200899,8.592627,2.14367,3
161786618783489,4187566583,4.182355,8.605786,2.1257238,3
161786621283489,4190066583,4.145266,8.596813,2.1397817,3
161786623783489,4192566583,4.1279182,8.614759,2.1511476,3
161786626283489,4195066583,4.113561,8.6395855,2.1664019,3
161786628783489,4197566583,4.108177,8.6395855,2.1855445,3
161786631283489,4200066583,4.0959144,8.636594,2.207977,3
161786633783489,4202566583,4.0830526,8.636594,2.216651,3
161786636283489,4205066583,4.0845485,8.643773,2.225325,3
161786638783489,4207566583,4.084249,8.635098,2.2546372,3
161786641283489,4210066583,4.077968,8.632108,2.2519453,3
161786643783489,4212566583,4.089932,8.609675,2.2561326,3
161786646283489,4215066583,4.0995035,8.603693,2.265405,3
161786648783489,4217566583,4.1057844,8.585747,2.2612174,3
161786651283489,4220066583,4.1084766,8.567501,2.2555344,3
161786653783489,4222566583,4.1276193,8.556135,2.2546372,3
161786656283489,4225066583,4.1491547,8.544471,2.2872393,3
161786658783489,4227566583,4.1608195,8.546564,2.2866411,3
161786661283489,4230066583,4.1644087,8.535198,2.3045874,3
161786663783489,4232566583,4.1724844,8.528618,2.3084757,3
161786666283489,4235066583,4.195216,8.538488,2.3147569,3
161786668783489,4237566583,4.2020955,8.5349,2.3279173,3
161786671283489,4240066583,4.202993,8.543872,2.3365912,3
161786673783489,4242566583,4.217948,8.545368,2.347359,3
161786676283489,4245066583,4.222734,8.551949,2.37039,3
161786678783489,4247566583,4.2251267,8.558528,2.3826532,3
161786681283489,4250066583,4.2203407,8.5678005,2.3799613,3
161786683783489,4252566583,4.194618,8.576176,2.367399,3
161786686283489,4255066583,4.1925244,8.579764,2.3482563,3
161786688783489,4257566583,4.1871405,8.580662,2.3419752,3
161786691283489,4260066583,4.1665025,8.591729,2.3410778,3
161786693783489,4262566583,4.158128,8.599505,2.3422742,3
161786696283489,4265066583,4.1572304,8.5983095,2.3419752,3
161786698783489,4267566583,4.1374893,8.6013,2.3012972,3
161786701283489,4270066583,4.128217,8.583952,2.3039892,3
161786703783489,4272566583,4.110271,8.582457,2.2713869,3
161786706283489,4275066583,4.095316,8.583055,2.2680967,3
161786708783489,4277566583,4.089633,8.580064,2.2636101,3
161786711283489,4280066583,4.082155,8.589635,2.2444677,3
161786713783489,4282566583,4.0737805,8.592627,2.2235305,3
161786716283489,4285066583,4.0570307,8.5938225,2.213361,3
161786718783489,4287566583,4.0609193,8.586944,2.1927228,3
161786721283489,4290066583,4.0534415,8.593523,2.167299,3
161786723783489,4292566583,4.054339,8.58784,2.1541386,3
161786726283489,4295066583,4.067499,8.570493,2.1272194,3
161786728783489,4297566583,4.0767717,8.55793,2.117349,3
161786731283489,4300066583,4.0830526,8.557033,2.1194427,3
161786733783489,4302566583,4.113262,8.540583,2.1053848,3
161786736283489,4305066583,4.1297126,8.522636,2.1287148,3
161786738783489,4307566583,4.1638107,8.521739,2.14367,3
161786741283489,4310066583,4.1964126,8.508578,2.1655045,3
161786743783489,4312566583,4.2131624,8.500503,2.172683,3
161786746283489,4315066583,4.2335014,8.489435,2.216352,3
161786748783489,4317566583,4.264309,8.476574,2.2292135,3
161786751283489,4320066583,4.290331,8.450851,2.266302,3
161786753783489,4322566583,4.3073797,8.456235,2.3072793,3
161786756283489,4325066583,4.328018,8.425129,2.3449662,3
161786758783489,4327566583,4.3465624,8.402397,2.350649,3
161786761283489,4330066583,4.367799,8.387442,2.3901308,3
161786763783489,4332566583,4.3791647,8.381759,2.4005992,3
161786766283489,4335066583,4.3857446,8.359326,2.4224339,3
161786768783489,4337566583,4.388437,8.362915,2.41705,3
161786771283489,4340066583,4.382754,8.369795,2.4071796,3
161786773783489,4342566583,4.3818564,8.357532,2.385345,3
161786776283489,4345066583,4.3743787,8.36471,2.3685954,3
161786778783489,4347566583,4.369593,8.363513,2.3353949,3
161786781283489,4350066583,4.35733,8.368,2.3054845,3
161786783783489,4352566583,4.3411784,8.366803,2.2836502,3
161786786283489,4355066583,4.349254,8.3632145,2.2546372,3
161786788783489,4357566583,4.3387856,8.372188,2.2124636,3
161786791283489,4360066583,4.3348975,8.382058,2.1735802,3
161786793783489,4362566583,4.316054,8.390432,2.1445673,3
161786796283489,4365066583,4.302594,8.409575,2.120639,3
161786798783489,4367566583,4.28734,8.4015,2.0985055,3
161786801283489,4370066583,4.274778,8.42812,2.0946171,3
161786803783489,4372566583,4.2502513,8.453842,2.091327,3
161786806283489,4375066583,4.2373896,8.47119,2.0802603,3
161786808783489,4377566583,4.2221355,8.493025,2.0787647,3
161786811283489,4380066583,4.2131624,8.503195,2.0632114,3
161786813783489,4382566583,4.2077785,8.503195,2.0662024,3
161786816283489,4385066583,4.2020955,8.510373,2.0398812,3
161786818783489,4387566583,4.1898327,8.5014,2.0383859,3
161786821283489,4390066583,4.188636,8.49482,2.0315065,3
161786823783489,4392566583,4.1892343,8.508578,2.0341983,3
161786826283489,4395066583,4.193422,8.515159,2.0264218,3
161786828783489,4397566583,4.206283,8.525927,2.0288146,3
161786831283489,4400066583,4.235595,8.514261,2.0431714,3
161786833783489,4402566583,4.2445683,8.489735,2.01027,3
161786836283489,4405066583,4.276871,8.496016,2.0380867,3
161786838783489,4407566583,4.306782,8.4679,2.044667,3
161786841283489,4410066583,4.325027,8.456235,2.056631,3
161786843783489,4412566583,4.345067,8.4400835,2.0895324,3
161786846283489,4415066583,4.3821554,8.426325,2.1176481,3
161786848783489,4417566583,4.38395,8.419446,2.1445673,3
161786851283489,4420066583,4.41057,8.39133,2.184647,3
161786853783489,4422566583,4.4060836,8.379066,2.1774685,3
161786856283489,4425066583,4.4258246,8.369795,2.2121646,3
161786858783489,4427566583,4.4285164,8.360223,2.2603202,3
161786861283489,4430066583,4.4312086,8.328219,2.2767708,3
161786863783489,4432566583,4.429713,8.325527,2.289333,3
161786866283489,4435066583,4.42732,8.321041,2.3515465,3
161786868783489,4437566583,4.42732,8.316554,2.3691936,3
161786871283489,4440066583,4.4207397,8.312068,2.391028,3
161786873783489,4442566583,4.432405,8.310871,2.4107687,3
161786876283489,4445066583,4.447958,8.318349,2.4191437,3
161786878783489,4447566583,4.4410787,8.315059,2.4337997,3
161786881283489,4450066583,4.4578285,8.318947,2.4320052,3
161786883783489,4452566583,4.4581275,8.349754,2.4065814,3
161786886283489,4455066583,4.4395833,8.349156,2.3961127,3
161786888783489,4457566583,4.4282174,8.352447,2.3835504,3
161786891283489,4460066583,4.42403,8.36112,2.3742783,3
161786893783489,4462566583,4.4168515,8.365009,2.3452654,3
161786896283489,4465066583,4.3911285,8.35783,2.3338995,3
161786898783489,4467566583,4.3785663,8.354839,2.3045874,3
161786901283489,4470066583,4.371089,8.356036,2.2965117,3
161786903783489,4472566583,4.3645086,8.354241,2.2905295,3
161786906283489,4475066583,4.34746,8.355437,2.297708,3
161786908783489,4477566583,4.339384,8.35454,2.283351,3
161786911283489,4480066583,4.3328037,8.372188,2.274677,3
161786913783489,4482566583,4.333701,8.381161,2.3069801,3
161786916283489,4485066583,4.3411784,8.380263,2.309672,3
161786918783489,4487566583,4.3468614,8.389236,2.3198416,3
161786921283489,4490066583,4.356433,8.390732,2.3410778,3
161786923783489,4492566583,4.348955,8.402397,2.3458636,3
161786926283489,4495066583,4.336094,8.40808,2.373979,3
161786928783489,4497566583,4.3357944,8.429316,2.3814569,3
161786931283489,4500066583,4.3331027,8.420642,2.356332,3
161786933783489,4502566583,4.3202415,8.430812,2.3380868,3
161786936283489,4505066583,4.299603,8.42124,2.3341985,3
161786938783489,4507566583,4.298706,8.436195,2.321337,3
161786941283489,4510066583,4.2906303,8.436195,2.2827528,3
161786943783489,4512566583,4.282255,8.448159,2.2851455,3
161786946283489,4515066583,4.269394,8.469396,2.2788644,3
161786948783489,4517566583,4.2514477,8.483752,2.2782662,3
161786951283489,4520066583,4.240979,8.481061,2.2585254,3
161786953783489,4522566583,4.2254257,8.49123,2.242374,3
161786956283489,4525066583,4.2071805,8.496913,2.2519453,3
161786958783489,4527566583,4.1778684,8.504091,2.25703,3
161786961283489,4530066583,4.170989,8.516654,2.2722843,3
161786963783489,4532566583,4.141677,8.526525,2.277668,3
161786966283489,4535066583,4.12732,8.526225,2.2932215,3
161786968783489,4537566583,4.1033916,8.553144,2.2806592,3
161786971283489,4540066583,4.093222,8.56451,2.309672,3
161786973783489,4542566583,4.08724,8.5678005,2.3353949,3
161786976283489,4545066583,4.068995,8.571689,2.3165514,3
161786978783489,4547566583,4.0776687,8.601001,2.309971,3
161786981283489,4550066583,4.05733,8.605488,2.3195424,3
161786983783489,4552566583,4.051946,8.606385,2.2851455,3
161786986283489,4555066583,4.059723,8.616854,2.2612174,3
161786988783489,4557566583,4.0594234,8.630313,2.2489543,3
161786991283489,4560066583,4.054937,8.632407,2.210669,3
161786993783489,4562566583,4.0537405,8.630014,2.1975086,3
161786996283489,4565066583,4.0564327,8.647063,2.1852453,3
161786998783489,4567566583,4.063611,8.649157,2.1478574,3
161787001283489,4570066583,4.071089,8.65454,2.134996,3
161787003783489,4572566583,4.0642095,8.658429,2.1296122,3
161787006283489,4575066583,4.0594234,8.668598,2.1302104,3
161787008783489,4577566583,4.0585265,8.673384,2.1460629,3
161787011283489,4580066583,4.0680976,8.685049,2.149652,3
161787013783489,4582566583,4.063312,8.679665,2.1442683,3
161787016283489,4585066583,4.063312,8.686844,2.1487548,3
161787018783489,4587566583,4.065406,8.676973,2.1649063,3
161787021283489,4590066583,4.0680976,8.667402,2.179263,3
161787023783489,4592566583,4.0627136,8.663513,2.1858435,3
161787026283489,4595066583,4.08066,8.672188,2.1897318,3
161787028783489,4597566583,4.089932,8.653045,2.2202404,3
161787031283489,4600066583,4.132106,8.638688,2.207678,3
161787033783489,4602566583,4.1614175,8.622237,2.2142582,3
161787036283489,4605066583,4.196712,8.59801,2.204388,3
161787038783489,4607566583,4.2200418,8.579764,2.1891336,3
161787041283489,4610066583,4.236193,8.577372,2.155036,3
161787043783489,4612566583,4.2595234,8.553742,2.1852453,3
161787046283489,4615066583,4.2795634,8.542078,2.1667008,3
161787048783489,4617566583,4.3007994,8.546266,2.158027,3
161787051283489,4620066583,4.3073797,8.545069,2.1771696,3
161787053783489,4622566583,4.310371,8.548359,2.1798615,3
161787056283489,4625066583,4.315755,8.545667,2.164308,3
161787058783489,4627566583,4.3235316,8.5372925,2.1768703,3
161787061283489,4630066583,4.310072,8.530113,2.1631117,3
161787063783489,4632566583,4.3130627,8.533105,2.149353,3
161787066283489,4635066583,4.3055854,8.521739,2.1418753,3
161787068783489,4637566583,4.305286,8.517252,2.1332014,3
161787071283489,4640066583,4.299304,8.505588,2.1215365,3
161787073783489,4642566583,4.301398,8.497212,2.1068804,3
161787076283489,4645066583,4.304987,8.498408,2.1326032,3
161787078783489,4647566583,4.3154554,8.5067835,2.105684,3
161787081283489,4650066583,4.305286,8.490034,2.0874386,3
161787083783489,4652566583,4.2981076,8.497212,2.0841484,3
161787086283489,4655066583,4.2924247,8.49452,2.0787647,3
161787088783489,4657566583,4.2870407,8.490034,2.0632114,3
161787091283489,4660066583,4.2945185,8.477771,2.0563319,3
161787093783489,4662566583,4.299005,8.484052,2.0518453,3
161787096283489,4665066583,4.281956,8.479566,2.0563319,3
161787098783489,4667566583,4.275376,8.47119,2.062613,3
161787101283489,4670066583,4.2738805,8.459525,2.0817556,3
161787103783489,4672566583,4.2705903,8.450552,2.0847468,3
161787106283489,4675066583,4.2571306,8.432606,2.134697,3
161787108783489,4677566583,4.2451663,8.450552,2.1804597,3
161787111283489,4680066583,4.2520456,8.447561,2.2319052,3
161787113783489,4682566583,4.2556353,8.434102,2.271088,3
161787116283489,4685066583,4.2592244,8.444571,2.321038,3
161787118783489,4687566583,4.254738,8.430213,2.3419752,3
161787121283489,4690066583,4.2541394,8.416454,2.379662,3
161787123783489,4692566583,4.2457647,8.4146595,2.382055,3
161787126283489,4695066583,4.2559342,8.39462,2.4005992,3
161787128783489,4697566583,4.241876,8.379366,2.4077778,3
161787131283489,4700066583,4.2484565,8.368,2.4191437,3
161787133783489,4702566583,4.2499523,8.372786,2.4008985,3
161787136283489,4705066583,4.2484565,8.384749,2.3685954,3
161787138783489,4707566583,4.2314076,8.40479,2.3186452,3
161787141283489,4710066583,4.223631,8.436195,2.271686,3
161787143783489,4712566583,4.223332,8.455039,2.2519453,3
161787146283489,4715066583,4.222734,8.4682,2.2235305,3
161787148783489,4717566583,4.2185464,8.470891,2.1981068,3
161787151283489,4720066583,4.206283,8.488239,2.1993032,3
161787153783489,4722566583,4.199105,8.496614,2.1771696,3
161787156283489,4725066583,4.170989,8.500503,2.1777678,3
161787158783489,4727566583,4.165605,8.505288,2.1894326,3
161787161283489,4730066583,4.156931,8.502297,2.1855445,3
161787163783489,4732566583,4.15394,8.497212,2.2103698,3
161787166283489,4735066583,4.1641097,8.476873,2.2390838,3
161787168783489,4737566583,4.1727834,8.476275,2.271985,3
161787171283489,4740066583,4.1958146,8.452646,2.2932215,3
161787173783489,4742566583,4.211667,8.436195,2.3216362,3
161787176283489,4745066583,4.2517467,8.425129,2.3276181,3
161787178783489,4747566583,4.284349,8.414959,2.341676,3
161787181283489,4750066583,4.3070807,8.405686,2.3688943,3
161787183783489,4752566583,4.3298125,8.398808,2.3748765,3
161787186283489,4755066583,4.3462634,8.386844,2.3700907,3
161787188783489,4757566583,4.369892,8.396714,2.349752,3
161787191283489,4760066583,4.386642,8.380263,2.3455644,3
161787193783489,4762566583,4.3926244,8.395218,2.332404,3
161787196283489,4765066583,4.404588,8.385946,2.2854447,3
161787198783489,4767566583,4.3992043,8.392227,2.2603202,3
161787201283489,4770066583,4.3926244,8.386544,2.245963,3
161787203783489,4772566583,4.4072804,8.379066,2.2328026,3
161787206283489,4775066583,4.4150567,8.390732,2.2118654,3
161787208783489,4777566583,4.3890347,8.385348,2.201696,3
161787211283489,4780066583,4.3869414,8.395517,2.2091734,3
161787213783489,4782566583,4.371388,8.396714,2.2265215,3
161787216283489,4785066583,4.367799,8.4038925,2.2372892,3
161787218783489,4787566583,4.374977,8.411071,2.2621148,3
161787221283489,4790066583,4.365705,8.425427,2.2666013,3
161787223783489,4792566583,4.351049,8.449356,2.289034,3
161787226283489,4795066583,4.325027,8.4604225,2.3015962,3
161787228783489,4797566583,4.317549,8.457432,2.3135605,3
161787231283489,4800066583,4.3005004,8.467601,2.3198416,3
161787233783489,4802566583,4.2717867,8.472985,2.3249264,3
161787236283489,4805066583,4.2463627,8.476574,2.33031,3
161787238783489,4807566583,4.221238,8.484052,2.3147569,3
161787241283489,4810066583,4.2182474,8.491829,2.3027928,3
161787243783489,4812566583,4.211966,8.501101,2.2884357,3
161787246283489,4815066583,4.202694,8.517252,2.2704897,3
161787248783489,4817566583,4.1901317,8.528319,2.245963,3
161787251283489,4820066583,4.2017965,8.541181,2.2277179,3
161787253783489,4822566583,4.2047877,8.557033,2.2037897,3
161787256283489,4825066583,4.171288,8.566903,2.1855445,3
161787258783489,4827566583,4.173382,8.586644,2.1544378,3
161787261283489,4830066583,4.1751766,8.595019,2.1370897,3
161787263783489,4832566583,4.1668015,8.599206,2.1296122,3
161787266283489,4835066583,4.158427,8.609675,2.1260228,3
161787268783489,4837566583,4.1330028,8.627322,2.1188445,3
161787271283489,4840066583,4.1255255,8.6348,2.111367,3
161787273783489,4842566583,4.11386,8.658429,2.0835502,3
161787276283489,4845066583,4.0980077,8.658429,2.0898316,3
161787278783489,4847566583,4.084249,8.668898,2.076671,3
161787281283489,4850066583,4.0761733,8.670991,2.065305,3
161787283783489,4852566583,4.0698924,8.662915,2.068296,3
161787286283489,4855066583,4.074678,8.65454,2.0814567,3
161787288783489,4857566583,4.0833516,8.630014,2.0805593,3
161787291283489,4860066583,4.0977087,8.62792,2.1161525,3
161787293783489,4862566583,4.1105704,8.618649,2.1278176,3
161787296283489,4865066583,4.1201415,8.616854,2.1535404,3
161787298783489,4867566583,4.141976,8.62792,2.164009,3
161787301283489,4870066583,4.1697927,8.602198,2.19033,3
161787303783489,4872566583,4.1925244,8.606086,2.2019951,3
161787306283489,4875066583,4.2095733,8.600702,2.242374,3
161787308783489,4877566583,4.226622,8.595916,2.2462623,3
161787311283489,4880066583,4.226622,8.589635,2.2519453,3
161787313783489,4882566583,4.2188454,8.581559,2.242673,3
161787316283489,4885066583,4.215256,8.572586,2.2537398,3
161787318783489,4887566583,4.2185464,8.56152,2.2462623,3
161787321283489,4890066583,4.2074795,8.563912,2.242374,3
161787323783489,4892566583,4.2164526,8.545069,2.233999,3
161787326283489,4895066583,4.206582,8.541479,2.2175484,3
161787328783489,4897566583,4.19402,8.546564,2.2010977,3
161787331283489,4900066583,4.1925244,8.554341,2.1954148,3
161787333783489,4902566583,4.186243,8.560024,2.1864417,3
161787336283489,4905066583,4.170989,8.551051,2.1855445,3
161787338783489,4907566583,4.1638107,8.557033,2.1717856,3
161787341283489,4910066583,4.162315,8.56152,2.1816561,3
161787343783489,4912566583,4.1458645,8.558229,2.184946,3
161787346283489,4915066583,4.124628,8.558229,2.1762722,3
161787348783489,4917566583,4.1207395,8.55464,2.1801605,3
161787351283489,4920066583,4.1162534,8.544769,2.187339,3
161787353783489,4922566583,4.1162534,8.533403,2.1661026,3
161787356283489,4925066583,4.1201415,8.522935,2.1681964,3
161787358783489,4927566583,4.124927,8.518449,2.1858435,3
161787361283489,4930066583,4.1339,8.496614,2.1864417,3
161787363783489,4932566583,4.1458645,8.486444,2.1945174,3
161787366283489,4935066583,4.167998,8.476275,2.2037897,3
161787368783489,4937566583,4.1781673,8.481659,2.2354946,3
161787371283489,4940066583,4.210171,8.48794,2.2609184,3
161787373783489,4942566583,4.215555,8.507381,2.268994,3
161787376283489,4945066583,4.223332,8.496315,2.265704,3
161787378783489,4947566583,4.226921,8.492725,2.2824538,3
161787381283489,4950066583,4.22064,8.490034,2.2974088,3
161787383783489,4952566583,4.2364926,8.499905,2.3243282,3
161787386283489,4955066583,4.2352962,8.486744,2.3437698,3
161787388783489,4957566583,4.228716,8.487641,2.3715863,3
161787391283489,4960066583,4.2257247,8.4858465,2.3467607,3
161787393783489,4962566583,4.232006,8.493922,2.3518455,3
161787396283489,4965066583,4.229314,8.495118,2.3518455,3
161787398783489,4967566583,4.228417,8.493623,2.3282163,3
161787401283489,4970066583,4.240381,8.498408,2.335993,3
161787403783489,4972566583,4.2454658,8.498408,2.3312075,3
161787406283489,4975066583,4.2625146,8.499306,2.309074,3
161787408783489,4977566583,4.273581,8.502895,2.2929223,3
161787411283489,4980066583,4.2771707,8.511569,2.295315,3
161787413783489,4982566583,4.2798624,8.50798,2.2752752,3
161787416283489,4985066583,4.281059,8.505588,2.2537398,3
161787418783489,4987566583,4.2690945,8.518149,2.2345972,3
161787421283489,4990066583,4.2708893,8.526823,2.2214367,3
161787423783489,4992566583,4.2708893,8.525029,2.2031915,3
161787426283489,4995066583,4.26072,8.505288,2.1738794,3
161787428783489,4997566583,4.261318,8.512466,2.1571295,3
161787431283489,5000066583,4.267898,8.505588,2.1442683,3
161787433783489,5002566583,4.2499523,8.522337,2.1281166,3
161787436283489,5005066583,4.2451663,8.515757,2.1044874,3
161787438783489,5007566583,4.2406797,8.531908,2.1050856,3
161787441283489,5010066583,4.2329035,8.528618,2.1092732,3
161787443783489,5012566583,4.2445683,8.526225,2.1185453,3
161787446283489,5015066583,4.2499523,8.523534,2.1128623,3
161787448783489,5017566583,4.2610188,8.526823,2.129014,3
161787451283489,5020066583,4.2711883,8.528319,2.1400807,3
161787453783489,5022566583,4.29392,8.5112705,2.1433709,3
161787456283489,5025066583,4.2948174,8.509176,2.1571295,3
161787458783489,5027566583,4.3088756,8.515159,2.1807587,3
161787461283489,5030066583,4.31396,8.516953,2.1939192,3
161787463783489,5032566583,4.31067,8.497212,2.2046869,3
161787466283489,5035066583,4.319344,8.488837,2.20708,3
161787468783489,5037566583,4.325625,8.490034,2.2259233,3
161787471283489,5040066583,4.3073797,8.483454,2.2202404,3
161787473783489,5042566583,4.3040895,8.480463,2.219044,3
161787476283489,5045066583,4.3091745,8.472088,2.2169502,3
161787478783489,5047566583,4.3238306,8.450851,2.1867409,3
161787481283489,5050066583,4.3244286,8.44128,2.1717856,3
161787483783489,5052566583,4.3265224,8.4349985,2.1675982,3
161787486283489,5055066583,4.328616,8.420342,2.149652,3
161787488783489,5057566583,4.3405805,8.411968,2.1257238,3
161787491283489,5060066583,4.3441696,8.402397,2.129313,3
161787493783489,5062566583,4.339384,8.402995,2.1311076,3
161787496283489,5065066583,4.3384867,8.407183,2.1101704,3
161787498783489,5067566583,4.3408794,8.393125,2.09701,3
161787501283489,5070066583,4.3328037,8.40808,2.11705,3
161787503783489,5072566583,4.341777,8.3994055,2.1203399,3
161787506283489,5075066583,4.3498526,8.400602,2.114657,3
161787508783489,5077566583,4.345964,8.396415,2.117349,3
161787511283489,5080066583,4.3384867,8.382656,2.1385853,3
161787513783489,5082566583,4.34746,8.370093,2.1556342,3
161787516283489,5085066583,4.3576293,8.357232,2.1484556,3
161787518783489,5087566583,4.3588257,8.350353,2.1687946,3
161787521283489,5090066583,4.3651066,8.344071,2.1936202,3
161787523783489,5092566583,4.3633122,8.363812,2.2082763,3
161787526283489,5095066583,4.3525443,8.374281,2.2241287,3
161787528783489,5097566583,4.36062,8.372486,2.2489543,3
161787531283489,5100066583,4.3528433,8.362018,2.2594228,3
161787533783489,5102566583,4.354339,8.345268,2.2624137,3
161787536283489,5105066583,4.3645086,8.356634,2.268994,3
161787538783489,5107566583,4.371687,8.3581295,2.2576282,3
161787541283489,5110066583,4.3818564,8.370991,2.2677977,3
161787543783489,5112566583,4.3788652,8.372786,2.2740788,3
161787546283489,5115066583,4.3989053,8.380562,2.2408783,3
161787548783489,5117566583,4.4024944,8.384451,2.2561326,3
161787551283489,5120066583,4.4204407,8.392527,2.2737796,3
161787553783489,5122566583,4.41416,8.39821,2.2800608,3
161787556283489,5125066583,4.4165525,8.417651,2.2785654,3
161787558783489,5127566583,4.4231324,8.424232,2.2770698,3
161787561283489,5130066583,4.4207397,8.434401,2.2722843,3
161787563783489,5132566583,4.4150567,8.440981,2.245365,3
161787566283489,5135066583,4.4174495,8.433205,2.2782662,3
161787568783489,5137566583,4.408477,8.458329,2.2854447,3
161787571283489,5140066583,4.3875394,8.46491,2.2821546,3
161787573783489,5142566583,4.3761735,8.4679,2.271088,3
161787576283489,5145066583,4.364209,8.480762,2.274976,3
161787578783489,5147566583,4.3447676,8.490632,2.265405,3
161787581283489,5150066583,4.331009,8.499605,2.2447667,3
161787583783489,5152566583,4.3277187,8.486444,2.2645075,3
161787586283489,5155066583,4.316652,8.485547,2.2525434,3
161787588783489,5157566583,4.298706,8.478967,2.2232313,3
161787591283489,5160066583,4.301398,8.474481,2.2061825,3
161787593783489,5162566583,4.299005,8.474481,2.1744776,3
161787596283489,5165066583,4.278666,8.474481,2.1541386,3
161787598783489,5167566583,4.2574296,8.469396,2.1337996,3
161787601283489,5170066583,4.2391844,8.467302,2.1128623,3
161787603783489,5172566583,4.246961,8.459525,2.108974,3
161787606283489,5175066583,4.241876,8.444571,2.1107686,3
161787608783489,5177566583,4.2391844,8.431708,2.117349,3
161787611283489,5180066583,4.249055,8.415856,2.1296122,3
161787613783489,5182566583,4.256233,8.421539,2.1720848,3
161787616283489,5185066583,4.2714877,8.419446,2.1628125,3
161787618783489,5187566583,4.262215,8.422137,2.1858435,3
161787621283489,5190066583,4.252644,8.418847,2.2004995,3
161787623783489,5192566583,4.2520456,8.412267,2.2226331,3
161787626283489,5195066583,4.241876,8.426624,2.216352,3
161787628783489,5197566583,4.223631,8.433803,2.2477577,3
161787631283489,5200066583,4.2131624,8.454441,2.2636101,3
161787633783489,5202566583,4.1904306,8.46491,2.288735,3
161787636283489,5205066583,4.1694937,8.475378,2.2989044,3
161787638783489,5207566583,4.1551366,8.487641,2.295315,3
161787641283489,5210066583,4.1339,8.502297,2.298007,3
161787643783489,5212566583,4.1279182,8.503493,2.2959132,3
161787646283489,5215066583,4.133601,8.543573,2.3069801,3
161787648783489,5217566583,4.1401815,8.539685,2.3021946,3
161787651283489,5220066583,4.133601,8.543274,2.3039892,3
161787653783489,5222566583,4.1479583,8.552845,2.312364,3
161787656283489,5225066583,4.1425743,8.556734,2.3111675,3
161787658783489,5227566583,4.153342,8.570193,2.2935205,3
161787661283489,5230066583,4.139882,8.579764,2.2905295,3
161787663783489,5232566583,4.130012,8.58784,2.2848465,3
161787666283489,5235066583,4.1228333,8.597711,2.2624137,3
161787668783489,5237566583,4.112365,8.615358,2.2489543,3
161787671283489,5240066583,4.107579,8.620442,2.2408783,3
161787673783489,5242566583,4.1021953,8.622237,2.2471595,3
161787676283489,5245066583,4.092923,8.631808,2.2387848,3
161787678783489,5247566583,4.0902314,8.63151,2.2274187,3
161787681283489,5250066583,4.0642095,8.651849,2.21366,3
161787683783489,5252566583,4.0513477,8.666803,2.2199411,3
161787686283489,5255066583,4.048955,8.682058,2.2307088,3
161787688783489,5257566583,4.0567317,8.677571,2.2217357,3
161787691283489,5260066583,4.048656,8.683254,2.2127628,3
161787693783489,5262566583,4.063312,8.682656,2.1804597,3
161787696283489,5265066583,4.0627136,8.689237,2.1747768,3
161787698783489,5267566583,4.089334,8.682955,2.1574287,3
161787701283489,5270066583,4.106981,8.668898,2.1337996,3
161787703783489,5272566583,4.1174498,8.655737,2.1278176,3
161787706283489,5275066583,4.1276193,8.635398,2.0916262,3
161787708783489,5277566583,4.1524444,8.62792,2.07368,3
161787711283489,5280066583,4.1590247,8.621041,2.035694,3
161787713783489,5282566583,4.191627,8.5938225,2.047658,3
161787716283489,5285066583,4.215555,8.577372,2.0485554,3
161787718783489,5287566583,4.2341,8.565707,2.053341,3
161787721283489,5290066583,4.261916,8.5525465,2.0644078,3
161787723783489,5292566583,4.281358,8.555239,2.0964117,3
161787726283489,5295066583,4.302594,8.531908,2.1017957,3
161787728783489,5297566583,4.3241296,8.52114,2.1508484,3
161787731283489,5300066583,4.342973,8.526525,2.164308,3
161787733783489,5302566583,4.362116,8.52144,2.178366,3
161787736283489,5305066583,4.3701916,8.516056,2.2073789,3
161787738783489,5307566583,4.377669,8.49482,2.2229323,3
161787741283489,5310066583,4.401298,8.49123,2.2594228,3
161787743783489,5312566583,4.39741,8.471788,2.2707887,3
161787746283489,5315066583,4.4093738,8.469096,2.2938197,3
161787748783489,5317566583,4.4001017,8.469994,2.3186452,3
161787751283489,5320066583,4.4108696,8.4705925,2.3368905,3
161787753783489,5322566583,4.4057846,8.460722,2.3482563,3
161787756283489,5325066583,4.406682,8.455637,2.3401806,3
161787758783489,5327566583,4.410271,8.445766,2.3192434,3
161787761283489,5330066583,4.4057846,8.440383,2.309971,3
161787763783489,5332566583,4.4078784,8.43111,2.3309083,3
161787766283489,5335066583,4.4057846,8.414959,2.312663,3
161787768783489,5337566583,4.3986063,8.418847,2.309373,3
161787771283489,5340066583,4.388437,8.409575,2.2845473,3
161787773783489,5342566583,4.364209,8.414062,2.263012,3
161787776283489,5345066583,4.349254,8.412267,2.274677,3
161787778783489,5347566583,4.334299,8.415557,2.248057,3
161787781283489,5350066583,4.323232,8.423035,2.2307088,3
161787783783489,5352566583,4.315755,8.422437,2.2378874,3
161787786283489,5355066583,4.295416,8.420044,2.2214367,3
161787788783489,5357566583,4.2714877,8.414959,2.2262223,3
161787791283489,5360066583,4.2499523,8.419446,2.2378874,3
161787793783489,5362566583,4.2373896,8.433503,2.2028923,3
161787796283489,5365066583,4.2257247,8.434401,2.1942184,3
161787798783489,5367566583,4.2125645,8.444271,2.1948166,3
161787801283489,5370066583,4.2014976,8.442178,2.1855445,3
161787803783489,5372566583,4.2017965,8.446066,2.172683,3
161787806283489,5375066583,4.202395,8.450552,2.175375,3
161787808783489,5377566583,4.1961136,8.447561,2.1861427,3
161787811283489,5380066583,4.1868415,8.440383,2.1681964,3
161787813783489,5382566583,4.1988053,8.444271,2.1681964,3
161787816283489,5385066583,4.2050867,8.452945,2.158027,3
161787818783489,5387566583,4.208377,8.446364,2.1538396,3
161787821283489,5390066583,4.2068815,8.44128,2.152643,3
161787823783489,5392566583,4.21406,8.450552,2.1472592,3
161787826283489,5395066583,4.2020955,8.446664,2.1622143,3
161787828783489,5397566583,4.2104707,8.454441,2.1535404,3
161787831283489,5400066583,4.2239304,8.46132,2.1451654,3
161787833783489,5402566583,4.21735,8.458628,2.137688,3
161787836283489,5405066583,4.2164526,8.465208,2.126322,3
161787838783489,5407566583,4.214359,8.469695,2.1454647,3
161787841283489,5410066583,4.208676,8.482257,2.1541386,3
161787843783489,5412566583,4.2053857,8.487641,2.1741784,3
161787846283489,5415066583,4.211966,8.493324,2.1678972,3
161787848783489,5417566583,4.208377,8.513364,2.1807587,3
161787851283489,5420066583,4.203292,8.517551,2.1879373,3
161787853783489,5422566583,4.197609,8.535796,2.2124636,3
161787856283489,5425066583,4.182953,8.541479,2.2214367,3
161787858783489,5427566583,4.1901317,8.535198,2.2235305,3
161787861283489,5430066583,4.1775694,8.530113,2.245365,3
161787863783489,5432566583,4.1757746,8.533403,2.2666013,3
161787866283489,5435066583,4.174279,8.531011,2.265405,3
161787868783489,5437566583,4.165904,8.52443,2.2588246,3
161787871283489,5440066583,4.159324,8.517851,2.274976,3
161787873783489,5442566583,4.156333,8.5372925,2.3018954,3
161787876283489,5445066583,4.1548376,8.543274,2.2944179,3
161787878783489,5447566583,4.167699,8.541479,2.2935205,3
161787881283489,5450066583,4.1760736,8.538788,2.3069801,3
161787883783489,5452566583,4.1781673,8.539984,2.306382,3
161787886283489,5455066583,4.188337,8.543573,2.306681,3
161787888783489,5457566583,4.1928234,8.553444,2.309672,3
161787891283489,5460066583,4.2161536,8.540583,2.295016,3
161787893783489,5462566583,4.2275195,8.544171,2.271985,3
161787896283489,5465066583,4.237689,8.531011,2.2546372,3
161787898783489,5467566583,4.2556353,8.519645,2.245365,3
161787901283489,5470066583,4.252644,8.516953,2.2325034,3
161787903783489,5472566583,4.276572,8.504091,2.2286153,3
161787906283489,5475066583,4.273581,8.518747,2.2301106,3
161787908783489,5477566583,4.296014,8.510074,2.2214367,3
161787911283489,5480066583,4.29721,8.510672,2.2073789,3
161787913783489,5482566583,4.3007994,8.495418,2.1828525,3
161787916283489,5485066583,4.295416,8.504091,2.1924238,3
161787918783489,5487566583,4.3034916,8.525927,2.193321,3
161787921283489,5490066583,4.3002014,8.505588,2.1804597,3
161787923783489,5492566583,4.302893,8.508279,2.1661026,3
161787926283489,5495066583,4.3148575,8.514261,2.172982,3
161787928783489,5497566583,4.310969,8.514561,2.1604197,3
161787931283489,5500066583,4.3061833,8.513064,2.1472592,3
161787933783489,5502566583,4.328616,8.513962,2.123331,3
161787936283489,5505066583,4.3316073,8.508279,2.0961127,3
161787938783489,5507566583,4.354937,8.498708,2.0838494,3
161787941283489,5510066583,4.3755755,8.498708,2.0404794,3
161787943783489,5512566583,4.377669,8.482257,2.012663,3
161787946283489,5515066583,4.404588,8.468798,1.9998015,3
161787948783489,5517566583,4.434798,8.456834,2.0003998,3
161787951283489,5520066583,4.447659,8.461619,1.9582262,3
161787953783489,5522566583,4.4341993,8.45773,1.9627128,3
161787956283489,5525066583,4.441378,8.467003,1.9618155,3
161787958783489,5527566583,4.44736,8.4679,1.995614,3
161787961283489,5530066583,4.4374895,8.476873,2.012364,3
161787963783489,5532566583,4.429414,8.480762,2.0336,3
161787966283489,5535066583,4.4147577,8.492725,2.0425732,3
161787968783489,5537566583,4.4192443,8.496016,2.0730817,3
161787971283489,5540066583,4.400999,8.501101,2.0805593,3
161787973783489,5542566583,4.3734818,8.505588,2.111666,3
161787976283489,5545066583,4.3504505,8.49811,2.1191435,3
161787978783489,5547566583,4.342076,8.495717,2.1343977,3
161787981283489,5550066583,4.3292146,8.499905,2.1448665,3
161787983783489,5552566583,4.307679,8.484052,2.1490538,3
161787986283489,5555066583,4.3002014,8.465208,2.1544378,3
161787988783489,5557566583,4.281657,8.4813595,2.181058,3
161787991283489,5560066583,4.2708893,8.477771,2.1747768,3
161787993783489,5562566583,4.260122,8.475677,2.1532412,3
161787996283489,5565066583,4.2484565,8.466405,2.155335,3
161787998783489,5567566583,4.247559,8.450851,2.161018,3
161788001283489,5570066583,4.2385864,8.45474,2.141277,3
161788003783489,5572566583,4.240979,8.435896,2.1505494,3
161788006283489,5575066583,4.2448673,8.430512,2.1370897,3
161788008783489,5577566583,4.2338004,8.4146595,2.1418753,3
161788011283489,5580066583,4.236193,8.407481,2.1559331,3
161788013783489,5582566583,4.2352962,8.390732,2.160719,3
161788016283489,5585066583,4.2311087,8.385647,2.1921246,3
161788018783489,5587566583,4.2427735,8.393125,2.19033,3
161788021283489,5590066583,4.2502513,8.377272,2.1999013,3
161788023783489,5592566583,4.2762733,8.374281,2.204986,3
161788026283489,5595066583,4.2717867,8.365308,2.2175484,3
161788028783489,5597566583,4.278666,8.364112,2.242673,3
161788031283489,5600066583,4.28405,8.346764,2.25703,3
161788033783489,5602566583,4.3034916,8.331808,2.2615166,3
161788036283489,5605066583,4.299603,8.326425,2.283351,3
161788038783489,5607566583,4.321737,8.302795,2.309672,3
161788041283489,5610066583,4.3319063,8.291729,2.312364,3
161788043783489,5612566583,4.3465624,8.279166,2.3207388,3
161788046283489,5615066583,4.362116,8.262417,2.3437698,3
161788048783489,5617566583,4.374977,8.25464,2.350051,3
161788051283489,5620066583,4.3890347,8.244769,2.3697917,3
161788053783489,5622566583,4.4042892,8.239685,2.3724837,3
161788056283489,5625066583,4.415655,8.247461,2.3697917,3
161788058783489,5627566583,4.430311,8.235796,2.3712873,3
161788061283489,5630066583,4.45065,8.238488,2.3928227,3
161788063783489,5632566583,4.464409,8.248658,2.4020948,3
161788066283489,5635066583,4.449753,8.265108,2.3988047,3
161788068783489,5637566583,4.4488554,8.273483,2.3916261,3
161788071283489,5640066583,4.452744,8.279764,2.390729,3
161788073783489,5642566583,4.4491544,8.30459,2.3829522,3
161788076283489,5645066583,4.4395833,8.322237,2.3895326,3
161788078783489,5647566583,4.4410787,8.342576,2.3670998,3
161788081283489,5650066583,4.4129634,8.349754,2.3518455,3
161788083783489,5652566583,4.4078784,8.369495,2.309672,3
161788086283489,5655066583,4.3965125,8.385946,2.3021946,3
161788088783489,5657566583,4.3857446,8.384451,2.2740788,3
161788091283489,5660066583,4.388437,8.382357,2.254338,3
161788093783489,5662566583,4.3815575,8.395517,2.2229323,3
161788096283489,5665066583,4.3761735,8.415856,2.2178476,3
161788098783489,5667566583,4.374678,8.414959,2.1966112,3
161788101283489,5670066583,4.3851466,8.42124,2.195714,3
161788103783489,5672566583,4.3701916,8.436195,2.1759732,3
161788106283489,5675066583,4.3582273,8.433803,2.1631117,3
161788108783489,5677566583,4.349254,8.447561,2.1478574,3
161788111283489,5680066583,4.3471603,8.466405,2.140679,3
161788113783489,5682566583,4.3414774,8.466105,2.1481566,3
161788116283489,5685066583,4.3241296,8.474779,2.1421745,3
161788118783489,5687566583,4.3202415,8.484949,2.1370897,3
161788121283489,5690066583,4.301099,8.487641,2.175674,3
161788123783489,5692566583,4.2912283,8.512766,2.1807587,3
161788126283489,5695066583,4.2741795,8.507681,2.1924238,3
161788128783489,5697566583,4.267898,8.525627,2.213361,3
161788131283489,5700066583,4.275675,8.529815,2.2277179,3
161788133783489,5702566583,4.26401,8.535498,2.2345972,3
161788136283489,5705066583,4.254439,8.551649,2.245365,3
161788138783489,5707566583,4.243671,8.555837,2.2435703,3
161788141283489,5710066583,4.2589254,8.561818,2.2669003,3
161788143783489,5712566583,4.2625146,8.567501,2.2770698,3
161788146283489,5715066583,4.278367,8.563314,2.2743778,3
161788148783489,5717566583,4.2837505,8.563015,2.2594228,3
161788151283489,5720066583,4.302893,8.556734,2.251347,3
161788153783489,5722566583,4.301996,8.563613,2.231008,3
161788156283489,5725066583,4.2999024,8.566903,2.2148564,3
161788158783489,5727566583,4.301996,8.573483,2.2127628,3
161788161283489,5730066583,4.2966123,8.592925,2.2058833,3
161788163783489,5732566583,4.2684965,8.598907,2.202294,3
161788166283489,5735066583,4.2352962,8.612666,2.1999013,3
161788168783489,5737566583,4.228417,8.631808,2.1963122,3
161788171283489,5740066583,4.208975,8.643773,2.193022,3
161788173783489,5742566583,4.1850467,8.659326,2.21366,3
161788176283489,5745066583,4.1554356,8.668598,2.2298117,3
161788178783489,5747566583,4.1261234,8.674879,2.225026,3
161788181283489,5750066583,4.089633,8.680562,2.216352,3
161788183783489,5752566583,4.0881376,8.694321,2.1981068,3
161788186283489,5755066583,4.0761733,8.684152,2.1894326,3
161788188783489,5757566583,4.066004,8.684451,2.1867409,3
161788191283489,5760066583,4.0648074,8.682955,2.1702902,3
161788193783489,5762566583,4.06391,8.687442,2.140978,3
161788196283489,5765066583,4.072285,8.694022,2.1218355,3
161788198783489,5767566583,4.065406,8.680562,2.1158533,3
161788201283489,5770066583,4.0645084,8.682058,2.1119652,3
161788203783489,5772566583,4.0719857,8.677571,2.1026928,3
161788206283489,5775066583,4.071089,8.667701,2.0850458,3
161788208783489,5777566583,4.0642095,8.655139,2.0787647,3
161788211283489,5780066583,4.069593,8.643474,2.0904298,3
161788213783489,5782566583,4.0704904,8.668,2.0823538,3
161788216283489,5785066583,4.0651064,8.644072,2.079064,3
161788218783489,5787566583,4.0609193,8.635398,2.0775683,3
161788221283489,5790066583,4.0621157,8.641081,2.094019,3
161788223783489,5792566583,4.0707893,8.627322,2.1077776,3
161788226283489,5795066583,4.080959,8.621041,2.1131616,3
161788228783489,5797566583,4.0869412,8.606983,2.14038,3
161788231283489,5800066583,4.089932,8.610572,2.164009,3
161788233783489,5802566583,4.0968113,8.6090765,2.1924238,3
161788236283489,5805066583,4.1198425,8.609376,2.2073789,3
161788238783489,5807566583,4.136592,8.589934,2.2229323,3
161788241283489,5810066583,4.1551366,8.586345,2.219343,3
161788243783489,5812566583,4.1757746,8.586944,2.2328026,3
161788246283489,5815066583,4.1928234,8.586944,2.2235305,3
161788248783489,5817566583,4.2095733,8.57468,2.222035,3
161788251283489,5820066583,4.2329035,8.571091,2.2169502,3
161788253783489,5822566583,4.260421,8.571091,2.1996021,3
161788256283489,5825066583,4.273581,8.571988,2.2142582,3
161788258783489,5827566583,4.287639,8.559127,2.193321,3
161788261283489,5830066583,4.2975097,8.53789,2.2211375,3
161788263783489,5832566583,4.29392,8.532506,2.187339,3
161788266283489,5835066583,4.302594,8.534301,2.2073789,3
161788268783489,5837566583,4.3121657,8.520542,2.201696,3
161788271283489,5840066583,4.316054,8.509176,2.2019951,3
161788273783489,5842566583,4.317549,8.49781,2.2082763,3
161788276283489,5845066583,4.321737,8.491529,2.2130618,3
161788278783489,5847566583,4.3073797,8.486444,2.2235305,3
161788281283489,5850066583,4.3040895,8.487342,2.2298117,3
161788283783489,5852566583,4.307978,8.468798,2.2549362,3
161788286283489,5855066583,4.3274198,8.466405,2.248655,3
161788288783489,5857566583,4.3298125,8.457132,2.2387848,3
161788291283489,5860066583,4.327121,8.453544,2.2402802,3
161788293783489,5862566583,4.3354955,8.439486,2.2295125,3
161788296283489,5865066583,4.339683,8.422437,2.2205393,3
161788298783489,5867566583,4.3498526,8.423932,2.210669,3
161788301283489,5870066583,4.3498526,8.411369,2.2115662,3
161788303783489,5872566583,4.3582273,8.411669,2.2202404,3
161788306283489,5875066583,4.3725843,8.404191,2.2229323,3
161788308783489,5877566583,4.3932223,8.40479,2.2196422,3
161788311283489,5880066583,4.4078784,8.407481,2.2525434,3
161788313783489,5882566583,4.415954,8.395218,2.2561326,3
161788316283489,5885066583,4.4515476,8.378169,2.2642083,3
161788318783489,5887566583,4.4665027,8.370393,2.2701905,3
161788321283489,5890066583,4.4742794,8.366205,2.2761726,3
161788323783489,5892566583,4.4760737,8.36441,2.2618155,3
161788326283489,5895066583,4.479364,8.344371,2.2504497,3
161788328783489,5897566583,4.464409,8.34467,2.239383,3
161788331283489,5900066583,4.4802613,8.336893,2.2268205,3
161788333783489,5902566583,4.475476,8.33809,2.2184458,3
161788336283489,5905066583,4.458726,8.333304,2.2142582,3
161788338783489,5907566583,4.450052,8.340781,2.19033,3
161788341283489,5910066583,4.45065,8.335398,2.1807587,3
161788343783489,5912566583,4.436592,8.364112,2.2160528,3
161788346283489,5915066583,4.4285164,8.346464,2.193321,3
161788348783489,5917566583,4.4246283,8.365906,2.1831515,3
161788351283489,5920066583,4.4246283,8.371589,2.1804597,3
161788353783489,5922566583,4.421637,8.381459,2.181357,3
161788356283489,5925066583,4.421637,8.374879,2.2010977,3
161788358783489,5927566583,4.4222355,8.362616,2.175375,3
161788361283489,5930066583,4.4135613,8.37129,2.1894326,3
161788363783489,5932566583,4.4186463,8.372786,2.158027,3
161788366283489,5935066583,4.4021955,8.376076,2.1601207,3
161788368783489,5937566583,4.392325,8.369795,2.1595225,3
161788371283489,5940066583,4.3878384,8.372188,2.1586251,3
161788373783489,5942566583,4.384249,8.367402,2.140978,3
161788376283489,5945066583,4.369593,8.362018,2.161317,3
161788378783489,5947566583,4.3633122,8.362018,2.1604197,3
161788381283489,5950066583,4.3552365,8.359027,2.1532412,3
161788383783489,5952566583,4.35075,8.363812,2.129014,3
161788386283489,5955066583,4.338187,8.377871,2.1176481,3
161788388783489,5957566583,4.3262234,8.375178,2.108974,3
161788391283489,5960066583,4.342076,8.382955,2.1155543,3
161788393783489,5962566583,4.3357944,8.380861,2.1161525,3
161788396283489,5965066583,4.3295135,8.379964,2.1248264,3
161788398783489,5967566583,4.3259244,8.378768,2.1505494,3
161788401283489,5970066583,4.3354955,8.373085,2.167,3
161788403783489,5972566583,4.3325043,8.357232,2.178366,3
161788406283489,5975066583,4.3208394,8.356335,2.21366,3
161788408783489,5977566583,4.328915,8.364112,2.2408783,3
161788411283489,5980066583,4.328616,8.341679,2.2660031,3
161788413783489,5982566583,4.339384,8.328817,2.2875385,3
161788416283489,5985066583,4.3295135,8.312965,2.312364,3
161788418783489,5987566583,4.3351965,8.319246,2.3407788,3
161788421283489,5990066583,4.3531427,8.3219385,2.3488545,3
161788423783489,5992566583,4.371089,8.305786,2.359323,3
161788426283489,5995066583,4.3812585,8.310572,2.385345,3
161788428783489,5997566583,4.4024944,8.302795,2.376073,3
161788431283489,6000066583,4.404588,8.316554,2.373381,3
161788433783489,6002566583,4.409075,8.318349,2.3668008,3
161788436283489,6005066583,4.4060836,8.3174515,2.359024,3
161788438783489,6007566583,4.4261236,8.321041,2.3638096,3
161788441283489,6010066583,4.4057846,8.333603,2.3264217,3
161788443783489,6012566583,4.417749,8.343773,2.321337,3
161788446283489,6015066583,4.406981,8.352447,2.309971,3
161788448783489,6017566583,4.409075,8.36441,2.286043,3
161788451283489,6020066583,4.41416,8.372786,2.2645075,3
161788453783489,6022566583,4.3983073,8.380263,2.2510478,3
161788456283489,6025066583,4.3869414,8.392527,2.2274187,3
161788458783489,6027566583,4.3815575,8.403294,2.2112672,3
161788461283489,6030066583,4.3815575,8.405686,2.1771696,3
161788463783489,6032566583,4.383352,8.4012,2.164009,3
161788466283489,6035066583,4.391727,8.400003,2.167,3
161788468783489,6037566583,4.395914,8.4012,2.175674,3
161788471283489,6040066583,4.4001017,8.390432,2.1867409,3
161788473783489,6042566583,4.426722,8.400303,2.1735802,3
161788476283489,6045066583,4.4078784,8.391031,2.1825533,3
161788478783489,6047566583,4.421338,8.394022,2.1828525,3
161788481283489,6050066583,4.4165525,8.393125,2.178665,3
161788483783489,6052566583,4.4093738,8.381759,2.1912274,3
161788486283489,6055066583,4.408477,8.387741,2.1951156,3
161788488783489,6057566583,4.412365,8.390732,2.2037897,3
161788491283489,6060066583,4.4042892,8.380263,2.213361,3
161788493783489,6062566583,4.395914,8.395517,2.231307,3
161788496283489,6065066583,4.3983073,8.39462,2.2441685,3
161788498783489,6067566583,4.3926244,8.399705,2.251347,3
161788501283489,6070066583,4.391727,8.406883,2.2609184,3
161788503783489,6072566583,4.39741,8.41795,2.2603202,3
161788506283489,6075066583,4.386044,8.417053,2.2782662,3
161788508783489,6077566583,4.3728833,8.417651,2.245066,3
161788511283489,6080066583,4.3648076,8.43141,2.2331018,3
161788513783489,6082566583,4.356732,8.440681,2.2274187,3
161788516283489,6085066583,4.3405805,8.455039,2.2196422,3
161788518783489,6087566583,4.313661,8.476574,2.207678,3
161788521283489,6090066583,4.2984066,8.481659,2.2181466,3
161788523783489,6092566583,4.2921257,8.510074,2.2085752,3
161788526283489,6095066583,4.254738,8.510971,2.1963122,3
161788528783489,6097566583,4.229015,8.535796,2.169692,3
161788531283489,6100066583,4.2077785,8.559425,2.1472592,3
161788533783489,6102566583,4.1925244,8.581559,2.134697,3
161788536283489,6105066583,4.1754756,8.582756,2.1080768,3
161788538783489,6107566583,4.165904,8.615657,2.0751755,3
161788541283489,6110066583,4.1344986,8.616554,2.068296,3
161788543783489,6112566583,4.1072803,8.625228,2.082653,3
161788546283489,6115066583,4.0971107,8.635996,2.0611176,3
161788548783489,6117566583,4.092624,8.62822,2.070689,3
161788551283489,6120066583,4.0830526,8.639884,2.1020947,3
161788553783489,6122566583,4.0734816,8.65125,2.129014,3
161788556283489,6125066583,4.0791645,8.630014,2.1448665,3
161788558783489,6127566583,4.0704904,8.633603,2.19033,3
161788561283489,6130066583,4.068696,8.630014,2.181058,3
161788563783489,6132566583,4.0764723,8.612367,2.1915264,3
161788566283489,6135066583,4.095017,8.598608,2.2073789,3
161788568783489,6137566583,4.107579,8.59801,2.2196422,3
161788571283489,6140066583,4.1165524,8.5938225,2.2145574,3
161788573783489,6142566583,4.1407795,8.570193,2.2387848,3
161788576283489,6145066583,4.147061,8.569296,2.245066,3
161788578783489,6147566583,4.148556,8.568997,2.2615166,3
161788581283489,6150066583,4.15394,8.570193,2.286043,3
161788583783489,6152566583,4.1608195,8.558827,2.2818556,3
161788586283489,6155066583,4.165904,8.55135,2.2968106,3
161788588783489,6157566583,4.171587,8.566903,2.312364,3
161788591283489,6160066583,4.1757746,8.580363,2.3138595,3
161788593783489,6162566583,4.1781673,8.586944,2.3084757,3
161788596283489,6165066583,4.1844487,8.59143,2.3001008,3
161788598783489,6167566583,4.174877,8.59113,2.2842484,3
161788601283489,6170066583,4.173382,8.591729,2.2704897,3
161788603783489,6172566583,4.154239,8.59442,2.2594228,3
161788606283489,6175066583,4.1608195,8.606086,2.2564318,3
161788608783489,6177566583,4.167998,8.609974,2.2621148,3
161788611283489,6180066583,4.1754756,8.613564,2.2444677,3
161788613783489,6182566583,4.185346,8.612965,2.2292135,3
161788616283489,6185066583,4.2006,8.600702,2.2360928,3
161788618783489,6187566583,4.215854,8.614461,2.2289143,3
161788621283489,6190066583,4.223332,8.586644,2.2202404,3
161788623783489,6192566583,4.2457647,8.581559,2.207678,3
161788626283489,6195066583,4.2577286,8.578867,2.20708,3
161788628783489,6197566583,4.2634115,8.571988,2.2142582,3
161788631283489,6200066583,4.252345,8.562716,2.2157538,3
161788633783489,6202566583,4.2559342,8.560622,2.2205393,3
161788636283489,6205066583,4.2574296,8.548957,2.257329,3
161788638783489,6207566583,4.2634115,8.5678005,2.2591236,3
161788641283489,6210066583,4.2460637,8.554939,2.265704,3
161788643783489,6212566583,4.2394834,8.56152,2.2812574,3
161788646283489,6215066583,4.2296133,8.57468,2.2740788,3
161788648783489,6217566583,4.2260237,8.569894,2.2734807,3
161788651283489,6220066583,4.208078,8.570193,2.2671995,3
161788653783489,6222566583,4.1979084,8.592925,2.2408783,3
161788656283489,6225066583,4.200899,8.607881,2.210968,3
161788658783489,6227566583,4.1955156,8.626125,2.1652055,3
161788661283489,6230066583,4.2006,8.633603,2.1370897,3
161788663783489,6232566583,4.2104707,8.630612,2.1104696,3
161788666283489,6235066583,4.215854,8.615657,2.097608,3
161788668783489,6237566583,4.2167516,8.610871,2.0605195,3
161788671283489,6240066583,4.2385864,8.604889,2.0422742,3
161788673783489,6242566583,4.2571306,8.597412,2.0282164,3
161788676283489,6245066583,4.2714877,8.595318,2.0237298,3
161788678783489,6247566583,4.293023,8.599505,2.0198414,3
161788681283489,6250066583,4.315755,8.58814,2.0288146,3
161788683783489,6252566583,4.3148575,8.564211,2.05035,3
161788686283489,6255066583,4.342076,8.567501,2.0712872,3
161788688783489,6257566583,4.3528433,8.567203,2.1065812,3
161788691283489,6260066583,4.36062,8.5678005,2.1257238,3
161788693783489,6262566583,4.368098,8.559425,2.1448665,3
161788696283489,6265066583,4.369892,8.554939,2.1628125,3
161788698783489,6267566583,4.3740797,8.5576315,2.178665,3
161788701283489,6270066583,4.3743787,8.541479,2.1831515,3
161788703783489,6272566583,4.3755755,8.535498,2.1939192,3
161788706283489,6275066583,4.3704906,8.528618,2.20708,3
161788708783489,6277566583,4.3755755,8.5271225,2.1984057,3
161788711283489,6280066583,4.3761735,8.53161,2.201397,3
161788713783489,6282566583,4.3669014,8.538189,2.1568305,3
161788716283489,6285066583,4.3672004,8.525627,2.1514466,3
161788718783489,6287566583,4.3722854,8.540283,2.123331,3
161788721283489,6290066583,4.3935213,8.52772,2.1047866,3
161788723783489,6292566583,4.383352,8.518449,2.0958135,3
161788726283489,6295066583,4.3779683,8.507381,2.0548365,3
161788728783489,6297566583,4.3818564,8.5014,2.0347965,3
161788731283489,6300066583,4.38395,8.484351,2.0285153,3
161788733783489,6302566583,4.374678,8.469396,2.0057836,3
161788736283489,6305066583,4.3869414,8.459825,2.0006988,3
161788738783489,6307566583,4.386343,8.453842,1.9899311,3
161788741283489,6310066583,4.406383,8.44128,1.9986051,3
161788743783489,6312566583,4.415655,8.433205,2.0057836,3
161788746283489,6315066583,4.4078784,8.425727,2.0027926,3
161788748783489,6317566583,4.412365,8.422137,2.0192432,3
161788751283489,6320066583,4.4350967,8.41795,2.0434706,3
161788753783489,6322566583,4.4258246,8.403294,2.085644,3
161788756283489,6325066583,4.4318066,8.391031,2.111367,3
161788758783489,6327566583,4.4285164,8.359625,2.1442683,3
161788761283489,6330066583,4.4285164,8.335996,2.181357,3
161788763783489,6332566583,4.4312086,8.312666,2.2004995,3
161788766283489,6335066583,4.427619,8.292027,2.2196422,3
161788768783489,6337566583,4.447659,8.262715,2.2522442,3
161788771283489,6340066583,4.443771,8.246564,2.2842484,3
161788773783489,6342566583,4.44736,8.222337,2.3189442,3
161788776283489,6345066583,4.461717,8.20469,2.35364,3
161788778783489,6347566583,4.4751763,8.178069,2.3668008,3
161788781283489,6350066583,4.497609,8.168498,2.41705,3
161788783783489,6352566583,4.505087,8.17149,2.420041,3
161788786283489,6355066583,4.5209394,8.155637,2.4326034,3
161788788783489,6357566583,4.5320063,8.150552,2.469692,3
161788791283489,6360066583,4.525426,8.152347,2.4717858,3
161788793783489,6362566583,4.5266223,8.140681,2.480759,3
161788796283489,6365066583,4.5340996,8.145468,2.501397,3
161788798783489,6367566583,4.517948,8.151151,2.5109682,3
161788801283489,6370066583,4.5158544,8.140981,2.527718,3
161788803783489,6372566583,4.4964128,8.153244,2.5441687,3
161788806283489,6375066583,4.4691944,8.143075,2.5609183,3
161788808783489,6377566583,4.459025,8.150552,2.5636103,3
161788811283489,6380066583,4.4524446,8.150253,2.5836504,3
161788813783489,6382566583,4.4374895,8.155936,2.594418,3
161788816283489,6385066583,4.436293,8.157132,2.542673,3
161788818783489,6387566583,4.409075,8.167003,2.545365,3
161788821283489,6390066583,4.395316,8.172088,2.5172493,3
161788823783489,6392566583,4.3992043,8.172985,2.481058,3
161788826283489,6395066583,4.403691,8.171788,2.4484558,3
161788828783489,6397566583,4.417749,8.172386,2.4224339,3
161788831283489,6400066583,4.410271,8.190332,2.393421,3
161788833783489,6402566583,4.4081774,8.213364,2.382055,3
161788836283489,6405066583,4.395914,8.233703,2.3545375,3
161788838783489,6407566583,4.386642,8.254341,2.3467607,3
161788841283489,6410066583,4.367799,8.266604,2.3461626,3
161788843783489,6412566583,4.3504505,8.292626,2.3389843,3
161788846283489,6415066583,4.343571,8.313264,2.3611178,3
161788848783489,6417566583,4.3127637,8.329415,2.3802602,3
161788851283489,6420066583,4.2978086,8.342277,2.3901308,3
161788853783489,6422566583,4.2978086,8.361719,2.3946173,3
161788856283489,6425066583,4.2924247,8.370393,2.3931217,3
161788858783489,6427566583,4.2831526,8.370991,2.3844478,3
161788861283489,6430066583,4.274778,8.379964,2.373381,3
161788863783489,6432566583,4.2741795,8.388638,2.3401806,3
161788866283489,6435066583,4.2798624,8.40479,2.3072793,3
161788868783489,6437566583,4.272983,8.4146595,2.2947168,3
161788871283489,6440066583,4.2738805,8.421539,2.2552354,3
161788873783489,6442566583,4.2687955,8.436793,2.2342982,3
161788876283489,6445066583,4.260421,8.448459,2.204388,3
161788878783489,6447566583,4.2505503,8.473284,2.1816561,3
161788881283489,6450066583,4.2329035,8.490333,2.1667008,3
161788883783489,6452566583,4.2308097,8.482856,2.1619153,3
161788886283489,6455066583,4.2272205,8.507083,2.114657,3
161788888783489,6457566583,4.1982074,8.543573,2.0700908,3
161788891283489,6460066583,4.182654,8.539984,2.0620148,3
161788893783489,6462566583,4.176373,8.542975,2.0509481,3
161788896283489,6465066583,4.19731,8.531908,2.0509481,3
161788898783489,6467566583,4.200301,8.533703,2.0341983,3
161788901283489,6470066583,4.1997027,8.554939,2.0267208,3
161788903783489,6472566583,4.1985064,8.563912,2.0177476,3
161788906283489,6475066583,4.206582,8.565707,2.0219352,3
161788908783489,6477566583,4.214957,8.568698,2.024627,3
161788911283489,6480066583,4.2050867,8.565707,2.0228324,3
161788913783489,6482566583,4.208078,8.586345,2.033301,3
161788916283489,6485066583,4.1979084,8.583354,2.0234306,3
161788918783489,6487566583,4.1997027,8.589934,2.0371895,3
161788921283489,6490066583,4.2077785,8.59143,2.0428724,3
161788923783489,6492566583,4.2020955,8.586046,2.0452652,3
161788926283489,6495066583,4.21406,8.565707,2.0341983,3
161788928783489,6497566583,4.243372,8.553144,2.0162523,3
161788931283489,6500066583,4.2717867,8.535796,2.0359929,3
161788933783489,6502566583,4.2969112,8.519047,2.0210378,3
161788936283489,6505066583,4.3357944,8.509476,2.0377877,3
161788938783489,6507566583,4.3558345,8.496315,2.0614166,3
161788941283489,6510066583,4.3674994,8.48794,2.077269,3
161788943783489,6512566583,4.3854456,8.4909315,2.0733807,3
161788946283489,6515066583,4.395316,8.494222,2.1158533,3
161788948783489,6517566583,4.408477,8.499605,2.1364915,3
161788951283489,6520066583,4.4051867,8.509176,2.1508484,3
161788953783489,6522566583,4.4078784,8.517551,2.1825533,3
161788956283489,6525066583,4.400999,8.522636,2.2002003,3
161788958783489,6527566583,4.375276,8.522636,2.2124636,3
161788961283489,6530066583,4.3618164,8.536694,2.2094727,3
161788963783489,6532566583,4.3331027,8.536694,2.210968,3
161788966283489,6535066583,4.3130627,8.559127,2.2004995,3
161788968783489,6537566583,4.2885365,8.566605,2.1900308,3
161788971283489,6540066583,4.279264,8.578867,2.181955,3
161788973783489,6542566583,4.273581,8.58784,2.1681964,3
161788976283489,6545066583,4.246662,8.5938225,2.175375,3
161788978783489,6547566583,4.243671,8.605188,2.1807587,3
161788981283489,6550066583,4.228417,8.622237,2.1822543,3
161788983783489,6552566583,4.2242293,8.6395855,2.175674,3
161788986283489,6555066583,4.2311087,8.653643,2.169991,3
161788988783489,6557566583,4.223033,8.6706915,2.160719,3
161788991283489,6560066583,4.2167516,8.677571,2.1463618,3
161788993783489,6562566583,4.221537,8.685049,2.1568305,3
161788996283489,6565066583,4.229015,8.685049,2.1631117,3
161788998783489,6567566583,4.232305,8.681759,2.1678972,3
161789001283489,6570066583,4.240381,8.673085,2.1684954,3
161789003783489,6572566583,4.235894,8.666205,2.184946,3
161789006283489,6575066583,4.229015,8.667402,2.1843479,3
161789008783489,6577566583,4.221537,8.6706915,2.1966112,3
161789011283489,6580066583,4.215555,8.667103,2.1978076,3
161789013783489,6582566583,4.2068815,8.651549,2.2205393,3
161789016283489,6585066583,4.2038903,8.634201,2.2298117,3
161789018783489,6587566583,4.2077785,8.621938,2.2411776,3
161789021283489,6590066583,4.2260237,8.6192465,2.2534406,3
161789023783489,6592566583,4.2245283,8.595318,2.2761726,3
161789026283489,6595066583,4.219743,8.579166,2.2761726,3
161789028783489,6597566583,4.2508492,8.556435,2.2728825,3
161789031283489,6600066583,4.2556353,8.543872,2.274677,3
161789033783489,6602566583,4.261916,8.534301,2.2818556,3
161789036283489,6605066583,4.278965,8.525029,2.300998,3
161789038783489,6607566583,4.2915273,8.510373,2.2911277,3
161789041283489,6610066583,4.3088756,8.487641,2.3336003,3
161789043783489,6612566583,4.3187456,8.485547,2.3132613,3
161789046283489,6615066583,4.334299,8.473883,2.3431716,3
161789048783489,6617566583,4.342973,8.464012,2.344368,3
161789051283489,6620066583,4.3501515,8.451749,2.3428724,3
161789053783489,6622566583,4.3498526,8.438289,2.3425734,3
161789056283489,6625066583,4.356732,8.429914,2.326721,3
161789058783489,6627566583,4.35733,8.395817,2.3401806,3
161789061283489,6630066583,4.351348,8.40479,2.3150558,3
161789063783489,6632566583,4.3591247,8.406883,2.3225334,3
161789066283489,6635066583,4.3731823,8.418249,2.326721,3
161789068783489,6637566583,4.3821554,8.40808,2.3117657,3
161789071283489,6640066583,4.3878384,8.400303,2.298007,3
161789073783489,6642566583,4.3911285,8.400303,2.2932215,3
161789076283489,6645066583,4.3785663,8.404191,2.3021946,3
161789078783489,6647566583,4.371986,8.396115,2.2905295,3
161789081283489,6650066583,4.3672004,8.394919,2.318346,3
161789083783489,6652566583,4.3519464,8.389535,2.315355,3
161789086283489,6655066583,4.3405805,8.388339,2.3485553,3
161789088783489,6657566583,4.3384867,8.386245,2.362015,3
161789091283489,6660066583,4.3334017,8.365009,2.3581266,3
161789093783489,6662566583,4.319942,8.383254,2.3757737,3
161789096283489,6665066583,4.3034916,8.377871,2.4029922,3
161789098783489,6667566583,4.3061833,8.365906,2.4020948,3
161789101283489,6670066583,4.3088756,8.359625,2.4161527,3
161789103783489,6672566583,4.316054,8.355737,2.4092734,3
161789106283489,6675066583,4.321438,8.350353,2.4215364,3
161789108783489,6677566583,4.306782,8.358429,2.373979,3
161789111283489,6680066583,4.3241296,8.344071,2.3641088,3
161789113783489,6682566583,4.3322053,8.33151,2.333301,3
161789116283489,6685066583,4.336393,8.330014,2.309373,3
161789118783489,6687566583,4.345366,8.324032,2.2866411,3
161789121283489,6690066583,4.331308,8.323434,2.2328026,3
161789123783489,6692566583,4.3292146,8.342576,2.2139592,3
161789126283489,6695066583,4.3357944,8.333603,2.2073789,3
161789128783489,6697566583,4.325625,8.320442,2.1804597,3
161789131283489,6700066583,4.328915,8.317751,2.1885355,3
161789133783489,6702566583,4.322933,8.322835,2.1948166,3
161789136283489,6705066583,4.327121,8.335098,2.1969104,3
161789138783489,6707566583,4.317549,8.335996,2.213361,3
161789141283489,6710066583,4.3414774,8.366205,2.2214367,3
161789143783489,6712566583,4.3444686,8.362616,2.2199411,3
161789146283489,6715066583,4.3498526,8.37458,2.2151556,3
161789148783489,6717566583,4.3612185,8.382955,2.2115662,3
161789151283489,6720066583,4.363611,8.399705,2.2073789,3
161789153783489,6722566583,4.3731823,8.405088,2.2217357,3
161789156283489,6725066583,4.374678,8.417053,2.204388,3
161789158783489,6727566583,4.384548,8.415258,2.201696,3
161789161283489,6730066583,4.403093,8.422736,2.1966112,3
161789163783489,6732566583,4.4138603,8.429017,2.1891336,3
161789166283489,6735066583,4.421338,8.430512,2.1831515,3
161789168783489,6737566583,4.441677,8.437691,2.178665,3
161789171283489,6740066583,4.455137,8.418249,2.143969,3
161789173783489,6742566583,4.473382,8.403294,2.129313,3
161789176283489,6745066583,4.485346,8.406285,2.1215365,3
161789178783489,6747566583,4.505087,8.401798,2.1191435,3
161789181283489,6750066583,4.51077,8.397611,2.1191435,3
161789183783489,6752566583,4.5263233,8.386844,2.105983,3
161789186283489,6755066583,4.536493,8.391928,2.1245275,3
161789188783489,6757566583,4.542176,8.383852,2.1245275,3
161789191283489,6760066583,4.5526443,8.388937,2.0907288,3
161789193783489,6762566583,4.537689,8.385946,2.1023939,3
161789196283489,6765066583,4.5155554,8.389834,2.0955145,3
161789198783489,6767566583,4.4952164,8.39133,2.082952,3
161789201283489,6770066583,4.471587,8.4012,2.0581267,3
161789203783489,6772566583,4.438088,8.395817,2.0673988,3
161789206283489,6775066583,4.421936,8.4012,2.0500507,3
161789208783489,6777566583,4.3941197,8.408678,2.0554347,3
161789211283489,6780066583,4.3794637,8.412267,2.0494525,3
161789213783489,6782566583,4.376772,8.411071,2.0659032,3
161789216283489,6785066583,4.369892,8.413464,2.0805593,3
161789218783489,6787566583,4.3755755,8.400003,2.0805593,3
161789221283489,6790066583,4.362714,8.407183,2.0991037,3
161789223783489,6792566583,4.3707895,8.392825,2.09701,3
161789226283489,6795066583,4.375276,8.382058,2.1176481,3
161789228783489,6797566583,4.3731823,8.3835535,2.1314068,3
161789231283489,6800066583,4.3836513,8.388339,2.140978,3
161789233783489,6802566583,4.3944187,8.385049,2.1490538,3
161789236283489,6805066583,4.391428,8.381459,2.1586251,3
161789238783489,6807566583,4.3905306,8.365906,2.164009,3
161789241283489,6810066583,4.384548,8.379366,2.1664019,3
161789243783489,6812566583,4.3854456,8.379366,2.187339,3
161789246283489,6815066583,4.3812585,8.377871,2.201397,3
161789248783489,6817566583,4.3722854,8.3943205,2.2181466,3
161789251283489,6820066583,4.3612185,8.391928,2.2112672,3
161789253783489,6822566583,4.3552365,8.395517,2.2172494,3
161789256283489,6825066583,4.3555355,8.3943205,2.2402802,3
161789258783489,6827566583,4.343272,8.389236,2.251646,3
161789261283489,6830066583,4.339683,8.388339,2.2642083,3
161789263783489,6832566583,4.3438706,8.400003,2.2785654,3
161789266283489,6835066583,4.34746,8.400003,2.2905295,3
161789268783489,6837566583,4.345665,8.39791,2.3021946,3
161789271283489,6840066583,4.360022,8.411369,2.3030918,3
161789273783489,6842566583,4.3390846,8.405986,2.283351,3
161789276283489,6845066583,4.3357944,8.416754,2.2704897,3
161789278783489,6847566583,4.3316073,8.423633,2.2468605,3
161789281283489,6850066583,4.3178487,8.431708,2.2304099,3
161789283783489,6852566583,4.3124647,8.448459,2.199004,3
161789286283489,6855066583,4.3124647,8.448159,2.161616,3
161789288783489,6857566583,4.322933,8.448159,2.1592233,3
161789291283489,6860066583,4.3211384,8.453842,2.1421745,3
161789293783489,6862566583,4.331308,8.46491,2.1281166,3
161789296283489,6865066583,4.339982,8.4604225,2.137389,3
161789298783489,6867566583,4.348955,8.45773,2.1595225,3
161789301283489,6870066583,4.35733,8.475976,2.1888344,3
161789303783489,6872566583,4.366303,8.47119,2.201397,3
161789306283489,6875066583,4.36391,8.462517,2.239383,3
161789308783489,6877566583,4.3854456,8.46461,2.2698913,3
161789311283489,6880066583,4.3926244,8.46461,2.2911277,3
161789313783489,6882566583,4.395316,8.453842,2.3117657,3
161789316283489,6885066583,4.41057,8.452646,2.3512473,3
161789318783489,6887566583,4.41057,8.460124,2.341676,3
161789321283489,6890066583,4.421039,8.4604225,2.3662026,3
161789323783489,6892566583,4.4261236,8.455338,2.3656044,3
161789326283489,6895066583,4.4246283,8.45773,2.3602204,3
161789328783489,6897566583,4.4246283,8.449057,2.3557339,3
161789331283489,6900066583,4.4228334,8.453842,2.3467607,3
161789333783489,6902566583,4.426722,8.443972,2.3431716,3
161789336283489,6905066583,4.3995037,8.433803,2.3204398,3
161789338783489,6907566583,4.392026,8.433205,2.3117657,3
161789341283489,6910066583,4.3998027,8.43141,2.3081765,3
161789343783489,6912566583,4.3818564,8.42453,2.3078775,3
161789346283489,6915066583,4.3764725,8.416156,2.309971,3
161789348783489,6917566583,4.3854456,8.402098,2.3072793,3
161789351283489,6920066583,4.3669014,8.410173,2.329413,3
161789353783489,6922566583,4.3558345,8.415856,2.3434706,3
161789356283489,6925066583,4.368098,8.407481,2.3584259,3
161789358783489,6927566583,4.3588257,8.406285,2.3682961,3
161789361283489,6930066583,4.351348,8.409874,2.3718855,3
161789363783489,6932566583,4.3447676,8.40808,2.3644078,3
161789366283489,6935066583,4.3501515,8.402995,2.3691936,3
161789368783489,6937566583,4.339683,8.4015,2.3799613,3
161789371283489,6940066583,4.345665,8.407183,2.37039,3
161789373783489,6942566583,4.3465624,8.404191,2.3682961,3
161789376283489,6945066583,4.3468614,8.418249,2.3446672,3
161789378783489,6947566583,4.348955,8.423932,2.3228326,3
161789381283489,6950066583,4.340281,8.422437,2.306382,3
161789383783489,6952566583,4.3495536,8.434102,2.274976,3
161789386283489,6955066583,4.319344,8.438588,2.236691,3
161789388783489,6957566583,4.319344,8.440981,2.2268205,3
161789391283489,6960066583,4.3121657,8.445766,2.2223341,3
161789393783489,6962566583,4.314259,8.445766,2.2058833,3
161789396283489,6965066583,4.317549,8.451449,2.198705,3
161789398783489,6967566583,4.298706,8.455338,2.1906292,3
161789401283489,6970066583,4.281956,8.468798,2.184049,3
161789403783489,6972566583,4.2661037,8.460722,2.169692,3
161789406283489,6975066583,4.255037,8.451449,2.1460629,3
161789408783489,6977566583,4.2427735,8.449954,2.1335006,3
161789411283489,6980066583,4.235595,8.449655,2.1340988,3
161789413783489,6982566583,4.2314076,8.443972,2.1242282,3
161789416283489,6985066583,4.229015,8.445468,2.114657,3
161789418783489,6987566583,4.2505503,8.432905,2.1454647,3
161789421283489,6990066583,4.2556353,8.429017,2.1481566,3
161789423783489,6992566583,4.2774696,8.433803,2.1828525,3
161789426283489,6995066583,4.3007994,8.423035,2.2112672,3
161789428783489,6997566583,4.3202415,8.42812,2.2304099,3
161789431283489,7000066583,4.3354955,8.426923,2.265405,3
161789433783489,7002566583,4.366004,8.425727,2.3186452,3
161789436283489,7005066583,4.4021955,8.414062,2.3419752,3
161789438783489,7007566583,4.4318066,8.404191,2.376073,3
161789441283489,7010066583,4.467699,8.402696,2.370689,3
161789443783489,7012566583,4.497609,8.40449,2.3781667,3
161789446283489,7015066583,4.5245285,8.402995,2.3904297,3
161789448783489,7017566583,4.523631,8.393424,2.3886352,3
161789451283489,7020066583,4.5472603,8.402995,2.3769703,3
161789453783489,7022566583,4.540381,8.410473,2.341676,3
161789456283489,7025066583,4.5466623,8.409874,2.3171496,3
161789458783489,7027566583,4.5373898,8.418549,2.2878375,3
161789461283489,7030066583,4.5355954,8.417651,2.2639093,3
161789463783489,7032566583,4.532604,8.419446,2.2504497,3
161789466283489,7035066583,4.510471,8.432008,2.222035,3
161789468783489,7037566583,4.5003014,8.440681,2.224727,3
161789471283489,7040066583,4.468297,8.453842,2.2142582,3
161789473783489,7042566583,4.4392843,8.46491,2.2100708,3
161789476283489,7045066583,4.418347,8.468498,2.219044,3
161789478783489,7047566583,4.4004006,8.477771,2.210968,3
161789481283489,7050066583,4.3755755,8.484351,2.2046869,3
161789483783489,7052566583,4.340281,8.489435,2.2094727,3
161789486283489,7055066583,4.319344,8.489735,2.187638,3
161789488783489,7057566583,4.293023,8.513962,2.158027,3
161789491283489,7060066583,4.26401,8.514561,2.1269202,3
161789493783489,7062566583,4.2335014,8.523832,2.1272194,3
161789496283489,7065066583,4.2125645,8.538488,2.1050856,3
161789498783489,7067566583,4.182056,8.551051,2.0901306,3
161789501283489,7070066583,4.1665025,8.559425,2.0563319,3
161789503783489,7072566583,4.1350965,8.580064,2.0401804,3
161789506283489,7075066583,4.1171503,8.57468,2.0054846,3
161789508783489,7077566583,4.100401,8.583055,2.0015962,3
161789511283489,7080066583,4.08395,8.593225,1.9971097,3
161789513783489,7082566583,4.084249,8.594122,1.9677975,3
161789516283489,7085066583,4.066303,8.594122,1.9674984,3
161789518783489,7087566583,4.0552363,8.606983,1.9543378,3
161789521283489,7090066583,4.0477586,8.615657,1.9746768,3
161789523783489,7092566583,4.0420756,8.619545,1.9812572,3
161789526283489,7095066583,4.039384,8.626125,1.9821545,3
161789528783489,7097566583,4.030411,8.630014,2.0048864,3
161789531283489,7100066583,4.039384,8.62463,2.0177476,3
161789533783489,7102566583,4.063013,8.622237,2.0620148,3
161789536283489,7105066583,4.078267,8.63151,2.105983,3
161789538783489,7107566583,4.0908294,8.630313,2.1391835,3
161789541283489,7110066583,4.1021953,8.627023,2.1562324,3
161789543783489,7112566583,4.106084,8.63809,2.1804597,3
161789546283489,7115066583,4.130909,8.634201,2.1954148,3
161789548783489,7117566583,4.1437707,8.615358,2.2046869,3
161789551283489,7120066583,4.1578283,8.602198,2.205285,3
161789553783489,7122566583,4.1697927,8.598907,2.2010977,3
161789556283489,7125066583,4.1724844,8.592627,2.1981068,3
161789558783489,7127566583,4.1874394,8.593225,2.2112672,3
161789561283489,7130066583,4.208377,8.580363,2.2118654,3
161789563783489,7132566583,4.2239304,8.566305,2.2058833,3
161789566283489,7135066583,4.2272205,8.573783,2.2112672,3
161789568783489,7137566583,4.2329035,8.57139,2.1963122,3
161789571283489,7140066583,4.2370906,8.550752,2.1909282,3
161789573783489,7142566583,4.255336,8.52772,2.2103698,3
161789576283489,7145066583,4.2556353,8.520244,2.2019951,3
161789578783489,7147566583,4.2574296,8.49123,2.205285,3
161789581283489,7150066583,4.2631125,8.487042,2.2151556,3
161789583783489,7152566583,4.261318,8.489735,2.187339,3
161789586283489,7155066583,4.278666,8.484052,2.1939192,3
161789588783489,7157566583,4.299304,8.46132,2.1861427,3
161789591283489,7160066583,4.3088756,8.455039,2.1684954,3
161789593783489,7162566583,4.3121657,8.452945,2.172982,3
161789596283489,7165066583,4.3328037,8.450552,2.1658037,3
161789598783489,7167566583,4.3316073,8.446066,2.2004995,3
161789601283489,7170066583,4.35075,8.429914,2.219343,3
161789603783489,7172566583,4.3645086,8.421539,2.2552354,3
161789606283489,7175066583,4.3782673,8.426325,2.2800608,3
161789608783489,7177566583,4.4007,8.422736,2.3048863,3
161789611283489,7180066583,4.4075794,8.414361,2.341377,3
161789613783489,7182566583,4.4051867,8.4038925,2.3539393,3
161789616283489,7185066583,4.4255257,8.387442,2.3611178,3
161789618783489,7187566583,4.427021,8.381161,2.393421,3
161789621283489,7190066583,4.4318066,8.3733835,2.405385,3
161789623783489,7192566583,4.438088,8.363812,2.4272194,3
161789626283489,7195066583,4.425226,8.355139,2.443371,3
161789628783489,7197566583,4.430909,8.343773,2.4320052,3
161789631283489,7200066583,4.4431725,8.348857,2.4361925,3
161789633783489,7202566583,4.444369,8.350353,2.434398,3
161789636283489,7205066583,4.444369,8.356036,2.4164517,3
161789638783489,7207566583,4.4377885,8.361719,2.4086752,3
161789641283489,7210066583,4.430311,8.356036,2.3868406,3
161789643783489,7212566583,4.410271,8.368897,2.376671,3
161789646283489,7215066583,4.4075794,8.36142,2.3659034,3
161789648783489,7217566583,4.4021955,8.369196,2.3431716,3
161789651283489,7220066583,4.395914,8.357232,2.3231318,3
161789653783489,7222566583,4.3989053,8.356335,2.3168504,3
161789656283489,7225066583,4.41416,8.340781,2.3306093,3
161789658783489,7227566583,4.4198427,8.328817,2.3476582,3
161789661283489,7230066583,4.412365,8.325228,2.32373,3
161789663783489,7232566583,4.430012,8.315657,2.350051,3
161789666283489,7235066583,4.4339004,8.312965,2.3826532,3
161789668783489,7237566583,4.4488554,8.34467,2.356332,3
161789671283489,7240066583,4.475476,8.372486,2.2785654,3
161789673783489,7242566583,4.5011983,8.395517,2.2127628,3
161789676283489,7245066583,4.511069,8.395817,2.149353,3
161789678783489,7247566583,4.5215373,8.404191,2.077269,3
161789681283489,7250066583,4.5320063,8.392825,2.0524435,3
161789683783489,7252566583,4.5215373,8.382357,2.0276182,3
161789686283489,7255066583,4.51735,8.395218,2.0368903,3
161789688783489,7257566583,4.5155554,8.390732,2.0321047,3
161789691283489,7260066583,4.490431,8.40449,2.038984,3
161789693783489,7262566583,4.4946184,8.399107,2.0757737,3
161789696283489,7265066583,4.5038905,8.382656,2.082653,3
161789698783489,7267566583,4.5221357,8.36471,2.1098714,3
161789701283489,7270066583,4.538586,8.359326,2.1541386,3
161789703783489,7272566583,4.56401,8.350353,2.1837497,3
161789706283489,7275066583,4.581059,8.349754,2.20708,3
161789708783489,7277566583,4.592724,8.333304,2.242374,3
161789711283489,7280066583,4.607081,8.335697,2.2328026,3
161789713783489,7282566583,4.616353,8.343773,2.2381866,3
161789716283489,7285066583,4.6375895,8.346464,2.263012,3
161789718783489,7287566583,4.641777,8.357232,2.2800608,3
161789721283489,7290066583,4.653442,8.353942,2.2642083,3
161789723783489,7292566583,4.659125,8.334201,2.2917259,3
161789726283489,7295066583,4.665705,8.331808,2.2737796,3
161789728783489,7297566583,4.659723,8.315059,2.2414765,3
161789731283489,7300066583,4.6462636,8.298608,2.2390838,3
161789733783489,7302566583,4.62413,8.29442,2.20708,3
161789736283489,7305066583,4.60738,8.299206,2.210968,3
161789738783489,7307566583,4.5765724,8.289336,2.2055843,3
161789741283489,7310066583,4.5451665,8.283354,2.193022,3
161789743783489,7312566583,4.5062833,8.28784,2.2082763,3
161789746283489,7315066583,4.4760737,8.292925,2.2148564,3
161789748783489,7317566583,4.4485564,8.306983,2.2175484,3
161789751283489,7320066583,4.42732,8.313264,2.2157538,3
161789753783489,7322566583,4.3947177,8.316256,2.2121646,3
161789756283489,7325066583,4.386343,8.316554,2.2414765,3
161789758783489,7327566583,4.3325043,8.334201,2.245066,3
161789761283489,7330066583,4.316353,8.341679,2.2606192,3
161789763783489,7332566583,4.2831526,8.345268,2.254039,3
161789766283489,7335066583,4.252943,8.35783,2.254039,3
161789768783489,7337566583,4.226921,8.352746,2.2660031,3
161789771283489,7340066583,4.206582,8.373085,2.2797618,3
161789773783489,7342566583,4.179962,8.388339,2.3001008,3
161789776283489,7345066583,4.156931,8.386544,2.295016,3
161789778783489,7347566583,4.130909,8.392527,2.2800608,3
161789781283489,7350066583,4.1051865,8.39791,2.2737796,3
161789783783489,7352566583,4.098307,8.395517,2.269293,3
161789786283489,7355066583,4.080361,8.407183,2.2378874,3
161789788783489,7357566583,4.066004,8.4146595,2.2169502,3
161789791283489,7360066583,4.066004,8.432307,2.1996021,3
161789793783489,7362566583,4.0719857,8.439785,2.169692,3
161789796283489,7365066583,4.0824547,8.453544,2.1367905,3
161789798783489,7367566583,4.0851464,8.472985,2.1188445,3
161789801283489,7370066583,4.106682,8.478668,2.1053848,3
161789803783489,7372566583,4.115655,8.487641,2.099702,3
161789806283489,7375066583,4.1422753,8.493922,2.114358,3
161789808783489,7377566583,4.1494536,8.499007,2.1326032,3
161789811283489,7380066583,4.167699,8.490333,2.143072,3
161789813783489,7382566583,4.1674,8.49123,2.1568305,3
161789816283489,7385066583,4.173382,8.495118,2.187339,3
161789818783489,7387566583,4.1835513,8.484351,2.2244277,3
161789821283489,7390066583,4.187739,8.484052,2.2286153,3
161789823783489,7392566583,4.202993,8.486744,2.25703,3
161789826283489,7395066583,4.2257247,8.487042,2.271985,3
161789828783489,7397566583,4.2188454,8.482556,2.2648067,3
161789831283489,7400066583,4.2257247,8.489735,2.2701905,3
161789833783489,7402566583,4.2308097,8.491829,2.269293,3
161789836283489,7405066583,4.2391844,8.484949,2.2582264,3
161789838783489,7407566583,4.2592244,8.482257,2.289632,3
161789841283489,7410066583,4.2508492,8.499306,2.2585254,3
161789843783489,7412566583,4.258028,8.503195,2.222035,3
161789846283489,7415066583,4.2571306,8.505588,2.2175484,3
161789848783489,7417566583,4.2514477,8.515757,2.196013,3
161789851283489,7420066583,4.2406797,8.5220375,2.1661026,3
161789853783489,7422566583,4.2448673,8.542975,2.1684954,3
161789856283489,7425066583,4.234997,8.538488,2.1732812,3
161789858783489,7427566583,4.2275195,8.550452,2.1870399,3
161789861283489,7430066583,4.217948,8.55464,2.1843479,3
161789863783489,7432566583,4.2110686,8.563015,2.1885355,3
161789866283489,7435066583,4.2017965,8.568398,2.1993032,3
161789868783489,7437566583,4.220939,8.559725,2.2151556,3
161789871283489,7440066583,4.2006,8.570193,2.2217357,3
161789873783489,7442566583,4.223631,8.571689,2.2304099,3
161789876283489,7445066583,4.2275195,8.568698,2.2319052,3
161789878783489,7447566583,4.2272205,8.573783,2.2549362,3
161789881283489,7450066583,4.241278,8.563314,2.2465613,3
161789883783489,7452566583,4.26401,8.551949,2.2624137,3
161789886283489,7455066583,4.2505503,8.546564,2.268994,3
161789888783489,7457566583,4.2924247,8.549854,2.2728825,3
161789891283489,7460066583,4.2915273,8.542676,2.268994,3
161789893783489,7462566583,4.308277,8.549256,2.2758734,3
161789896283489,7465066583,4.325027,8.550752,2.2761726,3
161789898783489,7467566583,4.334299,8.545069,2.2686949,3
161789901283489,7470066583,4.3468614,8.541779,2.2642083,3
161789903783489,7472566583,4.371687,8.553144,2.2387848,3
161789906283489,7475066583,4.3674994,8.550452,2.2519453,3
161789908783489,7477566583,4.3800616,8.558229,2.2337,3
161789911283489,7480066583,4.382754,8.557033,2.2067807,3
161789913783489,7482566583,4.3872404,8.552845,2.205285,3
161789916283489,7485066583,4.3848476,8.549256,2.1864417,3
161789918783489,7487566583,4.397709,8.555537,2.1714866,3
161789921283489,7490066583,4.415356,8.554939,2.1517458,3
161789923783489,7492566583,4.421338,8.5525465,2.141277,3
161789926283489,7495066583,4.4339004,8.551949,2.1505494,3
161789928783489,7497566583,4.450351,8.5423765,2.1314068,3
161789931283489,7500066583,4.467699,8.548059,2.1478574,3
161789933783489,7502566583,4.476373,8.546564,2.1394825,3
161789936283489,7505066583,4.4802613,8.552247,2.1544378,3
161789938783489,7507566583,4.49073,8.5271225,2.155335,3
161789941283489,7510066583,4.4781675,8.53131,2.1544378,3
161789943783489,7512566583,4.4832525,8.531908,2.161317,3
161789946283489,7515066583,4.4805603,8.518449,2.1655045,3
161789948783489,7517566583,4.4928236,8.507381,2.178366,3
161789951283489,7520066583,4.4895334,8.494222,2.164308,3
161789953783489,7522566583,4.4985065,8.472686,2.1837497,3
161789956283489,7525066583,4.531109,8.455039,2.1837497,3
161789958783489,7527566583,4.532604,8.428718,2.1723838,3
161789961283489,7530066583,4.543671,8.410771,2.1777678,3
161789963783489,7532566583,4.564309,8.397611,2.167,3
161789966283489,7535066583,4.5684967,8.386844,2.1661026,3
161789968783489,7537566583,4.601398,8.380562,2.1499512,3
161789971283489,7540066583,4.5951166,8.36112,2.161018,3
161789973783489,7542566583,4.601996,8.349456,2.1532412,3
161789976283489,7545066583,4.610072,8.348857,2.164009,3
161789978783489,7547566583,4.5948176,8.345268,2.1711874,3
161789981283489,7550066583,4.5738807,8.356933,2.1714866,3
161789983783489,7552566583,4.531408,8.352746,2.2058833,3
161789986283489,7555066583,4.503292,8.378169,2.204388,3
161789988783489,7557566583,4.4784665,8.396115,2.2073789,3
161789991283489,7560066583,4.452744,8.416156,2.2181466,3
161789993783489,7562566583,4.434798,8.417352,2.2181466,3
161789996283489,7565066583,4.4318066,8.410473,2.2124636,3
161789998783489,7567566583,4.4168515,8.390732,2.2028923,3
161790001283489,7570066583,4.4201417,8.378768,2.1825533,3
161790003783489,7572566583,4.42403,8.37458,2.1747768,3
161790006283489,7575066583,4.4246283,8.349754,2.175375,3
161790008783489,7577566583,4.441378,8.326125,2.1768703,3
161790011283489,7580066583,4.4581275,8.313563,2.1852453,3
161790013783489,7582566583,4.4605207,8.296215,2.184946,3
161790016283489,7585066583,4.479065,8.295019,2.187638,3
161790018783489,7587566583,4.4694934,8.294122,2.1894326,3
161790021283489,7590066583,4.4841495,8.286644,2.2145574,3
161790023783489,7592566583,4.4871407,8.277073,2.2546372,3
161790026283489,7595066583,4.4745784,8.268698,2.2725832,3
161790028783489,7597566583,4.46411,8.275876,2.2929223,3
161790031283489,7600066583,4.4545383,8.278269,2.3192434,3
161790033783489,7602566583,4.4452662,8.247761,2.3476582,3
161790036283489,7605066583,4.425226,8.259725,2.3422742,3
161790038783489,7607566583,4.415655,8.248658,2.3602204,3
161790041283489,7610066583,4.416253,8.242376,2.3611178,3
161790043783489,7612566583,4.412066,8.2346,2.356033,3
161790046283489,7615066583,4.415655,8.2304125,2.3455644,3
161790048783489,7617566583,4.4174495,8.239685,2.338685,3
161790051283489,7620066583,4.3935213,8.235796,2.3162522,3
161790053783489,7622566583,4.3947177,8.242676,2.3045874,3
161790056283489,7625066583,4.3962135,8.240283,2.2782662,3
161790058783489,7627566583,4.397709,8.223832,2.2495525,3
161790061283489,7630066583,4.4042892,8.220841,2.2351954,3
161790063783489,7632566583,4.401298,8.227422,2.2354946,3
161790066283489,7635066583,4.3932223,8.220243,2.2172494,3
161790068783489,7637566583,4.386343,8.20469,2.2331018,3
161790071283489,7640066583,4.388138,8.209176,2.2408783,3
161790073783489,7642566583,4.388736,8.210073,2.265704,3
161790076283489,7645066583,4.3800616,8.201698,2.2827528,3
161790078783489,7647566583,4.371089,8.207083,2.3189442,3
161790081283489,7650066583,4.3926244,8.201998,2.3404796,3
161790083783489,7652566583,4.371687,8.20798,2.35364,3
161790086283489,7655066583,4.3722854,8.225029,2.364707,3
161790088783489,7657566583,4.3800616,8.246564,2.3871398,3
161790091283489,7660066583,4.3758745,8.251948,2.3952155,3
161790093783489,7662566583,4.3701916,8.2660055,2.3859432,3
161790096283489,7665066583,4.3737807,8.281858,2.3925235,3
161790098783489,7667566583,4.371687,8.295318,2.4017956,3
161790101283489,7670066583,4.3648076,8.3015995,2.3709881,3
161790103783489,7672566583,4.3561335,8.320742,2.3575284,3
161790106283489,7675066583,4.362415,8.328518,2.344368,3
161790108783489,7677566583,4.3672004,8.333304,2.3171496,3
161790111283489,7680066583,4.3788652,8.343174,2.2941186,3
161790113783489,7682566583,4.38395,8.35454,2.2791636,3
161790116283489,7685066583,4.388138,8.345866,2.265704,3
161790118783489,7687566583,4.384548,8.372188,2.2462623,3
161790121283489,7690066583,4.3872404,8.390134,2.2558336,3
161790123783489,7692566583,4.383053,8.409575,2.2558336,3
161790126283489,7695066583,4.3704906,8.426624,2.2444677,3
161790128783489,7697566583,4.3609195,8.446066,2.248655,3
161790131283489,7700066583,4.3519464,8.452047,2.2489543,3
161790133783489,7702566583,4.3319063,8.486444,2.224727,3
161790136283489,7705066583,4.3241296,8.493623,2.2214367,3
161790138783489,7707566583,4.3265224,8.488837,2.2235305,3
161790141283489,7710066583,4.3259244,8.484052,2.2148564,3
161790143783489,7712566583,4.3145585,8.485547,2.196013,3
161790146283489,7715066583,4.321438,8.493324,2.1972094,3
161790148783489,7717566583,4.3172503,8.517851,2.1780667,3
161790151283489,7720066583,4.3208394,8.502596,2.1631117,3
161790153783489,7722566583,4.328317,8.505886,2.1744776,3
161790156283489,7725066583,4.333701,8.507083,2.1634107,3
161790158783489,7727566583,4.3372903,8.510373,2.14367,3
161790161283489,7730066583,4.334299,8.516953,2.1251256,3
161790163783489,7732566583,4.347759,8.516953,2.1062822,3
161790166283489,7735066583,4.339982,8.507083,2.1011975,3
161790168783489,7737566583,4.3405805,8.510971,2.0889342,3
161790171283489,7740066583,4.333701,8.503195,2.088635,3
161790173783489,7742566583,4.339384,8.493623,2.0880368,3
161790176283489,7745066583,4.342973,8.485547,2.09701,3
161790178783489,7747566583,4.336393,8.479566,2.1014965,3
161790181283489,7750066583,4.3331027,8.463713,2.137389,3
161790183783489,7752566583,4.3618164,8.460722,2.1601207,3
161790186283489,7755066583,4.363013,8.474481,2.1891336,3
161790188783489,7757566583,4.3782673,8.4813595,2.2223341,3
161790191283489,7760066583,4.386343,8.495418,2.2420747,3
161790193783489,7762566583,4.386343,8.502596,2.2579272,3
161790196283489,7765066583,4.4072804,8.512766,2.2648067,3
161790198783489,7767566583,4.3929234,8.515757,2.271985,3
161790201283489,7770066583,4.3869414,8.5271225,2.2695923,3
161790203783489,7772566583,4.3731823,8.529515,2.2594228,3
161790206283489,7775066583,4.3672004,8.535198,2.25703,3
161790208783489,7777566583,4.3438706,8.552247,2.2492533,3
161790211283489,7780066583,4.3316073,8.567501,2.2639093,3
161790213783489,7782566583,4.3202415,8.568698,2.245066,3
161790216283489,7785066583,4.308576,8.577073,2.2468605,3
161790218783489,7787566583,4.298706,8.586345,2.2519453,3
161790221283489,7790066583,4.2864428,8.59442,2.2465613,3
161790223783489,7792566583,4.274778,8.5983095,2.2492533,3
161790226283489,7795066583,4.2652063,8.590532,2.2456641,3
161790228783489,7797566583,4.249354,8.596813,2.2301106,3
161790231283489,7800066583,4.2352962,8.608479,2.2082763,3
161790233783489,7802566583,4.2272205,8.620742,2.2002003,3
161790236283489,7805066583,4.2188454,8.608479,2.1924238,3
161790238783489,7807566583,4.214957,8.609974,2.1837497,3
161790241283489,7810066583,4.2038903,8.62463,2.195714,3
161790243783489,7812566583,4.1904306,8.632407,2.2112672,3
161790246283489,7815066583,4.162315,8.62792,2.1795623,3
161790248783489,7817566583,4.1641097,8.618649,2.1684954,3
161790251283489,7820066583,4.153043,8.632407,2.1708884,3
161790253783489,7822566583,4.1557345,8.630911,2.1843479,3
161790256283489,7825066583,4.1494536,8.633603,2.2031915,3
161790258783489,7827566583,4.1727834,8.611171,2.2199411,3
161790261283489,7830066583,4.2035913,8.586644,2.219343,3
161790263783489,7832566583,4.235595,8.578269,2.2298117,3
161790266283489,7835066583,4.256233,8.567501,2.233999,3
161790268783489,7837566583,4.281059,8.552247,2.2295125,3
161790271283489,7840066583,4.2984066,8.538488,2.2316062,3
161790273783489,7842566583,4.316652,8.538189,2.2528424,3
161790276283489,7845066583,4.328616,8.539086,2.2456641,3
161790278783519,7847566613,4.3384867,8.540283,2.248057,3
161790281283519,7850066613,4.3438706,8.546564,2.2477577,3
161790283783519,7852566613,4.359723,8.542676,2.236691,3
161790286283519,7855066613,4.3609195,8.546564,2.236691,3
161790288783519,7857566613,4.3707895,8.554042,2.233999,3
161790291283519,7860066613,4.3615174,8.549556,2.2609184,3
161790293783519,7862566613,4.35075,8.543573,2.2695923,3
161790296283519,7865066613,4.3528433,8.535198,2.277668,3
161790298783519,7867566613,4.349254,8.513962,2.2929223,3
161790301283519,7870066613,4.3528433,8.499605,2.3072793,3
161790303783519,7872566613,4.3504505,8.486444,2.321038,3
161790306283519,7875066613,4.356732,8.475976,2.315355,3
161790308783519,7877566613,4.3483567,8.479266,2.309971,3
161790311283519,7880066613,4.339683,8.457132,2.3111675,3
161790313783519,7882566613,4.3334017,8.455039,2.309074,3
161790316283519,7885066613,4.3384867,8.448758,2.2722843,3
161790318783519,7887566613,4.342674,8.443673,2.2441685,3
161790321283519,7890066613,4.351049,8.450552,2.225026,3
161790323783519,7892566613,4.3594236,8.450552,2.1936202,3
161790326283519,7895066613,4.35075,8.446364,2.167,3
161790328783519,7897566613,4.3537407,8.455338,2.129014,3
161790331283519,7900066613,4.342973,8.457132,2.1005993,3
161790333783519,7902566613,4.336094,8.460124,2.0931215,3
161790336283519,7905066613,4.3322053,8.460124,2.103291,3
161790338783519,7907566613,4.328915,8.460124,2.0952153,3
161790341283519,7910066613,4.3265224,8.469396,2.0874386,3
161790343783519,7912566613,4.322634,8.45474,2.082653,3
161790346283519,7915066613,4.3115673,8.466105,2.0838494,3
161790348783519,7917566613,4.306782,8.463713,2.0811574,3
161790351283519,7920066613,4.308277,8.476275,2.0868404,3
161790353783519,7922566613,4.308576,8.480463,2.105684,3
161790356283519,7925066613,4.331009,8.466405,2.1065812,3
161790358783519,7927566613,4.3274198,8.483454,2.1311076,3
161790361283519,7930066613,4.347759,8.4705925,2.1484556,3
161790363783519,7932566613,4.3612185,8.462517,2.1732812,3
161790366283519,7935066613,4.376772,8.447861,2.1852453,3
161790368783519,7937566613,4.3878384,8.441878,2.1900308,3
161790371283519,7940066613,4.4147577,8.437391,2.2028923,3
161790373783519,7942566613,4.435994,8.433803,2.1906292,3
161790376283519,7945066613,4.450949,8.419147,2.184049,3
161790378783519,7947566613,4.4742794,8.402397,2.1954148,3
161790381283519,7950066613,4.5020957,8.39821,2.2019951,3
161790383783519,7952566613,4.5128636,8.376076,2.1882362,3
161790386283519,7955066613,4.523332,8.376375,2.1765714,3
161790388783519,7957566613,4.5361934,8.370093,2.175674,3
161790391283519,7960066613,4.5424747,8.366205,2.1762722,3
161790393783519,7962566613,4.552943,8.35454,2.184049,3
161790396283519,7965066613,4.555336,8.348259,2.1912274,3
161790398783519,7967566613,4.5478587,8.34796,2.198705,3
161790401283519,7970066613,4.543372,8.348558,2.2124636,3
161790403783519,7972566613,4.5418763,8.347362,2.2268205,3
161790406283519,7975066613,4.5185466,8.345268,2.2354946,3
161790408783519,7977566613,4.5011983,8.343174,2.2498515,3
161790411283519,7980066613,4.499105,8.358727,2.265704,3
161790413783519,7982566613,4.4931226,8.350054,2.2722843,3
161790416283519,7985066613,4.4760737,8.338987,2.2875385,3
161790418783519,7987566613,4.4635115,8.339884,2.295315,3
161790421283519,7990066613,4.4608197,8.32792,2.2932215,3
161790423783519,7992566613,4.441677,8.326724,2.297708,3
161790426283519,7995066613,4.445565,8.3327055,2.2905295,3
161790428783519,7997566613,4.4395833,8.317152,2.2698913,3
161790431283519,8000066613,4.433003,8.305786,2.2390838,3
161790433783519,8002566613,4.430909,8.300702,2.219044,3
161790436283519,8005066613,4.415655,8.307581,2.1885355,3
161790438783519,8007566613,4.421936,8.293224,2.1481566,3
161790441283519,8010066613,4.4174495,8.297412,2.1164517,3
161790443783519,8012566613,4.398008,8.295318,2.0865414,3
161790446283519,8015066613,4.3962135,8.287242,2.0859432,3
161790448783519,8017566613,4.4004006,8.281559,2.0676978,3
161790451283519,8020066613,4.3857446,8.259425,2.0467606,3
161790453783519,8022566613,4.390231,8.26481,2.0377877,3
161790456283519,8025066613,4.3992043,8.254341,2.0192432,3
161790458783519,8027566613,4.4174495,8.250452,2.0467606,3
161790461283519,8030066613,4.434798,8.243873,2.0509481,3
161790463783519,8032566613,4.4521456,8.237591,2.07697,3
161790466283519,8035066613,4.459025,8.232805,2.1119652,3
161790468783519,8037566613,4.464409,8.222935,2.1364915,3
161790471283519,8040066613,4.4721856,8.209176,2.1747768,3
161790473783519,8042566613,4.479364,8.210373,2.1897318,3
161790476283519,8045066613,4.4955153,8.204091,2.2127628,3
161790478783519,8047566613,4.502993,8.199904,2.2528424,3
161790481283519,8050066613,4.516752,8.190332,2.2818556,3
161790483783519,8052566613,4.5245285,8.187342,2.2836502,3
161790486283519,8055066613,4.5185466,8.191829,2.3174486,3
161790488783519,8057566613,4.5305104,8.185248,2.3291137,3
161790491283519,8060066613,4.543671,8.18794,2.3365912,3
161790493783519,8062566613,4.5487556,8.191529,2.3557339,3
161790496283519,8065066613,4.5658045,8.199605,2.3844478,3
161790498783519,8067566613,4.575376,8.210671,2.411068,3
161790501283519,8070066613,4.5894337,8.227422,2.417349,3
161790503783519,8072566613,4.599005,8.239685,2.4152553,3
161790506283519,8075066613,4.583153,8.24118,2.4323041,3
161790508783519,8077566613,4.5879383,8.268398,2.4332016,3
161790511283519,8080066613,4.5876393,8.275578,2.4245276,3
161790513783519,8082566613,4.5933223,8.272586,2.429014,3
161790516283519,8085066613,4.5885367,8.272287,2.4352953,3
161790518783519,8087566613,4.597809,8.26481,2.4451656,3
161790521283519,8090066613,4.5882373,8.2660055,2.4592235,3
161790523783519,8092566613,4.6058846,8.257332,2.4792633,3
161790526283519,8095066613,4.6022954,8.2660055,2.4876382,3
161790528783519,8097566613,4.6055856,8.280662,2.504687,3
161790531283519,8100066613,4.6064825,8.29113,2.5148566,3
161790533783519,8102566613,4.6002016,8.302795,2.5064816,3
161790536283519,8105066613,4.599304,8.325527,2.5058835,3
161790538783519,8107566613,4.5915275,8.3345,2.4846473,3
161790541283519,8110066613,4.572086,8.350951,2.4607189,3
161790543783519,8112566613,4.566104,8.371589,2.4774687,3
161790546283519,8115066613,4.5466623,8.375776,2.4523442,3
161790548783519,8117566613,4.532903,8.394919,2.4454648,3
161790551283519,8120066613,4.4955153,8.406883,2.440081,3
161790553783519,8122566613,4.4718866,8.410771,2.4125633,3
161790556283519,8125066613,4.4557347,8.426624,2.4035904,3
161790558783519,8127566613,4.428816,8.437093,2.379363,3
161790561283519,8130066613,4.410271,8.436195,2.356033,3
161790563783519,8132566613,4.3992043,8.437093,2.3138595,3
161790566283519,8135066613,4.398008,8.436793,2.2998016,3
161790568783519,8137566613,4.384249,8.433803,2.2698913,3
161790571283519,8140066613,4.3669014,8.448758,2.2447667,3
161790573783519,8142566613,4.363611,8.439486,2.222035,3
161790576283519,8145066613,4.360022,8.453544,2.2097716,3
161790578783519,8147566613,4.360022,8.458628,2.1942184,3
161790581283519,8150066613,4.360022,8.455936,2.201397,3
161790583783519,8152566613,4.364209,8.464012,2.1789641,3
161790586283519,8155066613,4.3782673,8.455039,2.187638,3
161790588783519,8157566613,4.3645086,8.454142,2.1831515,3
161790591283519,8160066613,4.3686957,8.464012,2.1768703,3
161790593783519,8162566613,4.3612185,8.458927,2.1625135,3
161790596283519,8165066613,4.358526,8.4682,2.1687946,3
161790598783519,8167566613,4.341777,8.470293,2.1714866,3
161790601283519,8170066613,4.3408794,8.476873,2.1828525,3
161790603783519,8172566613,4.339384,8.468498,2.1867409,3
161790606283519,8175066613,4.342973,8.47149,2.181357,3
161790608783519,8177566613,4.338187,8.451449,2.1852453,3
161790611283519,8180066613,4.336692,8.443374,2.184946,3
161790613783519,8182566613,4.317549,8.43799,2.181357,3
161790616283519,8185066613,4.3187456,8.444869,2.169991,3
161790618783519,8187566613,4.3064823,8.449356,2.1732812,3
161790621283519,8190066613,4.290032,8.431708,2.169991,3
161790623783519,8192566613,4.28734,8.455039,2.1759732,3
161790626283519,8195066613,4.2759743,8.46132,2.1855445,3
161790628783519,8197566613,4.2571306,8.458628,2.2094727,3
161790631283519,8200066613,4.2406797,8.47149,2.2223341,3
161790633783519,8202566613,4.212265,8.469695,2.2564318,3
161790636283519,8205066613,4.229015,8.472088,2.2585254,3
161790638783519,8207566613,4.2191443,8.45474,2.2621148,3
161790641283519,8210066613,4.2302113,8.450851,2.2615166,3
161790643783519,8212566613,4.2329035,8.429914,2.269293,3
161790646283519,8215066613,4.236193,8.422437,2.2857437,3
161790648783519,8217566613,4.240082,8.422137,2.2974088,3
161790651283519,8220066613,4.2574296,8.4012,2.3021946,3
161790653783519,8222566613,4.2628136,8.411369,2.2983062,3
161790656283519,8225066613,4.267599,8.398808,2.3027928,3
161790658783519,8227566613,4.2702913,8.396714,2.2857437,3
161790661283519,8230066613,4.2667017,8.391629,2.3003998,3
161790663783519,8232566613,4.2625146,8.402696,2.3057837,3
161790666283519,8235066613,4.2502513,8.379366,2.312065,3
161790668783519,8237566613,4.2541394,8.392527,2.312065,3
161790671283519,8240066613,4.2499523,8.380562,2.3279173,3
161790673783519,8242566613,4.255336,8.396415,2.333301,3
161790676283519,8245066613,4.2634115,8.386844,2.3431716,3
161790678783519,8247566613,4.275077,8.384151,2.3392832,3
161790681283519,8250066613,4.28734,8.381459,2.3512473,3
161790683783519,8252566613,4.2963133,8.385348,2.3431716,3
161790686283519,8255066613,4.3151565,8.373085,2.332404,3
161790688783519,8257566613,4.3301115,8.371888,2.2995026,3
161790691283519,8260066613,4.354638,8.381459,2.2755744,3
161790693783519,8262566613,4.3815575,8.387442,2.2564318,3
161790696283519,8265066613,4.3962135,8.40808,2.2157538,3
161790698783519,8267566613,4.4075794,8.395817,2.193022,3
161790701283519,8270066613,4.421637,8.4015,2.1505494,3
161790703783519,8272566613,4.452744,8.395218,2.1188445,3
161790706283519,8275066613,4.470391,8.3994055,2.0889342,3
161790708783519,8277566613,4.488038,8.39791,2.0602202,3
161790711283519,8280066613,4.511966,8.406883,2.0353947,3
161790713783519,8282566613,4.53081,8.414361,2.0168505,3
161790716283519,8285066613,4.5687957,8.404191,2.0201404,3
161790718783519,8287566613,4.5801616,8.429914,2.015953,3
161790721283519,8290066613,4.584349,8.43111,2.0222342,3
161790723783519,8292566613,4.5972104,8.436495,2.02702,3
161790726283519,8295066613,4.6031923,8.440981,2.0276182,3
161790728783519,8297566613,4.6079783,8.442476,2.0371895,3
161790731283519,8300066613,4.615755,8.445766,2.0276182,3
161790733783519,8302566613,4.6064825,8.430812,2.015654,3
161790736283519,8305066613,4.604987,8.42124,2.0024934,3
161790738783519,8307566613,4.613362,8.413763,2.0006988,3
161790741283519,8310066613,4.628018,8.4146595,1.9926231,3
161790743783519,8312566613,4.6351967,8.400901,1.9773688,3
161790746283519,8315066613,4.6354957,8.393723,1.9701903,3
161790748783519,8317566613,4.6471605,8.410173,1.9534405,3
161790751283519,8320066613,4.6432724,8.411669,1.9540387,3
161790753783519,8322566613,4.6411786,8.408977,1.9450657,3
161790756283519,8325066613,4.6495533,8.409874,1.9606191,3
161790758783519,8327566613,4.6519465,8.425129,1.9893329,3
161790761283519,8330066613,4.648058,8.409874,2.018944,3
161790763783519,8332566613,4.640281,8.435597,2.0413768,3
161790766283519,8335066613,4.639085,8.427222,2.0572293,3
161790768783519,8337566613,4.63071,8.432905,2.0862422,3
161790771283519,8340066613,4.6244287,8.434102,2.120639,3
161790773783519,8342566613,4.6175494,8.438588,2.1574287,3
161790776283519,8345066613,4.6082773,8.452347,2.178665,3
161790778783519,8347566613,4.5915275,8.461918,2.2067807,3
161790781283519,8350066613,4.587041,8.463713,2.225325,3
161790783783519,8352566613,4.578666,8.444271,2.2588246,3
161790786283519,8355066613,4.5684967,8.449057,2.286043,3
161790788783519,8357566613,4.566104,8.451749,2.3147569,3
161790791283519,8360066613,4.562515,8.448159,2.312065,3
161790793783519,8362566613,4.534997,8.439785,2.3252254,3
161790796283519,8365066613,4.5275197,8.440981,2.3383858,3
161790798783519,8367566613,4.5077786,8.427522,2.3709881,3
161790801283519,8370066613,4.486542,8.417053,2.3697917,3
161790803783519,8372566613,4.479663,8.417053,2.3931217,3
161790806283519,8375066613,4.468297,8.415557,2.4065814,3
161790808783519,8377566613,4.430012,8.4038925,2.4125633,3
161790811283519,8380066613,4.415655,8.389535,2.4323041,3
161790813783519,8382566613,4.3905306,8.407481,2.4218357,3
161790816283519,8385066613,4.375276,8.405986,2.4116662,3
161790818783519,8387566613,4.356433,8.4012,2.4149563,3
161790821283519,8390066613,4.3405805,8.402696,2.4209383,3
161790823783519,8392566613,4.3151565,8.407481,2.4263222,3
161790826283519,8395066613,4.3112683,8.42782,2.4239295,3
161790828783519,8397566613,4.305286,8.405686,2.4128625,3
161790831283519,8400066613,4.2777686,8.435597,2.4059832,3
161790833783519,8402566613,4.2673,8.433503,2.3718855,3
161790836283519,8405066613,4.247559,8.437691,2.3398814,3
161790838783519,8407566613,4.2385864,8.430512,2.3174486,3
161790841283519,8410066613,4.2260237,8.435597,2.3105693,3
161790843783519,8412566613,4.2038903,8.436495,2.300998,3
161790846283519,8415066613,4.2014976,8.436495,2.2971098,3
161790848783519,8417566613,4.1850467,8.435597,2.2842484,3
161790851283519,8420066613,4.1524444,8.42782,2.283052,3
161790853783519,8422566613,4.1422753,8.430213,2.292025,3
161790856283519,8425066613,4.133601,8.420342,2.2881367,3
161790858783519,8427566613,4.136293,8.417053,2.2917259,3
161790861283519,8430066613,4.1141596,8.421839,2.3024936,3
161790863783519,8432566613,4.118646,8.39462,2.3024936,3
161790866283519,8435066613,4.1386857,8.382955,2.321038,3
161790868783519,8437566613,4.162016,8.366205,2.3428724,3
161790871283519,8440066613,4.1847477,8.362018,2.359024,3
161790873783519,8442566613,4.2128634,8.3530445,2.3670998,3
161790876283519,8445066613,4.2385864,8.365308,2.367399,3
161790878783519,8447566613,4.249653,8.366803,2.370689,3
161790881283519,8450066613,4.281657,8.365906,2.3922246,3
161790883783519,8452566613,4.2912283,8.362915,2.4071796,3
161790886283519,8455066613,4.3088756,8.365607,2.4164517,3
161790888783519,8457566613,4.321737,8.374879,2.4221346,3
161790891283519,8460066613,4.342375,8.349156,2.440081,3
161790893783519,8462566613,4.35733,8.345268,2.472085,3
161790896283519,8465066613,4.369294,8.323434,2.4819553,3
161790898783519,8467566613,4.3761735,8.319246,2.4792633,3
161790901283519,8470066613,4.3995037,8.309974,2.472384,3
161790903783519,8472566613,4.406383,8.308778,2.469692,3
161790906283519,8475066613,4.421039,8.301001,2.464009,3
161790908783519,8477566613,4.4138603,8.303992,2.4759731,3
161790911283519,8480066613,4.421338,8.308478,2.4717858,3
161790913783519,8482566613,4.443771,8.300103,2.4595225,3
161790916283519,8485066613,4.438686,8.323434,2.4496522,3
161790918783519,8487566613,4.429414,8.327322,2.4451656,3
161790921283519,8490066613,4.4407797,8.330313,2.4478576,3
161790923783519,8492566613,4.438387,8.319545,2.4580271,3
161790926283519,8495066613,4.408477,8.335398,2.43709,3
161790928783519,8497566613,4.4054856,8.343473,2.4391835,3
161790931283519,8500066613,4.403392,8.349156,2.4535406,3
161790933783519,8502566613,4.3962135,8.362018,2.446362,3
161790936283519,8505066613,4.3878384,8.366803,2.461018,3
161790938783519,8507566613,4.3785663,8.358429,2.4544377,3
161790941283519,8510066613,4.3615174,8.370393,2.46371,3
161790943783519,8512566613,4.3609195,8.35783,2.4828527,3
161790946283519,8515066613,4.3728833,8.368,2.495415,3
161790948783519,8517566613,4.3645086,8.377571,2.4951158,3
161790951283519,8520066613,4.3537407,8.380263,2.4999015,3
161790953783519,8522566613,4.3465624,8.396415,2.4858437,3
161790956283519,8525066613,4.3378882,8.410173,2.4538395,3
161790958783519,8527566613,4.3268213,8.395817,2.42034,3
161790961283519,8530066613,4.3112683,8.40808,2.416751,3
161790963783519,8532566613,4.304389,8.397013,2.3952155,3
161790966283519,8535066613,4.302594,8.4015,2.3892334,3
161790968783519,8537566613,4.306782,8.398508,2.3826532,3
161790971283519,8540066613,4.3205404,8.400901,2.3832514,3
161790973783519,8542566613,4.3241296,8.407183,2.379662,3
161790976283519,8545066613,4.3438706,8.390432,2.3961127,3
161790978783519,8547566613,4.354638,8.423633,2.4003003,3
161790981283519,8550066613,4.3591247,8.421839,2.4017956,3
161790983783519,8552566613,4.3734818,8.431708,2.4116662,3
161790986283519,8555066613,4.376772,8.442776,2.405385,3
161790988783519,8557566613,4.3648076,8.447262,2.3967109,3
161790991283519,8560066613,4.3576293,8.445766,2.39372,3
161790993783519,8562566613,4.3674994,8.464311,2.3575284,3
161790996283519,8565066613,4.371687,8.463713,2.335993,3
161790998783519,8567566613,4.380959,8.473284,2.3168504,3
161791001283519,8570066613,4.3791647,8.481659,2.2932215,3
161791003783519,8572566613,4.3905306,8.490034,2.265405,3
161791006283519,8575066613,4.404588,8.508578,2.242374,3
161791008783519,8577566613,4.4135613,8.508279,2.2217357,3
161791011283519,8580066613,4.4339004,8.513962,2.1831515,3
161791013783519,8582566613,4.4518466,8.518449,2.149652,3
161791016283519,8585066613,4.47069,8.516355,2.1062822,3
161791018783519,8587566613,4.4964128,8.509476,2.0617158,3
161791021283519,8590066613,4.529015,8.517851,2.0180469,3
161791023783519,8592566613,4.5394835,8.494222,1.9848464,3
161791026283519,8595066613,4.5613184,8.505288,1.9549361,3
161791028783519,8597566613,4.5804605,8.490333,1.9061823,3
161791031283519,8600066613,4.5894337,8.489435,1.9034904,3
161791033783519,8602566613,4.599304,8.472686,1.9010975,3
161791036283519,8605066613,4.607679,8.470293,1.899602,3
161791038783519,8607566613,4.613063,8.446066,1.9286151,3
161791041283519,8610066613,4.6205406,8.445468,1.9253249,3
161791043783519,8612566613,4.6151567,8.440981,1.9468603,3
161791046283519,8615066613,4.6208396,8.437391,1.9860427,3
161791048783519,8617566613,4.624728,8.422736,1.9992033,3
161791051283519,8620066613,4.639384,8.4146595,2.0147567,3
161791053783519,8622566613,4.638786,8.406883,2.035694,3
161791056283519,8625066613,4.6468616,8.383852,2.0371895,3
161791058783519,8627566613,4.642674,8.391928,2.0605195,3
161791061283519,8630066613,4.6411786,8.386245,2.056631,3
161791063783519,8632566613,4.6316075,8.388937,2.05035,3
161791066283519,8635066613,4.624728,8.386544,2.0431714,3
161791068783519,8637566613,4.6118665,8.397312,2.0359929,3
161791071283519,8640066613,4.595715,8.396115,2.03031,3
161791073783519,8642566613,4.569693,8.396115,2.0572293,3
161791076283519,8645066613,4.551149,8.405686,1.9995024,3
161791078783519,8647566613,4.5227337,8.422437,2.0001006,3
161791081283519,8650066613,4.4985065,8.435298,1.995614,3
161791083783519,8652566613,4.46411,8.4451685,1.9821545,3
161791086283519,8655066613,4.4371905,8.436195,1.9642082,3
161791088783519,8657566613,4.4081774,8.438588,1.9345971,3
161791091283519,8660066613,4.377669,8.448159,1.9462621,3
161791093783519,8662566613,4.3615174,8.443374,1.9468603,3
161791096283519,8665066613,4.345964,8.437691,1.9582262,3
161791098783519,8667566613,4.340281,8.444271,1.9630119,3
161791101283519,8670066613,4.3348975,8.439785,1.9761724,3
161791103783519,8672566613,4.327121,8.4451685,1.9995024,3
161791106283519,8675066613,4.310072,8.443074,2.0048864,3
161791108783519,8677566613,4.316353,8.43799,2.0291135,3
161791111283519,8680066613,4.331308,8.431708,2.053042,3
161791113783519,8682566613,4.3351965,8.421839,2.074278,3
161791116283519,8685066613,4.3612185,8.409874,2.0751755,3
161791118783519,8687566613,4.3800616,8.397312,2.082952,3
161791121283519,8690066613,4.4144588,8.386245,2.0778673,3
161791123783519,8692566613,4.4548373,8.37129,2.1044874,3
161791126283519,8695066613,4.4811587,8.369795,2.1155543,3
161791128783519,8697566613,4.499404,8.3632145,2.1460629,3
161791131283519,8700066613,4.536493,8.343773,2.152344,3
161791133783519,8702566613,4.5616174,8.3345,2.1622143,3
161791136283519,8705066613,4.583153,8.333304,2.1924238,3
161791138783519,8707566613,4.601996,8.345567,2.2127628,3
161791141283519,8710066613,4.612465,8.345567,2.2348964,3
161791143783519,8712566613,4.6292143,8.336295,2.251646,3
161791146283519,8715066613,4.632804,8.329715,2.2561326,3
161791148783519,8717566613,4.615755,8.330911,2.2507489,3
161791151283519,8720066613,4.599005,8.347362,2.2357936,3
161791153783519,8722566613,4.582854,8.340781,2.2286153,3
161791156283519,8725066613,4.5649076,8.326425,2.1993032,3
161791158783519,8727566613,4.5502515,8.314161,2.187638,3
161791161283519,8730066613,4.5266223,8.310871,2.1574287,3
161791163783519,8732566613,4.5098724,8.312666,2.1323042,3
161791166283519,8735066613,4.504788,8.320144,2.120938,3
161791168783519,8737566613,4.4841495,8.319246,2.105684,3
161791171283519,8740066613,4.459025,8.328518,2.0901306,3
161791173783519,8742566613,4.4350967,8.330014,2.091327,3
161791176283519,8745066613,4.4258246,8.33121,2.0730817,3
161791178783519,8747566613,4.4147577,8.322536,2.0548365,3
161791181283519,8750066613,4.403691,8.32134,2.050649,3
161791183783519,8752566613,4.3908296,8.335398,2.0494525,3
161791186283519,8755066613,4.377071,8.33121,2.0656042,3
161791188783519,8757566613,4.358526,8.340483,2.0712872,3
161791191283519,8760066613,4.3501515,8.329715,2.0703897,3
161791193783519,8762566613,4.3444686,8.339286,2.068296,3
161791196283519,8765066613,4.3328037,8.3348,2.074278,3
161791198783519,8767566613,4.317549,8.327322,2.1047866,3
161791201283519,8770066613,4.310072,8.3174515,2.1095722,3
161791203783519,8772566613,4.3169513,8.308478,2.1433709,3
161791206283519,8775066613,4.3151565,8.295318,2.1619153,3
161791208783519,8777566613,4.321438,8.295019,2.1822543,3
161791211283519,8780066613,4.325326,8.284551,2.1777678,3
161791213783519,8782566613,4.3331027,8.283653,2.187339,3
161791216283519,8785066613,4.3483567,8.284551,2.1909282,3
161791218783519,8787566613,4.3740797,8.2761755,2.1879373,3
161791221283519,8790066613,4.38395,8.282157,2.2304099,3
161791223783519,8792566613,4.4004006,8.276773,2.2319052,3
161791226283519,8795066613,4.4150567,8.279466,2.2381866,3
161791228783519,8797566613,4.4255257,8.276474,2.257329,3
161791231283519,8800066613,4.4425745,8.277073,2.286043,3
161791233783519,8802566613,4.4398823,8.280363,2.2818556,3
161791236283519,8805066613,4.4488554,8.274081,2.298007,3
161791238783519,8807566613,4.453342,8.283054,2.3057837,3
161791241283519,8810066613,4.455137,8.288439,2.3195424,3
161791243783519,8812566613,4.4605207,8.303693,2.3380868,3
161791246283519,8815066613,4.464409,8.314161,2.35364,3
161791248783519,8817566613,4.4554358,8.328518,2.353341,3
161791251283519,8820066613,4.4461637,8.345268,2.3575284,3
161791253783519,8822566613,4.435994,8.350652,2.3566313,3
161791256283519,8825066613,4.4174495,8.359027,2.3512473,3
161791258783519,8827566613,4.41416,8.360522,2.3389843,3
161791261283519,8830066613,4.3929234,8.35454,2.3132613,3
161791263783519,8832566613,4.3779683,8.355437,2.309373,3
161791266283519,8835066613,4.374678,8.352746,2.2947168,3
161791268783519,8837566613,4.371986,8.376973,2.2824538,3
161791271283519,8840066613,4.365406,8.389236,2.2645075,3
161791273783519,8842566613,4.343272,8.405686,2.2405794,3
161791276283519,8845066613,4.3262234,8.423633,2.213361,3
161791278783519,8847566613,4.3169513,8.442776,2.201397,3
161791281283519,8850066613,4.2927237,8.45803,2.1822543,3
161791283783519,8852566613,4.267001,8.462517,2.1804597,3
161791286283519,8855066613,4.2634115,8.467601,2.1538396,3
161791288783519,8857566613,4.2364926,8.475976,2.1511476,3
161791291283519,8860066613,4.2095733,8.493324,2.143072,3
161791293783519,8862566613,4.1835513,8.496016,2.1511476,3
161791296283519,8865066613,4.1668015,8.508578,2.1577277,3
161791298783519,8867566613,4.1353955,8.519346,2.1741784,3
161791301283519,8870066613,4.128217,8.5014,2.1798615,3
161791303783519,8872566613,4.132704,8.506484,2.1996021,3
161791306283519,8875066613,4.1380877,8.507083,2.1972094,3
161791308783519,8877566613,4.1521454,8.501101,2.2157538,3
161791311283519,8880066613,4.1760736,8.484949,2.2214367,3
161791313783519,8882566613,4.2071805,8.480164,2.2372892,3
161791316283519,8885066613,4.2424746,8.467601,2.2334008,3
161791318783519,8887566613,4.2948174,8.458927,2.2304099,3
161791321283519,8890066613,4.325625,8.462217,2.2328026,3
161791323783519,8892566613,4.3591247,8.452047,2.2298117,3
161791326283519,8895066613,4.3932223,8.451151,2.2154546,3
161791328783519,8897566613,4.4207397,8.447561,2.2091734,3
161791331283519,8900066613,4.444369,8.439186,2.2286153,3
161791333783519,8902566613,4.458726,8.452646,2.2399812,3
161791336283519,8905066613,4.464708,8.443074,2.2292135,3
161791338783519,8907566613,4.4727836,8.439186,2.2265215,3
161791341283519,8910066613,4.491627,8.453244,2.2603202,3
161791343783519,8912566613,4.4925246,8.465807,2.2764716,3
161791346283519,8915066613,4.499703,8.477771,2.2845473,3
161791348783519,8917566613,4.4871407,8.484052,2.2764716,3
161791351283519,8920066613,4.4895334,8.498408,2.2911277,3
161791353783519,8922566613,4.4688954,8.530712,2.2764716,3
161791356283519,8925066613,4.4431725,8.546564,2.269293,3
161791358783519,8927566613,4.4192443,8.558827,2.2639093,3
161791361283519,8930066613,4.389633,8.575278,2.2402802,3
161791363783519,8932566613,4.362116,8.573184,2.2244277,3
161791366283519,8935066613,4.3411784,8.5938225,2.207678,3
161791368783519,8937566613,4.308576,8.589934,2.216651,3
161791371283519,8940066613,4.2891345,8.599805,2.2085752,3
161791373783519,8942566613,4.2661037,8.619545,2.204388,3
161791376283519,8945066613,4.256532,8.617152,2.2085752,3
161791378783519,8947566613,4.255037,8.605188,2.187638,3
161791381283519,8950066613,4.2595234,8.606086,2.152344,3
161791383783519,8952566613,4.237689,8.607282,2.140978,3
161791386283519,8955066613,4.2463627,8.600403,2.1272194,3
161791388783519,8957566613,4.241278,8.592925,2.0952153,3
161791391283519,8960066613,4.258327,8.566903,2.077269,3
161791393783519,8962566613,4.2738805,8.549256,2.0691934,3
161791396283519,8965066613,4.296014,8.522337,2.0700908,3
161791398783519,8967566613,4.314259,8.52802,2.065305,3
161791401283519,8970066613,4.347759,8.509176,2.0602202,3
161791403783519,8972566613,4.362415,8.508279,2.062314,3
161791406283519,8975066613,4.392026,8.503493,2.0548365,3
161791408783519,8977566613,4.412664,8.508878,2.053939,3
161791411283519,8980066613,4.433003,8.522337,2.053939,3
161791413783519,8982566613,4.438985,8.517551,2.0324037,3
161791416283519,8985066613,4.434499,8.540283,2.047658,3
161791418783519,8987566613,4.4315076,8.536993,2.0452652,3
161791421283519,8990066613,4.4132624,8.554042,2.0563319,3
161791423783519,8992566613,4.3998027,8.5576315,2.0724835,3
161791426283519,8995066613,4.3869414,8.568698,2.0958135,3
161791428783519,8997566613,4.362116,8.570493,2.0949163,3
161791431283519,9000066613,4.3594236,8.5887375,2.1203399,3
161791433783519,9002566613,4.3495536,8.582756,2.1176481,3
161791436283519,9005066613,4.342973,8.580064,2.117947,3
161791438783519,9007566613,4.3447676,8.573783,2.126621,3
161791441283519,9010066613,4.3438706,8.557033,2.129313,3
161791443783519,9012566613,4.336991,8.550752,2.1311076,3
161791446283519,9015066613,4.3528433,8.546266,2.1421745,3
161791448783519,9017566613,4.34746,8.538788,2.1227329,3
161791451283519,9020066613,4.3375893,8.548359,2.120938,3
161791453783519,9022566613,4.3241296,8.540283,2.129313,3
161791456283519,9025066613,4.3112683,8.5349,2.141277,3
161791458783519,9027566613,4.28076,8.539086,2.1478574,3
161791461283519,9030066613,4.2631125,8.543573,2.1604197,3
161791463783519,9032566613,4.2499523,8.539086,2.184946,3
161791466283519,9035066613,4.2134614,8.538189,2.216651,3
161791468783519,9037566613,4.1964126,8.53789,2.2217357,3
161791471283519,9040066613,4.165904,8.536395,2.2115662,3
161791473783519,9042566613,4.145266,8.536096,2.225624,3
161791476283519,9045066613,4.1294136,8.542975,2.2292135,3
161791478783519,9047566613,4.1090746,8.541479,2.2307088,3
161791481283519,9050066613,4.095615,8.539386,2.2546372,3
161791483783519,9052566613,4.1036906,8.539386,2.254039,3
161791486283519,9055066613,4.107878,8.539685,2.2633111,3
161791488783519,9057566613,4.1150565,8.539086,2.2761726,3
161791491283519,9060066613,4.1225343,8.530712,2.2618155,3
161791493783519,9062566613,4.1494536,8.512167,2.2701905,3
161791496283519,9065066613,4.156632,8.48794,2.254338,3
161791498783519,9067566613,4.162614,8.471788,2.2821546,3
161791501283519,9070066613,4.1865425,8.455338,2.292025,3
161791503783519,9072566613,4.195216,8.434401,2.3102703,3
161791506283519,9075066613,4.19731,8.439785,2.3168504,3
161791508783519,9077566613,4.223332,8.451749,2.3389843,3
161791511283519,9080066613,4.237988,8.440981,2.3410778,3
161791513783519,9082566613,4.2571306,8.4400835,2.3539393,3
161791516283519,9085066613,4.260122,8.441878,2.350649,3
161791518783519,9087566613,4.276572,8.429914,2.3623142,3
161791521283519,9090066613,4.2984066,8.432307,2.3521447,3
161791523783519,9092566613,4.325027,8.42782,2.3584259,3
161791526283519,9095066613,4.324728,8.420044,2.382055,3
161791528783519,9097566613,4.339982,8.430812,2.3904297,3
161791531283519,9100066613,4.362116,8.420941,2.3790638,3
161791533783519,9102566613,4.3722854,8.416156,2.37368,3
161791536283519,9105066613,4.3908296,8.4146595,2.3572295,3
161791538783519,9107566613,4.4129634,8.426025,2.3374887,3
161791541283519,9110066613,4.429414,8.425427,2.3012972,3
161791543783519,9112566613,4.436592,8.426624,2.271686,3
161791546283519,9115066613,4.44407,8.428419,2.248655,3
161791548783519,9117566613,4.44407,8.425129,2.219044,3
161791551283519,9120066613,4.4368916,8.435298,2.1912274,3
161791553783519,9122566613,4.4428735,8.435597,2.1681964,3
161791556283519,9125066613,4.4395833,8.4400835,2.1394825,3
161791558783519,9127566613,4.4279184,8.430213,2.1197417,3
161791561283519,9130066613,4.418347,8.435896,2.1011975,3
161791563783519,9132566613,4.3983073,8.432905,2.1242282,3
161791566283519,9135066613,4.393821,8.436793,2.1167507,3
161791568783519,9137566613,4.382455,8.4349985,2.117947,3
161791571283519,9140066613,4.38395,8.43141,2.1275184,3
161791573783519,9142566613,4.3743787,8.425129,2.1311076,3
161791576283519,9145066613,4.369593,8.410173,2.1589243,3
161791578783519,9147566613,4.376772,8.405088,2.1511476,3
161791581283519,9150066613,4.3737807,8.405088,2.149353,3
161791583783519,9152566613,4.3704906,8.406285,2.155335,3
161791586283519,9155066613,4.3815575,8.395817,2.1538396,3
161791588783519,9157566613,4.400999,8.395517,2.1499512,3
161791591283519,9160066613,4.403392,8.387142,2.1472592,3
161791593783519,9162566613,4.4144588,8.390732,2.1215365,3
161791596283519,9165066613,4.4072804,8.385049,2.1296122,3
161791598783519,9167566613,4.409972,8.376674,2.1155543,3
161791601283519,9170066613,4.4135613,8.376076,2.1047866,3
161791603783519,9172566613,4.423432,8.3733835,2.1074786,3
161791606283519,9175066613,4.4353957,8.359924,2.115255,3
161791608783519,9177566613,4.443771,8.371589,2.120639,3
161791611283519,9180066613,4.4727836,8.362317,2.1442683,3
161791613783519,9182566613,4.476373,8.365906,2.1544378,3
161791616283519,9185066613,4.4871407,8.375776,2.1939192,3
161791618783519,9187566613,4.4979086,8.389535,2.2214367,3
161791621283519,9190066613,4.497011,8.39133,2.216352,3
161791623783519,9192566613,4.502993,8.423633,2.2205393,3
161791626283519,9195066613,4.5077786,8.431708,2.2289143,3
161791628783519,9197566613,4.4985065,8.437691,2.2301106,3
161791631283519,9200066613,4.4856453,8.454142,2.2142582,3
161791633783519,9202566613,4.482355,8.465208,2.2082763,3
161791636283519,9205066613,4.4745784,8.47149,2.2028923,3
161791638783519,9207566613,4.470092,8.464012,2.1978076,3
161791641283519,9210066613,4.4724846,8.469695,2.1951156,3
161791643783519,9212566613,4.4811587,8.480164,2.1634107,3
161791646283519,9215066613,4.475476,8.468498,2.1777678,3
161791648783519,9217566613,4.4727836,8.4679,2.160719,3
161791651283519,9220066613,4.464708,8.478369,2.1481566,3
161791653783519,9222566613,4.459324,8.472088,2.1131616,3
161791656283519,9225066613,4.4581275,8.480762,2.097608,3
161791658783519,9227566613,4.4691944,8.462517,2.0952153,3
161791661283519,9230066613,4.4548373,8.463115,2.0754745,3
161791663783519,9232566613,4.443771,8.46491,2.0715861,3
161791666283519,9235066613,4.4312086,8.457432,2.053042,3
161791668783519,9237566613,4.4132624,8.455637,2.0665014,3
161791671283519,9240066613,4.4042892,8.459825,2.0778673,3
161791673783519,9242566613,4.410271,8.443374,2.1062822,3
161791676283519,9245066613,4.388736,8.447561,2.149652,3
161791678783519,9247566613,4.403691,8.447861,2.1738794,3
161791681283519,9250066613,4.408776,8.463115,2.2124636,3
161791683783519,9252566613,4.4171505,8.466703,2.254039,3
161791686283519,9255066613,4.425226,8.459525,2.2875385,3
161791688783519,9257566613,4.4336014,8.477471,2.277668,3
161791691283519,9260066613,4.432704,8.452646,2.2962124,3
161791693783519,9262566613,4.4485564,8.446664,2.3042881,3
161791696283519,9265066613,4.4688954,8.442776,2.295016,3
161791698783519,9267566613,4.4811587,8.42782,2.2839491,3
161791701283519,9270066613,4.488636,8.404191,2.274677,3
161791703783519,9272566613,4.485346,8.382357,2.28036,3
161791706283519,9275066613,4.5011983,8.366803,2.2669003,3
161791708783519,9277566613,4.505087,8.343473,2.291427,3
161791711283519,9280066613,4.512564,8.335398,2.2911277,3
161791713783519,9282566613,4.51077,8.336295,2.2965117,3
161791716283519,9285066613,4.51077,8.329415,2.3159533,3
161791718783519,9287566613,4.505386,8.332108,2.3207388,3
161791721283519,9290066613,4.4925246,8.3377905,2.3371894,3
161791723783519,9292566613,4.487739,8.350054,2.3344977,3
161791726283519,9295066613,4.4632125,8.352147,2.3458636,3
161791728783519,9297566613,4.430012,8.365906,2.3572295,3
161791731283519,9300066613,4.404887,8.382656,2.3512473,3
161791733783519,9302566613,4.374678,8.385049,2.3464618,3
161791736283519,9305066613,4.3405805,8.385647,2.335993,3
161791738783519,9307566613,4.333701,8.373981,2.3051856,3
161791741283519,9310066613,4.3097725,8.379066,2.2818556,3
161791743783519,9312566613,4.295416,8.378169,2.2845473,3
161791746283519,9315066613,4.2975097,8.373683,2.2842484,3
161791748783519,9317566613,4.304688,8.367701,2.2764716,3
161791751283519,9320066613,4.3148575,8.360223,2.2636101,3
161791753783519,9322566613,4.3169513,8.355139,2.2707887,3
161791756283519,9325066613,4.325326,8.328219,2.2701905,3
161791758783519,9327566613,4.347759,8.323134,2.2558336,3
161791761283519,9330066613,4.3791647,8.3123665,2.2576282,3
161791763783519,9332566613,4.388138,8.293523,2.2561326,3
161791766283519,9335066613,4.4207397,8.277073,2.2522442,3
161791768783519,9337566613,4.450052,8.254939,2.2561326,3
161791771283519,9340066613,4.467699,8.259127,2.2405794,3
161791773783519,9342566613,4.5215373,8.244769,2.2381866,3
161791776283519,9345066613,4.537689,8.229815,2.2495525,3
161791778783519,9347566613,4.558925,8.223832,2.2372892,3
161791781283519,9350066613,4.5634117,8.221439,2.219044,3
161791783783519,9352566613,4.579264,8.219645,2.2061825,3
161791786283519,9355066613,4.5912285,8.216354,2.2088745,3
161791788783519,9357566613,4.59063,8.205886,2.2088745,3
161791791283519,9360066613,4.6028934,8.200502,2.2058833,3
161791793783519,9362566613,4.6091747,8.203195,2.2169502,3
161791796283519,9365066613,4.6148577,8.196614,2.2142582,3
161791798783519,9367566613,4.616054,8.188837,2.2405794,3
161791801283519,9370066613,4.622036,8.179266,2.2785654,3
161791803783519,9372566613,4.6375895,8.163414,2.271686,3
161791806283519,9375066613,4.644469,8.179565,2.2767708,3
161791808783519,9377566613,4.648058,8.172386,2.3072793,3
161791811283519,9380066613,4.664808,8.173583,2.3249264,3
161791813783519,9382566613,4.686343,8.165208,2.3940191,3
161791816283519,9385066613,4.693821,8.130213,2.4649065,3
161791818783519,9387566613,4.694718,8.153543,2.4729822,3
161791821283519,9390066613,4.668397,8.2253275,2.4337997,3
161791823783519,9392566613,4.636094,8.284551,2.3847468,3
161791826283519,9395066613,4.6582274,8.301001,2.3312075,3
161791828783519,9397566613,4.679763,8.299505,2.3168504,3
161791831283519,9400066613,4.6962137,8.304291,2.3012972,3
161791833783519,9402566613,4.6779685,8.305488,2.2591236,3
161791836283519,9405066613,4.6351967,8.3428755,2.2238295,3
161791838783519,9407566613,4.598407,8.360522,2.2295125,3
161791841283519,9410066613,4.5729833,8.365308,2.2399812,3
161791843783519,9412566613,4.5418763,8.362317,2.2728825,3
161791846283519,9415066613,4.508975,8.3632145,2.3207388,3
161791848783519,9417566613,4.478766,8.36142,2.3557339,3
161791851283519,9420066613,4.441677,8.3530445,2.3865414,3
161791853783519,9422566613,4.3965125,8.362018,2.388037,3
161791856283519,9425066613,4.367799,8.359625,2.3802602,3
161791858783519,9427566613,4.3408794,8.368897,2.3838496,3
161791861283519,9430066613,4.3205404,8.384749,2.3748765,3
161791863783519,9432566613,4.3094735,8.395817,2.3572295,3
161791866283519,9435066613,4.284947,8.402397,2.3467607,3
161791868783519,9437566613,4.2714877,8.419446,2.2932215,3
161791871283519,9440066613,4.26072,8.4502535,2.2677977,3
161791873783519,9442566613,4.253242,8.449655,2.245066,3
161791876283519,9445066613,4.2445683,8.455039,2.1918256,3
161791878783519,9447566613,4.2335014,8.460722,2.164308,3
161791881283519,9450066613,4.229015,8.466105,2.1230319,3
161791883783519,9452566613,4.2329035,8.458628,2.0979073,3
161791886283519,9455066613,4.239783,8.453544,2.070689,3
161791888783519,9457566613,4.26401,8.429316,2.0413768,3
161791891283519,9460066613,4.2834516,8.421839,2.0359929,3
161791893783519,9462566613,4.3037906,8.408977,2.0276182,3
161791896283519,9465066613,4.323232,8.389834,2.0368903,3
161791898783519,9467566613,4.365705,8.375776,2.0425732,3
161791901283519,9470066613,4.403093,8.376375,2.0252252,3
161791903783519,9472566613,4.443771,8.35125,2.0673988,3
161791906283519,9475066613,4.4811587,8.351549,2.070689,3
161791908783519,9477566613,4.5191445,8.335996,2.0982063,3
161791911283519,9480066613,4.569992,8.328817,2.1125634,3
161791913783519,9482566613,4.606782,8.326125,2.117349,3
161791916283519,9485066613,4.651049,8.326125,2.1140587,3
161791918783519,9487566613,4.6600223,8.3219385,2.1646073,3
161791921283519,9490066613,4.7018967,8.330612,2.1822543,3
161791923783519,9492566613,4.7195435,8.3345,2.2118654,3
161791926283519,9495066613,4.7419763,8.326125,2.219343,3
161791928783519,9497566613,4.7542396,8.325527,2.239383,3
161791931283519,9500066613,4.7491546,8.328219,2.2331018,3
161791933783519,9502566613,4.7452664,8.326125,2.2474587,3
161791936283519,9505066613,4.749753,8.318349,2.2501507,3
161791938783519,9507566613,4.741079,8.309076,2.2337,3
161791941283519,9510066613,4.72074,8.305188,2.2148564,3
161791943783519,9512566613,4.718646,8.309675,2.1942184,3
161791946283519,9515066613,4.7195435,8.308778,2.158326,3
161791948783519,9517566613,4.705785,8.309376,2.1385853,3
161791951283519,9520066613,4.699803,8.332108,2.1227329,3
161791953783519,9522566613,4.6698923,8.34796,2.082952,3
161791956283519,9525066613,4.6618166,8.356335,2.0617158,3
161791958783519,9527566613,4.6414776,8.371589,2.0488544,3
161791961283519,9530066613,4.6139603,8.395817,2.0365913,3
161791963783519,9532566613,4.5801616,8.40449,2.062613,3
161791966283519,9535066613,4.5705905,8.39791,2.041975,3
161791968783519,9537566613,4.5472603,8.409874,2.0685952,3
161791971283519,9540066613,4.534997,8.414361,2.0668006,3
161791973783519,9542566613,4.5221357,8.428718,2.0694926,3
161791976283519,9545066613,4.5116673,8.436793,2.082653,3
161791978783519,9547566613,4.499703,8.444271,2.1101704,3
161791981283519,9550066613,4.476672,8.458927,2.129313,3
161791983783519,9552566613,4.4599223,8.480463,2.1394825,3
161791986283519,9555066613,4.4521456,8.496315,2.1675982,3
161791988783519,9557566613,4.4392843,8.502895,2.1834507,3
161791991283519,9560066613,4.4117665,8.502297,2.1891336,3
161791993783519,9562566613,4.4039903,8.492427,2.19033,3
161791996283519,9565066613,4.391428,8.496614,2.1882362,3
161791998783519,9567566613,4.386343,8.486444,2.1711874,3
161792001283519,9570066613,4.386343,8.479266,2.202294,3
161792003783519,9572566613,4.383352,8.463413,2.1909282,3
161792006283519,9575066613,4.3800616,8.46132,2.1936202,3
161792008783519,9577566613,4.380959,8.468498,2.1978076,3
161792011283519,9580066613,4.3755755,8.484949,2.1795623,3
161792013783519,9582566613,4.369892,8.488837,2.1843479,3
161792016283519,9585066613,4.3674994,8.501101,2.1720848,3
161792018783519,9587566613,4.368995,8.509476,2.187638,3
161792021283519,9590066613,4.3618164,8.523234,2.1867409,3
161792023783519,9592566613,4.345067,8.525927,2.1825533,3
161792026283519,9595066613,4.3319063,8.525627,2.19033,3
161792028783519,9597566613,4.3348975,8.530712,2.1720848,3
161792031283519,9600066613,4.319344,8.519944,2.164009,3
161792033783519,9602566613,4.322634,8.505886,2.1744776,3
161792036283519,9605066613,4.3154554,8.498408,2.1649063,3
161792038783519,9607566613,4.3202415,8.476873,2.1637099,3
161792041283519,9610066613,4.3301115,8.475378,2.1619153,3
161792043783519,9612566613,4.322634,8.461619,2.161018,3
161792046283519,9615066613,4.3238306,8.446664,2.1637099,3
161792048783519,9617566613,4.31396,8.440981,2.187638,3
161792051283519,9620066613,4.306782,8.437691,2.1858435,3
161792053783519,9622566613,4.3058844,8.430213,2.1858435,3
161792056283519,9625066613,4.308576,8.429914,2.1816561,3
161792058783519,9627566613,4.308277,8.419446,2.1789641,3
161792061283519,9630066613,4.29721,8.413164,2.1864417,3
161792063783519,9632566613,4.295416,8.417053,2.1879373,3
161792066283519,9635066613,4.2894335,8.4146595,2.207977,3
161792068783519,9637566613,4.2798624,8.413164,2.2178476,3
161792071283519,9640066613,4.280461,8.411071,2.2316062,3
161792073783519,9642566613,4.287639,8.409276,2.239383,3
161792076283519,9645066613,4.2894335,8.411071,2.2295125,3
161792078783519,9647566613,4.31067,8.410173,2.2348964,3
161792081283519,9650066613,4.3070807,8.410473,2.242374,3
161792083783519,9652566613,4.3319063,8.417651,2.2307088,3
161792086283519,9655066613,4.3244286,8.419446,2.204986,3
161792088783519,9657566613,4.317549,8.414361,2.1996021,3
161792091283519,9660066613,4.3357944,8.429914,2.179263,3
161792093783519,9662566613,4.328616,8.428419,2.1750758,3
161792096283519,9665066613,4.3241296,8.429017,2.1687946,3
161792098783519,9667566613,4.3202415,8.438289,2.1858435,3
161792101283519,9670066613,4.308576,8.437691,2.1993032,3
161792103783519,9672566613,4.301398,8.444271,2.1993032,3
161792106283519,9675066613,4.2981076,8.440681,2.2187448,3
161792108783519,9677566613,4.29721,8.439785,2.2187448,3
161792111283519,9680066613,4.3088756,8.429914,2.2319052,3
161792113783519,9682566613,4.305286,8.445468,2.2381866,3
161792116283519,9685066613,4.3372903,8.440383,2.248655,3
161792118783519,9687566613,4.3528433,8.440383,2.2680967,3
161792121283519,9690066613,4.364209,8.437093,2.268994,3
161792123783519,9692566613,4.3707895,8.423035,2.277668,3
161792126283519,9695066613,4.3869414,8.423633,2.266302,3
161792128783519,9697566613,4.4007,8.417053,2.257329,3
161792131283519,9700066613,4.4231324,8.423035,2.271088,3
161792133783519,9702566613,4.4201417,8.415557,2.2525434,3
161792136283519,9705066613,4.43061,8.406883,2.2498515,3
161792138783519,9707566613,4.4353957,8.40479,2.2435703,3
161792141283519,9710066613,4.4518466,8.400003,2.2435703,3
161792143783519,9712566613,4.4602213,8.384749,2.2363918,3
161792146283519,9715066613,4.479065,8.381161,2.2402802,3
161792148783519,9717566613,4.479065,8.377571,2.2408783,3
161792151283519,9720066613,4.502993,8.370393,2.2390838,3
161792153783519,9722566613,4.513761,8.362018,2.2462623,3
161792156283519,9725066613,4.528716,8.356335,2.2405794,3
161792158783519,9727566613,4.5445685,8.370991,2.2372892,3
161792161283519,9730066613,4.5466623,8.359625,2.2331018,3
161792163783519,9732566613,4.5613184,8.350054,2.2217357,3
161792166283519,9735066613,4.5655055,8.348558,2.2229323,3
161792168783519,9737566613,4.5684967,8.343174,2.224727,3
161792171283519,9740066613,4.5613184,8.325827,2.2226331,3
161792173783519,9742566613,4.556832,8.309076,2.2226331,3
161792176283519,9745066613,4.558327,8.304889,2.2325034,3
161792178783519,9747566613,4.5418763,8.313264,2.222035,3
161792181283519,9750066613,4.5095735,8.330313,2.2342982,3
161792183783519,9752566613,4.4892344,8.333304,2.2441685,3
161792186283519,9755066613,4.4802613,8.343174,2.2492533,3
161792188783519,9757566613,4.4524446,8.360223,2.2615166,3
161792191283519,9760066613,4.4195433,8.36471,2.2624137,3
161792193783519,9762566613,4.3815575,8.385946,2.2546372,3
161792196283519,9765066613,4.364209,8.384749,2.219343,3
161792198783519,9767566613,4.34746,8.416454,2.1921246,3
161792201283519,9770066613,4.3172503,8.411369,2.1675982,3
161792203783519,9772566613,4.2999024,8.40449,2.1278176,3
161792206283519,9775066613,4.2924247,8.408379,2.097608,3
161792208783519,9777566613,4.2798624,8.403294,2.0656042,3
161792211283519,9780066613,4.2723846,8.411669,2.0368903,3
161792213783519,9782566613,4.281956,8.405088,2.000998,3
161792216283519,9785066613,4.290331,8.404191,1.9725832,3
161792218783519,9787566613,4.319942,8.4038925,1.9483558,3
161792221283519,9790066613,4.336393,8.400003,1.9193429,3
161792223783519,9792566613,4.3734818,8.385647,1.9145572,3
161792226283519,9795066613,4.4078784,8.390732,1.8984057,3
161792228783519,9797566613,4.426722,8.374281,1.9250258,3
161792231283519,9800066613,4.4575295,8.374281,1.9208384,3
161792233783519,9802566613,4.4892344,8.359326,1.9462621,3
161792236283519,9805066613,4.5158544,8.352147,1.9767706,3
161792238783519,9807566613,4.5388856,8.347362,2.0090737,3
161792241283519,9810066613,4.555336,8.345268,2.0685952,3
161792243783519,9812566613,4.5879383,8.337491,2.117349,3
161792246283519,9815066613,4.630411,8.327322,2.169692,3
161792248783519,9817566613,4.6654058,8.3219385,2.2091734,3
161792251283519,9820066613,4.6935215,8.320144,2.2357936,3
161792253783519,9822566613,4.7153563,8.314759,2.2624137,3
161792256283519,9825066613,4.743771,8.279166,2.2707887,3
161792258783519,9827566613,4.77398,8.280662,2.2929223,3
161792261283519,9830066613,4.764409,8.269895,2.2884357,3
161792263783519,9832566613,4.7952166,8.275278,2.2591236,3
161792266283519,9835066613,4.8062835,8.26451,2.2375882,3
161792268783519,9837566613,4.7985067,8.258827,2.205285,3
161792271283519,9840066613,4.7895336,8.263314,2.1556342,3
161792273783519,9842566613,4.7973104,8.281559,2.1224337,3
161792276283519,9845066613,4.770391,8.285149,2.088635,3
161792278783519,9847566613,4.726124,8.309376,2.0703897,3
161792281283519,9850066613,4.703093,8.323134,2.041975,3
161792283783519,9852566613,4.6639104,8.338388,2.024328,3
161792286283519,9855066613,4.636991,8.3530445,2.027319,3
161792288783519,9857566613,4.6079783,8.355139,2.0425732,3
161792291283519,9860066613,4.577769,8.357232,2.041975,3
161792293783519,9862566613,4.544269,8.366505,2.0670996,3
161792296283519,9865066613,4.534698,8.368897,2.0712872,3
161792298783519,9867566613,4.5065823,8.384451,2.1044874,3
161792301283519,9870066613,4.495815,8.386245,2.126322,3
161792303783519,9872566613,4.475476,8.376076,2.1215365,3
161792306283519,9875066613,4.4524446,8.385049,2.1693928,3
161792308783519,9877566613,4.445565,8.379964,2.1837497,3
161792311283519,9880066613,4.4371905,8.391928,2.1936202,3
161792313783519,9882566613,4.434499,8.388339,2.2019951,3
161792316283519,9885066613,4.4312086,8.384451,2.2067807,3
161792318783519,9887566613,4.416253,8.384451,2.2010977,3
161792321283519,9890066613,4.41057,8.379964,2.222035,3
161792323783519,9892566613,4.4246283,8.388339,2.1951156,3
161792326283519,9895066613,4.418347,8.382656,2.1954148,3
161792328783519,9897566613,4.4222355,8.365308,2.184049,3
161792331283519,9900066613,4.4201417,8.366803,2.1807587,3
161792333783519,9902566613,4.406981,8.369795,2.1747768,3
161792336283519,9905066613,4.3989053,8.375478,2.158027,3
161792338783519,9907566613,4.3872404,8.360822,2.169692,3
161792341283519,9910066613,4.393821,8.363513,2.187638,3
161792343783519,9912566613,4.3908296,8.378768,2.19033,3
161792346283519,9915066613,4.369892,8.385348,2.2124636,3
161792348783519,9917566613,4.3701916,8.391629,2.2420747,3
161792351283519,9920066613,4.374977,8.386844,2.263012,3
161792353783519,9922566613,4.364209,8.394022,2.2848465,3
161792356283519,9925066613,4.362415,8.402696,2.3147569,3
161792358783519,9927566613,4.365705,8.405686,2.3174486,3
161792361283519,9930066613,4.3740797,8.39791,2.3207388,3
161792363783519,9932566613,4.3794637,8.4015,2.3219352,3
161792366283519,9935066613,4.389334,8.403294,2.3312075,3
161792368783519,9937566613,4.4018965,8.397611,2.3273191,3
161792371283519,9940066613,4.41416,8.386544,2.2974088,3
161792373783519,9942566613,4.4144588,8.385647,2.2728825,3
161792376283519,9945066613,4.432405,8.386844,2.2872393,3
161792378783519,9947566613,4.425226,8.398808,2.274976,3
161792381283519,9950066613,4.4315076,8.400303,2.254039,3
161792383783519,9952566613,4.42732,8.400303,2.2292135,3
161792386283519,9955066613,4.4264226,8.400303,2.219343,3
161792388783519,9957566613,4.4150567,8.417053,2.2067807,3
161792391283519,9960066613,4.421338,8.415856,2.184647,3
161792393783519,9962566613,4.428816,8.423334,2.1744776,3
161792396283519,9965066613,4.427021,8.42453,2.152643,3
161792398783519,9967566613,4.418048,8.4248295,2.1451654,3
161792401283519,9970066613,4.4108696,8.435896,2.1433709,3
161792403783519,9972566613,4.412365,8.4451685,2.1379871,3
161792406283519,9975066613,4.425226,8.4451685,2.1337996,3
161792408783519,9977566613,4.4341993,8.43799,2.1475582,3
161792411283519,9980066613,4.442275,8.442776,2.1538396,3
161792413783519,9982566613,4.4464626,8.460722,2.1664019,3
161792416283519,9985066613,4.4452662,8.465807,2.184049,3
161792418783519,9987566613,4.4662037,8.450552,2.207678,3
161792421283519,9990066613,4.4724846,8.460124,2.1855445,3
161792423783519,9992566613,4.462016,8.452047,2.2214367,3
161792426283519,9995066613,4.464708,8.438289,2.2289143,3
161792428783519,9997566613,4.459025,8.442476,2.2184458,3
161792431283519,10000066613,4.4653063,8.433205,2.231008,3
161792433783519,10002566613,4.4542394,8.429615,2.2169502,3
161792436283519,10005066613,4.462016,8.433503,2.233999,3
161792438783519,10007566613,4.4467616,8.442776,2.2175484,3
161792441283519,10010066613,4.450052,8.435597,2.233999,3
161792443783519,10012566613,4.4428735,8.436793,2.245963,3
161792446283519,10015066613,4.4353957,8.430512,2.2342982,3
161792448783519,10017566613,4.4195433,8.415258,2.2381866,3
161792451283519,10020066613,4.400999,8.404191,2.2384856,3
161792453783519,10022566613,4.3836513,8.4146595,2.242673,3
161792456283519,10025066613,4.3522453,8.410173,2.2271197,3
161792458783519,10027566613,4.327121,8.4197445,2.245066,3
161792461283519,10030066613,4.302893,8.437391,2.2441685,3
161792463783519,10032566613,4.281358,8.441579,2.248655,3
161792466283519,10035066613,4.258626,8.434102,2.2468605,3
161792468783519,10037566613,4.254738,8.446963,2.245066,3
161792471283519,10040066613,4.228716,8.432307,2.2238295,3
161792473783519,10042566613,4.236193,8.439486,2.2202404,3
161792476283519,10045066613,4.2385864,8.430512,2.1900308,3
161792478783519,10047566613,4.241577,8.433503,2.167,3
161792481283519,10050066613,4.26072,8.42812,2.1487548,3
161792483783519,10052566613,4.284648,8.436793,2.1484556,3
161792486283519,10055066613,4.3124647,8.455338,2.1352952,3
161792488783519,10057566613,4.341777,8.472088,2.1394825,3
161792491283519,10060066613,4.3495536,8.499905,2.1023939,3
161792493783519,10062566613,4.360022,8.5014,2.1155543,3
161792496283519,10065066613,4.3848476,8.504091,2.114358,3
161792498783519,10067566613,4.4057846,8.508578,2.108974,3
161792501283519,10070066613,4.4189453,8.510373,2.1355941,3
161792503783519,10072566613,4.4225345,8.5014,2.1433709,3
161792506283519,10075066613,4.427021,8.481061,2.1538396,3
161792508783519,10077566613,4.432405,8.477471,2.1565313,3
161792511283519,10080066613,4.438686,8.469396,2.1702902,3
161792513783519,10082566613,4.4428735,8.458329,2.1909282,3
161792516283519,10085066613,4.447659,8.443074,2.21366,3
161792518783519,10087566613,4.467699,8.43141,2.20708,3
161792521283519,10090066613,4.4838505,8.423633,2.2259233,3
161792523783519,10092566613,4.5038905,8.40449,2.2498515,3
161792526283519,10095066613,4.5284166,8.393424,2.2489543,3
161792528783519,10097566613,4.544269,8.385348,2.2462623,3
161792531283519,10100066613,4.569992,8.385348,2.2546372,3
161792533783519,10102566613,4.5687957,8.376973,2.2504497,3
161792536283519,10105066613,4.575675,8.382058,2.2124636,3
161792538783519,10107566613,4.578367,8.392527,2.2178476,3
161792541283519,10110066613,4.5747776,8.393125,2.1993032,3
161792543783519,10112566613,4.555635,8.380861,2.1864417,3
161792546283519,10115066613,4.5338006,8.378169,2.1702902,3
161792548783519,10117566613,4.5035915,8.376674,2.1619153,3
161792551283519,10120066613,4.4913282,8.3835535,2.161317,3
161792553783519,10122566613,4.4638104,8.395817,2.1544378,3
161792556283519,10125066613,4.4608197,8.400303,2.1520448,3
161792558783519,10127566613,4.4392843,8.410771,2.1481566,3
161792561283519,10130066613,4.433302,8.420044,2.1481566,3
161792563783519,10132566613,4.4231324,8.418249,2.152643,3
161792566283519,10135066613,4.4264226,8.423633,2.1385853,3
161792568783519,10137566613,4.423432,8.432008,2.1882362,3
161792571283519,10140066613,4.412664,8.463713,2.1891336,3
161792573783519,10142566613,4.4150567,8.46102,2.1924238,3
161792576283519,10145066613,4.4051867,8.463713,2.2061825,3
161792578783519,10147566613,4.4081774,8.46491,2.1999013,3
161792581283519,10150066613,4.4060836,8.472985,2.207977,3
161792583783519,10152566613,4.4078784,8.467302,2.202294,3
161792586283519,10155066613,4.409075,8.466703,2.2169502,3
161792588783519,10157566613,4.415954,8.46491,2.2241287,3
161792591283519,10160066613,4.4174495,8.461918,2.231008,3
161792593783519,10162566613,4.4279184,8.455936,2.2259233,3
161792596283519,10165066613,4.441677,8.459525,2.2354946,3
161792598783519,10167566613,4.450351,8.453544,2.231307,3
161792601283519,10170066613,4.447659,8.454441,2.2178476,3
161792603783519,10172566613,4.4401817,8.444571,2.2028923,3
161792606283519,10175066613,4.4464626,8.444571,2.1882362,3
161792608783519,10177566613,4.449753,8.438588,2.184049,3
161792611283519,10180066613,4.453641,8.443673,2.1948166,3
161792613783519,10182566613,4.441378,8.429316,2.1589243,3
161792616283519,10185066613,4.443771,8.426325,2.1661026,3
161792618783519,10187566613,4.428816,8.4015,2.1472592,3
161792621283519,10190066613,4.4135613,8.398508,2.1478574,3
161792623783519,10192566613,4.4195433,8.384451,2.1517458,3
161792626283519,10195066613,4.43061,8.372786,2.1499512,3
161792628783519,10197566613,4.421039,8.352746,2.1397817,3
161792631283519,10200066613,4.4285164,8.338987,2.1308086,3
161792633783519,10202566613,4.4021955,8.346764,2.1110678,3
161792636283519,10205066613,4.4204407,8.3345,2.102992,3
161792638783519,10207566613,4.432405,8.330014,2.0877378,3
161792641283519,10210066613,4.432704,8.319246,2.0868404,3
161792643783519,10212566613,4.4446683,8.3015995,2.0874386,3
161792646283519,10215066613,4.4488554,8.303693,2.0691934,3
161792648783519,10217566613,4.456034,8.297412,2.079961,3
161792651283519,10220066613,4.484748,8.279764,2.0691934,3
161792653783519,10222566613,4.503292,8.281858,2.0880368,3
161792656283519,10225066613,4.5209394,8.2710905,2.0952153,3
161792658783519,10227566613,4.5358944,8.276474,2.1092732,3
161792661283519,10230066613,4.5544386,8.267202,2.1230319,3
161792663783519,10232566613,4.569693,8.259425,2.1433709,3
161792666283519,10235066613,4.5948176,8.25793,2.152344,3
161792668783519,10237566613,4.5999026,8.2681,2.187638,3
161792671283519,10240066613,4.603492,8.272885,2.2172494,3
161792673783519,10242566613,4.610371,8.292327,2.2522442,3
161792676283519,10245066613,4.6154556,8.3015995,2.2821546,3
161792678783519,10247566613,4.5975094,8.322835,2.3030918,3
161792681283519,10250066613,4.577769,8.307282,2.3075783,3
161792683783519,10252566613,4.562515,8.327023,2.3114667,3
161792686283519,10255066613,4.557729,8.32792,2.315654,3
161792688783519,10257566613,4.551747,8.316854,2.3168504,3
161792691283519,10260066613,4.551149,8.323732,2.2917259,3
161792693783519,10262566613,4.537091,8.321639,2.2788644,3
161792696283519,10265066613,4.5523453,8.2965145,2.2785654,3
161792698783519,10267566613,4.5394835,8.298309,2.2325034,3
161792701283519,10270066613,4.537689,8.303095,2.2265215,3
161792703783519,10272566613,4.5352964,8.293224,2.2238295,3
161792706283519,10275066613,4.542176,8.3013,2.2205393,3
161792708783519,10277566613,4.544269,8.3013,2.2286153,3
161792711283519,10280066613,4.537988,8.301898,2.2226331,3
161792713783519,10282566613,4.534698,8.30459,2.231008,3
161792716283519,10285066613,4.528716,8.292027,2.2363918,3
161792718783519,10287566613,4.525127,8.290234,2.2501507,3
161792721283519,10290066613,4.534399,8.293822,2.2633111,3
161792723783519,10292566613,4.5484567,8.300103,2.2788644,3
161792726283519,10295066613,4.5631127,8.308478,2.2932215,3
161792728783519,10297566613,4.5678983,8.318349,2.3001008,3
161792731283519,10300066613,4.590032,8.3123665,2.3162522,3
161792733783519,10302566613,4.5885367,8.316554,2.3341985,3
161792736283519,10305066613,4.5882373,8.32134,2.333301,3
161792738783519,10307566613,4.6028934,8.330014,2.321038,3
161792741283519,10310066613,4.5882373,8.327621,2.2995026,3
161792743783519,10312566613,4.5762734,8.330313,2.2848465,3
161792746283519,10315066613,4.5631127,8.335697,2.2495525,3
161792748783519,10317566613,4.5478587,8.343773,2.2235305,3
161792751283519,10320066613,4.537988,8.370093,2.2145574,3
161792753783519,10322566613,4.5152564,8.36471,2.181357,3
161792756283519,10325066613,4.494319,8.360522,2.161616,3
161792758783519,10327566613,4.4784665,8.353942,2.1592233,3
161792761283519,10330066613,4.47727,8.363812,2.141277,3
161792763783519,10332566613,4.453043,8.36112,2.1071794,3
161792766283519,10335066613,4.4446683,8.353643,2.1176481,3
161792768783519,10337566613,4.421936,8.362915,2.1194427,3
161792771283519,10340066613,4.412066,8.380861,2.1215365,3
161792773783519,10342566613,4.401298,8.381759,2.117947,3
161792776283519,10345066613,4.38395,8.380861,2.1281166,3
161792778783519,10347566613,4.3672004,8.3835535,2.1326032,3
161792781283519,10350066613,4.3728833,8.383852,2.1203399,3
161792783783519,10352566613,4.367799,8.395517,2.1167507,3
161792786283519,10355066613,4.3743787,8.390732,2.1272194,3
161792788783519,10357566613,4.380361,8.383254,2.1499512,3
161792791283519,10360066613,4.380361,8.382656,2.1505494,3
161792793783519,10362566613,4.403691,8.376973,2.1337996,3
161792796283519,10365066613,4.4312086,8.387741,2.158027,3
161792798783519,10367566613,4.453342,8.384151,2.1693928,3
161792801283519,10370066613,4.464409,8.393125,2.1628125,3
161792803783519,10372566613,4.4727836,8.395817,2.164009,3
161792806283519,10375066613,4.4748774,8.406285,2.149353,3
161792808783519,10377566613,4.4832525,8.416156,2.132005,3
161792811283519,10380066613,4.494319,8.400602,2.1257238,3
161792813783519,10382566613,4.5074797,8.414959,2.1269202,3
161792816283519,10385066613,4.5065823,8.39821,2.1275184,3
161792818783519,10387566613,4.520042,8.385946,2.1329024,3
161792821283519,10390066613,4.5335016,8.392825,2.1535404,3
161792823783519,10392566613,4.5427737,8.380562,2.1562324,3
161792826283519,10395066613,4.5487556,8.378768,2.1634107,3
161792828783519,10397566613,4.5732822,8.377871,2.1936202,3
161792831283519,10400066613,4.581657,8.367402,2.1882362,3
161792833783519,10402566613,4.6025944,8.362018,2.2175484,3
161792836283519,10405066613,4.6079783,8.363513,2.2142582,3
161792838783519,10407566613,4.613063,8.36112,2.216352,3
161792841283519,10410066613,4.619942,8.351549,2.2232313,3
161792843783519,10412566613,4.6091747,8.357232,2.2067807,3
161792846283519,10415066613,4.622335,8.350054,2.1906292,3
161792848783519,10417566613,4.621438,8.347661,2.1705892,3
161792851283519,10420066613,4.613362,8.3530445,2.1484556,3
161792853783519,10422566613,4.595416,8.370393,2.1454647,3
161792856283519,10425066613,4.59063,8.366505,2.140978,3
161792858783519,10427566613,4.5673003,8.384749,2.1107686,3
161792861283519,10430066613,4.56072,8.379665,2.1080768,3
161792863783519,10432566613,4.555037,8.392527,2.1068804,3
161792866283519,10435066613,4.540381,8.403294,2.1164517,3
161792868783519,10437566613,4.5215373,8.396415,2.108974,3
161792871283519,10440066613,4.505685,8.415258,2.111367,3
161792873783519,10442566613,4.485047,8.440681,2.1071794,3
161792876283519,10445066613,4.4721856,8.433803,2.108974,3
161792878783519,10447566613,4.4485564,8.437391,2.12363,3
161792881283519,10450066613,4.429713,8.433803,2.1158533,3
161792883783519,10452566613,4.4093738,8.434102,2.1218355,3
161792886283519,10455066613,4.395615,8.430512,2.126322,3
161792888783519,10457566613,4.3704906,8.43141,2.1224337,3
161792891283519,10460066613,4.3558345,8.438289,2.1364915,3
161792893783519,10462566613,4.343272,8.4400835,2.1556342,3
161792896283519,10465066613,4.3187456,8.434401,2.1702902,3
161792898783519,10467566613,4.322634,8.444271,2.178665,3
161792901283519,10470066613,4.3259244,8.440383,2.1870399,3
161792903783519,10472566613,4.319942,8.43799,2.2223341,3
161792906283519,10475066613,4.3277187,8.438588,2.2375882,3
161792908783519,10477566613,4.331308,8.431708,2.2525434,3
161792911283519,10480066613,4.3265224,8.444271,2.2734807,3
161792913783519,10482566613,4.3118663,8.450552,2.2791636,3
161792916283519,10485066613,4.3301115,8.449655,2.2965117,3
161792918783519,10487566613,4.3244286,8.443374,2.300998,3
161792921283519,10490066613,4.321737,8.4451685,2.3081765,3
161792923783519,10492566613,4.3241296,8.439186,2.3141587,3
161792926283519,10495066613,4.313362,8.4349985,2.3105693,3
161792928783519,10497566613,4.328915,8.4248295,2.3168504,3
161792931283519,10500066613,4.341777,8.42812,2.3132613,3
161792933783519,10502566613,4.358526,8.419446,2.303391,3
161792936283519,10505066613,4.371687,8.412866,2.2764716,3
161792938783519,10507566613,4.3992043,8.403593,2.2606192,3
161792941283519,10510066613,4.391428,8.407183,2.245365,3
161792943783519,10512566613,4.4078784,8.394022,2.2489543,3
161792946283519,10515066613,4.4318066,8.39791,2.251646,3
161792948783519,10517566613,4.4318066,8.396714,2.2360928,3
161792951283519,10520066613,4.434798,8.402995,2.2337,3
161792953783519,10522566613,4.4404807,8.39821,2.2229323,3
161792956283519,10525066613,4.430311,8.391031,2.2142582,3
161792958783519,10527566613,4.430012,8.380861,2.224727,3
161792961283519,10530066613,4.4371905,8.378169,2.2127628,3
161792963783519,10532566613,4.447958,8.380861,2.2211375,3
161792966283519,10535066613,4.459025,8.373683,2.2112672,3
161792968783519,10537566613,4.473681,8.369795,2.2142582,3
161792971283519,10540066613,4.4856453,8.362915,2.2067807,3
161792973783519,10542566613,4.4967117,8.359625,2.1948166,3
161792976283519,10545066613,4.516453,8.352147,2.179263,3
161792978783519,10547566613,4.537091,8.34467,2.172683,3
161792981283519,10550066613,4.549952,8.3345,2.1711874,3
161792983783519,10552566613,4.5658045,8.328219,2.1678972,3
161792986283519,10555066613,4.578666,8.327621,2.1717856,3
161792988783519,10557566613,4.5711884,8.3219385,2.1711874,3
161792991283519,10560066613,4.578068,8.322835,2.161018,3
161792993783519,10562566613,4.581358,8.314759,2.1619153,3
161792996283519,10565066613,4.5795636,8.313862,2.179263,3
161792998783519,10567566613,4.5678983,8.315956,2.1831515,3
161793001283519,10570066613,4.5544386,8.329715,2.1855445,3
161793003783519,10572566613,4.545466,8.337491,2.160719,3
161793006283519,10575066613,4.537091,8.328518,2.1780667,3
161793008783519,10577566613,4.525426,8.324331,2.1711874,3
161793011283519,10580066613,4.5131626,8.347661,2.181357,3
161793013783519,10582566613,4.508377,8.350951,2.1714866,3
161793016283519,10585066613,4.511368,8.36112,2.1655045,3
161793018783519,10587566613,4.5038905,8.365906,2.175674,3
161793021283519,10590066613,4.499105,8.362317,2.1984057,3
161793023783519,10592566613,4.484748,8.37458,2.2130618,3
161793026283519,10595066613,4.4838505,8.380562,2.204986,3
161793028783519,10597566613,4.4691944,8.382656,2.2208385,3
161793031283519,10600066613,4.4605207,8.393723,2.245365,3
161793033783519,10602566613,4.4452662,8.396115,2.245365,3
161793036283519,10605066613,4.434798,8.387442,2.25703,3
161793038783519,10607566613,4.4150567,8.385946,2.2881367,3
161793041283519,10610066613,4.41057,8.386245,2.2884357,3
161793043783519,10612566613,4.4072804,8.388339,2.303391,3
161793046283519,10615066613,4.390231,8.387142,2.3039892,3
161793048783519,10617566613,4.380959,8.369495,2.3069801,3
161793051283519,10620066613,4.3755755,8.352147,2.295315,3
161793053783519,10622566613,4.3722854,8.368,2.2974088,3
161793056283519,10625066613,4.3785663,8.343174,2.2713869,3
161793058783519,10627566613,4.3947177,8.346464,2.265704,3
161793061283519,10630066613,4.398008,8.344371,2.242374,3
161793063783519,10632566613,4.4198427,8.339585,2.2142582,3
161793066283519,10635066613,4.421039,8.341081,2.184946,3
161793068783519,10637566613,4.4318066,8.340483,2.155036,3
161793071283519,10640066613,4.4485564,8.345567,2.1161525,3
161793073783519,10642566613,4.4578285,8.35783,2.11705,3
161793076283519,10645066613,4.476373,8.359027,2.1080768,3
161793078783519,10647566613,4.49402,8.360822,2.0925233,3
161793081283519,10650066613,4.5092745,8.368897,2.0793629,3
161793083783519,10652566613,4.529314,8.368,2.0889342,3
161793086283519,10655066613,4.5502515,8.366803,2.085345,3
161793088783519,10657566613,4.5595236,8.363812,2.0937197,3
161793091283519,10660066613,4.555037,8.356634,2.0901306,3
161793093783519,10662566613,4.575376,8.353942,2.1011975,3
161793096283519,10665066613,4.569394,8.341978,2.1080768,3
161793098783519,10667566613,4.563711,8.326425,2.1281166,3
161793101283519,10670066613,4.5631127,8.330014,2.1391835,3
161793103783519,10672566613,4.5658045,8.326425,2.149353,3
161793106283519,10675066613,4.558626,8.339585,2.146661,3
161793108783519,10677566613,4.543671,8.339585,2.1463618,3
161793111283519,10680066613,4.534698,8.355737,2.1517458,3
161793113783519,10682566613,4.523332,8.376674,2.14367,3
161793116283519,10685066613,4.508676,8.385348,2.126322,3
161793118783519,10687566613,4.4856453,8.390432,2.0916262,3
161793121283519,10690066613,4.4784665,8.402696,2.0907288,3
161793123783519,10692566613,4.462315,8.405686,2.070689,3
161793126283519,10695066613,4.4452662,8.415557,2.0422742,3
161793128783519,10697566613,4.4371905,8.415856,2.0282164,3
161793131283519,10700066613,4.424927,8.4248295,2.0234306,3
161793133783519,10702566613,4.4222355,8.43111,2.0267208,3
161793136283519,10705066613,4.4150567,8.433803,2.0228324,3
161793138783519,10707566613,4.412365,8.438289,2.0252252,3
161793141283519,10710066613,4.4132624,8.446664,2.044966,3
161793143783519,10712566613,4.423432,8.455936,2.0599213,3
161793146283519,10715066613,4.418048,8.47119,2.070689,3
161793148783519,10717566613,4.4222355,8.483454,2.0928226,3
161793151283519,10720066613,4.4201417,8.502297,2.11705,3
161793153783519,10722566613,4.4060836,8.519047,2.1352952,3
161793156283519,10725066613,4.4138603,8.533703,2.1604197,3
161793158783519,10727566613,4.412664,8.543872,2.1714866,3
161793161283519,10730066613,4.402794,8.561818,2.1897318,3
161793163783519,10732566613,4.3905306,8.565108,2.2154546,3
161793166283519,10735066613,4.3779683,8.577372,2.213361,3
161793168783519,10737566613,4.371687,8.575278,2.242673,3
161793171283519,10740066613,4.356433,8.589635,2.2468605,3
161793173783519,10742566613,4.3408794,8.583055,2.257329,3
161793176283519,10745066613,4.3444686,8.586046,2.2357936,3
161793178783519,10747566613,4.3372903,8.573184,2.225624,3
161793181283519,10750066613,4.3262234,8.562118,2.2325034,3
161793183783519,10752566613,4.331009,8.547162,2.2265215,3
161793186283519,10755066613,4.3262234,8.551051,2.1984057,3
161793188783519,10757566613,4.324728,8.548059,2.1870399,3
161793191283519,10760066613,4.334598,8.539984,2.181058,3
161793193783519,10762566613,4.342674,8.538788,2.1532412,3
161793196283519,10765066613,4.351348,8.53161,2.1514466,3
161793198783519,10767566613,4.3405805,8.525328,2.1562324,3
161793201283519,10770066613,4.3504505,8.529515,2.1544378,3
161793203783519,10772566613,4.345964,8.528319,2.1595225,3
161793206283519,10775066613,4.3441696,8.528917,2.1559331,3
161793208783519,10777566613,4.3348975,8.516355,2.149353,3
161793211283519,10780066613,4.3277187,8.525927,2.1559331,3
161793213783519,10782566613,4.3184466,8.520542,2.1547368,3
161793216283519,10785066613,4.3055854,8.52443,2.1678972,3
161793218783519,10787566613,4.2912283,8.52144,2.187339,3
161793221283519,10790066613,4.2978086,8.509176,2.1891336,3
161793223783519,10792566613,4.304987,8.495418,2.2118654,3
161793226283519,10795066613,4.310371,8.496614,2.2229323,3
161793228783519,10797566613,4.323232,8.480463,2.2345972,3
161793231283519,10800066613,4.336991,8.463713,2.2504497,3
161793233783519,10802566613,4.3579283,8.455338,2.2471595,3
161793236283519,10805066613,4.371687,8.448159,2.2292135,3
161793238783519,10807566613,4.395017,8.429316,2.231008,3
161793241283519,10810066613,4.406383,8.418249,2.2169502,3
161793243783519,10812566613,4.41057,8.411369,2.2160528,3
161793246283519,10815066613,4.4192443,8.397611,2.2061825,3
161793248783519,10817566613,4.4222355,8.395517,2.202294,3
161793251283519,10820066613,4.4258246,8.395817,2.2127628,3
161793253783519,10822566613,4.4174495,8.375178,2.225026,3
161793256283519,10825066613,4.426722,8.371589,2.2328026,3
161793258783519,10827566613,4.426722,8.368897,2.2390838,3
161793261283519,10830066613,4.4228334,8.359924,2.2594228,3
161793263783519,10832566613,4.4243293,8.36142,2.266302,3
161793266283519,10835066613,4.427021,8.357232,2.2591236,3
161793268783519,10837566613,4.4222355,8.3581295,2.2462623,3
161793271283519,10840066613,4.4261236,8.347661,2.2588246,3
161793273783519,10842566613,4.4353957,8.344071,2.2594228,3
161793276283519,10845066613,4.4425745,8.346764,2.2576282,3
161793278783519,10847566613,4.444369,8.349456,2.2447667,3
161793281283519,10850066613,4.443771,8.345567,2.2564318,3
161793283783519,10852566613,4.4467616,8.347362,2.2307088,3
161793286283519,10855066613,4.4485564,8.345866,2.2292135,3
161793288783519,10857566613,4.450052,8.359625,2.2232313,3
161793291283519,10860066613,4.468297,8.362915,2.2091734,3
161793293783519,10862566613,4.487739,8.352746,2.193321,3
161793296283519,10865066613,4.49402,8.339585,2.2085752,3
161793298783519,10867566613,4.518247,8.352147,2.2115662,3
161793301283519,10870066613,4.5332026,8.331808,2.204986,3
161793303783519,10872566613,4.5744786,8.334201,2.2211375,3
161793306283519,10875066613,4.5942197,8.325228,2.2307088,3
161793308783519,10877566613,4.6079783,8.318947,2.2477577,3
161793311283519,10880066613,4.622036,8.311469,2.2585254,3
161793313783519,10882566613,4.6211386,8.29801,2.2731814,3
161793316283519,10885066613,4.633402,8.292327,2.2866411,3
161793318783519,10887566613,4.636393,8.289635,2.2962124,3
161793321283519,10890066613,4.6357946,8.286046,2.3039892,3
161793323783519,10892566613,4.6319065,8.279166,2.3078775,3
161793326283519,10895066613,4.62742,8.277671,2.3174486,3
161793328783519,10897566613,4.6301117,8.271988,2.3234308,3
161793331283519,10900066613,4.6471605,8.249854,2.3216362,3
161793333783519,10902566613,4.641777,8.256434,2.3132613,3
161793336283519,10905066613,4.630411,8.250452,2.2956142,3
161793338783519,10907566613,4.6351967,8.245966,2.269293,3
161793341283519,10910066613,4.6396832,8.240582,2.2666013,3
161793343783519,10912566613,4.6498528,8.235198,2.2591236,3
161793346283519,10915066613,4.638487,8.226225,2.2390838,3
161793348783519,10917566613,4.6354957,8.234002,2.2148564,3
161793351283519,10920066613,4.6357946,8.222037,2.199004,3
161793353783519,10922566613,4.6226344,8.23101,2.201397,3
161793356283519,10925066613,4.6112685,8.252247,2.1894326,3
161793358783519,10927566613,4.604389,8.237292,2.1741784,3
161793361283519,10930066613,4.583153,8.2304125,2.1631117,3
161793363783519,10932566613,4.558626,8.249854,2.149652,3
161793366283519,10935066613,4.5595236,8.260323,2.1535404,3
161793368783519,10937566613,4.537988,8.259127,2.1296122,3
161793371283519,10940066613,4.5242295,8.27468,2.1224337,3
161793373783519,10942566613,4.516453,8.273184,2.1128623,3
161793376283519,10945066613,4.4985065,8.287541,2.096711,3
161793378783519,10947566613,4.4895334,8.315358,2.1101704,3
161793381283519,10950066613,4.4925246,8.321041,2.1026928,3
161793383783519,10952566613,4.497609,8.341081,2.1038892,3
161793386283519,10955066613,4.4955153,8.345866,2.0931215,3
161793388783519,10957566613,4.5044885,8.363513,2.0994027,3
161793391283519,10960066613,4.499404,8.368897,2.0955145,3
161793393783519,10962566613,4.4946184,8.366803,2.0823538,3
161793396283519,10965066613,4.4892344,8.367103,2.0727825,3
161793398783519,10967566613,4.4871407,8.37458,2.07368,3
161793401283519,10970066613,4.4805603,8.374879,2.1047866,3
161793403783519,10972566613,4.4856453,8.367103,2.11705,3
161793406283519,10975066613,4.4889355,8.363513,2.1245275,3
161793408783519,10977566613,4.4955153,8.3530445,2.1451654,3
161793411283519,10980066613,4.5077786,8.343174,2.160719,3
161793413783519,10982566613,4.510471,8.359625,2.1708884,3
161793416283519,10985066613,4.5245285,8.357232,2.1900308,3
161793418783519,10987566613,4.5131626,8.35783,2.1732812,3
161793421283519,10990066613,4.5338006,8.363812,2.152344,3
161793423783519,10992566613,4.544269,8.371589,2.1367905,3
161793426283519,10995066613,4.5484567,8.380562,2.1287148,3
161793428783519,10997566613,4.5394835,8.393125,2.1326032,3
161793431283519,11000066613,4.540082,8.392825,2.1149561,3
161793433783519,11002566613,4.5475593,8.391629,2.0904298,3
161793436283519,11005066613,4.529015,8.385049,2.0958135,3
161793438783519,11007566613,4.5335016,8.370393,2.0898316,3
161793441283519,11010066613,4.543372,8.365009,2.1044874,3
161793443783519,11012566613,4.5373898,8.344071,2.108974,3
161793446283519,11015066613,4.56072,8.336594,2.0805593,3
161793448783519,11017566613,4.583153,8.3219385,2.088635,3
161793451283519,11020066613,4.6028934,8.304889,2.1098714,3
161793453783519,11022566613,4.6211386,8.293224,2.1230319,3
161793456283519,11025066613,4.6507497,8.294122,2.129313,3
161793458783519,11027566613,4.667799,8.307282,2.1556342,3
161793461283519,11030066613,4.6731825,8.314461,2.164009,3
161793463783519,11032566613,4.6618166,8.32792,2.1774685,3
161793466283519,11035066613,4.645665,8.339585,2.2061825,3
161793468783519,11037566613,4.622335,8.35125,2.2196422,3
161793471283519,11040066613,4.599005,8.362616,2.2417758,3
161793473783519,11042566613,4.5768714,8.362915,2.2567308,3
161793476283519,11045066613,4.536792,8.375776,2.2911277,3
161793478783519,11047566613,4.508975,8.386844,2.2911277,3
161793481283519,11050066613,4.488038,8.39133,2.2794626,3
161793483783519,11052566613,4.462315,8.388937,2.2974088,3
161793486283519,11055066613,4.441677,8.406584,2.2974088,3
161793488783519,11057566613,4.430909,8.413763,2.3039892,3
161793491283519,11060066613,4.4231324,8.416454,2.2992034,3
161793493783519,11062566613,4.4264226,8.433803,2.3060827,3
161793496283519,11065066613,4.393821,8.434102,2.245066,3
161793498783519,11067566613,4.386343,8.441878,2.2286153,3
161793501283519,11070066613,4.38066,8.433803,2.204986,3
161793503783519,11072566613,4.368098,8.446066,2.184049,3
161793506283519,11075066613,4.3519464,8.45474,2.1711874,3
161793508783519,11077566613,4.3322053,8.455338,2.164009,3
161793511283519,11080066613,4.342674,8.453244,2.1601207,3
161793513783519,11082566613,4.336094,8.458329,2.1759732,3
161793516283519,11085066613,4.3348975,8.463413,2.1945174,3
161793518783519,11087566613,4.331308,8.459227,2.2091734,3
161793521283519,11090066613,4.319942,8.456834,2.2235305,3
161793523783519,11092566613,4.336094,8.455338,2.271686,3
161793526283519,11095066613,4.3316073,8.448159,2.2938197,3
161793528783519,11097566613,4.339683,8.447861,2.3347967,3
161793531283519,11100066613,4.3465624,8.450552,2.3641088,3
161793533783519,11102566613,4.3480577,8.42124,2.3754747,3
161793536283519,11105066613,4.3558345,8.40808,2.3856442,3
161793538783519,11107566613,4.365705,8.400303,2.3883362,3
161793541283519,11110066613,4.3785663,8.384451,2.391028,3
161793543783519,11112566613,4.374977,8.385348,2.3572295,3
161793546283519,11115066613,4.37737,8.381161,2.3282163,3
161793548783519,11117566613,4.371986,8.388339,2.3084757,3
161793551283519,11120066613,4.374678,8.384451,2.2767708,3
161793553783519,11122566613,4.380361,8.372486,2.2609184,3
161793556283519,11125066613,4.3878384,8.367103,2.2241287,3
161793558783519,11127566613,4.391428,8.36441,2.2208385,3
161793561283519,11130066613,4.404588,8.365607,2.1999013,3
161793563783519,11132566613,4.4021955,8.36112,2.1894326,3
161793566283519,11135066613,4.4042892,8.359924,2.1867409,3
161793568783519,11137566613,4.4168515,8.35783,2.193022,3
161793571283519,11140066613,4.4398823,8.355737,2.204986,3
161793573783519,11142566613,4.455137,8.357232,2.2002003,3
161793576283519,11145066613,4.4635115,8.345268,2.198705,3
161793578783519,11147566613,4.4922256,8.34467,2.1951156,3
161793581283519,11150066613,4.508078,8.3428755,2.201397,3
161793583783519,11152566613,4.5394835,8.330911,2.204986,3
161793586283519,11155066613,4.5562334,8.32134,2.2148564,3
161793588783519,11157566613,4.581358,8.323434,2.2121646,3
161793591283519,11160066613,4.592425,8.330612,2.2091734,3
161793593783519,11162566613,4.6064825,8.3219385,2.1993032,3
161793596283519,11165066613,4.610371,8.332407,2.1831515,3
161793598783519,11167566613,4.610371,8.336594,2.2019951,3
161793601283519,11170066613,4.604688,8.349156,2.1870399,3
161793603783519,11172566613,4.616054,8.344371,2.1966112,3
161793606283519,11175066613,4.6208396,8.354241,2.1954148,3
161793608783519,11177566613,4.619942,8.345268,2.1831515,3
161793611283519,11180066613,4.6136613,8.34467,2.1861427,3
161793613783519,11182566613,4.6118665,8.345866,2.1870399,3
161793616283519,11185066613,4.599304,8.3581295,2.1690936,3
161793618783519,11187566613,4.6025944,8.374879,2.164009,3
161793621283519,11190066613,4.581059,8.362018,2.1577277,3
161793623783519,11192566613,4.5631127,8.373981,2.1370897,3
161793626283519,11195066613,4.5505505,8.370393,2.1182463,3
161793628783519,11197566613,4.543372,8.382656,2.1104696,3
161793631283519,11200066613,4.537091,8.378768,2.1077776,3
161793633783519,11202566613,4.5263233,8.384151,2.0985055,3
161793636283519,11205066613,4.503292,8.389834,2.0934207,3
161793638783519,11207566613,4.4805603,8.381759,2.096711,3
161793641283519,11210066613,4.4745784,8.4012,2.0781665,3
161793643783519,11212566613,4.447958,8.387142,2.0880368,3
161793646283519,11215066613,4.4312086,8.384451,2.1020947,3
161793648783519,11217566613,4.42403,8.379366,2.0994027,3
161793651283519,11220066613,4.421936,8.370692,2.1131616,3
161793653783519,11222566613,4.4135613,8.367103,2.1101704,3
161793656283519,11225066613,4.4174495,8.369196,2.1400807,3
161793658783519,11227566613,4.4186463,8.367402,2.155335,3
161793661283519,11230066613,4.41416,8.365906,2.1870399,3
161793663783519,11232566613,4.4255257,8.358429,2.1804597,3
161793666283519,11235066613,4.435695,8.375776,2.1885355,3
161793668783519,11237566613,4.436592,8.37458,2.196013,3
161793671283519,11240066613,4.445565,8.380861,2.1951156,3
161793673783519,11242566613,4.47727,8.380562,2.2145574,3
161793676283519,11245066613,4.4982076,8.376375,2.216352,3
161793678783519,11247566613,4.505685,8.3784685,2.2082763,3
161793681283519,11250066613,4.517948,8.382656,2.1948166,3
161793683783519,11252566613,4.5269213,8.380263,2.1975086,3
161793686283519,11255066613,4.5275197,8.385049,2.1981068,3
161793688783519,11257566613,4.549354,8.378169,2.1667008,3
161793691283519,11260066613,4.5598226,8.35454,2.181058,3
161793693783519,11262566613,4.5634117,8.353344,2.1717856,3
161793696283519,11265066613,4.564608,8.343174,2.161317,3
161793698783519,11267566613,4.5705905,8.340183,2.1858435,3
161793701283519,11270066613,4.5592246,8.3377905,2.1888344,3
161793703783519,11272566613,4.540381,8.33121,2.1945174,3
161793706283519,11275066613,4.5430727,8.332407,2.1978076,3
161793708783519,11277566613,4.5131626,8.322536,2.2034905,3
161793711283519,11280066613,4.516154,8.322835,2.2097716,3
161793713783519,11282566613,4.5149574,8.309675,2.2181466,3
161793716283519,11285066613,4.512564,8.298608,2.2229323,3
161793718783519,11287566613,4.511069,8.316554,2.2298117,3
161793721283519,11290066613,4.5038905,8.314161,2.2067807,3
161793723783519,11292566613,4.5158544,8.317152,2.1951156,3
161793726283519,11295066613,4.516453,8.32463,2.184647,3
161793728783519,11297566613,4.5155554,8.330911,2.1655045,3
161793731283519,11300066613,4.5149574,8.327621,2.1379871,3
161793733783519,11302566613,4.5266223,8.32463,2.1269202,3
161793736283519,11305066613,4.5412784,8.310273,2.123331,3
161793738783519,11307566613,4.5526443,8.325527,2.0916262,3
161793741283519,11310066613,4.5487556,8.312068,2.1068804,3
161793743783519,11312566613,4.572086,8.293523,2.1017957,3
161793746283519,11315066613,4.58734,8.281559,2.0949163,3
161793748783519,11317566613,4.6118665,8.2609215,2.1104696,3
161793751283519,11320066613,4.616353,8.250452,2.1454647,3
161793753783519,11322566613,4.625625,8.254042,2.1502502,3
161793756283519,11325066613,4.619942,8.249256,2.1750758,3
161793758783519,11327566613,4.619344,8.266305,2.1894326,3
161793761283519,11330066613,4.6232324,8.268698,2.2055843,3
161793763783519,11332566613,4.6085763,8.269895,2.2262223,3
161793766283519,11335066613,4.596014,8.285447,2.2375882,3
161793768783519,11337566613,4.599005,8.297112,2.2495525,3
161793771283519,11340066613,4.5708895,8.308778,2.2531416,3
161793773783519,11342566613,4.5684967,8.323732,2.2342982,3
161793776283519,11345066613,4.555336,8.326724,2.2217357,3
161793778783519,11347566613,4.549653,8.345866,2.2160528,3
161793781283519,11350066613,4.5484567,8.355437,2.2055843,3
161793783783519,11352566613,4.54068,8.369495,2.172982,3
161793786283519,11355066613,4.5394835,8.3835535,2.1918256,3
161793788783519,11357566613,4.532903,8.386844,2.1655045,3
161793791283519,11360066613,4.5170507,8.397312,2.160719,3
161793793783519,11362566613,4.5011983,8.406285,2.1484556,3
161793796283519,11365066613,4.490431,8.413464,2.14367,3
161793798783519,11367566613,4.4748774,8.421539,2.1547368,3
161793801283519,11370066613,4.4542394,8.435597,2.1499512,3
161793803783519,11372566613,4.438387,8.421839,2.1675982,3
161793806283519,11375066613,4.432405,8.435896,2.1598215,3
161793808783519,11377566613,4.430311,8.423932,2.164308,3
161793811283519,11380066613,4.42732,8.433503,2.167299,3
161793813783519,11382566613,4.4207397,8.438588,2.1747768,3
161793816283519,11385066613,4.4174495,8.432307,2.1993032,3
161793818783519,11387566613,4.415356,8.448159,2.2265215,3
161793821283519,11390066613,4.4195433,8.443972,2.2435703,3
161793823783519,11392566613,4.4222355,8.444869,2.2555344,3
161793826283519,11395066613,4.4201417,8.446963,2.2558336,3
161793828783519,11397566613,4.4078784,8.46461,2.265704,3
161793831283519,11400066613,4.4174495,8.470293,2.268994,3
161793833783519,11402566613,4.4174495,8.476574,2.2782662,3
161793836283519,11405066613,4.4117665,8.480164,2.260021,3
161793838783519,11407566613,4.3944187,8.468498,2.2372892,3
161793841283519,11410066613,4.4186463,8.460124,2.216352,3
161793843783519,11412566613,4.4171505,8.444869,2.2064817,3
161793846283519,11415066613,4.406682,8.433803,2.1681964,3
161793848783519,11417566613,4.4111686,8.414361,2.1502502,3
161793851283519,11420066613,4.4057846,8.430512,2.1520448,3
161793853783519,11422566613,4.4111686,8.40479,2.1568305,3
161793856283519,11425066613,4.4078784,8.417053,2.1711874,3
161793858783519,11427566613,4.397111,8.420642,2.1852453,3
161793861283519,11430066613,4.3944187,8.428718,2.2103698,3
161793863783519,11432566613,4.3872404,8.42812,2.219044,3
161793866283519,11435066613,4.386343,8.429017,2.2417758,3
161793868783519,11437566613,4.383352,8.446364,2.2348964,3
161793871283519,11440066613,4.3785663,8.449356,2.231008,3
161793873783519,11442566613,4.376772,8.442776,2.2390838,3
161793876283519,11445066613,4.3782673,8.438588,2.2348964,3
161793878783519,11447566613,4.380959,8.429914,2.239383,3
161793881283519,11450066613,4.3794637,8.416156,2.2471595,3
161793883783519,11452566613,4.3725843,8.416754,2.2399812,3
161793886283519,11455066613,4.388437,8.409874,2.2262223,3
161793888783519,11457566613,4.3854456,8.412267,2.2468605,3
161793891283519,11460066613,4.392325,8.420642,2.2582264,3
161793893783519,11462566613,4.406981,8.414959,2.2561326,3
161793896283519,11465066613,4.408477,8.419446,2.2609184,3
161793898783519,11467566613,4.4078784,8.40808,2.2642083,3
161793901283519,11470066613,4.4258246,8.41795,2.2528424,3
161793903783519,11472566613,4.415655,8.4038925,2.2363918,3
161793906283519,11475066613,4.4255257,8.3994055,2.2528424,3
161793908783519,11477566613,4.429713,8.395218,2.283351,3
161793911283519,11480066613,4.41416,8.39821,2.309672,3
161793913783519,11482566613,4.4060836,8.406584,2.306382,3
161793916283519,11485066613,4.402794,8.402696,2.3129623,3
161793918783519,11487566613,4.393821,8.402696,2.335096,3
161793921283519,11490066613,4.3791647,8.420941,2.3353949,3
161793923783519,11492566613,4.366004,8.418249,2.3288147,3
161793926283519,11495066613,4.3438706,8.432606,2.3336003,3
161793928783519,11497566613,4.3259244,8.436793,2.3431716,3
161793931283519,11500066613,4.2969112,8.436195,2.3524437,3
161793933783519,11502566613,4.299304,8.453244,2.356332,3
161793936283519,11505066613,4.290032,8.439486,2.3425734,3
161793938783519,11507566613,4.288237,8.451151,2.3365912,3
161793941283519,11510066613,4.281358,8.454142,2.3422742,3
161793943783519,11512566613,4.2867417,8.456534,2.3189442,3
161793946283519,11515066613,4.301099,8.451449,2.3141587,3
161793948783519,11517566613,4.3124647,8.429017,2.312663,3
161793951283519,11520066613,4.3241296,8.430213,2.3216362,3
161793953783519,11522566613,4.3537407,8.420342,2.300998,3
161793956283519,11525066613,4.380361,8.413464,2.277668,3
161793958783519,11527566613,4.395914,8.413164,2.2639093,3
161793961283519,11530066613,4.415655,8.41795,2.2384856,3
161793963783519,11532566613,4.429115,8.405686,2.2196422,3
161793966283519,11535066613,4.4374895,8.402696,2.2002003,3
161793968783519,11537566613,4.447061,8.399107,2.2025933,3
161793971283519,11540066613,4.456632,8.392227,2.1765714,3
161793973783519,11542566613,4.44736,8.389834,2.1472592,3
161793976283519,11545066613,4.4581275,8.380263,2.1472592,3
161793978783519,11547566613,4.4632125,8.378768,2.1385853,3
161793981283519,11550066613,4.4662037,8.362317,2.120938,3
161793983783519,11552566613,4.4913282,8.368,2.1239293,3
161793986283519,11555066613,4.4982076,8.362018,2.1287148,3
161793988783519,11557566613,4.536792,8.360822,2.11705,3
161793991283519,11560066613,4.5634117,8.362915,2.120041,3
161793993783519,11562566613,4.579264,8.354839,2.1260228,3
161793996283519,11565066613,4.6007996,8.345567,2.1119652,3
161793998783519,11567566613,4.6202416,8.346464,2.0901306,3
161794001283519,11570066613,4.6375895,8.335697,2.1080768,3
161794003783519,11572566613,4.6468616,8.322835,2.0862422,3
161794006283519,11575066613,4.6576295,8.29771,2.0817556,3
161794008783519,11577566613,4.6725845,8.3013,2.0814567,3
161794011283519,11580066613,4.6968117,8.289934,2.0757737,3
161794013783519,11582566613,4.6929235,8.273783,2.099702,3
161794016283519,11585066613,4.700401,8.275278,2.1155543,3
161794018783519,11587566613,4.6878386,8.26481,2.1326032,3
161794021283519,11590066613,4.6818566,8.27468,2.134996,3
161794023783519,11592566613,4.6761737,8.275278,2.1424735,3
161794026283519,11595066613,4.6710887,8.269595,2.1690936,3
161794028783519,11597566613,4.65733,8.264212,2.1667008,3
161794031283519,11600066613,4.641777,8.259127,2.1843479,3
161794033783519,11602566613,4.6319065,8.258529,2.1738794,3
161794036283519,11605066613,4.6139603,8.256734,2.1735802,3
161794038783519,11607566613,4.6097727,8.249854,2.1681964,3
161794041283519,11610066613,4.6002016,8.244769,2.1693928,3
161794043783519,11612566613,4.5948176,8.240582,2.1945174,3
161794046283519,11615066613,4.601398,8.244769,2.2112672,3
161794048783519,11617566613,4.590032,8.242376,2.1999013,3
161794051283519,11620066613,4.581059,8.246564,2.1882362,3
161794053783519,11622566613,4.5837507,8.247163,2.164009,3
161794056283519,11625066613,4.5616174,8.235497,2.1646073,3
161794058783519,11627566613,4.5451665,8.244471,2.1490538,3
161794061283519,11630066613,4.551149,8.256434,2.14696,3
161794063783519,11632566613,4.53081,8.240283,2.129313,3
161794066283519,11635066613,4.5116673,8.243573,2.1182463,3
161794068783519,11637566613,4.497011,8.248359,2.1092732,3
161794071283519,11640066613,4.4874396,8.244171,2.114657,3
161794073783519,11642566613,4.475476,8.241778,2.1260228,3
161794076283519,11645066613,4.4748774,8.252846,2.1215365,3
161794078783519,11647566613,4.470092,8.261519,2.1427727,3
161794081283519,11650066613,4.467998,8.257631,2.1538396,3
161794083783519,11652566613,4.4805603,8.259127,2.1577277,3
161794086283519,11655066613,4.491627,8.265108,2.169692,3
161794088783519,11657566613,4.516752,8.275876,2.1664019,3
161794091283519,11660066613,4.529015,8.262417,2.1601207,3
161794093783519,11662566613,4.543671,8.252247,2.1361923,3
161794096283519,11665066613,4.570291,8.250154,2.1499512,3
161794098783519,11667566613,4.58734,8.235198,2.1574287,3
161794101283519,11670066613,4.592425,8.234301,2.1732812,3
161794103783519,11672566613,4.610371,8.220542,2.1843479,3
161794106283519,11675066613,4.6289153,8.199306,2.1906292,3
161794108783519,11677566613,4.639085,8.188239,2.1969104,3
161794111283519,11680066613,4.64058,8.17478,2.2328026,3
161794113783519,11682566613,4.653442,8.157432,2.2142582,3
161794116283519,11685066613,4.6561337,8.140981,2.2028923,3
161794118783519,11687566613,4.662714,8.13111,2.198705,3
161794121283519,11690066613,4.6674995,8.109276,2.1864417,3
161794123783519,11692566613,4.683053,8.099405,2.1708884,3
161794126283519,11695066613,4.680959,8.085348,2.1502502,3
161794128783519,11697566613,4.7045884,8.070692,2.1296122,3
161794131283519,11700066613,4.7306104,8.055139,2.1284158,3
161794133783519,11702566613,4.772186,8.036295,2.1502502,3
161794136283519,11705066613,4.8287163,8.014161,2.1723838,3
161794138783519,11707566613,4.8828535,8.020442,2.1909282,3
161794141283519,11710066613,4.919045,8.018049,2.2118654,3
161794143783519,11712566613,4.9636116,8.030014,2.1996021,3
161794146283519,11715066613,4.9812584,8.053044,2.1993032,3
161794148783519,11717566613,5.0012984,8.074281,2.2100708,3
161794151283519,11720066613,5.0156555,8.0868435,2.2118654,3
161794153783519,11722566613,5.0330033,8.116754,2.219343,3
161794156283519,11725066613,5.0102715,8.150552,2.2471595,3
161794158783519,11727566613,4.9899325,8.165507,2.2363918,3
161794161283519,11730066613,4.933701,8.213064,2.2378874,3
161794163783519,11732566613,4.8990054,8.254341,2.23699,3
161794166283519,11735066613,4.840082,8.288737,2.2363918,3
161794168783519,11737566613,4.769793,8.325827,2.245963,3
161794171283519,11740066613,4.703392,8.374879,2.2468605,3
161794173783519,11742566613,4.633103,8.415557,2.228017,3
161794176283519,11745066613,4.56072,8.453842,2.2112672,3
161794178783519,11747566613,4.4805603,8.479566,2.1993032,3
161794181283519,11750066613,4.4174495,8.510672,2.181357,3
161794183783519,11752566613,4.3480577,8.541479,2.1628125,3
161794186283519,11755066613,4.2837505,8.568997,2.1457636,3
161794188783519,11757566613,4.2248273,8.577372,2.1071794,3
161794191283519,11760066613,4.1590247,8.607282,2.076372,3
161794193783519,11762566613,4.115655,8.623733,2.0673988,3
161794196283519,11765066613,4.0824547,8.630612,2.053341,3
161794198783519,11767566613,4.0390844,8.64138,2.0231316,3
161794201283519,11770066613,4.0073795,8.648559,2.0051854,3
161794203783519,11772566613,3.9801614,8.64796,1.9872392,3
161794206283519,11775066613,3.9622152,8.638688,1.969293,3
161794208783519,11777566613,3.938586,8.653643,1.9642082,3
161794211283519,11780066613,3.9227335,8.643474,1.9977078,3
161794213783519,11782566613,3.9173498,8.626724,2.0168505,3
161794216283519,11785066613,3.9269211,8.610871,2.0656042,3
161794218783519,11787566613,3.944269,8.5779705,2.1272194,3
161794221283519,11790066613,3.9568315,8.528917,2.1759732,3
161794223783519,11792566613,3.9673,8.533703,2.1900308,3
161794226283519,11795066613,3.9681973,8.58814,2.2121646,3
161794228783519,11797566613,4.0005,8.612367,2.204986,3
161794231283519,11800066613,4.0471606,8.593523,2.2402802,3
161794233783519,11802566613,4.1024942,8.56481,2.274677,3
161794236283519,11805066613,4.1434717,8.549854,2.2701905,3
161794238783519,11807566613,4.2047877,8.529815,2.274976,3
161794241283519,11810066613,4.256532,8.516654,2.2836502,3
161794243783519,11812566613,4.317549,8.492725,2.2878375,3
161794246283519,11815066613,4.38066,8.472686,2.2971098,3
161794248783519,11817566613,4.4485564,8.456534,2.2932215,3
161794251283519,11820066613,4.5224347,8.448159,2.2686949,3
161794253783519,11822566613,4.571787,8.4400835,2.2286153,3
161794256283519,11825066613,4.616652,8.4248295,2.2073789,3
161794258783519,11827566613,4.668696,8.416156,2.1708884,3
161794261283519,11830066613,4.7159543,8.408678,2.1487548,3
161794263783519,11832566613,4.7545385,8.404191,2.1176481,3
161794266283519,11835066613,4.7781677,8.397312,2.0748763,3
161794268783519,11837566613,4.7934217,8.39133,2.0778673,3
161794271283519,11840066613,4.8062835,8.388638,2.1565313,3
161794273783519,11842566613,4.831707,8.368897,2.2301106,3
161794276283519,11845066613,4.8329034,8.357532,2.1981068,3
161794278783519,11847566613,4.8251266,8.326724,2.1095722,3
161794281283519,11850066613,4.8445687,8.278269,2.0383859,3
161794283783519,11852566613,4.881059,8.2456665,1.975275,3
161794286283519,11855066613,4.9363933,8.219346,1.9387846,3
161794288783519,11857566613,4.9782677,8.229815,1.9642082,3
161794291283519,11860066613,5.0159545,8.222636,1.9758734,3
161794293783519,11862566613,5.0676994,8.18794,1.963311,3
161794296283519,11865066613,5.1143594,8.13799,1.9450657,3
161794298783519,11867566613,5.162814,8.088339,1.9103698,3
161794301283519,11870066613,5.2181478,8.044071,1.87029,3
161794303783519,11872566613,5.3069816,7.981559,1.8514465,3
161794306283519,11875066613,5.3925247,7.9043903,1.8206389,3
161794308783519,11877566613,5.503193,7.819445,1.7871394,3
161794311283519,11880066613,5.5800624,7.757531,1.747957,3
161794313783519,11882566613,5.643472,7.6947193,1.6926229,3
161794316283519,11885066613,5.6853466,7.658229,1.6325033,3
161794318783519,11887566613,5.715855,7.6316085,1.5987046,3
161794321283519,11890066613,5.732904,7.5678997,1.5783657,3
161794323783519,11892566613,5.745765,7.5547395,1.5840486,3
161794326283519,11895066613,5.751448,7.527521,1.5789639,3
161794328783519,11897566613,5.757131,7.5050883,1.5774683,3
161794331283519,11900066613,5.751448,7.4650083,1.5774683,3
161794333783519,11902566613,5.745466,7.4599237,1.591227,3
161794336283519,11905066613,5.7113686,7.453942,1.5858432,3
161794338783519,11907566613,5.669793,7.443174,1.6238292,3
161794341283519,11910066613,5.628517,7.4362946,1.6516458,3
161794343783519,11912566613,5.5920267,7.416554,1.6854445,3
161794346283519,11915066613,5.5660048,7.382456,1.7129619,3
161794348783519,11917566613,5.549255,7.3340015,1.747957,3
161794351283519,11920066613,5.5429735,7.289435,1.7784654,3
161794353783519,11922566613,5.542076,7.248458,1.7718852,3
161794356283519,11925066613,5.5250273,7.2215385,1.8008982,3
161794358783519,11927566613,5.5253267,7.181459,1.852942,3
161794361283519,11930066613,5.5283175,7.1374907,1.9013968,3
161794363783519,11932566613,5.5298133,7.084849,1.96361,3
161794366283519,11935066613,5.543572,7.0205417,2.012962,3
161794368783519,11937566613,5.555237,6.9711895,2.0545373,3
161794371283519,11940066613,5.556732,6.922735,2.0751755,3
161794373783519,11942566613,5.570192,6.8775706,2.129313,3
161794376283519,11945066613,5.588138,6.832107,2.1517458,3
161794378783519,11947566613,5.6090755,6.780661,2.202294,3
161794381283519,11950066613,5.643771,6.733702,2.2728825,3
161794383783519,11952566613,5.646164,6.675377,2.3389843,3
161794386283519,11955066613,5.628816,6.6541405,2.3802602,3
161794388783519,11957566613,5.5947185,6.6568327,2.417648,3
161794391283519,11960066613,5.5725846,6.672984,2.5265217,3
161794393783519,11962566613,5.5830536,6.6738815,2.6928227,3
161794396283519,11965066613,5.5719867,6.675377,2.8860433,3
161794398783519,11967566613,5.471488,6.7594247,2.9243283,3
161794401283519,11970066613,5.418846,6.871588,2.8046873,3
161794403783519,11972566613,5.4167523,6.9445696,2.7738798,3
161794406283519,11975066613,5.466104,6.9822564,2.8432715,3
161794408783519,11977566613,5.526822,7.0190463,2.906083,3
161794411283519,11980066613,5.5911293,7.0450683,2.925824,3
161794413783519,11982566613,5.666204,7.070791,2.883052,3
161794416283519,11985066613,5.7541404,7.0728846,2.8025935,3
161794418783519,11987566613,5.81755,7.079465,2.6823542,3
161794421283519,11990066613,5.8525453,7.1153574,2.530709,3
161794423783519,11992566613,5.8917274,7.16112,2.3787649,3
161794426283519,11995066613,5.921937,7.2137623,2.2618155,3
161794428783519,11997566613,5.964709,7.295118,2.1720848,3
161794431283519,12000066613,5.9937215,7.391429,2.1026928,3
161794433783519,12002566613,6.0116677,7.4739814,2.0407786,3
161794436283519,12005066613,6.029614,7.568199,1.9902302,3
161794438783519,12007566613,6.005985,7.655836,1.9495523,3
161794441283519,12010066613,5.922535,7.7497544,1.9136599,3
161794443783519,12012566613,5.8073807,7.8335032,1.8717855,3
161794446283519,12015066613,5.6671014,7.9576306,1.8113668,3
161794448783519,12017566613,5.5241303,8.077271,1.7635103,3
161794451283519,12020066613,5.305486,8.165507,1.7386848,3
161794453783519,12022566613,5.085346,8.206783,1.7718852,3
161794456283519,12025066613,4.8714876,8.274081,1.6761723,3
161794458783519,12027566613,4.640281,8.403294,1.5598212,3
161794461283519,12030066613,4.406981,8.523234,1.4506488,3
161794463783519,12032566613,4.185645,8.625527,1.3806586,3
161794466283519,12035066613,3.9888353,8.729615,1.2675978,3
161794468783519,12037566613,3.8443687,8.82832,1.1997014,3
161794471283519,12040066613,3.6723845,8.885747,1.2122638,3
161794473783519,12042566613,3.5126636,8.942576,1.2711871,3
161794476283519,12045066613,3.3610184,8.9877405,1.340878,3
161794478783519,12047566613,3.2264223,9.015857,1.4324034,3
161794481283519,12050066613,3.1049864,9.036494,1.5496517,3
161794483783519,12052566613,2.9949167,9.071489,1.6833507,3
161794486283519,12055066613,2.8776684,9.0849495,1.8451654,3
161794488783519,12057566613,2.7672994,9.108877,2.0291135,3
161794491283519,12060066613,2.6518457,9.125926,2.1861427,3
161794493783519,12062566613,2.5289145,9.150752,2.2938197,3
161794496283519,12065066613,2.4023938,9.157033,2.4098716,3
161794498783519,12067566613,2.289333,9.145667,2.559722,3
161794501283519,12070066613,2.1939192,9.145667,2.7532415,3
161794503783519,12072566613,2.0982063,9.188439,2.9650064,3
161794506283519,12075066613,1.9908284,9.259326,3.1139596,3
161794508783519,12077566613,1.8882362,9.323933,3.2467613,3
161794511283519,12080066613,1.806282,9.391829,3.3687952,3
161794513783519,12082566613,1.7330018,9.460323,3.4827533,3
161794516283519,12085066613,1.6450655,9.506684,3.6005998,3
161794518783519,12087566613,1.5678971,9.5557375,3.702893,3
161794521283519,12090066613,1.4997016,9.598509,3.8228333,3
161794523783519,12092566613,1.448555,9.634102,3.9296129,3
161794526283519,12095066613,1.4099708,9.667302,4.02054,3
161794528783519,12097566613,1.3627125,9.682258,4.106383,3
161794531283519,12100066613,1.329213,9.6783695,4.187739,3
161794533783519,12102566613,1.2634103,9.671789,4.263711,3
161794536283519,12105066613,1.2385849,9.631709,4.3722854,3
161794538783519,12107566613,1.1976078,9.592228,4.471587,3
161794541283519,12110066613,1.1790633,9.562916,4.5673003,3
161794543783519,12112566613,1.1871392,9.525827,4.6411786,3
161794546283519,12115066613,1.2146566,9.48814,4.7156553,3
161794548783519,12117566613,1.250848,9.467801,4.772485,3
161794551283519,12120066613,1.3196417,9.444471,4.7306104,3
161794553783519,12122566613,1.3740784,9.416057,4.692026,3
161794556283519,12125066613,1.43689,9.42174,4.6031923,3
161794558783519,12127566613,1.5197415,9.432806,4.4928236,3
161794561283519,12130066613,1.5945172,9.447462,4.395615,3
161794563783519,12132566613,1.6510476,9.471989,4.24726,3
161794566283519,12135066613,1.6737795,9.516854,4.0923247,3
161794568783519,12137566613,1.6875381,9.560523,3.9625144,3
161794571283519,12140066613,1.6884354,9.605389,3.8551364,3
161794573783519,12142566613,1.6983058,9.649357,3.7737803,3
161794576283519,12145066613,1.7033906,9.685548,3.691228,3
161794578783519,12147566613,1.7036897,9.7145605,3.6116667,3
161794581283519,12150066613,1.6857436,9.739387,3.51386,3
161794583783519,12152566613,1.6561323,9.750752,3.4073794,3
161794586283519,12155066613,1.5960127,9.740284,3.3463624,3
161794588783519,12157566613,1.5050855,9.744172,3.272484,3
161794591283519,12160066613,1.390529,9.746864,3.2240293,3
161794593783519,12162566613,1.2610176,9.767801,3.1438699,3
161794596283519,12165066613,1.1309078,9.807881,3.095415,3
161794598783519,12167566613,0.99661064,9.81506,3.0708888,3
161794601283519,12170066613,0.82612205,9.829117,3.083451,3
161794603783519,12172566613,0.69930243,9.837791,3.1396823,3
161794606283519,12175066613,0.57816577,9.859925,3.2072797,3
161794608783519,12177566613,0.46959144,9.880263,3.278167,3
161794611283519,12180066613,0.37058842,9.903594,3.339483,3
161794613783519,12182566613,0.2970091,9.942178,3.3945181,3
161794616283519,12185066613,0.20727827,9.961021,3.420839,3
161794618783519,12187566613,0.14476576,9.97149,3.4142587,3
161794621283519,12190066613,0.0951147,9.993026,3.4205399,3
161794623783519,12192566613,0.070289165,10.006784,3.431906,3
161794626283519,12195066613,0.0634098,9.995419,3.4334013,3
161794628783519,12197566613,0.08015956,9.980463,3.4402807,3
161794631283519,12200066613,0.13489537,9.963414,3.4423745,3
161794633783519,12202566613,0.20967108,9.919745,3.4052858,3
161794636283519,12205066613,0.3062813,9.866505,3.3607194,3
161794638783519,12207566613,0.424726,9.799805,3.295515,3
161794641283519,12210066613,0.535095,9.739087,3.255136,3
161794643783519,12212566613,0.64905316,9.654441,3.2180474,3
161794646283519,12215066613,0.7606185,9.568001,3.158526,3
161794648783519,12217566613,0.89730847,9.504292,3.1025937,3
161794651283519,12220066613,1.0253245,9.4280205,3.0664022,3
161794653783519,12222566613,1.1416755,9.36162,3.0296125,3
161794656283519,12225066613,1.2756736,9.270393,2.978466,3
161794658783519,12227566613,1.4042878,9.193225,2.9219356,3
161794661283519,12230066613,1.5146568,9.107681,2.8570302,3
161794663783519,12232566613,1.6295122,9.038888,2.7996025,3
161794666283519,12235066613,1.7428722,8.970991,2.7266214,3
161794668783519,12237566613,1.8487546,8.911469,2.7041886,3
161794671283519,12240066613,1.9211375,8.864211,2.690131,3
161794673783519,12242566613,2.0060828,8.829515,2.7044878,3
161794676283519,12245066613,2.0685952,8.79811,2.7511477,3
161794678783519,12247566613,2.114657,8.76491,2.8268209,3
161794681283519,12250066613,2.140978,8.776874,2.917449,3
161794683783519,12252566613,2.146661,8.785249,3.019443,3
161794686283519,12255066613,2.1305094,8.7984085,3.1061828,3
161794688783519,12257566613,2.1000009,8.822038,3.2333016,3
161794691283519,12260066613,2.0500507,8.846864,3.356831,3
161794693783519,12262566613,1.9815563,8.873783,3.4672,3
161794696283519,12265066613,1.9366908,8.903693,3.4983068,3
161794698783519,12267566613,1.881955,8.93151,3.539882,3
161794701283519,12270066613,1.8278174,8.959925,3.560221,3
161794703783519,12272566613,1.7673986,8.982955,3.5865421,3
161794706283519,12275066613,1.7102699,8.996714,3.649952,3
161794708783519,12277566613,1.66361,9.026026,3.6532419,3
161794711283519,12280066613,1.6193427,9.064311,3.6427734,3
161794713783519,12282566613,1.5517455,9.079267,3.6044881,3
161794716283519,12285066613,1.5164514,9.089735,3.572185,3
161794718783519,12287566613,1.5080764,9.071191,3.510869,3
161794721283519,12290066613,1.5161523,9.045169,3.449852,3
161794723783519,12292566613,1.5293127,9.016156,3.3705897,3
161794726283519,12295066613,1.5601203,8.969795,3.2913275,3
161794728783519,12297566613,1.5858432,8.938987,3.2240293,3
161794731283519,12300066613,1.6199409,8.889037,3.165106,3
161794733783519,12302566613,1.6680965,8.851051,3.0966115,3
161794736283519,12305066613,1.7201403,8.828618,3.0260234,3
161794738783519,12307566613,1.7766708,8.818449,2.9428728,3
161794741283519,12310066613,1.8275183,8.784949,2.8836503,3
161794743783519,12312566613,1.9121644,8.759825,2.821437,3
161794746283519,12315066613,1.9872392,8.722735,2.7616165,3
161794748783519,12317566613,2.082653,8.690732,2.7358935,3
161794751283519,12320066613,2.1735802,8.646764,2.7248268,3
161794753783519,12322566613,2.2648067,8.606684,2.745764,3
161794756283519,12325066613,2.350649,8.570493,2.7861428,3
161794758783519,12327566613,2.439782,8.535198,2.7592237,3
161794761283519,12330066613,2.4918256,8.495118,2.7658038,3
161794763783519,12332566613,2.5636103,8.4705925,2.8034909,3
161794766283519,12335066613,2.6321049,8.45474,2.8426733,3
161794768783519,12337566613,2.7000012,8.439785,2.8671997,3
161794771283519,12340066613,2.7583263,8.438588,2.8908288,3
161794773783519,12342566613,2.8025935,8.420642,2.952444,3
161794776283519,12345066613,2.819044,8.43799,2.990729,3
161794778783519,12347566613,2.8378878,8.443074,3.0188448,3
161794781283519,12350066613,2.8148568,8.464311,3.0532417,3
161794783783519,12352566613,2.8055844,8.490034,3.1166515,3
161794786283519,12355066613,2.7930222,8.5118685,3.2105699,3
161794788783519,12357566613,2.7723842,8.509476,3.275176,3
161794791283519,12360066613,2.7816563,8.486444,3.3499517,3
161794793783519,12362566613,2.7622147,8.487641,3.3777683,3
161794796283519,12365066613,2.7750762,8.453544,3.3957145,3
161794798783519,12367566613,2.7870402,8.4146595,3.383152,3
161794801283519,12370066613,2.7699914,8.400303,3.3756745,3
161794803783519,12372566613,2.719742,8.406584,3.368197,3
161794806283519,12375066613,2.641078,8.422437,3.371188,3
161794808783519,12377566613,2.5860431,8.421839,3.3930225,3
161794811283519,12380066613,2.5148566,8.423633,3.411866,3
161794813783519,12382566613,2.4385853,8.432606,3.4085758,3
161794816283519,12385066613,2.3392832,8.481659,3.3690944,3
161794818783519,12387566613,2.2468605,8.528917,3.377469,3
161794821283519,12390066613,2.178665,8.546864,3.3846476,3
161794823783519,12392566613,2.1230319,8.56122,3.403192,3
161794826283519,12395066613,2.0659032,8.575577,3.385545,3
161794828783519,12397566613,2.0105693,8.59113,3.3634114,3
161794831283519,12400066613,1.9567307,8.612666,3.3484561,3
161794833783519,12402566613,1.9265213,8.630313,3.3373895,3
161794836283519,12405066613,1.8981066,8.63809,3.365505,3
161794838783519,12407566613,1.9010975,8.656634,3.3592238,3
161794841283519,12410066613,1.9121644,8.663513,3.3601213,3
161794843783519,12412566613,1.9253249,8.680562,3.347858,3
161794846283519,12415066613,1.9495523,8.680562,3.3412778,3
161794848783519,12417566613,1.9695921,8.679665,3.318845,3
161794851283519,12420066613,2.003989,8.679366,3.2952158,3
161794853783519,12422566613,2.044667,8.679067,3.281158,3
161794856283519,12425066613,2.0793629,8.659027,3.2359936,3
161794858783519,12427566613,2.1104696,8.6548395,3.2473595,3
161794861283519,12430066613,2.1502502,8.623733,3.1869407,3
161794863783519,12432566613,2.1637099,8.620144,3.176173,3
161794866283519,12435066613,2.1577277,8.598907,3.1698918,3
161794868783519,12437566613,2.1502502,8.617152,3.173481,3
161794871283519,12440066613,2.1317058,8.630014,3.1591241,3
161794873783519,12442566613,2.1185453,8.653344,3.1591241,3
161794876283519,12445066613,2.1071794,8.669795,3.1926236,3
161794878783519,12447566613,2.0919251,8.721839,3.223431,3
161794881283519,12450066613,2.0673988,8.753842,3.286542,3
161794883783519,12452566613,2.024627,8.779864,3.3457642,3
161794886283519,12455066613,1.9845473,8.809176,3.4085758,3
161794888783519,12457566613,1.9214365,8.833703,3.4567313,3
161794891283519,12460066613,1.8523438,8.863015,3.5042887,3
161794893783519,12462566613,1.7835501,8.890832,3.577569,3
161794896283519,12465066613,1.6923238,8.923733,3.6496527,3
161794898783519,12467566613,1.6127625,8.94138,3.7217364,3
161794901283519,12470066613,1.5346966,8.966505,3.7977087,3
161794903783519,12472566613,1.4733806,8.968598,3.894618,3
161794906283519,12475066613,1.4279169,8.985947,3.9777687,3
161794908783519,12477566613,1.3953147,8.99821,4.0031924,3
161794911283519,12480066613,1.3938192,8.99133,4.0157547,3
161794913783519,12482566613,1.404886,8.974281,4.025027,3
161794916283519,12485066613,1.4255241,8.951849,4.045665,3
161794918783519,12487566613,1.4350954,8.925228,4.0444684,3
161794921283519,12490066613,1.442872,8.915359,4.0441694,3
161794923783519,12492566613,1.4581263,8.926724,4.0438704,3
161794926283519,12495066613,1.4679967,8.926724,4.0773697,3
161794928783519,12497566613,1.4853446,8.922237,4.05733,3
161794931283519,12500066613,1.4961123,8.920443,4.0612183,3
161794933783519,12502566613,1.5023935,8.905189,4.107878,3
161794936283519,12505066613,1.5173486,8.892925,4.1207395,3
161794938783519,12507566613,1.5155541,8.876774,4.083651,3
161794941283519,12510066613,1.5263218,8.85823,4.028915,3
161794943783519,12512566613,1.5047864,8.848359,4.0124645,3
161794946283519,12515066613,1.5059828,8.8492565,3.9741793,3
161794948783519,12517566613,1.494916,8.847761,3.9287157,3
161794951283519,12520066613,1.4659029,8.831908,3.8650067,3
161794953783519,12522566613,1.4491532,8.815457,3.8204405,3
161794956283519,12525066613,1.4353945,8.830712,3.786941,3
161794958783519,12527566613,1.4141582,8.826823,3.7573297,3
161794961283519,12530066613,1.37019,8.845069,3.7444685,3
161794963783519,12532566613,1.3067802,8.868399,3.705585,3
161794966283519,12535066613,1.2317054,8.893225,3.6792638,3
161794968783519,12537566613,1.1572288,8.919845,3.6460636,3
161794971283519,12540066613,1.0863415,8.933603,3.6448672,3
161794973783519,12542566613,1.0115658,8.956036,3.67388,3
161794976283519,12545066613,0.93559366,8.984152,3.7214375,3
161794978783519,12547566613,0.86081797,9.009576,3.7824545,3
161794981283519,12550066613,0.78783685,9.02453,3.8697925,3
161794983783519,12552566613,0.721436,9.0436735,3.9601214,3
161794986283519,12555066613,0.67028946,9.0595255,4.067499,3
161794988783519,12557566613,0.60598236,9.063115,4.191627,3
161794991283519,12560066613,0.54287165,9.060722,4.328915,3
161794993783519,12562566613,0.47258246,9.043972,4.4339004,3
161794996283519,12565066613,0.40917268,9.047562,4.537091,3
161794998783519,12567566613,0.36370903,9.040084,4.638487,3
161795001283519,12570066613,0.32362926,9.025128,4.770092,3
161795003783519,12572566613,0.29102704,9.003893,4.886443,3
161795006283519,12575066613,0.28265217,8.972188,4.983053,3
161795008783519,12577566613,0.2832504,8.947362,5.034798,3
161795011283519,12580066613,0.31615168,8.920443,5.0718865,3
161795013783519,12582566613,0.38255253,8.89113,5.092824,3
161795016283519,12585066613,0.45134616,8.853444,5.0943193,3
161795018783519,12587566613,0.5422734,8.796016,5.0922256,3
161795021283519,12590066613,0.6481558,8.749954,5.0862436,3
161795023783519,12592566613,0.73788667,8.701798,5.0545387,3
161795026283519,12595066613,0.8467601,8.645567,5.023731,3
161795028783519,12597566613,0.9529416,8.583952,4.9845486,3
161795031283519,12600066613,1.0525428,8.544769,4.938487,3
161795033783519,12602566613,1.1404791,8.517551,4.893023,3
161795036283519,12605066613,1.2352947,8.482556,4.8448677,3
161795038783519,12607566613,1.326222,8.451749,4.7799625,3
161795041283519,12610066613,1.4159528,8.403294,4.77069,3
161795043783519,12612566613,1.515255,8.372486,4.7856455,3
161795046283519,12615066613,1.6073786,8.325228,4.8287163,3
161795048783519,12617566613,1.6881363,8.279764,4.8714876,3
161795051283519,12620066613,1.7473587,8.226225,4.8601217,3
161795053783519,12622566613,1.8023937,8.191529,4.857729,3
161795056283519,12625066613,1.8571295,8.17448,4.851747,3
161795058783519,12627566613,1.9148563,8.161918,4.8305106,3
161795061283519,12630066613,1.9522442,8.157432,4.7916274,3
161795063783519,12632566613,1.9722841,8.162517,4.70399,3
161795066283519,12635066613,1.9746768,8.205587,4.6208396,3
161795068783519,12637566613,1.948954,8.241778,4.4928236,3
161795071283519,12640066613,1.9154545,8.308179,4.342076,3
161795073783519,12642566613,1.8421743,8.3784685,4.2038903,3
161795076283519,12645066613,1.777269,8.442776,4.0887356,3
161795078783519,12647566613,1.6902301,8.506186,3.9909291,3
161795081283519,12650066613,1.6037893,8.545966,3.8997028,3
161795083783519,12652566613,1.5137594,8.581261,3.827918,3
161795086283519,12655066613,1.3998013,8.636594,3.772285,3
161795088783519,12657566613,1.2759727,8.674581,3.73729,3
161795091283519,12660066613,1.1563315,8.714062,3.7420754,3
161795093783519,12662566613,1.0390832,8.75474,3.7516468,3
161795096283519,12665066613,0.9203394,8.786445,3.7908292,3
161795098783519,12667566613,0.80757767,8.806784,3.8383865,3
161795101283519,12670066613,0.7157531,8.837293,3.8668015,3
161795103783519,12672566613,0.63559353,8.832506,3.9047875,3
161795106283519,12675066613,0.55483574,8.823533,3.984947,3
161795108783519,12677566613,0.48873404,8.819645,4.069294,3
161795111283519,12680066613,0.45134616,8.804091,4.173083,3
161795113783519,12682566613,0.4118646,8.774481,4.255336,3
161795116283519,12685066613,0.4004987,8.736495,4.342375,3
161795118783519,12687566613,0.40378883,8.700603,4.417749,3
161795121283519,12690066613,0.42861435,8.667103,4.531109,3
161795123783519,12692566613,0.4621139,8.616854,4.645964,3
161795126283519,12695066613,0.4989035,8.563613,4.747958,3
161795128783519,12697566613,0.5509474,8.515159,4.822136,3
161795131283519,12700066613,0.61046886,8.481061,4.883153,3
161795133783519,12702566613,0.68105716,8.420941,4.980062,3
161795136283519,12705066613,0.7585248,8.365009,5.028218,3
161795138783519,12707566613,0.83988076,8.307581,5.0697927,3
161795141283519,12710066613,0.9391829,8.262715,5.1029935,3
161795143783519,12712566613,1.0477573,8.224132,5.096114,3
161795146283519,12715066613,1.1338989,8.188239,5.061418,3
161795148783519,12717566613,1.2224332,8.126624,5.0392847,3
161795151283519,12720066613,1.3082758,8.090432,5.0120664,3
161795153783519,12722566613,1.3848461,8.058129,4.985147,3
161795156283519,12725066613,1.4413766,8.021041,4.9809594,3
161795158783519,12727566613,1.4919249,7.9983087,4.996812,3
161795161283519,12730066613,1.5233307,7.978568,5.011169,3
161795163783519,12732566613,1.5568303,7.9779696,5.029115,3
161795166283519,12735066613,1.5957136,7.9746795,5.0327044,3
161795168783519,12737566613,1.5026926,8.024331,5.003691,3
161795171283519,12740066613,1.4090735,8.069495,4.9995036,3
161795173783519,12742566613,1.3926228,8.058429,4.9755754,3
161795176283519,12745066613,1.4120644,8.030612,4.9286165,3
161795178783519,12747566613,1.4327025,8.009376,4.866702,3
161795181283519,12750066613,1.434198,8.016255,4.8355956,3
161795183783519,12752566613,1.3953147,8.043473,4.8601217,3
161795186283519,12755066613,1.3354942,8.040183,4.901099,3
161795188783519,12757566613,1.2750753,8.050652,4.901099,3
161795191283519,12760066613,1.2287145,8.073982,4.903791,3
161795193783519,12762566613,1.1682956,8.098807,4.948058,3
161795196283519,12765066613,1.1177473,8.1179495,4.968696,3
161795198783519,12767566613,1.0597214,8.139186,4.95404,3
161795201283519,12770066613,1.0112667,8.149056,4.9378886,3
161795203783519,12772566613,0.95712906,8.168498,4.941478,3
161795206283519,12775066613,0.9137592,8.178668,4.9489555,3
161795208783519,12777566613,0.8596215,8.167003,4.983651,3
161795211283519,12780066613,0.80967134,8.154441,5.01745,3
161795213783519,12782566613,0.7612167,8.153842,5.05753,3
161795216283519,12785066613,0.72412795,8.146365,5.130212,3
161795218783519,12787566613,0.6906284,8.137392,5.2166524,3
161795221283519,12790066613,0.67118675,8.107481,5.2827544,3
161795223783519,12792566613,0.657428,8.07458,5.391628,3
161795226283519,12795066613,0.65952176,8.052746,5.4777694,3
161795228783519,12797566613,0.66729844,8.036295,5.535496,3
161795231283519,12800066613,0.6753742,8.015656,5.56092,3
161795233783519,12802566613,0.71665037,7.9800634,5.5573306,3
161795236283519,12805066613,0.74207413,7.945368,5.5133624,3
161795238783519,12807566613,0.77377903,7.9130645,5.502894,3
161795241283519,12810066613,0.8324032,7.8756766,5.4852467,3
161795243783519,12812566613,0.87936234,7.829914,5.491229,3
161795246283519,12815066613,0.92273223,7.793124,5.485845,3
161795248783519,12817566613,0.96430755,7.760223,5.492126,3
161795251283519,12820066613,0.99601245,7.733603,5.5343,3
161795253783519,12822566613,1.0211371,7.717451,5.529215,3
161795256283519,12825066613,1.0525428,7.7147593,5.5396833,3
161795258783519,12827566613,1.055833,7.735996,5.560621,3
161795261283519,12830066613,1.055833,7.7276206,5.5887365,3
161795263783519,12832566613,1.055833,7.7186475,5.6578293,3
161795266283519,12835066613,1.0504491,7.7333035,5.718547,3
161795268783519,12837566613,1.0187442,7.724929,5.744569,3
161795271283519,12840066613,0.9702896,7.7404823,5.802595,3
161795273783519,12842566613,0.9448658,7.752745,5.8354964,3
161795276283519,12845066613,0.93679005,7.7353973,5.8911295,3
161795278783519,12847566613,0.8952148,7.7386875,5.9210396,3
161795281283519,12850066613,0.84347,7.759924,5.869893,3
161795283783519,12852566613,0.8001001,7.780562,5.8226347,3
161795286283519,12855066613,0.74416786,7.824231,5.8079786,3
161795288783519,12857566613,0.6966105,7.8831544,5.771189,3
161795291283519,12860066613,0.6481558,7.953144,5.7080784,3
161795293783519,12862566613,0.58265233,8.003992,5.656633,3
161795296283519,12865066613,0.55393845,8.054839,5.582156,3
161795298783519,12867566613,0.5087739,8.088937,5.503193,3
161795301283519,12870066613,0.46929234,8.140981,5.4424753,3
161795303783519,12872566613,0.41964126,8.1687975,5.3611193,3
161795306283519,12875066613,0.37716866,8.186444,5.2806606,3
161795308783519,12877566613,0.3179463,8.187342,5.17418,3
161795311283519,12880066613,0.27846473,8.185248,5.0742793,3
161795313783519,12882566613,0.22612174,8.167601,5.0330033,3
161795316283519,12885066613,0.18275183,8.162815,4.9938207,3
161795318783519,12887566613,0.13549358,8.178668,4.985745,3
161795321283519,12890066613,0.09960124,8.180163,5.001897,3
161795323783519,12892566613,0.07477571,8.180163,5.0270214,3
161795326283519,12895066613,0.0840479,8.182257,5.072485,3
161795328783519,12897566613,0.07986046,8.173284,5.1457653,3
161795331283519,12900066613,0.08853444,8.154141,5.2420764,3
161795333783519,12902566613,0.13549358,8.126026,5.3333025,3
161795336283519,12905066613,0.1689931,8.084451,5.3973107,3
161795338783519,12907566613,0.2228316,8.04796,5.441578,3
161795341283519,12910066613,0.2745764,7.9974113,5.488238,3
161795343783519,12912566613,0.33080772,7.9390864,5.555237,3
161795346283519,12915066613,0.4001996,7.8924265,5.5926247,3
161795348783519,12917566613,0.4543372,7.8296146,5.6470613,3
161795351283519,12920066613,0.52911294,7.789535,5.7113686,3
161795353783519,12922566613,0.6134599,7.7425756,5.791229,3
161795356283519,12925066613,0.70678,7.7033935,5.881259,3
161795358783519,12927566613,0.78813595,7.661818,5.9551373,3
161795361283519,12930066613,0.8467601,7.6328053,6.0523458,3
161795363783519,12932566613,0.91405827,7.57777,6.145965,3
161795366283519,12935066613,0.94366944,7.54786,6.24766,3
161795368783519,12937566613,0.9559326,7.5272217,6.337989,3
161795371283519,12940066613,0.95832545,7.50449,6.4492555,3
161795373783519,12942566613,0.9445667,7.498508,6.5201426,3
161795376283519,12945066613,0.92153585,7.4829545,6.582356,3
161795378783519,12947566613,0.87996054,7.483852,6.643971,3
161795381283519,12950066613,0.84735835,7.4823565,6.7172513,3
161795383783519,12952566613,0.7965108,7.4766736,6.7483582,3
161795386283519,12955066613,0.7501499,7.475477,6.7483582,3
161795388783519,12957566613,0.7007979,7.4793653,6.732805,3
161795391283519,12960066613,0.64606214,7.4796643,6.6622167,3
161795393783519,12962566613,0.6113662,7.4886374,6.619445,3
161795396283519,12965066613,0.58564335,7.5032935,6.5572314,3
161795398783519,12967566613,0.55453664,7.5089765,6.519245,3
161795401283519,12970066613,0.5285147,7.5269227,6.460322,3
161795403783519,12972566613,0.49800622,7.5433736,6.369096,3
161795406283519,12975066613,0.46869412,7.5604224,6.2715883,3
161795408783519,12977566613,0.43669012,7.5846496,6.1857457,3
161795411283519,12980066613,0.4235296,7.6019974,6.1331034,3
161795413783519,12982566613,0.4103691,7.609176,6.090631,3
161795416283519,12985066613,0.38614175,7.5993056,6.0664034,3
161795418783519,12987566613,0.35114673,7.6011004,6.0170517,3
161795421283519,12990066613,0.33409786,7.6085777,6.047261,3
161795423783519,12992566613,0.32063824,7.6253276,6.0894346,3
161795426283519,12995066613,0.32841492,7.615756,6.1393847,3
161795428783519,12997566613,0.33529428,7.603493,6.2258253,3
161795431283519,13000066613,0.3400799,7.5981092,6.326623,3
161795433783519,13002566613,0.36460635,7.5750785,6.4295144,3
161795436283519,13005066613,0.37268212,7.5472617,6.530312,3
161795438783519,13007566613,0.3714857,7.517052,6.6182485,3
161795441283519,13010066613,0.3909274,7.4865437,6.741479,3
161795443783519,13012566613,0.4109673,7.4709907,6.8312097,3
161795446283519,13015066613,0.43429732,7.448259,6.9041905,3
161795448783519,13017566613,0.4755735,7.428817,6.9206414,3
161795451283519,13020066613,0.53300124,7.4042907,6.9448686,3
161795453783519,13022566613,0.60388863,7.361818,6.971489,3
161795456283519,13025066613,0.6664011,7.32443,6.9876404,3
161795458783519,13027566613,0.7223333,7.2696943,7.048358,3
161795461283519,13030066613,0.79950184,7.236793,7.0992055,3
161795463783519,13032566613,0.84017986,7.2023964,7.1282187,3
161795466283519,13035066613,0.87996054,7.1491556,7.1228347,3
161795468783519,13037566613,0.89760756,7.118049,7.0779696,3
161795471283519,13040066613,0.907478,7.0953174,7.051349,3
161795473783519,13042566613,0.9164511,7.0675006,7.0408807,3
161795476283519,13045066613,0.89282197,7.049854,7.038189,3
161795478783519,13047566613,0.8808578,7.0319076,7.0133634,3
161795481283519,13050066613,0.84017986,7.033403,7.033104,3
161795483783519,13052566613,0.80907315,7.0280194,7.049854,3
161795486283519,13055066613,0.76600236,7.0262246,7.082456,3
161795488783519,13057566613,0.7319046,7.033403,7.1342006,3
161795491283519,13060066613,0.67417777,7.0435724,7.201499,3
161795493783519,13062566613,0.622433,7.0636125,7.2233334,3
161795496283519,13065066613,0.54735816,7.0863442,7.2957163,3
161795498783519,13067566613,0.5084748,7.0959153,7.359724,3
161795501283519,13070066613,0.47078785,7.0869427,7.4333034,3
161795503783519,13072566613,0.44626144,7.075577,7.4850483,3
161795506283519,13075066613,0.4456632,7.0618176,7.52453,3
161795508783519,13077566613,0.43070808,7.056733,7.550851,3
161795511283519,13080066613,0.41605204,7.036693,7.5263247,3
161795513783519,13082566613,0.40797627,7.0375905,7.495517,3
161795516283519,13085066613,0.39780676,7.0340014,7.4823565,3
161795518783519,13087566613,0.39391842,7.0375905,7.4994054,3
161795521283519,13090066613,0.3912265,7.029515,7.499106,3
161795523783519,13092566613,0.3906283,7.036394,7.4922266,3
161795526283519,13095066613,0.39541394,7.042077,7.5230346,3
161795528783519,13097566613,0.37686956,7.047461,7.5215387,3
161795531283519,13100066613,0.3684947,7.0465636,7.528418,3
161795533783519,13102566613,0.36311084,7.044171,7.525128,3
161795536283519,13105066613,0.35114673,7.051648,7.527521,3
161795538783519,13107566613,0.360718,7.0468626,7.5000033,3
161795541283519,13110066613,0.34456646,7.0399833,7.4641113,3
161795543783519,13112566613,0.3293122,7.0193453,7.390831,3
161795546283519,13115066613,0.31256247,7.018448,7.3402824,3
161795548783519,13117566613,0.30209386,7.0022964,7.2993054,3
161795551283519,13120066613,0.30299118,6.9879394,7.2532434,3
161795553783519,13122566613,0.31286156,6.974779,7.2041907,3
161795556283519,13125066613,0.33050862,6.960123,7.1413794,3
161795558783519,13127566613,0.3699902,6.9502525,7.0836525,3
161795561283519,13130066613,0.4004987,6.943074,7.0028944,3
161795563783519,13132566613,0.43908295,6.9269223,6.9296145,3
161795566283519,13135066613,0.4749753,6.921838,6.8727846,3
161795568783519,13137566613,0.51505506,6.9326053,6.8108706,3
161795571283519,13140066613,0.57009,6.942476,6.7636123,3
161795573783519,13142566613,0.6026922,6.9391856,6.715457,3
161795576283519,13145066613,0.6266204,6.952047,6.690033,3
161795578783519,13147566613,0.6376872,6.9592257,6.680462,3
161795581283519,13150066613,0.6559325,6.96102,6.661618,3
161795583783519,13152566613,0.6684948,6.9583282,6.6538415,3
161795586283519,13155066613,0.66999036,6.9595246,6.678069,3
161795588783519,13157566613,0.66370916,6.9481587,6.704689,3
161795591283519,13160066613,0.6541379,6.9394846,6.769594,3
161795593783519,13162566613,0.6155536,6.9299135,6.8201427,3
161795596283519,13165066613,0.57577294,6.925427,6.904789,3
161795598783519,13167566613,0.5288138,6.931409,7.0085773,3
161795601283519,13170066613,0.4743771,6.930811,7.1045895,3
161795603783519,13172566613,0.43010986,6.93111,7.2299137,3
161795606283519,13175066613,0.3819543,6.926025,7.3157563,3
161795608783519,13177566613,0.34516466,6.919744,7.414759,3
161795611283519,13180066613,0.29192436,6.921838,7.486843,3
161795613783519,13182566613,0.2440679,6.917949,7.5673018,3
161795616283519,13185066613,0.20548365,6.922735,7.6136627,3
161795618783519,13187566613,0.17676978,6.9206414,7.637591,3
161795621283519,13190066613,0.1378864,6.905088,7.6920276,3
161795623783519,13192566613,0.13160525,6.884749,7.7207413,3
161795626283519,13195066613,0.12622139,6.873682,7.7365937,3
161795628783519,13197566613,0.12502499,6.856633,7.757531,3
161795631283519,13200066613,0.13758731,6.8542404,7.7614193,3
161795633783519,13202566613,0.14985052,6.8282185,7.7461653,3
161795636283519,13205066613,0.18394823,6.8189464,7.717152,3
161795638783519,13207566613,0.23569304,6.7845497,7.704889,3
161795641283519,13210066613,0.29222345,6.7689962,7.693224,3
161795643783519,13212566613,0.34366915,6.7525454,7.659724,3
161795646283519,13215066613,0.39900318,6.728916,7.6328053,3
161795648783519,13217566613,0.47527438,6.7109704,7.5963144,3
161795651283519,13220066613,0.5344968,6.686444,7.5637126,3
161795653783519,13222566613,0.60717875,6.6801624,7.5661054,3
161795656283519,13225066613,0.6678966,6.667002,7.5364943,3
161795658783519,13227566613,0.72323066,6.6717877,7.510173,3
161795661283519,13230066613,0.7743772,6.669694,7.48774,3
161795663783519,13232566613,0.83389866,6.6819572,7.45783,3
161795666283519,13235066613,0.88205427,6.6921268,7.3986077,3
161795668783519,13237566613,0.9167502,6.700801,7.3343005,3
161795671283519,13240066613,0.9379865,6.736693,7.274181,3
161795673783519,13242566613,0.9287143,6.769594,7.2206416,3
161795676283519,13245066613,0.92303133,6.806982,7.1635127,3
161795678783519,13247566613,0.9020941,6.8518476,7.1246295,3
161795681283519,13250066613,0.8641081,6.8892355,7.082456,3
161795683783519,13252566613,0.8147561,6.94786,7.0504518,3
161795686283519,13255066613,0.7788638,6.983453,7.0166535,3
161795688783519,13257566613,0.7366903,7.0190463,6.977172,3
161795691283519,13260066613,0.6801598,7.0543404,6.946065,3
161795693783519,13262566613,0.65353966,7.088139,6.9122663,3
161795696283519,13265066613,0.60029936,7.0989065,6.899704,3
161795698783519,13267566613,0.5413761,7.129415,6.89761,3
161795701283519,13270066613,0.48185465,7.1503525,6.890133,3
161795703783519,13272566613,0.41844487,7.171888,6.8805614,3
161795706283519,13275066613,0.35682967,7.1946197,6.855138,3
161795708783519,13277566613,0.317049,7.2065835,6.852446,3
161795711283519,13280066613,0.28235307,7.2137623,6.8545394,3
161795713783519,13282566613,0.24616162,7.21436,6.8742805,3
161795716283519,13285066613,0.21924238,7.233503,6.91765,3
161795718783519,13287566613,0.17138593,7.2658057,6.9299135,3
161795721283519,13290066613,0.14745769,7.2933235,6.957132,3
161795723783519,13292566613,0.12083755,7.3085775,6.969694,3
161795726283519,13295066613,0.110368945,7.3313093,6.995716,3
161795728783519,13297566613,0.109471634,7.333104,7.0432734,3
161795731283519,13300066613,0.10767702,7.318149,7.0806613,3
161795733783519,13302566613,0.14955142,7.3118677,7.1156564,3
161795736283519,13305066613,0.17736799,7.2729845,7.1365933,3
161795738783519,13307566613,0.21714866,7.2550383,7.154839,3
161795741283519,13310066613,0.26141587,7.2125654,7.1617184,3
161795743783519,13312566613,0.29312077,7.18445,7.149754,3
161795746283519,13315066613,0.34666017,7.1542406,7.159026,3
161795748783519,13317566613,0.39511484,7.1105714,7.166803,3
161795751283519,13320066613,0.4639085,7.080063,7.1715884,3
161795753783519,13322566613,0.5279165,7.055238,7.1377897,3
161795756283519,13325066613,0.57427746,7.021439,7.1024957,3
161795758783519,13327566613,0.62901324,7.007082,7.053443,3
161795761283519,13330066613,0.68494546,6.98106,7.0208406,3
161795763783519,13332566613,0.72293156,6.9708905,6.9801626,3
161795766283519,13335066613,0.76301134,6.9499536,6.925128,3
161795768783519,13337566613,0.7851449,6.9012,6.8748784,3
161795771283519,13340066613,0.81924266,6.875776,6.8342004,3
161795773783519,13342566613,0.8330014,6.856334,6.8024955,3
161795776283519,13345066613,0.83688974,6.8371916,6.7630143,3
161795778783519,13347566613,0.831805,6.8228345,6.732506,3
161795781283519,13350066613,0.81894356,6.8018975,6.7378893,3
161795783783519,13352566613,0.78843504,6.7785673,6.7408805,3
161795786283519,13355066613,0.75224364,6.788139,6.745367,3
161795788783519,13357566613,0.70588267,6.7791657,6.741778,3
161795791283519,13360066613,0.6442675,6.795317,6.745965,3
161795793783519,13362566613,0.6017949,6.791429,6.768099,3
161795796283519,13365066613,0.5587241,6.792027,6.794719,3
161795798783519,13367566613,0.5159524,6.810272,6.8201427,3
161795801283519,13370066613,0.48275197,6.812366,6.8635125,3
161795803783519,13372566613,0.46091747,6.8192453,6.876972,3
161795806283519,13375066613,0.44835514,6.81446,6.9003024,3
161795808783519,13377566613,0.44117668,6.8276205,6.9245296,3
161795811283519,13380066613,0.43280178,6.8243303,6.9484577,3
161795813783519,13382566613,0.42652065,6.820741,6.965806,3
161795816283519,13385066613,0.43130627,6.8282185,6.951748,3
161795818783519,13387566613,0.42532423,6.855437,6.9670024,3
161795821283519,13390066613,0.401396,6.863812,6.9759755,3
161795823783519,13392566613,0.39780676,6.8856463,6.972386,3
161795826283519,13395066613,0.40498522,6.9101725,6.965806,3
161795828783519,13397566613,0.40259242,6.9152575,6.974779,3
161795831283519,13400066613,0.39601216,6.9385877,6.97777,3
161795833783519,13402566613,0.4229314,6.949355,6.9819574,3
161795836283519,13405066613,0.4004987,6.9394846,6.9765735,3
161795838783519,13407566613,0.3801597,6.9705915,6.992426,3
161795841283519,13410066613,0.35533416,6.9732833,7.0055866,3
161795843783519,13412566613,0.33170503,6.9711895,7.0525455,3
161795846283519,13415066613,0.30269206,6.95773,7.0869427,3
161795848783519,13417566613,0.2952145,6.955337,7.118348,3
161795851283519,13420066613,0.27876383,6.949654,7.1629148,3
161795853783519,13422566613,0.28055847,6.9415784,7.1539416,3
161795856283519,13425066613,0.29341987,6.9344,7.140482,3
161795858783519,13427566613,0.30927232,6.9355965,7.1072817,3
161795861283519,13430066613,0.32392836,6.9320073,7.066005,3
161795863783519,13432566613,0.34157544,6.940083,7.0154567,3
161795866283519,13435066613,0.37597227,6.925427,6.9376903,3
161795868783519,13437566613,0.4112664,6.943373,6.8596244,3
161795871283519,13440066613,0.4408776,6.949355,6.767501,3
161795873783519,13442566613,0.46061835,6.963712,6.672984,3
161795876283519,13445066613,0.47856453,6.9673014,6.5772715,3
161795878783519,13447566613,0.50398827,6.9652076,6.4902325,3
161795881283519,13450066613,0.5246264,6.969395,6.451648,3
161795883783519,13452566613,0.51505506,6.98435,6.413662,3
161795886283519,13455066613,0.51445687,7.003493,6.422934,3
161795888783519,13457566613,0.4977071,7.0232334,6.4411793,3
161795891283519,13460066613,0.4749753,7.041778,6.4677997,3
161795893783519,13462566613,0.45762733,7.0582285,6.498308,3
161795896283519,13465066613,0.41605204,7.063014,6.5497537,3
161795898783519,13467566613,0.38793638,7.0878396,6.611369,3
161795901283519,13470066613,0.38374892,7.064809,6.690332,3
161795903783519,13472566613,0.38703907,7.04447,6.7576303,3
161795906283519,13475066613,0.3699902,7.0337024,6.8114686,3
161795908783519,13477566613,0.37567315,7.0172515,6.858428,3
161795911283519,13480066613,0.38315073,6.992725,6.9000034,3
161795913783519,13482566613,0.3930211,6.984051,6.9320073,3
161795916283519,13485066613,0.42711884,6.9768724,6.9795647,3
161795918783519,13487566613,0.4211368,6.978069,7.0011,3
161795921283519,13490066613,0.4426722,6.990033,7.0504518,3
161795923783519,13492566613,0.45792642,7.0079794,7.0752773,3
161795926283519,13495066613,0.47347978,7.027122,7.0606213,3
161795928783519,13497566613,0.48783672,7.0558357,7.0262246,3
161795931283519,13500066613,0.5069793,7.0654073,6.9951177,3
161795933783519,13502566613,0.5273183,7.0657063,6.960123,3
161795936283519,13505066613,0.541077,7.0633135,6.925427,3
161795938783519,13507566613,0.56111693,7.0582285,6.9209404,3
161795941283519,13510066613,0.5775676,7.050751,6.9098735,3
161795943783519,13512566613,0.5736792,7.042077,6.890432,3
161795946283519,13515066613,0.5724828,7.0319076,6.88445,3
161795948783519,13517566613,0.541077,7.041778,6.9041905,3
161795951283519,13520066613,0.5240282,7.045965,6.946364,3
161795953783519,13522566613,0.5159524,7.057331,6.978966,3
161795956283519,13525066613,0.4848457,7.076773,7.0094748,3
161795958783519,13527566613,0.45882374,7.0845494,7.053443,3
161795961283519,13530066613,0.43130627,7.0932236,7.0639114,3
161795963783519,13532566613,0.4211368,7.112665,7.068398,3
161795966283519,13535066613,0.40767714,7.106085,7.0618176,3
161795968783519,13537566613,0.3819543,7.1102724,7.0453672,3
161795971283519,13540066613,0.36041892,7.116554,7.0229344,3
161795973783519,13542566613,0.35324043,7.109076,6.9882383,3
161795976283519,13545066613,0.34636107,7.1279197,6.9613194,3
161795978783519,13547566613,0.34516466,7.1228347,6.9206414,3
161795981283519,13550066613,0.33738798,7.1359954,6.9125657,3
161795983783519,13552566613,0.33260235,7.133303,6.8662047,3
161795986283519,13555066613,0.33738798,7.1342006,6.836294,3
161795988783519,13557566613,0.35114673,7.1222367,6.797112,3
161795991283519,13560066613,0.37298122,7.1222367,6.757032,3
161795993783519,13562566613,0.38763726,7.1138616,6.702595,3
161795996283519,13565066613,0.4004987,7.0965137,6.680761,3
161795998783519,13567566613,0.43938205,7.089036,6.632605,3
161796001283519,13570066613,0.4549354,7.056733,6.5946193,3
161796003783519,13572566613,0.47138608,7.042376,6.570691,3
161796006283519,13575066613,0.5135596,7.0372915,6.555736,3
161796008783519,13577566613,0.5395815,7.0205417,6.5677,3
161796011283519,13580066613,0.5673981,7.019943,6.6041903,3
161796013783519,13582566613,0.58235323,6.9972115,6.6164536,3
161796016283519,13585066613,0.6053841,6.9882383,6.6358953,3
161796018783519,13587566613,0.63559353,6.980462,6.643373,3
161796021283519,13590066613,0.65982085,6.9646096,6.6308107,3
161796023783519,13592566613,0.6762715,6.960721,6.6095743,3
161796026283519,13595066613,0.6978069,6.951449,6.5718875,3
161796028783519,13597566613,0.7325028,6.9508505,6.558129,3
161796031283519,13600066613,0.7298109,6.956833,6.541678,3
161796033783519,13602566613,0.73429745,6.957132,6.513263,3
161796036283519,13605066613,0.7328019,6.956833,6.480362,3
161796038783519,13607566613,0.73130643,6.969694,6.4331036,3
161796041283519,13610066613,0.7043872,6.9738817,6.435796,3
161796043783519,13612566613,0.70648086,7.004988,6.399305,3
161796046283519,13615066613,0.6942177,7.0265236,6.3601227,3
161796048783519,13617566613,0.66131634,7.059126,6.34098,3
161796051283519,13620066613,0.6454639,7.0809603,6.316753,3
161796053783519,13622566613,0.61794645,7.1075807,6.2697935,3
161796056283519,13625066613,0.58683974,7.1342006,6.218348,3
161796058783519,13627566613,0.5602196,7.137192,6.198607,3
161796061283519,13630066613,0.5401797,7.1395845,6.1698933,3
161796063783519,13632566613,0.517747,7.1389866,6.1495543,3
161796066283519,13635066613,0.49082774,7.129116,6.155237,3
161796068783519,13637566613,0.46959144,7.118049,6.1648083,3
161796071283519,13640066613,0.44207397,7.1252275,6.1695943,3
161796073783519,13642566613,0.42532423,7.117451,6.1767726,3
161796076283519,13645066613,0.40528435,7.1225357,6.1477594,3
161796078783519,13647566613,0.38644084,7.1282187,6.1737814,3
161796081283519,13650066613,0.37058842,7.1392856,6.166603,3
161796083783519,13652566613,0.3610171,7.1539416,6.146563,3
161796086283519,13655066613,0.3681956,7.157232,6.1528444,3
161796088783519,13657566613,0.37776688,7.173682,6.168697,3
161796091283519,13660066613,0.3786642,7.173383,6.201897,3
161796093783519,13662566613,0.3912265,7.185347,6.224928,3
161796096283519,13665066613,0.4010969,7.1886373,6.2455664,3
161796098783519,13667566613,0.41575295,7.1841507,6.283552,3
161796101283519,13670066613,0.4232305,7.190133,6.314958,3
161796103783519,13672566613,0.4438686,7.185347,6.3643103,3
161796106283519,13675066613,0.4848457,7.170093,6.4070816,3
161796108783519,13677566613,0.49351966,7.1491556,6.4462643,3
161796111283519,13680066613,0.5162515,7.136893,6.486344,3
161796113783519,13682566613,0.52163535,7.11775,6.5425754,3
161796116283519,13685066613,0.5309075,7.112366,6.573682,3
161796118783519,13687566613,0.5395815,7.1042905,6.6074805,3
161796121283519,13690066613,0.5458627,7.083054,6.6394844,3
161796123783519,13692566613,0.5312066,7.062117,6.669395,3
161796126283519,13695066613,0.52283174,7.039086,6.7208405,3
161796128783519,13697566613,0.5273183,7.0058856,6.7498536,3
161796131283519,13700066613,0.5162515,6.9795647,6.7905316,3
161796133783519,13702566613,0.50039905,6.9442706,6.811768,3
161796136283519,13705066613,0.48155555,6.917949,6.830611,3
161796138783519,13707566613,0.4668995,6.8913293,6.860522,3
161796141283519,13710066613,0.45074797,6.878767,6.9009004,3
161796143783519,13712566613,0.43489552,6.8458657,6.969096,3
161796146283519,13715066613,0.42083767,6.835696,7.038189,3
161796148783519,13717566613,0.4019942,6.8410797,7.0761747,3
161796151283519,13720066613,0.39541394,6.849156,7.1099734,3
161796153783519,13722566613,0.38823548,6.8536425,7.129116,3
161796156283519,13725066613,0.39690945,6.8482585,7.1682982,3
161796158783519,13727566613,0.40079778,6.8407807,7.207481,3
161796161283519,13730066613,0.40827537,6.8078794,7.2466636,3
161796163783519,13732566613,0.42562333,6.789634,7.2753773,3
161796166283519,13735066613,0.44506502,6.7704916,7.2939215,3
161796168783519,13737566613,0.47736812,6.769594,7.286743,3
161796171283519,13740066613,0.4869394,6.773483,7.277471,3
161796173783519,13742566613,0.5195416,6.75434,7.2768726,3
161796176283519,13745066613,0.5518447,6.7764735,7.2379894,3
161796178783519,13747566613,0.57457656,6.7878394,7.246065,3
161796181283519,13750066613,0.5910272,6.8186474,7.219146,3
161796183783519,13752566613,0.60747784,6.8428745,7.166803,3
161796186283519,13755066613,0.6349953,6.8677,7.1282187,3
161796188783519,13757566613,0.65294147,6.8892355,7.0839515,3
161796191283519,13760066613,0.67148584,6.9113693,7.0208406,3
161796193783519,13762566613,0.6765706,6.938288,6.990332,3
161796196283519,13765066613,0.66161543,6.9732833,6.984051,3
161796198783519,13767566613,0.65353966,6.9948187,6.94786,3
161796201283519,13770066613,0.6361917,7.006484,6.91436,3
161796203783519,13772566613,0.60807604,7.0223365,6.8982086,3
161796206283519,13775066613,0.5799604,7.027122,6.8916283,3
161796208783519,13777566613,0.520738,7.04776,6.8763742,3
161796211283519,13780066613,0.47318068,7.0450683,6.88445,3
161796213783519,13782566613,0.42861435,7.0462646,6.88774,3
161796216283519,13785066613,0.38913277,7.0393853,6.910472,3
161796218783519,13787566613,0.34965122,7.036693,6.9535427,3
161796221283519,13790066613,0.29671,7.025626,6.9655066,3
161796223783519,13792566613,0.26919255,7.0193453,6.9942207,3
161796226283519,13795066613,0.23659034,7.0133634,7.0028944,3
161796228783519,13797566613,0.20967108,6.9987073,7.0462646,3
161796231283519,13800066613,0.19920248,6.978966,7.0692954,3
161796233783519,13802566613,0.19770697,6.9678993,7.1099734,3
161796236283519,13805066613,0.20309082,6.940681,7.1156564,3
161796238783519,13807566613,0.19710876,6.9170523,7.152147,3
161796241283519,13810066613,0.2009971,6.895816,7.1656065,3
161796243783519,13812566613,0.21505493,6.895517,7.176075,3
161796246283519,13815066613,0.22642085,6.8763742,7.1799636,3
161796248783519,13817566613,0.24077778,6.863812,7.1976104,3
161796251283519,13820066613,0.25812575,6.8611197,7.2263246,3
161796253783519,13822566613,0.27696922,6.8485575,7.24457,3
161796256283519,13825066613,0.29252258,6.8506513,7.2442703,3
161796258783519,13827566613,0.32512477,6.8596244,7.2505517,3
161796261283519,13830066613,0.35533416,6.856932,7.246364,3
161796263783519,13832566613,0.39870408,6.856035,7.252047,3
161796266283519,13835066613,0.44506502,6.8596244,7.2499533,3
161796268783519,13837566613,0.48424748,6.8455663,7.233204,3
161796271283519,13840066613,0.50787663,6.8333035,7.2026954,3
161796273783519,13842566613,0.5401797,6.847062,7.172486,3
161796276283519,13845066613,0.5665008,6.867999,7.1189466,3
161796278783519,13847566613,0.5883353,6.8596244,7.0555367,3
161796281283519,13850066613,0.60029936,6.882954,7.01097,3
161796283783519,13852566613,0.61405814,6.899704,6.998109,3
161796286283519,13855066613,0.6092725,6.91107,7.001399,3
161796288783519,13857566613,0.60687965,6.9263244,7.030711,3
161796291283519,13860066613,0.58683974,6.9263244,7.031309,3
161796293783519,13862566613,0.58594245,6.942775,7.0247293,3
161796296283519,13865066613,0.58594245,6.9652076,7.0325055,3
161796298783519,13867566613,0.5769694,6.9819574,7.0058856,3
161796301283519,13870066613,0.5706882,6.9741807,6.972386,3
161796303783519,13872566613,0.53688955,6.981359,6.9134626,3
161796306283519,13875066613,0.5288138,6.983154,6.860821,3
161796308783519,13877566613,0.5189434,6.9762745,6.815656,3
161796311283519,13880066613,0.50009996,6.9705915,6.7854466,3
161796313783519,13882566613,0.49082774,6.9676003,6.760023,3
161796316283519,13885066613,0.46331027,6.975676,6.753443,3
161796318783519,13887566613,0.45972106,6.990033,6.7704916,3
161796321283519,13890066613,0.42382872,6.997511,6.806982,3
161796323783519,13892566613,0.41665024,7.018747,6.8285174,3
161796326283519,13895066613,0.4109673,7.024131,6.8485575,3
161796328783519,13897566613,0.3999005,7.0402822,6.882655,3
161796331283519,13900066613,0.39541394,7.044769,6.9128647,3
161796333783519,13902566613,0.39361933,7.0462646,6.9529443,3
161796336283519,13905066613,0.3789633,7.0247293,6.991828,3
161796338783519,13907566613,0.36729828,6.9891357,7.048358,3
161796341283519,13910066613,0.36490545,6.9738817,7.1010003,3
161796343783519,13912566613,0.3580261,6.9562345,7.1623163,3
161796346283519,13915066613,0.357727,6.928717,7.2266235,3
161796348783519,13917566613,0.36041892,6.895517,7.2930245,3
161796351283519,13920066613,0.36191443,6.864111,7.340582,3
161796353783519,13922566613,0.3906283,6.841977,7.405786,3
161796356283519,13925066613,0.42382872,6.795616,7.4650083,3
161796358783519,13927566613,0.45134616,6.757032,7.4859457,3
161796361283519,13930066613,0.48364928,6.712466,7.516454,3
161796363783519,13932566613,0.52163535,6.660721,7.519146,3
161796366283519,13935066613,0.54646087,6.620043,7.5125656,3
161796368783519,13937566613,0.5916254,6.605985,7.4826555,3
161796371283519,13940066613,0.63230336,6.5685973,7.437491,3
161796373783519,13942566613,0.66969126,6.562017,7.382157,3
161796376283519,13945066613,0.7043872,6.5662045,7.320841,3
161796378783519,13947566613,0.73818576,6.573383,7.259824,3
161796381283519,13950066613,0.779462,6.593722,7.1745796,3
161796383783519,13952566613,0.8120642,6.623034,7.09113,3
161796386283519,13955066613,0.8210373,6.6556363,6.9990063,3
161796388783519,13957566613,0.8108678,6.71426,6.917949,3
161796391283519,13960066613,0.80159557,6.7516484,6.8431735,3
161796393783519,13962566613,0.7956135,6.7995048,6.788139,3
161796396283519,13965066613,0.7713862,6.8404818,6.741778,3
161796398783519,13967566613,0.7639086,6.8745794,6.693024,3
161796401283519,13970066613,0.747458,6.871588,6.6358953,3
161796403783519,13972566613,0.7588239,6.86441,6.6101727,3
161796406283519,13975066613,0.7408777,6.8593254,6.591927,3
161796408783519,13977566613,0.7375876,6.841977,6.5632133,3
161796411283519,13980066613,0.7289136,6.8282185,6.5479593,3
161796413783519,13982566613,0.72711897,6.8108706,6.5569324,3
161796416283519,13985066613,0.72382885,6.7872415,6.5745792,3
161796418783519,13987566613,0.7289136,6.760621,6.6146593,3
161796421283519,13990066613,0.7112665,6.7441707,6.619744,3
161796423783519,13992566613,0.70947194,6.724729,6.626922,3
161796426283519,13995066613,0.689432,6.71426,6.65773,3
161796428783519,13997566613,0.67836523,6.719644,6.6681986,3
161796431283519,14000066613,0.6735796,6.7235327,6.6891356,3
161796433783519,14002566613,0.6349953,6.7112694,6.735796,3
161796436283519,14005066613,0.62871414,6.7115684,6.7893353,3
161796438783519,14007566613,0.6011967,6.7178497,6.8192453,3
161796441283519,14010066613,0.56380886,6.7387867,6.876075,3
161796443783519,14012566613,0.5288138,6.760621,6.930811,3
161796446283519,14015066613,0.5021936,6.78096,6.9538417,3
161796448783519,14017566613,0.46301118,6.802795,7.008877,3
161796451283519,14020066613,0.43788654,6.8368926,7.0340014,3
161796453783519,14022566613,0.39720857,6.856035,7.090532,3
161796456283519,14025066613,0.37507495,6.8727846,7.1336026,3
161796458783519,14027566613,0.34965122,6.8913293,7.1602225,3
161796461283519,14030066613,0.32303107,6.9009004,7.198807,3
161796463783519,14032566613,0.29820552,6.916454,7.2344003,3
161796466283519,14035066613,0.2856432,6.9170523,7.2693954,3
161796468783519,14037566613,0.28055847,6.928717,7.285547,3
161796471283519,14040066613,0.2727818,6.934998,7.2972116,3
161796473783519,14042566613,0.2653042,6.9239316,7.2990065,3
161796476283519,14045066613,0.28265217,6.9074807,7.2589264,3
161796478783519,14047566613,0.29641092,6.899106,7.234998,3
161796481283519,14050066613,0.3065804,6.873682,7.185347,3
161796483783519,14052566613,0.32213375,6.8464637,7.1362944,3
161796486283519,14055066613,0.33589247,6.8282185,7.068099,3
161796488783519,14057566613,0.35234314,6.8099732,6.9759755,3
161796491283519,14060066613,0.36789647,6.799206,6.8817577,3
161796493783519,14062566613,0.40917268,6.7678,6.8246293,3
161796496283519,14065066613,0.43609193,6.7384877,6.782755,3
161796498783519,14067566613,0.47916272,6.7088766,6.7815585,3
161796501283519,14070066613,0.5189434,6.7031937,6.7836523,3
161796503783519,14072566613,0.5665008,6.686444,6.7836523,3
161796506283519,14075066613,0.6152545,6.684051,6.7875404,3
161796508783519,14077566613,0.65324056,6.6849484,6.771688,3
161796511283519,14080066613,0.6855437,6.702595,6.757032,3
161796513783519,14082566613,0.6945168,6.730711,6.7331038,3
161796516283519,14085066613,0.7043872,6.767501,6.726823,3
161796518783519,14087566613,0.70229346,6.7890363,6.732805,3
161796521283519,14090066613,0.6873383,6.808478,6.742077,3
161796523783519,14092566613,0.68105716,6.821339,6.7429743,3
161796526283519,14095066613,0.68195444,6.8303123,6.7351975,3
161796528783519,14097566613,0.6649056,6.835098,6.72772,3
161796531283519,14100066613,0.6729814,6.8428745,6.736095,3
161796533783519,14102566613,0.657428,6.849156,6.728318,3
161796536283519,14105066613,0.6643074,6.8593254,6.704988,3
161796538783519,14107566613,0.66370916,6.862017,6.6762743,3
161796541283519,14110066613,0.65952176,6.856633,6.661917,3
161796543783519,14112566613,0.6678966,6.8509502,6.6308107,3
161796546283519,14115066613,0.6795616,6.8521466,6.599106,3
161796548783519,14117566613,0.71216387,6.851249,6.576673,3
161796551283519,14120066613,0.72382885,6.8368926,6.5518475,3
161796553783519,14122566613,0.7283154,6.841379,6.518647,3
161796556283519,14125066613,0.73429745,6.853343,6.503991,3
161796558783519,14127566613,0.73848486,6.8425756,6.4645095,3
161796561283519,14130066613,0.7399804,6.8763742,6.442675,3
161796563783519,14132566613,0.7423732,6.8835526,6.432206,3
161796566283519,14135066613,0.73579293,6.8949184,6.409774,3
161796568783519,14137566613,0.72711897,6.9101725,6.393024,3
161796571283519,14140066613,0.72382885,6.9415784,6.38435,3
161796573783519,14142566613,0.7073782,6.9765735,6.3568325,3
161796576283519,14145066613,0.6945168,6.9969125,6.348458,3
161796578783519,14147566613,0.7055836,7.016055,6.350551,3
161796581283519,14150066613,0.6870392,7.010073,6.3457656,3
161796583783519,14152566613,0.6798607,7.0414786,6.3418775,3
161796586283519,14155066613,0.67058855,7.059126,6.331708,3
161796588783519,14157566613,0.6577271,7.063014,6.3164535,3
161796591283519,14160066613,0.6367899,7.0752773,6.3164535,3
161796593783519,14162566613,0.6203393,7.093822,6.2928243,3
161796596283519,14165066613,0.58235323,7.0965137,6.314958,3
161796598783519,14167566613,0.57517475,7.111768,6.361618,3
161796601283519,14170066613,0.5587241,7.1252275,6.3921266,3
161796603783519,14172566613,0.54436713,7.135098,6.4343,3
161796606283519,14175066613,0.5303093,7.1186476,6.4797635,3
161796608783519,14177566613,0.52283174,7.11117,6.5422764,3
161796611283519,14180066613,0.5024927,7.090831,6.6050878,3
161796613783519,14182566613,0.49651068,7.1015987,6.6427746,3
161796616283519,14185066613,0.49800622,7.1018977,6.6825557,3
161796618783519,14187566613,0.4860421,7.0815587,6.715756,3
161796621283519,14190066613,0.48305106,7.0728846,6.7229342,3
161796623783519,14192566613,0.4872385,7.044769,6.730711,3
161796626283519,14195066613,0.4848457,7.02443,6.762117,3
161796628783519,14197566613,0.4671986,7.0247293,6.7935224,3
161796631283519,14200066613,0.4642076,6.9990063,6.8252273,3
161796633783519,14202566613,0.45194438,6.99781,6.8509502,3
161796636283519,14205066613,0.4336991,6.986444,6.8778696,3
161796638783519,14207566613,0.4336991,6.9819574,6.8946195,3
161796641283519,14210066613,0.43938205,6.98106,6.921539,3
161796643783519,14212566613,0.4408776,6.957132,6.9275208,3
161796646283519,14215066613,0.45882374,6.9326053,6.9451675,3
161796648783519,14217566613,0.4447659,6.9131637,6.9852476,3
161796651283519,14220066613,0.4668995,6.8874407,6.9822564,3
161796653783519,14222566613,0.47527438,6.8659053,6.9999037,3
161796656283519,14225066613,0.4764708,6.8315086,7.022037,3
161796658783519,14227566613,0.47527438,6.821339,7.0582285,3
161796661283519,14230066613,0.49351966,6.7998037,7.056733,3
161796663783519,14232566613,0.5084748,6.771688,7.085447,3
161796666283519,14235066613,0.50428736,6.7758756,7.11446,3
161796668783519,14237566613,0.5165506,6.774679,7.1653075,3
161796671283519,14240066613,0.5165506,6.789634,7.1829543,3
161796673783519,14242566613,0.50458646,6.818049,7.190432,3
161796676283519,14245066613,0.503091,6.8258257,7.193124,3
161796678783519,14247566613,0.5021936,6.8374906,7.1898336,3
161796681283519,14250066613,0.4884349,6.8596244,7.205088,3
161796683783519,14252566613,0.47826543,6.8596244,7.1886373,3
161796686283519,14255066613,0.45583272,6.8659053,7.1841507,3
161796688783519,14257566613,0.44805604,6.8682985,7.1913295,3
161796691283519,14260066613,0.4319045,6.860522,7.1886373,3
161796693783519,14262566613,0.41455653,6.871588,7.2098737,3
161796696283519,14265066613,0.39840496,6.850053,7.205686,3
161796698783519,14267566613,0.38255253,6.8395844,7.2352977,3
161796701283519,14270066613,0.36041892,6.827321,7.2358956,3
161796703783519,14272566613,0.3487539,6.803393,7.2355967,3
161796706283519,14275066613,0.34217364,6.7869425,7.217052,3
161796708783519,14277566613,0.3472584,6.780661,7.218847,3
161796711283519,14280066613,0.32841492,6.7588267,7.240083,3
161796713783519,14282566613,0.36490545,6.753443,7.255337,3
161796716283519,14285066613,0.392722,6.735796,7.2472615,3
161796718783519,14287566613,0.4031906,6.7229342,7.2352977,3
161796721283519,14290066613,0.42801616,6.712466,7.2266235,3
161796723783519,14292566613,0.45852464,6.6885376,7.216454,3
161796726283519,14295066613,0.4671986,6.687341,7.190731,3
161796728783519,14297566613,0.49441698,6.6795645,7.192227,3
161796731283519,14300066613,0.5087739,6.690332,7.160522,3
161796733783519,14302566613,0.5407779,6.6855464,7.138388,3
161796736283519,14305066613,0.56440705,6.6762743,7.0959153,3
161796738783519,14307566613,0.56141603,6.693622,7.057331,3
161796741283519,14310066613,0.567099,6.6948185,7.0208406,3
161796743783519,14312566613,0.58235323,6.7166533,6.9852476,3
161796746283519,14315066613,0.5802595,6.725327,6.9598236,3
161796748783519,14317566613,0.5590232,6.7465634,6.9415784,3
161796751283519,14320066613,0.5524429,6.7764735,6.9074807,3
161796753783519,14322566613,0.5374878,6.7911296,6.8922267,3
161796756283519,14325066613,0.52941203,6.8051877,6.879066,3
161796758783519,14327566613,0.4959125,6.8285174,6.882057,3
161796761283519,14330066613,0.4977071,6.8339014,6.890432,3
161796763783519,14332566613,0.48095736,6.8446693,6.880861,3
161796766283519,14335066613,0.4758726,6.8682985,6.8659053,3
161796768783519,14337566613,0.46630132,6.88445,6.8611197,3
161796771283519,14340066613,0.47168517,6.879066,6.8721867,3
161796773783519,14342566613,0.46331027,6.8895345,6.870392,3
161796776283519,14345066613,0.4444668,6.8817577,6.8910303,3
161796778783519,14347566613,0.45553362,6.8892355,6.9170523,3
161796781283519,14350066613,0.4444668,6.9012,6.945467,3
161796783783519,14352566613,0.43998027,6.914659,6.971788,3
161796786283519,14355066613,0.43609193,6.917949,6.999604,3
161796788783519,14357566613,0.4438686,6.9275208,7.027421,3
161796791283519,14360066613,0.4408776,6.9170523,7.0519476,3
161796793783519,14362566613,0.44147578,6.916753,7.044171,3
161796796283519,14365066613,0.43280178,6.9305115,7.04776,3
161796798783519,14367566613,0.42622152,6.9095745,7.041778,3
161796801283519,14370066613,0.40588254,6.9122663,7.045965,3
161796803783519,14372566613,0.41336012,6.904789,7.038787,3
161796806283519,14375066613,0.4016951,6.8781686,7.019943,3
161796808783519,14377566613,0.37956148,6.864709,7.0322065,3
161796811283519,14380066613,0.35413775,6.867401,7.025626,3
161796813783519,14382566613,0.33469605,6.852745,7.0283184,3
161796816283519,14385066613,0.3269194,6.8404818,7.0546393,3
161796818783519,14387566613,0.31136605,6.8279195,7.0585275,3
161796821283519,14390066613,0.28265217,6.8252273,7.066005,3
161796823783519,14392566613,0.28055847,6.821339,7.1021967,3
161796826283519,14395066613,0.26620153,6.81446,7.1072817,3
161796828783519,14397566613,0.26859435,6.803692,7.129415,3
161796831283519,14400066613,0.27337998,6.801,7.138687,3
161796833783519,14402566613,0.28085756,6.7998037,7.1300135,3
161796836283519,14405066613,0.29282168,6.798009,7.1012993,3
161796838783519,14407566613,0.3059822,6.795018,7.1012993,3
161796841283519,14410066613,0.34396824,6.786045,7.0788665,3
161796843783519,14412566613,0.360718,6.7965136,7.049555,3
161796846283519,14415066613,0.37986058,6.809375,7.0025954,3
161796848783519,14417566613,0.39571303,6.8105717,6.96102,3
161796851283519,14420066613,0.4112664,6.8315086,6.920043,3
161796853783519,14422566613,0.4354937,6.838388,6.847361,3
161796856283519,14425066613,0.44805604,6.86441,6.8150578,3
161796858783519,14427566613,0.45732823,6.8602223,6.766304,3
161796861283519,14430066613,0.47258246,6.8739815,6.742077,3
161796863783519,14432566613,0.47976094,6.8745794,6.723233,3
161796866283519,14435066613,0.4863412,6.8853474,6.713961,3
161796868783519,14437566613,0.48993045,6.890133,6.728916,3
161796871283519,14440066613,0.48454657,6.899405,6.751349,3
161796873783519,14442566613,0.47078785,6.8949184,6.7642107,3
161796876283519,14445066613,0.48065826,6.8892355,6.7905316,3
161796878783519,14447566613,0.47706902,6.8931236,6.8246293,3
161796881283519,14450066613,0.48364928,6.8916283,6.8748784,3
161796883783519,14452566613,0.4860421,6.8805614,6.93111,3
161796886283519,14455066613,0.4869394,6.8781686,6.974779,3
161796888783519,14457566613,0.4746762,6.8739815,7.008877,3
161796891283519,14460066613,0.4977071,6.8596244,7.0462646,3
161796893783519,14462566613,0.49441698,6.8446693,7.051349,3
161796896283519,14465066613,0.49262238,6.834799,7.0842505,3
161796898783519,14467566613,0.50069815,6.829415,7.102795,3
161796901283519,14470066613,0.51535416,6.826424,7.1007013,3
161796903783519,14472566613,0.5132605,6.8171515,7.1063843,3
161796906283519,14475066613,0.51565325,6.8219376,7.124031,3
161796908783519,14477566613,0.5171488,6.826723,7.0929246,3
161796911283519,14480066613,0.51086766,6.8192453,7.068398,3
161796913783519,14482566613,0.517747,6.8228345,7.062715,3
161796916283519,14485066613,0.52342993,6.8368926,7.0432734,3
161796918783519,14487566613,0.5288138,6.832107,7.033104,3
161796921283519,14490066613,0.51505506,6.852446,6.9942207,3
161796923783519,14492566613,0.52342993,6.855437,6.960123,3
161796926283519,14495066613,0.5347959,6.862615,6.9358954,3
161796928783519,14497566613,0.5189434,6.867999,6.913762,3
161796931283519,14500066613,0.5132605,6.8784676,6.916753,3
161796933783519,14502566613,0.5066802,6.8913293,6.914061,3
161796936283519,14505066613,0.485743,6.901798,6.9152575,3
161796938783519,14507566613,0.47347978,6.910771,6.929016,3
161796941283519,14510066613,0.45553362,6.9212394,6.917949,3
161796943783519,14512566613,0.4408776,6.9239316,6.9077797,3
161796946283519,14515066613,0.43459642,6.931409,6.8967133,3
161796948783519,14517566613,0.43070808,6.931409,6.8928246,3
161796951283519,14520066613,0.4211368,6.925128,6.8545394,3
161796953783519,14522566613,0.42412782,6.921838,6.860522,3
161796956283519,14525066613,0.42053857,6.916155,6.8371916,3
161796958783519,14527566613,0.42741793,6.9212394,6.8135624,3
161796961283519,14530066613,0.43010986,6.91107,6.810272,3
161796963783519,14532566613,0.42981076,6.9119673,6.8072815,3
161796966283519,14535066613,0.45134616,6.89432,6.798009,3
161796968783519,14537566613,0.47318068,6.8859453,6.7848487,3
161796971283519,14540066613,0.49381876,6.863812,6.7585278,3
161796973783519,14542566613,0.49830532,6.856633,6.7319074,3
161796976283519,14545066613,0.50368917,6.84766,6.699006,3
161796978783519,14547566613,0.51505506,6.8398833,6.7034926,3
161796981283519,14550066613,0.5270192,6.8365936,6.6972113,3
161796983783519,14552566613,0.53330034,6.8503523,6.698707,3
161796986283519,14555066613,0.53659046,6.8404818,6.702595,3
161796988783519,14557566613,0.5306084,6.8518476,6.728019,3
161796991283519,14560066613,0.53359944,6.858129,6.7555366,3
161796993783519,14562566613,0.52253264,6.8578296,6.786344,3
161796996283519,14565066613,0.5159524,6.863812,6.8165536,3
161796998783519,14567566613,0.520738,6.8545394,6.8431735,3
161797001283519,14570066613,0.5024927,6.856932,6.864111,3
161797003783519,14572566613,0.5099703,6.8431735,6.8865438,3
161797006283519,14575066613,0.5084748,6.8446693,6.8838515,3
161797008783519,14577566613,0.5165506,6.8422766,6.8928246,3
161797011283519,14580066613,0.517747,6.8458657,6.896115,3
161797013783519,14582566613,0.5300102,6.8404818,6.9006014,3
161797016283519,14585066613,0.54257256,6.8422766,6.921838,3
161797018783519,14587566613,0.5246264,6.838089,6.9131637,3
161797021283519,14590066613,0.5273183,6.8632135,6.9122663,3
161797023783519,14592566613,0.5129613,6.8593254,6.9128647,3
161797026283519,14595066613,0.5057829,6.8709903,6.9248285,3
161797028783519,14597566613,0.50009996,6.8919272,6.9245296,3
161797031283519,14600066613,0.49830532,6.9149585,6.9188466,3
161797033783519,14602566613,0.49830532,6.919445,6.9044895,3
161797036283519,14605066613,0.48394838,6.9131637,6.9170523,3
161797038783519,14607566613,0.4851448,6.923034,6.9305115,3
161797041283519,14610066613,0.4833502,6.9173512,6.9344,3
161797043783519,14612566613,0.4848457,6.910771,6.949056,3
161797046283519,14615066613,0.48873404,6.8889365,6.9741807,3
161797048783519,14617566613,0.49262238,6.882954,6.9849486,3
161797051283519,14620066613,0.49351966,6.861718,7.018448,3
161797053783519,14622566613,0.4971089,6.8404818,7.0414786,3
161797056283519,14625066613,0.5099703,6.8225355,7.048059,3
161797058783519,14627566613,0.52253264,6.800402,7.0899334,3
161797061283519,14630066613,0.5183452,6.775277,7.120741,3
161797063783519,14632566613,0.5306084,6.7791657,7.155736,3
161797066283519,14635066613,0.5276174,6.789634,7.1889367,3
161797068783519,14637566613,0.52342993,6.788438,7.218847,3
161797071283519,14640066613,0.5096712,6.795616,7.246065,3
161797073783519,14642566613,0.50787663,6.7983084,7.2670026,3
161797076283519,14645066613,0.5027919,6.8075805,7.2939215,3
161797078783519,14647566613,0.4884349,6.8225355,7.3169527,3
161797081283519,14650066613,0.4881358,6.836294,7.3199434,3
161797083783519,14652566613,0.4743771,6.84766,7.338787,3
161797086283519,14655066613,0.45972106,6.8650084,7.3193455,3
161797088783519,14657566613,0.44506502,6.869794,7.333104,3
161797091283519,14660066613,0.4444668,6.8748784,7.303792,3
161797093783519,14662566613,0.43998027,6.8889365,7.2508507,3
161797096283519,14665066613,0.4435695,6.8862443,7.2155566,3
161797098783519,14667566613,0.45702913,6.8835526,7.169794,3
161797101283519,14670066613,0.45702913,6.903293,7.111768,3
161797103783519,14672566613,0.44775695,6.910472,7.0453672,3
161797106283519,14675066613,0.42831525,6.9188466,6.9933233,3
161797108783519,14677566613,0.42023948,6.931409,6.9565334,3
161797111283519,14680066613,0.41994038,6.955337,6.9035926,3
161797113783519,14682566613,0.40677986,6.962815,6.8748784,3
161797116283519,14685066613,0.4001996,6.972087,6.8677,3
161797118783519,14687566613,0.36789647,6.9930243,6.8653073,3
161797121283519,14690066613,0.36789647,6.9948187,6.867401,3
161797123783519,14692566613,0.3469593,7.0019975,6.876972,3
161797126283519,14695066613,0.33230326,6.9858456,6.8985076,3
161797128783519,14697566613,0.33230326,6.9562345,6.9269223,3
161797131283519,14700066613,0.3290131,6.955038,6.9678993,3
161797133783519,14702566613,0.33320054,6.9248285,7.003493,3
161797136283519,14705066613,0.33200413,6.9044895,7.049555,3
161797138783519,14707566613,0.34337005,6.8895345,7.0543404,3
161797141283519,14710066613,0.35623148,6.8665037,7.0875406,3
161797143783519,14712566613,0.35234314,6.856035,7.14437,3
161797146283519,14715066613,0.37657046,6.8300133,7.175776,3
161797148783519,14717566613,0.39810586,6.8042903,7.2412796,3
161797151283519,14720066613,0.4244269,6.7791657,7.27448,3
161797153783519,14722566613,0.44536412,6.7552376,7.286444,3
161797156283519,14725066613,0.47138608,6.734599,7.292127,3
161797158783519,14727566613,0.4959125,6.707381,7.305886,3
161797161283519,14730066613,0.52193445,6.6711893,7.3085775,3
161797163783519,14732566613,0.5560322,6.652047,7.303493,3
161797166283519,14735066613,0.57846487,6.593423,7.285248,3
161797168783519,14737566613,0.59730834,6.578767,7.269096,3
161797171283519,14740066613,0.61854464,6.5494547,7.248757,3
161797173783519,14742566613,0.6308079,6.54108,7.222137,3
161797176283519,14745066613,0.64905316,6.527321,7.1742806,3
161797178783519,14747566613,0.6681957,6.503692,7.1509504,3
161797181283519,14750066613,0.66131634,6.4887366,7.157232,3
161797183783519,14752566613,0.6765706,6.4791656,7.171888,3
161797186283519,14755066613,0.68345,6.4663043,7.170093,3
161797188783519,14757566613,0.68165535,6.4758754,7.1542406,3
161797191283519,14760066613,0.6762715,6.493223,7.133303,3
161797193783519,14762566613,0.6792625,6.5219374,7.0926256,3
161797196283519,14765066613,0.669093,6.556035,7.0540414,3
161797198783519,14767566613,0.65682983,6.5889363,7.0196443,3
161797201283519,14770066613,0.62781686,6.621239,7.003194,3
161797203783519,14772566613,0.59760743,6.6559353,6.9678993,3
161797206283519,14775066613,0.57009,6.686145,6.928717,3
161797208783519,14777566613,0.5482555,6.7091756,6.9095745,3
161797211283519,14780066613,0.52552366,6.7259254,6.8485575,3
161797213783519,14782566613,0.48873404,6.7636123,6.8342004,3
161797216283519,14785066613,0.46749774,6.756733,6.8246293,3
161797218783519,14787566613,0.4432704,6.762715,6.795317,3
161797221283519,14790066613,0.42981076,6.7779694,6.7704916,3
161797223783519,14792566613,0.41306102,6.7761745,6.7372913,3
161797226283519,14795066613,0.41784665,6.7845497,6.709774,3
161797228783519,14797566613,0.421735,6.792326,6.696015,3
161797231283519,14800066613,0.41784665,6.7926254,6.6798635,3
161797233783519,14802566613,0.42652065,6.793822,6.6622167,3
161797236283519,14805066613,0.424726,6.795317,6.6448684,3
161797238783519,14807566613,0.42981076,6.8081784,6.6535425,3
161797241283519,14810066613,0.42771706,6.8246293,6.66431,3
161797243783519,14812566613,0.41605204,6.838388,6.66431,3
161797246283519,14815066613,0.43130627,6.840183,6.695716,3
161797248783519,14817566613,0.42891344,6.828817,6.7235327,3
161797251283519,14820066613,0.43429732,6.8189464,6.7441707,3
161797253783519,14822566613,0.4456632,6.8165536,6.7761745,3
161797256283519,14825066613,0.4456632,6.8096743,6.811768,3
161797258783519,14827566613,0.43639103,6.8048887,6.8455663,3
161797261283519,14830066613,0.4651049,6.786643,6.882057,3
161797263783519,14832566613,0.47108695,6.780661,6.9098735,3
161797266283519,14835066613,0.485743,6.773782,6.9263244,3
161797268783519,14837566613,0.48963133,6.7441707,6.930811,3
161797271283519,14840066613,0.50488555,6.734001,6.943971,3
161797273783519,14842566613,0.5204389,6.7148585,6.928717,3
161797276283519,14845066613,0.5389833,6.7022963,6.956833,3
161797278783519,14847566613,0.5560322,6.6705914,6.9589267,3
161797281283519,14850066613,0.5662017,6.667002,6.9972115,3
161797283783519,14852566613,0.58683974,6.6556363,7.0133634,3
161797286283519,14855066613,0.60000026,6.637391,7.027421,3
161797288783519,14857566613,0.62452674,6.619445,7.057032,3
161797291283519,14860066613,0.64277196,6.6242304,7.07438,3
161797293783519,14862566613,0.67118675,6.614061,7.093822,3
161797296283519,14865066613,0.6729814,6.5982084,7.124031,3
161797298783519,14867566613,0.6969096,6.593423,7.1219373,3
161797301283519,14870066613,0.7055836,6.602396,7.1075807,3
161797303783519,14872566613,0.72382885,6.6068826,7.108478,3
161797306283519,14875066613,0.7196414,6.6125655,7.1132636,3
161797308783519,14877566613,0.7304091,6.623632,7.1306114,3
161797311283519,14880066613,0.71365935,6.6203423,7.124031,3
161797313783519,14882566613,0.7085746,6.629016,7.155138,3
161797316283519,14885066613,0.71395844,6.6505513,7.157232,3
161797318783519,14887566613,0.70319074,6.6628146,7.1685977,3
161797321283519,14890066613,0.6972087,6.6819572,7.187142,3
161797323783519,14892566613,0.6667002,6.70768,7.1889367,3
161797326283519,14895066613,0.6655038,6.7181487,7.1838517,3
161797328783519,14897566613,0.6475576,6.7313094,7.155736,3
161797331283519,14900066613,0.6302097,6.745666,7.1342006,3
161797333783519,14902566613,0.6113662,6.773184,7.115058,3
161797336283519,14905066613,0.58893347,6.8048887,7.103393,3
161797338783519,14907566613,0.56769717,6.828817,7.0758758,3
161797341283519,14910066613,0.53389853,6.870093,7.044171,3
161797343783519,14912566613,0.51266223,6.9003024,7.0372915,3
161797346283519,14915066613,0.4956134,6.923034,7.018448,3
161797348783519,14917566613,0.47946185,6.942476,7.008877,3
161797351283519,14920066613,0.47108695,6.9580293,7.0148587,3
161797353783519,14922566613,0.45224348,6.966105,7.0115685,3
161797356283519,14925066613,0.4546363,6.96431,7.016354,3
161797358783519,14927566613,0.42412782,6.9559355,7.018448,3
161797361283519,14930066613,0.42592242,6.960422,7.0462646,3
161797363783519,14932566613,0.4211368,6.960721,7.06451,3
161797366283519,14935066613,0.41994038,6.9481587,7.086643,3
161797368783519,14937566613,0.4124628,6.949355,7.1135626,3
161797371283519,14940066613,0.41814575,6.9320073,7.1138616,3
161797373783519,14942566613,0.41754755,6.9302125,7.138388,3
161797376283519,14945066613,0.4244269,6.919445,7.140781,3
161797378783519,14947566613,0.4456632,6.919445,7.1674013,3
161797381283519,14950066613,0.4728816,6.9006014,7.193124,3
161797383783519,14952566613,0.49172506,6.8778696,7.192825,3
161797386283519,14955066613,0.52223355,6.861718,7.1889367,3
161797388783519,14957566613,0.5488537,6.844071,7.1685977,3
161797391283519,14960066613,0.5667999,6.8336024,7.1620173,3
161797393783519,14962566613,0.5988039,6.81446,7.16112,3
161797396283519,14965066613,0.60059845,6.815955,7.1243305,3
161797398783519,14967566613,0.62093747,6.808777,7.1039915,3
161797401283519,14970066613,0.6299106,6.801,7.0821567,3
161797403783519,14972566613,0.61914283,6.79771,7.0615187,3
161797406283519,14975066613,0.60329044,6.7998037,7.0525455,3
161797408783519,14977566613,0.5937191,6.7902327,7.033104,3
161797411283519,14980066613,0.5665008,6.8105717,7.0558357,3
161797413783519,14982566613,0.5401797,6.82104,7.05105,3
161797416283519,14985066613,0.5087739,6.83091,7.051648,3
161797418783519,14987566613,0.48753762,6.8398833,7.0453672,3
161797421283519,14990066613,0.45972106,6.8431735,7.0232334,3
161797423783519,14992566613,0.4438686,6.8428745,6.9735823,3
161797426283519,14995066613,0.42801616,6.851249,6.962815,3
161797428783519,14997566613,0.41485563,6.8682985,6.928717,3
161797431283519,15000066613,0.40079778,6.873383,6.9101725,3
161797433783519,15002566613,0.39601216,6.8778696,6.893423,3
161797436283519,15005066613,0.39361933,6.899106,6.8892355,3
161797438783519,15007566613,0.392722,6.9128647,6.8727846,3
161797441283519,15010066613,0.37627137,6.914659,6.855736,3
161797443783519,15012566613,0.37477586,6.922137,6.853343,3
161797446283519,15015066613,0.39451665,6.9278197,6.859026,3
161797448783519,15017566613,0.40259242,6.925726,6.847361,3
161797451283519,15020066613,0.40408793,6.9191456,6.829116,3
161797453783519,15022566613,0.4031906,6.919744,6.823134,3
161797456283519,15025066613,0.4229314,6.910472,6.795616,3
161797458783519,15027566613,0.4235296,6.908976,6.7758756,3
161797461283519,15030066613,0.41994038,6.8979096,6.7636123,3
161797463783519,15032566613,0.4316054,6.890731,6.752845,3
161797466283519,15035066613,0.43070808,6.8865438,6.7447686,3
161797468783519,15037566613,0.42771706,6.8784676,6.740282,3
161797471283519,15040066613,0.44685963,6.8599234,6.747162,3
161797473783519,15042566613,0.46031925,6.830611,6.736095,3
161797476283519,15045066613,0.4660022,6.820741,6.730412,3
161797478783519,15047566613,0.465404,6.803692,6.7441707,3
161797481283519,15050066613,0.47347978,6.791728,6.7313094,3
161797483783519,15052566613,0.46809593,6.7839513,6.7343,3
161797486283519,15055066613,0.465404,6.7848487,6.741778,3
161797488783519,15057566613,0.4671986,6.7651076,6.7633133,3
161797491283519,15060066613,0.44895336,6.791429,6.7651076,3
161797493783519,15062566613,0.42622152,6.795317,6.769594,3
161797496283519,15065066613,0.41455653,6.8488564,6.7573314,3
161797498783519,15067566613,0.42592242,6.8671017,6.7609205,3
161797501283519,15070066613,0.41904306,6.856334,6.8045893,3
161797503783519,15072566613,0.40438703,6.841678,6.829415,3
161797506283519,15075066613,0.37597227,6.852446,6.8300133,3
161797508783519,15077566613,0.34965122,6.851249,6.877271,3
161797511283519,15080066613,0.3379862,6.8602223,6.888338,3
161797513783519,15082566613,0.33140594,6.8599234,6.9006014,3
161797516283519,15085066613,0.31286156,6.849455,6.923034,3
161797518783519,15087566613,0.3149553,6.862615,6.9385877,3
161797521283519,15090066613,0.32093734,6.8599234,6.9329047,3
161797523783519,15092566613,0.32542387,6.8739815,6.93111,3
161797526283519,15095066613,0.32303107,6.8739815,6.9394846,3
161797528783519,15097566613,0.3385844,6.8682985,6.9323063,3
161797531283519,15100066613,0.34426737,6.8596244,6.9191456,3
161797533783519,15102566613,0.35383865,6.8578296,6.9185476,3
161797536283519,15105066613,0.36759737,6.855138,6.9122663,3
161797538783519,15107566613,0.36699918,6.850053,6.9009004,3
161797541283519,15110066613,0.38464624,6.849156,6.8895345,3
161797543783519,15112566613,0.39451665,6.83091,6.882057,3
161797546283519,15115066613,0.40378883,6.827022,6.8925257,3
161797548783519,15117566613,0.4112664,6.811768,6.913762,3
161797551283519,15120066613,0.42592242,6.7890363,6.9263244,3
161797553783519,15122566613,0.4447659,6.7854466,6.9655066,3
161797556283519,15125066613,0.45852464,6.780063,6.98106,3
161797558783519,15127566613,0.46959144,6.7764735,7.0166535,3
161797561283519,15130066613,0.48364928,6.771389,7.0265236,3
161797563783519,15132566613,0.49112684,6.769295,7.0450683,3
161797566283519,15135066613,0.50398827,6.7791657,7.0609207,3
161797568783519,15137566613,0.5102694,6.782755,7.0450683,3
161797571283519,15140066613,0.506082,6.7782683,7.070791,3
161797573783519,15142566613,0.5312066,6.788139,7.0582285,3
161797576283519,15145066613,0.5183452,6.794121,7.0654073,3
161797578783519,15147566613,0.5270192,6.8054867,7.0752773,3
161797581283519,15150066613,0.5249255,6.809375,7.0803623,3
161797583783519,15152566613,0.5279165,6.835397,7.066304,3
161797586283519,15155066613,0.5273183,6.8449683,7.048059,3
161797588783519,15157566613,0.51505506,6.860821,7.0340014,3
161797591283519,15160066613,0.51445687,6.8721867,7.0232334,3
161797593783519,15162566613,0.5171488,6.8763742,7.0259256,3
161797596283519,15165066613,0.51535416,6.9012,7.018448,3
161797598783519,15167566613,0.5159524,6.928418,7.007082,3
161797601283519,15170066613,0.53569317,6.91765,7.010671,3
161797603783519,15172566613,0.5389833,6.9505515,6.9966135,3
161797606283519,15175066613,0.5371887,6.9469624,6.984649,3
161797608783519,15177566613,0.54675996,6.943971,7.005287,3
161797611283519,15180066613,0.558425,6.9526453,7.036095,3
161797613783519,15182566613,0.5563313,6.9505515,7.022037,3
161797616283519,15185066613,0.5694918,6.934998,6.997511,3
161797618783519,15187566613,0.5838487,6.9245296,6.9765735,3
161797621283519,15190066613,0.5688936,6.8982086,6.974779,3
161797623783519,15192566613,0.5838487,6.8763742,6.9909306,3
161797626283519,15195066613,0.6011967,6.8575306,7.0055866,3
161797628783519,15197566613,0.6230312,6.83779,7.044769,3
161797631283519,15200066613,0.6415756,6.811768,7.0576305,3
161797633783519,15202566613,0.66699934,6.7794647,7.0633135,3
161797636283519,15205066613,0.6756733,6.7633133,7.073782,3
161797638783519,15207566613,0.6891329,6.7316084,7.09113,3
161797641283519,15210066613,0.6969096,6.7235327,7.1012993,3
161797643783519,15212566613,0.69601226,6.6978097,7.132406,3
161797646283519,15215066613,0.6870392,6.689435,7.1449685,3
161797648783519,15217566613,0.68255264,6.675078,7.151848,3
161797651283519,15220066613,0.6735796,6.6595244,7.1638117,3
161797653783519,15222566613,0.651446,6.6676,7.1973114,3
161797656283519,15225066613,0.622433,6.6825557,7.2011995,3
161797658783519,15227566613,0.5946164,6.6795645,7.242775,3
161797661283519,15230066613,0.56799626,6.6849484,7.27777,3
161797663783519,15232566613,0.5452645,6.6870418,7.301698,3
161797666283519,15235066613,0.52253264,6.708577,7.3079796,3
161797668783519,15237566613,0.5072784,6.7256265,7.309774,3
161797671283519,15240066613,0.46749774,6.740282,7.2819576,3
161797673783519,15242566613,0.4325027,6.759724,7.263413,3
161797676283519,15245066613,0.4016951,6.7812595,7.2344003,3
161797678783519,15247566613,0.38285163,6.795616,7.2263246,3
161797681283519,15250066613,0.37597227,6.818049,7.2272215,3
161797683783519,15252566613,0.36520454,6.814759,7.192825,3
161797686283519,15255066613,0.36759737,6.84766,7.1913295,3
161797688783519,15257566613,0.34965122,6.847062,7.172187,3
161797691283519,15260066613,0.35204405,6.8389864,7.1629148,3
161797693783519,15262566613,0.36520454,6.84437,7.165008,3
161797696283519,15265066613,0.36041892,6.849156,7.164709,3
161797698783519,15267566613,0.3801597,6.8602223,7.1473613,3
161797701283519,15270066613,0.3906283,6.8521466,7.1503525,3
161797703783519,15272566613,0.3909274,6.84766,7.1620173,3
161797706283519,15275066613,0.4103691,6.8398833,7.143772,3
161797708783519,15277566613,0.43010986,6.8246293,7.1195445,3
161797711283519,15280066613,0.43998027,6.8048887,7.1129646,3
161797713783519,15282566613,0.4432704,6.777371,7.099505,3
161797716283519,15285066613,0.44775695,6.7576303,7.0950184,3
161797718783519,15287566613,0.46002015,6.745367,7.0968127,3
161797721283519,15290066613,0.45822555,6.7256265,7.0986075,3
161797723783519,15292566613,0.4549354,6.710073,7.117451,3
161797726283519,15295066613,0.45762733,6.7019973,7.1162543,3
161797728783519,15297566613,0.46959144,6.6882386,7.114161,3
161797731283519,15300066613,0.4848457,6.6681986,7.1285176,3
161797733783519,15302566613,0.49112684,6.6678996,7.109076,3
161797736283519,15305066613,0.4863412,6.6538415,7.100103,3
161797738783519,15307566613,0.4872385,6.6538415,7.102795,3
161797741283519,15310066613,0.47976094,6.658328,7.09771,3
161797743783519,15312566613,0.47886363,6.6678996,7.096215,3
161797746283519,15315066613,0.46151567,6.6684976,7.079166,3
161797748783519,15317566613,0.4645067,6.6771717,7.0666037,3
161797751283519,15320066613,0.44715872,6.68435,7.0728846,3
161797753783519,15322566613,0.43848476,6.6801624,7.0926256,3
161797756283519,15325066613,0.43758744,6.6819572,7.1045895,3
161797758783519,15327566613,0.42951167,6.678069,7.1210403,3
161797761283519,15330066613,0.42412782,6.66431,7.118348,3
161797763783519,15332566613,0.42023948,6.669096,7.126424,3
161797766283519,15335066613,0.41485563,6.6705914,7.1018977,3
161797768783519,15337566613,0.42562333,6.6774707,7.0863442,3
161797771283519,15340066613,0.43878385,6.690332,7.0543404,3
161797773783519,15342566613,0.44177487,6.7002025,7.042675,3
161797776283519,15345066613,0.4552345,6.710073,7.0169525,3
161797778783519,15347566613,0.45732823,6.7172513,7.012167,3
161797781283519,15350066613,0.4621139,6.7319074,6.977471,3
161797783783519,15352566613,0.4671986,6.7381887,6.96102,3
161797786283519,15355066613,0.4642076,6.7465634,6.957431,3
161797788783519,15357566613,0.46630132,6.750751,6.9475603,3
161797791283519,15360066613,0.4761717,6.7468624,6.9409804,3
161797793783519,15362566613,0.4776672,6.739684,6.939784,3
161797796283519,15365066613,0.46031925,6.745666,6.946065,3
161797798783519,15367566613,0.46031925,6.75434,6.9538417,3
161797801283519,15370066613,0.46271208,6.7504516,6.9541407,3
161797803783519,15372566613,0.4432704,6.7411795,6.963114,3
161797806283519,15375066613,0.4459623,6.7579293,6.972087,3
161797808783519,15377566613,0.44805604,6.7537417,6.974779,3
161797811283519,15380066613,0.42981076,6.7576303,6.9687967,3
161797813783519,15382566613,0.4334,6.7612195,6.9906316,3
161797816283519,15385066613,0.41844487,6.7630143,6.9732833,3
161797818783519,15387566613,0.43010986,6.7591257,6.9783683,3
161797821283519,15390066613,0.424726,6.760322,6.9819574,3
161797823783519,15392566613,0.41934216,6.7573314,6.9969125,3
161797826283519,15395066613,0.42203408,6.773483,7.0028944,3
161797828783519,15397566613,0.41814575,6.7782683,7.0058856,3
161797831283519,15400066613,0.43130627,6.8024955,7.0115685,3
161797833783519,15402566613,0.4334,6.8261247,7.0325055,3
161797836283519,15405066613,0.44715872,6.841977,7.0414786,3
161797838783519,15407566613,0.4621139,6.853343,7.030711,3
161797841283519,15410066613,0.46959144,6.8677,7.016354,3
161797843783519,15412566613,0.48305106,6.8814588,7.004091,3
161797846283519,15415066613,0.50009996,6.908378,6.96102,3
161797848783519,15417566613,0.5249255,6.91107,6.9248285,3
161797851283519,15420066613,0.5282156,6.923632,6.8862443,3
161797853783519,15422566613,0.53300124,6.925726,6.8389864,3
161797856283519,15425066613,0.52911294,6.9326053,6.8138614,3
161797858783519,15427566613,0.526421,6.9320073,6.8072815,3
161797861283519,15430066613,0.51475596,6.94786,6.795317,3
161797863783519,15432566613,0.53180486,6.9598236,6.8171515,3
161797866283519,15435066613,0.5195416,6.9565334,6.812366,3
161797868783519,15437566613,0.51535416,6.9646096,6.818348,3
161797871283519,15440066613,0.51505506,6.9705915,6.818348,3
161797873783519,15442566613,0.52313083,6.9735823,6.8315086,3
161797876283519,15445066613,0.53240305,6.983752,6.8189464,3
161797878783519,15447566613,0.5276174,6.995417,6.8081784,3
161797881283519,15450066613,0.5509474,6.9783683,6.8252273,3
161797883783519,15452566613,0.5461618,6.9930243,6.808478,3
161797886283519,15455066613,0.541077,6.98435,6.810272,3
161797888783519,15457566613,0.5560322,6.975676,6.8114686,3
161797891283519,15460066613,0.5482555,6.975078,6.815955,3
161797893783519,15462566613,0.5413761,6.964011,6.802795,3
161797896283519,15465066613,0.5557331,6.957431,6.7794647,3
161797898783519,15467566613,0.55453664,6.9523463,6.800701,3
161797901283519,15470066613,0.5479564,6.9481587,6.7998037,3
161797903783519,15472566613,0.538086,6.936494,6.791429,3
161797906283519,15475066613,0.5371887,6.9275208,6.789933,3
161797908783519,15477566613,0.5377869,6.9245296,6.7878394,3
161797911283519,15480066613,0.53210396,6.928717,6.8042903,3
161797913783519,15482566613,0.5500501,6.9158554,6.823433,3
161797916283519,15485066613,0.54376894,6.9266233,6.8365936,3
161797918783519,15487566613,0.54436713,6.9245296,6.8467627,3
161797921283519,15490066613,0.5449654,6.923034,6.869794,3
161797923783519,15492566613,0.55513483,6.9275208,6.8946195,3
161797926283519,15495066613,0.56410795,6.93111,6.884151,3
161797928783519,15497566613,0.56769717,6.9263244,6.908378,3
161797931283519,15500066613,0.567099,6.9224358,6.9122663,3
161797933783519,15502566613,0.5877371,6.9152575,6.9122663,3
161797936283519,15505066613,0.59282184,6.9134626,6.934101,3
161797938783519,15507566613,0.59641105,6.9065833,6.936793,3
161797941283519,15510066613,0.59282184,6.897311,6.9338017,3
161797943783519,15512566613,0.5985048,6.8706913,6.916454,3
161797946283519,15515066613,0.5886344,6.8682985,6.9338017,3
161797948783519,15517566613,0.5802595,6.8536425,6.9209404,3
161797951283519,15520066613,0.57009,6.826723,6.9074807,3
161797953783519,15522566613,0.567099,6.8222365,6.9006014,3
161797956283519,15525066613,0.5479564,6.818049,6.8862443,3
161797958783519,15527566613,0.535095,6.797411,6.904789,3
161797961283519,15530066613,0.5174479,6.8039913,6.882655,3
161797963783519,15532566613,0.51146585,6.7872415,6.9095745,3
161797966283519,15535066613,0.48963133,6.783054,6.921838,3
161797968783519,15537566613,0.4758726,6.777072,6.937092,3
161797971283519,15540066613,0.45613182,6.7758756,6.945467,3
161797973783519,15542566613,0.4423731,6.766304,6.966105,3
161797976283519,15545066613,0.42981076,6.7615185,6.9523463,3
161797978783519,15547566613,0.41336012,6.7495546,6.9759755,3
161797981283519,15550066613,0.39541394,6.7519474,6.9670024,3
161797983783519,15552566613,0.38793638,6.7561345,6.975676,3
161797986283519,15555066613,0.39661035,6.753144,6.9649086,3
161797988783519,15557566613,0.40917268,6.7678,6.9786673,3
161797991283519,15560066613,0.42502514,6.785746,6.9676003,3
161797993783519,15562566613,0.43609193,6.7785673,6.9795647,3
161797996283519,15565066613,0.4432704,6.797411,6.9475603,3
161797998783519,15567566613,0.47916272,6.802795,6.919744,3
161798001283519,15570066613,0.5024927,6.817451,6.9000034,3
161798003783519,15572566613,0.5344968,6.821339,6.8859453,3
161798006283519,15575066613,0.5452645,6.815656,6.8506513,3
161798008783519,15577566613,0.5620142,6.811768,6.861718,3
161798011283519,15580066613,0.573081,6.829714,6.834799,3
161798013783519,15582566613,0.60388863,6.826723,6.832406,3
161798016283519,15585066613,0.62183475,6.8368926,6.8204417,3
161798018783519,15587566613,0.6263213,6.8150578,6.8303123,3
161798021283519,15590066613,0.62871414,6.7890363,6.856633,3
161798023783519,15592566613,0.6257231,6.8015985,6.8572316,3
161798026283519,15595066613,0.62781686,6.7995048,6.8775706,3
161798028783519,15597566613,0.63170516,6.7935224,6.8982086,3
161798031283519,15600066613,0.6412765,6.803692,6.9098735,3
161798033783519,15602566613,0.6361917,6.7833533,6.927222,3
161798036283519,15605066613,0.62452674,6.7686973,6.940083,3
161798038783519,15607566613,0.6227321,6.756733,6.940083,3
161798041283519,15610066613,0.6206384,6.7588267,6.975676,3
161798043783519,15612566613,0.6269195,6.751349,6.983453,3
161798046283519,15615066613,0.6197411,6.7226353,6.992725,3
161798048783519,15617566613,0.61405814,6.715457,7.007082,3
161798051283519,15620066613,0.6044868,6.7115684,7.036394,3
161798053783519,15622566613,0.5910272,6.706484,7.0411797,3
161798056283519,15625066613,0.5724828,6.706484,7.0337024,3
161798058783519,15627566613,0.57487565,6.682256,7.0782685,3
161798061283519,15630066613,0.56440705,6.6762743,7.0863442,3
161798063783519,15632566613,0.54705906,6.684051,7.097411,3
161798066283519,15635066613,0.53330034,6.6909304,7.111768,3
161798068783519,15637566613,0.520738,6.6912293,7.125527,3
161798071283519,15640066613,0.5180461,6.6996045,7.1219373,3
161798073783519,15642566613,0.50398827,6.701698,7.1210403,3
161798076283519,15645066613,0.50159544,6.6981087,7.1365933,3
161798078783519,15647566613,0.50189453,6.6921268,7.14108,3
161798081283519,15650066613,0.48903313,6.702595,7.125527,3
161798083783519,15652566613,0.49052864,6.7022963,7.1159554,3
161798086283519,15655066613,0.4881358,6.7166533,7.1186476,3
161798088783519,15657566613,0.49292147,6.725028,7.094121,3
161798091283519,15660066613,0.4651049,6.728617,7.070791,3
161798093783519,15662566613,0.4651049,6.753144,7.05105,3
161798096283519,15665066613,0.453739,6.7678,6.99781,3
161798098783519,15667566613,0.4435695,6.7968125,6.9505515,3
161798101283519,15670066613,0.4316054,6.818348,6.908677,3
161798103783519,15672566613,0.4232305,6.833004,6.8865438,3
161798106283519,15675066613,0.3900301,6.847062,6.864111,3
161798108783519,15677566613,0.38135612,6.873383,6.838687,3
161798111283519,15680066613,0.38165522,6.893722,6.812067,3
161798113783519,15682566613,0.37238303,6.9074807,6.8048887,3
161798116283519,15685066613,0.36011982,6.920043,6.7998037,3
161798118783519,15687566613,0.35144582,6.929315,6.788438,3
161798121283519,15690066613,0.34606197,6.9415784,6.815357,3
161798123783519,15692566613,0.35682967,6.9358954,6.8422766,3
161798126283519,15695066613,0.3367898,6.9329047,6.88116,3
161798128783519,15697566613,0.33409786,6.931409,6.920342,3
161798131283519,15700066613,0.33708888,6.9338017,6.962815,3
161798133783519,15702566613,0.33320054,6.9299135,7.0118675,3
161798136283519,15705066613,0.33140594,6.902396,7.038787,3
161798138783519,15707566613,0.3580261,6.9044895,7.083054,3
161798141283519,15710066613,0.35383865,6.888338,7.0992055,3
161798143783519,15712566613,0.38913277,6.8659053,7.140482,3
161798146283519,15715066613,0.40289152,6.851249,7.1566334,3
161798148783519,15717566613,0.42592242,6.8374906,7.1635127,3
161798151283519,15720066613,0.43698925,6.8228345,7.1617184,3
161798153783519,15722566613,0.46331027,6.8189464,7.155437,3
161798156283519,15725066613,0.48454657,6.8072815,7.152147,3
161798158783519,15727566613,0.50069815,6.820741,7.1374907,3
161798161283519,15730066613,0.52223355,6.8045893,7.112665,3
161798163783519,15732566613,0.549751,6.803094,7.0785675,3
161798166283519,15735066613,0.5703891,6.8192453,7.049555,3
161798168783519,15737566613,0.5988039,6.809076,7.0133634,3
161798171283519,15740066613,0.60598236,6.8135624,6.992725,3
161798173783519,15742566613,0.6373881,6.832406,6.9678993,3
161798176283519,15745066613,0.64217377,6.823433,6.942476,3
161798178783519,15747566613,0.6580262,6.8165536,6.9361944,3
161798181283519,15750066613,0.65982085,6.823134,6.9358954,3
161798183783519,15752566613,0.651446,6.835397,6.9352975,3
161798186283519,15755066613,0.637089,6.8503523,6.965806,3
161798188783519,15757566613,0.6221339,6.8479595,6.9687967,3
161798191283519,15760066613,0.59970117,6.8668027,6.989734,3
161798193783519,15762566613,0.5940182,6.885048,6.995417,3
161798196283519,15765066613,0.5632106,6.895517,7.008877,3
161798198783519,15767566613,0.53569317,6.8916283,7.018747,3
161798201283519,15770066613,0.5309075,6.890731,7.0193453,3
161798203783519,15772566613,0.5159524,6.9020967,7.045666,3
161798206283519,15775066613,0.49830532,6.882057,7.043872,3
161798208783519,15777566613,0.49232325,6.8862443,7.0405817,3
161798211283519,15780066613,0.47886363,6.876673,7.042675,3
161798213783519,15782566613,0.48245287,6.875776,7.0286174,3
161798216283519,15785066613,0.49232325,6.864709,7.025626,3
161798218783519,15787566613,0.4749753,6.8599234,7.042376,3
161798221283519,15790066613,0.46271208,6.852745,6.9987073,3
161798223783519,15792566613,0.46869412,6.8659053,6.9816585,3
161798226283519,15795066613,0.45224348,6.8635125,6.972087,3
161798228783519,15797566613,0.45762733,6.862017,6.9598236,3
161798231283519,15800066613,0.46660042,6.8431735,6.937092,3
161798233783519,15802566613,0.47108695,6.8165536,6.9592257,3
161798236283519,15805066613,0.4833502,6.7935224,6.9909306,3
161798238783519,15807566613,0.4833502,6.767501,7.016055,3
161798241283519,15810066613,0.47946185,6.752845,7.023533,3
161798243783519,15812566613,0.48454657,6.730412,7.038787,3
161798246283519,15815066613,0.4642076,6.7055864,7.0815587,3
161798248783519,15817566613,0.4660022,6.6717877,7.164111,3
161798251283519,15820066613,0.474078,6.646364,7.216454,3
161798253783519,15822566613,0.48215377,6.6364937,7.2655067,3
161798256283519,15825066613,0.50488555,6.621239,7.2969127,3
161798258783519,15827566613,0.51505506,6.6218376,7.3046894,3
161798261283519,15830066613,0.5306084,6.6107707,7.315158,3
161798263783519,15832566613,0.54317075,6.6152573,7.2990065,3
161798266283519,15835066613,0.5667999,6.6107707,7.2792654,3
161798268783519,15837566613,0.581755,6.6152573,7.304091,3
161798271283519,15840066613,0.60747784,6.6221366,7.268199,3
161798273783519,15842566613,0.62153566,6.6370916,7.23111,3
161798276283519,15845066613,0.64008003,6.643971,7.198209,3
161798278783519,15847566613,0.6517451,6.655038,7.1635127,3
161798281283519,15850066613,0.65982085,6.6631136,7.160522,3
161798283783519,15852566613,0.66999036,6.6720867,7.151549,3
161798286283519,15855066613,0.67806613,6.6924257,7.1063843,3
161798288783519,15857566613,0.67806613,6.704091,7.0785675,3
161798291283519,15860066613,0.6643074,6.7094746,7.0351977,3
161798293783519,15862566613,0.6445666,6.723233,7.010372,3
161798296283519,15865066613,0.62931234,6.7223363,6.983453,3
161798298783519,15867566613,0.58953166,6.7378893,6.9783683,3
161798301283519,15870066613,0.56380886,6.748956,6.9732833,3
161798303783519,15872566613,0.52552366,6.748657,6.972087,3
161798306283519,15875066613,0.47946185,6.7651076,6.9855466,3
161798308783519,15877566613,0.4429713,6.785746,6.9882383,3
161798311283519,15880066613,0.41156548,6.809076,6.9936223,3
161798313783519,15882566613,0.3684947,6.8249283,7.0226355,3
161798316283519,15885066613,0.3367898,6.826424,7.076773,3
161798318783519,15887566613,0.31585258,6.849754,7.090831,3
161798321283519,15890066613,0.29162526,6.8407807,7.119844,3
161798323783519,15892566613,0.2742773,6.843473,7.154839,3
161798326283519,15895066613,0.26291138,6.8509502,7.1751776,3
161798328783519,15897566613,0.24825534,6.855736,7.1916285,3
161798331283519,15900066613,0.25633112,6.8431735,7.213463,3
161798333783519,15902566613,0.2545365,6.8404818,7.2125654,3
161798336283519,15905066613,0.26799613,6.809375,7.2065835,3
161798338783519,15907566613,0.2844468,6.8099732,7.2508507,3
161798341283519,15910066613,0.2958127,6.826424,7.268199,3
161798343783519,15912566613,0.3164508,6.863812,7.233802,3
161798346283519,15915066613,0.34785658,6.8659053,7.2158556,3
161798348783519,15917566613,0.38853458,6.8515487,7.1706915,3
161798351283519,15920066613,0.4010969,6.838388,7.1392856,3
161798353783519,15922566613,0.42981076,6.8521466,7.090831,3
161798356283519,15925066613,0.44835514,6.8611197,7.0486574,3
161798358783519,15927566613,0.47168517,6.856035,7.0019975,3
161798361283519,15930066613,0.4989035,6.861718,6.9738817,3
161798363783519,15932566613,0.52283174,6.853343,6.9323063,3
161798366283519,15935066613,0.5452645,6.859026,6.9000034,3
161798368783519,15937566613,0.56350976,6.854839,6.86441,3
161798371283519,15940066613,0.57517475,6.8539414,6.8446693,3
161798373783519,15942566613,0.6053841,6.8422766,6.815656,3
161798376283519,15945066613,0.62901324,6.8407807,6.7995048,3
161798378783519,15947566613,0.65264237,6.830611,6.79442,3
161798381283519,15950066613,0.69212395,6.8282185,6.7689962,3
161798383783519,15952566613,0.6900302,6.815955,6.733702,3
161798386283519,15955066613,0.6978069,6.801299,6.7334027,3
161798388783519,15957566613,0.68195444,6.7965136,6.727421,3
161798391283519,15960066613,0.6861419,6.7854466,6.7384877,3
161798393783519,15962566613,0.67208403,6.777371,6.739983,3
161798396283519,15965066613,0.65982085,6.7552376,6.760023,3
161798398783519,15967566613,0.64965135,6.7585278,6.7851477,3
161798401283519,15970066613,0.63529444,6.77109,6.8261247,3
161798403783519,15972566613,0.6122635,6.7525454,6.8685975,3
161798406283519,15975066613,0.5805586,6.7501526,6.923632,3
161798408783519,15977566613,0.5623133,6.745965,6.962516,3
161798411283519,15980066613,0.5374878,6.7384877,6.9969125,3
161798413783519,15982566613,0.5063811,6.728916,7.0465636,3
161798416283519,15985066613,0.48035914,6.725028,7.0672016,3
161798418783519,15987566613,0.43579283,6.715457,7.100103,3
161798421283519,15990066613,0.40827537,6.732805,7.0836525,3
161798423783519,15992566613,0.3792624,6.728019,7.0675006,3
161798426283519,15995066613,0.34037903,6.7432733,7.0609207,3
161798428783519,15997566613,0.32512477,6.7537417,7.051349,3
161798431283519,16000066613,0.29880372,6.7678,7.0585275,3
161798433783519,16002566613,0.29012975,6.7854466,7.0615187,3
161798436283519,16005066613,0.28773692,6.786643,7.02443,3
161798438783519,16007566613,0.27786654,6.798009,7.033104,3
161798441283519,16010066613,0.26141587,6.8132634,7.0343003,3
161798443783519,16012566613,0.2641078,6.8165536,7.023832,3
161798446283519,16015066613,0.27906293,6.8228345,7.0142603,3
161798448783519,16017566613,0.29042885,6.823732,7.003792,3
161798451283519,16020066613,0.30119655,6.8312097,7.0011,3
161798453783519,16022566613,0.30957142,6.8395844,7.0055866,3
161798456283519,16025066613,0.32123643,6.8536425,6.986444,3
161798458783519,16027566613,0.34546378,6.864111,6.9930243,3
161798461283519,16030066613,0.37208393,6.8748784,7.0097737,3
161798463783519,16032566613,0.3924229,6.8853474,6.9999037,3
161798466283519,16035066613,0.41724846,6.878767,7.0151577,3
161798468783519,16037566613,0.4435695,6.8781686,7.003194,3
161798471283519,16040066613,0.46959144,6.8742805,6.9852476,3
161798473783519,16042566613,0.4959125,6.867401,6.9798636,3
161798476283519,16045066613,0.51864433,6.8712893,6.955337,3
161798478783519,16047566613,0.53300124,6.8781686,6.921539,3
161798481283519,16050066613,0.5419743,6.875776,6.905387,3
161798483783519,16052566613,0.5554339,6.867401,6.878767,3
161798486283519,16055066613,0.55034924,6.876075,6.8572316,3
161798488783519,16057566613,0.53569317,6.870093,6.858129,3
161798491283519,16060066613,0.52253264,6.876972,6.8479595,3
161798493783519,16062566613,0.5141578,6.8805614,6.8614187,3
161798496283519,16065066613,0.49441698,6.888039,6.8859453,3
161798498783519,16067566613,0.474078,6.916454,6.904789,3
161798501283519,16070066613,0.46660042,6.910771,6.955038,3
161798503783519,16072566613,0.45583272,6.9134626,6.9616184,3
161798506283519,16075066613,0.4543372,6.91765,6.96431,3
161798508783519,16077566613,0.45194438,6.923333,6.966703,3
161798511283519,16080066613,0.44626144,6.945467,6.9744797,3
161798513783519,16082566613,0.4339982,6.960123,6.9583282,3
161798516283519,16085066613,0.43579283,6.96102,6.95444,3
161798518783519,16087566613,0.4354937,6.9729843,6.9735823,3
161798521283519,16090066613,0.43639103,6.990033,6.9798636,3
161798523783519,16092566613,0.42921257,6.995716,7.0022964,3
161798526283519,16095066613,0.4229314,7.0019975,6.9987073,3
161798528783519,16097566613,0.43998027,7.003194,7.0265236,3
161798531283519,16100066613,0.4456632,7.001399,7.045666,3
161798533783519,16102566613,0.42502514,6.9882383,7.0492554,3
161798536283519,16105066613,0.43758744,6.981359,7.048059,3
161798538783519,16107566613,0.4447659,6.960721,7.0675006,3
161798541283519,16110066613,0.44027936,6.948757,7.065108,3
161798543783519,16112566613,0.45792642,6.9502525,7.051349,3
161798546283519,16115066613,0.45762733,6.926025,7.0351977,3
161798548783519,16117566613,0.4552345,6.9125657,7.0301127,3
161798551283519,16120066613,0.45852464,6.910472,6.9951177,3
161798553783519,16122566613,0.4648058,6.89432,6.992127,3
161798556283519,16125066613,0.46809593,6.876673,6.962815,3
161798558783519,16127566613,0.4755735,6.877271,6.9580293,3
161798561283519,16130066613,0.4746762,6.8671017,6.9358954,3
161798563783519,16132566613,0.4746762,6.867401,6.9212394,3
161798566283519,16135066613,0.49471608,6.8479595,6.9038916,3
161798568783519,16137566613,0.4941179,6.8336024,6.89761,3
161798571283519,16140066613,0.4971089,6.83091,6.914061,3
161798573783519,16142566613,0.50817573,6.829116,6.922137,3
161798576283519,16145066613,0.52313083,6.826424,6.9269223,3
161798578783519,16147566613,0.53688955,6.818348,6.949056,3
161798581283519,16150066613,0.549751,6.8042903,6.9523463,3
161798583783519,16152566613,0.56799626,6.7893353,6.9556365,3
161798586283519,16155066613,0.5736792,6.777072,6.9729843,3
161798588783519,16157566613,0.587438,6.7618175,6.966703,3
161798591283519,16160066613,0.6095716,6.771987,6.9786673,3
161798593783519,16162566613,0.6269195,6.7390857,6.96431,3
161798596283519,16165066613,0.6343971,6.7384877,6.971788,3
161798598783519,16167566613,0.6329016,6.7483582,6.9708905,3
161798601283519,16170066613,0.6418747,6.7447686,6.9891357,3
161798603783519,16172566613,0.65294147,6.7390857,6.990332,3
161798606283519,16175066613,0.6469594,6.7525454,6.999604,3
161798608783519,16177566613,0.64217377,6.756733,6.982855,3
161798611283519,16180066613,0.6367899,6.7594247,6.980462,3
161798613783519,16182566613,0.6266204,6.7782683,6.9909306,3
161798616283519,16185066613,0.61884373,6.7965136,6.9912295,3
161798618783519,16187566613,0.60837513,6.8054867,6.9765735,3
161798621283519,16190066613,0.6092725,6.827321,6.960422,3
161798623783519,16192566613,0.60329044,6.827022,6.9442706,3
161798626283519,16195066613,0.58983076,6.8602223,6.9281187,3
161798628783519,16197566613,0.57457656,6.867999,6.896115,3
161798631283519,16200066613,0.56829536,6.8817577,6.8865438,3
161798633783519,16202566613,0.55692947,6.893722,6.8653073,3
161798636283519,16205066613,0.54466623,6.9101725,6.858428,3
161798638783519,16207566613,0.52941203,6.9158554,6.853343,3
161798641283519,16210066613,0.51206404,6.9125657,6.8596244,3
161798643783519,16212566613,0.503091,6.9170523,6.84766,3
161798646283519,16215066613,0.4956134,6.923333,6.826424,3
161798648783519,16217566613,0.485743,6.9152575,6.8285174,3
161798651283519,16220066613,0.48424748,6.901499,6.7998037,3
161798653783519,16222566613,0.47138608,6.893722,6.792326,3
161798656283519,16225066613,0.47676992,6.8775706,6.78096,3
161798658783519,16227566613,0.48394838,6.8602223,6.7354965,3
161798661283519,16230066613,0.48035914,6.8521466,6.72772,3
161798663783519,16232566613,0.4881358,6.8467627,6.707979,3
161798666283519,16235066613,0.4884349,6.8428745,6.6885376,3
161798668783519,16237566613,0.48993045,6.851249,6.695417,3
161798671283519,16240066613,0.48364928,6.8539414,6.721439,3
161798673783519,16242566613,0.47736812,6.8632135,6.7292156,3
161798676283519,16245066613,0.4764708,6.8671017,6.736095,3
161798678783519,16247566613,0.4671986,6.879066,6.7390857,3
161798681283519,16250066613,0.47198427,6.8817577,6.762416,3
161798683783519,16252566613,0.46959144,6.884749,6.769594,3
161798686283519,16255066613,0.48454657,6.8859453,6.792326,3
161798688783519,16257566613,0.48873404,6.8781686,6.818049,3
161798691283519,16260066613,0.48873404,6.8763742,6.8428745,3
161798693783519,16262566613,0.49800622,6.8916283,6.869495,3
161798696283519,16265066613,0.50129634,6.8778696,6.9041905,3
161798698783519,16267566613,0.5273183,6.870093,6.9128647,3
161798701283519,16270066613,0.5383851,6.862017,6.9281187,3
161798703783519,16272566613,0.5623133,6.858129,6.928717,3
161798706283519,16275066613,0.5721837,6.8425756,6.9526453,3
161798708783519,16277566613,0.5799604,6.8371916,6.963114,3
161798711283519,16280066613,0.587438,6.8129644,6.956833,3
161798713783519,16282566613,0.58923256,6.797411,6.9505515,3
161798716283519,16285066613,0.590429,6.7890363,6.951449,3
161798718783519,16287566613,0.58235323,6.777371,6.9598236,3
161798721283519,16290066613,0.58683974,6.756434,6.960123,3
161798723783519,16292566613,0.58474606,6.7519474,6.9882383,3
161798726283519,16295066613,0.60029936,6.739983,6.9580293,3
161798728783519,16297566613,0.57637113,6.725327,6.9526453,3
161798731283519,16300066613,0.5820541,6.7265234,6.969096,3
161798733783519,16302566613,0.5736792,6.709774,6.978966,3
161798736283519,16305066613,0.5709873,6.710671,6.965806,3
161798738783519,16307566613,0.56590253,6.713363,6.9616184,3
161798741283519,16310066613,0.5557331,6.6975107,6.948757,3
161798743783519,16312566613,0.552742,6.7148585,6.9418774,3
161798746283519,16315066613,0.56530434,6.7181487,6.934699,3
161798748783519,16317566613,0.5617151,6.7208405,6.93111,3
161798751283519,16320066613,0.57547385,6.735796,6.9056864,3
161798753783519,16322566613,0.5835496,6.7552376,6.861718,3
161798756283519,16325066613,0.5844469,6.766005,6.841977,3
161798758783519,16327566613,0.58893347,6.795616,6.7968125,3
161798761283519,16330066613,0.60358953,6.7926254,6.7576303,3
161798763783519,16332566613,0.59760743,6.823732,6.728318,3
161798766283519,16335066613,0.58534425,6.8446693,6.7145596,3
161798768783519,16337566613,0.5925227,6.858129,6.7055864,3
161798771283519,16340066613,0.57547385,6.8742805,6.7112694,3
161798773783519,16342566613,0.5721837,6.888039,6.7055864,3
161798776283519,16345066613,0.56350976,6.8835526,6.734599,3
161798778783519,16347566613,0.5629115,6.8817577,6.77109,3
161798781283519,16350066613,0.5605187,6.88116,6.776773,3
161798783783519,16352566613,0.5599205,6.8802624,6.7821565,3
161798786283519,16355066613,0.55812585,6.876673,6.789634,3
161798788783519,16357566613,0.53988063,6.8671017,6.795616,3
161798791283519,16360066613,0.552742,6.8656063,6.8132634,3
161798793783519,16362566613,0.5279165,6.855138,6.8371916,3
161798796283519,16365066613,0.52552366,6.8479595,6.8410797,3
161798798783519,16367566613,0.5240282,6.8315086,6.8712893,3
161798801283519,16370066613,0.5237291,6.826424,6.908976,3
161798803783519,16372566613,0.5243273,6.830611,6.9302125,3
161798806283519,16375066613,0.53180486,6.823433,6.9149585,3
161798808783519,16377566613,0.52941203,6.821638,6.9003024,3
161798811283519,16380066613,0.5303093,6.826723,6.8868427,3
161798813783519,16382566613,0.52941203,6.815357,6.877271,3
161798816283519,16385066613,0.517747,6.8228345,6.8410797,3
161798818783519,16387566613,0.52253264,6.8279195,6.8078794,3
161798821283519,16390066613,0.50189453,6.8398833,6.793822,3
161798823783519,16392566613,0.4863412,6.838687,6.7755766,3
161798826283519,16395066613,0.4660022,6.8482585,6.7902327,3
161798828783519,16397566613,0.46241298,6.859026,6.82104,3
161798831283519,16400066613,0.45014977,6.8784676,6.8650084,3
161798833783519,16402566613,0.44805604,6.8802624,6.9191456,3
161798836283519,16405066613,0.465404,6.8784676,6.9702926,3
161798838783519,16407566613,0.46809593,6.890432,7.012167,3
161798841283519,16410066613,0.48963133,6.88774,7.042077,3
161798843783519,16412566613,0.50817573,6.8832536,7.071987,3
161798846283519,16415066613,0.53180486,6.875178,7.050751,3
161798848783519,16417566613,0.5617151,6.8745794,7.004689,3
161798851283519,16420066613,0.5913263,6.8838515,6.9726853,3
161798853783519,16422566613,0.6263213,6.8835526,6.908378,3
161798856283519,16425066613,0.63170516,6.8718877,6.9119673,3
161798858783519,16427566613,0.6469594,6.8521466,6.9035926,3
161798861283519,16430066613,0.65084773,6.835995,6.8985076,3
161798863783519,16432566613,0.6481558,6.8249283,6.905387,3
161798866283519,16435066613,0.65264237,6.808478,6.9119673,3
161798868783519,16437566613,0.6538388,6.789634,6.9128647,3
161798871283519,16440066613,0.67058855,6.75434,6.925427,3
161798873783519,16442566613,0.66729844,6.7591257,6.9329047,3
161798876283519,16445066613,0.6729814,6.754938,6.9373913,3
161798878783519,16447566613,0.67178494,6.747162,6.9562345,3
161798881283519,16450066613,0.669093,6.748657,6.9296145,3
161798883783519,16452566613,0.6586244,6.7669024,6.8985076,3
161798886283519,16455066613,0.6517451,6.7869425,6.8802624,3
161798888783519,16457566613,0.6200402,6.8204417,6.8542404,3
161798891283519,16460066613,0.5943173,6.897311,6.7908306,3
161798893783519,16462566613,0.5772685,6.91765,6.843473,3
161798896283519,16465066613,0.57158554,6.9012,6.9209404,3
161798898783519,16467566613,0.5796613,6.873682,6.910771,3
161798901283519,16470066613,0.5694918,6.862615,6.897012,3
161798903783519,16472566613,0.5697909,6.811768,6.936494,3
161798906283519,16475066613,0.55393845,6.8168526,6.9912295,3
161798908783519,16477566613,0.5102694,6.8333035,7.016055,3
161798911283519,16480066613,0.4866403,6.8488564,7.018448,3
161798913783519,16482566613,0.44865423,6.8515487,7.063014,3
161798916283519,16485066613,0.424726,6.8345,7.11775,3
161798918783519,16487566613,0.39421752,6.8192453,7.1581287,3
161798921283519,16490066613,0.36610186,6.819844,7.1635127,3
161798923783519,16492566613,0.36221352,6.806085,7.179664,3
161798926283519,16495066613,0.37537405,6.7791657,7.190432,3
161798928783519,16497566613,0.39182472,6.7390857,7.1835527,3
161798931283519,16500066613,0.41545382,6.7175503,7.185048,3
161798933783519,16502566613,0.4325027,6.690332,7.1629148,3
161798936283519,16505066613,0.44656053,6.6819572,7.143772,3
161798938783519,16507566613,0.47048876,6.6652074,7.099804,3
161798941283519,16510066613,0.49142596,6.664011,7.036693,3
161798943783519,16512566613,0.50189453,6.663413,6.9705915,3
161798946283519,16515066613,0.51236314,6.667301,6.9059854,3
161798948783519,16517566613,0.53359944,6.695716,6.8285174,3
161798951283519,16520066613,0.5482555,6.7223363,6.817451,3
161798953783519,16522566613,0.5733801,6.7223363,6.783054,3
161798956283519,16525066613,0.59970117,6.713961,6.7588267,3
161798958783519,16527566613,0.6113662,6.70768,6.7127647,3
161798961283519,16530066613,0.62811595,6.7022963,6.715457,3
161798963783519,16532566613,0.6266204,6.7148585,6.698707,3
161798966283519,16535066613,0.60628146,6.7375903,6.6888366,3
161798968783519,16537566613,0.59611195,6.7842503,6.6831536,3
161798971283519,16540066613,0.58474606,6.8243303,6.681359,3
161798973783519,16542566613,0.57158554,6.859026,6.701698,3
161798976283519,16545066613,0.56530434,6.8895345,6.702595,3
161798978783519,16547566613,0.549751,6.908677,6.7112694,3
161798981283519,16550066613,0.52223355,6.902994,6.699006,3
161798983783519,16552566613,0.5129613,6.9003024,6.7390857,3
161798986283519,16555066613,0.5033901,6.8835526,6.7591257,3
161798988783519,16557566613,0.485743,6.875178,6.7516484,3
161798991283519,16560066613,0.49022955,6.856334,6.760322,3
161798993783519,16562566613,0.4956134,6.855138,6.7905316,3
161798996283519,16565066613,0.4953143,6.83779,6.8057857,3
161798998783519,16567566613,0.49381876,6.8162546,6.8204417,3
161799001283519,16570066613,0.5279165,6.806384,6.864709,3
161799003783519,16572566613,0.5488537,6.7854466,6.914659,3
161799006283519,16575066613,0.57188463,6.7636123,6.9442706,3
161799008783519,16577566613,0.58923256,6.760322,6.937092,3
161799011283519,16580066613,0.62093747,6.7519474,6.8859453,3
161799013783519,16582566613,0.63978094,6.716055,6.873084,3
161799016283519,16585066613,0.6559325,6.6858454,6.877271,3
161799018783519,16587566613,0.6556334,6.666404,6.8889365,3
161799021283519,16590066613,0.6753742,6.632605,6.899405,3
161799023783519,16592566613,0.7046863,6.6101727,6.8748784,3
161799026283519,16595066613,0.71724856,6.578468,6.856932,3
161799028783519,16597566613,0.738784,6.567102,6.8195443,3
161799031283519,16600066613,0.7471589,6.5291157,6.7612195,3
161799033783519,16602566613,0.7618149,6.5072813,6.7118673,3
161799036283519,16605066613,0.76540416,6.4941206,6.6424756,3
161799038783519,16607566613,0.750449,6.4830537,6.628717,3
161799041283519,16610066613,0.7363912,6.4755764,6.620043,3
161799043783519,16612566613,0.7115656,6.4869423,6.586244,3
161799046283519,16615066613,0.66729844,6.5030937,6.582356,3
161799048783519,16617566613,0.619442,6.535397,6.5760746,3
161799051283519,16620066613,0.60029936,6.554539,6.612266,3
161799053783519,16622566613,0.5665008,6.582655,6.6568327,3
161799056283519,16625066613,0.53569317,6.5925255,6.6762743,3
161799058783519,16627566613,0.50398827,6.6104717,6.6927247,3
161799061283519,16630066613,0.47318068,6.617351,6.736394,3
161799063783519,16632566613,0.4438686,6.6391854,6.8225355,3
161799066283519,16635066613,0.42083767,6.658328,6.913762,3
161799068783519,16637566613,0.392722,6.655038,7.007381,3
161799071283519,16640066613,0.3786642,6.663413,7.105487,3
161799073783519,16642566613,0.36909288,6.6646094,7.1763744,3
161799076283519,16645066613,0.36430725,6.6311097,7.242476,3
161799078783519,16647566613,0.35084763,6.6017976,7.29781,3
161799081283519,16650066613,0.3269194,6.5895343,7.3310103,3
161799083783519,16652566613,0.31136605,6.5691953,7.3782687,3
161799086283519,16655066613,0.30239296,6.5685973,7.4186473,3
161799088783519,16657566613,0.28115666,6.5895343,7.4677005,3
161799091283519,16660066613,0.26590243,6.5964136,7.5092754,3
161799093783519,16662566613,0.27098715,6.599704,7.54786,3
161799096283519,16665066613,0.25244278,6.6224356,7.5499535,3
161799098783519,16667566613,0.24137598,6.62094,7.5047894,3
161799101283519,16670066613,0.21415763,6.6349983,7.5122666,3
161799103783519,16672566613,0.20608185,6.645467,7.4790664,3
161799106283519,16675066613,0.18125631,6.6765733,7.451549,3
161799108783519,16677566613,0.14237295,6.704689,7.4237323,3
161799111283519,16680066613,0.117547415,6.726823,7.37109,3
161799113783519,16682566613,0.12023934,6.732506,7.3812594,3
161799116283519,16685066613,0.13848461,6.741778,7.3666034,3
161799118783519,16687566613,0.15433706,6.7573314,7.331609,3
161799121283519,16690066613,0.16211374,6.7579293,7.301399,3
161799123783519,16692566613,0.1689931,6.7552376,7.273882,3
161799126283519,16695066613,0.17856438,6.7594247,7.222436,3
161799128783519,16697566613,0.18215363,6.7678,7.1674013,3
161799131283519,16700066613,0.20039889,6.747461,7.11446,3
161799133783519,16702566613,0.23090738,6.7552376,7.073782,3
161799136283519,16705066613,0.2548356,6.754938,7.089036,3
161799138783519,16707566613,0.2976073,6.7447686,7.0878396,3
161799141283519,16710066613,0.33080772,6.7579293,7.105188,3
161799143783519,16712566613,0.3574279,6.7797637,7.1249285,3
161799146283519,16715066613,0.39421752,6.780661,7.1470623,3
161799148783519,16717566613,0.40977088,6.7962146,7.155138,3
161799151283519,16720066613,0.4106682,6.7812595,7.1527452,3
161799153783519,16722566613,0.41336012,6.817451,7.135397,3
161799156283519,16725066613,0.42861435,6.8312097,7.1506515,3
161799158783519,16727566613,0.44745782,6.8488564,7.1895347,3
161799161283519,16730066613,0.43788654,6.867401,7.1892357,3
161799163783519,16732566613,0.41874397,6.9035926,7.202097,3
161799166283519,16735066613,0.39900318,6.923333,7.185048,3
161799168783519,16737566613,0.37357944,6.923632,7.164111,3
161799171283519,16740066613,0.3499503,6.9191456,7.1596246,3
161799173783519,16742566613,0.34217364,6.890133,7.1769724,3
161799176283519,16745066613,0.33080772,6.8596244,7.2062845,3
161799178783519,16747566613,0.31226337,6.8431735,7.2352977,3
161799181283519,16750066613,0.2868396,6.809375,7.286444,3
161799183783519,16752566613,0.27098715,6.769295,7.3319077,3
161799186283519,16755066613,0.23778675,6.7334027,7.3776703,3
161799188783519,16757566613,0.20727827,6.7058854,7.428518,3
161799191283519,16760066613,0.18364914,6.6828547,7.455437,3
161799193783519,16762566613,0.17138593,6.6625156,7.5032935,3
161799196283519,16765066613,0.16121642,6.6460648,7.5828547,3
161799198783519,16767566613,0.1689931,6.6364937,7.6402826,3
161799201283519,16770066613,0.20458634,6.646663,7.6956167,3
161799203783519,16772566613,0.2219343,6.658627,7.7494555,3
161799206283519,16775066613,0.2318047,6.6705914,7.7437725,3
161799208783519,16777566613,0.2515455,6.6631136,7.6746798,3
161799211283519,16780066613,0.30059835,6.6631136,7.6019974,3
161799213783519,16782566613,0.34097722,6.6499534,7.5376906,3
161799216283519,16785066613,0.39511484,6.6367927,7.4446692,3
161799218783519,16787566613,0.4528417,6.6308107,7.339086,3
161799221283519,16790066613,0.5096712,6.6308107,7.242775,3
161799223783519,16792566613,0.5736792,6.6299133,7.167102,3
161799226283519,16795066613,0.65294147,6.6128645,7.1096745,3
161799228783519,16797566613,0.7480562,6.6146593,7.0678,3
161799231283519,16800066613,0.7800602,6.593124,6.984051,3
161799233783519,16802566613,0.8252247,6.558428,6.9320073,3
161799236283519,16805066613,0.8117651,6.530611,6.8832536,3
161799238783519,16807566613,0.77796644,6.501,6.8575306,3
161799241283519,16810066613,0.73130643,6.463313,6.862615,3
161799243783519,16812566613,0.64935225,6.439086,6.8838515,3
161799246283519,16815066613,0.5518447,6.404689,6.9394846,3
161799248783519,16817566613,0.48006004,6.385247,7.0223365,3
161799251283519,16820066613,0.36430725,6.393622,7.1685977,3
161799253783519,16822566613,0.24825534,6.4184475,7.3522468,3
161799256283519,16825066613,0.15164514,6.426523,7.5329046,3
161799258783519,16827566613,0.057726845,6.4328046,7.711768,3
161799261283519,16830066613,-0.023030918,6.443572,7.8987074,3
161799263783519,16832566613,-0.084346995,6.4585276,8.021938,3
161799266283519,16835066613,-0.12801601,6.476474,8.146066,3
161799268783519,16837566613,-0.16331014,6.460023,8.237591,3
161799271283519,16840066613,-0.18574286,6.463911,8.316854,3
161799273783519,16842566613,-0.18634106,6.4618177,8.394022,3
161799276283519,16845066613,-0.18813568,6.4552374,8.443074,3
161799278783519,16847566613,-0.16719848,6.4462643,8.477771,3
161799281283519,16850066613,-0.14656039,6.4444695,8.492127,3
161799283783519,16852566613,-0.110368945,6.4238315,8.478967,3
161799286283519,16855066613,-0.060717873,6.415457,8.477771,3
161799288783519,16857566613,-0.009571291,6.402296,8.45803,3
161799291283519,16860066613,0.032901313,6.391229,8.423633,3
161799293783519,16862566613,0.091525465,6.363712,8.377272,3
161799296283519,16865066613,0.14327025,6.348458,8.311469,3
161799298783519,16867566613,0.18424734,6.315257,8.244769,3
161799301283519,16870066613,0.22821546,6.285048,8.15803,3
161799303783519,16872566613,0.2835495,6.2694945,8.049456,3
161799306283519,16875066613,0.3376871,6.2470617,7.938189,3
161799308783519,16877566613,0.4031906,6.2144594,7.860123,3
161799311283519,16880066613,0.47976094,6.1977096,7.771589,3
161799313783519,16882566613,0.55064833,6.160621,7.676773,3
161799316283519,16885066613,0.6125626,6.1151576,7.596614,3
161799318783519,16887566613,0.6774679,6.0750775,7.520642,3
161799321283519,16890066613,0.7292127,6.038886,7.4440713,3
161799323783519,16892566613,0.78693956,6.0230336,7.3528447,3
161799326283519,16895066613,0.8225328,5.985347,7.3043904,3
161799328783519,16897566613,0.8563314,5.9709897,7.2696943,3
161799331283519,16900066613,0.89760756,5.9724855,7.242476,3
161799333783519,16902566613,0.9245269,5.9706907,7.2397842,3
161799336283519,16905066613,0.9559326,5.986244,7.240083,3
161799338783519,16907566613,0.9882358,6.0026946,7.2451677,3
161799341283519,16910066613,1.000499,6.033203,7.2272215,3
161799343783519,16912566613,0.98524475,6.088836,7.246065,3
161799346283519,16915066613,0.9664012,6.139086,7.2655067,3
161799348783519,16917566613,0.9233304,6.2048883,7.2580295,3
161799351283519,16920066613,0.8790632,6.2545395,7.262516,3
161799353783519,16922566613,0.8285148,6.305686,7.292127,3
161799356283519,16925066613,0.78035927,6.348757,7.3429747,3
161799358783519,16927566613,0.72382885,6.3960147,7.3585277,3
161799361283519,16930066613,0.6759724,6.407381,7.372586,3
161799363783519,16932566613,0.64008003,6.399006,7.394121,3
161799366283519,16935066613,0.5952146,6.376274,7.408478,3
161799368783519,16937566613,0.5733801,6.3311095,7.4195447,3
161799371283519,16940066613,0.56769717,6.2551374,7.433902,3
161799373783519,16942566613,0.5886344,6.170491,7.448558,3
161799376283519,16945066613,0.6622137,6.0867424,7.5161552,3
161799378783519,16947566613,0.7193423,6.012266,7.579864,3
161799381283519,16950066613,0.7755736,5.939584,7.622636,3
161799383783519,16952566613,0.83389866,5.89412,7.6573315,3
161799386283519,16955066613,0.89491564,5.858527,7.6869426,3
161799388783519,16957566613,0.9290134,5.811867,7.7186475,3
161799391283519,16960066613,0.97776717,5.792126,7.7150583,3
161799393783519,16962566613,0.9975079,5.7858453,7.7243304,3
161799396283519,16965066613,0.99720883,5.7894344,7.71117,3
161799398783519,16967566613,1.017847,5.7801623,7.709974,3
161799401283519,16970066613,1.0256236,5.768497,7.698907,3
161799403783519,16972566613,1.0166506,5.793921,7.679166,3
161799406283519,16975066613,1.015155,5.820541,7.6740813,3
161799408783519,16977566613,1.0190433,5.840581,7.63789,3
161799411283519,16980066613,1.0088738,5.8486567,7.643274,3
161799413783519,16982566613,0.9849456,5.8743796,7.6250286,3
161799416283519,16985066613,0.9490533,5.9007006,7.615158,3
161799418783519,16987566613,0.90448695,5.920142,7.6217384,3
161799421283519,16990066613,0.85483587,5.951847,7.628618,3
161799423783519,16992566613,0.7785647,5.983253,7.6109705,3
161799426283519,16995066613,0.7223333,6.026922,7.5882387,3
161799428783519,16997566613,0.67447686,6.0580287,7.5514493,3
161799431283519,17000066613,0.62841505,6.093024,7.520642,3
161799433783519,17002566613,0.5775676,6.116952,7.486843,3
161799436283519,17005066613,0.52552366,6.1381884,7.461718,3
161799438783519,17007566613,0.4968098,6.1325054,7.4700933,3
161799441283519,17010066613,0.4636094,6.142376,7.501499,3
161799443783519,17012566613,0.40947178,6.1710896,7.5287175,3
161799446283519,17015066613,0.3681956,6.201299,7.576873,3
161799448783519,17017566613,0.31974092,6.237191,7.6519475,3
161799451283519,17020066613,0.29461628,6.2805614,7.7207413,3
161799453783519,17022566613,0.29042885,6.3329043,7.752745,3
161799456283519,17025066613,0.2940181,6.376573,7.769196,3
161799458783519,17027566613,0.3281158,6.3915286,7.7461653,3
161799461283519,17030066613,0.3502494,6.4178495,7.676474,3
161799463783519,17032566613,0.35832518,6.4277196,7.604091,3
161799466283519,17035066613,0.3493521,6.4408803,7.5110703,3
161799468783519,17037566613,0.33738798,6.468996,7.454241,3
161799471283519,17040066613,0.33349967,6.4719872,7.372586,3
161799473783519,17042566613,0.34426737,6.4740806,7.3319077,3
161799476283519,17045066613,0.35473597,6.468697,7.283752,3
161799478783519,17047566613,0.35682967,6.4621167,7.2385874,3
161799481283519,17050066613,0.38344982,6.4534426,7.2233334,3
161799483783519,17052566613,0.40917268,6.426224,7.19103,3
161799486283519,17055066613,0.42502514,6.378667,7.179066,3
161799488783519,17057566613,0.45134616,6.355636,7.195816,3
161799491283519,17060066613,0.4749753,6.3164535,7.2089763,3
161799493783519,17062566613,0.50458646,6.289534,7.2293153,3
161799496283519,17065066613,0.5297111,6.2997036,7.24457,3
161799498783519,17067566613,0.55812585,6.3053865,7.2616186,3
161799501283519,17070066613,0.5775676,6.302396,7.29452,3
161799503783519,17072566613,0.5820541,6.2997036,7.3052874,3
161799506283519,17075066613,0.5805586,6.3047886,7.315158,3
161799508783519,17077566613,0.56560344,6.309574,7.3513494,3
161799511283519,17080066613,0.5512465,6.3308105,7.376773,3
161799513783519,17082566613,0.53330034,6.36102,7.4066834,3
161799516283519,17085066613,0.49232325,6.3867426,7.391429,3
161799518783519,17087566613,0.46660042,6.4121666,7.348059,3
161799521283519,17090066613,0.41994038,6.456434,7.3253274,3
161799523783519,17092566613,0.36909288,6.486344,7.2882385,3
161799526283519,17095066613,0.30867413,6.5225353,7.2708907,3
161799528783519,17097566613,0.2670988,6.5437717,7.264909,3
161799531283519,17100066613,0.22253251,6.5745792,7.264909,3
161799533783519,17102566613,0.18753748,6.60449,7.268199,3
161799536283519,17105066613,0.17796618,6.6406813,7.283453,3
161799538783519,17107566613,0.17377874,6.693323,7.2969127,3
161799541283519,17110066613,0.14985052,6.7130637,7.303792,3
161799543783519,17112566613,0.101694964,6.7483582,7.324131,3
161799546283519,17115066613,0.077467635,6.7579293,7.3429747,3
161799548783519,17117566613,0.059521463,6.7537417,7.335497,3
161799551283519,17120066613,0.08135597,6.707082,7.3663044,3
161799553783519,17122566613,0.13758731,6.6475606,7.4291162,3
161799556283519,17125066613,0.20817557,6.5554366,7.4715886,3
161799558783519,17127566613,0.29312077,6.469295,7.5212398,3
161799561283519,17130066613,0.38793638,6.385247,7.5786676,3
161799563783519,17132566613,0.46869412,6.3101726,7.6363945,3
161799566283519,17135066613,0.53629136,6.2407804,7.6680994,3
161799568783519,17137566613,0.5811568,6.1884375,7.68784,3
161799571283519,17140066613,0.6008976,6.169295,7.7153573,3
161799573783519,17142566613,0.64247286,6.1100726,7.7347994,3
161799576283519,17145066613,0.66101724,6.0568323,7.7847495,3
161799578783519,17147566613,0.6445666,6.0571313,7.815258,3
161799581283519,17150066613,0.6113662,6.0810595,7.8164544,3
161799583783519,17152566613,0.567099,6.0954165,7.8170524,3
161799586283519,17155066613,0.4764708,6.102595,7.813762,3
161799588783519,17157566613,0.41156548,6.134001,7.783553,3
161799591283519,17160066613,0.3397808,6.1597238,7.7611203,3
161799593783519,17162566613,0.2533401,6.1899333,7.7347994,3
161799596283519,17165066613,0.17228323,6.227919,7.705188,3
161799598783519,17167566613,0.0951147,6.290731,7.6893353,3
161799601283519,17170066613,0.044865426,6.3717875,7.6812596,3
161799603783519,17172566613,-0.017048862,6.4181485,7.68784,3
161799606283519,17175066613,-0.06610172,6.4740806,7.699505,3
161799608783519,17177566613,-0.10767702,6.532107,7.698907,3
161799611283519,17180066613,-0.1576272,6.5814586,7.696215,3
161799613783519,17182566613,-0.21714866,6.6104717,7.7036924,3
161799616283519,17185066613,-0.2656033,6.6239314,7.683952,3
161799618783519,17187566613,-0.32362926,6.6281185,7.7004023,3
161799621283519,17190066613,-0.40707895,6.6427746,7.70459,3
161799623783519,17192566613,-0.4645067,6.6370916,7.717451,3
161799626283519,17195066613,-0.49950173,6.621239,7.7437725,3
161799628783519,17197566613,-0.49052864,6.582057,7.7967134,3
161799631283519,17200066613,-0.45702913,6.556334,7.8679,3
161799633783519,17202566613,-0.4001996,6.5252275,7.93789,3
161799636283519,17205066613,-0.3361916,6.4887366,7.9974113,3
161799638783519,17207566613,-0.26111677,6.4492555,8.016853,3
161799641283519,17210066613,-0.17048861,6.426224,8.02792,3
161799643783519,17212566613,-0.08045866,6.4070816,8.033005,3
161799646283519,17215066613,-0.0026919255,6.36102,8.010273,3
161799648783519,17217566613,0.08554341,6.285347,7.9226356,3
161799651283519,17220066613,0.17018951,6.2054863,7.819445,3
161799653783519,17222566613,0.27188447,6.136693,7.7551384,3
161799656283519,17225066613,0.36699918,6.0954165,7.728219,3
161799658783519,17227566613,0.44536412,6.0454664,7.7033935,3
161799661283519,17230066613,0.5189434,5.986244,7.6603227,3
161799663783519,17232566613,0.5805586,5.951847,7.603493,3
161799666283519,17235066613,0.60329044,5.931508,7.5646095,3
161799668783519,17237566613,0.63200426,5.924928,7.5547395,3
161799671283519,17240066613,0.6625128,5.938687,7.5320077,3
161799673783519,17242566613,0.669093,5.968896,7.507182,3
161799676283519,17245066613,0.6786643,5.9994044,7.4847493,3
161799678783519,17247566613,0.67208403,6.031409,7.4533434,3
161799681283519,17250066613,0.66400826,6.081658,7.431808,3
161799683783519,17252566613,0.6406783,6.1525455,7.4246297,3
161799686283519,17255066613,0.61016977,6.2380886,7.4156566,3
161799688783519,17257566613,0.5608178,6.321239,7.4036922,3
161799691283519,17260066613,0.4989035,6.4106708,7.372287,3
161799693783519,17262566613,0.41784665,6.4935226,7.3214393,3
161799696283519,17265066613,0.32213375,6.565606,7.253543,3
161799698783519,17267566613,0.25124636,6.6308107,7.1688967,3
161799701283519,17270066613,0.17437695,6.672685,7.099505,3
161799703783519,17272566613,0.106480606,6.713961,7.0585275,3
161799706283519,17275066613,0.059521463,6.7441707,7.0393853,3
161799708783519,17277566613,0.014057833,6.766304,7.044171,3
161799711283519,17280066613,-0.005084748,6.7995048,7.057331,3
161799713783519,17282566613,-0.008673982,6.7962146,7.114759,3
161799716283519,17285066613,0.0041874396,6.7639112,7.172187,3
161799718783519,17287566613,0.025722843,6.719345,7.186843,3
161799721283519,17290066613,0.048454657,6.6834526,7.198508,3
161799723783519,17292566613,0.072681986,6.6257257,7.193124,3
161799726283519,17295066613,0.09571291,6.570691,7.1937222,3
161799728783519,17297566613,0.13100705,6.5198436,7.2011995,3
161799731283519,17300066613,0.17437695,6.4845495,7.216753,3
161799733783519,17302566613,0.24526432,6.4474607,7.2382884,3
161799736283519,17305066613,0.3290131,6.422336,7.2735825,3
161799738783519,17307566613,0.38883367,6.402595,7.2819576,3
161799741283519,17310066613,0.43669012,6.365207,7.2876406,3
161799743783519,17312566613,0.47377887,6.324529,7.2954173,3
161799746283519,17315066613,0.503091,6.2754765,7.308877,3
161799748783519,17317566613,0.52283174,6.2494545,7.333403,3
161799751283519,17320066613,0.5270192,6.2051873,7.3752775,3
161799753783519,17322566613,0.51146585,6.189335,7.4476604,3
161799756283519,17325066613,0.49950173,6.1824555,7.498807,3
161799758783519,17327566613,0.4968098,6.167201,7.5526457,3
161799761283519,17330066613,0.48424748,6.1471615,7.611868,3
161799763783519,17332566613,0.4863412,6.1510496,7.6749787,3
161799766283519,17335066613,0.4989035,6.1384873,7.6953177,3
161799768783519,17337566613,0.5066802,6.1067824,7.7347994,3
161799771283519,17340066613,0.52342993,6.0810595,7.7647095,3
161799773783519,17342566613,0.5512465,6.055935,7.7682986,3
161799776283519,17345066613,0.5665008,6.0164533,7.766205,3
161799778783519,17347566613,0.60658056,5.9820566,7.7437725,3
161799781283519,17350066613,0.61076796,5.962914,7.7126656,3
161799783783519,17352566613,0.6044868,5.9757752,7.6657066,3
161799786283519,17355066613,0.5946164,6.0029936,7.609176,3
161799788783519,17357566613,0.56350976,6.050252,7.535597,3
161799791283519,17360066613,0.5240282,6.101997,7.4826555,3
161799793783519,17362566613,0.48185465,6.142974,7.4213395,3
161799796283519,17365066613,0.45104706,6.2024956,7.387541,3
161799798783519,17367566613,0.42951167,6.2473607,7.347461,3
161799801283519,17370066613,0.4325027,6.3047886,7.307082,3
161799803783519,17372566613,0.43100718,6.334998,7.2825556,3
161799806283519,17375066613,0.43938205,6.3568325,7.248757,3
161799808783519,17377566613,0.43998027,6.3957157,7.217052,3
161799811283519,17380066613,0.46660042,6.4181485,7.196713,3
161799813783519,17382566613,0.47318068,6.4351974,7.1362944,3
161799816283519,17385066613,0.49381876,6.467201,7.096215,3
161799818783519,17387566613,0.5066802,6.478567,7.05105,3
161799821283519,17390066613,0.52522457,6.471688,7.0094748,3
161799823783519,17392566613,0.5494519,6.4704914,6.9855466,3
161799826283519,17395066613,0.5736792,6.4663043,6.96102,3
161799828783519,17397566613,0.58893347,6.4366927,6.939784,3
161799831283519,17400066613,0.60837513,6.4085774,6.9508505,3
161799833783519,17402566613,0.61106706,6.396613,6.952047,3
161799836283519,17405066613,0.613759,6.3924255,6.9741807,3
161799838783519,17407566613,0.61824554,6.3978095,6.997511,3
161799841283519,17410066613,0.6197411,6.413662,7.045666,3
161799843783519,17412566613,0.6116653,6.430113,7.0612197,3
161799846283519,17415066613,0.63798636,6.428617,7.1078796,3
161799848783519,17417566613,0.6550352,6.4274206,7.1267233,3
161799851283519,17420066613,0.6768697,6.428617,7.1422763,3
161799853783519,17422566613,0.70588267,6.4106708,7.152446,3
161799856283519,17425066613,0.7265208,6.370591,7.1820574,3
161799858783519,17427566613,0.7540382,6.3236322,7.199405,3
161799861283519,17430066613,0.7848458,6.265008,7.207182,3
161799863783519,17432566613,0.80189466,6.2198434,7.2412796,3
161799866283519,17435066613,0.8120642,6.186942,7.251449,3
161799868783519,17437566613,0.80488575,6.1507506,7.288837,3
161799871283519,17440066613,0.78813595,6.1456656,7.355537,3
161799873783519,17442566613,0.7710871,6.1447687,7.42433,3
161799876283519,17445066613,0.7516454,6.1851473,7.4994054,3
161799878783519,17447566613,0.7256235,6.2321067,7.5720873,3
161799881283519,17450066613,0.7193423,6.2736816,7.637292,3
161799883783519,17452566613,0.68524456,6.3125653,7.66122,3
161799886283519,17455066613,0.6547361,6.3454666,7.669595,3
161799888783519,17457566613,0.6146563,6.3771715,7.6836524,3
161799891283519,17460066613,0.59551376,6.3858457,7.6663046,3
161799893783519,17462566613,0.573081,6.40439,7.624729,3
161799896283519,17465066613,0.5371887,6.4124656,7.573882,3
161799898783519,17467566613,0.4977071,6.446862,7.533204,3
161799901283519,17470066613,0.47198427,6.501,7.487441,3
161799903783519,17472566613,0.4621139,6.5312095,7.437491,3
161799906283519,17475066613,0.45702913,6.563812,7.385746,3
161799908783519,17477566613,0.43848476,6.600302,7.301698,3
161799911283519,17480066613,0.43998027,6.5946193,7.269096,3
161799913783519,17482566613,0.42083767,6.6000032,7.21107,3
161799916283519,17485066613,0.41784665,6.5745792,7.1823564,3
161799918783519,17487566613,0.41934216,6.561419,7.1617184,3
161799921283519,17490066613,0.41306102,6.538986,7.14108,3
161799923783519,17492566613,0.4139583,6.53779,7.153343,3
161799926283519,17495066613,0.4124628,6.5294147,7.178169,3
161799928783519,17497566613,0.42083767,6.544669,7.2209406,3
161799931283519,17500066613,0.41455653,6.5521464,7.272087,3
161799933783519,17502566613,0.42412782,6.556633,7.32114,3
161799936283519,17505066613,0.4531408,6.5694947,7.34776,3
161799938783519,17507566613,0.46301118,6.579066,7.3510504,3
161799941283519,17510066613,0.47108695,6.5775704,7.3360953,3
161799943783519,17512566613,0.4755735,6.560222,7.315457,3
161799946283519,17515066613,0.49800622,6.515058,7.2699933,3
161799948783519,17517566613,0.50817573,6.504589,7.21107,3
161799951283519,17520066613,0.51266223,6.4788666,7.1638117,3
161799953783519,17522566613,0.52253264,6.4719872,7.137192,3
161799956283519,17525066613,0.5389833,6.4698935,7.103692,3
161799958783519,17527566613,0.56500524,6.4719872,7.088139,3
161799961283519,17530066613,0.6152545,6.5048885,7.051648,3
161799963783519,17532566613,0.6206384,6.5228343,7.022037,3
161799966283519,17535066613,0.6469594,6.5407805,6.966703,3
161799968783519,17537566613,0.6520442,6.567401,6.91436,3
161799971283519,17540066613,0.6472585,6.6158557,6.8575306,3
161799973783519,17542566613,0.63170516,6.6532435,6.83091,3
161799976283519,17545066613,0.6125626,6.6649084,6.7902327,3
161799978783519,17547566613,0.5521438,6.695118,6.7758756,3
161799981283519,17550066613,0.5174479,6.7037916,6.7728844,3
161799983783519,17552566613,0.47886363,6.702894,6.7893353,3
161799986283519,17555066613,0.4528417,6.706484,6.8336024,3
161799988783519,17557566613,0.45224348,6.7202425,6.899704,3
161799991283519,17560066613,0.44835514,6.7019973,6.990332,3
161799993783519,17562566613,0.49351966,6.7094746,7.094121,3
161799996283519,17565066613,0.5093721,6.710073,7.1748786,3
161799998783519,17567566613,0.5192425,6.684649,7.253543,3
161800001283519,17570066613,0.5300102,6.6589265,7.3115687,3
161800003783519,17572566613,0.526421,6.6149583,7.346265,3
161800006283519,17575066613,0.5377869,6.588039,7.3746796,3
161800008783519,17577566613,0.52253264,6.5425754,7.405188,3
161800011283519,17580066613,0.52612185,6.5165534,7.440781,3
161800013783519,17582566613,0.520738,6.478567,7.4826555,3
161800016283519,17585066613,0.5288138,6.4549384,7.5203424,3
161800018783519,17587566613,0.54705906,6.43759,7.5720873,3
161800021283519,17590066613,0.5727819,6.413961,7.615457,3
161800023783519,17592566613,0.58923256,6.39093,7.6259255,3
161800026283519,17595066613,0.60747784,6.3678994,7.652546,3
161800028783519,17597566613,0.61764735,6.3403816,7.6516485,3
161800031283519,17600066613,0.62931234,6.3221364,7.650153,3
161800033783519,17602566613,0.6442675,6.3140607,7.647162,3
161800036283519,17605066613,0.6472585,6.3068824,7.6345997,3
161800038783519,17607566613,0.6726823,6.315257,7.6136627,3
161800041283519,17610066613,0.6798607,6.3314085,7.5676007,3
161800043783519,17612566613,0.67417777,6.3451676,7.5311103,3
161800046283519,17615066613,0.6858428,6.3598237,7.4530444,3
161800048783519,17617566613,0.68255264,6.366703,7.396813,3
161800051283519,17620066613,0.6762715,6.370591,7.3402824,3
161800053783519,17622566613,0.669093,6.393622,7.289136,3
161800056283519,17625066613,0.6541379,6.4423757,7.237092,3
161800058783519,17627566613,0.6681957,6.4618177,7.19432,3
161800061283519,17630066613,0.669093,6.4845495,7.1422763,3
161800063783519,17632566613,0.66759753,6.510272,7.0989065,3
161800066283519,17635066613,0.66071814,6.5144596,7.058827,3
161800068783519,17637566613,0.6658029,6.501299,7.0316086,3
161800071283519,17640066613,0.6553343,6.4872413,7.021439,3
161800073783519,17642566613,0.6678966,6.491728,7.003792,3
161800076283519,17645066613,0.65922266,6.5001025,6.9948187,3
161800078783519,17647566613,0.64995044,6.494719,6.9708905,3
161800081283519,17650066613,0.6418747,6.4935226,6.9361944,3
161800083783519,17652566613,0.6227321,6.504589,6.908976,3
161800086283519,17655066613,0.62751776,6.5057855,6.9000034,3
161800088783519,17657566613,0.65353966,6.491429,6.9012,3
161800091283519,17660066613,0.6687939,6.489335,6.8748784,3
161800093783519,17662566613,0.65982085,6.4555364,6.9012,3
161800096283519,17665066613,0.67148584,6.424729,6.943971,3
161800098783519,17667566613,0.6855437,6.387341,6.9894347,3
161800101283519,17670066613,0.72263247,6.366703,7.0525455,3
161800103783519,17672566613,0.7372885,6.355636,7.1075807,3
161800106283519,17675066613,0.75972116,6.335596,7.145866,3
161800108783519,17677566613,0.8060821,6.297311,7.201499,3
161800111283519,17680066613,0.8153543,6.29103,7.236494,3
161800113783519,17682566613,0.8455637,6.2668023,7.2589264,3
161800116283519,17685066613,0.86530447,6.25095,7.2696943,3
161800118783519,17687566613,0.8895318,6.2374907,7.2783685,3
161800121283519,17690066613,0.9026923,6.2467628,7.272087,3
161800123783519,17692566613,0.9170493,6.248258,7.279565,3
161800126283519,17695066613,0.90029955,6.256633,7.283752,3
161800128783519,17697566613,0.8856435,6.253343,7.2825556,3
161800131283519,17700066613,0.8470592,6.2521462,7.280163,3
161800133783519,17702566613,0.8225328,6.2470617,7.307381,3
161800136283519,17705066613,0.79740816,6.244669,7.3495545,3
161800138783519,17707566613,0.78035927,6.2252274,7.3992057,3
161800141283519,17710066613,0.77318084,6.2180486,7.455437,3
161800143783519,17712566613,0.7719844,6.200103,7.4997044,3
161800146283519,17715066613,0.7785647,6.178567,7.533204,3
161800148783519,17717566613,0.79112697,6.150152,7.555936,3
161800151283519,17720066613,0.8030911,6.129514,7.5792656,3
161800153783519,17722566613,0.79531443,6.1274204,7.585547,3
161800156283519,17725066613,0.79890364,6.1175504,7.6016984,3
161800158783519,17727566613,0.7920243,6.1250277,7.6271224,3
161800161283519,17730066613,0.78394854,6.1468625,7.622636,3
161800163783519,17732566613,0.7686943,6.175576,7.5927253,3
161800166283519,17735066613,0.7513463,6.2201424,7.550253,3
161800168783519,17737566613,0.7256235,6.268896,7.494919,3
161800171283519,17740066613,0.6936195,6.3083777,7.4234333,3
161800173783519,17742566613,0.6753742,6.3421764,7.347461,3
161800176283519,17745066613,0.66071814,6.3831534,7.2825556,3
161800178783519,17747566613,0.65024954,6.40768,7.2323065,3
161800181283519,17750066613,0.6442675,6.433702,7.2009006,3
161800183783519,17752566613,0.6478567,6.4606214,7.1485577,3
161800186283519,17755066613,0.6562316,6.483652,7.11446,3
161800188783519,17757566613,0.6412765,6.5234327,7.084849,3
161800191283519,17760066613,0.63170516,6.5578294,7.0606213,3
161800193783519,17762566613,0.6128617,6.6014986,7.031309,3
161800196283519,17765066613,0.5832505,6.643074,6.9942207,3
161800198783519,17767566613,0.54436713,6.6819572,6.9448686,3
161800201283519,17770066613,0.51086766,6.704689,6.8868427,3
161800203783519,17772566613,0.48245287,6.7223363,6.8249283,3
161800206283519,17775066613,0.4549354,6.708577,6.786643,3
161800208783519,17777566613,0.44865423,6.6975107,6.780063,3
161800211283519,17780066613,0.44835514,6.691828,6.812067,3
161800213783519,17782566613,0.46331027,6.687939,6.8650084,3
161800216283519,17785066613,0.4671986,6.6831536,6.9616184,3
161800218783519,17787566613,0.5024927,6.672984,7.064809,3
161800221283519,17790066613,0.5183452,6.6678996,7.170093,3
161800223783519,17792566613,0.5306084,6.641578,7.251449,3
161800226283519,17795066613,0.5563313,6.599704,7.313064,3
161800228783519,17797566613,0.5602196,6.5428743,7.4210405,3
161800231283519,17800066613,0.55453664,6.4567327,7.615158,3
161800233783519,17802566613,0.55782676,6.3538413,7.763812,3
161800236283519,17805066613,0.56380886,6.2518473,7.860123,3
161800238783519,17807566613,0.5811568,6.1639113,7.949854,3
161800241283519,17810066613,0.6125626,6.0981083,8.055737,3
161800243783519,17812566613,0.62751776,6.042475,8.119446,3
161800246283519,17815066613,0.63559353,5.989235,8.129315,3
161800248783519,17817566613,0.6475576,5.9548383,8.099107,3
161800251283519,17820066613,0.6233303,5.9243298,8.057531,3
161800253783519,17822566613,0.63170516,5.942874,8.063214,3
161800256283519,17825066613,0.6643074,5.979664,8.030014,3
161800258783519,17827566613,0.74626154,6.008976,8.066205,3
161800261283519,17830066613,0.8252247,6.0364933,8.167601,3
161800263783519,17832566613,0.89461654,6.0370917,8.253144,3
161800266283519,17835066613,0.9421739,6.0729837,8.271688,3
161800268783519,17837566613,0.96879405,6.084649,8.226225,3
161800271283519,17840066613,0.9514461,6.135197,8.119446,3
161800273783519,17842566613,0.92572325,6.1905313,7.9704924,3
161800276283519,17845066613,0.88384885,6.235696,7.7569327,3
161800278783519,17847566613,0.81834537,6.280262,7.5059857,3
161800281283519,17850066613,0.75583285,6.3086767,7.253842,3
161800283783519,17852566613,0.6861419,6.323333,7.0169525,3
161800286283519,17855066613,0.6445666,6.3687963,6.818049,3
161800288783519,17857566613,0.6412765,6.404689,6.6332035,3
161800291283519,17860066613,0.6756733,6.4417777,6.477072,3
161800293783519,17862566613,0.6966105,6.5072813,6.3272214,3
161800296283519,17865066613,0.72412795,6.582655,6.181857,3
161800298783519,17867566613,0.7588239,6.622735,6.1196437,3
161800301283519,17870066613,0.7890333,6.693024,6.018248,3
161800303783519,17872566613,0.80967134,6.789933,5.921638,3
161800306283519,17875066613,0.8330014,6.849156,5.810671,3
161800308783519,17877566613,0.8530413,6.902994,5.6943197,3
161800311283519,17880066613,0.8919246,6.942775,5.5908303,3
161800313783519,17882566613,0.9349955,6.951748,5.5259247,3
161800316283519,17885066613,0.9906286,6.931708,5.480461,3
161800318783519,17887566613,1.0187442,6.859026,5.4176497,3
161800321283519,17890066613,1.0142577,6.7959156,5.435895,3
161800323783519,17892566613,0.9804591,6.6314087,5.5675,3
161800326283519,17895066613,0.9610174,6.422635,5.8770714,3
161800328783519,17897566613,0.98614204,6.3197436,6.321239,3
161800331283519,17900066613,1.0112667,6.2961144,6.7764735,3
161800333783519,17902566613,0.9873384,6.300601,7.146165,3
161800336283519,17905066613,0.8605189,6.2748785,7.3716884,3
161800338783519,17907566613,0.7091728,6.2365932,7.5092754,3
161800341283519,17910066613,0.61824554,6.17767,7.6160555,3
161800343783519,17912566613,0.5907281,6.1028943,7.726723,3
161800346283519,17915066613,0.58683974,6.021837,7.8017983,3
161800348783519,17917566613,0.5279165,5.9653068,7.8293157,3
161800351283519,17920066613,0.453739,5.9153566,7.835896,3
161800353783519,17922566613,0.39032918,5.930611,7.854141,3
161800356283519,17925066613,0.36191443,5.9602222,7.973483,3
