sensor_timestamp_ns,relative_to_audio_start_ns,x_m_s2,y_m_s2,z_m_s2,accuracy
171337071279799,-6889834,5.424828,8.019844,1.8457636,3
171337073779799,-4389834,5.424828,8.019844,1.8457636,3
171337076279799,-1889834,5.424828,8.019844,1.8457636,3
171337078779799,610166,5.424828,8.019844,1.8457636,3
171337081279799,3110166,5.424828,8.019844,1.8457636,3
171337083779799,5610166,5.3946185,7.9776707,2.0401804,3
171337086279799,8110166,5.400601,7.926823,2.1158533,3
171337088779799,10610166,5.4059844,7.8927255,2.1762722,3
171337091279799,13110166,5.38086,7.8577304,2.2528424,3
171337093779799,15610166,5.3614182,7.8260255,2.3407788,3
171337096279799,18110166,5.4050875,7.7940216,2.3518455,3
171337098779799,20610166,5.415556,7.7647095,2.3991039,3
171337101279799,23110166,5.395217,7.745866,2.4523442,3
171337103779799,25610166,5.3536415,7.745567,2.551048,3
171337106279799,28110166,5.2890353,7.7554374,2.655734,3
171337108779799,30610166,5.246563,7.7608213,2.7248268,3
171337111279799,33110166,5.246862,7.7677007,2.781058,3
171337113779799,35610166,5.25075,7.7416787,2.8142586,3
171337116279799,38110166,5.2540402,7.7261252,2.8498518,3
171337118779799,40610166,5.226224,7.751848,2.8863423,3
171337121279799,43110166,5.189434,7.749156,2.9072795,3
171337123779799,45610166,5.1732826,7.747062,2.9015965,3
171337126279799,48110166,5.1771708,7.7461653,2.8896325,3
171337128779799,50610166,5.1816573,7.731509,2.8749764,3
171337131279799,53110166,5.198407,7.7270226,2.8848467,3
171337133779799,55610166,5.22413,7.717152,2.8953154,3
171337136279799,58110166,5.238786,7.7039914,2.8872397,3
171337138779799,60610166,5.2477593,7.6974115,2.9015965,3
171337141279799,63110166,5.2603216,7.6833534,2.914458,3
171337143779799,65610166,5.282455,7.6683984,2.9213374,3
171337146279799,68110166,5.2983074,7.666903,2.9180472,3
171337148779799,70610166,5.311169,7.687242,2.8908288,3
171337151279799,73110166,5.309973,7.7015986,2.8459635,3
171337153779799,75610166,5.3144593,7.7120676,2.778366,3
171337156279799,78110166,5.330312,7.734201,2.7502506,3
171337158779799,80610166,5.3506503,7.740183,2.7335007,3
171337161279799,83110166,5.3853464,7.7347994,2.75713,3
171337163779799,85610166,5.4113684,7.7327056,2.781058,3
171337166279799,88110166,5.4173503,7.7437725,2.7726831,3
171337168779799,90610166,5.407779,7.757531,2.7678976,3
171337171279799,93110166,5.4020963,7.7706914,2.71705,3
171337173779799,95610166,5.3883376,7.78445,2.673082,3
171337176279799,98110166,5.358128,7.7883387,2.6246274,3
171337178779799,100610166,5.3407803,7.804191,2.5722845,3
171337181279799,103110166,5.30429,7.8317084,2.5357938,3
171337183779799,105610166,5.2836514,7.859525,2.4894328,3
171337186279799,108110166,5.2779684,7.8637123,2.4475584,3
171337188779799,110610166,5.2453666,7.8538423,2.4143581,3
171337191279799,113110166,5.2438707,7.8349986,2.4092734,3
171337193779799,115610166,5.2372904,7.8314095,2.4158535,3
171337196279799,118110166,5.2253265,7.8221374,2.411367,3
171337198779799,120610166,5.2103715,7.8167534,2.423331,3
171337201279799,123110166,5.1867423,7.8233337,2.4388845,3
171337203779799,125610166,5.165207,7.8173513,2.4690938,3
171337206279799,128110166,5.136792,7.815557,2.4894328,3
171337208779799,130610166,5.126323,7.825128,2.5166512,3
171337211279799,133110166,5.1068816,7.830213,2.5166512,3
171337213779799,135610166,5.083552,7.8409805,2.5106692,3
171337216279799,138110166,5.077869,7.847561,2.5369902,3
171337218779799,140610166,5.0742793,7.8547397,2.5283163,3
171337221279799,143110166,5.0659046,7.870592,2.518745,3
171337223779799,145610166,5.055436,7.8753777,2.5199413,3
171337226279799,148110166,5.0491548,7.88794,2.525026,3
171337228779799,150610166,5.0344987,7.8960156,2.5232315,3
171337231279799,153110166,5.021039,7.8888373,2.525026,3
171337233779799,155610166,5.009673,7.9187474,2.5289145,3
171337236279799,158110166,4.999803,7.9109707,2.5411777,3
171337238779799,160610166,5.014459,7.913663,2.5283163,3
171337241279799,163110166,5.024329,7.9148593,2.5345974,3
171337243779799,165610166,5.0341997,7.9220376,2.539084,3
171337246279799,168110166,5.0330033,7.932207,2.5561328,3
171337248779799,170610166,5.032405,7.9097743,2.5516462,3
171337251279799,173110166,5.032106,7.923234,2.568396,3
171337253779799,175610166,5.029115,7.929216,2.5555346,3
171337256279799,178110166,5.032106,7.9187474,2.5516462,3
171337258779799,180610166,5.050351,7.906185,2.571387,3
171337261279799,183110166,5.0808597,7.895417,2.568396,3
171337263779799,185610166,5.096114,7.8774714,2.5833511,3
171337266279799,188110166,5.110471,7.8517485,2.589034,3
171337268779799,190610166,5.13081,7.841878,2.6108687,3
171337271279799,193110166,5.142774,7.82453,2.6285157,3
171337273779799,195610166,5.151149,7.8140616,2.6171498,3
171337276279799,198110166,5.1810594,7.815856,2.6174488,3
171337278779799,200610166,5.2109694,7.7940216,2.6171498,3
171337281279799,203110166,5.2286167,7.7997046,2.6135604,3
171337283779799,205610166,5.2462635,7.800901,2.5848467,3
171337286279799,208110166,5.2402816,7.809874,2.5534408,3
171337288779799,210610166,5.2453666,7.820941,2.5286152,3
171337291279799,213110166,5.246862,7.8173513,2.4999015,3
171337293779799,215610166,5.2420764,7.8173513,2.5028925,3
171337296279799,218110166,5.247161,7.8167534,2.5148566,3
171337298779799,220610166,5.2573304,7.8173513,2.5495524,3
171337301279799,223110166,5.2630134,7.8284183,2.5630121,3
171337303779799,225610166,5.2722855,7.8346996,2.5869403,3
171337306279799,228110166,5.2692947,7.8436728,2.609373,3
171337308779799,230610166,5.2576294,7.8592257,2.6222346,3
171337311279799,233110166,5.2627144,7.868199,2.629114,3
171337313779799,235610166,5.245067,7.8667035,2.652145,3
171337316279799,238110166,5.219045,7.871489,2.673082,3
171337318779799,240610166,5.2145586,7.8693953,2.696412,3
171337321279799,243110166,5.194519,7.87119,2.6919255,3
171337323779799,245610166,5.1876397,7.87119,2.687439,3
171337326279799,248110166,5.1828537,7.8759756,2.694019,3
171337328779799,250610166,5.1673007,7.878668,2.7062824,3
171337331279799,253110166,5.156234,7.8538423,2.6892335,3
171337333779799,255610166,5.1535416,7.841579,2.681756,3
171337336279799,258110166,5.171189,7.8296146,2.7011976,3
171337338779799,260610166,5.1810594,7.81795,2.7179475,3
171337341279799,263110166,5.1882377,7.8173513,2.728117,3
171337343779799,265610166,5.1882377,7.818548,2.7125635,3
171337346279799,268110166,5.195117,7.8116684,2.7068806,3
171337348779799,270610166,5.197809,7.810173,2.7038896,3
171337351279799,273110166,5.203492,7.8164544,2.7047868,3
171337353779799,275610166,5.2163534,7.819146,2.6799614,3
171337356279799,278110166,5.221438,7.81795,2.6611178,3
171337358779799,280610166,5.221438,7.830213,2.6344976,3
171337361279799,283110166,5.230411,7.833204,2.6168506,3
171337363779799,285610166,5.231907,7.8287177,2.6162524,3
171337366279799,288110166,5.241777,7.806285,2.5911279,3
171337368779799,290610166,5.2399826,7.800901,2.574079,3
171337371279799,293110166,5.2441697,7.8003025,2.542075,3
171337373779799,295610166,5.2537413,7.7979097,2.5372894,3
171337376279799,298110166,5.259424,7.792825,2.5354948,3
171337378779799,300610166,5.2453666,7.7976108,2.5396821,3
171337381279799,303110166,5.2420764,7.8146596,2.5525436,3
171337383779799,305610166,5.238786,7.824829,2.5698915,3
171337386279799,308110166,5.2313085,7.811968,2.5704896,3
171337388779799,310610166,5.2289157,7.8128653,2.5758736,3
171337391279799,313110166,5.2277193,7.8239317,2.574079,3
171337393779799,315610166,5.217251,7.8239317,2.5752754,3
171337396279799,318110166,5.2073803,7.8311105,2.5666013,3
171337398779799,320610166,5.2076793,7.812267,2.5695925,3
171337401279799,323110166,5.2022953,7.8224363,2.55374,3
171337403779799,325610166,5.203492,7.8278203,2.5465615,3
171337406279799,328110166,5.1996036,7.8293157,2.5414767,3
171337408779799,330610166,5.2016973,7.830512,2.5477579,3
171337411279799,333110166,5.2145586,7.819146,2.55374,3
171337413779799,335610166,5.235496,7.823035,2.5555346,3
171337416279799,338110166,5.259424,7.8149586,2.5680969,3
171337418779799,340610166,5.2689953,7.810472,2.5812573,3
171337421279799,343110166,5.2695937,7.818548,2.5941188,3
171337423779799,345610166,5.264808,7.813762,2.62373,3
171337426279799,348110166,5.280062,7.823035,2.6303103,3
171337428779799,350610166,5.2749777,7.8284183,2.635395,3
171337431279799,353110166,5.2812586,7.8260255,2.6404798,3
171337433779799,355610166,5.2749777,7.81795,2.6533413,3
171337436279799,358110166,5.2683973,7.8164544,2.649752,3
171337438779799,360610166,5.245067,7.8200436,2.6473591,3
171337441279799,363110166,5.2402816,7.815258,2.6455646,3
171337443779799,365610166,5.2283173,7.8263245,2.6108687,3
171337446279799,368110166,5.212166,7.8344007,2.579762,3
171337448779799,370610166,5.196912,7.8278203,2.5788646,3
171337451279799,373110166,5.183153,7.8296146,2.5630121,3
171337453779799,375610166,5.1792645,7.8287177,2.5615165,3
171337456279799,378110166,5.180162,7.8317084,2.5468607,3
171337458779799,380610166,5.1762733,7.8490562,2.5531418,3
171337461279799,383110166,5.1556354,7.861918,2.5546372,3
171337463779799,385610166,5.146662,7.8607216,2.5609183,3
171337466279799,388110166,5.154738,7.856235,2.5630121,3
171337468779799,390610166,5.157729,7.856235,2.5830522,3
171337471279799,393110166,5.148158,7.8571324,2.5833511,3
171337473779799,395610166,5.151149,7.85115,2.5591238,3
171337476279799,398110166,5.1496534,7.8592257,2.566003,3
171337478779799,400610166,5.144868,7.8442707,2.5821548,3
171337481279799,403110166,5.1400824,7.8637123,2.5824537,3
171337483779799,405610166,5.116752,7.865507,2.588436,3
171337486279799,408110166,5.1003013,7.8810606,2.5881367,3
171337488779799,410610166,5.0880384,7.8774714,2.5704896,3
171337491279799,413110166,5.0736814,7.882855,2.5794628,3
171337493779799,415610166,5.0772705,7.8960156,2.577369,3
171337496279799,418110166,5.0742793,7.900203,2.6021945,3
171337498779799,420610166,5.0880384,7.8984084,2.6252255,3
171337501279799,423110166,5.094918,7.900801,2.6419754,3
171337503779799,425610166,5.1003013,7.911868,2.6608188,3
171337506279799,428110166,5.110172,7.922935,2.6745775,3
171337508779799,430610166,5.0997033,7.9241314,2.6835506,3
171337511279799,433110166,5.108078,7.9223366,2.705086,3
171337513779799,435610166,5.092824,7.9316087,2.707778,3
171337516279799,438110166,5.08415,7.928618,2.714059,3
171337518779799,440610166,5.0805607,7.946863,2.714358,3
171337521279799,443110166,5.086842,7.945368,2.6796622,3
171337523779799,445610166,5.069195,7.934301,2.6551359,3
171337526279799,448110166,5.0605206,7.9307117,2.6252255,3
171337528779799,450610166,5.05753,7.92114,2.6183462,3
171337531279799,453110166,5.068896,7.906484,2.629712,3
171337533779799,455610166,5.076074,7.8870425,2.6688945,3
171337536279799,458110166,5.0850472,7.8837523,2.6832514,3
171337538779799,460610166,5.0940204,7.879565,2.6772695,3
171337541279799,463110166,5.0733824,7.8834534,2.658725,3
171337543779799,465610166,5.087739,7.8816586,2.6368906,3
171337546279799,468110166,5.0715876,7.873284,2.608775,3
171337548779799,470610166,5.05753,7.859525,2.6018956,3
171337551279799,473110166,5.0653067,7.8592257,2.5932214,3
171337553779799,475610166,5.078168,7.845467,2.5746772,3
171337556279799,478110166,5.075775,7.836195,2.5752754,3
171337558779799,480610166,5.072784,7.8457665,2.5956144,3
171337561279799,483110166,5.072485,7.8481593,2.5962126,3
171337563779799,485610166,5.0769715,7.8370924,2.585744,3
171337566279799,488110166,5.0808597,7.83799,2.6039891,3
171337568779799,490610166,5.0850472,7.838289,2.605784,3
171337571279799,493110166,5.0955157,7.8293157,2.6084757,3
171337573779799,495610166,5.094918,7.838289,2.6063821,3
171337576279799,498110166,5.112864,7.838887,2.5965116,3
171337578779799,500610166,5.132006,7.832606,2.5848467,3
171337581279799,503110166,5.139783,7.8311105,2.571686,3
171337583779799,505610166,5.1385865,7.8352976,2.562414,3
171337586279799,508110166,5.1352963,7.8460655,2.5615165,3
171337588779799,510610166,5.1239305,7.836195,2.5498517,3
171337591279799,513110166,5.118846,7.8607216,2.5444677,3
171337593779799,515610166,5.119145,7.8702927,2.5663023,3
171337596279799,518110166,5.1086764,7.8690963,2.5671997,3
171337598779799,520610166,5.109873,7.856534,2.5710878,3
171337601279799,523110166,5.1143594,7.8523464,2.5806592,3
171337603779799,525610166,5.1200423,7.8460655,2.6075785,3
171337606279799,528110166,5.10419,7.850552,2.594717,3
171337608779799,530610166,5.1119666,7.8634133,2.6054847,3
171337611279799,533110166,5.128118,7.8517485,2.6249263,3
171337613779799,535610166,5.1329036,7.858329,2.6315067,3
171337616279799,538110166,5.1406803,7.8604226,2.6336005,3
171337618779799,540610166,5.144868,7.856235,2.629114,3
171337621279799,543110166,5.1469617,7.859525,2.653042,3
171337623779799,545610166,5.17089,7.8517485,2.6485555,3
171337626279799,548110166,5.168796,7.8649087,2.635694,3
171337628779799,550610166,5.1756754,7.8664045,2.6312077,3
171337631279799,553110166,5.18405,7.876275,2.6491537,3
171337633779799,555610166,5.1795635,7.872985,2.656033,3
171337636279799,558110166,5.1846485,7.867302,2.635694,3
171337638779799,560610166,5.1906304,7.876574,2.6069803,3
171337641279799,563110166,5.203492,7.8837523,2.6216364,3
171337643779799,565610166,5.210072,7.900203,2.6198416,3
171337646279799,568110166,5.221139,7.9109707,2.6195426,3
171337648779799,570610166,5.232505,7.9106717,2.6288147,3
171337651279799,573110166,5.2429733,7.906185,2.626123,3
171337653779799,575610166,5.2498527,7.902895,2.6255248,3
171337656279799,578110166,5.238487,7.891529,2.6365914,3
171337658779799,580610166,5.239384,7.879266,2.629413,3
171337661279799,583110166,5.226822,7.8831544,2.6258237,3
171337663779799,585610166,5.2169514,7.870891,2.6078775,3
171337666279799,588110166,5.215456,7.8649087,2.5965116,3
171337668779799,590610166,5.205885,7.8436728,2.6048865,3
171337671279799,593110166,5.1957154,7.846963,2.6138597,3
171337673779799,595610166,5.2103715,7.8257265,2.6132615,3
171337676279799,598110166,5.2070813,7.818847,2.6009982,3
171337678779799,600610166,5.205885,7.8080792,2.6039891,3
171337681279799,603110166,5.2136617,7.7961154,2.6027927,3
171337683779799,605610166,5.2022953,7.7979097,2.5935206,3
171337686279799,608110166,5.213362,7.7907314,2.5785656,3
171337688779799,610610166,5.203492,7.780562,2.597409,3
171337691279799,613110166,5.2160544,7.780562,2.5648067,3
171337693779799,615610166,5.232505,7.780562,2.5642085,3
171337696279799,618110166,5.239384,7.7793655,2.5435705,3
171337698779799,620610166,5.25075,7.7817583,2.5289145,3
171337701279799,623110166,5.265705,7.789236,2.536093,3
171337703779799,625610166,5.2624154,7.795218,2.5196424,3
171337706279799,628110166,5.2666025,7.8012,2.501696,3
171337708779799,630610166,5.246862,7.8143606,2.4963121,3
171337711279799,633110166,5.252545,7.8227353,2.4774687,3
171337713779799,635610166,5.257929,7.82124,2.4771698,3
171337716279799,638110166,5.2402816,7.8296146,2.4912274,3
171337718779799,640610166,5.2310095,7.8287177,2.5031915,3
171337721279799,643110166,5.217251,7.845168,2.5121646,3
171337723779799,645610166,5.2022953,7.8400836,2.515754,3
171337726279799,648110166,5.2022953,7.824231,2.5471597,3
171337728779799,650610166,5.1939206,7.8254275,2.5606194,3
171337731279799,653110166,5.1879387,7.833802,2.5905297,3
171337733779799,655610166,5.192126,7.8376904,2.6054847,3
171337736279799,658110166,5.177769,7.83799,2.5929224,3
171337738779799,660610166,5.1610193,7.832905,2.612065,3
171337741279799,663110166,5.15743,7.8284183,2.6069803,3
171337743779799,665610166,5.1556354,7.8200436,2.5992036,3
171337746279799,668110166,5.1583276,7.804191,2.6042883,3
171337748779799,670610166,5.157131,7.78774,2.6228328,3
171337751279799,673110166,5.1705904,7.7832537,2.6189444,3
171337753779799,675610166,5.1705904,7.7793655,2.6306095,3
171337756279799,678110166,5.1421757,7.789236,2.6162524,3
171337758779799,680610166,5.132006,7.7907314,2.6222346,3
171337761279799,683110166,5.13081,7.7823567,2.6386852,3
171337763779799,685610166,5.1239305,7.773084,2.6590242,3
171337766279799,688110166,5.1233325,7.7880397,2.6572297,3
171337768779799,690610166,5.118846,7.806883,2.6548367,3
171337771279799,693110166,5.1266227,7.8050885,2.6635108,3
171337773779799,695610166,5.130511,7.8173513,2.6545377,3
171337776279799,698110166,5.1269217,7.8236327,2.669792,3
171337778779799,700610166,5.117051,7.8239317,2.669792,3
171337781279799,703110166,5.115556,7.813463,2.6793633,3
171337783779799,705610166,5.1161537,7.8116684,2.6647072,3
171337786279799,708110166,5.1236315,7.8424764,2.653042,3
171337788779799,710610166,5.125127,7.8436728,2.638386,3
171337791279799,713110166,5.131408,7.853543,2.6228328,3
171337793779799,715610166,5.1478586,7.84786,2.6189444,3
171337796279799,718110166,5.1589255,7.839485,2.620739,3
171337798779799,720610166,5.163711,7.8613195,2.620739,3
171337801279799,723110166,5.129913,7.864012,2.5749762,3
171337803779799,725610166,5.116453,7.856235,2.5630121,3
171337806279799,728110166,5.115257,7.850851,2.5519454,3
171337808779799,730610166,5.1161537,7.8403826,2.5357938,3
171337811279799,733110166,5.13739,7.819146,2.530709,3
171337813779799,735610166,5.1583276,7.8116684,2.5351956,3
171337816279799,738110166,5.17089,7.7979097,2.5671997,3
171337818779799,740610166,5.2139606,7.800602,2.5839493,3
171337821279799,743110166,5.215157,7.7886376,2.5899315,3
171337823779799,745610166,5.2226343,7.7850485,2.5776682,3
171337826279799,748110166,5.239384,7.7697945,2.5929224,3
171337828779799,750610166,5.2489557,7.7814593,2.6006992,3
171337831279799,753110166,5.2477593,7.798508,2.6078775,3
171337833779799,755610166,5.244768,7.7829547,2.6306095,3
171337836279799,758110166,5.226822,7.7814593,2.6413772,3
171337838779799,760610166,5.206782,7.8000035,2.6635108,3
171337841279799,763110166,5.198706,7.8092756,2.6685956,3
171337843779799,765610166,5.1999025,7.812566,2.661417,3
171337846279799,768110166,5.1885366,7.81795,2.661417,3
171337848779799,770610166,5.18076,7.82124,2.6593232,3
171337851279799,773110166,5.193023,7.8290167,2.6569304,3
171337853779799,775610166,5.191827,7.83799,2.6650062,3
171337856279799,778110166,5.1810594,7.8613195,2.681756,3
171337858779799,780610166,5.1936216,7.862516,2.681756,3
171337861279799,783110166,5.201099,7.8649087,2.678765,3
171337863779799,785610166,5.17418,7.8607216,2.6590242,3
171337866279799,788110166,5.1436715,7.862217,2.658725,3
171337868779799,790610166,5.1146584,7.8634133,2.649453,3
171337871279799,793110166,5.1006007,7.8571324,2.641078,3
171337873779799,795610166,5.076373,7.853543,2.6255248,3
171337876279799,798110166,5.065007,7.856534,2.6273193,3
171337878779799,800610166,5.0536413,7.8631144,2.6377878,3
171337881279799,803110166,5.0306106,7.8759756,2.6632116,3
171337883779799,805610166,5.0141597,7.8960156,2.6715865,3
171337886279799,808110166,4.9938207,7.913663,2.6946175,3
171337888779799,810610166,4.9585266,7.9091763,2.7122645,3
171337891279799,813110166,4.9196434,7.9133635,2.7215366,3
171337893779799,815610166,4.7575297,7.9316087,2.7625136,3
171337896279799,818110166,4.679165,7.932207,2.7553353,3
171337898779799,820610166,4.889434,7.912167,2.5339992,3
171337901279799,823110166,4.9519463,7.858628,2.4783661,3
171337903779799,825610166,4.932804,7.8547397,2.5172493,3
171337906279799,828110166,4.859524,7.8921275,2.5869403,3
171337908779799,830610166,4.8083773,7.9313097,2.6620152,3
171337911279799,833110166,4.8116674,7.960622,2.7158537,3
171337913779799,835610166,4.870291,7.9462647,2.716751,3
171337916279799,838110166,4.9462633,7.9217386,2.7206392,3
171337918779799,840610166,4.985745,7.9259257,2.7110682,3
171337921279799,843110166,4.9731827,7.936095,2.7065816,3
171337923779799,845610166,4.959125,7.923533,2.6952157,3
171337926279799,848110166,5.028218,7.886145,2.6126633,3
171337928779799,850610166,5.078766,7.8463645,2.568396,3
171337931279799,853110166,5.1260242,7.8012,2.5606194,3
171337933779799,855610166,5.1329036,7.77787,2.5573292,3
171337936279799,858110166,5.1379886,7.768897,2.5776682,3
171337938779799,860610166,5.152046,7.766205,2.5791638,3
171337941279799,863110166,5.1664033,7.752745,2.5737798,3
171337943779799,865610166,5.176872,7.769196,2.5956144,3
171337946279799,868110166,5.169095,7.768897,2.6039891,3
171337948779799,870610166,5.1146584,7.7832537,2.6461627,3
171337951279799,873110166,5.0330033,7.815258,2.6742785,3
171337953779799,875610166,5.055436,7.815856,2.623431,3
171337956279799,878110166,5.0458646,7.8227353,2.6129622,3
171337958779799,880610166,5.0312085,7.839784,2.6189444,3
171337961279799,883110166,5.0255256,7.8604226,2.6249263,3
171337963779799,885610166,5.0455656,7.856534,2.6201408,3
171337966279799,888110166,5.076074,7.8903327,2.5998018,3
171337968779799,890610166,5.1212387,7.8900337,2.5704896,3
171337971279799,893110166,5.1619167,7.8870425,2.5441687,3
171337973779799,895610166,5.2031927,7.879565,2.5345974,3
171337976279799,898110166,5.226523,7.874779,2.5106692,3
171337978779799,900610166,5.2331033,7.862217,2.478067,3
171337981279799,903110166,5.2495537,7.852945,2.4529424,3
171337983779799,905610166,5.28754,7.8376904,2.4442682,3
171337986279799,908110166,5.319245,7.826624,2.4281168,3
171337988779799,910610166,5.342874,7.815557,2.4251258,3
171337991279799,913110166,5.352445,7.8116684,2.42034,3
171337993779799,915610166,5.355137,7.8032937,2.411367,3
171337996279799,918110166,5.369494,7.806883,2.4311078,3
171337998779799,920610166,5.366802,7.8023963,2.4254248,3
171338001279799,923110166,5.366802,7.783852,2.446063,3
171338003779799,925610166,5.3647084,7.771888,2.4499512,3
171338006279799,928110166,5.3536415,7.752745,2.4646072,3
171338008779799,930610166,5.346762,7.747062,2.4544377,3
171338011279799,933110166,5.355137,7.730911,2.4672992,3
171338013779799,935610166,5.374579,7.732107,2.480759,3
171338016279799,938110166,5.398806,7.7261252,2.483451,3
171338018779799,940610166,5.4427743,7.710273,2.4717858,3
171338021279799,943110166,5.500501,7.696813,2.4505496,3
171338023779799,945610166,5.541179,7.698608,2.4284158,3
171338026279799,948110166,5.587839,7.699206,2.3988047,3
171338028779799,950610166,5.625526,7.71117,2.3832514,3
171338031279799,953110166,5.6676993,7.708478,2.3198416,3
171338033779799,955610166,5.706882,7.7054873,2.2806592,3
171338036279799,958110166,5.76431,7.6980095,2.2677977,3
171338038779799,960610166,5.811568,7.6713896,2.2917259,3
171338041279799,963110166,5.8298135,7.6609206,2.2932215,3
171338043779799,965610166,5.854938,7.644769,2.295315,3
171338046279799,968110166,5.87767,7.635497,2.2818556,3
171338048779799,970610166,5.88096,7.628618,2.3075783,3
171338051279799,973110166,5.8707905,7.609774,2.3341985,3
171338053779799,975610166,5.858826,7.624729,2.3814569,3
171338056279799,978110166,5.8489556,7.6453676,2.4598217,3
171338058779799,980610166,5.837291,7.6384883,2.525026,3
171338061279799,983110166,5.8043895,7.6552377,2.5752754,3
171338063779799,985610166,5.7427745,7.6337023,2.6186452,3
171338066279799,988110166,5.689534,7.611569,2.652444,3
171338068779799,990610166,5.638088,7.595118,2.6856444,3
171338071279799,993110166,5.5815578,7.579565,2.7038896,3
171338073779799,995610166,5.5396833,7.556534,2.7233312,3
171338076279799,998110166,5.4667025,7.5346994,2.7379873,3
171338078779799,1000610166,5.415257,7.535896,2.722434,3
171338081279799,1003110166,5.3620167,7.5379896,2.6865416,3
171338083779799,1005610166,5.3243294,7.533503,2.6491537,3
171338086279799,1008110166,5.274678,7.5732837,2.6509483,3
171338088779799,1010610166,5.230411,7.615756,2.6709883,3
171338091279799,1013110166,5.1933227,7.6683984,2.6563323,3
171338093779799,1015610166,5.131408,7.719844,2.6961129,3
171338096279799,1018110166,5.1062837,7.751549,2.710769,3
171338098779799,1020610166,5.0889354,7.791629,2.6452653,3
171338101279799,1023110166,5.0865426,7.7847495,2.6443682,3
171338103779799,1025610166,5.109873,7.7590265,2.8163524,3
171338106279799,1028110166,5.0922256,7.7820573,2.9123642,3
171338108779799,1030610166,5.0709896,7.8373914,2.8893332,3
171338111279799,1033110166,5.0629134,7.8840513,2.830111,3
171338113779799,1035610166,5.061418,7.943872,2.8259234,3
171338116279799,1038110166,5.061717,8.001,2.824428,3
171338118779799,1040610166,5.055436,8.050054,2.8917263,3
171338121279799,1043110166,5.076074,8.035398,2.9895327,3
171338123779799,1045610166,5.11077,7.783852,5.851349,3
171338126279799,1048110166,4.996513,7.803892,4.909773,3
171338128779799,1050610166,4.9022956,7.8436728,3.7046876,3
171338131279799,1053110166,5.00399,7.7165537,3.1103704,3
171338133779799,1055610166,5.130511,7.5547395,2.9413772,3
171338136279799,1058110166,5.257929,7.4042907,2.8325038,3
171338138779799,1060610166,5.355137,7.3325057,2.5782664,3
171338141279799,1063110166,5.4427743,7.342675,2.2399812,3
171338143779799,1065610166,5.5070815,7.4416785,1.931606,3
171338146279799,1068110166,5.4670014,7.82124,1.3450655,3
171338148779799,1070610166,5.404489,8.237292,0.89730847,3
171338151279799,1073110166,5.5651073,8.114361,1.68694,3
171338153779799,1075610166,5.5914283,8.085647,1.9860427,3
171338156279799,1078110166,5.4981084,8.154441,1.8167506,3
171338158779799,1080610166,5.395815,8.252247,1.5197415,3
171338161279799,1083110166,5.391927,8.300403,1.2526426,3
171338163779799,1085610166,5.366802,8.341081,1.1877373,3
171338166279799,1088110166,5.298607,8.375776,1.1724831,3
171338168779799,1090610166,5.214858,8.412866,1.1952149,3
171338171279799,1093110166,5.130511,8.438289,1.2260225,3
171338173779799,1095610166,5.094918,8.452945,1.282852,3
171338176279799,1098110166,5.096712,8.435597,1.3414762,3
171338178779799,1100610166,5.1146584,8.417651,1.4386846,3
171338181279799,1103110166,5.137689,8.411968,1.5203397,3
171338183779799,1105610166,5.1640105,8.386844,1.6034902,3
171338186279799,1108110166,5.18076,8.360223,1.6908283,3
171338188779799,1110610166,5.209175,8.339585,1.7922242,3
171338191279799,1113110166,5.2399826,8.30788,1.8903298,3
171338193779799,1115610166,5.270491,8.280363,1.9911275,3
171338196279799,1118110166,5.2926245,8.232805,2.0575283,3
171338198779799,1120610166,5.308776,8.172985,2.1475582,3
171338201279799,1123110166,5.3180485,8.114061,2.2331018,3
171338203779799,1125610166,5.311767,8.076375,2.3114667,3
171338206279799,1128110166,5.3075795,8.008478,2.3928227,3
171338208779799,1130610166,5.2812586,7.958528,2.440081,3
171338211279799,1133110166,5.259723,7.8981094,2.4711876,3
171338213779799,1135610166,5.2429733,7.8646097,2.4846473,3
171338216279799,1138110166,5.2399826,7.8167534,2.5295126,3
171338218779799,1140610166,5.2345986,7.7569327,2.5528426,3
171338221279799,1143110166,5.2334023,7.7120676,2.5585256,3
171338223779799,1145610166,5.2609196,7.665407,2.5809584,3
171338226279799,1148110166,5.28425,7.6181493,2.5938199,3
171338228779799,1150610166,5.3294144,7.5849485,2.5965116,3
171338231279799,1153110166,5.3614182,7.5613194,2.5986054,3
171338233779799,1155610166,5.3943195,7.5320077,2.5878377,3
171338236279799,1158110166,5.4379888,7.5062847,2.5881367,3
171338238779799,1160610166,5.4676,7.4769726,2.5968108,3
171338241279799,1163110166,5.4900327,7.451549,2.5839493,3
171338243779799,1165610166,5.51426,7.446165,2.5785656,3
171338246279799,1168110166,5.5310097,7.446464,2.5791638,3
171338248779799,1170610166,5.53759,7.451549,2.5968108,3
171338251279799,1173110166,5.5450673,7.4563346,2.6162524,3
171338253779799,1175610166,5.5423756,7.472785,2.6228328,3
171338256279799,1178110166,5.535496,7.496414,2.655734,3
171338258779799,1180610166,5.5109696,7.5026956,2.6368906,3
171338261279799,1183110166,5.4891353,7.502396,2.6138597,3
171338263779799,1185610166,5.467899,7.5068827,2.6078775,3
171338266279799,1188110166,5.4553366,7.50778,2.5941188,3
171338268779799,1190610166,5.4406805,7.5200434,2.5872395,3
171338271279799,1193110166,5.4296136,7.52453,2.566003,3
171338273779799,1195610166,5.4203415,7.545467,2.5504498,3
171338276279799,1198110166,5.4107704,7.565507,2.5600212,3
171338278779799,1200610166,5.411967,7.5571322,2.5710878,3
171338281279799,1203110166,5.3940206,7.5753775,2.5728827,3
171338283779799,1205610166,5.3826547,7.580163,2.577369,3
171338286279799,1208110166,5.372784,7.5882387,2.5824537,3
171338288779799,1210610166,5.352146,7.600203,2.5815566,3
171338291279799,1213110166,5.3362937,7.62443,2.5642085,3
171338293779799,1215610166,5.2905307,7.652247,2.5501506,3
171338296279799,1218110166,5.2253265,7.690532,2.5648067,3
171338298779799,1220610166,5.236094,7.7210402,2.5181468,3
171338301279799,1223110166,5.250451,7.719246,2.4741786,3
171338303779799,1225610166,5.2477593,7.7566338,2.4675984,3
171338306279799,1228110166,5.2073803,7.789535,2.4930222,3
171338308779799,1230610166,5.1613183,7.839186,2.5516462,3
171338311279799,1233110166,5.1218367,7.8834534,2.539084,3
171338313779799,1235610166,5.0901318,7.9148593,2.5283163,3
171338316279799,1238110166,5.0653067,7.9426756,2.492723,3
171338318779799,1240610166,5.027919,7.9680996,2.4732814,3
171338321279799,1243110166,4.977968,8.006683,2.469692,3
171338323779799,1245610166,4.9486566,8.02792,2.4625137,3
171338326279799,1248110166,4.918148,8.053643,2.4678974,3
171338328779799,1250610166,4.906782,8.060223,2.4744778,3
171338331279799,1253110166,4.892425,8.047661,2.4783661,3
171338333779799,1255610166,4.8418765,8.041678,2.5002005,3
171338336279799,1258110166,4.8122654,8.046165,2.4891338,3
171338338779799,1260610166,4.883751,8.04108,2.4349961,3
171338341279799,1263110166,4.9145584,8.037491,2.4149563,3
171338343779799,1265610166,4.929514,8.030911,2.437389,3
171338346279799,1268110166,4.942674,8.021339,2.4553351,3
171338348779799,1270610166,4.9510493,8.017451,2.4828527,3
171338351279799,1273110166,5.00399,7.9977107,2.4340987,3
171338353779799,1275610166,5.058427,7.981559,2.400001,3
171338356279799,1278110166,5.093123,7.9462647,2.3551357,3
171338358779799,1280610166,5.133502,7.913962,2.3312075,3
171338361279799,1283110166,5.1681976,7.899306,2.3144577,3
171338363779799,1285610166,5.198706,7.8687973,2.292025,3
171338366279799,1288110166,5.2226343,7.8385878,2.2618155,3
171338368779799,1290610166,5.266902,7.8164544,2.2357936,3
171338371279799,1293110166,5.3102717,7.7910304,2.2408783,3
171338373779799,1295610166,5.3407803,7.7644105,2.2465613,3
171338376279799,1298110166,5.3614182,7.7533436,2.2603202,3
171338378779799,1300610166,5.3763733,7.754839,2.2695923,3
171338381279799,1303110166,5.394918,7.740183,2.2845473,3
171338383779799,1305610166,5.4029937,7.7330046,2.3060827,3
171338386279799,1308110166,5.400601,7.7422767,2.3347967,3
171338388779799,1310610166,5.3814583,7.7345,2.3700907,3
171338391279799,1313110166,5.4314084,7.718947,2.341377,3
171338393779799,1315610166,5.4670014,7.7207413,2.3207388,3
171338396279799,1318110166,5.4676,7.726723,2.3518455,3
171338398779799,1320610166,5.453243,7.7386875,2.3913271,3
171338401279799,1323110166,5.4224353,7.747062,2.431706,3
171338403779799,1325610166,5.4170513,7.7386875,2.4305096,3
171338406279799,1328110166,5.421837,7.7425756,2.4035904,3
171338408779799,1330610166,5.434399,7.748857,2.385345,3
171338411279799,1333110166,5.4260244,7.752745,2.3949163,3
171338413779799,1335610166,5.4149575,7.75454,2.4143581,3
171338416279799,1338110166,5.4128637,7.772187,2.4329023,3
171338418779799,1340610166,5.3976097,7.7811604,2.4439692,3
171338421279799,1343110166,5.3766723,7.7850485,2.4601207,3
171338423779799,1345610166,5.440082,7.7739816,2.3928227,3
171338426279799,1348110166,5.4756756,7.7697945,2.3569303,3
171338428779799,1350610166,5.4637113,7.7685976,2.3623142,3
171338431279799,1353110166,5.425426,7.778767,2.405385,3
171338433779799,1355610166,5.393422,7.8000035,2.4221346,3
171338436279799,1358110166,5.378168,7.810173,2.3916261,3
171338438779799,1360610166,5.386244,7.812566,2.3868406,3
171338441279799,1363110166,5.3889356,7.8083787,2.3685954,3
171338443779799,1365610166,5.3685966,7.809874,2.359024,3
171338446279799,1368110166,5.3353963,7.806285,2.349752,3
171338448779799,1370610166,5.300102,7.7979097,2.3614168,3
171338451279799,1373110166,5.276174,7.794919,2.3629124,3
171338453779799,1375610166,5.246563,7.7943206,2.3479571,3
171338456279799,1378110166,5.263612,7.780562,2.3455644,3
171338458779799,1380610166,5.3033924,7.760223,2.3048863,3
171338461279799,1383110166,5.3015976,7.754241,2.3081765,3
171338463779799,1385610166,5.3039904,7.772486,2.333002,3
171338466279799,1388110166,5.271388,7.7904325,2.3670998,3
171338468779799,1390610166,5.2552366,7.801499,2.3715863,3
171338471279799,1393110166,5.2609196,7.8056865,2.3805594,3
171338473779799,1395610166,5.2815576,7.797312,2.341676,3
171338476279799,1398110166,5.3015976,7.7883387,2.3318057,3
171338478779799,1400610166,5.2959146,7.7886376,2.335694,3
171338481279799,1403110166,5.2663035,7.801499,2.3204398,3
171338483779799,1405610166,5.279763,7.8173513,2.3015962,3
171338486279799,1408110166,5.2920265,7.8227353,2.289632,3
171338488779799,1410610166,5.2956157,7.813762,2.291427,3
171338491279799,1413110166,5.274678,7.8296146,2.297708,3
171338493779799,1415610166,5.2758746,7.826923,2.271985,3
171338496279799,1418110166,5.322535,7.8335032,2.2046869,3
171338498779799,1420610166,5.3240304,7.8547397,2.1996021,3
171338501279799,1423110166,5.2929235,7.862217,2.2028923,3
171338503779799,1425610166,5.2570314,7.9109707,2.2414765,3
171338506279799,1428110166,5.235795,7.9564342,2.259722,3
171338508779799,1430610166,5.243273,7.9830546,2.2381866,3
171338511279799,1433110166,5.2680984,8.006385,2.187339,3
171338513779799,1435610166,5.2830534,8.046165,2.1625135,3
171338516279799,1438110166,5.271089,8.058129,2.195714,3
171338518779799,1440610166,5.259723,8.082656,2.201696,3
171338521279799,1443110166,5.243273,8.090134,2.1972094,3
171338523779799,1445610166,5.243273,8.093722,2.1939192,3
171338526279799,1448110166,5.262116,8.084151,2.1837497,3
171338528779799,1450610166,5.2794642,8.096415,2.1747768,3
171338531279799,1453110166,5.252246,8.0868435,2.1780667,3
171338533779799,1455610166,5.230112,8.075776,2.1702902,3
171338536279799,1458110166,5.238188,8.075776,2.1714866,3
171338538779799,1460610166,5.245067,8.060822,2.1795623,3
171338541279799,1463110166,5.2570314,8.048857,2.1804597,3
171338543779799,1465610166,5.276473,8.035098,2.179263,3
171338546279799,1468110166,5.2902317,8.018349,2.1759732,3
171338548779799,1470610166,5.319544,7.9944205,2.1687946,3
171338551279799,1473110166,5.3201423,7.996215,2.1711874,3
171338553779799,1475610166,5.3147583,7.972586,2.1711874,3
171338556279799,1478110166,5.3159547,7.9737825,2.1762722,3
171338558779799,1480610166,5.317151,7.9564342,2.1855445,3
171338561279799,1483110166,5.3150573,7.9564342,2.2061825,3
171338563779799,1485610166,5.3147583,7.945667,2.2002003,3
171338566279799,1488110166,5.3129635,7.9283185,2.2223341,3
171338568779799,1490610166,5.2899327,7.91456,2.222035,3
171338571279799,1493110166,5.280062,7.9148593,2.2468605,3
171338573779799,1495610166,5.2749777,7.906783,2.2558336,3
171338576279799,1498110166,5.2758746,7.8957167,2.2579272,3
171338578779799,1500610166,5.2740803,7.8840513,2.277668,3
171338581279799,1503110166,5.244768,7.8894353,2.257329,3
171338583779799,1505610166,5.234,7.879864,2.2636101,3
171338586279799,1508110166,5.2142596,7.893623,2.263012,3
171338588779799,1510610166,5.2076793,7.885846,2.2507489,3
171338591279799,1513110166,5.200501,7.879864,2.2588246,3
171338593779799,1515610166,5.20409,7.872985,2.251347,3
171338596279799,1518110166,5.2022953,7.8574314,2.25703,3
171338598779799,1520610166,5.215456,7.858329,2.245963,3
171338601279799,1523110166,5.215157,7.8436728,2.2537398,3
171338603779799,1525610166,5.2022953,7.845467,2.259722,3
171338606279799,1528110166,5.2022953,7.8373914,2.2495525,3
171338608779799,1530610166,5.209773,7.845168,2.2357936,3
171338611279799,1533110166,5.22084,7.8520474,2.2265215,3
171338613779799,1535610166,5.232206,7.8550386,2.210669,3
171338616279799,1538110166,5.2453666,7.8577304,2.210968,3
171338618779799,1540610166,5.2492547,7.8520474,2.2408783,3
171338621279799,1543110166,5.2603216,7.8352976,2.245066,3
171338623779799,1545610166,5.271388,7.835896,2.2606192,3
171338626279799,1548110166,5.280361,7.833802,2.2606192,3
171338628779799,1550610166,5.2809596,7.8290167,2.2737796,3
171338631279799,1553110166,5.272884,7.847561,2.2734807,3
171338633779799,1555610166,5.2606206,7.850851,2.2851455,3
171338636279799,1558110166,5.236094,7.861918,2.2824538,3
171338638779799,1560610166,5.2085767,7.8667035,2.274677,3
171338641279799,1563110166,5.1885366,7.870592,2.2947168,3
171338643779799,1565610166,5.1720862,7.873882,2.3069801,3
171338646279799,1568110166,5.1616178,7.875078,2.3189442,3
171338648779799,1570610166,5.1442695,7.8637123,2.3318057,3
171338651279799,1573110166,5.165506,7.8643107,2.3249264,3
171338653779799,1575610166,5.1649075,7.8667035,2.3365912,3
171338656279799,1578110166,5.13739,7.8687973,2.341676,3
171338658779799,1580610166,5.128417,7.8646097,2.3539393,3
171338661279799,1583110166,5.13081,7.8574314,2.3485553,3
171338663779799,1585610166,5.151747,7.858329,2.359323,3
171338666279799,1588110166,5.1646085,7.842177,2.3273191,3
171338668779799,1590610166,5.1873403,7.8439717,2.32702,3
171338671279799,1593110166,5.222934,7.830811,2.3144577,3
171338673779799,1595610166,5.2334023,7.81795,2.292025,3
171338676279799,1598110166,5.2513485,7.8164544,2.2995026,3
171338678779799,1600610166,5.281857,7.8149586,2.295016,3
171338681279799,1603110166,5.2848477,7.8200436,2.2857437,3
171338683779799,1605610166,5.2836514,7.817651,2.2812574,3
171338686279799,1608110166,5.2980084,7.826923,2.2806592,3
171338688779799,1610610166,5.2944193,7.8400836,2.265704,3
171338691279799,1613110166,5.2953167,7.853244,2.2624137,3
171338693779799,1615610166,5.2737813,7.850253,2.2642083,3
171338696279799,1618110166,5.261518,7.858628,2.2522442,3
171338698779799,1620610166,5.2483573,7.8634133,2.2603202,3
171338701279799,1623110166,5.2453666,7.8870425,2.2704897,3
171338703779799,1625610166,5.226822,7.8963146,2.2522442,3
171338706279799,1628110166,5.2286167,7.9073815,2.2585254,3
171338708779799,1630610166,5.2310095,7.9097743,2.257329,3
171338711279799,1633110166,5.238786,7.908279,2.2241287,3
171338713779799,1635610166,5.2459645,7.934899,2.204986,3
171338716279799,1638110166,5.2534423,7.9372916,2.2037897,3
171338718779799,1640610166,5.257929,7.9510508,2.2064817,3
171338721279799,1643110166,5.2480583,7.960323,2.2046869,3
171338723779799,1645610166,5.2453666,7.9854474,2.2025933,3
171338726279799,1648110166,5.252545,7.9914293,2.1975086,3
171338728779799,1650610166,5.2480583,8.003393,2.1993032,3
171338731279799,1653110166,5.2238307,8.027022,2.1717856,3
171338733779799,1655610166,5.2130632,8.030612,2.1661026,3
171338736279799,1658110166,5.1996036,8.046464,2.1777678,3
171338738779799,1660610166,5.194519,8.047661,2.152643,3
171338741279799,1663110166,5.192724,8.030313,2.1287148,3
171338743779799,1665610166,5.193023,8.030014,2.1260228,3
171338746279799,1668110166,5.191229,8.034201,2.1511476,3
171338748779799,1670610166,5.185546,8.025527,2.1514466,3
171338751279799,1673110166,5.198108,8.007282,2.1637099,3
171338753779799,1675610166,5.1867423,7.9998045,2.1762722,3
171338756279799,1678110166,5.2079782,7.9773717,2.1678972,3
171338758779799,1680610166,5.2435718,7.952546,2.1227329,3
171338761279799,1683110166,5.259125,7.945667,2.1062822,3
171338763779799,1685610166,5.234,7.952845,2.1272194,3
171338766279799,1688110166,5.221438,7.958827,2.161317,3
171338768779799,1690610166,5.22413,7.958827,2.1702902,3
171338771279799,1693110166,5.255835,7.954939,2.1687946,3
171338773779799,1695610166,5.2848477,7.9483585,2.1571295,3
171338776279799,1698110166,5.293223,7.958827,2.1619153,3
171338778779799,1700610166,5.2893343,7.945667,2.161317,3
171338781279799,1703110166,5.267799,7.9534435,2.1520448,3
171338783779799,1705610166,5.247161,7.9797645,2.14696,3
171338786279799,1708110166,5.2462635,7.982456,2.1358933,3
171338788779799,1710610166,5.258228,7.9794655,2.129014,3
171338791279799,1713110166,5.24746,7.993224,2.1260228,3
171338793779799,1715610166,5.241478,7.9836526,2.1418753,3
171338796279799,1718110166,5.2372904,7.983952,2.1335006,3
171338798779799,1720610166,5.227121,7.984251,2.1314068,3
171338801279799,1723110166,5.2226343,7.9746795,2.1454647,3
171338803779799,1725610166,5.2127643,7.9719877,2.1529422,3
171338806279799,1728110166,5.218746,7.98126,2.1565313,3
171338808779799,1730610166,5.2160544,7.981559,2.1945174,3
171338811279799,1733110166,5.2289157,7.980961,2.1894326,3
171338813779799,1735610166,5.2277193,7.9761753,2.1828525,3
171338816279799,1738110166,5.2456656,7.9680996,2.1717856,3
171338818779799,1740610166,5.2513485,7.9597244,2.1807587,3
171338821279799,1743110166,5.2480583,7.966006,2.1939192,3
171338823779799,1745610166,5.2495537,7.952546,2.2002003,3
171338826279799,1748110166,5.2292147,7.943274,2.2169502,3
171338828779799,1750610166,5.219045,7.9450684,2.225325,3
171338831279799,1753110166,5.205885,7.9504523,2.23699,3
171338833779799,1755610166,5.191229,7.960622,2.231008,3
171338836279799,1758110166,5.1879387,7.9591265,2.2456641,3
171338838779799,1760610166,5.183452,7.978269,2.243271,3
171338841279799,1763110166,5.198407,7.973483,2.2289143,3
171338843779799,1765610166,5.169394,7.9803624,2.2331018,3
171338846279799,1768110166,5.17418,7.9746795,2.2322044,3
171338848779799,1770610166,5.1673007,7.9746795,2.225325,3
171338851279799,1773110166,5.1696935,7.9800634,2.2178476,3
171338853779799,1775610166,5.177769,7.9776707,2.2037897,3
171338856279799,1778110166,5.1661043,7.98455,2.1804597,3
171338858779799,1780610166,5.159823,8.003095,2.1732812,3
171338861279799,1783110166,5.1535416,8.013563,2.1454647,3
171338863779799,1785610166,5.158028,8.012666,2.137389,3
171338866279799,1788110166,5.1499524,8.019546,2.137688,3
171338868779799,1790610166,5.150551,8.032407,2.1275184,3
171338871279799,1793110166,5.145167,8.036594,2.1257238,3
171338873779799,1795610166,5.1406803,8.036893,2.1137598,3
171338876279799,1798110166,5.124828,8.038388,2.111666,3
171338878779799,1800610166,5.1161537,8.036594,2.1011975,3
171338881279799,1803110166,5.12423,8.033902,2.1068804,3
171338883779799,1805610166,5.1200423,8.035398,2.1176481,3
171338886279799,1808110166,5.124529,8.030313,2.129313,3
171338888779799,1810610166,5.143073,8.024331,2.1520448,3
171338891279799,1813110166,5.1670012,8.009376,2.158027,3
171338893779799,1815610166,5.179863,8.003095,2.161018,3
171338896279799,1818110166,5.183153,7.987541,2.1804597,3
171338898779799,1820610166,5.189434,7.958229,2.1861427,3
171338901279799,1823110166,5.1825547,7.9462647,2.1951156,3
171338903779799,1825610166,5.194519,7.931908,2.2064817,3
171338906279799,1828110166,5.185845,7.9043903,2.1984057,3
171338908779799,1830610166,5.183452,7.899007,2.1870399,3
171338911279799,1833110166,5.1792645,7.8903327,2.2034905,3
171338913779799,1835610166,5.191528,7.873882,2.207678,3
171338916279799,1838110166,5.1735816,7.861619,2.2100708,3
171338918779799,1840610166,5.1472607,7.8490562,2.225026,3
171338921279799,1843110166,5.116453,7.8613195,2.2025933,3
171338923779799,1845610166,5.1257253,7.8484583,2.2142582,3
171338926279799,1848110166,5.1119666,7.853244,2.2232313,3
171338928779799,1850610166,5.1065826,7.8607216,2.2319052,3
171338931279799,1853110166,5.115257,7.865208,2.2235305,3
171338933779799,1855610166,5.122435,7.8664045,2.2372892,3
171338936279799,1858110166,5.148457,7.8783684,2.222035,3
171338938779799,1860610166,5.1675997,7.8984084,2.2199411,3
171338941279799,1863110166,5.186144,7.903194,2.2498515,3
171338943779799,1865610166,5.2070813,7.9130645,2.2558336,3
171338946279799,1868110166,5.2223353,7.922935,2.2462623,3
171338948779799,1870610166,5.25075,7.9130645,2.2277179,3
171338951279799,1873110166,5.263612,7.9097743,2.2531416,3
171338953779799,1875610166,5.2692947,7.8963146,2.2298117,3
171338956279799,1878110166,5.2719865,7.9169526,2.2058833,3
171338958779799,1880610166,5.2827544,7.912167,2.201696,3
171338961279799,1883110166,5.2884374,7.9073815,2.1939192,3
171338963779799,1885610166,5.286044,7.9076805,2.1984057,3
171338966279799,1888110166,5.29083,7.9011,2.1774685,3
171338968779799,1890610166,5.2701917,7.9163547,2.1664019,3
171338971279799,1893110166,5.276174,7.9160557,2.1693928,3
171338973779799,1895610166,5.2573304,7.9100733,2.1711874,3
171338976279799,1898110166,5.2603216,7.92114,2.1592233,3
171338978779799,1900610166,5.2603216,7.9238324,2.1577277,3
171338981279799,1903110166,5.241478,7.923533,2.1637099,3
171338983779799,1905610166,5.2399826,7.943274,2.1448665,3
171338986279799,1908110166,5.2286167,7.958229,2.1750758,3
171338988779799,1910610166,5.2280183,7.970193,2.1637099,3
171338991279799,1913110166,5.2220364,7.9857464,2.172683,3
171338993779799,1915610166,5.211867,8.000702,2.1711874,3
171338996279799,1918110166,5.2079782,7.998608,2.1664019,3
171338998779799,1920610166,5.2049875,8.01117,2.1717856,3
171339001279799,1923110166,5.232505,8.024331,2.1942184,3
171339003779799,1925610166,5.2498527,8.018947,2.178665,3
171339006279799,1928110166,5.2477593,8.028219,2.1690936,3
171339008779799,1930610166,5.252844,8.02792,2.172683,3
171339011279799,1933110166,5.2624154,8.031808,2.1634107,3
171339013779799,1935610166,5.2663035,8.015956,2.1592233,3
171339016279799,1938110166,5.264808,8.014759,2.1589243,3
171339018779799,1940610166,5.273482,7.9947195,2.1475582,3
171339021279799,1943110166,5.2624154,7.966903,2.1577277,3
171339023779799,1945610166,5.2627144,7.9597244,2.1520448,3
171339026279799,1948110166,5.259723,7.9408813,2.1532412,3
171339028779799,1950610166,5.261219,7.9154572,2.1463618,3
171339031279799,1953110166,5.262116,7.9055867,2.1559331,3
171339033779799,1955610166,5.2573304,7.8981094,2.1544378,3
171339036279799,1958110166,5.2698927,7.8744802,2.1586251,3
171339038779799,1960610166,5.29083,7.8780694,2.1927228,3
171339041279799,1963110166,5.2896338,7.876275,2.20708,3
171339043779799,1965610166,5.3036914,7.8679,2.2235305,3
171339046279799,1968110166,5.3147583,7.8637123,2.2319052,3
171339048779799,1970610166,5.323133,7.8538423,2.2181466,3
171339051279799,1973110166,5.328517,7.845168,2.2139592,3
171339053779799,1975610166,5.317151,7.839485,2.2082763,3
171339056279799,1978110166,5.317151,7.836494,2.1951156,3
171339058779799,1980610166,5.3108697,7.8403826,2.184049,3
171339061279799,1983110166,5.297111,7.850851,2.1765714,3
171339063779799,1985610166,5.285446,7.856833,2.1741784,3
171339066279799,1988110166,5.267201,7.8571324,2.1780667,3
171339068779799,1990610166,5.2549376,7.8664045,2.1634107,3
171339071279799,1993110166,5.235496,7.8777704,2.1771696,3
171339073779799,1995610166,5.229514,7.8690963,2.1816561,3
171339076279799,1998110166,5.215456,7.874779,2.1816561,3
171339078779799,2000610166,5.1993046,7.878668,2.1858435,3
171339081279799,2003110166,5.1867423,7.8744802,2.2004995,3
171339083779799,2005610166,5.1828537,7.893324,2.1897318,3
171339086279799,2008110166,5.179863,7.8984084,2.1855445,3
171339088779799,2010610166,5.191528,7.891529,2.2175484,3
171339091279799,2013110166,5.185546,7.896913,2.2286153,3
171339093779799,2015610166,5.2013984,7.9034934,2.2331018,3
171339096279799,2018110166,5.2232327,7.899306,2.2372892,3
171339098779799,2020610166,5.244768,7.8978105,2.2519453,3
171339101279799,2023110166,5.2695937,7.902596,2.2618155,3
171339103779799,2025610166,5.291727,7.9019976,2.2639093,3
171339106279799,2028110166,5.3066826,7.897212,2.2660031,3
171339108779799,2030610166,5.3105707,7.8987074,2.2519453,3
171339111279799,2033110166,5.3147583,7.906185,2.245066,3
171339113779799,2035610166,5.3150573,7.899007,2.2408783,3
171339116279799,2038110166,5.3123655,7.8930244,2.2118654,3
171339118779799,2040610166,5.3150573,7.8945203,2.2142582,3
171339121279799,2043110166,5.313562,7.9011,2.2157538,3
171339123779799,2045610166,5.3036914,7.9013996,2.2004995,3
171339126279799,2048110166,5.298607,7.908279,2.1831515,3
171339128779799,2050610166,5.288138,7.9220376,2.1909282,3
171339131279799,2053110166,5.2719865,7.912466,2.2205393,3
171339133779799,2055610166,5.2510495,7.919944,2.2181466,3
171339136279799,2058110166,5.2363935,7.925029,2.2121646,3
171339138779799,2060610166,5.212465,7.928618,2.2121646,3
171339141279799,2063110166,5.189434,7.94118,2.219044,3
171339143779799,2065610166,5.171189,7.9444704,2.2082763,3
171339146279799,2068110166,5.1403813,7.934899,2.2411776,3
171339148779799,2070610166,5.128118,7.940582,2.245066,3
171339151279799,2073110166,5.128118,7.9334035,2.242673,3
171339153779799,2075610166,5.126323,7.941778,2.233999,3
171339156279799,2078110166,5.1343994,7.9274216,2.2354946,3
171339158779799,2080610166,5.1640105,7.905886,2.2420747,3
171339161279799,2083110166,5.197211,7.906484,2.2648067,3
171339163779799,2085610166,5.2256255,7.8957167,2.2669003,3
171339166279799,2088110166,5.2534423,7.9070826,2.2558336,3
171339168779799,2090610166,5.2812586,7.905886,2.2468605,3
171339171279799,2093110166,5.299504,7.8981094,2.2429721,3
171339173779799,2095610166,5.3201423,7.8873415,2.2360928,3
171339176279799,2098110166,5.3362937,7.891828,2.2082763,3
171339178779799,2100610166,5.3386865,7.895417,2.193321,3
171339181279799,2103110166,5.328517,7.8921275,2.219343,3
171339183779799,2105610166,5.3150573,7.8774714,2.1888344,3
171339186279799,2108110166,5.305785,7.8888373,2.202294,3
171339188779799,2110610166,5.296513,7.8846498,2.2094727,3
171339191279799,2113110166,5.2827544,7.8753777,2.2037897,3
171339193779799,2115610166,5.2749777,7.873583,2.2211375,3
171339196279799,2118110166,5.2692947,7.876275,2.2402802,3
171339198779799,2120610166,5.2567325,7.8906317,2.2417758,3
171339201279799,2123110166,5.2366924,7.876873,2.251347,3
171339203779799,2125610166,5.2334023,7.8846498,2.2462623,3
171339206279799,2128110166,5.231907,7.8744802,2.2456641,3
171339208779799,2130610166,5.2292147,7.855936,2.263012,3
171339211279799,2133110166,5.232804,7.8741813,2.2624137,3
171339213779799,2135610166,5.235496,7.864012,2.265704,3
171339216279799,2138110166,5.229813,7.8556366,2.248655,3
171339218779799,2140610166,5.230411,7.850851,2.2471595,3
171339221279799,2143110166,5.2369914,7.862516,2.236691,3
171339223779799,2145610166,5.2420764,7.865208,2.2354946,3
171339226279799,2148110166,5.261219,7.8679,2.2435703,3
171339228779799,2150610166,5.266902,7.871489,2.2639093,3
171339231279799,2153110166,5.274678,7.873882,2.251347,3
171339233779799,2155610166,5.2779684,7.8816586,2.2603202,3
171339236279799,2158110166,5.265705,7.8960156,2.2567308,3
171339238779799,2160610166,5.2510495,7.9034934,2.23699,3
171339241279799,2163110166,5.2483573,7.913962,2.2211375,3
171339243779799,2165610166,5.230411,7.923234,2.2103698,3
171339246279799,2168110166,5.237889,7.9340014,2.1999013,3
171339248779799,2170610166,5.236094,7.9346,2.2002003,3
171339251279799,2173110166,5.2283173,7.9334035,2.2073789,3
171339253779799,2175610166,5.209175,7.947162,2.2151556,3
171339256279799,2178110166,5.2085767,7.9480596,2.207678,3
171339258779799,2180610166,5.2112684,7.9657063,2.2205393,3
171339261279799,2183110166,5.1999025,7.967202,2.1978076,3
171339263779799,2185610166,5.191229,7.98126,2.2325034,3
171339266279799,2188110166,5.1966124,7.9893355,2.2372892,3
171339268779799,2190610166,5.189733,7.982456,2.2375882,3
171339271279799,2193110166,5.193023,7.9776707,2.2504497,3
171339273779799,2195610166,5.189135,7.9612203,2.231307,3
171339276279799,2198110166,5.1942196,7.9555373,2.2259233,3
171339278779799,2200610166,5.194519,7.963912,2.231008,3
171339281279799,2203110166,5.181957,7.9486575,2.2331018,3
171339283779799,2205610166,5.1732826,7.949555,2.2229323,3
171339286279799,2208110166,5.1732826,7.945667,2.2226331,3
171339288779799,2210610166,5.174479,7.931908,2.2301106,3
171339291279799,2213110166,5.1903315,7.926524,2.2390838,3
171339293779799,2215610166,5.195117,7.9241314,2.2522442,3
171339296279799,2218110166,5.203492,7.926524,2.2549362,3
171339298779799,2220610166,5.2160544,7.9109707,2.2660031,3
171339301279799,2223110166,5.229514,7.9052877,2.2576282,3
171339303779799,2225610166,5.2405806,7.9011,2.2686949,3
171339306279799,2228110166,5.247161,7.9055867,2.2752752,3
171339308779799,2230610166,5.2477593,7.913962,2.2740788,3
171339311279799,2233110166,5.261817,7.9169526,2.2606192,3
171339313779799,2235610166,5.259723,7.91785,2.2402802,3
171339316279799,2238110166,5.2570314,7.926225,2.2402802,3
171339318779799,2240610166,5.256134,7.923234,2.2468605,3
171339321279799,2243110166,5.256433,7.920841,2.2522442,3
171339323779799,2245610166,5.246862,7.9094753,2.2504497,3
171339326279799,2248110166,5.238188,7.9073815,2.2618155,3
171339328779799,2250610166,5.2366924,7.9034934,2.2582264,3
171339331279799,2253110166,5.2220364,7.891828,2.260021,3
171339333779799,2255610166,5.205885,7.882855,2.259722,3
171339336279799,2258110166,5.200202,7.882257,2.2615166,3
171339338779799,2260610166,5.186443,7.880462,2.2603202,3
171339341279799,2263110166,5.1699924,7.878668,2.266302,3
171339343779799,2265610166,5.183153,7.876873,2.2564318,3
171339346279799,2268110166,5.1870413,7.882855,2.2507489,3
171339348779799,2270610166,5.1900325,7.8777704,2.2618155,3
171339351279799,2273110166,5.1828537,7.8870425,2.25703,3
171339353779799,2275610166,5.196912,7.885846,2.2555344,3
171339356279799,2278110166,5.218746,7.88794,2.2633111,3
171339358779799,2280610166,5.219045,7.914261,2.2549362,3
171339361279799,2283110166,5.2334023,7.8948193,2.2360928,3
171339363779799,2285610166,5.246862,7.9070826,2.225026,3
171339366279799,2288110166,5.25075,7.9166536,2.2187448,3
171339368779799,2290610166,5.260022,7.929216,2.2214367,3
171339371279799,2293110166,5.283951,7.9393854,2.2345972,3
171339373779799,2295610166,5.29741,7.934301,2.2181466,3
171339376279799,2298110166,5.311169,7.9130645,2.2274187,3
171339378779799,2300610166,5.291727,7.928618,2.2100708,3
171339381279799,2303110166,5.273482,7.9450684,2.1936202,3
171339383779799,2305610166,5.2683973,7.9429746,2.1708884,3
171339386279799,2308110166,5.2567325,7.941778,2.1631117,3
171339388779799,2310610166,5.238188,7.9372916,2.1735802,3
171339391279799,2313110166,5.2286167,7.945667,2.1804597,3
171339393779799,2315610166,5.219045,7.9450684,2.1807587,3
171339396279799,2318110166,5.203791,7.945368,2.172982,3
171339398779799,2320610166,5.196912,7.958528,2.187339,3
171339401279799,2323110166,5.2019963,7.949256,2.2028923,3
171339403779799,2325610166,5.200202,7.9483585,2.2277179,3
171339406279799,2328110166,5.2082777,7.943872,2.2199411,3
171339408779799,2330610166,5.193023,7.9483585,2.2363918,3
171339411279799,2333110166,5.198407,7.9513497,2.21366,3
171339413779799,2335610166,5.200501,7.943872,2.219044,3
171339416279799,2338110166,5.19751,7.9408813,2.2322044,3
171339418779799,2340610166,5.2008,7.9408813,2.2316062,3
171339421279799,2343110166,5.200202,7.934899,2.2328026,3
171339423779799,2345610166,5.1999025,7.9480596,2.2142582,3
171339426279799,2348110166,5.19751,7.958528,2.1882362,3
171339428779799,2350610166,5.1960144,7.966903,2.1951156,3
171339431279799,2353110166,5.192724,7.9746795,2.1855445,3
171339433779799,2355610166,5.2145586,7.9851484,2.2010977,3
171339436279799,2358110166,5.2103715,8.006385,2.2058833,3
171339438779799,2360610166,5.2022953,8.016853,2.2002003,3
171339441279799,2363110166,5.2055855,8.030911,2.2002003,3
171339443779799,2365610166,5.2193446,8.017451,2.204986,3
171339446279799,2368110166,5.2313085,8.014759,2.2088745,3
171339448779799,2370610166,5.2307105,8.006385,2.2118654,3
171339451279799,2373110166,5.2310095,7.993224,2.1918256,3
171339453779799,2375610166,5.2253265,7.992925,2.172982,3
171339456279799,2378110166,5.226224,7.979166,2.1948166,3
171339458779799,2380610166,5.221438,7.9504523,2.187339,3
171339461279799,2383110166,5.2348976,7.967501,2.2002003,3
171339463779799,2385610166,5.23759,7.975876,2.2025933,3
171339466279799,2388110166,5.2313085,7.966305,2.210669,3
171339468779799,2390610166,5.2127643,7.955238,2.2097716,3
171339471279799,2393110166,5.233701,7.9594254,2.2223341,3
171339473779799,2395610166,5.220541,7.9591265,2.2223341,3
171339476279799,2398110166,5.209474,7.944171,2.225325,3
171339478779799,2400610166,5.1993046,7.932207,2.195714,3
171339481279799,2403110166,5.1909294,7.9313097,2.2172494,3
171339483779799,2405610166,5.20409,7.9190464,2.2184458,3
171339486279799,2408110166,5.215157,7.9166536,2.207977,3
171339488779799,2410610166,5.2310095,7.9217386,2.20708,3
171339491279799,2413110166,5.2331033,7.9217386,2.2384856,3
171339493779799,2415610166,5.2438707,7.893324,2.2474587,3
171339496279799,2418110166,5.232804,7.893922,2.2331018,3
171339498779799,2420610166,5.235496,7.885547,2.23699,3
171339501279799,2423110166,5.261219,7.881958,2.2399812,3
171339503779799,2425610166,5.2689953,7.876873,2.2271197,3
171339506279799,2428110166,5.2836514,7.878967,2.2316062,3
171339508779799,2430610166,5.2866426,7.853244,2.2121646,3
171339511279799,2433110166,5.2884374,7.8493557,2.2160528,3
171339513779799,2435610166,5.2896338,7.8499537,2.2085752,3
171339516279799,2438110166,5.2923255,7.847561,2.193022,3
171339518779799,2440610166,5.293223,7.839485,2.1637099,3
171339521279799,2443110166,5.2812586,7.83799,2.1879373,3
171339523779799,2445610166,5.27079,7.8433733,2.1864417,3
171339526279799,2448110166,5.2689953,7.8604226,2.1768703,3
171339528779799,2450610166,5.2749777,7.8687973,2.1777678,3
171339531279799,2453110166,5.2689953,7.882257,2.1843479,3
171339533779799,2455610166,5.2680984,7.885846,2.1891336,3
171339536279799,2458110166,5.2758746,7.905886,2.19033,3
171339538779799,2460610166,5.262116,7.899904,2.1975086,3
171339541279799,2463110166,5.258228,7.9256268,2.1981068,3
171339543779799,2465610166,5.247161,7.9450684,2.1972094,3
171339546279799,2468110166,5.244768,7.95793,2.1942184,3
171339548779799,2470610166,5.2438707,7.958528,2.1855445,3
171339551279799,2473110166,5.239085,7.9740815,2.1936202,3
171339553779799,2475610166,5.2334023,7.9767733,2.1996021,3
171339556279799,2478110166,5.2307105,7.9764743,2.1966112,3
171339558779799,2480610166,5.227121,7.9857464,2.1993032,3
171339561279799,2483110166,5.2348976,7.987242,2.1900308,3
171339563779799,2485610166,5.235795,7.998608,2.1777678,3
171339566279799,2488110166,5.224728,8.008778,2.1741784,3
171339568779799,2490610166,5.217251,8.021339,2.1801605,3
171339571279799,2493110166,5.2076793,8.025826,2.1966112,3
171339573779799,2495610166,5.217251,8.018349,2.1861427,3
171339576279799,2498110166,5.213362,8.035697,2.1795623,3
171339578779799,2500610166,5.2046885,8.039585,2.1822543,3
171339581279799,2503110166,5.197809,8.028817,2.1855445,3
171339583779799,2505610166,5.2031927,8.024331,2.1690936,3
171339586279799,2508110166,5.1996036,8.017451,2.1759732,3
171339588779799,2510610166,5.183751,8.008778,2.181058,3
171339591279799,2513110166,5.1900325,8.006085,2.1771696,3
171339593779799,2515610166,5.191827,7.995617,2.184647,3
171339596279799,2518110166,5.1849475,7.9800634,2.1795623,3
171339598779799,2520610166,5.183153,7.9597244,2.178665,3
171339601279799,2523110166,5.1586266,7.946564,2.184946,3
171339603779799,2525610166,5.1643095,7.925029,2.1966112,3
171339606279799,2528110166,5.169394,7.90469,2.1906292,3
171339608779799,2530610166,5.169394,7.8909307,2.1999013,3
171339611279799,2533110166,5.1664033,7.8717885,2.1894326,3
171339613779799,2535610166,5.1696935,7.861918,2.1822543,3
171339616279799,2538110166,5.171189,7.8580294,2.1912274,3
171339618779799,2540610166,5.178367,7.8499537,2.2046869,3
171339621279799,2543110166,5.198108,7.8403826,2.2127628,3
171339623779799,2545610166,5.203791,7.839784,2.2286153,3
171339626279799,2548110166,5.2181478,7.839186,2.2292135,3
171339628779799,2550610166,5.220541,7.8433733,2.2384856,3
171339631279799,2553110166,5.2345986,7.8376904,2.2498515,3
171339633779799,2555610166,5.2405806,7.8290167,2.2501507,3
171339636279799,2558110166,5.244469,7.834101,2.2603202,3
171339638779799,2560610166,5.2627144,7.825128,2.268994,3
171339641279799,2563110166,5.2606206,7.8460655,2.2680967,3
171339643779799,2565610166,5.258826,7.8424764,2.271985,3
171339646279799,2568110166,5.2686963,7.83799,2.2779672,3
171339648779799,2570610166,5.2755756,7.8320074,2.2848465,3
171339651279799,2573110166,5.2716875,7.835597,2.2881367,3
171339653779799,2575610166,5.271089,7.8236327,2.274677,3
171339656279799,2578110166,5.265406,7.8260255,2.2938197,3
171339658779799,2580610166,5.261817,7.8352976,2.292324,3
171339661279799,2583110166,5.259424,7.832905,2.2848465,3
171339663779799,2585610166,5.2456656,7.830512,2.2821546,3
171339666279799,2588110166,5.2495537,7.8442707,2.2743778,3
171339668779799,2590610166,5.25075,7.8517485,2.2707887,3
171339671279799,2593110166,5.2372904,7.846963,2.2677977,3
171339673779799,2595610166,5.2492547,7.856235,2.271985,3
171339676279799,2598110166,5.238487,7.867302,2.2462623,3
171339678779799,2600610166,5.2310095,7.873284,2.2417758,3
171339681279799,2603110166,5.2331033,7.8924265,2.2328026,3
171339683779799,2605610166,5.2283173,7.912466,2.2115662,3
171339686279799,2608110166,5.2238307,7.926524,2.1978076,3
171339688779799,2610610166,5.2348976,7.9447694,2.1936202,3
171339691279799,2613110166,5.2345986,7.9657063,2.172683,3
171339693779799,2615610166,5.2342997,7.9743805,2.1562324,3
171339696279799,2618110166,5.2426744,7.9950185,2.1649063,3
171339698779799,2620610166,5.229514,7.987242,2.1508484,3
171339701279799,2623110166,5.2307105,8.009076,2.161018,3
171339703779799,2625610166,5.230411,8.019844,2.1577277,3
171339706279799,2628110166,5.2289157,8.021938,2.164308,3
171339708779799,2630610166,5.212465,8.021938,2.1687946,3
171339711279799,2633110166,5.2103715,8.019844,2.1517458,3
171339713779799,2635610166,5.211867,8.024032,2.1735802,3
171339716279799,2638110166,5.185546,8.022536,2.1732812,3
171339718779799,2640610166,5.19751,8.035398,2.1634107,3
171339721279799,2643110166,5.19751,8.018349,2.1511476,3
171339723779799,2645610166,5.1963134,8.015358,2.1634107,3
171339726279799,2648110166,5.2025948,7.9983087,2.1717856,3
171339728779799,2650610166,5.2127643,8.000702,2.167299,3
171339731279799,2653110166,5.2232327,7.9920278,2.164009,3
171339733779799,2655610166,5.235197,7.9851484,2.198705,3
171339736279799,2658110166,5.2519464,7.9689965,2.187339,3
171339738779799,2660610166,5.259723,7.9630146,2.1843479,3
171339741279799,2663110166,5.2794642,7.9633136,2.1789641,3
171339743779799,2665610166,5.293821,7.9534435,2.1774685,3
171339746279799,2668110166,5.3039904,7.952546,2.1637099,3
171339748779799,2670610166,5.312066,7.966903,2.1568305,3
171339751279799,2673110166,5.3009996,7.939685,2.1717856,3
171339753779799,2675610166,5.300401,7.941778,2.161616,3
171339756279799,2678110166,5.2941203,7.9256268,2.1475582,3
171339758779799,2680610166,5.3009996,7.9154572,2.146661,3
171339761279799,2683110166,5.291428,7.91456,2.161317,3
171339763779799,2685610166,5.2815576,7.9055867,2.161616,3
171339766279799,2688110166,5.274678,7.9011,2.1735802,3
171339768779799,2690610166,5.2645087,7.8870425,2.1780667,3
171339771279799,2693110166,5.2758746,7.8840513,2.187638,3
171339773779799,2695610166,5.264808,7.880761,2.1927228,3
171339776279799,2698110166,5.2630134,7.879266,2.202294,3
171339778779799,2700610166,5.2645087,7.861918,2.2061825,3
171339781279799,2703110166,5.2570314,7.8690963,2.2160528,3
171339783779799,2705610166,5.238786,7.8637123,2.1861427,3
171339786279799,2708110166,5.2232327,7.870891,2.1948166,3
171339788779799,2710610166,5.200202,7.862217,2.2046869,3
171339791279799,2713110166,5.191229,7.8487573,2.1999013,3
171339793779799,2715610166,5.2016973,7.8490562,2.1936202,3
171339796279799,2718110166,5.209175,7.856833,2.2265215,3
171339798779799,2720610166,5.2160544,7.8577304,2.2175484,3
171339801279799,2723110166,5.2160544,7.861918,2.2531416,3
171339803779799,2725610166,5.230411,7.864012,2.263012,3
171339806279799,2728110166,5.238786,7.870891,2.2737796,3
171339808779799,2730610166,5.237889,7.873882,2.265704,3
171339811279799,2733110166,5.2480583,7.8780694,2.2594228,3
171339813779799,2735610166,5.261817,7.859824,2.2501507,3
171339816279799,2738110166,5.246862,7.871489,2.2510478,3
171339818779799,2740610166,5.2492547,7.874779,2.2444677,3
171339821279799,2743110166,5.235795,7.876574,2.245066,3
171339823779799,2745610166,5.2256255,7.872985,2.2414765,3
171339826279799,2748110166,5.227121,7.8720875,2.2588246,3
171339828779799,2750610166,5.217251,7.880761,2.2462623,3
171339831279799,2753110166,5.211568,7.873882,2.2534406,3
171339833779799,2755610166,5.206483,7.876873,2.2815564,3
171339836279799,2758110166,5.198407,7.8840513,2.2680967,3
171339838779799,2760610166,5.197211,7.8810606,2.2869403,3
171339841279799,2763110166,5.200202,7.8846498,2.292324,3
171339843779799,2765610166,5.200202,7.885846,2.2779672,3
171339846279799,2768110166,5.1996036,7.8810606,2.2713869,3
171339848779799,2770610166,5.1924253,7.8849487,2.2677977,3
171339851279799,2773110166,5.1999025,7.900203,2.2564318,3
171339853779799,2775610166,5.2031927,7.9148593,2.2522442,3
171339856279799,2778110166,5.214858,7.925029,2.2564318,3
171339858779799,2780610166,5.22413,7.9301133,2.2528424,3
171339861279799,2783110166,5.246563,7.928917,2.2501507,3
171339863779799,2785610166,5.2552366,7.9507513,2.233999,3
171339866279799,2788110166,5.259125,7.958528,2.2384856,3
171339868779799,2790610166,5.2692947,7.978269,2.2351954,3
171339871279799,2793110166,5.266902,7.983952,2.2286153,3
171339873779799,2795610166,5.2510495,7.982456,2.210968,3
171339876279799,2798110166,5.258228,7.98784,2.2028923,3
171339878779799,2800610166,5.2477593,7.9743805,2.2040887,3
171339881279799,2803110166,5.2456656,7.9776707,2.184946,3
171339883779799,2805610166,5.246862,7.982456,2.1664019,3
171339886279799,2808110166,5.233701,7.975876,2.1768703,3
171339888779799,2810610166,5.2274203,7.9704924,2.1828525,3
171339891279799,2813110166,5.2196436,7.9797645,2.2025933,3
171339893779799,2815610166,5.2142596,7.963613,2.2046869,3
171339896279799,2818110166,5.2106705,7.963613,2.2145574,3
171339898779799,2820610166,5.2028937,7.952247,2.222035,3
171339901279799,2823110166,5.203492,7.937591,2.2268205,3
171339903779799,2825610166,5.2103715,7.9274216,2.2241287,3
171339906279799,2828110166,5.204389,7.923533,2.2363918,3
171339908779799,2830610166,5.2145586,7.9109707,2.2238295,3
171339911279799,2833110166,5.221139,7.899904,2.2148564,3
171339913779799,2835610166,5.2106705,7.8864446,2.2420747,3
171339916279799,2838110166,5.2181478,7.8780694,2.222035,3
171339918779799,2840610166,5.2259245,7.873882,2.2058833,3
171339921279799,2843110166,5.2310095,7.865507,2.2004995,3
171339923779799,2845610166,5.2310095,7.8849487,2.2055843,3
171339926279799,2848110166,5.244469,7.874779,2.2002003,3
171339928779799,2850610166,5.2429733,7.8783684,2.2172494,3
171339931279799,2853110166,5.2441697,7.878967,2.2199411,3
171339933779799,2855610166,5.2456656,7.8840513,2.2064817,3
171339936279799,2858110166,5.2552366,7.8894353,2.2061825,3
171339938779799,2860610166,5.2609196,7.897212,2.2145574,3
171339941279799,2863110166,5.247161,7.906185,2.2100708,3
171339943779799,2865610166,5.261518,7.9094753,2.1993032,3
171339946279799,2868110166,5.243273,7.900801,2.187638,3
171339948779799,2870610166,5.2420764,7.9034934,2.1924238,3
171339951279799,2873110166,5.2286167,7.9037924,2.1807587,3
171339953779799,2875610166,5.2181478,7.9073815,2.161317,3
171339956279799,2878110166,5.226224,7.9022965,2.1595225,3
171339958779799,2880610166,5.22413,7.900203,2.1843479,3
171339961279799,2883110166,5.2307105,7.902895,2.193321,3
171339963779799,2885610166,5.226523,7.928618,2.2271197,3
171339966279799,2888110166,5.2223353,7.9408813,2.2390838,3
171339968779799,2890610166,5.2238307,7.9354973,2.2304099,3
171339971279799,2893110166,5.2202415,7.938189,2.225325,3
171339973779799,2895610166,5.235795,7.926225,2.219044,3
171339976279799,2898110166,5.235197,7.938189,2.2262223,3
171339978779799,2900610166,5.2196436,7.9223366,2.2325034,3
171339981279799,2903110166,5.2310095,7.9112697,2.2507489,3
171339983779799,2905610166,5.217849,7.9109707,2.2381866,3
171339986279799,2908110166,5.2109694,7.9091763,2.2235305,3
171339988779799,2910610166,5.2022953,7.908877,2.2351954,3
171339991279799,2913110166,5.2112684,7.9052877,2.2265215,3
171339993779799,2915610166,5.2028937,7.9190464,2.2214367,3
171339996279799,2918110166,5.2076793,7.9217386,2.2238295,3
171339998779799,2920610166,5.2163534,7.934899,2.2289143,3
171340001279799,2923110166,5.2331033,7.936095,2.2259233,3
171340003779799,2925610166,5.2573304,7.9450684,2.2331018,3
171340006279799,2928110166,5.2749777,7.949854,2.2354946,3
171340008779799,2930610166,5.276772,7.955238,2.233999,3
171340011279799,2933110166,5.2899327,7.9543405,2.2531416,3
171340013779799,2935610166,5.3033924,7.958528,2.242374,3
171340016279799,2938110166,5.2884374,7.9576306,2.2046869,3
171340018779799,2940610166,5.285745,7.9600234,2.1996021,3
171340021279799,2943110166,5.2998033,7.9486575,2.184946,3
171340023779799,2945610166,5.28425,7.943573,2.1622143,3
171340026279799,2948110166,5.252545,7.928917,2.152344,3
171340028779799,2950610166,5.246862,7.928917,2.1702902,3
171340031279799,2953110166,5.2280183,7.9280195,2.158326,3
171340033779799,2955610166,5.2112684,7.9238324,2.161018,3
171340036279799,2958110166,5.195117,7.9304123,2.161018,3
171340038779799,2960610166,5.194818,7.9337025,2.1442683,3
171340041279799,2963110166,5.18076,7.9387875,2.1804597,3
171340043779799,2965610166,5.1792645,7.943274,2.178366,3
171340046279799,2968110166,5.1678987,7.9408813,2.175674,3
171340048779799,2970610166,5.148457,7.936095,2.1804597,3
171340051279799,2973110166,5.15085,7.9423766,2.2040887,3
171340053779799,2975610166,5.1664033,7.93789,2.2118654,3
171340056279799,2978110166,5.1732826,7.9567337,2.2025933,3
171340058779799,2980610166,5.1933227,7.9477606,2.20708,3
171340061279799,2983110166,5.1993046,7.943872,2.210669,3
171340063779799,2985610166,5.214858,7.941479,2.2223341,3
171340066279799,2988110166,5.229813,7.9444704,2.2196422,3
171340068779799,2990610166,5.246563,7.939984,2.2286153,3
171340071279799,2993110166,5.265107,7.947162,2.201397,3
171340073779799,2995610166,5.2722855,7.9450684,2.2118654,3
171340076279799,2998110166,5.2884374,7.928618,2.2127628,3
171340078779799,3000610166,5.2866426,7.926524,2.216651,3
171340081279799,3003110166,5.282455,7.915756,2.219044,3
171340083779799,3005610166,5.2890353,7.9019976,2.2103698,3
171340086279799,3008110166,5.2698927,7.911868,2.222035,3
171340088779799,3010610166,5.2666025,7.8984084,2.219044,3
171340091279799,3013110166,5.24746,7.8957167,2.2091734,3
171340093779799,3015610166,5.246563,7.897212,2.2100708,3
171340096279799,3018110166,5.2480583,7.895417,2.2208385,3
171340098779799,3020610166,5.241179,7.888538,2.2360928,3
171340101279799,3023110166,5.2363935,7.8852477,2.231307,3
171340103779799,3025610166,5.233701,7.8900337,2.2537398,3
171340106279799,3028110166,5.2280183,7.899605,2.2468605,3
171340108779799,3030610166,5.2181478,7.8831544,2.2289143,3
171340111279799,3033110166,5.2166524,7.884351,2.231307,3
171340113779799,3035610166,5.217849,7.891828,2.2295125,3
171340116279799,3038110166,5.217251,7.8930244,2.2298117,3
171340118779799,3040610166,5.215157,7.8930244,2.225026,3
171340121279799,3043110166,5.198108,7.886145,2.2235305,3
171340123779799,3045610166,5.2166524,7.899007,2.2402802,3
171340126279799,3048110166,5.217251,7.9094753,2.2399812,3
171340128779799,3050610166,5.211867,7.911569,2.2564318,3
171340131279799,3053110166,5.214858,7.91456,2.2618155,3
171340133779799,3055610166,5.211568,7.9052877,2.2441685,3
171340136279799,3058110166,5.215456,7.8981094,2.2639093,3
171340138779799,3060610166,5.2070813,7.8963146,2.2588246,3
171340141279799,3063110166,5.209474,7.9112697,2.239383,3
171340143779799,3065610166,5.220541,7.9133635,2.2372892,3
171340146279799,3068110166,5.2226343,7.922935,2.2402802,3
171340148779799,3070610166,5.215157,7.923533,2.233999,3
171340151279799,3073110166,5.2079782,7.9280195,2.2211375,3
171340153779799,3075610166,5.211568,7.9357963,2.219044,3
171340156279799,3078110166,5.2160544,7.960921,2.2214367,3
171340158779799,3080610166,5.2136617,7.952546,2.2217357,3
171340161279799,3083110166,5.2232327,7.961818,2.2175484,3
171340163779799,3085610166,5.2286167,7.967202,2.219044,3
171340166279799,3088110166,5.221438,7.962117,2.2295125,3
171340168779799,3090610166,5.212465,7.9686975,2.2160528,3
171340171279799,3093110166,5.2166524,7.95793,2.20708,3
171340173779799,3095610166,5.209474,7.9615192,2.210669,3
171340176279799,3098110166,5.183153,7.963912,2.2085752,3
171340178779799,3100610166,5.1879387,7.958827,2.2154546,3
171340181279799,3103110166,5.176872,7.969595,2.207678,3
171340183779799,3105610166,5.176872,7.960921,2.2002003,3
171340186279799,3108110166,5.1735816,7.9576306,2.1999013,3
171340188779799,3110610166,5.186443,7.9477606,2.213361,3
171340191279799,3113110166,5.179863,7.943872,2.210968,3
171340193779799,3115610166,5.191229,7.940582,2.2172494,3
171340196279799,3118110166,5.192724,7.932207,2.2088745,3
171340198779799,3120610166,5.183751,7.9259257,2.228017,3
171340201279799,3123110166,5.20409,7.913663,2.2229323,3
171340203779799,3125610166,5.2103715,7.926524,2.2046869,3
171340206279799,3128110166,5.230411,7.920841,2.2055843,3
171340208779799,3130610166,5.245067,7.9103727,2.2118654,3
171340211279799,3133110166,5.2633123,7.895417,2.2127628,3
171340213779799,3135610166,5.2770715,7.8963146,2.2172494,3
171340216279799,3138110166,5.285147,7.893922,2.2214367,3
171340218779799,3140610166,5.302196,7.8930244,2.2351954,3
171340221279799,3143110166,5.2869415,7.891529,2.2061825,3
171340223779799,3145610166,5.291727,7.8978105,2.1996021,3
171340226279799,3148110166,5.2905307,7.8948193,2.187339,3
171340228779799,3150610166,5.2833524,7.8906317,2.1834507,3
171340231279799,3153110166,5.2833524,7.880163,2.1801605,3
171340233779799,3155610166,5.286044,7.882855,2.1675982,3
171340236279799,3158110166,5.2863436,7.861619,2.184049,3
171340238779799,3160610166,5.2884374,7.8547397,2.2007985,3
171340241279799,3163110166,5.282156,7.8556366,2.2002003,3
171340243779799,3165610166,5.2872405,7.855936,2.219044,3
171340246279799,3168110166,5.2794642,7.8484583,2.2411776,3
171340248779799,3170610166,5.2902317,7.84128,2.2474587,3
171340251279799,3173110166,5.2977095,7.8496547,2.2615166,3
171340253779799,3175610166,5.29083,7.8352976,2.262713,3
171340256279799,3178110166,5.288138,7.833204,2.2477577,3
171340258779799,3180610166,5.2833524,7.836494,2.2295125,3
171340261279799,3183110166,5.281857,7.8403826,2.231307,3
171340263779799,3185610166,5.2893343,7.8349986,2.2274187,3
171340266279799,3188110166,5.2866426,7.8547397,2.2537398,3
171340268779799,3190610166,5.278567,7.8553376,2.242673,3
171340271279799,3193110166,5.274678,7.8693953,2.2408783,3
171340273779799,3195610166,5.287839,7.882257,2.2375882,3
171340276279799,3198110166,5.2944193,7.8909307,2.2501507,3
171340278779799,3200610166,5.291428,7.8900337,2.269293,3
171340281279799,3203110166,5.2983074,7.8963146,2.2782662,3
171340283779799,3205610166,5.300401,7.902596,2.2809582,3
171340286279799,3208110166,5.3090754,7.90469,2.2938197,3
171340288779799,3210610166,5.3007,7.906185,2.2863421,3
171340291279799,3213110166,5.3039904,7.912466,2.2929223,3
171340293779799,3215610166,5.311767,7.913962,2.2845473,3
171340296279799,3218110166,5.304589,7.9151583,2.2857437,3
171340298779799,3220610166,5.304888,7.9340014,2.277369,3
171340301279799,3223110166,5.3072805,7.9301133,2.2612174,3
171340303779799,3225610166,5.303093,7.913962,2.2857437,3
171340306279799,3228110166,5.2998033,7.9334035,2.2701905,3
171340308779799,3230610166,5.2884374,7.9337025,2.2471595,3
171340311279799,3233110166,5.276473,7.9283185,2.2483559,3
171340313779799,3235610166,5.263612,7.934899,2.2468605,3
171340316279799,3238110166,5.259723,7.936095,2.2334008,3
171340318779799,3240610166,5.2348976,7.949256,2.2208385,3
171340321279799,3243110166,5.215456,7.9477606,2.2325034,3
171340323779799,3245610166,5.209474,7.973184,2.2307088,3
171340326279799,3248110166,5.1846485,7.9884386,2.2295125,3
171340328779799,3250610166,5.177769,7.9911304,2.2232313,3
171340331279799,3253110166,5.165506,7.995617,2.2214367,3
171340333779799,3255610166,5.165805,7.989934,2.2100708,3
171340336279799,3258110166,5.1592245,8.008478,2.2181466,3
171340338779799,3260610166,5.1556354,8.002496,2.2061825,3
171340341279799,3263110166,5.159524,8.011768,2.1996021,3
171340343779799,3265610166,5.168796,8.00788,2.1822543,3
171340346279799,3268110166,5.176573,7.999206,2.1798615,3
171340348779799,3270610166,5.1876397,7.9890366,2.1969104,3
171340351279799,3273110166,5.19751,7.969894,2.1816561,3
171340353779799,3275610166,5.2169514,7.9678,2.1741784,3
171340356279799,3278110166,5.2280183,7.947162,2.1598215,3
171340358779799,3280610166,5.2348976,7.9238324,2.1442683,3
171340361279799,3283110166,5.246563,7.891828,2.1472592,3
171340363779799,3285610166,5.258826,7.8834534,2.140679,3
171340366279799,3288110166,5.2486563,7.8687973,2.1484556,3
171340368779799,3290610166,5.258228,7.8607216,2.1595225,3
171340371279799,3293110166,5.239085,7.841579,2.1394825,3
171340373779799,3295610166,5.2477593,7.8221374,2.1774685,3
171340376279799,3298110166,5.2453666,7.8254275,2.1918256,3
171340378779799,3300610166,5.246862,7.819146,2.2124636,3
171340381279799,3303110166,5.2289157,7.8071823,2.2307088,3
171340383779799,3305610166,5.218746,7.8077803,2.2375882,3
171340386279799,3308110166,5.215755,7.812566,2.2411776,3
171340388779799,3310610166,5.2163534,7.815258,2.245365,3
171340391279799,3313110166,5.206184,7.81795,2.2402802,3
171340393779799,3315610166,5.1993046,7.8260255,2.259722,3
171340396279799,3318110166,5.2106705,7.830811,2.2621148,3
171340398779799,3320610166,5.2289157,7.8290167,2.277668,3
171340401279799,3323110166,5.233701,7.835597,2.2603202,3
171340403779799,3325610166,5.226224,7.8400836,2.2609184,3
171340406279799,3328110166,5.233701,7.8427753,2.2701905,3
171340408779799,3330610166,5.2453666,7.8574314,2.2465613,3
171340411279799,3333110166,5.2537413,7.8649087,2.2555344,3
171340413779799,3335610166,5.2737813,7.873882,2.2429721,3
171340416279799,3338110166,5.2719865,7.8906317,2.2325034,3
171340418779799,3340610166,5.2884374,7.894221,2.2378874,3
171340421279799,3343110166,5.278866,7.9091763,2.2208385,3
171340423779799,3345610166,5.271089,7.914261,2.2082763,3
171340426279799,3348110166,5.259424,7.9340014,2.2046869,3
171340428779799,3350610166,5.263612,7.9519477,2.2067807,3
171340431279799,3353110166,5.2666025,7.9507513,2.205285,3
171340433779799,3355610166,5.263911,7.9555373,2.2121646,3
171340436279799,3358110166,5.265705,7.963912,2.2151556,3
171340438779799,3360610166,5.2752767,7.963613,2.2271197,3
171340441279799,3363110166,5.2675,7.97139,2.2295125,3
171340443779799,3365610166,5.281857,7.9683986,2.2372892,3
171340446279799,3368110166,5.304888,7.960323,2.2286153,3
171340448779799,3370610166,5.2944193,7.9483585,2.2226331,3
171340451279799,3373110166,5.2926245,7.9483585,2.2307088,3
171340453779799,3375610166,5.3069816,7.9337025,2.2277179,3
171340456279799,3378110166,5.3051867,7.9217386,2.2223341,3
171340458779799,3380610166,5.3183475,7.918149,2.2157538,3
171340461279799,3383110166,5.3156557,7.9169526,2.2118654,3
171340463779799,3385610166,5.2977095,7.9052877,2.2235305,3
171340466279799,3388110166,5.2941203,7.9091763,2.2232313,3
171340468779799,3390610166,5.28754,7.911868,2.2265215,3
171340471279799,3393110166,5.278268,7.908877,2.2265215,3
171340473779799,3395610166,5.2683973,7.906484,2.225026,3
171340476279799,3398110166,5.266902,7.9091763,2.231307,3
171340478779799,3400610166,5.252545,7.912167,2.2354946,3
171340481279799,3403110166,5.253143,7.9169526,2.2268205,3
171340483779799,3405610166,5.256433,7.91785,2.2316062,3
171340486279799,3408110166,5.259125,7.9217386,2.224727,3
171340488779799,3410610166,5.2573304,7.9241314,2.2142582,3
171340491279799,3413110166,5.259723,7.9241314,2.2178476,3
171340493779799,3415610166,5.2752767,7.932805,2.2277179,3
171340496279799,3418110166,5.282455,7.919645,2.2208385,3
171340498779799,3420610166,5.2959146,7.921439,2.2124636,3
171340501279799,3423110166,5.293821,7.905886,2.2088745,3
171340503779799,3425610166,5.311468,7.895417,2.199004,3
171340506279799,3428110166,5.319544,7.8906317,2.1927228,3
171340508779799,3430610166,5.3276196,7.876275,2.204986,3
171340511279799,3433110166,5.3383875,7.873882,2.2187448,3
171340513779799,3435610166,5.3240304,7.8493557,2.1909282,3
171340516279799,3438110166,5.322535,7.850253,2.1885355,3
171340518779799,3440610166,5.326423,7.8523464,2.1723838,3
171340521279799,3443110166,5.3159547,7.836195,2.1520448,3
171340523779799,3445610166,5.3165526,7.8296146,2.1508484,3
171340526279799,3448110166,5.30429,7.8110704,2.1520448,3
171340528779799,3450610166,5.2923255,7.8278203,2.1535404,3
171340531279799,3453110166,5.3096733,7.819146,2.1457636,3
171340533779799,3455610166,5.2959146,7.8284183,2.1568305,3
171340536279799,3458110166,5.2794642,7.8335032,2.181357,3
171340538779799,3460610166,5.279763,7.8463645,2.1909282,3
171340541279799,3463110166,5.265406,7.8320074,2.1981068,3
171340543779799,3465610166,5.2716875,7.8403826,2.2115662,3
171340546279799,3468110166,5.2642097,7.8424764,2.2157538,3
171340548779799,3470610166,5.258527,7.8376904,2.2130618,3
171340551279799,3473110166,5.2435718,7.830811,2.207678,3
171340553779799,3475610166,5.229813,7.833802,2.1915264,3
171340556279799,3478110166,5.218746,7.8373914,2.1804597,3
171340558779799,3480610166,5.2253265,7.8490562,2.2002003,3
171340561279799,3483110166,5.219045,7.8439717,2.1843479,3
171340563779799,3485610166,5.218447,7.864012,2.201696,3
171340566279799,3488110166,5.2202415,7.878668,2.193321,3
171340568779799,3490610166,5.221139,7.8903327,2.1906292,3
171340571279799,3493110166,5.224728,7.9052877,2.2055843,3
171340573779799,3495610166,5.2226343,7.923533,2.2235305,3
171340576279799,3498110166,5.219045,7.9337025,2.2118654,3
171340578779799,3500610166,5.230112,7.947461,2.2226331,3
171340581279799,3503110166,5.2316074,7.962117,2.2286153,3
171340583779799,3505610166,5.21755,7.980961,2.2205393,3
171340586279799,3508110166,5.224728,7.982456,2.2121646,3
171340588779799,3510610166,5.226822,7.982456,2.2112672,3
171340591279799,3513110166,5.2196436,7.9950185,2.1963122,3
171340593779799,3515610166,5.2199426,7.993822,2.1999013,3
171340596279799,3518110166,5.2289157,7.9983087,2.198705,3
171340598779799,3520610166,5.2277193,7.9983087,2.1912274,3
171340601279799,3523110166,5.244469,7.9944205,2.193022,3
171340603779799,3525610166,5.241777,7.9911304,2.1981068,3
171340606279799,3528110166,5.250152,7.9830546,2.1771696,3
171340608779799,3530610166,5.250152,7.993523,2.1828525,3
171340611279799,3533110166,5.2519464,7.987242,2.169692,3
171340613779799,3535610166,5.263612,7.9770727,2.1693928,3
171340616279799,3538110166,5.2689953,7.9686975,2.1777678,3
171340618779799,3540610166,5.267201,7.9648094,2.1765714,3
171340621279799,3543110166,5.2627144,7.9740815,2.1885355,3
171340623779799,3545610166,5.259723,7.9591265,2.199004,3
171340626279799,3548110166,5.2642097,7.9627156,2.1921246,3
171340628779799,3550610166,5.2642097,7.9597244,2.1894326,3
171340631279799,3553110166,5.265107,7.9363947,2.1921246,3
171340633779799,3555610166,5.2534423,7.9423766,2.2019951,3
171340636279799,3558110166,5.2573304,7.931908,2.210669,3
171340638779799,3560610166,5.263612,7.9226356,2.225624,3
171340641279799,3563110166,5.2645087,7.9097743,2.219044,3
171340643779799,3565610166,5.262116,7.908877,2.2289143,3
171340646279799,3568110166,5.2477593,7.9040914,2.205285,3
171340648779799,3570610166,5.245067,7.9019976,2.2002003,3
171340651279799,3573110166,5.2462635,7.9043903,2.2028923,3
171340653779799,3575610166,5.260022,7.9097743,2.2055843,3
171340656279799,3578110166,5.2510495,7.8945203,2.1891336,3
171340658779799,3580610166,5.246862,7.900801,2.2103698,3
171340661279799,3583110166,5.263911,7.880462,2.225325,3
171340663779799,3585610166,5.263911,7.882257,2.2262223,3
171340666279799,3588110166,5.265406,7.8930244,2.2331018,3
171340668779799,3590610166,5.257929,7.8891363,2.260021,3
171340671279799,3593110166,5.2770715,7.893324,2.2465613,3
171340673779799,3595610166,5.2645087,7.885846,2.2378874,3
171340676279799,3598110166,5.2540402,7.879565,2.2178476,3
171340678779799,3600610166,5.25075,7.861619,2.2145574,3
171340681279799,3603110166,5.2480583,7.8661056,2.2034905,3
171340683779799,3605610166,5.2310095,7.850851,2.1978076,3
171340686279799,3608110166,5.2310095,7.850851,2.1939192,3
171340688779799,3610610166,5.237889,7.84128,2.199004,3
171340691279799,3613110166,5.2316074,7.8409805,2.1978076,3
171340693779799,3615610166,5.235197,7.8466635,2.2082763,3
171340696279799,3618110166,5.2253265,7.8409805,2.2238295,3
171340698779799,3620610166,5.2289157,7.8433733,2.2307088,3
171340701279799,3623110166,5.2316074,7.8493557,2.2477577,3
171340703779799,3625610166,5.239085,7.862217,2.2378874,3
171340706279799,3628110166,5.250152,7.8499537,2.245066,3
171340708779799,3630610166,5.2537413,7.847561,2.2402802,3
171340711279799,3633110166,5.2776694,7.846963,2.2537398,3
171340713779799,3635610166,5.2926245,7.8487573,2.2483559,3
171340716279799,3638110166,5.2884374,7.8436728,2.2378874,3
171340718779799,3640610166,5.2959146,7.845467,2.2378874,3
171340721279799,3643110166,5.311468,7.845467,2.2558336,3
171340723779799,3645610166,5.2956157,7.8520474,2.2328026,3
171340726279799,3648110166,5.2950172,7.8493557,2.2232313,3
171340728779799,3650610166,5.2887363,7.8577304,2.2121646,3
171340731279799,3653110166,5.2956157,7.8684983,2.205285,3
171340733779799,3655610166,5.2812586,7.893922,2.2088745,3
171340736279799,3658110166,5.2740803,7.8945203,2.2118654,3
171340738779799,3660610166,5.2740803,7.91456,2.1972094,3
171340741279799,3663110166,5.2698927,7.926823,2.1891336,3
171340743779799,3665610166,5.2740803,7.940283,2.1882362,3
171340746279799,3668110166,5.272884,7.9351983,2.1885355,3
171340748779799,3670610166,5.2701917,7.932805,2.1684954,3
171340751279799,3673110166,5.263612,7.952247,2.164009,3
171340753779799,3675610166,5.2752767,7.9444704,2.164009,3
171340756279799,3678110166,5.2794642,7.93789,2.1565313,3
171340758779799,3680610166,5.258527,7.9280195,2.1475582,3
171340761279799,3683110166,5.259424,7.9160557,2.129313,3
171340763779799,3685610166,5.2680984,7.90798,2.1352952,3
171340766279799,3688110166,5.2692947,7.9011,2.1284158,3
171340768779799,3690610166,5.267201,7.8963146,2.1397817,3
171340771279799,3693110166,5.2740803,7.8978105,2.1595225,3
171340773779799,3695610166,5.2902317,7.894221,2.198705,3
171340776279799,3698110166,5.302495,7.8957167,2.216651,3
171340778779799,3700610166,5.3075795,7.885846,2.2241287,3
171340781279799,3703110166,5.312066,7.8888373,2.2262223,3
171340783779799,3705610166,5.3333025,7.8888373,2.2208385,3
171340786279799,3708110166,5.3407803,7.877172,2.2345972,3
171340788779799,3710610166,5.337789,7.8604226,2.2271197,3
171340791279799,3713110166,5.332405,7.8400836,2.2175484,3
171340793779799,3715610166,5.35095,7.832905,2.2337,3
171340796279799,3718110166,5.3626146,7.8278203,2.2334008,3
171340798779799,3720610166,5.3709893,7.8281193,2.2322044,3
171340801279799,3723110166,5.3623157,7.8370924,2.2411776,3
171340803779799,3725610166,5.359923,7.8427753,2.2522442,3
171340806279799,3728110166,5.346762,7.829914,2.2390838,3
171340808779799,3730610166,5.3219366,7.8493557,2.2698913,3
171340811279799,3733110166,5.3066826,7.8442707,2.2737796,3
171340813779799,3735610166,5.2959146,7.8463645,2.265704,3
171340816279799,3738110166,5.2743793,7.8687973,2.2633111,3
171340818779799,3740610166,5.257929,7.8717885,2.2845473,3
171340821279799,3743110166,5.241179,7.89123,2.297708,3
171340823779799,3745610166,5.2250276,7.8948193,2.295016,3
171340826279799,3748110166,5.2220364,7.899904,2.2863421,3
171340828779799,3750610166,5.203791,7.9097743,2.265704,3
171340831279799,3753110166,5.19751,7.925029,2.2722843,3
171340833779799,3755610166,5.2055855,7.945667,2.2642083,3
171340836279799,3758110166,5.209773,7.955238,2.2498515,3
171340838779799,3760610166,5.226224,7.9561353,2.2378874,3
171340841279799,3763110166,5.227121,7.963912,2.2331018,3
171340843779799,3765610166,5.261817,7.975577,2.2363918,3
171340846279799,3768110166,5.267799,7.979166,2.222035,3
171340848779799,3770610166,5.276174,7.984849,2.198705,3
171340851279799,3773110166,5.2698927,7.984251,2.2103698,3
171340853779799,3775610166,5.2830534,7.995916,2.2037897,3
171340856279799,3778110166,5.280062,7.9965143,2.1885355,3
171340858779799,3780610166,5.2830534,8.007581,2.1649063,3
171340861279799,3783110166,5.263612,8.015656,2.161616,3
171340863779799,3785610166,5.250451,8.024929,2.1604197,3
171340866279799,3788110166,5.2313085,8.039585,2.1714866,3
171340868779799,3790610166,5.218746,8.039286,2.1619153,3
171340871279799,3793110166,5.1939206,8.046763,2.1882362,3
171340873779799,3795610166,5.1696935,8.052446,2.1798615,3
171340876279799,3798110166,5.1499524,8.067402,2.1852453,3
171340878779799,3800610166,5.1349974,8.085647,2.175674,3
171340881279799,3803110166,5.119145,8.091629,2.1780667,3
171340883779799,3805610166,5.098208,8.091629,2.1852453,3
171340886279799,3808110166,5.0772705,8.087441,2.1720848,3
171340888779799,3810610166,5.0682974,8.094022,2.175375,3
171340891279799,3813110166,5.063811,8.103293,2.1568305,3
171340893779799,3815610166,5.0802617,8.11137,2.1559331,3
171340896279799,3818110166,5.0862436,8.105388,2.1511476,3
171340898779799,3820610166,5.089235,8.099107,2.1394825,3
171340901279799,3823110166,5.101797,8.120044,2.1448665,3
171340903779799,3825610166,5.1140604,8.100303,2.1433709,3
171340906279799,3828110166,5.124529,8.091928,2.1023939,3
171340908779799,3830610166,5.1514482,8.079964,2.0994027,3
171340911279799,3833110166,5.1735816,8.069795,2.0793629,3
171340913779799,3835610166,5.175077,8.042875,2.085644,3
171340916279799,3838110166,5.1960144,8.027621,2.0874386,3
171340918779799,3840610166,5.2073803,7.9950185,2.0865414,3
171340921279799,3843110166,5.2076793,7.9857464,2.0859432,3
171340923779799,3845610166,5.2013984,7.967501,2.1041884,3
171340926279799,3848110166,5.1957154,7.9447694,2.1134605,3
171340928779799,3850610166,5.1825547,7.923533,2.1343977,3
171340931279799,3853110166,5.178367,7.9043903,2.1649063,3
171340933779799,3855610166,5.1661043,7.876275,2.1693928,3
171340936279799,3858110166,5.1493545,7.860123,2.2160528,3
171340938779799,3860610166,5.1352963,7.835896,2.2498515,3
171340941279799,3863110166,5.1293144,7.815856,2.2525434,3
171340943779799,3865610166,5.11735,7.8000035,2.2561326,3
171340946279799,3868110166,5.124529,7.765308,2.2764716,3
171340948779799,3870610166,5.1236315,7.7297144,2.283351,3
171340951279799,3873110166,5.1275196,7.7327056,2.2845473,3
171340953779799,3875610166,5.126323,7.702197,2.295315,3
171340956279799,3878110166,5.1409793,7.678568,2.2917259,3
171340958779799,3880610166,5.1589255,7.6716886,2.2857437,3
171340961279799,3883110166,5.176573,7.668997,2.2926233,3
171340963779799,3885610166,5.2013984,7.643274,2.2767708,3
171340966279799,3888110166,5.2286167,7.6513495,2.2764716,3
171340968779799,3890610166,5.239683,7.648658,2.2845473,3
171340971279799,3893110166,5.2722855,7.6627154,2.2809582,3
171340973779799,3895610166,5.291428,7.670492,2.2788644,3
171340976279799,3898110166,5.3096733,7.685746,2.2713869,3
171340978779799,3900610166,5.3216376,7.705786,2.2468605,3
171340981279799,3903110166,5.3536415,7.7180495,2.251646,3
171340983779799,3905610166,5.3473606,7.737491,2.2642083,3
171340986279799,3908110166,5.3620167,7.75783,2.2674985,3
171340988779799,3910610166,5.355137,7.778169,2.277668,3
171340991279799,3913110166,5.340182,7.8089767,2.2785654,3
171340993779799,3915610166,5.323432,7.819445,2.2791636,3
171340996279799,3918110166,5.3132625,7.8547397,2.2660031,3
171340998779799,3920610166,5.302495,7.867302,2.2666013,3
171341001279799,3923110166,5.29083,7.8930244,2.2636101,3
171341003779799,3925610166,5.266902,7.92114,2.268396,3
171341006279799,3928110166,5.2633123,7.9408813,2.265405,3
171341008779799,3930610166,5.270491,7.9558363,2.2660031,3
171341011279799,3933110166,5.2872405,7.97139,2.2680967,3
171341013779799,3935610166,5.2953167,7.9836526,2.300998,3
171341016279799,3938110166,5.308178,7.9923267,2.295315,3
171341018779799,3940610166,5.3213387,7.983952,2.274677,3
171341021279799,3943110166,5.3419766,7.9911304,2.283351,3
171341023779799,3945610166,5.3623157,7.9911304,2.2752752,3
171341026279799,3948110166,5.375177,7.980961,2.2381866,3
171341028779799,3950610166,5.38086,7.9893355,2.2342982,3
171341031279799,3953110166,5.3796635,7.995318,2.2037897,3
171341033779799,3955610166,5.3940206,7.975278,2.172683,3
171341036279799,3958110166,5.3961143,7.9761753,2.161616,3
171341038779799,3960610166,5.3973107,7.966305,2.169692,3
171341041279799,3963110166,5.4000025,7.954939,2.1687946,3
171341043779799,3965610166,5.3913283,7.9543405,2.1511476,3
171341046279799,3968110166,5.382056,7.943872,2.1472592,3
171341048779799,3970610166,5.3796635,7.9369926,2.1242282,3
171341051279799,3973110166,5.3796635,7.9426756,2.1104696,3
171341053779799,3975610166,5.360521,7.9351983,2.0991037,3
171341056279799,3978110166,5.341079,7.9226356,2.0781665,3
171341058779799,3980610166,5.333901,7.9298143,2.079961,3
171341061279799,3983110166,5.3359947,7.9169526,2.0700908,3
171341063779799,3985610166,5.3383875,7.9238324,2.0494525,3
171341066279799,3988110166,5.332405,7.914261,2.065006,3
171341068779799,3990610166,5.3243294,7.9097743,2.05693,3
171341071279799,3993110166,5.3276196,7.9133635,2.0524435,3
171341073779799,3995610166,5.3162537,7.915756,2.0485554,3
171341076279799,3998110166,5.3108697,7.896913,2.0404794,3
171341078779799,4000610166,5.298607,7.8978105,2.0395823,3
171341081279799,4003110166,5.296812,7.897511,2.0347965,3
171341083779799,4005610166,5.283951,7.8960156,2.0353947,3
171341086279799,4008110166,5.273482,7.902895,2.0380867,3
171341088779799,4010610166,5.2749777,7.8963146,2.053042,3
171341091279799,4013110166,5.2740803,7.882556,2.0668006,3
171341093779799,4015610166,5.2740803,7.876873,2.0850458,3
171341096279799,4018110166,5.2980084,7.873882,2.1230319,3
171341098779799,4020610166,5.308178,7.8670025,2.1194427,3
171341101279799,4023110166,5.321039,7.856534,2.1529422,3
171341103779799,4025610166,5.3219366,7.8490562,2.1652055,3
171341106279799,4028110166,5.322834,7.8460655,2.1801605,3
171341108779799,4030610166,5.3102717,7.8400836,2.167299,3
171341111279799,4033110166,5.325825,7.8427753,2.1750758,3
171341113779799,4035610166,5.3201423,7.856833,2.167299,3
171341116279799,4038110166,5.304589,7.8574314,2.178366,3
171341118779799,4040610166,5.2947183,7.858329,2.1882362,3
171341121279799,4043110166,5.2905307,7.8499537,2.1870399,3
171341123779799,4045610166,5.29741,7.8517485,2.1915264,3
171341126279799,4048110166,5.3105707,7.8460655,2.1993032,3
171341128779799,4050610166,5.2887363,7.8523464,2.178665,3
171341131279799,4053110166,5.302196,7.842177,2.195714,3
171341133779799,4055610166,5.3066826,7.835896,2.1966112,3
171341136279799,4058110166,5.306383,7.8463645,2.1912274,3
171341138779799,4060610166,5.3183475,7.8490562,2.2064817,3
171341141279799,4063110166,5.3219366,7.8523464,2.204388,3
171341143779799,4065610166,5.347061,7.8433733,2.1837497,3
171341146279799,4068110166,5.3407803,7.8487573,2.178366,3
171341148779799,4070610166,5.3386865,7.856534,2.1831515,3
171341151279799,4073110166,5.3356953,7.8517485,2.1864417,3
171341153779799,4075610166,5.3300123,7.860123,2.1711874,3
171341156279799,4078110166,5.3273206,7.8604226,2.1622143,3
171341158779799,4080610166,5.3096733,7.865507,2.1463618,3
171341161279799,4083110166,5.302196,7.8813596,2.1511476,3
171341163779799,4085610166,5.2869415,7.888538,2.1367905,3
171341166279799,4088110166,5.276174,7.902895,2.1568305,3
171341168779799,4090610166,5.258527,7.9133635,2.1592233,3
171341171279799,4093110166,5.2486563,7.928917,2.161317,3
171341173779799,4095610166,5.2456656,7.9570327,2.1601207,3
171341176279799,4098110166,5.2292147,7.9624166,2.172982,3
171341178779799,4100610166,5.211867,7.96451,2.1762722,3
171341181279799,4103110166,5.2079782,7.9857464,2.1571295,3
171341183779799,4105610166,5.19751,8.0013,2.1427727,3
171341186279799,4108110166,5.1879387,8.010871,2.1317058,3
171341188779799,4110610166,5.1876397,8.027022,2.1308086,3
171341191279799,4113110166,5.1924253,8.035697,2.1242282,3
171341193779799,4115610166,5.219045,8.023134,2.1185453,3
171341196279799,4118110166,5.22413,8.04108,2.1203399,3
171341198779799,4120610166,5.2307105,8.035697,2.1095722,3
171341201279799,4123110166,5.2238307,8.022237,2.1137598,3
171341203779799,4125610166,5.2277193,8.013563,2.1302104,3
171341206279799,4128110166,5.226523,7.993523,2.1317058,3
171341208779799,4130610166,5.226224,7.9657063,2.1257238,3
171341211279799,4133110166,5.238188,7.970193,2.137389,3
171341213779799,4135610166,5.239384,7.9648094,2.1529422,3
171341216279799,4138110166,5.24088,7.9304123,2.161616,3
171341218779799,4140610166,5.2462635,7.9055867,2.1948166,3
171341221279799,4143110166,5.259424,7.8867435,2.205285,3
171341223779799,4145610166,5.272585,7.8667035,2.219343,3
171341226279799,4148110166,5.278866,7.854141,2.245365,3
171341228779799,4150610166,5.280361,7.8335032,2.2471595,3
171341231279799,4153110166,5.285446,7.8003025,2.2534406,3
171341233779799,4155610166,5.299205,7.786544,2.268994,3
171341236279799,4158110166,5.3033924,7.7775707,2.259722,3
171341238779799,4160610166,5.311468,7.771888,2.2606192,3
171341241279799,4163110166,5.3075795,7.7665043,2.271088,3
171341243779799,4165610166,5.3213387,7.763812,2.2591236,3
171341246279799,4168110166,5.307879,7.763214,2.260021,3
171341248779799,4170610166,5.28754,7.7706914,2.2737796,3
171341251279799,4173110166,5.2902317,7.7817583,2.2615166,3
171341253779799,4175610166,5.2794642,7.789535,2.2399812,3
171341256279799,4178110166,5.2806606,7.8053875,2.2354946,3
171341258779799,4180610166,5.2689953,7.8167534,2.2331018,3
171341261279799,4183110166,5.266902,7.82124,2.2259233,3
171341263779799,4185610166,5.2609196,7.830811,2.2178476,3
171341266279799,4188110166,5.2441697,7.845467,2.2130618,3
171341268779799,4190610166,5.2348976,7.870592,2.2094727,3
171341271279799,4193110166,5.241179,7.893922,2.2040887,3
171341273779799,4195610166,5.2106705,7.8909307,2.2298117,3
171341276279799,4198110166,5.2019963,7.906484,2.2202404,3
171341278779799,4200610166,5.197809,7.9151583,2.2348964,3
171341281279799,4203110166,5.1936216,7.908877,2.2390838,3
171341283779799,4205610166,5.1909294,7.911569,2.2295125,3
171341286279799,4208110166,5.1825547,7.9163547,2.245963,3
171341288779799,4210610166,5.1678987,7.9298143,2.2671995,3
171341291279799,4213110166,5.1903315,7.9316087,2.257329,3
171341293779799,4215610166,5.1942196,7.938488,2.263012,3
171341296279799,4218110166,5.20409,7.9426756,2.2788644,3
171341298779799,4220610166,5.2166524,7.9504523,2.2821546,3
171341301279799,4223110166,5.2277193,7.955238,2.289034,3
171341303779799,4225610166,5.254339,7.9615192,2.2929223,3
171341306279799,4228110166,5.262116,7.941778,2.2908285,3
171341308779799,4230610166,5.276473,7.9519477,2.266302,3
171341311279799,4233110166,5.297111,7.9657063,2.2567308,3
171341313779799,4235610166,5.30429,7.9776707,2.236691,3
171341316279799,4238110166,5.3129635,7.9773717,2.207678,3
171341318779799,4240610166,5.3093743,7.967501,2.181955,3
171341321279799,4243110166,5.3243294,7.9797645,2.1634107,3
171341323779799,4245610166,5.3219366,7.98126,2.1251256,3
171341326279799,4248110166,5.3243294,7.9773717,2.1194427,3
171341328779799,4250610166,5.322535,7.9923267,2.1227329,3
171341331279799,4253110166,5.3159547,7.9971123,2.1026928,3
171341333779799,4255610166,5.3123655,7.992925,2.1062822,3
171341336279799,4258110166,5.3279185,7.9971123,2.120639,3
171341338779799,4260610166,5.3243294,7.98455,2.1326032,3
171341341279799,4263110166,5.308776,7.980662,2.120041,3
171341343779799,4265610166,5.3009996,7.9770727,2.1385853,3
171341346279799,4268110166,5.308776,7.980961,2.1532412,3
171341348779799,4270610166,5.304589,7.9573317,2.1562324,3
171341351279799,4273110166,5.2902317,7.939685,2.1891336,3
171341353779799,4275610166,5.2947183,7.921439,2.1825533,3
171341356279799,4278110166,5.285446,7.899605,2.1864417,3
171341358779799,4280610166,5.273183,7.8864446,2.2118654,3
171341361279799,4283110166,5.2701917,7.8753777,2.228316,3
171341363779799,4285610166,5.2740803,7.8741813,2.2381866,3
171341366279799,4288110166,5.2794642,7.8628154,2.2507489,3
171341368779799,4290610166,5.2812586,7.856833,2.2636101,3
171341371279799,4293110166,5.288138,7.8433733,2.2645075,3
171341373779799,4295610166,5.270491,7.8523464,2.2624137,3
171341376279799,4298110166,5.276772,7.8484583,2.2797618,3
171341378779799,4300610166,5.274678,7.8484583,2.2701905,3
171341381279799,4303110166,5.270491,7.8592257,2.2576282,3
171341383779799,4305610166,5.2645087,7.84128,2.2618155,3
171341386279799,4308110166,5.2645087,7.835597,2.2492533,3
171341388779799,4310610166,5.252246,7.8385878,2.2399812,3
171341391279799,4313110166,5.2453666,7.847561,2.2292135,3
171341393779799,4315610166,5.24088,7.847561,2.2184458,3
171341396279799,4318110166,5.2310095,7.8514495,2.2124636,3
171341398779799,4320610166,5.2286167,7.8499537,2.2061825,3
171341401279799,4323110166,5.2363935,7.841878,2.2073789,3
171341403779799,4325610166,5.217251,7.856833,2.202294,3
171341406279799,4328110166,5.19751,7.8687973,2.1954148,3
171341408779799,4330610166,5.183452,7.8693953,2.201397,3
171341411279799,4333110166,5.1870413,7.882556,2.2232313,3
171341413779799,4335610166,5.1732826,7.8963146,2.2351954,3
171341416279799,4338110166,5.1664033,7.8948193,2.2331018,3
171341418779799,4340610166,5.172684,7.8888373,2.231008,3
171341421279799,4343110166,5.165805,7.904989,2.2148564,3
171341423779799,4345610166,5.155935,7.899306,2.2274187,3
171341426279799,4348110166,5.153841,7.888538,2.2235305,3
171341428779799,4350610166,5.135895,7.906783,2.2420747,3
171341431279799,4353110166,5.1592245,7.9163547,2.2372892,3
171341433779799,4355610166,5.1867423,7.899007,2.1888344,3
171341436279799,4358110166,5.2181478,7.8837523,2.1945174,3
171341438779799,4360610166,5.22413,7.885846,2.2549362,3
171341441279799,4363110166,5.2127643,7.893324,2.2734807,3
171341443779799,4365610166,5.2193446,7.9070826,2.2818556,3
171341446279799,4368110166,5.2181478,7.9100733,2.271686,3
171341448779799,4370610166,5.2280183,7.9241314,2.2477577,3
171341451279799,4373110166,5.239683,7.918149,2.2322044,3
171341453779799,4375610166,5.2423754,7.9076805,2.2531416,3
171341456279799,4378110166,5.235197,7.9109707,2.228017,3
171341458779799,4380610166,5.238487,7.918149,2.242673,3
171341461279799,4383110166,5.2310095,7.918149,2.2474587,3
171341463779799,4385610166,5.232505,7.9169526,2.2277179,3
171341466279799,4388110166,5.2235317,7.911569,2.2351954,3
171341468779799,4390610166,5.2166524,7.91456,2.2286153,3
171341471279799,4393110166,5.2202415,7.9256268,2.213361,3
171341473779799,4395610166,5.1906304,7.9337025,2.2265215,3
171341476279799,4398110166,5.18076,7.9337025,2.2268205,3
171341478779799,4400610166,5.204389,7.9280195,2.2217357,3
171341481279799,4403110166,5.2232327,7.9313097,2.2289143,3
171341483779799,4405610166,5.239085,7.912167,2.2438695,3
171341486279799,4408110166,5.25075,7.919645,2.2534406,3
171341488779799,4410610166,5.2555356,7.923234,2.263012,3
171341491279799,4413110166,5.2423754,7.9256268,2.2411776,3
171341493779799,4415610166,5.2453666,7.923234,2.236691,3
171341496279799,4418110166,5.2420764,7.9217386,2.2148564,3
171341498779799,4420610166,5.244469,7.899605,2.2010977,3
171341501279799,4423110166,5.235795,7.904989,2.1999013,3
171341503779799,4425610166,5.2441697,7.908578,2.1879373,3
171341506279799,4428110166,5.2537413,7.9070826,2.169991,3
171341508779799,4430610166,5.256134,7.91785,2.169991,3
171341511279799,4433110166,5.2719865,7.9154572,2.1762722,3
171341513779799,4435610166,5.3015976,7.922935,2.1843479,3
171341516279799,4438110166,5.3270216,7.934899,2.1942184,3
171341518779799,4440610166,5.332106,7.941778,2.216651,3
171341521279799,4443110166,5.346164,7.9558363,2.224727,3
171341523779799,4445610166,5.363213,7.966305,2.239682,3
171341526279799,4448110166,5.3626146,7.9722867,2.2354946,3
171341528779799,4450610166,5.3569317,7.9857464,2.2334008,3
171341531279799,4453110166,5.3629136,7.972885,2.2196422,3
171341533779799,4455610166,5.3389854,7.960323,2.2142582,3
171341536279799,4458110166,5.3294144,7.940582,2.1981068,3
171341538779799,4460610166,5.328517,7.945966,2.175375,3
171341541279799,4463110166,5.3186464,7.928917,2.1687946,3
171341543779799,4465610166,5.3102717,7.9160557,2.1601207,3
171341546279799,4468110166,5.302196,7.9055867,2.1529422,3
171341548779799,4470610166,5.302495,7.8963146,2.1559331,3
171341551279799,4473110166,5.2833524,7.894221,2.1771696,3
171341553779799,4475610166,5.2833524,7.873284,2.1595225,3
171341556279799,4478110166,5.305486,7.8592257,2.1589243,3
171341558779799,4480610166,5.317151,7.8523464,2.1481566,3
171341561279799,4483110166,5.3129635,7.8484583,2.1747768,3
171341563779799,4485610166,5.3159547,7.835597,2.19033,3
171341566279799,4488110166,5.326423,7.8239317,2.239682,3
171341568779799,4490610166,5.3383875,7.8281193,2.243271,3
171341571279799,4493110166,5.332106,7.8254275,2.2387848,3
171341573779799,4495610166,5.3123655,7.826923,2.2259233,3
171341576279799,4498110166,5.303093,7.8281193,2.2199411,3
171341578779799,4500610166,5.3105707,7.8116684,2.1888344,3
171341581279799,4503110166,5.307879,7.8092756,2.202294,3
171341583779799,4505610166,5.3144593,7.818548,2.2301106,3
171341586279799,4508110166,5.3129635,7.812566,2.2549362,3
171341588779799,4510610166,5.322535,7.8059855,2.2591236,3
171341591279799,4513110166,5.3183475,7.80449,2.2686949,3
171341593779799,4515610166,5.3105707,7.7964144,2.2728825,3
171341596279799,4518110166,5.3033924,7.7925262,2.2549362,3
171341598779799,4520610166,5.293223,7.7925262,2.2594228,3
171341601279799,4523110166,5.267799,7.8035927,2.248655,3
171341603779799,4525610166,5.2576294,7.798209,2.2238295,3
171341606279799,4528110166,5.2480583,7.806285,2.2211375,3
171341608779799,4530610166,5.2313085,7.8140616,2.2121646,3
171341611279799,4533110166,5.218447,7.810472,2.2100708,3
171341613779799,4535610166,5.210072,7.826923,2.198705,3
171341616279799,4538110166,5.206782,7.826624,2.2028923,3
171341618779799,4540610166,5.2052865,7.839784,2.2145574,3
171341621279799,4543110166,5.2103715,7.8574314,2.2094727,3
171341623779799,4545610166,5.2073803,7.877172,2.2061825,3
171341626279799,4548110166,5.212465,7.9037924,2.1978076,3
171341628779799,4550610166,5.203791,7.913962,2.1780667,3
171341631279799,4553110166,5.19751,7.9076805,2.164009,3
171341633779799,4555610166,5.195117,7.94118,2.1798615,3
171341636279799,4558110166,5.1942196,7.9346,2.1622143,3
171341638779799,4560610166,5.1990056,7.9480596,2.164009,3
171341641279799,4563110166,5.198407,7.9510508,2.1768703,3
171341643779799,4565610166,5.2127643,7.958229,2.1744776,3
171341646279799,4568110166,5.2145586,7.9534435,2.1774685,3
171341648779799,4570610166,5.226822,7.9507513,2.1852453,3
171341651279799,4573110166,5.241777,7.953144,2.219044,3
171341653779799,4575610166,5.258527,7.9519477,2.2232313,3
171341656279799,4578110166,5.265705,7.9624166,2.228017,3
171341658779799,4580610166,5.278268,7.9543405,2.2402802,3
171341661279799,4583110166,5.2977095,7.9444704,2.2564318,3
171341663779799,4585610166,5.2980084,7.9340014,2.2477577,3
171341666279799,4588110166,5.299205,7.925029,2.254039,3
171341668779799,4590610166,5.3090754,7.9241314,2.248655,3
171341671279799,4593110166,5.3144593,7.9133635,2.2495525,3
171341673779799,4595610166,5.3213387,7.91456,2.2591236,3
171341676279799,4598110166,5.32074,7.8837523,2.2564318,3
171341678779799,4600610166,5.330312,7.893623,2.2504497,3
171341681279799,4603110166,5.333901,7.8631144,2.2660031,3
171341683779799,4605610166,5.3383875,7.8717885,2.2567308,3
171341686279799,4608110166,5.337789,7.8466635,2.2594228,3
171341688779799,4610610166,5.3243294,7.838887,2.2642083,3
171341691279799,4613110166,5.3243294,7.8349986,2.2588246,3
171341693779799,4615610166,5.332405,7.8376904,2.2591236,3
171341696279799,4618110166,5.326722,7.835597,2.2525434,3
171341698779799,4620610166,5.3300123,7.8439717,2.2564318,3
171341701279799,4623110166,5.323432,7.836494,2.2510478,3
171341703779799,4625610166,5.3222356,7.8403826,2.2411776,3
171341706279799,4628110166,5.3186464,7.84128,2.2289143,3
171341708779799,4630610166,5.3213387,7.8442707,2.228017,3
171341711279799,4633110166,5.3219366,7.845168,2.210968,3
171341713779799,4635610166,5.3386865,7.862217,2.2034905,3
171341716279799,4638110166,5.3425746,7.8679,2.2208385,3
171341718779799,4640610166,5.346463,7.871489,2.2169502,3
171341721279799,4643110166,5.3497534,7.879266,2.2127628,3
171341723779799,4645610166,5.3587265,7.8891363,2.205285,3
171341726279799,4648110166,5.3560343,7.902895,2.1942184,3
171341728779799,4650610166,5.331508,7.91456,2.1807587,3
171341731279799,4653110166,5.3497534,7.9100733,2.1855445,3
171341733779799,4655610166,5.3793645,7.9055867,2.1568305,3
171341736279799,4658110166,5.3970113,7.897212,2.1520448,3
171341738779799,4660610166,5.40419,7.9034934,2.1622143,3
171341741279799,4663110166,5.4116673,7.913663,2.201696,3
171341743779799,4665610166,5.4170513,7.9280195,2.2226331,3
171341746279799,4668110166,5.3883376,7.926225,2.2094727,3
171341748779799,4670610166,5.3817573,7.9256268,2.201696,3
171341751279799,4673110166,5.3760743,7.9340014,2.1795623,3
171341753779799,4675610166,5.3569317,7.9280195,2.1879373,3
171341756279799,4678110166,5.331807,7.9307117,2.1834507,3
171341758779799,4680610166,5.3102717,7.943573,2.1684954,3
171341761279799,4683110166,5.293223,7.952845,2.175674,3
171341763779799,4685610166,5.2645087,7.960323,2.1577277,3
171341766279799,4688110166,5.2495537,7.9624166,2.1667008,3
171341768779799,4690610166,5.2363935,7.9680996,2.1646073,3
171341771279799,4693110166,5.2181478,7.9773717,2.1544378,3
171341773779799,4695610166,5.189733,7.980961,2.1708884,3
171341776279799,4698110166,5.1963134,7.983952,2.1714866,3
171341778779799,4700610166,5.2070813,7.998907,2.1601207,3
171341781279799,4703110166,5.2082777,8.003992,2.1747768,3
171341783779799,4705610166,5.2019963,8.005786,2.1867409,3
171341786279799,4708110166,5.1846485,8.016255,2.1918256,3
171341788779799,4710610166,5.1702914,8.023434,2.1975086,3
171341791279799,4713110166,5.142475,8.018947,2.181058,3
171341793779799,4715610166,5.128118,8.017451,2.1472592,3
171341796279799,4718110166,5.1269217,8.016554,2.1577277,3
171341798779799,4720610166,5.1349974,7.995318,2.1711874,3
171341801279799,4723110166,5.1400824,7.980961,2.1966112,3
171341803779799,4725610166,5.144569,7.973483,2.2232313,3
171341806279799,4728110166,5.143372,7.9633136,2.2295125,3
171341808779799,4730610166,5.1622157,7.9666038,2.2328026,3
171341811279799,4733110166,5.1535416,7.9369926,2.2405794,3
171341813779799,4735610166,5.172385,7.9154572,2.2390838,3
171341816279799,4738110166,5.183153,7.8960156,2.2214367,3
171341818779799,4740610166,5.195117,7.8753777,2.2411776,3
171341821279799,4743110166,5.175077,7.8613195,2.2791636,3
171341823779799,4745610166,5.1583276,7.8427753,2.3162522,3
171341826279799,4748110166,5.185546,7.8427753,2.3001008,3
171341828779799,4750610166,5.183153,7.853244,2.2758734,3
171341831279799,4753110166,5.180162,7.8466635,2.2881367,3
171341833779799,4755610166,5.165805,7.8344007,2.2863421,3
171341836279799,4758110166,5.1583276,7.798807,2.2743778,3
171341838779799,4760610166,5.162814,7.756335,2.2734807,3
171341841279799,4763110166,5.1661043,7.7671022,2.2274187,3
171341843779799,4765610166,5.162814,7.7793655,2.1912274,3
171341846279799,4768110166,5.1810594,7.798807,2.1741784,3
171341848779799,4770610166,5.192126,7.8170524,2.1667008,3
171341851279799,4773110166,5.19751,7.827222,2.152344,3
171341853779799,4775610166,5.2181478,7.8430743,2.1655045,3
171341856279799,4778110166,5.244469,7.867601,2.2082763,3
171341858779799,4780610166,5.2453666,7.8837523,2.1996021,3
171341861279799,4783110166,5.260022,7.908578,2.1909282,3
171341863779799,4785610166,5.271089,7.9310107,2.1867409,3
171341866279799,4788110166,5.2773705,7.943274,2.175375,3
171341868779799,4790610166,5.2441697,7.953144,2.1843479,3
171341871279799,4793110166,5.264808,7.9651084,2.1945174,3
171341873779799,4795610166,5.285147,8.002795,2.172982,3
171341876279799,4798110166,5.2779684,8.003693,2.1664019,3
171341878779799,4800610166,5.27079,8.010871,2.2034905,3
171341881279799,4803110166,5.280062,8.011768,2.2381866,3
171341883779799,4805610166,5.2833524,8.015656,2.2579272,3
171341886279799,4808110166,5.276174,8.0048895,2.2642083,3
171341888779799,4810610166,5.2779684,7.9923267,2.2725832,3
171341891279799,4813110166,5.2692947,7.981559,2.2091734,3
171341893779799,4815610166,5.2776694,7.9743805,2.184049,3
171341896279799,4818110166,5.2642097,7.969894,2.1661026,3
171341898779799,4820610166,5.276174,7.9591265,2.149652,3
171341901279799,4823110166,5.278866,7.9576306,2.1343977,3
171341903779799,4825610166,5.291727,7.952247,2.1547368,3
171341906279799,4828110166,5.3132625,7.963912,2.1747768,3
171341908779799,4830610166,5.326124,7.9594254,2.1879373,3
171341911279799,4833110166,5.3189454,7.9283185,2.2181466,3
171341913779799,4835610166,5.319843,7.931908,2.2337,3
171341916279799,4838110166,5.332106,7.9160557,2.2328026,3
171341918779799,4840610166,5.330312,7.9100733,2.216651,3
171341921279799,4843110166,5.334798,7.9019976,2.2178476,3
171341923779799,4845610166,5.3359947,7.888239,2.2187448,3
171341926279799,4848110166,5.3276196,7.882556,2.1981068,3
171341928779799,4850610166,5.343472,7.8643107,2.1939192,3
171341931279799,4853110166,5.339883,7.8553376,2.202294,3
171341933779799,4855610166,5.3440704,7.85115,2.1858435,3
171341936279799,4858110166,5.3512487,7.8547397,2.1852453,3
171341938779799,4860610166,5.3416777,7.8571324,2.1879373,3
171341941279799,4863110166,5.3362937,7.850253,2.1750758,3
171341943779799,4865610166,5.33749,7.85115,2.1720848,3
171341946279799,4868110166,5.3300123,7.847561,2.184049,3
171341948779799,4870610166,5.3255258,7.8463645,2.1855445,3
171341951279799,4873110166,5.3165526,7.8385878,2.198705,3
171341953779799,4875610166,5.3144593,7.84786,2.1882362,3
171341956279799,4878110166,5.3096733,7.861918,2.1738794,3
171341958779799,4880610166,5.2920265,7.8643107,2.1993032,3
171341961279799,4883110166,5.296513,7.874779,2.193022,3
171341963779799,4885610166,5.2896338,7.870592,2.2046869,3
171341966279799,4888110166,5.2815576,7.873583,2.1999013,3
171341968779799,4890610166,5.278866,7.876275,2.205285,3
171341971279799,4893110166,5.2833524,7.878668,2.195714,3
171341973779799,4895610166,5.271089,7.8693953,2.1822543,3
171341976279799,4898110166,5.265705,7.8693953,2.1744776,3
171341978779799,4900610166,5.263612,7.8649087,2.1762722,3
171341981279799,4903110166,5.246862,7.864012,2.1735802,3
171341983779799,4905610166,5.238786,7.859525,2.1735802,3
171341986279799,4908110166,5.2462635,7.861619,2.1897318,3
171341988779799,4910610166,5.238188,7.8547397,2.178366,3
171341991279799,4913110166,5.254339,7.8553376,2.1867409,3
171341993779799,4915610166,5.2495537,7.845168,2.201397,3
171341996279799,4918110166,5.2498527,7.8373914,2.1972094,3
171341998779799,4920610166,5.2737813,7.8284183,2.204388,3
171342001279799,4923110166,5.2872405,7.832307,2.20708,3
171342003779799,4925610166,5.286044,7.826624,2.1822543,3
171342006279799,4928110166,5.291727,7.815258,2.1861427,3
171342008779799,4930610166,5.300401,7.8254275,2.1714866,3
171342011279799,4933110166,5.3069816,7.821838,2.1619153,3
171342013779799,4935610166,5.3090754,7.812267,2.1367905,3
171342016279799,4938110166,5.306084,7.8239317,2.1287148,3
171342018779799,4940610166,5.297111,7.832905,2.1340988,3
171342021279799,4943110166,5.2836514,7.852646,2.134996,3
171342023779799,4945610166,5.2770715,7.8679,2.1245275,3
171342026279799,4948110166,5.2737813,7.880163,2.1281166,3
171342028779799,4950610166,5.2779684,7.8978105,2.1242282,3
171342031279799,4953110166,5.2624154,7.9223366,2.1302104,3
171342033779799,4955610166,5.2534423,7.952546,2.143969,3
171342036279799,4958110166,5.232206,7.9666038,2.1538396,3
171342038779799,4960610166,5.2217374,7.972885,2.1619153,3
171342041279799,4963110166,5.2196436,8.005487,2.1646073,3
171342043779799,4965610166,5.2049875,8.009376,2.1592233,3
171342046279799,4968110166,5.1996036,8.029715,2.1538396,3
171342048779799,4970610166,5.1822557,8.04138,2.1460629,3
171342051279799,4973110166,5.1738806,8.03121,2.1571295,3
171342053779799,4975610166,5.1514482,8.031509,2.1834507,3
171342056279799,4978110166,5.133801,8.014461,2.205285,3
171342058779799,4980610166,5.1771708,8.010273,2.1768703,3
171342061279799,4983110166,5.224429,8.005786,2.1637099,3
171342063779799,4985610166,5.2510495,8.008478,2.1460629,3
171342066279799,4988110166,5.259125,8.005188,2.1158533,3
171342068779799,4990610166,5.282156,8.009974,2.088635,3
171342071279799,4993110166,5.311468,7.989635,2.0063818,3
171342073779799,4995610166,5.3309097,7.9683986,1.986342,3
171342076279799,4998110166,5.3473606,7.936095,1.9821545,3
171342078779799,5000610166,5.35424,7.9013996,2.006681,3
171342081279799,5003110166,5.365606,7.902596,2.0168505,3
171342083779799,5005610166,5.3530436,7.9052877,2.0443678,3
171342086279799,5008110166,5.3653064,7.885846,2.0757737,3
171342088779799,5010610166,5.378766,7.8852477,2.105684,3
171342091279799,5013110166,5.375177,7.8930244,2.1296122,3
171342093779799,5015610166,5.3766723,7.880462,2.158326,3
171342096279799,5018110166,5.393721,7.8667035,2.195714,3
171342098779799,5020610166,5.408377,7.8780694,2.2157538,3
171342101279799,5023110166,5.4239306,7.8607216,2.2211375,3
171342103779799,5025610166,5.421837,7.83799,2.242673,3
171342106279799,5028110166,5.401498,7.833802,2.2612174,3
171342108779799,5030610166,5.430511,7.818548,2.242673,3
171342111279799,5033110166,5.4577293,7.8128653,2.228316,3
171342113779799,5035610166,5.489733,7.806584,2.2319052,3
171342116279799,5038110166,5.4903316,7.8107715,2.2331018,3
171342118779799,5040610166,5.465506,7.806883,2.2405794,3
171342121279799,5043110166,5.460421,7.798508,2.248655,3
171342123779799,5045610166,5.433502,7.7880397,2.239682,3
171342126279799,5048110166,5.4376893,7.784151,2.2205393,3
171342128779799,5050610166,5.4320064,7.7886376,2.2115662,3
171342131279799,5053110166,5.3940206,7.785946,2.2121646,3
171342133779799,5055610166,5.3706903,7.7763743,2.225325,3
171342136279799,5058110166,5.3512487,7.783852,2.2235305,3
171342138779799,5060610166,5.326423,7.790133,2.228017,3
171342141279799,5063110166,5.2902317,7.8000035,2.2483559,3
171342143779799,5065610166,5.276174,7.8167534,2.2447667,3
171342146279799,5068110166,5.2755756,7.8224363,2.2504497,3
171342148779799,5070610166,5.2701917,7.8320074,2.2468605,3
171342151279799,5073110166,5.2549376,7.8409805,2.2519453,3
171342153779799,5075610166,5.2498527,7.865208,2.245365,3
171342156279799,5078110166,5.238188,7.871489,2.2764716,3
171342158779799,5080610166,5.232206,7.884351,2.2737796,3
171342161279799,5083110166,5.2307105,7.9022965,2.274677,3
171342163779799,5085610166,5.2238307,7.9112697,2.2549362,3
171342166279799,5088110166,5.212166,7.941778,2.2567308,3
171342168779799,5090610166,5.165207,7.9363947,2.2618155,3
171342171279799,5093110166,5.1993046,7.938488,2.2325034,3
171342173779799,5095610166,5.209474,7.941479,2.2175484,3
171342176279799,5098110166,5.209773,7.949854,2.2148564,3
171342178779799,5100610166,5.209773,7.9597244,2.225325,3
171342181279799,5103110166,5.2160544,7.9561353,2.23699,3
171342183779799,5105610166,5.194818,7.967202,2.2737796,3
171342186279799,5108110166,5.191528,7.963912,2.2698913,3
171342188779799,5110610166,5.198108,7.9480596,2.2785654,3
171342191279799,5113110166,5.1939206,7.943573,2.2824538,3
171342193779799,5115610166,5.1909294,7.9247293,2.2761726,3
171342196279799,5118110166,5.194519,7.9094753,2.2761726,3
171342198779799,5120610166,5.1813583,7.8960156,2.2331018,3
171342201279799,5123110166,5.1846485,7.862217,2.2495525,3
171342203779799,5125610166,5.196912,7.856534,2.2217357,3
171342206279799,5128110166,5.196912,7.8284183,2.2292135,3
171342208779799,5130610166,5.206483,7.82124,2.2462623,3
171342211279799,5133110166,5.210072,7.8197446,2.2522442,3
171342213779799,5135610166,5.215755,7.806285,2.2588246,3
171342216279799,5138110166,5.2289157,7.8020973,2.2498515,3
171342218779799,5140610166,5.241777,7.8020973,2.2495525,3
171342221279799,5143110166,5.2483573,7.801499,2.242673,3
171342223779799,5145610166,5.2546387,7.797312,2.2390838,3
171342226279799,5148110166,5.2642097,7.791928,2.2298117,3
171342228779799,5150610166,5.261219,7.8017983,2.21366,3
171342231279799,5153110166,5.280062,7.80449,2.1912274,3
171342233779799,5155610166,5.276772,7.827521,2.2100708,3
171342236279799,5158110166,5.2836514,7.841579,2.1951156,3
171342238779799,5160610166,5.2848477,7.8463645,2.1969104,3
171342241279799,5163110166,5.2926245,7.859824,2.1888344,3
171342243779799,5165610166,5.2983074,7.8759756,2.1720848,3
171342246279799,5168110166,5.291428,7.8891363,2.181357,3
171342248779799,5170610166,5.302794,7.9073815,2.1774685,3
171342251279799,5173110166,5.305486,7.902895,2.1478574,3
171342253779799,5175610166,5.298607,7.91785,2.1433709,3
171342256279799,5178110166,5.278866,7.9337025,2.1556342,3
171342258779799,5180610166,5.263911,7.9447694,2.143969,3
171342261279799,5183110166,5.261219,7.9534435,2.1505494,3
171342263779799,5185610166,5.2438707,7.9507513,2.14038,3
171342266279799,5188110166,5.244469,7.9833536,2.14038,3
171342268779799,5190610166,5.235496,7.9767733,2.1251256,3
171342271279799,5193110166,5.2235317,7.984849,2.1343977,3
171342273779799,5195610166,5.2112684,7.9947195,2.1370897,3
171342276279799,5198110166,5.191528,8.002197,2.1281166,3
171342278779799,5200610166,5.1792645,7.9908314,2.132005,3
171342281279799,5203110166,5.1592245,7.9983087,2.137389,3
171342283779799,5205610166,5.1550374,7.993523,2.1278176,3
171342286279799,5208110166,5.1352963,7.9968133,2.1176481,3
171342288779799,5210610166,5.128118,7.9983087,2.1218355,3
171342291279799,5213110166,5.113163,8.002795,2.120041,3
171342293779799,5215610166,5.110471,8.000402,2.114657,3
171342296279799,5218110166,5.0976095,7.9893355,2.1000009,3
171342298779799,5220610166,5.0916276,7.978867,2.1107686,3
171342301279799,5223110166,5.08415,7.993523,2.1038892,3
171342303779799,5225610166,5.076373,7.982456,2.0919251,3
171342306279799,5228110166,5.076373,7.986345,2.0793629,3
171342308779799,5230610166,5.087739,7.995318,2.0841484,3
171342311279799,5233110166,5.0880384,7.987541,2.0724835,3
171342313779799,5235610166,5.1000023,7.989635,2.0832512,3
171342316279799,5238110166,5.118846,8.012366,2.1077776,3
171342318779799,5240610166,5.129913,8.012068,2.120041,3
171342321279799,5243110166,5.142475,8.013863,2.1361923,3
171342323779799,5245610166,5.145466,8.020442,2.1400807,3
171342326279799,5248110166,5.1592245,8.022835,2.1340988,3
171342328779799,5250610166,5.1616178,8.027022,2.1535404,3
171342331279799,5253110166,5.174778,8.029117,2.1628125,3
171342333779799,5255610166,5.185546,8.027022,2.167,3
171342336279799,5258110166,5.194519,8.021938,2.1574287,3
171342338779799,5260610166,5.2166524,8.002795,2.1852453,3
171342341279799,5263110166,5.2289157,7.9884386,2.2061825,3
171342343779799,5265610166,5.2477593,7.9591265,2.20708,3
171342346279799,5268110166,5.253143,7.9570327,2.2214367,3
171342348779799,5270610166,5.2743793,7.9366937,2.225624,3
171342351279799,5273110166,5.276473,7.928618,2.2202404,3
171342353779799,5275610166,5.2812586,7.9013996,2.2223341,3
171342356279799,5278110166,5.279763,7.8852477,2.2325034,3
171342358779799,5280610166,5.3015976,7.8523464,2.231307,3
171342361279799,5283110166,5.291428,7.8499537,2.2307088,3
171342363779799,5285610166,5.3102717,7.8182487,2.2495525,3
171342366279799,5288110166,5.311767,7.8110704,2.2504497,3
171342368779799,5290610166,5.3150573,7.7940216,2.2612174,3
171342371279799,5293110166,5.328816,7.763812,2.254338,3
171342373779799,5295610166,5.346164,7.7479596,2.2698913,3
171342376279799,5298110166,5.354838,7.744969,2.2594228,3
171342378779799,5300610166,5.3533425,7.737491,2.245963,3
171342381279799,5303110166,5.360521,7.7383885,2.2666013,3
171342383779799,5305610166,5.372485,7.737491,2.2633111,3
171342386279799,5308110166,5.4020963,7.726723,2.242673,3
171342388779799,5310610166,5.4173503,7.733603,2.2331018,3
171342391279799,5313110166,5.4373903,7.737491,2.2375882,3
171342393779799,5315610166,5.45085,7.746763,2.2402802,3
171342396279799,5318110166,5.449055,7.752147,2.2471595,3
171342398779799,5320610166,5.445167,7.7703924,2.207678,3
171342401279799,5323110166,5.426623,7.7706914,2.2031915,3
171342403779799,5325610166,5.4056854,7.7874413,2.1978076,3
171342406279799,5328110166,5.3883376,7.813164,2.1768703,3
171342408779799,5330610166,5.363213,7.835896,2.164308,3
171342411279799,5333110166,5.328218,7.8487573,2.1828525,3
171342413779799,5335610166,5.304589,7.873583,2.1747768,3
171342416279799,5338110166,5.2848477,7.8870425,2.164308,3
171342418779799,5340610166,5.2645087,7.9073815,2.1568305,3
171342421279799,5343110166,5.2549376,7.9169526,2.1631117,3
171342423779799,5345610166,5.246563,7.928618,2.1619153,3
171342426279799,5348110166,5.2405806,7.940582,2.1592233,3
171342428779799,5350610166,5.2435718,7.958229,2.179263,3
171342431279799,5353110166,5.2516475,7.9657063,2.167299,3
171342433779799,5355610166,5.2630134,7.9764743,2.169991,3
171342436279799,5358110166,5.272884,7.9779696,2.1532412,3
171342438779799,5360610166,5.2752767,7.974979,2.1176481,3
171342441279799,5363110166,5.2866426,7.9680996,2.0985055,3
171342443779799,5365610166,5.293223,7.9678,2.076671,3
171342446279799,5368110166,5.296513,7.9773717,2.0551355,3
171342448779799,5370610166,5.3018966,7.9627156,2.0455642,3
171342451279799,5373110166,5.299205,7.969595,2.027319,3
171342453779799,5375610166,5.293223,7.9737825,2.033002,3
171342456279799,5378110166,5.2815576,7.978269,2.0491536,3
171342458779799,5380610166,5.2950172,7.9770727,2.07697,3
171342461279799,5383110166,5.300102,7.993523,2.0871396,3
171342463779799,5385610166,5.276473,8.007581,2.1053848,3
171342466279799,5388110166,5.2645087,8.003992,2.1140587,3
171342468779799,5390610166,5.265705,8.00788,2.132005,3
171342471279799,5393110166,5.2686963,8.011469,2.14696,3
171342473779799,5395610166,5.2606206,8.008478,2.1559331,3
171342476279799,5398110166,5.2740803,8.005487,2.1568305,3
171342478779799,5400610166,5.2773705,8.003693,2.1619153,3
171342481279799,5403110166,5.282156,7.9884386,2.158027,3
171342483779799,5405610166,5.2884374,7.9707913,2.1532412,3
171342486279799,5408110166,5.2980084,7.9624166,2.167,3
171342488779799,5410610166,5.308178,7.9543405,2.1711874,3
171342491279799,5413110166,5.3075795,7.934301,2.1687946,3
171342493779799,5415610166,5.3051867,7.928917,2.1690936,3
171342496279799,5418110166,5.3102717,7.9103727,2.1675982,3
171342498779799,5420610166,5.311767,7.8978105,2.155036,3
171342501279799,5423110166,5.2998033,7.8756766,2.1687946,3
171342503779799,5425610166,5.307879,7.8631144,2.1687946,3
171342506279799,5428110166,5.2929235,7.8490562,2.187638,3
171342508779799,5430610166,5.3147583,7.8335032,2.1909282,3
171342511279799,5433110166,5.313562,7.833204,2.210669,3
171342513779799,5435610166,5.2944193,7.8116684,2.2202404,3
171342516279799,5438110166,5.2872405,7.800901,2.2118654,3
171342518779799,5440610166,5.286044,7.798209,2.222035,3
171342521279799,5443110166,5.2758746,7.790133,2.2202404,3
171342523779799,5445610166,5.2692947,7.785647,2.219044,3
171342526279799,5448110166,5.238786,7.7832537,2.2196422,3
171342528779799,5450610166,5.2462635,7.7814593,2.2040887,3
171342531279799,5453110166,5.252844,7.7679996,2.2342982,3
171342533779799,5455610166,5.2459645,7.7611203,2.2202404,3
171342536279799,5458110166,5.246563,7.7679996,2.2127628,3
171342538779799,5460610166,5.2519464,7.770991,2.2205393,3
171342541279799,5463110166,5.2689953,7.785946,2.2157538,3
171342543779799,5465610166,5.2701917,7.7937226,2.204986,3
171342546279799,5468110166,5.286044,7.806883,2.20708,3
171342548779799,5470610166,5.303093,7.827521,2.1915264,3
171342551279799,5473110166,5.309973,7.8278203,2.2211375,3
171342553779799,5475610166,5.305486,7.835896,2.2139592,3
171342556279799,5478110166,5.302794,7.8170524,2.193022,3
171342558779799,5480610166,5.322535,7.8293157,2.1738794,3
171342561279799,5483110166,5.3219366,7.8424764,2.160719,3
171342563779799,5485610166,5.304589,7.861619,2.1391835,3
171342566279799,5488110166,5.306383,7.877172,2.1149561,3
171342568779799,5490610166,5.308776,7.9019976,2.1445673,3
171342571279799,5493110166,5.313861,7.913962,2.134996,3
171342573779799,5495610166,5.29083,7.915756,2.1352952,3
171342576279799,5498110166,5.2926245,7.941479,2.1415763,3
171342578779799,5500610166,5.2848477,7.9564342,2.1394825,3
171342581279799,5503110166,5.2701917,7.967501,2.1125634,3
171342583779799,5505610166,5.258826,7.9833536,2.114358,3
171342586279799,5508110166,5.2666025,8.010572,2.1017957,3
171342588779799,5510610166,5.2552366,8.031509,2.0898316,3
171342591279799,5513110166,5.252246,8.046464,2.0931215,3
171342593779799,5515610166,5.252844,8.053344,2.0964117,3
171342596279799,5518110166,5.256433,8.067402,2.094019,3
171342598779799,5520610166,5.2495537,8.065906,2.0865414,3
171342601279799,5523110166,5.2513485,8.057531,2.0509481,3
171342603779799,5525610166,5.2695937,8.06441,2.0548365,3
171342606279799,5528110166,5.267799,8.069495,2.0524435,3
171342608779799,5530610166,5.287839,8.053344,2.0715861,3
171342611279799,5533110166,5.293821,8.042875,2.0691934,3
171342613779799,5535610166,5.293223,8.033902,2.079064,3
171342616279799,5538110166,5.2956157,8.018947,2.1017957,3
171342618779799,5540610166,5.3132625,8.003393,2.0934207,3
171342621279799,5543110166,5.309973,8.005487,2.1155543,3
171342623779799,5545610166,5.297111,7.969595,2.1329024,3
171342626279799,5548110166,5.3018966,7.9683986,2.1367905,3
171342628779799,5550610166,5.2884374,7.9543405,2.1472592,3
171342631279799,5553110166,5.28425,7.9366937,2.161317,3
171342633779799,5555610166,5.2956157,7.9070826,2.1762722,3
171342636279799,5558110166,5.2959146,7.8849487,2.1804597,3
171342638779799,5560610166,5.2794642,7.861619,2.2002003,3
171342641279799,5563110166,5.2920265,7.853543,2.204388,3
171342643779799,5565610166,5.2902317,7.850253,2.1951156,3
171342646279799,5568110166,5.285745,7.833204,2.1864417,3
171342648779799,5570610166,5.2998033,7.80449,2.1894326,3
171342651279799,5573110166,5.3237314,7.7847495,2.199004,3
171342653779799,5575610166,5.3336015,7.7853475,2.2067807,3
171342656279799,5578110166,5.359923,7.769495,2.2178476,3
171342658779799,5580610166,5.374579,7.7611203,2.2331018,3
171342661279799,5583110166,5.3796635,7.767401,2.2414765,3
171342663779799,5585610166,5.3793645,7.7557364,2.239383,3
171342666279799,5588110166,5.3889356,7.747062,2.2271197,3
171342668779799,5590610166,5.387141,7.775178,2.2148564,3
171342671279799,5593110166,5.3763733,7.7644105,2.2199411,3
171342673779799,5595610166,5.3647084,7.772187,2.228017,3
171342676279799,5598110166,5.3482575,7.7793655,2.1858435,3
171342678779799,5600610166,5.3312087,7.7940216,2.164009,3
171342681279799,5603110166,5.312066,7.8053875,2.172683,3
171342683779799,5605610166,5.3051867,7.8128653,2.1717856,3
171342686279799,5608110166,5.302794,7.8376904,2.161616,3
171342688779799,5610610166,5.291129,7.8403826,2.1906292,3
171342691279799,5613110166,5.2902317,7.8439717,2.1966112,3
171342693779799,5615610166,5.280361,7.844869,2.2046869,3
171342696279799,5618110166,5.273482,7.8499537,2.210669,3
171342698779799,5620610166,5.2645087,7.854141,2.2127628,3
171342701279799,5623110166,5.272884,7.856833,2.2205393,3
171342703779799,5625610166,5.2692947,7.852945,2.2121646,3
171342706279799,5628110166,5.2740803,7.859824,2.2196422,3
171342708779799,5630610166,5.2896338,7.855936,2.2148564,3
171342711279799,5633110166,5.287839,7.865806,2.219044,3
171342713779799,5635610166,5.279763,7.8690963,2.231008,3
171342716279799,5638110166,5.291129,7.865208,2.2178476,3
171342718779799,5640610166,5.286044,7.876275,2.1999013,3
171342721279799,5643110166,5.274678,7.8831544,2.1921246,3
171342723779799,5645610166,5.293821,7.8963146,2.2091734,3
171342726279799,5648110166,5.2944193,7.899007,2.1864417,3
171342728779799,5650610166,5.29741,7.906185,2.1834507,3
171342731279799,5653110166,5.2950172,7.90798,2.1714866,3
171342733779799,5655610166,5.2998033,7.9073815,2.1511476,3
171342736279799,5658110166,5.2716875,7.934301,2.134996,3
171342738779799,5660610166,5.276473,7.9444704,2.1305094,3
171342741279799,5663110166,5.2806606,7.945368,2.1197417,3
171342743779799,5665610166,5.2752767,7.943573,2.1017957,3
171342746279799,5668110166,5.2722855,7.952247,2.1047866,3
171342748779799,5670610166,5.2692947,7.9633136,2.0946171,3
171342751279799,5673110166,5.2645087,7.945966,2.0614166,3
171342753779799,5675610166,5.245067,7.963613,2.0694926,3
171342756279799,5678110166,5.232206,7.9683986,2.0668006,3
171342758779799,5680610166,5.238487,7.966006,2.0721843,3
171342761279799,5683110166,5.2459645,7.975876,2.0724835,3
171342763779799,5685610166,5.2453666,7.9851484,2.0590239,3
171342766279799,5688110166,5.2342997,7.984251,2.079961,3
171342768779799,5690610166,5.2534423,7.996215,2.1098714,3
171342771279799,5693110166,5.2666025,7.995916,2.1278176,3
171342773779799,5695610166,5.260022,7.9800634,2.1367905,3
171342776279799,5698110166,5.278268,7.9683986,2.1589243,3
171342778779799,5700610166,5.2890353,7.9477606,2.1774685,3
171342781279799,5703110166,5.278268,7.9426756,2.178366,3
171342783779799,5705610166,5.2833524,7.926823,2.1735802,3
171342786279799,5708110166,5.2953167,7.919346,2.219044,3
171342788779799,5710610166,5.3147583,7.9013996,2.2232313,3
171342791279799,5713110166,5.298906,7.887641,2.2462623,3
171342793779799,5715610166,5.3018966,7.8696947,2.2606192,3
171342796279799,5718110166,5.3153563,7.861918,2.2633111,3
171342798779799,5720610166,5.319544,7.859824,2.2666013,3
171342801279799,5723110166,5.306084,7.8352976,2.2767708,3
171342803779799,5725610166,5.3213387,7.8263245,2.2878375,3
171342806279799,5728110166,5.3222356,7.812566,2.309373,3
171342808779799,5730610166,5.3279185,7.8035927,2.309971,3
171342811279799,5733110166,5.3389854,7.7997046,2.3048863,3
171342813779799,5735610166,5.3473606,7.7832537,2.292324,3
171342816279799,5738110166,5.345865,7.7925262,2.295315,3
171342818779799,5740610166,5.33749,7.7871423,2.2986052,3
171342821279799,5743110166,5.3306108,7.795218,2.2809582,3
171342823779799,5745610166,5.326722,7.8012,2.2836502,3
171342826279799,5748110166,5.3126645,7.8083787,2.2755744,3
171342828779799,5750610166,5.3033924,7.799106,2.277369,3
171342831279799,5753110166,5.300401,7.8083787,2.2698913,3
171342833779799,5755610166,5.287839,7.8116684,2.2621148,3
171342836279799,5758110166,5.2755756,7.841878,2.2585254,3
171342838779799,5760610166,5.260022,7.845168,2.2289143,3
171342841279799,5763110166,5.2462635,7.8520474,2.219044,3
171342843779799,5765610166,5.2405806,7.8690963,2.2235305,3
171342846279799,5768110166,5.230411,7.880761,2.1996021,3
171342848779799,5770610166,5.197809,7.878668,2.1831515,3
171342851279799,5773110166,5.2130632,7.904989,2.1774685,3
171342853779799,5775610166,5.209773,7.9034934,2.1777678,3
171342856279799,5778110166,5.218746,7.899306,2.1888344,3
171342858779799,5780610166,5.2372904,7.9037924,2.1975086,3
171342861279799,5783110166,5.2495537,7.9184484,2.1894326,3
171342863779799,5785610166,5.2698927,7.9217386,2.198705,3
171342866279799,5788110166,5.278567,7.939984,2.1984057,3
171342868779799,5790610166,5.2773705,7.960921,2.2103698,3
171342871279799,5793110166,5.2956157,7.978568,2.1993032,3
171342873779799,5795610166,5.306084,7.995318,2.1804597,3
171342876279799,5798110166,5.308477,7.9908314,2.1744776,3
171342878779799,5800610166,5.3018966,7.998608,2.1867409,3
171342881279799,5803110166,5.293223,7.993523,2.1520448,3
171342883779799,5805610166,5.2890353,7.995617,2.1287148,3
171342886279799,5808110166,5.29083,7.9770727,2.1355941,3
171342888779799,5810610166,5.278268,7.9776707,2.1011975,3
171342891279799,5813110166,5.259125,7.9722867,2.0994027,3
171342893779799,5815610166,5.261518,7.9648094,2.1131616,3
171342896279799,5818110166,5.2555356,7.960622,2.129313,3
171342898779799,5820610166,5.2438707,7.962117,2.1355941,3
171342901279799,5823110166,5.258228,7.9540415,2.1445673,3
171342903779799,5825610166,5.264808,7.941778,2.1592233,3
171342906279799,5828110166,5.263612,7.9393854,2.178665,3
171342908779799,5830610166,5.272585,7.921439,2.1936202,3
171342911279799,5833110166,5.2719865,7.906484,2.205285,3
171342913779799,5835610166,5.2836514,7.8930244,2.2354946,3
171342916279799,5838110166,5.2893343,7.858927,2.239383,3
171342918779799,5840610166,5.2956157,7.8604226,2.2331018,3
171342921279799,5843110166,5.3009996,7.8317084,2.2322044,3
171342923779799,5845610166,5.319245,7.815557,2.228017,3
171342926279799,5848110166,5.322834,7.798807,2.202294,3
171342928779799,5850610166,5.328517,7.7883387,2.2058833,3
171342931279799,5853110166,5.3563333,7.780562,2.195714,3
171342933779799,5855610166,5.3715878,7.7823567,2.2082763,3
171342936279799,5858110166,5.386543,7.793423,2.219343,3
171342938779799,5860610166,5.3904314,7.804789,2.2202404,3
171342941279799,5863110166,5.3853464,7.8086777,2.2286153,3
171342943779799,5865610166,5.3979087,7.8254275,2.2145574,3
171342946279799,5868110166,5.3793645,7.82124,2.2211375,3
171342948779799,5870610166,5.380561,7.825128,2.2298117,3
171342951279799,5873110166,5.3736815,7.84457,2.2342982,3
171342953779799,5875610166,5.3566327,7.856235,2.228316,3
171342956279799,5878110166,5.3327045,7.8774714,2.225026,3
171342958779799,5880610166,5.3123655,7.8978105,2.2232313,3
171342961279799,5883110166,5.2899327,7.8894353,2.2082763,3
171342963779799,5885610166,5.2740803,7.9103727,2.2097716,3
171342966279799,5888110166,5.2459645,7.913663,2.2226331,3
171342968779799,5890610166,5.241179,7.9154572,2.242673,3
171342971279799,5893110166,5.224429,7.920243,2.2582264,3
171342973779799,5895610166,5.212465,7.920243,2.2567308,3
171342976279799,5898110166,5.209474,7.911569,2.2743778,3
171342978779799,5900610166,5.2070813,7.926524,2.2764716,3
171342981279799,5903110166,5.2259245,7.911868,2.2818556,3
171342983779799,5905610166,5.2402816,7.919645,2.2755744,3
171342986279799,5908110166,5.2498527,7.9112697,2.2567308,3
171342988779799,5910610166,5.2549376,7.900203,2.269293,3
171342991279799,5913110166,5.271388,7.888239,2.2758734,3
171342993779799,5915610166,5.2941203,7.8702927,2.263012,3
171342996279799,5918110166,5.307879,7.8571324,2.2334008,3
171342998779799,5920610166,5.3392844,7.854141,2.2345972,3
171343001279799,5923110166,5.343771,7.8439717,2.2271197,3
171343003779799,5925610166,5.3533425,7.8257265,2.2187448,3
171343006279799,5928110166,5.35095,7.82453,2.2097716,3
171343008779799,5930610166,5.358427,7.8200436,2.1885355,3
171343011279799,5933110166,5.360222,7.847561,2.1951156,3
171343013779799,5935610166,5.35095,7.844869,2.210669,3
171343016279799,5938110166,5.3506503,7.8442707,2.2073789,3
171343018779799,5940610166,5.343472,7.85115,2.210669,3
171343021279799,5943110166,5.3440704,7.8547397,2.2112672,3
171343023779799,5945610166,5.340182,7.856833,2.225325,3
171343026279799,5948110166,5.343173,7.859525,2.239682,3
171343028779799,5950610166,5.3294144,7.8373914,2.2417758,3
171343031279799,5953110166,5.3090754,7.830811,2.2549362,3
171343033779799,5955610166,5.311767,7.8233337,2.248655,3
171343036279799,5958110166,5.302196,7.8182487,2.2552354,3
171343038779799,5960610166,5.2947183,7.813762,2.2462623,3
171343041279799,5963110166,5.2869415,7.8092756,2.2322044,3
171343043779799,5965610166,5.259723,7.8023963,2.2235305,3
171343046279799,5968110166,5.2573304,7.8173513,2.20708,3
171343048779799,5970610166,5.2429733,7.825128,2.222035,3
171343051279799,5973110166,5.238188,7.832307,2.2226331,3
171343053779799,5975610166,5.2441697,7.838289,2.2139592,3
171343056279799,5978110166,5.2495537,7.850253,2.2055843,3
171343058779799,5980610166,5.261219,7.84786,2.2002003,3
171343061279799,5983110166,5.267201,7.8577304,2.1972094,3
171343063779799,5985610166,5.2983074,7.861918,2.172683,3
171343066279799,5988110166,5.3186464,7.861918,2.175375,3
171343068779799,5990610166,5.334798,7.8699937,2.1774685,3
171343071279799,5993110166,5.3557353,7.8780694,2.1831515,3
171343073779799,5995610166,5.3650074,7.880761,2.1544378,3
171343076279799,5998110166,5.3769717,7.8909307,2.1565313,3
171343078779799,6000610166,5.4009,7.9106717,2.1391835,3
171343081279799,6003110166,5.4009,7.9019976,2.1308086,3
171343083779799,6005610166,5.4053864,7.902596,2.155036,3
171343086279799,6008110166,5.4089756,7.8930244,2.1505494,3
171343088779799,6010610166,5.393123,7.880462,2.1571295,3
171343091279799,6013110166,5.3979087,7.8831544,2.1658037,3
171343093779799,6015610166,5.381159,7.877172,2.184647,3
171343096279799,6018110166,5.369793,7.8831544,2.201696,3
171343098779799,6020610166,5.3563333,7.8720875,2.2007985,3
171343101279799,6023110166,5.360521,7.8667035,2.2151556,3
171343103779799,6025610166,5.352445,7.8643107,2.2328026,3
171343106279799,6028110166,5.337789,7.8604226,2.2519453,3
171343108779799,6030610166,5.333901,7.845168,2.2331018,3
171343111279799,6033110166,5.3350973,7.8320074,2.228017,3
171343113779799,6035610166,5.326722,7.846963,2.2037897,3
171343116279799,6038110166,5.31745,7.835896,2.2034905,3
171343118779799,6040610166,5.3018966,7.830811,2.175674,3
171343121279799,6043110166,5.2863436,7.8403826,2.1559331,3
171343123779799,6045610166,5.265705,7.8406816,2.1364915,3
171343126279799,6048110166,5.2692947,7.850851,2.1134605,3
171343128779799,6050610166,5.2441697,7.8631144,2.1047866,3
171343131279799,6053110166,5.238487,7.8759756,2.0868404,3
171343133779799,6055610166,5.2423754,7.882855,2.088336,3
171343136279799,6058110166,5.2510495,7.899306,2.1074786,3
171343138779799,6060610166,5.2627144,7.919346,2.1221347,3
171343141279799,6063110166,5.266902,7.928917,2.1592233,3
171343143779799,6065610166,5.280361,7.9283185,2.169991,3
171343146279799,6068110166,5.2890353,7.945966,2.1789641,3
171343148779799,6070610166,5.2941203,7.945368,2.1855445,3
171343151279799,6073110166,5.3009996,7.954939,2.1762722,3
171343153779799,6075610166,5.3102717,7.952247,2.1861427,3
171343156279799,6078110166,5.307879,7.943872,2.1768703,3
171343158779799,6080610166,5.322535,7.9351983,2.1831515,3
171343161279799,6083110166,5.330312,7.9241314,2.187638,3
171343163779799,6085610166,5.3356953,7.914261,2.1951156,3
171343166279799,6088110166,5.3425746,7.903194,2.2082763,3
171343168779799,6090610166,5.3389854,7.8978105,2.2325034,3
171343171279799,6093110166,5.3342,7.8897343,2.2319052,3
171343173779799,6095610166,5.3222356,7.8690963,2.2378874,3
171343176279799,6098110166,5.3425746,7.855936,2.2322044,3
171343178779799,6100610166,5.3294144,7.859824,2.2319052,3
171343181279799,6103110166,5.312066,7.8547397,2.216651,3
171343183779799,6105610166,5.302495,7.8592257,2.2232313,3
171343186279799,6108110166,5.2956157,7.85444,2.2040887,3
171343188779799,6110610166,5.291129,7.865806,2.1882362,3
171343191279799,6113110166,5.271089,7.8643107,2.1894326,3
171343193779799,6115610166,5.2675,7.8649087,2.1831515,3
171343196279799,6118110166,5.2719865,7.8687973,2.184049,3
171343198779799,6120610166,5.271089,7.882257,2.1759732,3
171343201279799,6123110166,5.265107,7.8924265,2.1738794,3
171343203779799,6125610166,5.270491,7.8909307,2.1655045,3
171343206279799,6128110166,5.266902,7.902895,2.1592233,3
171343208779799,6130610166,5.2680984,7.9070826,2.169991,3
171343211279799,6133110166,5.2698927,7.906484,2.1855445,3
171343213779799,6135610166,5.2836514,7.912167,2.178366,3
171343216279799,6138110166,5.285745,7.91456,2.1834507,3
171343218779799,6140610166,5.2845488,7.91456,2.1765714,3
171343221279799,6143110166,5.288138,7.90798,2.1711874,3
171343223779799,6145610166,5.28425,7.911569,2.1831515,3
171343226279799,6148110166,5.29083,7.9073815,2.1852453,3
171343228779799,6150610166,5.2926245,7.917551,2.1906292,3
171343231279799,6153110166,5.282156,7.9205422,2.178366,3
171343233779799,6155610166,5.281857,7.9160557,2.1675982,3
171343236279799,6158110166,5.281857,7.906484,2.164308,3
171343238779799,6160610166,5.2809596,7.8903327,2.1759732,3
171343241279799,6163110166,5.2683973,7.867302,2.1759732,3
171343243779799,6165610166,5.258826,7.879565,2.1765714,3
171343246279799,6168110166,5.2453666,7.8693953,2.1861427,3
171343248779799,6170610166,5.258228,7.858927,2.1888344,3
171343251279799,6173110166,5.2555356,7.8514495,2.1816561,3
171343253779799,6175610166,5.241179,7.8433733,2.198705,3
171343256279799,6178110166,5.235496,7.8514495,2.2055843,3
171343258779799,6180610166,5.232206,7.8409805,2.2154546,3
171343261279799,6183110166,5.2342997,7.841579,2.2277179,3
171343263779799,6185610166,5.238786,7.839485,2.2325034,3
171343266279799,6188110166,5.232206,7.832606,2.2345972,3
171343268779799,6190610166,5.243273,7.825128,2.2441685,3
171343271279799,6193110166,5.250451,7.824231,2.2265215,3
171343273779799,6195610166,5.273482,7.839186,2.2378874,3
171343276279799,6198110166,5.273183,7.836494,2.2316062,3
171343278779799,6200610166,5.279763,7.832606,2.2381866,3
171343281279799,6203110166,5.298906,7.830512,2.2561326,3
171343283779799,6205610166,5.305486,7.839485,2.2728825,3
171343286279799,6208110166,5.31416,7.854141,2.2375882,3
171343288779799,6210610166,5.319544,7.8637123,2.2292135,3
171343291279799,6213110166,5.3189454,7.862217,2.228316,3
171343293779799,6215610166,5.308178,7.870592,2.2118654,3
171343296279799,6218110166,5.28754,7.8753777,2.2241287,3
171343298779799,6220610166,5.3033924,7.882556,2.2268205,3
171343301279799,6223110166,5.3102717,7.9019976,2.2199411,3
171343303779799,6225610166,5.293522,7.9220376,2.23699,3
171343306279799,6228110166,5.309973,7.932805,2.1969104,3
171343308779799,6230610166,5.3066826,7.936095,2.195714,3
171343311279799,6233110166,5.299205,7.9477606,2.2007985,3
171343313779799,6235610166,5.2980084,7.9558363,2.207678,3
171343316279799,6238110166,5.2959146,7.952546,2.2112672,3
171343318779799,6240610166,5.2863436,7.941479,2.1912274,3
171343321279799,6243110166,5.2836514,7.9573317,2.1909282,3
171343323779799,6245610166,5.2836514,7.95464,2.193022,3
171343326279799,6248110166,5.2866426,7.963912,2.1807587,3
171343328779799,6250610166,5.293522,7.9710903,2.1927228,3
171343331279799,6253110166,5.298906,7.9651084,2.1900308,3
171343333779799,6255610166,5.3066826,7.9666038,2.195714,3
171343336279799,6258110166,5.3147583,7.967202,2.2004995,3
171343338779799,6260610166,5.3156557,7.958229,2.2265215,3
171343341279799,6263110166,5.3219366,7.9408813,2.210968,3
171343343779799,6265610166,5.3336015,7.9387875,2.210669,3
171343346279799,6268110166,5.3425746,7.936095,2.2004995,3
171343348779799,6270610166,5.337789,7.917551,2.2073789,3
171343351279799,6273110166,5.345267,7.9259257,2.172982,3
171343353779799,6275610166,5.334499,7.9154572,2.1690936,3
171343356279799,6278110166,5.3359947,7.918149,2.1735802,3
171343358779799,6280610166,5.3189454,7.9055867,2.1723838,3
171343361279799,6283110166,5.3213387,7.8987074,2.1723838,3
171343363779799,6285610166,5.328517,7.899007,2.1768703,3
171343366279799,6288110166,5.3333025,7.9043903,2.1804597,3
171343368779799,6290610166,5.3359947,7.876574,2.181058,3
171343371279799,6293110166,5.3294144,7.8780694,2.1966112,3
171343373779799,6295610166,5.334499,7.8613195,2.2157538,3
171343376279799,6298110166,5.3422756,7.8490562,2.23699,3
171343378779799,6300610166,5.35095,7.8367934,2.2465613,3
171343381279799,6303110166,5.343771,7.8352976,2.2277179,3
171343383779799,6305610166,5.3342,7.8197446,2.2214367,3
171343386279799,6308110166,5.348557,7.8074813,2.2372892,3
171343388779799,6310610166,5.348856,7.812267,2.2444677,3
171343391279799,6313110166,5.3392844,7.8110704,2.239383,3
171343393779799,6315610166,5.3350973,7.813762,2.2615166,3
171343396279799,6318110166,5.325825,7.8017983,2.2788644,3
171343398779799,6320610166,5.317749,7.8116684,2.2624137,3
171343401279799,6323110166,5.300102,7.819445,2.2758734,3
171343403779799,6325610166,5.293223,7.8317084,2.2621148,3
171343406279799,6328110166,5.27079,7.839784,2.268396,3
171343408779799,6330610166,5.235795,7.85115,2.2537398,3
171343411279799,6333110166,5.2106705,7.8610206,2.2531416,3
171343413779799,6335610166,5.1906304,7.8702927,2.2510478,3
171343416279799,6338110166,5.176573,7.8693953,2.2546372,3
171343418779799,6340610166,5.1696935,7.8687973,2.2483559,3
171343421279799,6343110166,5.1529436,7.888538,2.2399812,3
171343423779799,6345610166,5.13739,7.900502,2.2483559,3
171343426279799,6348110166,5.131707,7.9100733,2.2304099,3
171343428779799,6350610166,5.1329036,7.920841,2.2160528,3
171343431279799,6353110166,5.139185,7.9304123,2.216352,3
171343433779799,6355610166,5.12423,7.919645,2.2259233,3
171343436279799,6358110166,5.15085,7.920841,2.2205393,3
171343438779799,6360610166,5.155935,7.9169526,2.2085752,3
171343441279799,6363110166,5.1568317,7.918149,2.2151556,3
171343443779799,6365610166,5.1607203,7.9163547,2.2205393,3
171343446279799,6368110166,5.165506,7.9205422,2.2175484,3
171343448779799,6370610166,5.1640105,7.8966136,2.2301106,3
171343451279799,6373110166,5.1646085,7.8864446,2.2232313,3
171343453779799,6375610166,5.172385,7.8945203,2.2232313,3
171343456279799,6378110166,5.179863,7.9100733,2.236691,3
171343458779799,6380610166,5.189733,7.915756,2.2351954,3
171343461279799,6383110166,5.1960144,7.9163547,2.2229323,3
171343463779799,6385610166,5.205885,7.92114,2.2295125,3
171343466279799,6388110166,5.2022953,7.9316087,2.2477577,3
171343468779799,6390610166,5.209773,7.939984,2.2504497,3
171343471279799,6393110166,5.2196436,7.9346,2.2387848,3
171343473779799,6395610166,5.211867,7.938488,2.2319052,3
171343476279799,6398110166,5.1960144,7.934899,2.2331018,3
171343478779799,6400610166,5.2055855,7.9423766,2.204388,3
171343481279799,6403110166,5.197809,7.9366937,2.1996021,3
171343483779799,6405610166,5.204389,7.9393854,2.181955,3
171343486279799,6408110166,5.183153,7.943872,2.1658037,3
171343488779799,6410610166,5.1870413,7.937591,2.1427727,3
171343491279799,6413110166,5.183153,7.9387875,2.143969,3
171343493779799,6415610166,5.1846485,7.9408813,2.152344,3
171343496279799,6418110166,5.198407,7.9429746,2.175375,3
171343498779799,6420610166,5.195117,7.9477606,2.1807587,3
171343501279799,6423110166,5.2025948,7.93789,2.1864417,3
171343503779799,6425610166,5.219045,7.9519477,2.1909282,3
171343506279799,6428110166,5.2274203,7.938488,2.196013,3
171343508779799,6430610166,5.226224,7.9390864,2.2121646,3
171343511279799,6433110166,5.2435718,7.943274,2.2034905,3
171343513779799,6435610166,5.2477593,7.9133635,2.2226331,3
171343516279799,6438110166,5.2695937,7.9037924,2.2112672,3
171343518779799,6440610166,5.2740803,7.9019976,2.228017,3
171343521279799,6443110166,5.2902317,7.8759756,2.2351954,3
171343523779799,6445610166,5.319245,7.8759756,2.2408783,3
171343526279799,6448110166,5.340182,7.861619,2.2549362,3
171343528779799,6450610166,5.341378,7.8679,2.2869403,3
171343531279799,6453110166,5.3706903,7.858927,2.2929223,3
171343533779799,6455610166,5.393422,7.8460655,2.2839491,3
171343536279799,6458110166,5.409873,7.845168,2.2836502,3
171343538779799,6460610166,5.4200425,7.839186,2.2905295,3
171343541279799,6463110166,5.4221363,7.8427753,2.2755744,3
171343543779799,6465610166,5.4227343,7.8293157,2.2812574,3
171343546279799,6468110166,5.4176497,7.8260255,2.2582264,3
171343548779799,6470610166,5.4203415,7.8403826,2.2624137,3
171343551279799,6473110166,5.424828,7.8200436,2.2399812,3
171343553779799,6475610166,5.4388857,7.818548,2.2289143,3
171343556279799,6478110166,5.451448,7.8170524,2.2151556,3
171343558779799,6480610166,5.4553366,7.817651,2.2019951,3
171343561279799,6483110166,5.475077,7.8083787,2.2067807,3
171343563779799,6485610166,5.4792647,7.8206415,2.2002003,3
171343566279799,6488110166,5.4699926,7.8035927,2.2064817,3
171343568779799,6490610166,5.483153,7.801499,2.1870399,3
171343571279799,6493110166,5.485845,7.7997046,2.1864417,3
171343573779799,6495610166,5.480461,7.7997046,2.195714,3
171343576279799,6498110166,5.479863,7.811968,2.2058833,3
171343578779799,6500610166,5.468198,7.818847,2.1954148,3
171343581279799,6503110166,5.4553366,7.830512,2.1927228,3
171343583779799,6505610166,5.4643097,7.8278203,2.1966112,3
171343586279799,6508110166,5.4466624,7.8403826,2.2028923,3
171343588779799,6510610166,5.439783,7.8499537,2.198705,3
171343591279799,6513110166,5.4314084,7.8499537,2.2031915,3
171343593779799,6515610166,5.433801,7.85444,2.1768703,3
171343596279799,6518110166,5.4367924,7.8696947,2.207678,3
171343598779799,6520610166,5.4382877,7.879565,2.2223341,3
171343601279799,6523110166,5.4367924,7.8810606,2.2211375,3
171343603779799,6525610166,5.441578,7.8897343,2.219044,3
171343606279799,6528110166,5.427221,7.905886,2.2229323,3
171343608779799,6530610166,5.416154,7.9073815,2.225325,3
171343611279799,6533110166,5.4290156,7.9052877,2.2121646,3
171343613779799,6535610166,5.430212,7.9109707,2.2082763,3
171343616279799,6538110166,5.428417,7.9040914,2.2214367,3
171343618779799,6540610166,5.4116673,7.906484,2.2316062,3
171343621279799,6543110166,5.4089756,7.9037924,2.2301106,3
171343623779799,6545610166,5.395516,7.902596,2.2100708,3
171343626279799,6548110166,5.3913283,7.9091763,2.2067807,3
171343628779799,6550610166,5.3832526,7.919346,2.175674,3
171343631279799,6553110166,5.365905,7.9190464,2.169991,3
171343633779799,6555610166,5.3611193,7.9369926,2.1604197,3
171343636279799,6558110166,5.355137,7.936095,2.1532412,3
171343638779799,6560610166,5.333901,7.941778,2.1520448,3
171343641279799,6563110166,5.3479586,7.9555373,2.1475582,3
171343643779799,6565610166,5.3644094,7.9926257,2.161018,3
171343646279799,6568110166,5.375177,7.986644,2.205285,3
171343648779799,6570610166,5.3539405,7.9429746,2.1912274,3
171343651279799,6573110166,5.3243294,7.9055867,2.1804597,3
171343653779799,6575610166,5.331508,7.88794,2.1499512,3
171343656279799,6578110166,5.348557,7.8664045,2.1140587,3
171343658779799,6580610166,5.408377,7.853244,2.1041884,3
171343661279799,6583110166,5.4670014,7.84128,2.1203399,3
171343663779799,6585610166,5.3790655,7.858329,2.2199411,3
171343666279799,6588110166,5.285446,7.858628,2.2827528,3
171343668779799,6590610166,5.2776694,7.8463645,2.2468605,3
171343671279799,6593110166,5.313861,7.8023963,2.140978,3
171343673779799,6595610166,5.3721857,7.745866,2.0673988,3
171343676279799,6598110166,5.4164534,7.6678,2.0470598,3
171343678779799,6600610166,5.415257,7.6316085,2.0850458,3
171343681279799,6603110166,5.3964133,7.624729,2.09701,3
171343683779799,6605610166,5.3913283,7.62114,2.0922244,3
171343686279799,6608110166,5.408078,7.623832,2.108675,3
171343688779799,6610610166,5.4517474,7.6085777,2.14367,3
171343691279799,6613110166,5.4843497,7.620841,2.1885355,3
171343693779799,6615610166,5.4867425,7.6184483,2.2184458,3
171343696279799,6618110166,5.4810596,7.6348987,2.2552354,3
171343698779799,6620610166,5.465207,7.6591263,2.2624137,3
171343701279799,6623110166,5.471787,7.666903,2.254338,3
171343703779799,6625610166,5.494818,7.6737823,2.2378874,3
171343706279799,6628110166,5.4424753,7.7033935,2.2791636,3
171343708779799,6630610166,5.399105,7.713563,2.3069801,3
171343711279799,6633110166,5.3847485,7.7347994,2.2932215,3
171343713779799,6635610166,5.3943195,7.732107,2.2277179,3
171343716279799,6638110166,5.421538,7.7201433,2.1693928,3
171343718779799,6640610166,5.4320064,7.6953177,2.1463618,3
171343721279799,6643110166,5.4128637,7.685447,2.1565313,3
171343723779799,6645610166,5.401498,7.704291,2.1828525,3
171343726279799,6648110166,5.3907304,7.719844,2.1831515,3
171343728779799,6650610166,5.382056,7.748558,2.184946,3
171343731279799,6653110166,5.378168,7.760223,2.2097716,3
171343733779799,6655610166,5.3721857,7.7820573,2.245365,3
171343736279799,6658110166,5.3769717,7.8020973,2.2707887,3
171343738779799,6660610166,5.3847485,7.8206415,2.2908285,3
171343741279799,6663110166,5.3793645,7.8517485,2.3117657,3
171343743779799,6665610166,5.3739805,7.861918,2.3482563,3
171343746279799,6668110166,5.373083,7.864012,2.349752,3
171343748779799,6670610166,5.3796635,7.880761,2.3491535,3
171343751279799,6673110166,5.36411,7.9040914,2.3503501,3
171343753779799,6675610166,5.346463,7.9205422,2.3521447,3
171343756279799,6678110166,5.3327045,7.932805,2.3207388,3
171343758779799,6680610166,5.3069816,7.946564,2.3228326,3
171343761279799,6683110166,5.2920265,7.958528,2.2989044,3
171343763779799,6685610166,5.273482,7.960622,2.3024936,3
171343766279799,6688110166,5.3422756,7.973184,2.297708,3
171343768779799,6690610166,5.4128637,7.9689965,2.291427,3
171343771279799,6693110166,5.4388857,7.9534435,2.2905295,3
171343773779799,6695610166,5.460122,7.966903,2.3117657,3
171343776279799,6698110166,5.4430733,7.9767733,2.3446672,3
171343778779799,6700610166,5.4278193,8.015358,2.3446672,3
171343781279799,6703110166,5.395217,8.032107,2.3042881,3
171343783779799,6705610166,5.3674,8.01117,2.2785654,3
171343786279799,6708110166,5.339883,7.9911304,2.2304099,3
171343788779799,6710610166,5.3165526,7.9630146,2.1948166,3
171343791279799,6713110166,5.2833524,7.940283,2.2118654,3
171343793779799,6715610166,5.274678,7.923234,2.1693928,3
171343796279799,6718110166,5.2519464,7.902895,2.143969,3
171343798779799,6720610166,5.2342997,7.8783684,2.137389,3
171343801279799,6723110166,5.232505,7.8571324,2.137688,3
171343803779799,6725610166,5.2076793,7.830811,2.1400807,3
171343806279799,6728110166,5.206782,7.819146,2.1774685,3
171343808779799,6730610166,5.2238307,7.79133,2.195714,3
171343811279799,6733110166,5.243273,7.776973,2.2172494,3
171343813779799,6735610166,5.261817,7.750951,2.2295125,3
171343816279799,6738110166,5.2863436,7.7204423,2.248655,3
171343818779799,6740610166,5.2770715,7.690831,2.2809582,3
171343821279799,6743110166,5.280361,7.665407,2.2842484,3
171343823779799,6745610166,5.349155,7.6369925,2.2878375,3
171343826279799,6748110166,5.407779,7.629515,2.2806592,3
171343828779799,6750610166,5.434399,7.603792,2.295315,3
171343831279799,6753110166,5.4610195,7.5879397,2.3001008,3
171343833779799,6755610166,5.49751,7.578069,2.3075783,3
171343836279799,6758110166,5.528617,7.5789666,2.3186452,3
171343838779799,6760610166,5.5630136,7.581958,2.312364,3
171343841279799,6763110166,5.569594,7.568498,2.2929223,3
171343843779799,6765610166,5.581259,7.5553374,2.286043,3
171343846279799,6768110166,5.584549,7.550851,2.2648067,3
171343848779799,6770610166,5.580661,7.5520473,2.2525434,3
171343851279799,6773110166,5.5666027,7.556235,2.2438695,3
171343853779799,6775610166,5.532804,7.5667033,2.2277179,3
171343856279799,6778110166,5.5244293,7.5732837,2.2217357,3
171343858779799,6780610166,5.5073805,7.587641,2.2232313,3
171343861279799,6783110166,5.496912,7.598707,2.210669,3
171343863779799,6785610166,5.491229,7.6088767,2.2100708,3
171343866279799,6788110166,5.4966125,7.62114,2.210968,3
171343868779799,6790610166,5.491827,7.6345997,2.2363918,3
171343871279799,6793110166,5.505885,7.644171,2.245066,3
171343873779799,6795610166,5.5202417,7.6348987,2.2277179,3
171343876279799,6798110166,5.5079784,7.6549387,2.2334008,3
171343878779799,6800610166,5.518148,7.6624165,2.2582264,3
171343881279799,6803110166,5.5166526,7.669595,2.2582264,3
171343883779799,6805610166,5.5283175,7.68455,2.266302,3
171343886279799,6808110166,5.5106707,7.7004023,2.2582264,3
171343888779799,6810610166,5.5253267,7.7213397,2.2839491,3
171343891279799,6813110166,5.527121,7.730612,2.2576282,3
171343893779799,6815610166,5.5280185,7.7407813,2.254338,3
171343896279799,6818110166,5.523532,7.7536426,2.245066,3
171343898779799,6820610166,5.528617,7.7590265,2.2483559,3
171343901279799,6823110166,5.514858,7.7647095,2.2519453,3
171343903779799,6825610166,5.508577,7.7733836,2.2429721,3
171343906279799,6828110166,5.5052867,7.7811604,2.2372892,3
171343908779799,6830610166,5.499305,7.8017983,2.2145574,3
171343911279799,6833110166,5.4996037,7.8059855,2.2067807,3
171343913779799,6835610166,5.503193,7.80449,2.1948166,3
171343916279799,6838110166,5.4960146,7.809874,2.1762722,3
171343918779799,6840610166,5.49422,7.8029947,2.1798615,3
171343921279799,6843110166,5.475077,7.7997046,2.1625135,3
171343923779799,6845610166,5.471189,7.795218,2.1340988,3
171343926279799,6848110166,5.451149,7.7799635,2.099702,3
171343928779799,6850610166,5.4352965,7.78445,2.085644,3
171343931279799,6853110166,5.4352965,7.7706914,2.0638096,3
171343933779799,6855610166,5.426623,7.753942,2.0443678,3
171343936279799,6858110166,5.4296136,7.7566338,2.0536401,3
171343938779799,6860610166,5.441877,7.751848,2.0428724,3
171343941279799,6863110166,5.434399,7.739585,2.0180469,3
171343943779799,6865610166,5.4484572,7.7362947,2.0174487,3
171343946279799,6868110166,5.4379888,7.7156568,2.012663,3
171343948779799,6870610166,5.442176,7.710572,2.004288,3
171343951279799,6873110166,5.4332027,7.713563,1.9926231,3
171343953779799,6875610166,5.4167523,7.725228,1.995315,3
171343956279799,6878110166,5.4056854,7.722536,1.9842482,3
171343958779799,6880610166,5.395815,7.72792,2.0003998,3
171343961279799,6883110166,5.3715878,7.739286,2.0063818,3
171343963779799,6885610166,5.369793,7.7560353,2.0001006,3
171343966279799,6888110166,5.3679986,7.773084,2.0240288,3
171343968779799,6890610166,5.357829,7.780562,2.056033,3
171343971279799,6893110166,5.363811,7.767401,2.0760727,3
171343973779799,6895610166,5.3769717,7.7440715,2.1050856,3
171343976279799,6898110166,5.395217,7.7446694,2.1400807,3
171343978779799,6900610166,5.410471,7.7327056,2.1547368,3
171343981279799,6903110166,5.4170513,7.734201,2.1568305,3
171343983779799,6905610166,5.421837,7.739884,2.152344,3
171343986279799,6908110166,5.4346986,7.72792,2.1732812,3
171343988779799,6910610166,5.4379888,7.725527,2.178366,3
171343991279799,6913110166,5.4352965,7.7201433,2.2025933,3
171343993779799,6915610166,5.4341,7.71117,2.2148564,3
171343996279799,6918110166,5.425426,7.719545,2.2465613,3
171343998779799,6920610166,5.4242296,7.7090764,2.2669003,3
171344001279799,6923110166,5.408078,7.7087774,2.3117657,3
171344003779799,6925610166,5.4107704,7.719844,2.3168504,3
171344006279799,6928110166,5.3976097,7.7345,2.3048863,3
171344008779799,6930610166,5.389534,7.7572317,2.3054845,3
171344011279799,6933110166,5.3742795,7.7823567,2.3030918,3
171344013779799,6935610166,5.375177,7.8236327,2.3012972,3
171344016279799,6938110166,5.365905,7.8442707,2.291427,3
171344018779799,6940610166,5.35753,7.8810606,2.2929223,3
171344021279799,6943110166,5.3563333,7.9160557,2.2866411,3
171344023779799,6945610166,5.3566327,7.9390864,2.2507489,3
171344026279799,6948110166,5.354539,7.966903,2.2232313,3
171344028779799,6950610166,5.3560343,8.009675,2.2058833,3
171344031279799,6953110166,5.3473606,8.046763,2.1595225,3
171344033779799,6955610166,5.341079,8.077271,2.1065812,3
171344036279799,6958110166,5.3312087,8.093124,2.0925233,3
171344038779799,6960610166,5.3147583,8.11137,2.0694926,3
171344041279799,6963110166,5.3033924,8.146664,2.0685952,3
171344043779799,6965610166,5.2941203,8.174181,2.0575283,3
171344046279799,6968110166,5.278567,8.195417,2.0685952,3
171344048779799,6970610166,5.2609196,8.205886,2.070689,3
171344051279799,6973110166,5.2660046,8.219346,2.067997,3
171344053779799,6975610166,5.256134,8.234002,2.0718853,3
171344056279799,6978110166,5.2489557,8.243573,2.0931215,3
171344058779799,6980610166,5.2492547,8.233403,2.1047866,3
171344061279799,6983110166,5.2483573,8.233403,2.115255,3
171344063779799,6985610166,5.2552366,8.220243,2.138286,3
171344066279799,6988110166,5.252545,8.192127,2.1565313,3
171344068779799,6990610166,5.267201,8.175378,2.167,3
171344071279799,6993110166,5.252545,8.152945,2.1855445,3
171344073779799,6995610166,5.2498527,8.132606,2.181955,3
171344076279799,6998110166,5.24088,8.10808,2.1870399,3
171344078779799,7000610166,5.2369914,8.092227,2.1963122,3
171344081279799,7003110166,5.2513485,8.060822,2.1906292,3
171344083779799,7005610166,5.2477593,8.042576,2.19033,3
171344086279799,7008110166,5.2510495,7.992925,2.1894326,3
171344088779799,7010610166,5.258527,7.967202,2.172683,3
171344091279799,7013110166,5.2630134,7.943872,2.172982,3
171344093779799,7015610166,5.2453666,7.9190464,2.1789641,3
171344096279799,7018110166,5.2238307,7.879864,2.1720848,3
171344098779799,7020610166,5.221438,7.847561,2.1687946,3
171344101279799,7023110166,5.1939206,7.8481593,2.1631117,3
171344103779799,7025610166,5.1789656,7.8344007,2.158326,3
171344106279799,7028110166,5.158028,7.819445,2.152344,3
171344108779799,7030610166,5.1493545,7.8000035,2.1664019,3
171344111279799,7033110166,5.133801,7.7943206,2.1855445,3
171344113779799,7035610166,5.1415777,7.7772717,2.1855445,3
171344116279799,7038110166,5.1161537,7.765308,2.1942184,3
171344118779799,7040610166,5.116752,7.752745,2.2067807,3
171344121279799,7043110166,5.1149573,7.7425756,2.1831515,3
171344123779799,7045610166,5.1233325,7.7300134,2.1906292,3
171344126279799,7048110166,5.1257253,7.7156568,2.1939192,3
171344128779799,7050610166,5.135895,7.6950183,2.2169502,3
171344131279799,7053110166,5.1592245,7.684849,2.202294,3
171344133779799,7055610166,5.183153,7.681858,2.2148564,3
171344136279799,7058110166,5.21755,7.6800632,2.2211375,3
171344138779799,7060610166,5.2423754,7.678269,2.2184458,3
171344141279799,7063110166,5.2722855,7.676474,2.2271197,3
171344143779799,7065610166,5.298906,7.6746798,2.2232313,3
171344146279799,7068110166,5.3294144,7.681858,2.2301106,3
171344148779799,7070610166,5.3440704,7.699505,2.2151556,3
171344151279799,7073110166,5.358427,7.7010007,2.2232313,3
171344153779799,7075610166,5.380561,7.702197,2.2085752,3
171344156279799,7078110166,5.392824,7.7180495,2.2100708,3
171344158779799,7080610166,5.4050875,7.7380896,2.202294,3
171344161279799,7083110166,5.4059844,7.7443705,2.1867409,3
171344163779799,7085610166,5.410471,7.7760754,2.1951156,3
171344166279799,7088110166,5.4023952,7.7940216,2.2322044,3
171344168779799,7090610166,5.4110694,7.8164544,2.2103698,3
171344171279799,7093110166,5.419444,7.8290167,2.2142582,3
171344173779799,7095610166,5.4182477,7.836494,2.2417758,3
171344176279799,7098110166,5.4200425,7.8466635,2.2612174,3
171344178779799,7100610166,5.426922,7.8610206,2.2621148,3
171344181279799,7103110166,5.430511,7.8571324,2.289333,3
171344183779799,7105610166,5.4466624,7.854141,2.3051856,3
171344186279799,7108110166,5.460122,7.8496547,2.3228326,3
171344188779799,7110610166,5.4676,7.845168,2.3282163,3
171344191279799,7113110166,5.4957156,7.8352976,2.3479571,3
171344193779799,7115610166,5.5076795,7.824829,2.3368905,3
171344196279799,7118110166,5.5301123,7.8140616,2.3338995,3
171344198779799,7120610166,5.541478,7.809874,2.3395824,3
171344201279799,7123110166,5.5537415,7.795218,2.3374887,3
171344203779799,7125610166,5.5633125,7.7832537,2.3249264,3
171344206279799,7128110166,5.575875,7.7760754,2.3225334,3
171344208779799,7130610166,5.58754,7.7566338,2.3075783,3
171344211279799,7133110166,5.5854464,7.7497544,2.3027928,3
171344213779799,7135610166,5.605486,7.7404823,2.2965117,3
171344216279799,7138110166,5.6210394,7.7201433,2.2851455,3
171344218779799,7140610166,5.631209,7.711768,2.291427,3
171344221279799,7143110166,5.6497536,7.6977105,2.2875385,3
171344223779799,7145610166,5.6521463,7.689635,2.2863421,3
171344226279799,7148110166,5.6479588,7.6770725,2.2609184,3
171344228779799,7150610166,5.6473603,7.6633134,2.219044,3
171344231279799,7153110166,5.6560345,7.6423764,2.2325034,3
171344233779799,7155610166,5.6593246,7.6316085,2.2342982,3
171344236279799,7158110166,5.655137,7.62443,2.213361,3
171344238779799,7160610166,5.65424,7.6133633,2.2103698,3
171344241279799,7163110166,5.6533427,7.603493,2.2085752,3
171344243779799,7165610166,5.634499,7.6145597,2.2181466,3
171344246279799,7168110166,5.649155,7.6136627,2.2381866,3
171344248779799,7170610166,5.616254,7.622636,2.2483559,3
171344251279799,7173110166,5.599504,7.629814,2.2767708,3
171344253779799,7175610166,5.581259,7.635198,2.274677,3
171344256279799,7178110166,5.5779686,7.6328053,2.2725832,3
171344258779799,7180610166,5.5800624,7.629814,2.2555344,3
171344261279799,7183110166,5.5657053,7.6274214,2.228017,3
171344263779799,7185610166,5.5450673,7.628319,2.1894326,3
171344266279799,7188110166,5.5250273,7.622636,2.167299,3
171344268779799,7190610166,5.4909296,7.6331043,2.1678972,3
171344271279799,7193110166,5.4702916,7.6483583,2.1738794,3
171344273779799,7195610166,5.4499526,7.6800632,2.1705892,3
171344276279799,7198110166,5.428417,7.7096744,2.164308,3
171344278779799,7200610166,5.389235,7.7404823,2.1867409,3
171344281279799,7203110166,5.363213,7.772785,2.1723838,3
171344283779799,7205610166,5.334798,7.791629,2.1738794,3
171344286279799,7208110166,5.3007,7.834101,2.1834507,3
171344288779799,7210610166,5.2666025,7.862516,2.1622143,3
171344291279799,7213110166,5.220541,7.8894353,2.1340988,3
171344293779799,7215610166,5.2016973,7.9148593,2.1182463,3
171344296279799,7218110166,5.1681976,7.938488,2.1035903,3
171344298779799,7220610166,5.1529436,7.9836526,2.114358,3
171344301279799,7223110166,5.1326046,8.012366,2.1011975,3
171344303779799,7225610166,5.1122656,8.0359955,2.0925233,3
171344306279799,7228110166,5.086842,8.075776,2.091327,3
171344308779799,7230610166,5.055436,8.115856,2.0784655,3
171344311279799,7233110166,5.014459,8.1484585,2.0955145,3
171344313779799,7235610166,4.9977093,8.17478,2.085345,3
171344316279799,7238110166,4.9839506,8.207381,2.0964117,3
171344318779799,7240610166,4.9692945,8.226824,2.105983,3
171344321279799,7243110166,4.9657054,8.245368,2.1128623,3
171344323779799,7245610166,4.961518,8.2681,2.1302104,3
171344326279799,7248110166,4.9531426,8.268997,2.1400807,3
171344328779799,7250610166,4.94417,8.27797,2.1562324,3
171344331279799,7253110166,4.9462633,8.266305,2.152643,3
171344333779799,7255610166,4.9495535,8.2710905,2.149652,3
171344336279799,7258110166,4.962415,8.257631,2.1541386,3
171344338779799,7260610166,4.9677987,8.249556,2.1547368,3
171344341279799,7263110166,4.976772,8.216056,2.1475582,3
171344343779799,7265610166,4.991129,8.192127,2.167299,3
171344346279799,7268110166,4.985745,8.16132,2.1747768,3
171344348779799,7270610166,4.988736,8.129017,2.158027,3
171344351279799,7273110166,5.0066824,8.103892,2.1535404,3
171344353779799,7275610166,5.0165524,8.0677,2.155036,3
171344356279799,7278110166,5.028218,8.033005,2.1460629,3
171344358779799,7280610166,5.037191,7.9980097,2.1589243,3
171344361279799,7283110166,5.035097,7.9683986,2.1544378,3
171344363779799,7285610166,5.049753,7.9426756,2.1646073,3
171344366279799,7288110166,5.0548377,7.919645,2.1717856,3
171344368779799,7290610166,5.0542397,7.903194,2.1768703,3
171344371279799,7293110166,5.0629134,7.8978105,2.1789641,3
171344373779799,7295610166,5.0748777,7.8753777,2.1852453,3
171344376279799,7298110166,5.0805607,7.85444,2.2088745,3
171344378779799,7300610166,5.1119666,7.8457665,2.2307088,3
171344381279799,7303110166,5.135895,7.8293157,2.2408783,3
171344383779799,7305610166,5.157729,7.8197446,2.2504497,3
171344386279799,7308110166,5.1664033,7.809874,2.248057,3
171344388779799,7310610166,5.191229,7.804789,2.2492533,3
171344391279799,7313110166,5.209773,7.7997046,2.2447667,3
171344393779799,7315610166,5.234,7.791928,2.2241287,3
171344396279799,7318110166,5.2689953,7.794919,2.2420747,3
171344398779799,7320610166,5.298607,7.8035927,2.2489543,3
171344401279799,7323110166,5.3129635,7.798807,2.2537398,3
171344403779799,7325610166,5.3449674,7.7961154,2.2438695,3
171344406279799,7328110166,5.366503,7.7994056,2.2674985,3
171344408779799,7330610166,5.380561,7.800602,2.2531416,3
171344411279799,7333110166,5.3925247,7.8086777,2.219044,3
171344413779799,7335610166,5.4095736,7.8227353,2.2337,3
171344416279799,7338110166,5.416154,7.832905,2.225026,3
171344418779799,7340610166,5.42094,7.835896,2.2211375,3
171344421279799,7343110166,5.439484,7.8400836,2.2157538,3
171344423779799,7345610166,5.4466624,7.8376904,2.2259233,3
171344426279799,7348110166,5.4687963,7.826923,2.2160528,3
171344428779799,7350610166,5.4876394,7.834101,2.2142582,3
171344431279799,7353110166,5.49751,7.841579,2.2142582,3
171344433779799,7355610166,5.508876,7.8520474,2.1927228,3
171344436279799,7358110166,5.5112686,7.8400836,2.1711874,3
171344438779799,7360610166,5.4906306,7.8538423,2.1867409,3
171344441279799,7363110166,5.4720864,7.8628154,2.1475582,3
171344443779799,7365610166,5.4643097,7.867302,2.1299112,3
171344446279799,7368110166,5.458328,7.8679,2.140679,3
171344448779799,7370610166,5.4667025,7.876275,2.1592233,3
171344451279799,7373110166,5.4643097,7.8831544,2.1693928,3
171344453779799,7375610166,5.454738,7.8984084,2.1631117,3
171344456279799,7378110166,5.468198,7.8957167,2.1664019,3
171344458779799,7380610166,5.4846487,7.9043903,2.1702902,3
171344461279799,7383110166,5.4894342,7.9106717,2.1568305,3
171344463779799,7385610166,5.495416,7.9073815,2.14696,3
171344466279799,7388110166,5.491827,7.913663,2.1520448,3
171344468779799,7390610166,5.5184474,7.9340014,2.1475582,3
171344471279799,7393110166,5.5298133,7.9429746,2.129014,3
171344473779799,7395610166,5.5396833,7.940283,2.1185453,3
171344476279799,7398110166,5.5456657,7.9387875,2.1245275,3
171344478779799,7400610166,5.5573306,7.9540415,2.1311076,3
171344481279799,7403110166,5.569594,7.955238,2.1215365,3
171344483779799,7405610166,5.586344,7.946863,2.120041,3
171344486279799,7408110166,5.59412,7.949555,2.1332014,3
171344488779799,7410610166,5.5944195,7.9334035,2.1164517,3
171344491279799,7413110166,5.5908303,7.918149,2.129014,3
171344493779799,7415610166,5.5914283,7.881958,2.1287148,3
171344496279799,7418110166,5.6075797,7.8550386,2.1400807,3
171344498779799,7420610166,5.6099725,7.829914,2.1323042,3
171344501279799,7423110166,5.61087,7.7871423,2.1299112,3
171344503779799,7425610166,5.606683,7.750951,2.143969,3
171344506279799,7428110166,5.601897,7.710572,2.1478574,3
171344508779799,7430610166,5.6042895,7.6974115,2.1511476,3
171344511279799,7433110166,5.605187,7.662117,2.1532412,3
171344513779799,7435610166,5.601299,7.6274214,2.169991,3
171344516279799,7438110166,5.593522,7.5939217,2.181357,3
171344518779799,7440610166,5.5986066,7.557431,2.1855445,3
171344521279799,7443110166,5.5947185,7.5382886,2.1975086,3
171344523779799,7445610166,5.5986066,7.507481,2.207678,3
171344526279799,7448110166,5.5866427,7.483852,2.2196422,3
171344528779799,7450610166,5.582754,7.478169,2.2322044,3
171344531279799,7453110166,5.567799,7.475178,2.2160528,3
171344533779799,7455610166,5.561518,7.4787674,2.2034905,3
171344536279799,7458110166,5.5657053,7.47458,2.2202404,3
171344538779799,7460610166,5.5390854,7.4775705,2.2375882,3
171344541279799,7463110166,5.5366926,7.4599237,2.2208385,3
171344543779799,7465610166,5.5450673,7.453942,2.242374,3
171344546279799,7468110166,5.554639,7.4662046,2.2411776,3
171344548779799,7470610166,5.5743794,7.472785,2.2534406,3
171344551279799,7473110166,5.5740805,7.4865437,2.257329,3
171344553779799,7475610166,5.5917273,7.5083785,2.2824538,3
171344556279799,7478110166,5.575576,7.5296144,2.2489543,3
171344558779799,7480610166,5.558527,7.555936,2.2357936,3
171344561279799,7483110166,5.534898,7.5879397,2.2334008,3
171344563779799,7485610166,5.5097733,7.62114,2.2121646,3
171344566279799,7488110166,5.4840503,7.6543407,2.1912274,3
171344568779799,7490610166,5.4616175,7.6860456,2.1945174,3
171344571279799,7493110166,5.441877,7.724929,2.1693928,3
171344573779799,7495610166,5.4164534,7.765308,2.1541386,3
171344576279799,7498110166,5.3817573,7.799106,2.141277,3
171344578779799,7500610166,5.3566327,7.8403826,2.1287148,3
171344581279799,7503110166,5.322834,7.882556,2.11705,3
171344583779799,7505610166,5.2827544,7.9163547,2.1008983,3
171344586279799,7508110166,5.244469,7.946863,2.070689,3
171344588779799,7510610166,5.2163534,7.987242,2.070988,3
171344591279799,7513110166,5.183751,8.025527,2.0673988,3
171344593779799,7515610166,5.1403813,8.042576,2.0383859,3
171344596279799,7518110166,5.105984,8.053344,2.0204396,3
171344598779799,7520610166,5.0802617,8.076375,2.035694,3
171344601279799,7523110166,5.0593243,8.102695,2.0234306,3
171344603779799,7525610166,5.0449677,8.117352,2.0111675,3
171344606279799,7528110166,5.048557,8.115856,2.0359929,3
171344608779799,7530610166,5.057829,8.124829,2.059323,3
171344611279799,7533110166,5.0826545,8.119446,2.1035903,3
171344613779799,7535610166,5.1003013,8.116754,2.1385853,3
171344616279799,7538110166,5.123033,8.109575,2.1535404,3
171344618779799,7540610166,5.1529436,8.091629,2.181357,3
171344621279799,7543110166,5.180461,8.085049,2.2028923,3
171344623779799,7545610166,5.206483,8.066803,2.225624,3
171344626279799,7548110166,5.231907,8.044969,2.2522442,3
171344628779799,7550610166,5.239085,8.023732,2.2695923,3
171344631279799,7553110166,5.23759,7.993523,2.2603202,3
171344633779799,7555610166,5.2495537,7.986644,2.2983062,3
171344636279799,7558110166,5.252844,7.964211,2.2881367,3
171344638779799,7560610166,5.2363935,7.9519477,2.2929223,3
171344641279799,7563110166,5.236094,7.927122,2.3060827,3
171344643779799,7565610166,5.2277193,7.9160557,2.2992034,3
171344646279799,7568110166,5.2046885,7.8960156,2.2968106,3
171344648779799,7570610166,5.2163534,7.8756766,2.3039892,3
171344651279799,7573110166,5.209474,7.880163,2.3003998,3
171344653779799,7575610166,5.2103715,7.853543,2.3078775,3
171344656279799,7578110166,5.219045,7.846963,2.315654,3
171344658779799,7580610166,5.2286167,7.835597,2.3207388,3
171344661279799,7583110166,5.2426744,7.8197446,2.3318057,3
171344663779799,7585610166,5.255835,7.8029947,2.3446672,3
171344666279799,7588110166,5.282455,7.7997046,2.3548367,3
171344668779799,7590610166,5.296812,7.783852,2.356033,3
171344671279799,7593110166,5.308178,7.7671022,2.341377,3
171344673779799,7595610166,5.312066,7.754839,2.3422742,3
171344676279799,7598110166,5.312066,7.757531,2.3503501,3
171344678779799,7600610166,5.3255258,7.758129,2.333002,3
171344681279799,7603110166,5.3273206,7.7503524,2.309672,3
171344683779799,7605610166,5.3392844,7.7668033,2.329712,3
171344686279799,7608110166,5.3557353,7.780263,2.3479571,3
171344688779799,7610610166,5.3611193,7.7790666,2.3569303,3
171344691279799,7613110166,5.3721857,7.7793655,2.3623142,3
171344693779799,7615610166,5.375177,7.768897,2.3838496,3
171344696279799,7618110166,5.389833,7.7736826,2.3874388,3
171344698779799,7620610166,5.3799624,7.7644105,2.379363,3
171344701279799,7623110166,5.3739805,7.7608213,2.3838496,3
171344703779799,7625610166,5.4029937,7.7560353,2.3790638,3
171344706279799,7628110166,5.3910294,7.7533436,2.3668008,3
171344708779799,7630610166,5.3964133,7.744969,2.3392832,3
171344711279799,7633110166,5.416154,7.750652,2.3312075,3
171344713779799,7635610166,5.4179487,7.7437725,2.321038,3
171344716279799,7638110166,5.428417,7.763812,2.3075783,3
171344718779799,7640610166,5.460122,7.763812,2.3078775,3
171344721279799,7643110166,5.4631133,7.783553,2.2839491,3
171344723779799,7645610166,5.4702916,7.80449,2.2594228,3
171344726279799,7648110166,5.4631133,7.8290167,2.2492533,3
171344728779799,7650610166,5.4684973,7.8520474,2.2384856,3
171344731279799,7653110166,5.467899,7.864012,2.2124636,3
171344733779799,7655610166,5.4559345,7.8846498,2.195714,3
171344736279799,7658110166,5.4352965,7.8984084,2.187638,3
171344738779799,7660610166,5.4074802,7.914261,2.1771696,3
171344741279799,7663110166,5.365905,7.948957,2.1400807,3
171344743779799,7665610166,5.3512487,8.000103,2.1367905,3
171344746279799,7668110166,5.3336015,8.03809,2.137688,3
171344748779799,7670610166,5.304888,8.060522,2.1433709,3
171344751279799,7673110166,5.3007,8.06112,2.175375,3
171344753779799,7675610166,5.2905307,8.066205,2.207977,3
171344756279799,7678110166,5.282455,8.070093,2.2103698,3
171344758779799,7680610166,5.27079,8.075776,2.2130618,3
171344761279799,7683110166,5.274678,8.073982,2.2031915,3
171344763779799,7685610166,5.2740803,8.058727,2.2067807,3
171344766279799,7688110166,5.278268,8.059027,2.2259233,3
171344768779799,7690610166,5.278567,8.04467,2.2277179,3
171344771279799,7693110166,5.2929235,8.023134,2.2441685,3
171344773779799,7695610166,5.3039904,7.9968133,2.2510478,3
171344776279799,7698110166,5.309973,7.9764743,2.2411776,3
171344778779799,7700610166,5.307879,7.9274216,2.2594228,3
171344781279799,7703110166,5.328218,7.905886,2.2648067,3
171344783779799,7705610166,5.3102717,7.8690963,2.2728825,3
171344786279799,7708110166,5.311468,7.84786,2.274976,3
171344788779799,7710610166,5.308776,7.8128653,2.2857437,3
171344791279799,7713110166,5.3105707,7.7775707,2.271686,3
171344793779799,7715610166,5.304589,7.7350984,2.266302,3
171344796279799,7718110166,5.300401,7.704889,2.2992034,3
171344798779799,7720610166,5.291129,7.663613,2.274976,3
171344801279799,7723110166,5.276473,7.6399837,2.2935205,3
171344803779799,7725610166,5.282455,7.6133633,2.289632,3
171344806279799,7728110166,5.2920265,7.5900335,2.3003998,3
171344808779799,7730610166,5.300102,7.557431,2.3132613,3
171344811279799,7733110166,5.304888,7.5379896,2.306681,3
171344813779799,7735610166,5.308178,7.522137,2.3383858,3
171344816279799,7738110166,5.3246284,7.519445,2.332404,3
171344818779799,7740610166,5.340481,7.5053873,2.3072793,3
171344821279799,7743110166,5.357829,7.5032935,2.3171496,3
171344823779799,7745610166,5.365606,7.502396,2.3138595,3
171344826279799,7748110166,5.3706903,7.5086775,2.315355,3
171344828779799,7750610166,5.3883376,7.510173,2.3075783,3
171344831279799,7753110166,5.406882,7.515856,2.3084757,3
171344833779799,7755610166,5.4170513,7.5403824,2.2956142,3
171344836279799,7758110166,5.4149575,7.5499535,2.2824538,3
171344838779799,7760610166,5.40419,7.570891,2.2755744,3
171344841279799,7763110166,5.410172,7.5939217,2.2555344,3
171344843779799,7765610166,5.408377,7.6139617,2.2178476,3
171344846279799,7768110166,5.4095736,7.652546,2.2100708,3
171344848779799,7770610166,5.395217,7.6797643,2.1795623,3
171344851279799,7773110166,5.3982077,7.719246,2.1750758,3
171344853779799,7775610166,5.38744,7.7557364,2.1457636,3
171344856279799,7778110166,5.3721857,7.795816,2.1352952,3
171344858779799,7780610166,5.363512,7.826923,2.1332014,3
171344861279799,7783110166,5.35095,7.865806,2.123331,3
171344863779799,7785610166,5.331807,7.8948193,2.0536401,3
171344866279799,7788110166,5.3183475,7.929216,2.0527427,3
171344868779799,7790610166,5.313562,7.9597244,2.044667,3
171344871279799,7793110166,5.3012986,7.984251,2.0201404,3
171344873779799,7795610166,5.296812,8.014461,1.9917258,3
171344876279799,7798110166,5.276174,8.033005,1.9974087,3
171344878779799,7800610166,5.278268,8.076076,1.9950159,3
171344881279799,7803110166,5.2695937,8.100901,1.9725832,3
171344883779799,7805610166,5.2698927,8.119744,1.9812572,3
171344886279799,7808110166,5.2692947,8.134998,1.9782661,3
171344888779799,7810610166,5.274678,8.145168,1.9612173,3
171344891279799,7813110166,5.2941203,8.154141,1.9728823,3
171344893779799,7815610166,5.300401,8.142178,1.9959131,3
171344896279799,7818110166,5.2947183,8.126624,1.9893329,3
171344898779799,7820610166,5.2848477,8.122437,1.9857436,3
171344901279799,7823110166,5.2815576,8.120343,1.9731814,3
171344903779799,7825610166,5.28425,8.095218,1.971985,3
171344906279799,7828110166,5.2686963,8.068598,1.966003,3
171344908779799,7830610166,5.2686963,8.045866,1.9585253,3
171344911279799,7833110166,5.272585,8.02463,1.9893329,3
171344913779799,7835610166,5.2896338,8.016853,1.9908284,3
171344916279799,7838110166,5.291129,7.9926257,1.9998015,3
171344918779799,7840610166,5.3102717,7.9803624,2.0183458,3
171344921279799,7843110166,5.332405,7.9537425,2.0491536,3
171344923779799,7845610166,5.346463,7.9295154,2.0703897,3
171344926279799,7848110166,5.3506503,7.9148593,2.070689,3
171344928779799,7850610166,5.381159,7.897511,2.1023939,3
171344931279799,7853110166,5.398507,7.8873415,2.1251256,3
171344933779799,7855610166,5.4176497,7.862516,2.1230319,3
171344936279799,7858110166,5.432904,7.84457,2.1251256,3
171344938779799,7860610166,5.451149,7.8373914,2.1415763,3
171344941279799,7863110166,5.4687963,7.8293157,2.1296122,3
171344943779799,7865610166,5.486443,7.806584,2.12363,3
171344946279799,7868110166,5.4840503,7.797013,2.1335006,3
171344948779799,7870610166,5.5076795,7.789834,2.1421745,3
171344951279799,7873110166,5.5109696,7.7793655,2.1337996,3
171344953779799,7875610166,5.509175,7.776674,2.149652,3
171344956279799,7878110166,5.517849,7.7679996,2.1631117,3
171344958779799,7880610166,5.5109696,7.7757764,2.164009,3
171344961279799,7883110166,5.535496,7.7889366,2.1822543,3
171344963779799,7885610166,5.523831,7.7847495,2.2007985,3
171344966279799,7888110166,5.521438,7.792825,2.2160528,3
171344968779799,7890610166,5.522934,7.790133,2.1837497,3
171344971279799,7893110166,5.5247283,7.786544,2.1807587,3
171344973779799,7895610166,5.5013986,7.7940216,2.1637099,3
171344976279799,7898110166,5.4957156,7.7889366,2.1460629,3
171344978779799,7900610166,5.480461,7.801499,2.1637099,3
171344981279799,7903110166,5.4637113,7.792825,2.1559331,3
171344983779799,7905610166,5.446962,7.7925262,2.1664019,3
171344986279799,7908110166,5.4182477,7.789535,2.1735802,3
171344988779799,7910610166,5.4221363,7.790133,2.1693928,3
171344991279799,7913110166,5.4200425,7.78774,2.1804597,3
171344993779799,7915610166,5.4089756,7.799106,2.19033,3
171344996279799,7918110166,5.4029937,7.7979097,2.2124636,3
171344998779799,7920610166,5.406882,7.8023963,2.2354946,3
171345001279799,7923110166,5.407181,7.8026958,2.2447667,3
171345003779799,7925610166,5.4116673,7.795517,2.2645075,3
171345006279799,7928110166,5.408377,7.794919,2.2737796,3
171345008779799,7930610166,5.424828,7.7880397,2.2824538,3
171345011279799,7933110166,5.430511,7.7880397,2.271985,3
171345013779799,7935610166,5.4520464,7.7763743,2.2905295,3
171345016279799,7938110166,5.457131,7.7736826,2.289333,3
171345018779799,7940610166,5.4589257,7.786245,2.283351,3
171345021279799,7943110166,5.462216,7.7742805,2.2971098,3
171345023779799,7945610166,5.4699926,7.780562,2.2908285,3
171345026279799,7948110166,5.487939,7.780562,2.2752752,3
171345028779799,7950610166,5.4789658,7.7847495,2.2669003,3
171345031279799,7953110166,5.4729834,7.786544,2.2555344,3
171345033779799,7955610166,5.4634123,7.7946196,2.2561326,3
171345036279799,7958110166,5.4589257,7.8032937,2.2618155,3
171345038779799,7960610166,5.4559345,7.8107715,2.274976,3
171345041279799,7963110166,5.442176,7.823035,2.2537398,3
171345043779799,7965610166,5.4463634,7.817651,2.2743778,3
171345046279799,7968110166,5.428716,7.829914,2.274677,3
171345048779799,7970610166,5.4182477,7.8335032,2.265405,3
171345051279799,7973110166,5.407181,7.833204,2.2740788,3
171345053779799,7975610166,5.4074802,7.830811,2.2752752,3
171345056279799,7978110166,5.4221363,7.819146,2.2809582,3
171345058779799,7980610166,5.4167523,7.8281193,2.283351,3
171345061279799,7983110166,5.4170513,7.82124,2.295016,3
171345063779799,7985610166,5.4239306,7.8029947,2.286043,3
171345066279799,7988110166,5.4185467,7.786245,2.277668,3
171345068779799,7990610166,5.406583,7.775178,2.271985,3
171345071279799,7993110166,5.398806,7.77787,2.2606192,3
171345073779799,7995610166,5.407779,7.763513,2.2528424,3
171345076279799,7998110166,5.400601,7.760223,2.25703,3
171345078779799,8000610166,5.393123,7.757531,2.259722,3
171345081279799,8003110166,5.3922257,7.748558,2.2806592,3
171345083779799,8005610166,5.393721,7.7494555,2.295315,3
171345086279799,8008110166,5.4020963,7.7536426,2.295315,3
171345088779799,8010610166,5.4009,7.7425756,2.3072793,3
171345091279799,8013110166,5.4020963,7.7383885,2.3192434,3
171345093779799,8015610166,5.4023952,7.7422767,2.32373,3
171345096279799,8018110166,5.42094,7.7368927,2.3315065,3
171345098779799,8020610166,5.4146585,7.7276206,2.3144577,3
171345101279799,8023110166,5.400601,7.7273216,2.297708,3
171345103779799,8025610166,5.3961143,7.7237325,2.3084757,3
171345106279799,8028110166,5.3736815,7.7090764,2.2998016,3
171345108779799,8030610166,5.3563333,7.7090764,2.2944179,3
171345111279799,8033110166,5.3416777,7.700701,2.3021946,3
171345113779799,8035610166,5.33749,7.690532,2.326721,3
171345116279799,8038110166,5.334499,7.6956167,2.3377876,3
171345118779799,8040610166,5.3018966,7.705786,2.365006,3
171345121279799,8043110166,5.300401,7.687541,2.3790638,3
171345123779799,8045610166,5.2836514,7.6812596,2.3802602,3
171345126279799,8048110166,5.263612,7.692925,2.3886352,3
171345128779799,8050610166,5.2435718,7.7096744,2.393421,3
171345131279799,8053110166,5.2429733,7.722237,2.3805594,3
171345133779799,8055610166,5.2259245,7.7297144,2.3521447,3
171345136279799,8058110166,5.2232327,7.745866,2.3479571,3
171345138779799,8060610166,5.2232327,7.7473617,2.3318057,3
171345141279799,8063110166,5.213362,7.7557364,2.3374887,3
171345143779799,8065610166,5.2049875,7.77129,2.3228326,3
171345146279799,8068110166,5.206782,7.780861,2.3012972,3
171345148779799,8070610166,5.2193446,7.7937226,2.289632,3
171345151279799,8073110166,5.212166,7.8113694,2.2639093,3
171345153779799,8075610166,5.192724,7.8403826,2.2501507,3
171345156279799,8078110166,5.191827,7.858329,2.228316,3
171345158779799,8080610166,5.1786666,7.8852477,2.2103698,3
171345161279799,8083110166,5.1457653,7.9166536,2.2010977,3
171345163779799,8085610166,5.1182475,7.9390864,2.1822543,3
171345166279799,8088110166,5.0997033,7.9555373,2.1894326,3
171345168779799,8090610166,5.081458,7.986345,2.184049,3
171345171279799,8093110166,5.0183473,8.033005,2.1619153,3
171345173779799,8095610166,5.0099726,8.05454,2.1667008,3
171345176279799,8098110166,4.9609194,8.080263,2.1705892,3
171345178779799,8100610166,4.9471607,8.095817,2.1759732,3
171345181279799,8103110166,4.9381876,8.117651,2.1864417,3
171345183779799,8105610166,4.9103713,8.135298,2.202294,3
171345186279799,8108110166,4.922335,8.163414,2.2354946,3
171345188779799,8110610166,4.8996034,8.17478,2.2142582,3
171345191279799,8113110166,4.887041,8.184351,2.2334008,3
171345193779799,8115610166,4.875376,8.185846,2.239682,3
171345196279799,8118110166,4.863113,8.1942215,2.2214367,3
171345198779799,8120610166,4.8529434,8.217252,2.1996021,3
171345201279799,8123110166,4.859524,8.249556,2.2037897,3
171345203779799,8125610166,4.874479,8.261519,2.2151556,3
171345206279799,8128110166,4.880162,8.263314,2.2342982,3
171345208779799,8130610166,4.8993044,8.268698,2.2585254,3
171345211279799,8133110166,4.9256253,8.268698,2.2606192,3
171345213779799,8135610166,4.936692,8.257332,2.2522442,3
171345216279799,8138110166,4.9486566,8.260024,2.233999,3
171345218779799,8140610166,4.979763,8.256734,2.20708,3
171345221279799,8143110166,4.995017,8.252247,2.1951156,3
171345223779799,8145610166,5.0183473,8.236395,2.1693928,3
171345226279799,8148110166,5.037789,8.220243,2.164308,3
171345228779799,8150610166,5.0629134,8.189436,2.167,3
171345231279799,8153110166,5.0748777,8.169993,2.1478574,3
171345233779799,8155610166,5.082056,8.166105,2.126621,3
171345236279799,8158110166,5.0886364,8.147561,2.1275184,3
171345238779799,8160610166,5.108078,8.126026,2.1227329,3
171345241279799,8163110166,5.1218367,8.105986,2.1218355,3
171345243779799,8165610166,5.122136,8.083852,2.1323042,3
171345246279799,8168110166,5.1176496,8.066803,2.1499512,3
171345248779799,8170610166,5.1140604,8.065009,2.1379871,3
171345251279799,8173110166,5.1209397,8.046165,2.1400807,3
171345253779799,8175610166,5.1275196,8.021041,2.1308086,3
171345256279799,8178110166,5.136792,7.9950185,2.1499512,3
171345258779799,8180610166,5.145167,7.9761753,2.1622143,3
171345261279799,8183110166,5.1613183,7.9519477,2.1744776,3
171345263779799,8185610166,5.171189,7.920841,2.193022,3
171345266279799,8188110166,5.1867423,7.8948193,2.1864417,3
171345268779799,8190610166,5.215157,7.8891363,2.181955,3
171345271279799,8193110166,5.2313085,7.865208,2.1975086,3
171345273779799,8195610166,5.246862,7.845168,2.1993032,3
171345276279799,8198110166,5.276473,7.824231,2.2007985,3
171345278779799,8200610166,5.2899327,7.8000035,2.1999013,3
171345281279799,8203110166,5.304589,7.7742805,2.2118654,3
171345283779799,8205610166,5.319544,7.763812,2.2115662,3
171345286279799,8208110166,5.3392844,7.746763,2.210669,3
171345288779799,8210610166,5.352146,7.7404823,2.2151556,3
171345291279799,8213110166,5.378766,7.733603,2.2091734,3
171345293779799,8215610166,5.3922257,7.7333035,2.2145574,3
171345296279799,8218110166,5.3979087,7.724929,2.1963122,3
171345298779799,8220610166,5.41406,7.725527,2.1768703,3
171345301279799,8223110166,5.425426,7.7273216,2.1693928,3
171345303779799,8225610166,5.432605,7.7243304,2.1478574,3
171345306279799,8228110166,5.432605,7.7350984,2.1442683,3
171345308779799,8230610166,5.428118,7.73779,2.1379871,3
171345311279799,8233110166,5.442176,7.746763,2.12363,3
171345313779799,8235610166,5.4589257,7.7476606,2.0985055,3
171345316279799,8238110166,5.467899,7.764111,2.0871396,3
171345318779799,8240610166,5.4756756,7.7796645,2.0605195,3
171345321279799,8243110166,5.4819565,7.792227,2.0527427,3
171345323779799,8245610166,5.4891353,7.813463,2.0416758,3
171345326279799,8248110166,5.4963136,7.830512,2.0338993,3
171345328779799,8250610166,5.5008,7.8463645,2.012663,3
171345331279799,8253110166,5.5190454,7.8367934,2.012663,3
171345333779799,8255610166,5.53759,7.8514495,1.9869401,3
171345336279799,8258110166,5.5486565,7.844869,1.9875383,3
171345338779799,8260610166,5.5725846,7.8550386,1.9782661,3
171345341279799,8263110166,5.584549,7.84128,1.9555343,3
171345343779799,8265610166,5.6156554,7.8373914,1.9480567,3
171345346279799,8268110166,5.6276197,7.8320074,1.9366908,3
171345348779799,8270610166,5.630611,7.82124,1.9271195,3
171345351279799,8273110166,5.669494,7.823035,1.9235303,3
171345353779799,8275610166,5.688637,7.806285,1.9091734,3
171345356279799,8278110166,5.697311,7.7979097,1.9253249,3
171345358779799,8280610166,5.716154,7.7811604,1.9133608,3
171345361279799,8283110166,5.7188463,7.7611203,1.8987048,3
171345363779799,8285610166,5.7077794,7.7590265,1.9160527,3
171345366279799,8288110166,5.711967,7.760223,1.8954146,3
171345368779799,8290610166,5.7131634,7.7703924,1.9145572,3
171345371279799,8293110166,5.710471,7.7742805,1.9172492,3
171345373779799,8295610166,5.7224355,7.7829547,1.9247267,3
171345376279799,8298110166,5.732605,7.7763743,1.9262222,3
171345378779799,8300610166,5.727221,7.771589,1.9495523,3
171345381279799,8303110166,5.7355957,7.780562,1.9438694,3
171345383779799,8305610166,5.722136,7.772785,1.9549361,3
171345386279799,8308110166,5.721538,7.7671022,1.9764715,3
171345388779799,8310610166,5.7173505,7.7682986,1.9797616,3
171345391279799,8313110166,5.7194443,7.7763743,1.9827527,3
171345393779799,8315610166,5.7260246,7.783852,1.9657038,3
171345396279799,8318110166,5.7287164,7.792227,1.998306,3
171345398779799,8320610166,5.723333,7.77129,2.0228324,3
171345401279799,8323110166,5.716154,7.7739816,2.0252252,3
171345403779799,8325610166,5.703293,7.773084,2.0288146,3
171345406279799,8328110166,5.701498,7.772486,2.0347965,3
171345408779799,8330610166,5.686244,7.769196,2.0380867,3
171345411279799,8333110166,5.6742797,7.7682986,2.02702,3
171345413779799,8335610166,5.656633,7.754241,2.0371895,3
171345416279799,8338110166,5.636892,7.7482586,2.0413768,3
171345418779799,8340610166,5.6186466,7.740183,2.0437696,3
171345421279799,8343110166,5.604589,7.730612,2.0341983,3
171345423779799,8345610166,5.5887365,7.722536,2.053939,3
171345426279799,8348110166,5.5776696,7.713264,2.0479572,3
171345428779799,8350610166,5.5666027,7.7156568,2.0398812,3
171345431279799,8353110166,5.540282,7.6974115,2.0608184,3
171345433779799,8355610166,5.541478,7.7069826,2.0590239,3
171345436279799,8358110166,5.521438,7.717152,2.0668006,3
171345438779799,8360610166,5.51426,7.7276206,2.062314,3
171345441279799,8363110166,5.4981084,7.7300134,2.0700908,3
171345443779799,8365610166,5.5019965,7.7404823,2.0572293,3
171345446279799,8368110166,5.465207,7.7593255,2.0820549,3
171345448779799,8370610166,5.434399,7.7850485,2.0557337,3
171345451279799,8373110166,5.4239306,7.7868433,2.0673988,3
171345453779799,8375610166,5.419145,7.806285,2.0659032,3
171345456279799,8378110166,5.3967123,7.832606,2.0581267,3
171345458779799,8380610166,5.36082,7.8610206,2.0787647,3
171345461279799,8383110166,5.346164,7.893623,2.1026928,3
171345463779799,8385610166,5.3033924,7.917551,2.0889342,3
171345466279799,8388110166,5.256134,7.9504523,2.0784655,3
171345468779799,8390610166,5.229514,7.969595,2.079662,3
171345471279799,8393110166,5.196912,7.987541,2.0898316,3
171345473779799,8395610166,5.163711,8.006085,2.082952,3
171345476279799,8398110166,5.1526446,8.037192,2.0862422,3
171345478779799,8400610166,5.113761,8.036893,2.0946171,3
171345481279799,8403110166,5.1125646,8.049754,2.0994027,3
171345483779799,8405610166,5.1003013,8.050054,2.117349,3
171345486279799,8408110166,5.0862436,8.059625,2.129313,3
171345488779799,8410610166,5.074579,8.040781,2.123331,3
171345491279799,8413110166,5.0626144,8.030014,2.1284158,3
171345493779799,8415610166,5.0587263,8.029415,2.1370897,3
171345496279799,8418110166,5.055137,8.009974,2.1400807,3
171345498779799,8420610166,5.044369,8.003693,2.167299,3
171345501279799,8423110166,5.0422754,7.9917283,2.1777678,3
171345503779799,8425610166,5.043472,7.9722867,2.202294,3
171345506279799,8428110166,5.048557,7.953144,2.2226331,3
171345508779799,8430610166,5.0449677,7.925328,2.248655,3
171345511279799,8433110166,5.07069,7.899904,2.271985,3
171345513779799,8435610166,5.077869,7.8783684,2.2947168,3
171345516279799,8438110166,5.0922256,7.8484583,2.3201406,3
171345518779799,8440610166,5.1071806,7.826624,2.347359,3
171345521279799,8443110166,5.117051,7.798209,2.361716,3
171345523779799,8445610166,5.1406803,7.7733836,2.3826532,3
171345526279799,8448110166,5.151747,7.7551384,2.3886352,3
171345528779799,8450610166,5.1717873,7.731509,2.3668008,3
171345531279799,8453110166,5.18076,7.711768,2.3898315,3
171345533779799,8455610166,5.189733,7.6863446,2.4011974,3
171345536279799,8458110166,5.210072,7.67109,2.4044876,3
171345538779799,8460610166,5.235795,7.6657066,2.4134607,3
171345541279799,8463110166,5.2426744,7.6576304,2.4355943,3
171345543779799,8465610166,5.266902,7.64447,2.449054,3
171345546279799,8468110166,5.2660046,7.6513495,2.475375,3
171345548779799,8470610166,5.276473,7.639385,2.4690938,3
171345551279799,8473110166,5.288138,7.6453676,2.4864419,3
171345553779799,8475610166,5.306084,7.6591263,2.487339,3
171345556279799,8478110166,5.3159547,7.659724,2.4726832,3
171345558779799,8480610166,5.3237314,7.6630144,2.4858437,3
171345561279799,8483110166,5.351847,7.6600237,2.4756742,3
171345563779799,8485610166,5.363213,7.6776705,2.4646072,3
171345566279799,8488110166,5.372784,7.697112,2.4628127,3
171345568779799,8490610166,5.38415,7.7108707,2.454737,3
171345571279799,8493110166,5.3925247,7.722835,2.4415765,3
171345573779799,8495610166,5.383552,7.735996,2.419443,3
171345576279799,8498110166,5.398507,7.7593255,2.4122643,3
171345578779799,8500610166,5.395217,7.77129,2.3889344,3
171345581279799,8503110166,5.3889356,7.800602,2.370689,3
171345583779799,8505610166,5.3772707,7.818847,2.3458636,3
171345586279799,8508110166,5.3560343,7.832307,2.3353949,3
171345588779799,8510610166,5.3386865,7.862217,2.3279173,3
171345591279799,8513110166,5.331807,7.8873415,2.3108685,3
171345593779799,8515610166,5.3096733,7.91456,2.3084757,3
171345596279799,8518110166,5.304589,7.921439,2.3168504,3
171345598779799,8520610166,5.2848477,7.9501534,2.3135605,3
171345601279799,8523110166,5.2624154,7.9570327,2.300699,3
171345603779799,8525610166,5.246862,7.9704924,2.3012972,3
171345606279799,8528110166,5.245067,7.986943,2.303391,3
171345608779799,8530610166,5.2238307,8.008478,2.2809582,3
171345611279799,8533110166,5.2286167,8.02792,2.2758734,3
171345613779799,8535610166,5.238188,8.031808,2.274677,3
171345616279799,8538110166,5.229813,8.034201,2.2761726,3
171345618779799,8540610166,5.2292147,8.042875,2.2779672,3
171345621279799,8543110166,5.2253265,8.036893,2.269293,3
171345623779799,8545610166,5.221438,8.0455675,2.2555344,3
171345626279799,8548110166,5.2348976,8.050951,2.2621148,3
171345628779799,8550610166,5.2495537,8.050353,2.2606192,3
171345631279799,8553110166,5.258826,8.043773,2.254039,3
171345633779799,8555610166,5.2603216,8.035398,2.2582264,3
171345636279799,8558110166,5.2624154,8.04108,2.2606192,3
171345638779799,8560610166,5.2686963,8.041678,2.2390838,3
171345641279799,8563110166,5.250152,8.033902,2.245066,3
171345643779799,8565610166,5.250152,8.019246,2.2375882,3
171345646279799,8568110166,5.226822,8.019246,2.2124636,3
171345648779799,8570610166,5.2238307,7.9974113,2.2046869,3
171345651279799,8573110166,5.219045,7.9836526,2.2196422,3
171345653779799,8575610166,5.2013984,7.973483,2.2289143,3
171345656279799,8578110166,5.193023,7.9561353,2.2262223,3
171345658779799,8580610166,5.185546,7.9561353,2.2408783,3
171345661279799,8583110166,5.165805,7.938488,2.2444677,3
171345663779799,8585610166,5.1532426,7.92114,2.2438695,3
171345666279799,8588110166,5.1296134,7.9076805,2.2492533,3
171345668779799,8590610166,5.1233325,7.8900337,2.2558336,3
171345671279799,8593110166,5.1212387,7.8774714,2.25703,3
171345673779799,8595610166,5.127819,7.87119,2.2734807,3
171345676279799,8598110166,5.1149573,7.85115,2.2579272,3
171345678779799,8600610166,5.1003013,7.845168,2.2636101,3
171345681279799,8603110166,5.101797,7.8370924,2.2633111,3
171345683779799,8605610166,5.1062837,7.836195,2.2534406,3
171345686279799,8608110166,5.11077,7.830811,2.2615166,3
171345688779799,8610610166,5.111368,7.8263245,2.271088,3
171345691279799,8613110166,5.1122656,7.829914,2.2827528,3
171345693779799,8615610166,5.1215377,7.8433733,2.2561326,3
171345696279799,8618110166,5.1203413,7.8481593,2.2537398,3
171345698779799,8620610166,5.12423,7.846963,2.2492533,3
171345701279799,8623110166,5.1269217,7.8550386,2.2384856,3
171345703779799,8625610166,5.129913,7.8679,2.2184458,3
171345706279799,8628110166,5.135596,7.878668,2.1921246,3
171345708779799,8630610166,5.1469617,7.8831544,2.178665,3
171345711279799,8633110166,5.1352963,7.904989,2.1780667,3
171345713779799,8635610166,5.1421757,7.91456,2.1652055,3
171345716279799,8638110166,5.1526446,7.9241314,2.1257238,3
171345718779799,8640610166,5.160122,7.928618,2.1299112,3
171345721279799,8643110166,5.163711,7.9357963,2.1329024,3
171345723779799,8645610166,5.169095,7.9564342,2.137688,3
171345726279799,8648110166,5.1717873,7.967501,2.1203399,3
171345728779799,8650610166,5.1735816,7.9854474,2.1215365,3
171345731279799,8653110166,5.17089,7.9911304,2.1077776,3
171345733779799,8655610166,5.165207,8.013563,2.1068804,3
171345736279799,8658110166,5.1702914,8.018349,2.115255,3
171345738779799,8660610166,5.1664033,8.010871,2.1065812,3
171345741279799,8663110166,5.1681976,8.026724,2.105983,3
171345743779799,8665610166,5.165506,8.03809,2.1014965,3
171345746279799,8668110166,5.165207,8.028219,2.1014965,3
171345748779799,8670610166,5.1786666,8.048259,2.1125634,3
171345751279799,8673110166,5.1873403,8.042277,2.091028,3
171345753779799,8675610166,5.2199426,8.048259,2.1053848,3
171345756279799,8678110166,5.2435718,8.042875,2.0850458,3
171345758779799,8680610166,5.250152,8.03121,2.0841484,3
171345761279799,8683110166,5.2663035,8.029415,2.0662024,3
171345763779799,8685610166,5.2896338,8.025527,2.0662024,3
171345766279799,8688110166,5.3204412,8.013264,2.0632114,3
171345768779799,8690610166,5.3479586,8.002197,2.0500507,3
171345771279799,8693110166,5.365606,7.969595,2.0258234,3
171345773779799,8695610166,5.387141,7.970193,2.0443678,3
171345776279799,8698110166,5.4023952,7.9648094,2.0350957,3
171345778779799,8700610166,5.408078,7.9564342,2.0072792,3
171345781279799,8703110166,5.407181,7.9594254,1.9932213,3
171345783779799,8705610166,5.4095736,7.940283,2.0087745,3
171345786279799,8708110166,5.4173503,7.945368,1.9878374,3
171345788779799,8710610166,5.4095736,7.9366937,1.9971097,3
171345791279799,8713110166,5.4224353,7.932207,2.0078773,3
171345793779799,8715610166,5.425426,7.9055867,2.0204396,3
171345796279799,8718110166,5.439185,7.906783,2.024328,3
171345798779799,8720610166,5.4445686,7.8924265,2.0240288,3
171345801279799,8723110166,5.4523454,7.8774714,2.0249262,3
171345803779799,8725610166,5.4729834,7.85444,2.0443678,3
171345806279799,8728110166,5.4849477,7.841579,2.0461624,3
171345808779799,8730610166,5.5022955,7.8284183,2.0315065,3
171345811279799,8733110166,5.5109696,7.806883,2.021636,3
171345813779799,8735610166,5.5163536,7.7904325,2.0195422,3
171345816279799,8738110166,5.5223355,7.766205,2.0240288,3
171345818779799,8740610166,5.5343,7.7569327,2.0090737,3
171345821279799,8743110166,5.532804,7.747062,2.027319,3
171345823779799,8745610166,5.5558352,7.745268,2.0461624,3
171345826279799,8748110166,5.554938,7.7380896,2.0515463,3
171345828779799,8750610166,5.556433,7.728219,2.0500507,3
171345831279799,8753110166,5.5669017,7.726723,2.0823538,3
171345833779799,8755610166,5.5663037,7.7258263,2.0542383,3
171345836279799,8758110166,5.5947185,7.718947,2.0778673,3
171345838779799,8760610166,5.593821,7.7270226,2.0808585,3
171345841279799,8763110166,5.5773706,7.724929,2.0659032,3
171345843779799,8765610166,5.5923257,7.731509,2.0647068,3
171345846279799,8768110166,5.588437,7.7413793,2.047658,3
171345848779799,8770610166,5.5965133,7.7350984,2.0494525,3
171345851279799,8773110166,5.599504,7.746763,2.0629122,3
171345853779799,8775610166,5.6001024,7.75783,2.0497518,3
171345856279799,8778110166,5.5920267,7.7479596,2.0338993,3
171345858779799,8780610166,5.602196,7.7566338,2.0291135,3
171345861279799,8783110166,5.602196,7.7608213,2.0249262,3
171345863779799,8785610166,5.6042895,7.754839,2.0267208,3
171345866279799,8788110166,5.5872407,7.7608213,2.0001006,3
171345868779799,8790610166,5.5869417,7.7853475,2.0084755,3
171345871279799,8793110166,5.5722857,7.785647,2.0117657,3
171345873779799,8795610166,5.5633125,7.80449,2.0135603,3
171345876279799,8798110166,5.541777,7.8080792,2.021337,3
171345878779799,8800610166,5.54417,7.8164544,2.0264218,3
171345881279799,8803110166,5.539983,7.8146596,2.0324037,3
171345883779799,8805610166,5.5372906,7.8164544,2.0647068,3
171345886279799,8808110166,5.54746,7.8254275,2.079662,3
171345888779799,8810610166,5.532804,7.825128,2.0784655,3
171345891279799,8813110166,5.526523,7.8367934,2.0874386,3
171345893779799,8815610166,5.508577,7.8284183,2.0859432,3
171345896279799,8818110166,5.4930234,7.8335032,2.0865414,3
171345898779799,8820610166,5.4873405,7.8400836,2.0958135,3
171345901279799,8823110166,5.4720864,7.8406816,2.0922244,3
171345903779799,8825610166,5.4643097,7.847561,2.096711,3
171345906279799,8828110166,5.4676,7.858927,2.1101704,3
171345908779799,8830610166,5.4496536,7.8643107,2.0994027,3
171345911279799,8833110166,5.4430733,7.8777704,2.1134605,3
171345913779799,8835610166,5.432605,7.8873415,2.120938,3
171345916279799,8838110166,5.4341,7.897511,2.111666,3
171345918779799,8840610166,5.424828,7.8966136,2.1269202,3
171345921279799,8843110166,5.427221,7.8909307,2.1185453,3
171345923779799,8845610166,5.4239306,7.899904,2.117349,3
171345926279799,8848110166,5.4032927,7.9040914,2.1161525,3
171345928779799,8850610166,5.4035916,7.9016986,2.126621,3
171345931279799,8853110166,5.394918,7.90469,2.1176481,3
171345933779799,8855610166,5.3706903,7.8810606,2.1068804,3
171345936279799,8858110166,5.3362937,7.8759756,2.1155543,3
171345938779799,8860610166,5.312066,7.8679,2.1098714,3
171345941279799,8863110166,5.2929235,7.8607216,2.1364915,3
171345943779799,8865610166,5.27079,7.8349986,2.143969,3
171345946279799,8868110166,5.2331033,7.818847,2.149652,3
171345948779799,8870610166,5.2076793,7.82124,2.1634107,3
171345951279799,8873110166,5.1960144,7.795218,2.1954148,3
171345953779799,8875610166,5.1828537,7.7907314,2.2055843,3
171345956279799,8878110166,5.168796,7.767401,2.2232313,3
171345958779799,8880610166,5.1619167,7.7536426,2.254039,3
171345961279799,8883110166,5.1675997,7.7461653,2.2686949,3
171345963779799,8885610166,5.1646085,7.734201,2.2752752,3
171345966279799,8888110166,5.1879387,7.7345,2.2800608,3
171345968779799,8890610166,5.185845,7.719844,2.3084757,3
171345971279799,8893110166,5.185845,7.7204423,2.3001008,3
171345973779799,8895610166,5.195117,7.725527,2.2992034,3
171345976279799,8898110166,5.191827,7.726424,2.300998,3
171345978779799,8900610166,5.2103715,7.739884,2.3060827,3
171345981279799,8903110166,5.218746,7.7587276,2.2866411,3
171345983779799,8905610166,5.2079782,7.758428,2.2884357,3
171345986279799,8908110166,5.2142596,7.7623167,2.274677,3
171345988779799,8910610166,5.2088757,7.7871423,2.2731814,3
171345991279799,8913110166,5.2008,7.806584,2.2704897,3
171345993779799,8915610166,5.185546,7.8344007,2.262713,3
171345996279799,8918110166,5.17418,7.864012,2.2510478,3
171345998779799,8920610166,5.174778,7.8960156,2.2546372,3
171346001279799,8923110166,5.152046,7.9148593,2.2549362,3
171346003779799,8925610166,5.139783,7.955238,2.262713,3
171346006279799,8928110166,5.123033,7.990233,2.2546372,3
171346008779799,8930610166,5.109574,8.025527,2.2420747,3
171346011279799,8933110166,5.1029935,8.052446,2.2477577,3
171346013779799,8935610166,5.092525,8.081459,2.2639093,3
171346016279799,8938110166,5.0802617,8.113763,2.259722,3
171346018779799,8940610166,5.06082,8.140083,2.2477577,3
171346021279799,8943110166,5.056034,8.159226,2.2528424,3
171346023779799,8945610166,5.050351,8.172985,2.2528424,3
171346026279799,8948110166,5.04078,8.184949,2.2636101,3
171346028779799,8950610166,5.0416775,8.193922,2.2666013,3
171346031279799,8953110166,5.035097,8.202297,2.2666013,3
171346033779799,8955610166,5.038088,8.213364,2.2615166,3
171346036279799,8958110166,5.0255256,8.2094755,2.2447667,3
171346038779799,8960610166,5.0120664,8.208878,2.245365,3
171346041279799,8963110166,5.002794,8.201698,2.2468605,3
171346043779799,8965610166,5.002794,8.199007,2.2232313,3
171346046279799,8968110166,4.987241,8.187641,2.2235305,3
171346048779799,8970610166,4.9899325,8.1687975,2.2226331,3
171346051279799,8973110166,4.9953165,8.152347,2.216651,3
171346053779799,8975610166,4.9935217,8.135597,2.2268205,3
171346056279799,8978110166,4.97408,8.119146,2.2447667,3
171346058779799,8980610166,4.9725847,8.100602,2.2334008,3
171346061279799,8983110166,4.955536,8.083553,2.2178476,3
171346063779799,8985610166,4.9728837,8.072187,2.2420747,3
171346066279799,8988110166,4.9803615,8.059326,2.231307,3
171346068779799,8990610166,4.9935217,8.028817,2.2522442,3
171346071279799,8993110166,4.9953165,8.005188,2.2728825,3
171346073779799,8995610166,4.99412,7.981559,2.274677,3
171346076279799,8998110166,5.0138607,7.952845,2.2797618,3
171346078779799,9000610166,5.032106,7.931908,2.2881367,3
171346081279799,9003110166,5.041079,7.9226356,2.2929223,3
171346083779799,9005610166,5.0569315,7.908279,2.2911277,3
171346086279799,9008110166,5.0769715,7.8957167,2.3027928,3
171346088779799,9010610166,5.089235,7.8759756,2.3057837,3
171346091279799,9013110166,5.1065826,7.8499537,2.2824538,3
171346093779799,9015610166,5.13081,7.8430743,2.2872393,3
171346096279799,9018110166,5.15085,7.821539,2.286043,3
171346098779799,9020610166,5.1753764,7.8236327,2.2827528,3
171346101279799,9023110166,5.186443,7.817651,2.2713869,3
171346103779799,9025610166,5.203791,7.80449,2.2609184,3
171346106279799,9028110166,5.215755,7.7940216,2.2435703,3
171346108779799,9030610166,5.238188,7.798209,2.2259233,3
171346111279799,9033110166,5.238188,7.7904325,2.2495525,3
171346113779799,9035610166,5.238786,7.806285,2.2351954,3
171346116279799,9038110166,5.241478,7.7889366,2.2381866,3
171346118779799,9040610166,5.238188,7.7964144,2.2510478,3
171346121279799,9043110166,5.1640105,7.792227,2.2465613,3
171346123779799,9045610166,5.122734,7.799106,2.2375882,3
171346126279799,9048110166,5.2402816,7.815258,2.2271197,3
171346128779799,9050610166,5.319544,7.8003025,2.242673,3
171346131279799,9053110166,5.321039,7.806883,2.1993032,3
171346133779799,9055610166,5.3336015,7.815856,2.2148564,3
171346136279799,9058110166,5.352146,7.835896,2.2800608,3
171346138779799,9060610166,5.354539,7.8550386,2.309074,3
171346141279799,9063110166,5.3590255,7.873882,2.2875385,3
171346143779799,9065610166,5.3883376,7.885846,2.269293,3
171346146279799,9068110166,5.4000025,7.8744802,2.2235305,3
171346148779799,9070610166,5.4095736,7.8670025,2.1993032,3
171346151279799,9073110166,5.408078,7.8670025,2.175375,3
171346153779799,9075610166,5.4107704,7.8439717,2.1556342,3
171346156279799,9078110166,5.421837,7.839784,2.129014,3
171346158779799,9080610166,5.4116673,7.846963,2.105983,3
171346161279799,9083110166,5.4182477,7.8385878,2.0808585,3
171346163779799,9085610166,5.428417,7.841579,2.0931215,3
171346166279799,9088110166,5.4317074,7.8346996,2.094318,3
171346168779799,9090610166,5.4502516,7.8463645,2.1020947,3
171346171279799,9093110166,5.45085,7.8556366,2.1023939,3
171346173779799,9095610166,5.4723854,7.8774714,2.091028,3
171346176279799,9098110166,5.4891353,7.876574,2.0898316,3
171346178779799,9100610166,5.4834523,7.888239,2.1095722,3
171346181279799,9103110166,5.4628143,7.9055867,2.1000009,3
171346183779799,9105610166,5.495416,7.905886,2.0835502,3
171346186279799,9108110166,5.5501523,7.8906317,2.0668006,3
171346188779799,9110610166,5.5851474,7.8840513,2.0524435,3
171346191279799,9113110166,5.605187,7.8726854,2.0249262,3
171346193779799,9115610166,5.6093745,7.861918,2.03031,3
171346196279799,9118110166,5.6153564,7.861619,2.0359929,3
171346198779799,9120610166,5.61745,7.8517485,2.0261226,3
171346201279799,9123110166,5.6075797,7.8406816,1.9854445,3
171346203779799,9125610166,5.613861,7.836494,1.9564316,3
171346206279799,9128110166,5.606683,7.8254275,1.9558334,3
171346208779799,9130610166,5.597111,7.8284183,1.9510478,3
171346211279799,9133110166,5.604888,7.8056865,1.9594226,3
171346213779799,9135610166,5.5968122,7.7961154,1.9519451,3
171346216279799,9138110166,5.610272,7.791629,1.96032,3
171346218779799,9140610166,5.6180487,7.7814593,1.971985,3
171346221279799,9143110166,5.623432,7.763214,1.986342,3
171346223779799,9145610166,5.6279187,7.765607,2.0024934,3
171346226279799,9148110166,5.639883,7.7497544,2.001297,3
171346228779799,9150610166,5.6333027,7.7533436,1.9998015,3
171346231279799,9153110166,5.628517,7.7476606,1.9974087,3
171346233779799,9155610166,5.6240306,7.735996,2.0078773,3
171346236279799,9158110166,5.619544,7.719844,1.989632,3
171346238779799,9160610166,5.6150575,7.7219377,1.9884356,3
171346241279799,9163110166,5.6114683,7.7090764,1.9725832,3
171346243779799,9165610166,5.595915,7.7108707,1.9785652,3
171346246279799,9168110166,5.586344,7.710273,1.9689939,3
171346248779799,9170610166,5.5779686,7.716853,1.9722841,3
171346251279799,9173110166,5.576473,7.7165537,1.989632,3
171346253779799,9175610166,5.56092,7.7300134,1.9842482,3
171346256279799,9178110166,5.549853,7.763513,1.9842482,3
171346258779799,9180610166,5.5453663,7.7850485,1.986342,3
171346261279799,9183110166,5.527121,7.816155,2.0150557,3
171346263779799,9185610166,5.5244293,7.8290167,2.0114665,3
171346266279799,9188110166,5.510072,7.839485,2.0108683,3
171346268779799,9190610166,5.485845,7.858329,2.0180469,3
171346271279799,9193110166,5.479863,7.8909307,2.0141585,3
171346273779799,9195610166,5.465506,7.8906317,2.0153549,3
171346276279799,9198110166,5.4484572,7.900203,2.0168505,3
171346278779799,9200610166,5.4406805,7.899605,2.0171494,3
171346281279799,9203110166,5.424828,7.8924265,1.9965113,3
171346283779799,9205610166,5.4050875,7.893324,1.995315,3
171346286279799,9208110166,5.390132,7.9052877,1.98365,3
171346288779799,9210610166,5.3736815,7.903194,1.9642082,3
171346291279799,9213110166,5.3407803,7.8909307,1.9707886,3
171346293779799,9215610166,5.328816,7.894221,1.9570298,3
171346296279799,9218110166,5.2929235,7.894221,1.9914266,3
171346298779799,9220610166,5.2675,7.899605,1.9989042,3
171346301279799,9223110166,5.2498527,7.904989,1.9938195,3
171346303779799,9225610166,5.2513485,7.920841,2.0057836,3
171346306279799,9228110166,5.250152,7.9241314,2.0177476,3
171346308779799,9230610166,5.2480583,7.920243,2.0374885,3
171346311279799,9233110166,5.2492547,7.938488,2.0443678,3
171346313779799,9235610166,5.2498527,7.9462647,2.062613,3
171346316279799,9238110166,5.252545,7.952546,2.0718853,3
171346318779799,9240610166,5.254339,7.9486575,2.085644,3
171346321279799,9243110166,5.2570314,7.95464,2.1005993,3
171346323779799,9245610166,5.244768,7.9657063,2.1005993,3
171346326279799,9248110166,5.233701,7.9776707,2.0844476,3
171346328779799,9250610166,5.2235317,7.984251,2.085345,3
171346331279799,9253110166,5.210072,7.989635,2.0847468,3
171346333779799,9255610166,5.1873403,8.010572,2.0850458,3
171346336279799,9258110166,5.1625147,8.009076,2.1074786,3
171346338779799,9260610166,5.1568317,8.017451,2.1158533,3
171346341279799,9263110166,5.1403813,8.021041,2.1197417,3
171346343779799,9265610166,5.118547,8.030014,2.1343977,3
171346346279799,9268110166,5.0970116,8.039884,2.1451654,3
171346348779799,9270610166,5.083851,8.048259,2.1487548,3
171346351279799,9273110166,5.0736814,8.047361,2.1562324,3
171346353779799,9275610166,5.066503,8.050652,2.1741784,3
171346356279799,9278110166,5.058128,8.039286,2.1750758,3
171346358779799,9280610166,5.0515475,8.041678,2.1963122,3
171346361279799,9283110166,5.0569315,8.035098,2.1897318,3
171346363779799,9285610166,5.0682974,8.026424,2.193022,3
171346366279799,9288110166,5.078766,8.017451,2.1948166,3
171346368779799,9290610166,5.0805607,8.007581,2.1945174,3
171346371279799,9293110166,5.0922256,8.00788,2.2211375,3
171346373779799,9295610166,5.1006007,7.978269,2.2097716,3
171346376279799,9298110166,5.0946183,7.973483,2.20708,3
171346378779799,9300610166,5.1011987,7.975876,2.224727,3
171346381279799,9303110166,5.1146584,7.970193,2.2363918,3
171346383779799,9305610166,5.103891,7.9654074,2.2519453,3
171346386279799,9308110166,5.117051,7.9648094,2.274677,3
171346388779799,9310610166,5.125127,7.945966,2.2944179,3
171346391279799,9313110166,5.122734,7.9483585,2.318346,3
171346393779799,9315610166,5.135895,7.938189,2.3285155,3
171346396279799,9318110166,5.136792,7.9363947,2.3225334,3
171346398779799,9320610166,5.143372,7.9450684,2.3479571,3
171346401279799,9323110166,5.1469617,7.93789,2.3371894,3
171346403779799,9325610166,5.144868,7.926524,2.3431716,3
171346406279799,9328110166,5.156533,7.921439,2.3395824,3
171346408779799,9330610166,5.165207,7.914261,2.3300111,3
171346411279799,9333110166,5.157729,7.9070826,2.3365912,3
171346413779799,9335610166,5.1592245,7.92114,2.3494527,3
171346416279799,9338110166,5.168497,7.9100733,2.3264217,3
171346418779799,9340610166,5.188836,7.9073815,2.3347967,3
171346421279799,9343110166,5.185546,7.918149,2.3246272,3
171346423779799,9345610166,5.1870413,7.906484,2.3276181,3
171346426279799,9348110166,5.194519,7.912167,2.3201406,3
171346428779799,9350610166,5.1936216,7.902895,2.33031,3
171346431279799,9353110166,5.1903315,7.9100733,2.318047,3
171346433779799,9355610166,5.1924253,7.9019976,2.3243282,3
171346436279799,9358110166,5.178367,7.904989,2.3171496,3
171346438779799,9360610166,5.1942196,7.9103727,2.3327029,3
171346441279799,9363110166,5.191827,7.897212,2.3039892,3
171346443779799,9365610166,5.2028937,7.8840513,2.312065,3
171346446279799,9368110166,5.211867,7.870592,2.3135605,3
171346448779799,9370610166,5.234,7.870592,2.32373,3
171346451279799,9373110166,5.256134,7.873882,2.3288147,3
171346453779799,9375610166,5.280361,7.8487573,2.3243282,3
171346456279799,9378110166,5.304888,7.859824,2.3255246,3
171346458779799,9380610166,5.3213387,7.8430743,2.3207388,3
171346461279799,9383110166,5.326722,7.82453,2.3192434,3
171346463779799,9385610166,5.325825,7.813164,2.3060827,3
171346466279799,9388110166,5.334499,7.819445,2.2677977,3
171346468779799,9390610166,5.345865,7.8116684,2.2546372,3
171346471279799,9393110166,5.366503,7.810173,2.245066,3
171346473779799,9395610166,5.3647084,7.8149586,2.2307088,3
171346476279799,9398110166,5.375177,7.8164544,2.2307088,3
171346478779799,9400610166,5.393422,7.8164544,2.2265215,3
171346481279799,9403110166,5.402694,7.8257265,2.2199411,3
171346483779799,9405610166,5.423033,7.8284183,2.225624,3
171346486279799,9408110166,5.406882,7.856534,2.225026,3
171346488779799,9410610166,5.398806,7.85115,2.2304099,3
171346491279799,9413110166,5.4107704,7.8556366,2.1984057,3
171346493779799,9415610166,5.4035916,7.862516,2.1972094,3
171346496279799,9418110166,5.391927,7.8699937,2.1882362,3
171346498779799,9420610166,5.389235,7.865507,2.1894326,3
171346501279799,9423110166,5.3769717,7.8834534,2.1637099,3
171346503779799,9425610166,5.363512,7.867601,2.1619153,3
171346506279799,9428110166,5.343472,7.8634133,2.1577277,3
171346508779799,9430610166,5.3333025,7.875078,2.1502502,3
171346511279799,9433110166,5.3294144,7.877172,2.1478574,3
171346513779799,9435610166,5.3189454,7.876275,2.1535404,3
171346516279799,9438110166,5.3147583,7.8741813,2.1789641,3
171346518779799,9440610166,5.293223,7.879266,2.1768703,3
171346521279799,9443110166,5.29083,7.880163,2.1598215,3
171346523779799,9445610166,5.285446,7.871489,2.152344,3
171346526279799,9448110166,5.2869415,7.8741813,2.14696,3
171346528779799,9450610166,5.28425,7.8643107,2.1364915,3
171346531279799,9453110166,5.2815576,7.862217,2.14696,3
171346533779799,9455610166,5.2573304,7.847561,2.1397817,3
171346536279799,9458110166,5.2779684,7.8517485,2.1284158,3
171346538779799,9460610166,5.2740803,7.8460655,2.1281166,3
171346541279799,9463110166,5.272884,7.847262,2.1131616,3
171346543779799,9465610166,5.259723,7.8523464,2.1164517,3
171346546279799,9468110166,5.25075,7.8487573,2.1050856,3
171346548779799,9470610166,5.243273,7.8520474,2.1035903,3
171346551279799,9473110166,5.254339,7.870891,2.1062822,3
171346553779799,9475610166,5.2459645,7.8667035,2.0988045,3
171346556279799,9478110166,5.235197,7.873882,2.0835502,3
171346558779799,9480610166,5.2316074,7.884351,2.0901306,3
171346561279799,9483110166,5.2193446,7.8831544,2.0946171,3
171346563779799,9485610166,5.2226343,7.899306,2.108675,3
171346566279799,9488110166,5.219045,7.9100733,2.1158533,3
171346568779799,9490610166,5.2130632,7.9205422,2.099702,3
171346571279799,9493110166,5.20409,7.939984,2.1083758,3
171346573779799,9495610166,5.195117,7.9423766,2.1014965,3
171346576279799,9498110166,5.1882377,7.952845,2.1050856,3
171346578779799,9500610166,5.1705904,7.982456,2.1020947,3
171346581279799,9503110166,5.1619167,7.986644,2.0994027,3
171346583779799,9505610166,5.1613183,8.009376,2.0781665,3
171346586279799,9508110166,5.156234,8.026424,2.0808585,3
171346588779799,9510610166,5.1499524,8.032705,2.0781665,3
171346591279799,9513110166,5.145167,8.039585,2.079961,3
171346593779799,9515610166,5.139185,8.047361,2.0811574,3
171346596279799,9518110166,5.133801,8.060822,2.0805593,3
171346598779799,9520610166,5.135596,8.082058,2.0802603,3
171346601279799,9523110166,5.152046,8.079066,2.0988045,3
171346603779799,9525610166,5.1415777,8.095817,2.0937197,3
171346606279799,9528110166,5.142475,8.091629,2.0964117,3
171346608779799,9530610166,5.135596,8.098508,2.0958135,3
171346611279799,9533110166,5.1385865,8.102995,2.097309,3
171346613779799,9535610166,5.135596,8.105986,2.0925233,3
171346616279799,9538110166,5.1293144,8.085049,2.0907288,3
171346618779799,9540610166,5.1400824,8.092825,2.0748763,3
171346621279799,9543110166,5.133801,8.0868435,2.0703897,3
171346623779799,9545610166,5.1379886,8.067402,2.07368,3
171346626279799,9548110166,5.148457,8.05454,2.0688944,3
171346628779799,9550610166,5.152046,8.042875,2.0805593,3
171346631279799,9553110166,5.1759744,8.050652,2.079961,3
171346633779799,9555610166,5.172385,8.018648,2.0647068,3
171346636279799,9558110166,5.172385,8.003393,2.0524435,3
171346638779799,9560610166,5.185546,7.97139,2.0395823,3
171346641279799,9563110166,5.206483,7.947162,2.0515463,3
171346643779799,9565610166,5.230112,7.9109707,2.0811574,3
171346646279799,9568110166,5.2489557,7.8667035,2.062613,3
171346648779799,9570610166,5.2773705,7.845467,2.0787647,3
171346651279799,9573110166,5.287839,7.8143606,2.0931215,3
171346653779799,9575610166,5.3007,7.780562,2.0964117,3
171346656279799,9578110166,5.3255258,7.7590265,2.0850458,3
171346658779799,9580610166,5.342874,7.730313,2.0814567,3
171346661279799,9583110166,5.360222,7.7004023,2.0739791,3
171346663779799,9585610166,5.374878,7.6773715,2.0470598,3
171346666279799,9588110166,5.40419,7.6543407,2.0715861,3
171346668779799,9590610166,5.4200425,7.635796,2.088336,3
171346671279799,9593110166,5.4346986,7.61785,2.0760727,3
171346673779799,9595610166,5.45414,7.611868,2.079662,3
171346676279799,9598110166,5.4616175,7.606484,2.0733807,3
171346678779799,9600610166,5.47418,7.6103725,2.0685952,3
171346681279799,9603110166,5.4759746,7.6217384,2.0572293,3
171346683779799,9605610166,5.485845,7.64118,2.0461624,3
171346686279799,9608110166,5.488238,7.669595,2.0416758,3
171346688779799,9610610166,5.49751,7.6944203,2.032703,3
171346691279799,9613110166,5.502595,7.7261252,2.0114665,3
171346693779799,9615610166,5.499305,7.75783,2.001297,3
171346696279799,9618110166,5.482256,7.793124,1.9890338,3
171346698779799,9620610166,5.480461,7.8206415,1.9815563,3
171346701279799,9623110166,5.4837513,7.862516,1.9710877,3
171346703779799,9625610166,5.4729834,7.899605,1.9579271,3
171346706279799,9628110166,5.4676,7.919944,1.9582262,3
171346708779799,9630610166,5.4646087,7.9483585,1.9462621,3
171346711279799,9633110166,5.4586267,7.982456,1.9483558,3
171346713779799,9635610166,5.4687963,8.009675,1.9390837,3
171346716279799,9638110166,5.457131,8.006085,1.9354944,3
171346718779799,9640610166,5.45085,8.030612,1.9223338,3
171346721279799,9643110166,5.444868,8.050652,1.9253249,3
171346723779799,9645610166,5.4424753,8.053643,1.9067806,3
171346726279799,9648110166,5.426623,8.062017,1.910968,3
171346728779799,9650610166,5.4149575,8.063513,1.9408783,3
171346731279799,9653110166,5.4086766,8.082058,1.9166509,3
171346733779799,9655610166,5.4023952,8.080562,1.9277177,3
171346736279799,9658110166,5.407779,8.082058,1.9295124,3
171346738779799,9660610166,5.402694,8.082356,1.9307088,3
171346741279799,9663110166,5.3946185,8.073982,1.9378872,3
171346743779799,9665610166,5.3982077,8.076973,1.9366908,3
171346746279799,9668110166,5.386842,8.058429,1.9456639,3
171346748779799,9670610166,5.385945,8.044969,1.9390837,3
171346751279799,9673110166,5.3715878,8.050353,1.9336998,3
171346753779799,9675610166,5.3718867,8.029117,1.9286151,3
171346756279799,9678110166,5.378168,8.016853,1.9426728,3
171346758779799,9680610166,5.383851,8.004291,1.9426728,3
171346761279799,9683110166,5.386543,7.9890366,1.9746768,3
171346763779799,9685610166,5.393123,7.9920278,1.9689939,3
171346766279799,9688110166,5.3760743,7.980961,1.9740787,3
171346768779799,9690610166,5.3766723,7.975577,1.9713868,3
171346771279799,9693110166,5.381159,7.9630146,1.9746768,3
171346773779799,9695610166,5.375476,7.949555,2.0018952,3
171346776279799,9698110166,5.381159,7.9346,2.0105693,3
171346778779799,9700610166,5.401199,7.9513497,2.0386848,3
171346781279799,9703110166,5.4000025,7.927122,2.0347965,3
171346783779799,9705610166,5.38415,7.900203,2.0497518,3
171346786279799,9708110166,5.3826547,7.899007,2.062314,3
171346788779799,9710610166,5.3593245,7.8927255,2.0548365,3
171346791279799,9713110166,5.338088,7.882257,2.0659032,3
171346793779799,9715610166,5.340481,7.8664045,2.0802603,3
171346796279799,9718110166,5.3129635,7.8499537,2.076671,3
171346798779799,9720610166,5.3051867,7.845168,2.059323,3
171346801279799,9723110166,5.300401,7.8227353,2.0608184,3
171346803779799,9725610166,5.3015976,7.8077803,2.0673988,3
171346806279799,9728110166,5.3069816,7.795517,2.085345,3
171346808779799,9730610166,5.312066,7.7697945,2.0964117,3
171346811279799,9733110166,5.319245,7.759625,2.1020947,3
171346813779799,9735610166,5.331807,7.739286,2.1269202,3
171346816279799,9738110166,5.3201423,7.731509,2.138286,3
171346818779799,9740610166,5.338088,7.7234335,2.146661,3
171346821279799,9743110166,5.351847,7.700701,2.1568305,3
171346823779799,9745610166,5.3763733,7.6797643,2.1655045,3
171346826279799,9748110166,5.3679986,7.6917286,2.161018,3
171346828779799,9750610166,5.395516,7.673483,2.1364915,3
171346831279799,9753110166,5.4032927,7.6713896,2.1272194,3
171346833779799,9755610166,5.404489,7.672885,2.155036,3
171346836279799,9758110166,5.4149575,7.6809607,2.1556342,3
171346838779799,9760610166,5.402694,7.689635,2.1529422,3
171346841279799,9763110166,5.391628,7.73779,2.161018,3
171346843779799,9765610166,5.374579,7.7566338,2.179263,3
171346846279799,9768110166,5.3718867,7.7832537,2.184049,3
171346848779799,9770610166,5.358128,7.8224363,2.1744776,3
171346851279799,9773110166,5.3440704,7.858628,2.1759732,3
171346853779799,9775610166,5.3342,7.882257,2.1828525,3
171346856279799,9778110166,5.3273206,7.917551,2.1981068,3
171346858779799,9780610166,5.302495,7.941778,2.2157538,3
171346861279799,9783110166,5.299205,7.967501,2.193022,3
171346863779799,9785610166,5.3033924,7.984849,2.195714,3
171346866279799,9788110166,5.2944193,7.993523,2.2067807,3
171346868779799,9790610166,5.2929235,7.998907,2.2103698,3
171346871279799,9793110166,5.293522,8.005188,2.2088745,3
171346873779799,9795610166,5.2953167,8.00788,2.2139592,3
171346876279799,9798110166,5.308477,8.000402,2.2031915,3
171346878779799,9800610166,5.3213387,7.998907,2.2334008,3
171346881279799,9803110166,5.3297133,8.002795,2.2354946,3
171346883779799,9805610166,5.3312087,7.98784,2.2474587,3
171346886279799,9808110166,5.343173,7.9710903,2.2704897,3
171346888779799,9810610166,5.345865,7.9633136,2.2761726,3
171346891279799,9813110166,5.345865,7.9501534,2.2794626,3
171346893779799,9815610166,5.349454,7.9363947,2.2995026,3
171346896279799,9818110166,5.325825,7.9226356,2.300998,3
171346898779799,9820610166,5.311169,7.91456,2.3027928,3
171346901279799,9823110166,5.28754,7.9022965,2.2743778,3
171346903779799,9825610166,5.2701917,7.895417,2.2624137,3
171346906279799,9828110166,5.2462635,7.8816586,2.259722,3
171346908779799,9830610166,5.226523,7.881958,2.2477577,3
171346911279799,9833110166,5.222934,7.8717885,2.2519453,3
171346913779799,9835610166,5.2109694,7.8837523,2.2671995,3
171346916279799,9838110166,5.2109694,7.8906317,2.2701905,3
171346918779799,9840610166,5.2052865,7.894221,2.2671995,3
171346921279799,9843110166,5.2088757,7.897511,2.286043,3
171346923779799,9845610166,5.2217374,7.917252,2.2767708,3
171346926279799,9848110166,5.2277193,7.9256268,2.2863421,3
171346928779799,9850610166,5.224728,7.9217386,2.2845473,3
171346931279799,9853110166,5.2310095,7.922935,2.2989044,3
171346933779799,9855610166,5.2480583,7.928917,2.3072793,3
171346936279799,9858110166,5.258826,7.913962,2.3039892,3
171346938779799,9860610166,5.2480583,7.912167,2.2821546,3
171346941279799,9863110166,5.2770715,7.9091763,2.274976,3
171346943779799,9865610166,5.2812586,7.886145,2.2815564,3
171346946279799,9868110166,5.282156,7.8930244,2.2713869,3
171346948779799,9870610166,5.2794642,7.891828,2.245066,3
171346951279799,9873110166,5.278268,7.880163,2.269293,3
171346953779799,9875610166,5.270491,7.882556,2.2941186,3
171346956279799,9878110166,5.2806606,7.8834534,2.3132613,3
171346958779799,9880610166,5.2675,7.880163,2.3461626,3
171346961279799,9883110166,5.276174,7.872985,2.3512473,3
171346963779799,9885610166,5.262116,7.8643107,2.3551357,3
171346966279799,9888110166,5.265107,7.8574314,2.3653052,3
171346968779799,9890610166,5.273183,7.8433733,2.3545375,3
171346971279799,9893110166,5.2603216,7.835896,2.373381,3
171346973779799,9895610166,5.263612,7.8427753,2.3398814,3
171346976279799,9898110166,5.2546387,7.865507,2.251347,3
171346978779799,9900610166,5.255835,7.8759756,2.2558336,3
171346981279799,9903110166,5.2779684,7.8637123,2.3111675,3
171346983779799,9905610166,5.2806606,7.8457665,2.3784657,3
171346986279799,9908110166,5.2555356,7.8403826,2.4529424,3
171346988779799,9910610166,5.2519464,7.809874,2.449054,3
171346991279799,9913110166,5.241478,7.753942,2.46042,3
171346993779799,9915610166,5.263911,7.7186475,2.4622145,3
171346996279799,9918110166,5.270491,7.6812596,2.4424736,3
171346998779799,9920610166,5.261219,7.6627154,2.3949163,3
171347001279799,9923110166,5.260022,7.6567335,2.335096,3
171347003779799,9925610166,5.2689953,7.665407,2.3102703,3
171347006279799,9928110166,5.306383,7.645068,2.3186452,3
171347008779799,9930610166,5.323432,7.6331043,2.3467607,3
171347011279799,9933110166,5.35424,7.623533,2.3847468,3
171347013779799,9935610166,5.3790655,7.6124663,2.382055,3
171347016279799,9938110166,5.4032927,7.6139617,2.4014966,3
171347018779799,9940610166,5.4317074,7.6109705,2.4248266,3
171347021279799,9943110166,5.4556355,7.6103725,2.44367,3
171347023779799,9945610166,5.4502516,7.605587,2.446063,3
171347026279799,9948110166,5.4520464,7.6124663,2.466701,3
171347028779799,9950610166,5.4535418,7.605886,2.4352953,3
171347031279799,9953110166,5.4484572,7.6011004,2.396412,3
171347033779799,9955610166,5.439484,7.5954175,2.3665016,3
171347036279799,9958110166,5.4089756,7.6193457,2.3279173,3
171347038779799,9960610166,5.3925247,7.609176,2.2884357,3
171347041279799,9963110166,5.3775697,7.626524,2.2444677,3
171347043779799,9965610166,5.3560343,7.6603227,2.1909282,3
171347046279799,9968110166,5.346463,7.6866436,2.1664019,3
171347048779799,9970610166,5.346762,7.7069826,2.1577277,3
171347051279799,9973110166,5.3416777,7.7300134,2.1391835,3
171347053779799,9975610166,5.337789,7.75783,2.1272194,3
171347056279799,9978110166,5.3189454,7.7886376,2.1107686,3
171347058779799,9980610166,5.319544,7.813164,2.1053848,3
171347061279799,9983110166,5.317151,7.841878,2.0895324,3
171347063779799,9985610166,5.321039,7.8720875,2.07697,3
171347066279799,9988110166,5.3362937,7.897212,2.0694926,3
171347068779799,9990610166,5.343173,7.911868,2.044966,3
171347071279799,9993110166,5.3416777,7.9307117,2.044966,3
171347073779799,9995610166,5.3497534,7.9480596,2.0324037,3
171347076279799,9998110166,5.366204,7.964211,2.0240288,3
171347078779799,10000610166,5.3757753,7.986345,2.0090737,3
171347081279799,10003110166,5.3679986,8.003693,2.0183458,3
171347083779799,10005610166,5.3733826,8.0013,1.9971097,3
171347086279799,10008110166,5.3647084,8.012666,1.9995024,3
171347088779799,10010610166,5.357829,8.014161,2.0135603,3
171347091279799,10013110166,5.3440704,8.033005,2.0120647,3
171347093779799,10015610166,5.331508,8.040183,1.9962122,3
171347096279799,10018110166,5.3204412,8.046165,1.9962122,3
171347098779799,10020610166,5.3132625,8.0563345,2.0168505,3
171347101279799,10023110166,5.2869415,8.05125,2.015654,3
171347103779799,10025610166,5.282455,8.062017,1.9926231,3
171347106279799,10028110166,5.3093743,8.0563345,2.0033908,3
171347108779799,10030610166,5.305486,8.057232,2.0258234,3
171347111279799,10033110166,5.297111,8.059924,2.0267208,3
171347113779799,10035610166,5.2983074,8.054241,2.0108683,3
171347116279799,10038110166,5.300401,8.042576,2.018944,3
171347118779799,10040610166,5.302495,8.043473,2.015654,3
171347121279799,10043110166,5.302794,8.030313,2.0252252,3
171347123779799,10045610166,5.311468,8.016853,2.0545373,3
171347126279799,10048110166,5.3183475,8.009076,2.0599213,3
171347128779799,10050610166,5.334499,7.987242,2.0712872,3
171347131279799,10053110166,5.3563333,7.958229,2.0578275,3
171347133779799,10055610166,5.3623157,7.943573,2.0793629,3
171347136279799,10058110166,5.349155,7.9283185,2.0961127,3
171347138779799,10060610166,5.3554363,7.920243,2.1050856,3
171347141279799,10063110166,5.3647084,7.9037924,2.1035903,3
171347143779799,10065610166,5.382355,7.8870425,2.1203399,3
171347146279799,10068110166,5.40419,7.865208,2.1391835,3
171347148779799,10070610166,5.410471,7.836195,2.1508484,3
171347151279799,10073110166,5.4182477,7.8107715,2.1780667,3
171347153779799,10075610166,5.433801,7.783553,2.219343,3
171347156279799,10078110166,5.4553366,7.750652,2.2154546,3
171347158779799,10080610166,5.461917,7.7350984,2.210669,3
171347161279799,10083110166,5.4670014,7.719246,2.20708,3
171347163779799,10085610166,5.460421,7.6980095,2.1981068,3
171347166279799,10088110166,5.4699926,7.6827555,2.1717856,3
171347168779799,10090610166,5.473582,7.673184,2.202294,3
171347171279799,10093110166,5.4649076,7.6627154,2.2028923,3
171347173779799,10095610166,5.4723854,7.6686974,2.2034905,3
171347176279799,10098110166,5.4792647,7.668997,2.210669,3
171347178779799,10100610166,5.4927244,7.678269,2.2360928,3
171347181279799,10103110166,5.5008,7.6887374,2.2363918,3
171347183779799,10105610166,5.508876,7.6959157,2.2357936,3
171347186279799,10108110166,5.519644,7.722835,2.2390838,3
171347188779799,10110610166,5.5313087,7.7362947,2.2307088,3
171347191279799,10113110166,5.5226345,7.760522,2.2223341,3
171347193779799,10115610166,5.5205407,7.7829547,2.207678,3
171347196279799,10118110166,5.514559,7.8035927,2.1843479,3
171347198779799,10120610166,5.506184,7.818548,2.1807587,3
171347201279799,10123110166,5.5070815,7.838887,2.1975086,3
171347203779799,10125610166,5.47747,7.8643107,2.2187448,3
171347206279799,10128110166,5.4634123,7.8816586,2.2298117,3
171347208779799,10130610166,5.4535418,7.885547,2.2354946,3
171347211279799,10133110166,5.45414,7.8816586,2.2402802,3
171347213779799,10135610166,5.4430733,7.891828,2.2489543,3
171347216279799,10138110166,5.4317074,7.8864446,2.2187448,3
171347218779799,10140610166,5.426922,7.8948193,2.2175484,3
171347221279799,10143110166,5.4176497,7.874779,2.2238295,3
171347223779799,10145610166,5.4164534,7.847262,2.2223341,3
171347226279799,10148110166,5.4182477,7.8149586,2.2085752,3
171347228779799,10150610166,5.433801,7.7847495,2.2025933,3
171347231279799,10153110166,5.45085,7.7644105,2.2139592,3
171347233779799,10155610166,5.489733,7.737192,2.2031915,3
171347236279799,10158110166,5.5166526,7.6887374,2.1951156,3
171347238779799,10160610166,5.5465627,7.6405816,2.1951156,3
171347241279799,10163110166,5.578567,7.6088767,2.1837497,3
171347243779799,10165610166,5.622535,7.569096,2.158027,3
171347246279799,10168110166,5.69761,7.538887,2.1520448,3
171347248779799,10170610166,5.76431,7.507481,2.1502502,3
171347251279799,10173110166,5.844469,7.495816,2.1188445,3
171347253779799,10175610166,5.8743796,7.478468,2.097309,3
171347256279799,10178110166,5.930611,7.470392,2.0656042,3
171347258779799,10180610166,5.99432,7.472785,2.0458634,3
171347261279799,10183110166,6.0191455,7.5107713,2.0611176,3
171347263779799,10185610166,6.029913,7.5924263,2.0820549,3
171347266279799,10188110166,5.987141,7.6387873,2.1457636,3
171347268779799,10190610166,6.0290155,7.650452,2.2429721,3
171347271279799,10193110166,6.0891356,7.6716886,2.315654,3
171347273779799,10195610166,6.174679,7.6974115,2.291427,3
171347276279799,10198110166,6.2512493,7.665108,2.2292135,3
171347278779799,10200610166,6.305686,7.6256266,2.1687946,3
171347281279799,10203110166,6.341279,7.5750785,2.120938,3
171347283779799,10205610166,6.3888364,7.527521,2.076671,3
171347286279799,10208110166,6.4151573,7.4856467,2.032703,3
171347288779799,10210610166,6.3457656,7.463214,2.009672,3
171347291279799,10213110166,6.262017,7.4213395,2.030011,3
171347293779799,10215610166,6.418747,7.387242,1.9959131,3
171347296279799,10218110166,6.498308,7.3552375,1.9797616,3
171347298779799,10220610166,6.5138617,7.340582,1.9645073,3
171347301279799,10223110166,6.478567,7.359126,2.0279171,3
171347303779799,10225610166,6.459724,7.392925,2.1370897,3
171347306279799,10228110166,6.343373,7.4647093,2.111367,3
171347308779799,10230610166,6.227919,7.5176506,2.044667,3
171347311279799,10233110166,6.1441703,7.5529447,1.9932213,3
171347313779799,10235610166,6.069993,7.579864,2.0081763,3
171347316279799,10238110166,5.9955163,7.6253276,2.0063818,3
171347318779799,10240610166,5.8689957,7.6600237,2.001297,3
171347321279799,10243110166,5.7245293,7.7147593,1.977967,3
171347323779799,10245610166,5.569594,7.7464643,1.9677975,3
171347326279799,10248110166,5.435895,7.77129,1.9815563,3
171347328779799,10250610166,5.365905,7.827521,1.9325033,3
171347331279799,10253110166,5.326423,7.858628,1.9435701,3
171347333779799,10255610166,5.3255258,7.899306,1.986342,3
171347336279799,10258110166,5.3279185,7.917551,2.0554347,3
171347338779799,10260610166,5.346762,7.9477606,2.129313,3
171347341279799,10263110166,5.430511,7.964211,2.1909282,3
171347343779799,10265610166,5.536094,7.9564342,2.2435703,3
171347346279799,10268110166,5.656633,7.9304123,2.2959132,3
171347348779799,10270610166,5.8016977,7.8723865,2.3425734,3
171347351279799,10273110166,6.0011992,7.8086777,2.3778675,3
171347353779799,10275610166,6.189036,7.7015986,2.4364917,3
171347356279799,10278110166,6.3571315,7.5807614,2.4565315,3
171347358779799,10280610166,6.506683,7.4566336,2.4556344,3
171347361279799,10283110166,6.593722,7.3325057,2.4439692,3
171347363779799,10285610166,6.638288,7.172187,2.4448664,3
171347366279799,10288110166,6.654739,7.070791,2.4643083,3
171347368779799,10290610166,6.6475606,6.984051,2.4933212,3
171347371279799,10293110166,6.6406813,6.905387,2.4879375,3
171347373779799,10295610166,6.6089764,6.84437,2.4906292,3
171347376279799,10298110166,6.536294,6.794121,2.5112674,3
171347378779799,10300610166,6.468697,6.760621,2.478665,3
171347381279799,10303110166,6.3951178,6.7501526,2.3775685,3
171347383779799,10305610166,6.3197436,6.7669024,2.3449662,3
171347386279799,10308110166,6.2365932,6.7872415,2.4161527,3
171347388779799,10310610166,6.134898,6.8395844,2.4915266,3
171347391279799,10313110166,5.9820566,6.9412794,2.4825535,3
171347393779799,10315610166,5.7762737,7.0402822,2.5007987,3
171347396279799,10318110166,5.61416,7.136893,2.551048,3
171347398779799,10320610166,5.457131,7.240681,2.6578279,3
171347401279799,10323110166,5.35424,7.335796,2.731108,3
171347403779799,10325610166,5.3826547,7.368099,2.7317061,3
171347406279799,10328110166,5.361717,7.4246297,2.7221348,3
171347408779799,10330610166,5.1140604,7.5239315,2.8743782,3
171347411279799,10333110166,4.8882375,7.6683984,3.0038898,3
171347413779799,10335610166,4.7712884,7.748558,2.9431717,3
171347416279799,10338110166,4.7506504,7.789535,2.7750762,3
171347418779799,10340610166,4.755735,7.7760754,2.6458635,3
171347421279799,10343110166,4.759025,7.7566338,2.6255248,3
171347423779799,10345610166,4.7279186,7.756335,2.6015964,3
171347426279799,10348110166,4.6785665,7.780562,2.5923243,3
171347428779799,10350610166,4.6268215,7.7871423,2.5833511,3
171347431279799,10353110166,4.5858445,7.8197446,2.566003,3
171347433779799,10355610166,4.5652065,7.839186,2.5328028,3
171347436279799,10358110166,4.571787,7.8403826,2.4828527,3
171347438779799,10360610166,4.6710887,7.8349986,2.3865414,3
171347441279799,10363110166,4.7653065,7.8487573,2.2989044,3
171347443779799,10365610166,4.686941,7.8987074,2.3581266,3
171347446279799,10368110166,4.7252264,7.946564,2.3670998,3
171347448779799,10370610166,4.819743,7.9683986,2.3482563,3
171347451279799,10373110166,4.9588256,7.986345,2.2899313,3
171347453779799,10375610166,5.1068816,7.9797645,2.2172494,3
171347456279799,10378110166,5.235197,7.992925,2.132005,3
171347458779799,10380610166,5.326124,7.9983087,2.0138593,3
171347461279799,10383110166,5.404489,8.033304,1.9115661,3
171347463779799,10385610166,5.477171,8.055737,1.8101703,3
171347466279799,10388110166,5.5704913,8.060223,1.6935202,3
171347468779799,10390610166,5.66411,8.056634,1.5819548,3
171347471279799,10393110166,5.769993,8.05454,1.4973087,3
171347473779799,10395610166,5.858826,8.042576,1.3986049,3
171347476279799,10398110166,5.925227,8.0563345,1.3142579,3
171347478779799,10400610166,5.9644094,8.0715885,1.2631112,3
171347481279799,10403110166,5.973682,8.120343,1.1784651,3
171347483779799,10405610166,5.9614186,8.175676,1.0833504,3
171347486279799,10408110166,5.9377894,8.215158,1.0046864,3
171347488779799,10410610166,5.919544,8.251349,0.9245269,3
171347491279799,10413110166,5.8914285,8.283054,0.895813,3
171347493779799,10415610166,5.904888,8.268698,0.9239286,3
171347496279799,10418110166,5.884848,8.277371,0.95772725,3
171347498779799,10420610166,5.8154564,8.311769,0.97836536,3
171347501279799,10423110166,5.729614,8.347661,0.9933205,3
171347503779799,10425610166,5.6560345,8.374281,1.0235299,3
171347506279799,10428110166,5.605187,8.378768,1.0824531,3
171347508779799,10430610166,5.5761743,8.372188,1.1027921,3
171347511279799,10433110166,5.483153,8.469096,1.4467604,3
171347513779799,10435610166,5.468198,8.651849,1.7273189,3
171347516279799,10438110166,5.570192,8.879765,1.7243278,3
171347518779799,10440610166,5.710471,8.906086,1.6262221,3
171347521279799,10443110166,5.8022957,8.726325,1.3983058,3
171347523779799,10445610166,5.852844,8.456235,1.1312069,3
171347526279799,10448110166,5.866902,8.232805,0.82013994,3
171347528779799,10450610166,5.8686967,8.055437,0.5596214,3
171347531279799,10453110166,5.9001026,7.952546,0.34576288,3
171347533779799,10455610166,5.956633,7.88794,0.19232312,3
171347536279799,10458110166,5.9988065,7.8520474,0.0846461,3
171347538779799,10460610166,6.0547385,7.8167534,0.028115666,3
171347541279799,10463110166,6.101997,7.793423,-0.0424726,3
171347543779799,10465610166,6.1118674,7.8012,-0.07298109,3
171347546279799,10468110166,6.155237,7.8056865,-0.053539407,3
171347548779799,10470610166,6.1830535,7.8278203,-0.015553347,3
171347551279799,10473110166,6.168398,7.8556366,0.0,3
171347553779799,10475610166,6.117251,7.8723865,-0.0032901312,3
171347556279799,10478110166,6.101997,7.8978105,0.0056829536,3
171347558779799,10480610166,6.111269,7.9340014,-0.016749758,3
171347561279799,10483110166,6.099305,7.949555,-0.032004002,3
171347563779799,10485610166,6.1184473,7.952845,-0.02961118,3
171347566279799,10488110166,6.1471615,7.952845,-0.02751746,3
171347568779799,10490610166,6.163612,7.9567337,0.008374879,3
171347571279799,10493110166,6.1597238,7.9600234,0.04875376,3
171347573779799,10495610166,6.10768,8.0013,0.07507481,3
171347576279799,10498110166,6.0484576,8.042277,0.1471586,3
171347578779799,10500610166,5.972186,8.082656,0.24017957,3
171347581279799,10503110166,5.8803616,8.137392,0.3505485,3
171347583779799,10505610166,5.8250275,8.175378,0.4884349,3
171347586279799,10508110166,5.768198,8.219346,0.64935225,3
171347588779799,10510610166,5.7284174,8.244769,0.79770726,3
171347591279799,10513110166,5.663811,8.254042,0.97896355,3
171347593779799,10515610166,5.5579286,8.2609215,1.1551352,3
171347596279799,10518110166,5.4059844,8.290532,1.3462619,3
171347598779799,10520610166,5.2429733,8.340483,1.5430715,3
171347601279799,10523110166,5.1176496,8.403294,1.7575282,3
171347603779799,10525610166,5.052744,8.525328,1.9441684,3
171347606279799,10528110166,4.9160542,8.567203,2.097309,3
171347608779799,10530610166,4.794319,8.549854,2.1738794,3
171347611279799,10533110166,4.6911287,8.498408,2.2483559,3
171347613779799,10535610166,4.5888357,8.417352,2.2686949,3
171347616279799,10538110166,4.4928236,8.32792,2.3051856,3
171347618779799,10540610166,4.421637,8.215158,2.4095724,3
171347621279799,10543110166,4.362116,8.062317,2.527718,3
171347623779799,10545610166,4.2867417,7.836494,2.5869403,3
171347626279799,10548110166,4.1754756,7.7159557,2.644069,3
171347628779799,10550610166,4.0151563,7.7356963,2.6871397,3
171347631279799,10553110166,3.8434713,7.8571324,2.7616165,3
171347633779799,10555610166,3.7277186,8.009974,2.874079,3
171347636279799,10558110166,3.6559339,8.11466,2.9383862,3
171347638779799,10560610166,3.6251264,8.169395,2.9671001,3
171347641279799,10563110166,3.6191442,8.184949,2.9240294,3
171347643779799,10565610166,3.6080775,8.200502,2.8929226,3
171347646279799,10568110166,3.5730824,8.2253275,2.8501508,3
171347648779799,10570610166,3.5413775,8.255239,2.8250263,3
171347651279799,10573110166,3.490231,8.347362,2.7900312,3
171347653779799,10575610166,3.4486556,8.455936,2.7191439,3
171347656279799,10578110166,3.461816,8.543274,2.7314072,3
171347658779799,10580610166,3.4803605,8.600702,2.7146573,3
171347661279799,10583110166,3.4794633,8.666205,2.6365914,3
171347663779799,10585610166,3.4612179,8.685647,2.5498517,3
171347666279799,10588110166,3.4187453,8.679964,2.4391835,3
171347668779799,10590610166,3.3502507,8.702396,2.3596222,3
171347671279799,10593110166,3.2587254,8.750552,2.3027928,3
171347673779799,10595610166,3.1465619,8.819346,2.3174486,3
171347676279799,10598110166,3.027818,8.856135,2.399702,3
171347678779799,10600610166,2.8986056,8.88814,2.528017,3
171347681279799,10603110166,2.7678976,8.908179,2.6488547,3
171347683779799,10605610166,2.6434708,8.885747,2.7640092,3
171347686279799,10608110166,2.548057,8.845368,2.8992038,3
171347688779799,10610610166,2.4272194,8.825627,3.0409784,3
171347691279799,10613110166,2.3407788,8.769695,3.205186,3
171347693779799,10615610166,2.2848465,8.728418,3.3457642,3
171347696279799,10618110166,2.2286153,8.6910305,3.528516,3
171347698779799,10620610166,2.1891336,8.648857,3.6921253,3
171347701279799,10623110166,2.158326,8.619844,3.8371902,3
171347703779799,10625610166,2.0515463,8.616554,4.057928,3
171347706279799,10628110166,1.9657038,8.601898,4.2631125,3
171347708779799,10630610166,1.9070797,8.599805,4.4004006,3
171347711279799,10633110166,1.8798612,8.575876,4.4859443,3
171347713779799,10635610166,1.8816559,8.552247,4.596014,3
171347716279799,10638110166,1.8879371,8.540583,4.720441,3
171347718779799,10640610166,1.8598214,8.548658,4.846662,3
171347721279799,10643110166,1.8583258,8.553444,4.922036,3
171347723779799,10645610166,1.8661026,8.519047,4.976473,3
171347726279799,10648110166,1.9265213,8.464311,5.0042896,3
171347728779799,10650610166,1.9764715,8.40808,5.0563335,3
171347731279799,10653110166,2.0114665,8.345268,5.0599227,3
171347733779799,10655610166,2.033301,8.281858,5.000401,3
171347736279799,10658110166,2.0724835,8.2348995,4.95733,3
171347738779799,10660610166,2.1000009,8.184949,4.9226346,3
171347741279799,10663110166,2.1352952,8.196913,4.90738,3
171347743779799,10665610166,2.2019951,8.234301,4.868497,3
171347746279799,10668110166,2.3144577,8.2710905,4.8152566,3
171347748779799,10670610166,2.4729822,8.257332,4.7425747,3
171347751279799,10673110166,2.629413,8.186444,4.5858445,3
171347753779799,10675610166,2.789433,8.086245,4.412664,3
171347756279799,10678110166,2.948855,8.032407,4.2711883,3
171347758779799,10680610166,3.0870404,8.013264,4.1410785,3
171347761279799,10683110166,3.1899316,8.0201435,4.0528436,3
171347763779799,10685610166,3.2715867,8.036295,3.976572,3
171347766279799,10688110166,3.3149567,8.057232,3.9430726,3
171347768779799,10690610166,3.33051,8.075478,3.9640098,3
171347771279799,10693110166,3.2820554,8.118847,4.0151563,3
171347773779799,10695610166,3.2004004,8.172088,4.0869412,3
171347776279799,10698110166,3.1073792,8.221141,4.1437707,3
171347778779799,10700610166,2.9823544,8.281858,4.219743,3
171347781279799,10703110166,2.841477,8.3345,4.3088756,3
171347783779799,10705610166,2.6688945,8.386844,4.3534417,3
171347786279799,10708110166,2.5025933,8.456235,4.3821554,3
171347788779799,10710610166,2.3509483,8.513663,4.384548,3
171347791279799,10713110166,2.204986,8.577372,4.3465624,3
171347793779799,10715610166,2.07697,8.65125,4.3148575,3
171347796279799,10718110166,1.9609182,8.717352,4.265805,3
171347798779799,10720610166,1.884946,8.779864,4.2281175,3
171347801279799,10723110166,1.89362,8.864211,4.2128634,3
171347803779799,10725610166,1.9325033,8.948559,4.168297,3
171347806279799,10728110166,1.9860427,9.025727,4.1368914,3
171347808779799,10730610166,2.0231316,9.105587,4.1150565,3
171347811279799,10733110166,2.0222342,9.176774,4.1093736,3
171347813779799,10735610166,2.0117657,9.2336035,4.1024942,3
171347816279799,10738110166,1.9734805,9.30808,4.092923,3
171347818779799,10740610166,1.8822541,9.369396,4.125226,3
171347821279799,10743110166,1.8041883,9.413663,4.087539,3
171347823779799,10745610166,1.7488543,9.432806,4.0154557,3
171347826279799,10748110166,1.6845472,9.438489,3.9828532,3
171347828779799,10750610166,1.6322042,9.454341,3.979264,3
171347831279799,10753110166,1.5690935,9.468997,3.9843488,3
171347833779799,10755610166,1.5643078,9.4737835,4.0441694,3
171347836279799,10758110166,1.5768701,9.45494,4.162016,3
171347838779799,10760610166,1.5687944,9.406186,4.313661,3
171347841279799,10763110166,1.5221343,9.362816,4.514658,3
171347843779799,10765610166,1.4279169,9.345169,4.7132626,3
171347846279799,10768110166,1.3007982,9.328419,4.896313,3
171347848779799,10770610166,1.1515459,9.302098,5.0662036,3
171347851279799,10773110166,0.9915259,9.28475,5.2238307,3
171347853779799,10775610166,0.8246265,9.2895355,5.3706903,3
171347856279799,10778110166,0.67208403,9.299406,5.5262237,3
171347858779799,10780610166,0.5057829,9.35145,5.73081,3
171347861279799,10783110166,0.3469593,9.413364,6.0020967,3
171347863779799,10785610166,0.17467605,9.512367,6.241379,3
171347866279799,10788110166,0.015254244,9.625129,6.4528446,3
171347868779799,10790610166,-0.15224335,9.757631,6.6332035,3
171347871279799,10793110166,-0.28953153,9.864411,6.768099,3
171347873779799,10795610166,-0.3906283,9.971191,6.882954,3
171347876279799,10798110166,-0.4872385,10.045668,6.984649,3
171347878779799,10800610166,-0.61076796,10.106385,7.056434,3
171347881279799,10803110166,-0.7181459,10.147063,7.0809603,3
171347883779799,10805610166,-0.7800602,10.14497,7.0836525,3
171347886279799,10808110166,-0.8237292,10.130912,6.957431,3
171347888779799,10810610166,-0.8563314,10.124033,6.712167,3
171347891279799,10813110166,-0.9000004,10.120743,6.452545,3
171347893779799,10815610166,-0.907478,10.103095,6.1322064,3
171347896279799,10818110166,-0.8676973,10.047163,5.7613187,3
171347898779799,10820610166,-0.8108678,10.007382,5.378467,3
171347901279799,10823110166,-0.5877371,9.895219,5.0156555,3
171347903779799,10825610166,-0.13369897,9.754641,4.701597,3
171347906279799,10828110166,0.20189442,9.645169,4.3582273,3
171347908779799,10830610166,2.544767,9.116056,4.176971,3
171347911279799,10833110166,2.8695927,8.926724,3.7749767,3
171347913779799,10835610166,2.515754,8.747561,3.4094732,3
171347916279799,10838110166,1.8951155,8.647362,3.3631122,3
171347918779799,10840610166,1.2678969,8.579166,3.351447,3
171347921279799,10843110166,1.1826526,8.52473,3.3062828,3
171347923779799,10845610166,1.5678971,8.534002,3.17049,3
171347926279799,10848110166,2.2031915,8.53161,2.9946175,3
171347928779799,10850610166,2.8788648,8.493324,2.8295128,3
171347931279799,10853110166,3.350849,8.424232,2.7583263,3
171347933779799,10855610166,3.536891,8.445766,2.7711878,3
171347936279799,10858110166,3.434897,8.481958,2.7765715,3
171347938779799,10860610166,3.1698918,8.593523,2.7816563,3
171347941279799,10863110166,2.83041,8.809476,2.8959136,3
171347943779799,10865610166,2.41376,9.378369,3.2533414,3
171347946279799,10868110166,2.2004995,9.58834,3.2626138,3
171347948779799,10870610166,2.3841486,9.631709,2.856432,3
171347951279799,10873110166,2.7329025,9.554541,2.5477579,3
171347953779799,10875610166,3.2126634,9.382557,2.1765714,3
171347956279799,10878110166,3.7190447,9.168997,1.8143578,3
171347958779799,10880610166,4.194618,8.970692,1.4919249,3
171347961279799,10883110166,4.632804,8.740981,1.2299109,3
171347963779799,10885610166,5.122136,8.405986,1.0244272,3
171347966279799,10888110166,5.68415,7.996215,0.76540416,3
171347968779799,10890610166,6.298208,7.543074,0.44835514,3
171347971279799,10893110166,6.9592257,7.105487,0.08943175,3
171347973779799,10895610166,7.65793,6.6622167,-0.28235307,3
171347976279799,10898110166,8.364112,6.2213387,-0.5814559,3
171347978779799,10900610166,9.040682,5.773283,-0.811466,3
171347981279799,10903110166,9.68495,5.3706903,-0.9702896,3
171347983779799,10905610166,10.240085,5.02074,-1.0950154,3
171347986279799,10908110166,10.623236,4.7656054,-1.122533,3
171347988779799,10910610166,10.859527,4.61067,-1.0624132,3
171347991279799,10913110166,10.94178,4.553242,-0.9182457,3
171347993779799,10915610166,10.935498,4.598407,-0.6684948,3
171347996279799,10918110166,10.793425,4.773382,-0.3801597,3
171347998779799,10920610166,10.483853,5.061418,-0.09182457,3
171348001279799,10923110166,10.000504,5.4433722,0.23898315,3
171348003779799,10925610166,9.431011,5.889933,0.5844469,3
171348006279799,10928110166,8.842676,6.375975,0.91555375,3
171348008779799,10930610166,8.263015,6.8745794,1.2412767,3
171348011279799,10933110166,7.689934,7.3755765,1.5490535,3
171348013779799,10935610166,7.199106,7.819146,1.8311075,3
171348016279799,10938110166,6.7642107,8.235497,2.0222342,3
171348018779799,10940610166,6.396613,8.568997,2.1556342,3
171348021279799,10943110166,6.0753765,8.832208,2.2286153,3
171348023779799,10945610166,5.8010993,9.033205,2.1714866,3
171348026279799,10948110166,5.570192,9.1681,1.9809581,3
171348028779799,10950610166,5.4149575,9.188738,1.7374884,3
171348031279799,10953110166,5.313861,9.165408,1.396212,3
171348033779799,10955610166,5.2453666,9.079267,1.0543375,3
171348036279799,10958110166,5.2366924,8.942876,0.69571316,3
171348038779799,10960610166,5.2274203,8.799605,0.39571303,3
171348041279799,10963110166,5.229813,8.638389,0.18664017,3
171348043779799,10965610166,5.287839,8.45773,0.07238288,3
171348046279799,10968110166,5.3629136,8.283952,0.0741775,3
171348048779799,10970610166,5.430511,8.152048,0.20787647,3
171348051279799,10973110166,5.3946185,8.205587,0.8647063,3
171348053779799,10975610166,5.2603216,8.145168,1.1177473,3
171348056279799,10978110166,5.317151,7.938488,1.0331012,3
171348058779799,10980610166,5.430212,7.6537423,1.1425728,3
171348061279799,10983110166,5.424529,7.4192457,1.2678969,3
171348063779799,10985610166,5.4427743,7.1677003,1.4697913,3
171348066279799,10988110166,5.469095,6.916753,1.7638094,3
171348068779799,10990610166,5.535496,6.666703,2.181955,3
171348071279799,10993110166,5.5713882,6.4423757,2.5998018,3
171348073779799,10995610166,5.5944195,6.2644095,3.0296125,3
171348076279799,10998110166,5.605486,6.113064,3.5781672,3
171348078779799,11000610166,5.5573306,6.050252,4.1635113,3
171348081279799,11003110166,5.436194,6.116952,4.7449675,3
171348083779799,11005610166,5.253143,6.233303,5.339883,3
171348086279799,11008110166,5.0330033,6.3903317,5.889933,3
171348088779799,11010610166,4.775476,6.579066,6.3164535,3
171348091279799,11013110166,4.469793,6.7893353,6.608677,3
171348093779799,11015610166,4.1982074,6.9963145,6.666404,3
171348096279799,11018110166,3.9047875,7.204789,6.5757756,3
171348098779799,11020610166,3.6251264,7.425527,6.4615183,3
171348101279799,11023110166,3.415455,7.6133633,6.369096,3
171348103779799,11025610166,3.2449665,7.7647095,6.29103,3
171348106279799,11028110166,3.118446,7.9112697,6.2407804,3
171348108779799,11030610166,3.0143583,8.028817,6.1585274,3
171348111279799,11033110166,2.984448,8.085647,6.04756,3
171348113779799,11035610166,2.9805596,8.096115,5.925227,3
171348116279799,11038110166,3.0032916,8.0404825,5.8187466,3
171348118779799,11040610166,2.99043,7.9893355,5.721837,3
171348121279799,11043110166,2.9425735,7.945966,5.5426745,3
171348123779799,11045610166,2.8974092,7.899605,5.36411,3
171348126279799,11048110166,2.8779674,7.850253,5.154738,3
171348128779799,11050610166,2.7858438,7.8287177,5.0189457,3
171348131279799,11053110166,2.7565317,7.818548,4.8116674,3
171348133779799,11055610166,2.781058,7.810173,4.5795636,3
171348136279799,11058110166,2.8636105,7.7883387,4.3722854,3
171348138779799,11060610166,2.9644082,7.780861,4.144668,3
171348141279799,11063110166,3.077768,7.786245,3.9008992,3
171348143779799,11065610166,3.2264223,7.813164,3.6849468,3
171348146279799,11068110166,3.3517463,7.8400836,3.4995031,3
171348148779799,11070610166,3.504588,7.8774714,3.3326037,3
171348151279799,11073110166,3.6807594,7.9133635,3.167499,3
171348153779799,11075610166,3.8766718,7.943573,2.9557343,3
171348156279799,11078110166,4.087539,7.9504523,2.7610183,3
171348158779799,11080610166,4.281059,7.940582,2.5528426,3
171348161279799,11083110166,4.44736,7.938488,2.324029,3
171348163779799,11085610166,4.6178484,7.940582,2.0937197,3
171348166279799,11088110166,4.8152566,7.947461,1.8852451,3
171348168779799,11090610166,5.050052,7.9486575,1.6462619,3
171348171279799,11093110166,5.297111,7.9567337,1.3923237,3
171348173779799,11095610166,5.56421,7.9633136,1.1554343,3
171348176279799,11098110166,5.786443,7.989635,0.92303133,3
171348178779799,11100610166,5.97428,8.002197,0.73070824,3
171348181279799,11103110166,6.1534424,8.019844,0.5665008,3
171348183779799,11105610166,6.3329043,8.046763,0.45254257,3
171348186279799,11108110166,6.4995046,8.062616,0.32333016,3
171348188779799,11110610166,6.6774707,8.076973,0.2216352,3
171348191279799,11113110166,6.863812,8.069795,0.08793623,3
171348193779799,11115610166,7.0151577,8.037491,0.029910283,3
171348196279799,11118110166,7.1560354,7.9917283,-0.0044865427,3
171348198779799,11120610166,7.2637124,7.93789,-0.015553347,3
171348201279799,11123110166,7.3325057,7.8496547,-0.0047856453,3
171348203779799,11125610166,7.3375907,7.7560353,0.032901313,3
171348206279799,11128110166,7.2523465,7.672885,0.08733802,3
171348208779799,11130610166,7.1078796,7.6052876,0.16031912,3
171348211279799,11133110166,6.931409,7.5550385,0.2620141,3
171348213779799,11135610166,6.7184477,7.511369,0.41784665,3
171348216279799,11138110166,6.530611,7.4865437,0.625424,3
171348218779799,11140610166,6.3831534,7.461718,0.8449655,3
171348221279799,11143110166,6.276972,7.4392858,1.0247263,3
171348223779799,11145610166,6.2063837,7.4138618,1.2263216,3
171348226279799,11148110166,6.151947,7.4192457,1.3683954,3
171348228779799,11150610166,6.0984077,7.4566336,1.4973087,3
171348231279799,11153110166,6.076573,7.4802628,1.625923,3
171348233779799,11155610166,6.0948186,7.501798,1.7991035,3
171348236279799,11158110166,6.07418,7.509874,1.9728823,3
171348238779799,11160610166,6.0690956,7.535597,2.1601207,3
171348241279799,11163110166,5.968597,7.5676007,2.4361925,3
171348243779799,11165610166,5.892326,7.5867434,2.6536403,3
171348246279799,11168110166,5.861219,7.577172,2.757429,3
171348248779799,11170610166,5.8426747,7.550253,2.80708,3
171348251279799,11173110166,5.8172507,7.5140615,2.8316064,3
171348253779799,11175610166,5.749654,7.489236,2.8501508,3
171348256279799,11178110166,5.662914,7.495218,2.8232317,3
171348258779799,11180610166,5.603093,7.500303,2.7640092,3
171348261279799,11183110166,5.5450673,7.537092,2.7065816,3
171348263779799,11185610166,5.51755,7.585547,2.673381,3
171348266279799,11188110166,5.5262237,7.647162,2.6015964,3
171348268779799,11190610166,5.562415,7.722835,2.5181468,3
171348271279799,11193110166,5.65753,7.799106,2.492723,3
171348273779799,11195610166,5.7409797,7.8427753,2.4592235,3
171348276279799,11198110166,5.831907,7.9013996,2.4209383,3
171348278779799,11200610166,5.878268,7.9420776,2.3584259,3
171348281279799,11203110166,5.855536,7.93789,2.3132613,3
171348283779799,11205610166,5.8157554,7.9259257,2.2651057,3
171348286279799,11208110166,5.7448683,7.9011,2.210669,3
171348288779799,11210610166,5.6985073,7.879266,2.1095722,3
171348291279799,11213110166,5.663213,7.8607216,2.0467606,3
171348293779799,11215610166,5.6270213,7.8409805,1.9839491,3
171348296279799,11218110166,5.578567,7.82453,1.9483558,3
171348298779799,11220610166,5.5127645,7.8128653,1.9094725,3
171348301279799,11223110166,5.4430733,7.7904325,1.887638,3
171348303779799,11225610166,5.365606,7.795218,1.864308,3
171348306279799,11228110166,5.2666025,7.8017983,1.8547367,3
171348308779799,11230610166,5.165805,7.7997046,1.8478572,3
171348311279799,11233110166,5.0590253,7.819445,1.8421743,3
171348313779799,11235610166,4.985446,7.8523464,1.8361923,3
171348316279799,11238110166,4.9348974,7.8753777,1.8116659,3
171348318779799,11240610166,4.901398,7.895118,1.777269,3
171348321279799,11243110166,4.9085765,7.9133635,1.6914265,3
171348323779799,11245610166,4.9193444,7.943274,1.5412769,3
171348326279799,11248110166,4.9438705,7.9686975,1.3899308,3
171348328779799,11250610166,4.9519463,7.990532,1.3172488,3
171348331279799,11253110166,4.9902315,7.9971123,1.3576277,3
171348333779799,11255610166,5.151747,8.009076,1.4303098,3
171348336279799,11258110166,5.35095,8.019546,1.5457634,3
171348338779799,11260610166,5.5683975,8.00459,1.6947167,3
171348341279799,11263110166,5.7227345,7.963613,1.8798612,3
171348343779799,11265610166,5.853143,7.899605,2.0748763,3
171348346279799,11268110166,5.964709,7.8053875,2.2354946,3
171348348779799,11270610166,6.0687966,7.6851482,2.3787649,3
171348351279799,11273110166,6.1806607,7.581958,2.4729822,3
171348353779799,11275610166,6.22433,7.489834,2.567798,3
171348356279799,11278110166,6.2030935,7.4386873,2.6404798,3
171348358779799,11280610166,6.153742,7.4072814,2.6988049,3
171348361279799,11283110166,6.0918274,7.4048886,2.7672994,3
171348363779799,11285610166,6.0338016,7.4096746,2.818147,3
171348366279799,11288110166,5.962316,7.4270225,2.844169,3
171348368779799,11290610166,5.9192452,7.429415,2.8498518,3
171348371279799,11293110166,5.858228,7.4395847,2.833102,3
171348373779799,11295610166,5.825626,7.4440713,2.8115666,3
171348376279799,11298110166,5.768497,7.4455667,2.766103,3
171348378779799,11300610166,5.708677,7.4506516,2.7245276,3
171348381279799,11303110166,5.6374903,7.4862447,2.6536403,3
171348383779799,11305610166,5.555536,7.5146594,2.516053,3
171348386279799,11308110166,5.4687963,7.5314093,2.271985,3
171348388779799,11310610166,5.402694,7.570891,2.012663,3
171348391279799,11313110166,5.366503,7.609176,1.7419748,3
171348393779799,11315610166,5.3587265,7.646564,1.5143577,3
171348396279799,11318110166,5.380262,7.6716886,1.3543376,3
171348398779799,11320610166,5.4382877,7.7162547,1.2164512,3
171348401279799,11323110166,5.517251,7.7880397,1.096511,3
171348403779799,11325610166,5.6069818,7.8335032,0.9490533,3
171348406279799,11328110166,5.7110696,7.8523464,0.84077805,3
171348408779799,11330610166,5.8151574,7.880462,0.7609176,3
171348411279799,11333110166,5.9234324,7.884351,0.7268199,3
171348413779799,11335610166,6.0224357,7.8693953,0.69182485,3
171348416279799,11338110166,6.133403,7.8409805,0.7507481,3
171348418779799,11340610166,6.203991,7.838887,0.78813595,3
171348421279799,11343110166,6.2461643,7.825128,0.90418786,3
171348423779799,11345610166,6.2434726,7.8260255,1.0046864,3
171348426279799,11348110166,6.2141604,7.8466635,1.1377872,3
171348428779799,11350610166,6.1582284,7.873882,1.2723835,3
171348431279799,11353110166,6.0693946,7.894221,1.3953147,3
171348433779799,11355610166,5.990731,7.919944,1.4985052,3
171348436279799,11358110166,5.9213386,7.9301133,1.5873387,3
171348438779799,11360610166,5.8537416,7.941479,1.6537396,3
171348441279799,11363110166,5.807081,7.952247,1.6977077,3
171348443779799,11365610166,5.7804613,7.9519477,1.6770695,3
171348446279799,11368110166,5.768198,7.9597244,1.6241283,3
171348448779799,11370610166,5.7786665,7.9719877,1.57358,3
171348451279799,11373110166,5.7858453,7.9501534,1.5433706,3
171348453779799,11375610166,5.831907,7.923234,1.4964114,3
171348456279799,11378110166,5.9213386,7.885846,1.4198412,3
171348458779799,11380610166,6.079863,7.850253,1.2469597,3
171348461279799,11383110166,6.303592,7.813463,0.9876375,3
171348463779799,11385610166,6.5482583,7.763513,0.71455663,3
171348466279799,11388110166,6.722037,7.7204423,0.51535416,3
171348468779799,11390610166,6.810272,7.663912,0.38315073,3
171348471279799,11393110166,6.8404818,7.60439,0.2883351,3
171348473779799,11395610166,6.875178,7.5867434,0.20428723,3
171348476279799,11398110166,6.9245296,7.576275,0.16749759,3
171348478779799,11400610166,6.9873414,7.5646095,0.16959131,3
171348481279799,11403110166,7.071987,7.574779,0.22731815,3
171348483779799,11405610166,7.1078796,7.598408,0.3499503,3
171348486279799,11408110166,7.1243305,7.620841,0.4743771,3
171348488779799,11410610166,7.088737,7.586145,0.6418747,3
171348491279799,11413110166,7.0133634,7.524231,0.8344969,3
171348493779799,11415610166,6.9113693,7.481459,0.97507524,3
171348496279799,11418110166,6.7869425,7.4829545,1.0576276,3
171348498779799,11420610166,6.666105,7.4859457,1.122533,3
171348501279799,11423110166,6.57099,7.518548,1.1940185,3
171348503779799,11425610166,6.4923263,7.538887,1.2445669,3
171348506279799,11428110166,6.4381886,7.5622168,1.308874,3
171348508779799,11430610166,6.3771715,7.5789666,1.3773686,3
171348511279799,11433110166,6.3140607,7.5921273,1.4117653,3
171348513779799,11435610166,6.255736,7.6340017,1.4503496,3
171348516279799,11438110166,6.1695943,7.67109,1.4096717,3
171348518779799,11440610166,6.0978093,7.717451,1.3531412,3
171348521279799,11443110166,6.0305114,7.758129,1.3064811,3
171348523779799,11445610166,6.0113688,7.785946,1.2113664,3
171348526279799,11448110166,6.0397835,7.790133,1.1377872,3
171348528779799,11450610166,6.0664034,7.7617183,1.1060823,3
171348531279799,11453110166,6.099305,7.7219377,1.114158,3
171348533779799,11455610166,6.179764,7.663613,1.1338989,3
171348536279799,11458110166,6.241379,7.6343007,1.1823535,3
171348538779799,11460610166,6.32423,7.5879397,1.21017,3
171348541279799,11463110166,6.442974,7.52782,1.2134602,3
171348543779799,11465610166,6.6155562,7.428518,1.2005987,3
171348546279799,11468110166,6.7986073,7.3343005,1.1380863,3
171348548779799,11470610166,6.9705915,7.2341013,1.0998011,3
171348551279799,11473110166,7.1428747,7.152147,1.1111671,3
171348553779799,11475610166,7.292426,7.0836525,1.1386845,3
171348556279799,11478110166,7.3845496,7.0301127,1.1994023,3
171348558779799,11480610166,7.4069824,6.9786673,1.3085749,3
171348561279799,11483110166,7.399505,6.923632,1.425225,3
171348563779799,11485610166,7.346863,6.8748784,1.6396817,3
171348566279799,11488110166,7.2696943,6.888338,1.8164514,3
171348568779799,11490610166,7.1267233,6.906883,2.021337,3
171348571279799,11493110166,6.9508505,6.9613194,2.1655045,3
171348573779799,11495610166,6.741479,7.038488,2.292324,3
171348576279799,11498110166,6.480063,7.137192,2.4529424,3
171348578779799,11500610166,6.2309103,7.222436,2.5815566,3
171348581279799,11503110166,6.0224357,7.323832,2.708077,3
171348583779799,11505610166,5.8019967,7.41117,2.7909286,3
171348586279799,11508110166,5.5663037,7.522735,2.8567312,3
171348588779799,11510610166,5.3333025,7.6334033,2.862713,3
171348591279799,11513110166,5.10748,7.7276206,2.836093,3
171348593779799,11515610166,4.901398,7.803892,2.8094728,3
171348596279799,11518110166,4.725526,7.8909307,2.7738798,3
171348598779799,11520610166,4.598108,7.9737825,2.7329025,3
171348601279799,11523110166,4.488337,8.0348,2.6907291,3
171348603779799,11525610166,4.427619,8.070991,2.6371896,3
171348606279799,11528110166,4.3929234,8.091031,2.5824537,3
171348608779799,11530610166,4.3794637,8.104191,2.5121646,3
171348611279799,11533110166,4.371986,8.082356,2.4206393,3
171348613779799,11535610166,4.3890347,8.059924,2.2926233,3
171348616279799,11538110166,4.418347,8.036295,2.1625135,3
171348618779799,11540610166,4.4778686,8.010572,1.9989042,3
171348621279799,11543110166,4.5523453,7.980662,1.8514465,3
171348623779799,11545610166,4.6525445,7.9719877,1.7222341,3
171348626279799,11548110166,4.770092,7.943573,1.6073786,3
171348628779799,11550610166,4.9142594,7.923533,1.5110675,3
171348631279799,11553110166,5.0539403,7.870592,1.4012967,3
171348633779799,11555610166,5.1556354,7.813463,1.3151551,3
171348636279799,11558110166,5.196912,7.783852,1.2993027,3
171348638779799,11560610166,5.2085767,7.7464643,1.3214363,3
171348641279799,11563110166,5.1873403,7.7147593,1.4213367,3
171348643779799,11565610166,5.154439,7.6683984,1.6268203,3
171348646279799,11568110166,5.064708,7.655537,1.9124635,3
171348648779799,11570610166,4.9307103,7.6405816,2.2618155,3
171348651279799,11573110166,4.759025,7.6600237,2.6395824,3
171348653779799,11575610166,4.5634117,7.6920276,2.9766715,3
171348656279799,11578110166,4.334299,7.7243304,3.2533414,3
171348658779799,11580610166,4.0683966,7.7327056,3.4501512,3
171348661279799,11583110166,3.7773697,7.7530446,3.5973098,3
171348663779799,11585610166,3.4474592,7.771589,3.6723845,3
171348666279799,11588110166,3.1226335,7.8167534,3.71396,3
171348668779799,11590610166,2.8289146,7.894221,3.7573297,3
171348671279799,11593110166,2.5698915,7.9833536,3.8081772,3
171348673779799,11595610166,2.356332,8.099107,3.851248,3
171348676279799,11598110166,2.1906292,8.2348995,3.9221354,3
171348678779799,11600610166,2.0685952,8.368299,4.0121655,3
171348681279799,11603110166,1.9767706,8.497512,4.080361,3
171348683779799,11605610166,1.9513469,8.599805,4.0884366,3
171348686279799,11608110166,1.977967,8.657532,4.039982,3
171348688779799,11610610166,2.0422742,8.679366,3.9607196,3
171348691279799,11613110166,2.1421745,8.662915,3.8383865,3
171348693779799,11615610166,2.2411776,8.650353,3.6861434,3
171348696279799,11618110166,2.405385,8.636594,3.5120654,3
171348698779799,11620610166,2.5698915,8.63121,3.3675988,3
171348701279799,11623110166,2.743072,8.62792,3.277868,3
171348703779799,11625610166,2.9021947,8.636594,3.2285159,3
171348706279799,11628110166,3.0445678,8.653643,3.216851,3
171348708779799,11630610166,3.1492536,8.701798,3.202195,3
171348711279799,11633110166,3.2330024,8.757133,3.2341988,3
171348713779799,11635610166,3.3092737,8.79153,3.2524443,3
171348716279799,11638110166,3.3876386,8.80469,3.254837,3
171348718779799,11640610166,3.467499,8.79153,3.2324042,3
171348721279799,11643110166,3.5539398,8.759227,3.2018957,3
171348723779799,11645610166,3.6167514,8.7012005,3.2129626,3
171348726279799,11648110166,3.6607196,8.648857,3.2330024,3
171348728779799,11650610166,3.6861434,8.608778,3.3062828,3
171348731279799,11653110166,3.6981075,8.563613,3.3891342,3
171348733779799,11655610166,3.6493537,8.541479,3.4887354,3
171348736279799,11658110166,3.5799618,8.523234,3.649952,3
171348738779799,11660610166,3.5093734,8.52114,3.749553,3
171348741279799,11663110166,3.4435709,8.500801,3.8123646,3
171348743779799,11665610166,3.3574293,8.466703,3.859623,3
171348746279799,11668110166,3.2452657,8.444571,3.9212382,3
171348748779799,11670610166,3.0879376,8.433803,3.9675992,3
171348751279799,11673110166,2.8779674,8.450851,4.0357943,3
171348753779799,11675610166,2.6635108,8.496913,4.0881376,3
171348756279799,11678110166,2.4747767,8.539086,4.1255255,3
171348758779799,11680610166,2.3392832,8.560622,4.2218366,3
171348761279799,11683110166,2.2175484,8.596515,4.299304,3
171348763779799,11685610166,2.1098714,8.630612,4.3821554,3
171348766279799,11688110166,2.0222342,8.65454,4.4656053,3
171348768779799,11690610166,1.9630119,8.672786,4.5191445,3
171348771279799,11693110166,1.9630119,8.6757765,4.5340996,3
171348773779799,11695610166,1.9938195,8.682656,4.517948,3
171348776279799,11698110166,2.047658,8.686544,4.485047,3
171348778779799,11700610166,2.1343977,8.656335,4.4862432,3
171348781279799,11703110166,2.2316062,8.641978,4.490132,3
171348783779799,11705610166,2.3201406,8.616255,4.514359,3
171348786279799,11708110166,2.4020948,8.599805,4.545765,3
171348788779799,11710610166,2.4439692,8.609974,4.5538406,3
171348791279799,11713110166,2.4687948,8.655437,4.5538406,3
171348793779799,11715610166,2.4475584,8.688339,4.5038905,3
171348796279799,11718110166,2.2130618,8.788837,4.376772,3
171348798779799,11720610166,2.1460629,8.83161,4.2885365,3
171348801279799,11723110166,2.43709,8.744869,4.315755,3
171348803779799,11725610166,2.8250263,8.653643,4.328915,3
171348806279799,11728110166,3.2581272,8.541181,4.3579283,3
171348808779799,11730610166,3.51386,8.443673,4.39741,3
171348811279799,11733110166,3.6604204,8.328219,4.4282174,3
171348813779799,11735610166,3.7016966,8.232805,4.4688954,3
171348816279799,11738110166,3.694518,8.180761,4.508676,3
171348818779799,11740610166,3.6409788,8.150253,4.5149574,3
171348821279799,11743110166,3.5344982,8.16431,4.529015,3
171348823779799,11745610166,3.3897324,8.198408,4.5673003,3
171348826279799,11748110166,3.3056846,8.243573,4.619045,3
171348828779799,11750610166,3.2350962,8.267501,4.673482,3
171348831279799,11753110166,3.1758738,8.302197,4.705785,3
171348833779799,11755610166,3.1133614,8.330911,4.712664,3
171348836279799,11758110166,3.0478578,8.376973,4.7078786,3
171348838779799,11760610166,2.9575288,8.407481,4.694718,3
171348841279799,11763110166,2.8722844,8.420642,4.6411786,3
171348843779799,11765610166,2.766402,8.432008,4.6058846,3
171348846279799,11768110166,2.6715865,8.445766,4.5631127,3
171348848779799,11770610166,2.5615165,8.449655,4.5487556,3
171348851279799,11773110166,2.469692,8.446963,4.5077786,3
171348853779799,11775610166,2.4242284,8.44128,4.5098724,3
171348856279799,11778110166,2.408376,8.435298,4.5373898,3
171348858779799,11780610166,2.443371,8.45474,4.534399,3
171348861279799,11783110166,2.4619155,8.472985,4.4862432,3
171348863779799,11785610166,2.4795625,8.497512,4.3911285,3
171348866279799,11788110166,2.461018,8.518747,4.2741795,3
171348868779799,11790610166,2.4675984,8.553144,4.152744,3
171348871279799,11793110166,2.4774687,8.611171,4.0408792,3
171348873779799,11795610166,2.5372894,8.653045,3.8988054,3
171348876279799,11798110166,2.6249263,8.703294,3.775575,3
171348878779799,11800610166,2.7173493,8.766106,3.6580276,3
171348881279799,11803110166,2.8076782,8.828618,3.545864,3
171348883779799,11805610166,2.8689942,8.870791,3.4564323,3
171348886279799,11808110166,2.9392836,8.867501,3.3945181,3
171348888779799,11810610166,3.0197423,8.833703,3.3565319,3
171348891279799,11813110166,3.077768,8.775677,3.3789647,3
171348893779799,11815610166,3.1301112,8.716754,3.4241292,3
171348896279799,11818110166,3.1755748,8.660223,3.4803605,3
171348898779799,11820610166,3.2066815,8.614461,3.551547,3
171348901279799,11823110166,3.246462,8.587242,3.630211,3
171348903779799,11825610166,3.3149567,8.546266,3.7238302,3
171348906279799,11828110166,3.3702908,8.545667,3.734598,3
171348908779799,11830610166,3.4316068,8.516953,3.7749767,3
171348911279799,11833110166,3.4986057,8.515159,3.7627137,3
171348913779799,11835610166,3.5647075,8.503195,3.7256248,3
171348916279799,11838110166,3.6083765,8.479266,3.6589248,3
171348918779799,11840610166,3.6134613,8.469994,3.5910287,3
171348921279799,11843110166,3.6023946,8.466703,3.5336008,3
171348923779799,11845610166,3.5730824,8.486444,3.4579277,3
171348926279799,11848110166,3.5189447,8.499306,3.411866,3
171348928779799,11850610166,3.4612179,8.530413,3.4049866,3
171348931279799,11853110166,3.406183,8.536993,3.4193435,3
171348933779799,11855610166,3.3604202,8.513364,3.4621153,3
171348936279799,11858110166,3.3427732,8.4813595,3.516552,3
171348938779799,11860610166,3.312564,8.450851,3.589533,3
171348941279799,11863110166,3.2943187,8.4038925,3.6439698,3
171348943779799,11865610166,3.3023944,8.341081,3.7220356,3
171348946279799,11868110166,3.3023944,8.273483,3.8276188,3
171348948779799,11870610166,3.293122,8.219346,3.9367914,3
171348951279799,11873110166,3.2748768,8.186444,4.025326,3
171348953779799,11875610166,3.2246277,8.152945,4.1237307,3
171348956279799,11878110166,3.176472,8.147262,4.2098722,3
171348958779799,11880610166,3.1172497,8.161918,4.2649074,3
171348961279799,11883110166,3.0442686,8.1891365,4.313362,3
171348963779799,11885610166,2.9662027,8.226225,4.3534417,3
171348966279799,11888110166,2.8902307,8.262117,4.383352,3
171348968779799,11890610166,2.806781,8.309974,4.408477,3
171348971279799,11893110166,2.7792635,8.340183,4.4312086,3
171348973779799,11895610166,2.7768707,8.372188,4.4258246,3
171348976279799,11898110166,2.7882366,8.413763,4.430311,3
171348978779799,11900610166,2.8061829,8.4679,4.4315076,3
171348981279799,11903110166,2.8468606,8.5014,4.4198427,3
171348983779799,11905610166,2.8752756,8.523534,4.386343,3
171348986279799,11908110166,2.9416764,8.535198,4.3683968,3
171348988779799,11910610166,3.0026934,8.512766,4.3405805,3
171348991279799,11913110166,3.0589247,8.469096,4.284648,3
171348993779799,11915610166,3.1199417,8.413763,4.2427735,3
171348996279799,11918110166,3.1830523,8.354839,4.212265,3
171348998779799,11920610166,3.214159,8.296813,4.150949,3
171349001279799,11923110166,3.252145,8.241778,4.11386,3
171349003779799,11925610166,3.251248,8.216654,4.115356,3
171349006279799,11928110166,3.2721848,8.22802,4.108177,3
171349008779799,11930610166,3.2844481,8.236993,4.1177487,3
171349011279799,11933110166,3.2784662,8.262715,4.12732,3
171349013779799,11935610166,3.2524443,8.274381,4.132106,3
171349016279799,11938110166,3.263212,8.300702,4.121637,3
171349018779799,11940610166,3.2599218,8.318349,4.1521454,3
171349021279799,11943110166,3.2407792,8.335098,4.17727,3
171349023779799,11945610166,3.225824,8.34138,4.196712,3
171349026279799,11948110166,3.2090743,8.353643,4.2242293,3
171349028779799,11950610166,3.1950164,8.346764,4.235894,3
171349031279799,11953110166,3.1839497,8.328219,4.2442694,3
171349033779799,11955610166,3.1710882,8.318648,4.2167516,3
171349036279799,11958110166,3.181856,8.29771,4.2131624,3
171349038779799,11960610166,3.205784,8.287242,4.165007,3
171349041279799,11963110166,3.2267213,8.295917,4.1344986,3
171349043779799,11965610166,3.2506495,8.317751,4.110271,3
171349046279799,11968110166,3.2916267,8.320144,4.0776687,3
171349048779799,11970610166,3.3296127,8.332407,4.0504503,3
171349051279799,11973110166,3.3726835,8.341679,3.9987056,3
171349053779799,11975610166,3.3789647,8.356036,3.9637108,3
171349056279799,11978110166,3.3849468,8.371589,3.9071803,3
171349058779799,11980610166,3.3879378,8.376076,3.8476589,3
171349061279799,11983110166,3.37717,8.379066,3.766901,3
171349063779799,11985610166,3.3702908,8.36471,3.705585,3
171349066279799,11988110166,3.3789647,8.349754,3.6460636,3
171349068779799,11990610166,3.3741791,8.3327055,3.5907295,3
171349071279799,11993110166,3.3759737,8.320442,3.5697923,3
171349073779799,11995610166,3.3837504,8.313264,3.577569,3
171349076279799,11998110166,3.3918262,8.299206,3.5967116,3
171349078779799,12000610166,3.3990045,8.291729,3.5976088,3
171349081279799,12003110166,3.3846476,8.299206,3.6197424,3
171349083779799,12005610166,3.347858,8.314161,3.6287155,3
171349086279799,12008110166,3.3167512,8.362616,3.6083765,3
171349088779799,12010610166,3.2853456,8.389535,3.5817564,3
171349091279799,12013110166,3.275475,8.411968,3.5389848,3
171349093779799,12015610166,3.2524443,8.439486,3.5030923,3
171349096279799,12018110166,3.2368908,8.458628,3.4316068,3
171349098779799,12020610166,3.2210383,8.46491,3.3930225,3
171349101279799,12023110166,3.2162528,8.468798,3.3649068,3
171349103779799,12025610166,3.2123644,8.488837,3.3346975,3
171349106279799,12028110166,3.2102706,8.490034,3.2949169,3
171349108779799,12030610166,3.231806,8.492725,3.2671003,3
171349111279799,12033110166,3.257529,8.48465,3.277868,3
171349113779799,12035610166,3.2982068,8.4682,3.251846,3
171349116279799,12038110166,3.3137603,8.4655075,3.222833,3
171349118779799,12040610166,3.3349965,8.421839,3.2350962,3
171349121279799,12043110166,3.347858,8.3835535,3.2383864,3
171349123779799,12045610166,3.3314073,8.348857,3.2817562,3
171349126279799,12048110166,3.3137603,8.337193,3.3460634,3
171349128779799,12050610166,3.2847474,8.314759,3.4435709,3
171349131279799,12053110166,3.2587254,8.3219385,3.5240295,3
171349133779799,12055610166,3.2243285,8.345268,3.664907,3
171349136279799,12058110166,3.190829,8.360522,3.7304106,3
171349138779799,12060610166,3.1618161,8.353643,3.8117664,3
171349141279799,12063110166,3.1166515,8.348857,3.8910286,3
171349143779799,12065610166,3.0735807,8.350652,3.9484565,3
171349146279799,12068110166,3.0179477,8.341081,4.0444684,3
171349148779799,12070610166,2.9703903,8.356634,4.0588255,3
171349151279799,12073110166,2.9210382,8.368,4.082155,3
171349153779799,12075610166,2.8689942,8.3632145,4.0974097,3
171349156279799,12078110166,2.835794,8.38804,4.1114674,3
171349158779799,12080610166,2.8109684,8.388339,4.121637,3
171349161279799,12083110166,2.7798617,8.406584,4.134199,3
171349163779799,12085610166,2.7535408,8.407781,4.1183467,3
171349166279799,12088110166,2.7083762,8.420044,4.111767,3
171349168779799,12090610166,2.6676981,8.453842,4.121637,3
171349171279799,12093110166,2.6482565,8.4909315,4.11386,3
171349173779799,12095610166,2.6228328,8.52802,4.112066,3
171349176279799,12098110166,2.611467,8.550452,4.1177487,3
171349178779799,12100610166,2.597409,8.571689,4.111767,3
171349181279799,12103110166,2.597708,8.57468,4.095316,3
171349183779799,12105610166,2.6347969,8.570193,4.1001015,3
171349186279799,12108110166,2.667399,8.554042,4.0977087,3
171349188779799,12110610166,2.7122645,8.545667,4.106084,3
171349191279799,12113110166,2.7714868,8.513962,4.115954,3
171349193779799,12115610166,2.8148568,8.504989,4.1144586,3
171349196279799,12118110166,2.8567312,8.488539,4.106981,3
171349198779799,12120610166,2.9102705,8.481659,4.1171503,3
171349201279799,12123110166,2.9279177,8.475079,4.0920258,3
171349203779799,12125610166,2.9542387,8.455338,4.0767717,3
171349206279799,12128110166,2.9838498,8.448159,4.0615172,3
171349208779799,12130610166,2.993421,8.438588,4.0615172,3
171349211279799,12133110166,3.0143583,8.427222,4.066004,3
171349213779799,12135610166,3.0317063,8.407183,4.0827537,3
171349216279799,12138110166,3.0496526,8.405088,4.109972,3
171349218779799,12140610166,3.0664022,8.404191,4.135994,3
171349221279799,12143110166,3.0816565,8.402696,4.159324,3
171349223779799,12145610166,3.0675986,8.40449,4.1841493,3
171349226279799,12148110166,3.0735807,8.390432,4.208975,3
171349228779799,12150610166,3.0526435,8.373981,4.2278185,3
171349231279799,12153110166,3.022434,8.371589,4.2038903,3
171349233779799,12155610166,2.9952157,8.371589,4.200899,3
171349236279799,12158110166,2.9605198,8.382357,4.1832523,3
171349238779799,12160610166,2.9479575,8.388638,4.1608195,3
171349241279799,12163110166,2.955136,8.380263,4.1997027,3
171349243779799,12165610166,2.935096,8.369795,4.234698,3
171349246279799,12168110166,2.917449,8.360522,4.275077,3
171349248779799,12170610166,2.9108686,8.346464,4.3154554,3
171349251279799,12173110166,2.888436,8.347063,4.371687,3
171349253779799,12175610166,2.8704898,8.335996,4.4186463,3
171349256279799,12178110166,2.8501508,8.334201,4.418048,3
171349258779799,12180610166,2.832803,8.352746,4.395914,3
171349261279799,12183110166,2.8160532,8.359326,4.341777,3
171349263779799,12185610166,2.7954152,8.352746,4.288237,3
171349266279799,12188110166,2.801098,8.35783,4.254738,3
171349268779799,12190610166,2.821437,8.336893,4.215555,3
171349271279799,12193110166,2.8390841,8.327023,4.1874394,3
171349273779799,12195610166,2.8642087,8.330014,4.1557345,3
171349276279799,12198110166,2.862713,8.333304,4.099204,3
171349278779799,12200610166,2.8719854,8.323732,4.0151563,3
171349281279799,12203110166,2.87378,8.339585,3.9598224,3
171349283779799,12205610166,2.8770702,8.338987,3.8997028,3
171349286279799,12208110166,2.885146,8.34467,3.8321054,3
171349288779799,12210610166,2.8776684,8.347362,3.7884364,3
171349291279799,12213110166,2.8866415,8.34796,3.7325041,3
171349293779799,12215610166,2.8917263,8.335098,3.675974,3
171349296279799,12218110166,2.9120653,8.323434,3.6726837,3
171349298779799,12220610166,2.9222345,8.340483,3.6786656,3
171349301279799,12223110166,2.9341989,8.346464,3.6963127,3
171349303779799,12225610166,2.955435,8.354241,3.7061832,3
171349306279799,12228110166,2.9629126,8.364112,3.758227,3
171349308779799,12230610166,2.9629126,8.373683,3.8315072,3
171349311279799,12233110166,2.9820552,8.367701,3.8665023,3
171349313779799,12235610166,2.9850461,8.375178,3.9158542,3
171349316279799,12238110166,2.9805596,8.380861,3.9185462,3
171349318779799,12240610166,2.9793632,8.382357,3.9406798,3
171349321279799,12243110166,2.9895327,8.377571,3.95055,3
171349323779799,12245610166,2.9937203,8.372188,3.9508493,3
171349326279799,12248110166,3.01376,8.350353,3.9750767,3
171349328779799,12250610166,3.0326035,8.359027,3.9747775,3
171349331279799,12253110166,3.045465,8.380562,3.9681973,3
171349333779799,12255610166,3.0681968,8.399107,3.9583268,3
171349336279799,12258110166,3.0735807,8.417651,3.9296129,3
171349338779799,12260610166,3.0810583,8.435298,3.897609,3
171349341279799,12263110166,3.1055846,8.438588,3.856632,3
171349343779799,12265610166,3.1220353,8.42782,3.839284,3
171349346279799,12268110166,3.1160533,8.416156,3.818945,3
171349348779799,12270610166,3.1139596,8.402397,3.7938204,3
171349351279799,12273110166,3.1028929,8.384451,3.7953157,3
171349353779799,12275610166,3.1004999,8.385049,3.8126638,3
171349356279799,12278110166,3.0822546,8.407481,3.8063827,3
171349358779799,12280610166,3.0376883,8.442178,3.7890346,3
171349361279799,12283110166,2.9865417,8.472985,3.737888,3
171349363779799,12285610166,2.9240294,8.501101,3.6858442,3
171349366279799,12288110166,2.9006991,8.513962,3.6314075,3
171349368779799,12290610166,2.887838,8.519047,3.5617166,3
171349371279799,12293110166,2.8872397,8.529815,3.4857445,3
171349373779799,12295610166,2.8863423,8.525029,3.3640096,3
171349376279799,12298110166,2.9192436,8.530712,3.2584262,3
171349378779799,12300610166,2.9485557,8.541181,3.1199417,3
171349381279799,12303110166,3.0041888,8.543274,3.0119655,3
171349383779799,12305610166,3.05384,8.544769,2.9183464,3
171349386279799,12308110166,3.1220353,8.562716,2.864807,3
171349388779799,12310610166,3.1654053,8.593225,2.8381867,3
171349391279799,12313110166,3.2093735,8.640781,2.8624141,3
171349393779799,12315610166,3.2093735,8.666505,2.8615167,3
171349396279799,12318110166,3.19382,8.687142,2.8806593,3
171349398779799,12320610166,3.170789,8.700603,2.9153552,3
171349401279799,12323110166,3.1399815,8.692227,2.9578278,3
171349403779799,12325610166,3.1145577,8.672188,3.0296125,3
171349406279799,12328110166,3.1133614,8.633603,3.1253254,3
171349408779799,12330610166,3.0978081,8.602496,3.2285159,3
171349411279799,12333110166,3.1076784,8.570193,3.3197422,3
171349413779799,12335610166,3.112165,8.544769,3.4190445,3
171349416279799,12338110166,3.1190443,8.529815,3.5350964,3
171349418779799,12340610166,3.1106694,8.510672,3.650251,3
171349421279799,12343110166,3.0957143,8.499306,3.7486558,3
171349423779799,12345610166,3.0720851,8.483752,3.8629131,3
171349426279799,12348110166,3.0523443,8.479864,3.9358943,3
171349428779799,12350610166,3.0239296,8.469096,4.009773,3
171349431279799,12353110166,3.012863,8.437391,4.071089,3
171349433779799,12355610166,3.0113673,8.430512,4.080361,3
171349436279799,12358110166,3.011068,8.437391,4.106383,3
171349438779799,12360610166,3.0107691,8.410771,4.106981,3
171349441279799,12363110166,3.013162,8.403294,4.11386,3
171349443779799,12365610166,2.9955149,8.392227,4.099204,3
171349446279799,12368110166,2.992823,8.397611,4.1030927,3
171349448779799,12370610166,2.98714,8.397611,4.104588,3
171349451279799,12373110166,3.0020952,8.409575,4.124329,3
171349453779799,12375610166,2.9847472,8.446664,4.1605206,3
171349456279799,12378110166,2.9772696,8.451151,4.18056,3
171349458779799,12380610166,2.9703903,8.46102,4.171288,3
171349461279799,12383110166,2.9419754,8.449356,4.134199,3
171349463779799,12385610166,2.960819,8.428718,4.086044,3
171349466279799,12388110166,3.0152557,8.402098,4.0420756,3
171349468779799,12390610166,3.0634112,8.375478,3.9592242,3
171349471279799,12393110166,3.1169505,8.322835,3.8650067,3
171349473779799,12395610166,3.153142,8.321639,3.7800615,3
171349476279799,12398110166,3.161218,8.304889,3.7241294,3
171349478779799,12400610166,3.1603205,8.3123665,3.6774693,3
171349481279799,12403110166,3.1477582,8.342576,3.6613178,3
171349483779799,12405610166,3.1310084,8.352447,3.6254253,3
171349486279799,12408110166,3.1019955,8.36112,3.585944,3
171349488779799,12410610166,3.0972097,8.36471,3.5539398,3
171349491279799,12413110166,3.1058838,8.366803,3.5036905,3
171349493779799,12415610166,3.117848,8.360822,3.4776685,3
171349496279799,12418110166,3.1253254,8.374281,3.4677982,3
171349498779799,12420610166,3.1334012,8.398808,3.4716866,3
171349501279799,12423110166,3.1316066,8.43111,3.490231,3
171349503779799,12425610166,3.1534412,8.473583,3.5009987,3
171349506279799,12428110166,3.1633115,8.514261,3.5240295,3
171349508779799,12430610166,3.1749766,8.534301,3.5470605,3
171349511279799,12433110166,3.173182,8.558229,3.5566318,3
171349513779799,12435610166,3.1860433,8.56122,3.565605,3
171349516279799,12438110166,3.2072797,8.566605,3.5605202,3
171349518779799,12440610166,3.2201412,8.557033,3.554538,3
171349521279799,12443110166,3.2527432,8.521739,3.5560336,3
171349523779799,12445610166,3.2659037,8.508578,3.5530424,3
171349526279799,12448110166,3.289533,8.508578,3.5596228,3
171349528779799,12450610166,3.3197422,8.501998,3.5443685,3
171349531279799,12453110166,3.3415768,8.5016985,3.5428731,3
171349533779799,12455610166,3.3592238,8.505288,3.5321052,3
171349536279799,12458110166,3.3412778,8.498708,3.5440695,3
171349538779799,12460610166,3.3382866,8.520244,3.5928233,3
171349541279799,12463110166,3.2982068,8.519645,3.6436708,3
171349543779799,12465610166,3.2620156,8.513962,3.7073796,3
171349546279799,12468110166,3.2096725,8.510971,3.7791643,3
171349548779799,12470610166,3.1579278,8.506186,3.8291144,3
171349551279799,12473110166,3.1190443,8.496913,3.8967116,3
171349553779799,12475610166,3.0589247,8.462517,3.9433718,3
171349556279799,12478110166,3.0254252,8.45474,3.9858444,3
171349558779799,12480610166,3.0239296,8.428718,4.028616,3
171349561279799,12483110166,3.0152557,8.40479,4.0567317,3
171349563779799,12485610166,3.019443,8.385946,4.054638,3
171349566279799,12488110166,3.0284162,8.362018,4.0591245,3
171349568779799,12490610166,3.0343983,8.352447,4.0680976,3
171349571279799,12493110166,3.0469606,8.347362,4.0609193,3
171349573779799,12495610166,3.0269206,8.34467,4.0707893,3
171349576279799,12498110166,3.0038898,8.341978,4.0513477,3
171349578779799,12500610166,2.9886355,8.343473,4.0390844,3
171349581279799,12503110166,2.9856443,8.339884,4.026522,3
171349583779799,12505610166,2.9889345,8.346764,4.0163527,3
171349586279799,12508110166,2.9847472,8.328219,4.005884,3
171349588779799,12510610166,2.993122,8.319844,3.9972103,3
171349591279799,12513110166,3.0098717,8.313264,3.9795632,3
171349593779799,12515610166,3.0472596,8.300702,3.972684,3
171349596279799,12518110166,3.1019955,8.272586,3.9670007,3
171349598779799,12520610166,3.1462626,8.263912,3.9774694,3
171349601279799,12523110166,3.1986058,8.252247,4.0103707,3
171349603779799,12525610166,3.225824,8.243873,4.014259,3
171349606279799,12528110166,3.2294133,8.2348995,4.0301113,3
171349608779799,12530610166,3.2219357,8.221739,4.025625,3
171349611279799,12533110166,3.187838,8.210971,4.0307097,3
171349613779799,12535610166,3.147459,8.205288,4.0384865,3
171349616279799,12538110166,3.0876386,8.206185,4.037589,3
171349618779799,12540610166,3.0203404,8.222037,4.0387855,3
171349621279799,12543110166,2.9303105,8.246564,4.0301113,3
171349623779799,12545610166,2.8657043,8.269595,4.0624146,3
171349626279799,12548110166,2.8196423,8.299206,4.08066,3
171349628779799,12550610166,2.771786,8.333603,4.1084766,3
171349631279799,12553110166,2.725425,8.3784685,4.136592,3
171349633779799,12555610166,2.7044878,8.437691,4.1635113,3
171349636279799,12558110166,2.6769702,8.488239,4.169194,3
171349638779799,12560610166,2.6491537,8.558528,4.153342,3
171349641279799,12563110166,2.6330023,8.6090765,4.136293,3
171349643779799,12565610166,2.629114,8.647661,4.1258245,3
171349646279799,12568110166,2.6195426,8.699107,4.1150565,3
171349648779799,12570610166,2.6201408,8.75474,4.1180477,3
171349651279799,12573110166,2.5980072,8.777771,4.1228333,3
171349653779799,12575610166,2.6159534,8.811271,4.1183467,3
171349656279799,12578110166,2.6159534,8.830712,4.1294136,3
171349658779799,12580610166,2.6258237,8.836993,4.126722,3
171349661279799,12583110166,2.630011,8.784052,4.0537405,3
171349663779799,12585610166,2.629712,8.695518,4.002893,3
171349666279799,12588110166,2.6371896,8.623733,4.0013976,3
171349668779799,12590610166,2.652743,8.635098,3.9667017,3
171349671279799,12593110166,2.6665018,8.650054,3.9056847,3
171349673779799,12595610166,2.7119653,8.655437,3.816253,3
171349676279799,12598110166,2.7765715,8.671589,3.7304106,3
171349678779799,12600610166,2.8283165,8.689835,3.58056,3
171349681279799,12603110166,2.8926234,8.711968,3.4594233,3
171349683779799,12605610166,2.9210382,8.770593,3.33051,3
171349686279799,12608110166,2.9847472,8.803194,3.1809585,3
171349688779799,12610610166,3.0388846,8.829216,3.048456,3
171349691279799,12613110166,3.0906296,8.844471,2.978765,3
171349693779799,12615610166,3.129812,8.837293,2.926422,3
171349696279799,12618110166,3.1657043,8.797213,2.888436,3
171349698779799,12620610166,3.1827533,8.747861,2.862713,3
171349701279799,12623110166,3.1827533,8.7113695,2.9213374,3
171349703779799,12625610166,3.185146,8.668598,2.9605198,3
171349706279799,12628110166,3.1728828,8.624032,3.0789645,3
171349708779799,12630610166,3.147459,8.586345,3.2123644,3
171349711279799,12633110166,3.1247272,8.544769,3.3658042,3
171349713779799,12635610166,3.0813572,8.482257,3.531507,3
171349716279799,12638110166,3.0478578,8.404191,3.7136607,3
171349718779799,12640610166,3.027818,8.350054,3.8739798,3
171349721279799,12643110166,3.004488,8.305786,4.0268216,3
171349723779799,12645610166,2.9970105,8.268398,4.1587257,3
171349726279799,12648110166,2.9940193,8.251649,4.2762733,3
171349728779799,12650610166,2.9862428,8.245368,4.3576293,3
171349731279799,12653110166,2.984448,8.249556,4.4007,3
171349733779799,12655610166,2.970091,8.260622,4.415954,3
171349736279799,12658110166,2.9742785,8.258529,4.398008,3
171349738779799,12660610166,2.9745777,8.273184,4.362116,3
171349741279799,12663110166,2.964109,8.278269,4.3151565,3
171349743779799,12665610166,2.9832516,8.292925,4.261617,3
171349746279799,12668110166,3.004488,8.315059,4.21735,3
171349748779799,12670610166,3.01047,8.3219385,4.13061,3
171349751279799,12673110166,3.048157,8.329117,4.049254,3
171349753779799,12675610166,3.0822546,8.330911,3.9756749,3
171349756279799,12678110166,3.1166515,8.327023,3.9164524,3
171349758779799,12680610166,3.141776,8.305786,3.8560338,3
171349761279799,12683110166,3.165106,8.299505,3.8201413,3
171349763779799,12685610166,3.1971102,8.280961,3.807579,3
171349766279799,12688110166,3.229114,8.280064,3.825226,3
171349768779799,12690610166,3.2488549,8.2660055,3.9050865,3
171349771279799,12693110166,3.2545378,8.2348995,3.9747775,3
171349773779799,12695610166,3.2569308,8.213962,4.0295134,3
171349776279799,12698110166,3.2533414,8.190034,4.0845485,3
171349778779799,12700610166,3.21715,8.147861,4.1168513,3
171349781279799,12703110166,3.2018957,8.116454,4.2050867,3
171349783779799,12705610166,3.1573296,8.093722,4.256532,3
171349786279799,12708110166,3.109174,8.076375,4.319942,3
171349788779799,12710610166,3.077768,8.061719,4.3851466,3
171349791279799,12713110166,3.0436704,8.045866,4.445565,3
171349793779799,12715610166,3.0245278,8.05125,4.5044885,3
171349796279799,12718110166,2.9775686,8.093722,4.551448,3
171349798779799,12720610166,2.9635108,8.1679,4.564309,3
171349801279799,12723110166,2.9210382,8.233105,4.554738,3
171349803779799,12725610166,2.9045875,8.292027,4.534698,3
171349806279799,12728110166,2.883052,8.346166,4.499703,3
171349808779799,12730610166,2.853441,8.370093,4.4485564,3
171349811279799,12733110166,2.841477,8.39821,4.37737,3
171349813779799,12735610166,2.841477,8.408379,4.260122,3
171349816279799,12738110166,2.82712,8.424232,4.1757746,3
