sensor_timestamp_ns,relative_to_audio_start_ns,x_m_s2,y_m_s2,z_m_s2,accuracy
193971201271327,-7759724,4.788337,7.4192457,4.0612183,3
193971203771327,-5259724,4.788337,7.4192457,4.0612183,3
193971206271327,-2759724,4.788337,7.4192457,4.0612183,3
193971208771327,-259724,4.788337,7.4192457,4.0612183,3
193971211271327,2240276,4.788337,7.4192457,4.0612183,3
193971213771327,4740276,4.8418765,7.420442,4.0420756,3
193971216271327,7240276,4.9022956,7.426424,4.0214376,3
193971218771327,9740276,4.903492,7.411469,4.004987,3
193971221271327,12240276,4.907679,7.41446,4.005884,3
193971223771327,14740276,4.916652,7.396813,3.9978085,3
193971226271327,17240276,4.929514,7.406085,4.0010986,3
193971228771327,19740276,4.92742,7.4015985,3.9870408,3
193971231271327,22240276,4.9259243,7.4153576,4.004987,3
193971233771327,24740276,4.941179,7.405487,4.025027,3
193971236271327,27240276,4.9292145,7.4042907,4.046861,3
193971238771327,29740276,4.9055853,7.419844,4.042674,3
193971241271327,32240276,4.9022956,7.428219,4.063611,3
193971243771327,34740276,4.883751,7.4213395,4.065705,3
193971246271327,37240276,4.8649077,7.437192,4.05404,3
193971248771327,39740276,4.8568316,7.440781,4.0438704,3
193971251271327,42240276,4.846064,7.446763,4.0178485,3
193971253771327,44740276,4.8433723,7.4620175,4.0157547,3
193971256271327,47240276,4.8436713,7.461419,4.0148573,3
193971258771327,49740276,4.8355956,7.452147,4.022634,3
193971261271327,52240276,4.8568316,7.451549,4.0013976,3
193971263771327,54740276,4.8583274,7.4527454,4.004389,3
193971266271327,57240276,4.8622155,7.4512496,4.011567,3
193971268771327,59740276,4.875376,7.4356966,4.0088754,3
193971271271327,62240276,4.883153,7.4240313,4.0181475,3
193971273771327,64740276,4.863113,7.4183483,4.0145583,3
193971276271327,67240276,4.8568316,7.4162545,3.9894335,3
193971278771327,69740276,4.8529434,7.408478,3.996612,3
193971281271327,72240276,4.845765,7.4102726,3.9942193,3
193971283771327,74740276,4.8379884,7.4189467,3.9873397,3
193971286271327,77240276,4.8475595,7.435397,4.0007997,3
193971288771327,79740276,4.8496532,7.4327054,4.0298123,3
193971291271327,82240276,4.874778,7.4440713,4.0513477,3
193971293771327,84740276,4.8705907,7.446763,4.068696,3
193971296271327,87240276,4.881657,7.446763,4.060321,3
193971298771327,89740276,4.892126,7.440482,4.0474596,3
193971301271327,92240276,4.8705907,7.434201,4.042674,3
193971303771327,94740276,4.8789654,7.4422765,4.0277185,3
193971306271327,97240276,4.867001,7.4216385,4.028317,3
193971308771327,99740276,4.8469615,7.4192457,4.0220356,3
193971311271327,102240276,4.8397827,7.4195447,4.0241294,3
193971313771327,104740276,4.8529434,7.4195447,4.025924,3
193971316271327,107240276,4.8475595,7.420741,4.0295134,3
193971318771327,109740276,4.8643093,7.417152,4.0531425,3
193971321271327,112240276,4.8882375,7.414759,4.0348973,3
193971323771327,114740276,4.8918266,7.4177504,4.0480576,3
193971326271327,117240276,4.912764,7.4141607,4.030411,3
193971328771327,119740276,4.915456,7.4072814,4.026223,3
193971331271327,122240276,4.9316072,7.3986077,4.0148573,3
193971333771327,124740276,4.913362,7.3977103,3.99392,3
193971336271327,127240276,4.872684,7.39113,3.981956,3
193971338771327,129740276,4.880162,7.396813,3.972983,3
193971341271327,132240276,4.8622155,7.39113,3.973282,3
193971343771327,134740276,4.857729,7.4036922,3.9798622,3
193971346271327,137240276,4.86072,7.399505,4.001996,3
193971348771327,139740276,4.8586264,7.405487,4.008576,3
193971351271327,142240276,4.8622155,7.4189467,4.0178485,3
193971353771327,144740276,4.857729,7.4195447,4.0351963,3
193971356271327,147240276,4.857729,7.44108,4.019045,3
193971358771327,149740276,4.857729,7.449156,4.011567,3
193971361271327,152240276,4.8436713,7.451848,3.9951165,3
193971363771327,154740276,4.846064,7.4563346,3.999304,3
193971366271327,157240276,4.8442693,7.4620175,4.005884,3
193971368771327,159740276,4.8308096,7.4733834,3.987639,3
193971371271327,162240276,4.818547,7.449156,4.0037904,3
193971373771327,164740276,4.8242297,7.437491,4.002893,3
193971376271327,167240276,4.8119664,7.4192457,4.0073795,3
193971378771327,169740276,4.811368,7.4153576,3.9834516,3
193971381271327,172240276,4.805386,7.4365935,3.9580278,3
193971383771327,174740276,4.795815,7.443174,3.9837506,3
193971386271327,177240276,4.7832522,7.4853473,4.005286,3
193971388771327,179740276,4.7823553,7.478169,4.0103707,3
193971391271327,182240276,4.791029,7.486843,4.0067816,3
193971393771327,184740276,4.808975,7.501798,4.0414777,3
193971396271327,187240276,4.825725,7.50449,4.063312,3
193971398771327,189740276,4.822734,7.5053873,4.0594234,3
193971401271327,192240276,4.843073,7.5000033,4.063013,3
193971403771327,194740276,4.8361936,7.481459,4.0495534,3
193971406271327,197240276,4.828417,7.472785,4.0310087,3
193971408771327,199740276,4.8266225,7.4769726,4.002295,3
193971411271327,202240276,4.831408,7.4697943,3.9942193,3
193971413771327,204740276,4.8439703,7.468897,4.0040894,3
193971416271327,207240276,4.8502517,7.4602227,4.0037904,3
193971418771327,209740276,4.863412,7.4620175,4.02054,3
193971421271327,212240276,4.886443,7.4362946,4.049254,3
193971423771327,214740276,4.8822556,7.4273214,4.0812583,3
193971426271327,217240276,4.87418,7.4327054,4.0770707,3
193971428771327,219740276,4.8526444,7.432107,4.0767717,3
193971431271327,222240276,4.8266225,7.422835,4.0588255,3
193971433771327,224740276,4.8152566,7.4186473,4.0441694,3
193971436271327,227240276,4.7778687,7.4045897,4.0366917,3
193971438771327,229740276,4.776373,7.391429,4.0331025,3
193971441271327,232240276,4.781159,7.3776703,4.0325046,3
193971443771327,234740276,4.784449,7.385148,4.0238304,3
193971446271327,237240276,4.799703,7.4015985,4.0103707,3
193971448771327,239740276,4.8003016,7.4072814,4.006183,3
193971451271327,242240276,4.7922254,7.431509,3.9807596,3
193971453771327,244740276,4.8059845,7.4356966,3.9837506,3
193971456271327,247240276,4.813462,7.4398837,3.970889,3
193971458771327,249740276,4.8095737,7.4512496,3.9681973,3
193971461271327,252240276,4.816453,7.461718,3.970291,3
193971463771327,254740276,4.8236313,7.4775705,3.9574296,3
193971466271327,257240276,4.814957,7.483852,3.9415772,3
193971468771327,259740276,4.820341,7.4826555,3.9457645,3
193971471271327,262240276,4.812864,7.493124,3.9544384,3
193971473771327,264740276,4.805087,7.5068827,3.9595232,3
193971476271327,267240276,4.7988057,7.515856,3.982255,3
193971478771327,269740276,4.79402,7.5179496,3.993621,3
193971481271327,272240276,4.7766724,7.522137,4.008277,3
193971483771327,274740276,4.76082,7.535896,4.0100718,3
193971486271327,277240276,4.7509494,7.5433736,4.0091743,3
193971488771327,279740276,4.7434716,7.5406814,4.028018,3
193971491271327,282240276,4.7365923,7.5532436,4.0292144,3
193971493771327,284740276,4.7321057,7.5529447,4.0091743,3
193971496271327,287240276,4.747958,7.559525,3.9780676,3
193971498771327,289740276,4.7859445,7.5556364,3.9508493,3
193971501271327,292240276,4.7952166,7.5553374,3.9457645,3
193971503771327,294740276,4.831109,7.5553374,3.9535413,3
193971506271327,297240276,4.859225,7.5400834,3.9658043,3
193971508771327,299740276,4.877769,7.537391,3.9678981,3
193971511271327,302240276,4.883452,7.5364943,3.9786658,3
193971513771327,304740276,4.886443,7.5364943,3.9984066,3
193971516271327,307240276,4.8939204,7.525128,3.9999022,3
193971518771327,309740276,4.896014,7.528119,4.0073795,3
193971521271327,312240276,4.901099,7.519445,4.0160537,3
193971523771327,314740276,4.886742,7.5182486,4.0244284,3
193971526271327,317240276,4.8828535,7.5239315,4.0325046,3
193971528771327,319740276,4.879863,7.507481,4.0348973,3
193971531271327,322240276,4.8526444,7.493124,4.0501513,3
193971533771327,324740276,4.848756,7.4823565,4.0651064,3
193971536271327,327240276,4.842774,7.4697943,4.0612183,3
193971538771327,329740276,4.8215375,7.461419,4.072285,3
193971541271327,332240276,4.7970114,7.4569325,4.0761733,3
193971543771327,334740276,4.776373,7.466504,4.080959,3
193971546271327,337240276,4.7482576,7.48116,4.0944185,3
193971548771327,339740276,4.7365923,7.4850483,4.0962133,3
193971551271327,342240276,4.7096734,7.4883385,4.109972,3
193971553771327,344740276,4.6962137,7.49103,4.1228333,3
193971556271327,347240276,4.679763,7.510173,4.128217,3
193971558771327,349740276,4.6579285,7.5149584,4.1228333,3
193971561271327,352240276,4.6411786,7.5364943,4.12732,3
193971563771327,354740276,4.639085,7.5236325,4.13061,3
193971566271327,357240276,4.6295137,7.54457,4.1291146,3
193971568771327,359740276,4.6438704,7.52782,4.1174498,3
193971571271327,362240276,4.6411786,7.5320077,4.0944185,3
193971573771327,364740276,4.6447678,7.534101,4.0731826,3
193971576271327,367240276,4.6471605,7.5376906,4.082155,3
193971578771327,369740276,4.6704907,7.5272217,4.077968,3
193971581271327,372240276,4.683053,7.5263247,4.0531425,3
193971583771327,374740276,4.688437,7.516753,4.060022,3
193971586271327,377240276,4.7105703,7.49462,4.0495534,3
193971588771327,379740276,4.72403,7.475477,4.0495534,3
193971591271327,382240276,4.7279186,7.448259,4.0516467,3
193971593771327,384740276,4.7371907,7.4237323,4.045067,3
193971596271327,387240276,4.7141595,7.4039917,4.037589,3
193971598771327,389740276,4.7156553,7.379465,4.046861,3
193971601271327,392240276,4.746463,7.359126,4.059723,3
193971603771327,394740276,4.78744,7.359425,4.0672,3
193971606271327,397240276,4.8065825,7.34118,4.05404,3
193971608771327,399740276,4.8098726,7.3139615,4.0331025,3
193971611271327,402240276,4.8239303,7.3115687,4.0348973,3
193971613771327,404740276,4.842475,7.273882,4.004389,3
193971616271327,407240276,4.8705907,7.2580295,3.987639,3
193971618771327,409740276,4.886742,7.2409806,3.9795632,3
193971621271327,412240276,4.904389,7.227521,3.9723847,3
193971623771327,414740276,4.9049873,7.23111,3.9655054,3
193971626271327,417240276,4.8966126,7.228418,3.9394834,3
193971628771327,419740276,4.8972106,7.2344003,3.9400816,3
193971631271327,422240276,4.875974,7.263413,3.9526439,3
193971633771327,424740276,4.8729835,7.2807612,3.9628134,3
193971636271327,427240276,4.878068,7.3109703,3.973282,3
193971638771327,429740276,4.872086,7.331609,3.9750767,3
193971641271327,432240276,4.8652067,7.36122,3.958626,3
193971643771327,434740276,4.8412786,7.3830543,3.9535413,3
193971646271327,437240276,4.816154,7.408777,3.9759738,3
193971648771327,439740276,4.770391,7.443473,3.958626,3
193971651271327,442240276,4.7416773,7.475776,3.9394834,3
193971653771327,444740276,4.7267222,7.502097,3.9454653,3
193971656271327,447240276,4.725526,7.5161552,3.938586,3
193971658771327,449740276,4.7021956,7.5326056,3.949653,3
193971661271327,452240276,4.7371907,7.5200434,3.9622152,3
193971663771327,454740276,4.7694936,7.5257263,3.9436707,3
193971666271327,457240276,4.809274,7.5311103,3.9335012,3
193971668771327,459740276,4.853841,7.5317082,3.9332023,3
193971671271327,462240276,4.909175,7.5293155,3.932903,3
193971673771327,464740276,4.956433,7.527521,3.9340994,3
193971676271327,467240276,5.0099726,7.524829,3.9343987,3
193971678771327,469740276,5.0482574,7.511369,3.9451663,3
193971681271327,472240276,5.0979085,7.472785,3.935296,3
193971683771327,474740276,5.122136,7.461718,3.9457645,3
193971686271327,477240276,5.1266227,7.434201,3.9472601,3
193971688771327,479740276,5.139484,7.3869424,3.9547377,3
193971691271327,482240276,5.159823,7.358827,3.9520457,3
193971693771327,484740276,5.172684,7.303792,3.903292,3
193971696271327,487240276,5.198407,7.251449,3.8730826,3
193971698771327,489740276,5.2073803,7.2248287,3.9050865,3
193971701271327,492240276,5.2202415,7.1862445,3.920939,3
193971703771327,494740276,5.220541,7.1389866,3.9110687,3
193971706271327,497240276,5.2070813,7.091728,3.9218364,3
193971708771327,499740276,5.23759,7.0348988,3.941278,3
193971711271327,502240276,5.244469,6.988538,3.9595232,3
193971713771327,504740276,5.2755756,6.937092,3.984947,3
193971716271327,507240276,5.3036914,6.908976,4.0013976,3
193971718771327,509740276,5.332405,6.8742805,4.0348973,3
193971721271327,512240276,5.3572307,6.854839,4.0528436,3
193971723771327,514740276,5.369195,6.8611197,4.0495534,3
193971726271327,517240276,5.3503513,6.888338,4.0471606,3
193971728771327,519740276,5.3479586,6.8892355,4.052544,3
193971731271327,522240276,5.349155,6.894021,4.0731826,3
193971733771327,524740276,5.332405,6.8916283,4.1018963,3
193971736271327,527240276,5.316852,6.8979096,4.085745,3
193971738771327,529740276,5.3201423,6.9006014,4.080062,3
193971741271327,532240276,5.3075795,6.888338,4.045067,3
193971743771327,534740276,5.311767,6.8784676,4.022335,3
193971746271327,537240276,5.311767,6.8656063,4.0040894,3
193971748771327,539740276,5.322834,6.8318076,3.9628134,3
193971751271327,542240276,5.3126645,6.8225355,3.9678981,3
193971753771327,544740276,5.3015976,6.818348,4.002594,3
193971756271327,547240276,5.2980084,6.8165536,4.045665,3
193971758771327,549740276,5.2806606,6.8653073,4.158427,3
193971761271327,552240276,5.2701917,6.8859453,4.2314076,3
193971763771327,554740276,5.267201,6.923632,4.296014,3
193971766271327,557240276,5.2689953,6.9646096,4.3579283,3
193971768771327,559740276,5.2570314,7.018149,4.4264226,3
193971771271327,562240276,5.250451,7.062117,4.496114,3
193971773771327,564740276,5.2193446,7.1102724,4.577171,3
193971776271327,567240276,5.22084,7.1482587,4.6672006,3
193971778771327,569740276,5.227121,7.218249,4.9049873,3
193971781271327,572240276,5.3126645,7.3633137,5.654539,3
193971783771327,574740276,5.3243294,7.470691,5.7547383,3
193971786271327,577240276,5.1786666,7.4458656,5.1062837,3
193971788771327,579740276,5.009673,7.3923264,4.781159,3
193971791271327,582240276,4.879564,7.366903,4.5541396,3
193971793771327,584740276,4.685745,7.4907312,4.214658,3
193971796271327,587240276,4.4599223,7.813463,3.95055,3
193971798771327,589740276,4.499404,7.7473617,4.2661037,3
193971801271327,592240276,4.581657,7.6046896,4.299603,3
193971803771327,594740276,4.5945187,7.557431,4.013362,3
193971806271327,597240276,4.589733,7.5463643,3.7692938,3
193971808771327,599740276,4.627719,7.6387873,3.467499,3
193971811271327,602240276,4.6746783,7.5607214,3.595216,3
193971813771327,604740276,4.6121655,7.6399837,3.4773695,3
193971816271327,607240276,4.406383,7.9346,3.0987053,3
193971818771327,609740276,4.1126637,8.402696,2.6850462,3
193971821271327,612240276,4.0558343,8.581859,2.9706893,3
193971823771327,614740276,4.100999,8.692825,3.3613176,3
193971826271327,617240276,4.1318064,8.740682,3.5560336,3
193971828771327,619740276,4.171288,8.762815,3.597908,3
193971831271327,622240276,4.2047877,8.782557,3.5856447,3
193971833771327,624740276,4.2011986,8.834301,3.5617166,3
193971836271327,627240276,4.1892343,8.868399,3.5324044,3
193971838771327,629740276,4.18056,8.857332,3.522833,3
193971841271327,632240276,4.1611185,8.830712,3.5132618,3
193971843771327,634740276,4.1641097,8.810074,3.5162528,3
193971846271327,637240276,4.180261,8.763115,3.5356946,3
193971848771327,639740276,4.2128634,8.677871,3.5688949,3
193971851271327,642240276,4.2508492,8.597113,3.6293137,3
193971853771327,644740276,4.2702913,8.509774,3.6493537,3
193971856271327,647240276,4.3115673,8.411071,3.7130625,3
193971858771327,649740276,4.3462634,8.306684,3.7627137,3
193971861271327,652240276,4.401298,8.182856,3.7618163,3
193971863771327,654740276,4.4632125,8.038987,3.7483566,3
193971866271327,657240276,4.5269213,7.8852477,3.6915271,3
193971868771327,659740276,4.590331,7.7443705,3.606582,3
193971871271327,662240276,4.644469,7.623533,3.4950166,3
193971873771327,664740276,4.6764727,7.5254273,3.376572,3
193971876271327,667240276,4.7078786,7.4623165,3.3179476,3
193971878771327,669740276,4.76411,7.4153576,3.2904303,3
193971881271327,672240276,4.8230333,7.3624163,3.3203406,3
193971883771327,674740276,4.8681974,7.320841,3.3634114,3
193971886271327,677240276,4.898706,7.2966137,3.437888,3
193971888771327,679740276,4.941478,7.2726855,3.5207393,3
193971891271327,682240276,4.9773703,7.254141,3.635894,3
193971893771327,684740276,4.996812,7.216155,3.7348971,3
193971896271327,687240276,5.0126643,7.172785,3.8656049,3
193971898771327,689740276,5.04078,7.1105714,3.9897327,3
193971901271327,692240276,5.061119,7.049555,4.0734816,3
193971903771327,694740276,5.087141,6.9583282,4.1611185,3
193971906271327,697240276,5.1496534,6.8805614,4.1907296,3
193971908771327,699740276,5.18405,6.7995048,4.2098722,3
193971911271327,702240276,5.214858,6.72114,4.2188454,3
193971913771327,704740276,5.2429733,6.6478596,4.215555,3
193971916271327,707240276,5.253143,6.578767,4.199105,3
193971918771327,709740276,5.252545,6.5629144,4.1688952,3
193971921271327,712240276,5.229813,6.539584,4.1611185,3
193971923771327,714740276,5.2049875,6.5521464,4.1575294,3
193971926271327,717240276,5.174479,6.5715885,4.1850467,3
193971928771327,719740276,5.1759744,6.6011996,4.21406,3
193971931271327,722240276,5.1610193,6.649056,4.2625146,3
193971933771327,724740276,5.150252,6.7115684,4.3351965,3
193971936271327,727240276,5.1472607,6.768398,4.4007,3
193971938771327,729740276,5.1385865,6.829714,4.404887,3
193971941271327,732240276,5.1475596,6.8721867,4.4171505,3
193971943771327,734740276,5.1532426,6.9059854,4.424927,3
193971946271327,737240276,5.1607203,6.9329047,4.4093738,3
193971948771327,739740276,5.1681976,6.9475603,4.389932,3
193971951271327,742240276,5.17747,6.9592257,4.3734818,3
193971953771327,744740276,5.1786666,6.972386,4.328915,3
193971956271327,747240276,5.181957,6.9795647,4.2885365,3
193971958771327,749740276,5.1738806,6.989734,4.2571306,3
193971961271327,752240276,5.176573,6.9936223,4.2442694,3
193971963771327,754740276,5.1625147,7.000801,4.2445683,3
193971966271327,757240276,5.1439705,7.013064,4.269693,3
193971968771327,759740276,5.1329036,7.038787,4.2885365,3
193971971271327,762240276,5.1403813,7.049555,4.302594,3
193971973771327,764740276,5.1379886,7.0600233,4.310371,3
193971976271327,767240276,5.1269217,7.075577,4.301398,3
193971978771327,769740276,5.135895,7.0863442,4.308576,3
193971981271327,772240276,5.12423,7.116554,4.327121,3
193971983771327,774740276,5.123033,7.138388,4.3118663,3
193971986271327,777240276,5.103891,7.159325,4.2999024,3
193971988771327,779740276,5.0943193,7.2041907,4.3211384,3
193971991271327,782240276,5.076074,7.222735,4.2963133,3
193971993771327,784740276,5.0808597,7.2358956,4.258626,3
193971996271327,787240276,5.0823555,7.2693954,4.23051,3
193971998771327,789740276,5.0823555,7.2786674,4.2098722,3
193972001271327,792240276,5.0754757,7.294819,4.1665025,3
193972003771327,794740276,5.073083,7.3166533,4.1614175,3
193972006271327,797240276,5.0715876,7.354041,4.124329,3
193972008771327,799740276,5.078168,7.3806615,4.093222,3
193972011271327,802240276,5.091328,7.3956165,4.0758743,3
193972013771327,804740276,5.0865426,7.407581,4.0567317,3
193972016271327,807240276,5.1203413,7.4252276,4.058227,3
193972018771327,809740276,5.148457,7.4362946,4.057629,3
193972021271327,812240276,5.1678987,7.4446692,4.0384865,3
193972023771327,814740276,5.188836,7.462915,4.0244284,3
193972026271327,817240276,5.21755,7.4548388,4.019344,3
193972028771327,819740276,5.2342997,7.450352,3.9897327,3
193972031271327,822240276,5.233701,7.4443703,3.9741793,3
193972033771327,824740276,5.2429733,7.443174,3.9655054,3
193972036271327,827240276,5.2441697,7.428817,3.9269211,3
193972038771327,829740276,5.232206,7.413264,3.9248273,3
193972041271327,832240276,5.2112684,7.4063845,3.9260237,3
193972043771327,834740276,5.180162,7.3923264,3.9140596,3
193972046271327,837240276,5.1496534,7.38784,3.9278183,3
193972048771327,839740276,5.1029935,7.3639116,3.9541395,3
193972051271327,842240276,5.06082,7.3782687,3.9786658,3
193972053771327,844740276,4.997111,7.372287,3.9684963,3
193972056271327,847240276,4.982455,7.3639116,3.9981074,3
193972058771327,849740276,4.970192,7.359425,4.025924,3
193972061271327,852240276,4.959424,7.356135,4.0498524,3
193972063771327,854740276,4.9492545,7.3366933,4.078566,3
193972066271327,857240276,4.9319067,7.323832,4.0827537,3
193972068771327,859740276,4.93729,7.3247294,4.08395,3
193972071271327,862240276,4.948058,7.3046894,4.0704904,3
193972073771327,864740276,4.9606204,7.2990065,4.046263,3
193972076271327,867240276,4.9642096,7.285248,4.043272,3
193972078771327,869740276,4.9603214,7.2879395,4.0357943,3
193972081271327,872240276,4.966902,7.283453,4.025924,3
193972083771327,874740276,4.9878387,7.263413,3.981956,3
193972086271327,877240276,5.002794,7.2556367,3.972983,3
193972088771327,879740276,5.01745,7.2583284,3.9574296,3
193972091271327,882240276,5.0216374,7.273882,3.9547377,3
193972093771327,884740276,5.029414,7.2699933,3.9451663,3
193972096271327,887240276,5.024329,7.2906313,3.9538403,3
193972098771327,889740276,5.006084,7.3022966,3.972684,3
193972101271327,892240276,4.9932227,7.32114,3.9430726,3
193972103771327,894740276,4.9725847,7.3304124,3.956233,3
193972106271327,897240276,4.961219,7.339086,3.969992,3
193972108771327,899740276,4.9459643,7.373483,3.9667017,3
193972111271327,902240276,4.9340005,7.3779697,3.9759738,3
193972113771327,904740276,4.9118667,7.3806615,3.970889,3
193972116271327,907240276,4.8993044,7.3989067,3.964608,3
193972118771327,909740276,4.8822556,7.4162545,3.9625144,3
193972121271327,912240276,4.881358,7.437192,3.9807596,3
193972123771327,914740276,4.8822556,7.4569325,3.9777687,3
193972126271327,917240276,4.8852468,7.4641113,3.996612,3
193972128771327,919740276,4.894818,7.4790664,4.0037904,3
193972131271327,922240276,4.88405,7.4865437,3.996612,3
193972133771327,924740276,4.912764,7.5029945,3.9951165,3
193972136271327,927240276,4.9118667,7.5029945,3.9771702,3
193972138771327,929740276,4.912465,7.5053873,3.9711883,3
193972141271327,932240276,4.9136615,7.513762,3.9508493,3
193972143771327,934740276,4.9145584,7.519445,3.9538403,3
193972146271327,937240276,4.9085765,7.522137,3.9424744,3
193972148771327,939740276,4.9061837,7.50778,3.9427736,3
193972151271327,942240276,4.9118667,7.50778,3.9323049,3
193972153771327,944740276,4.8999023,7.5050883,3.9424744,3
193972156271327,947240276,4.894519,7.4916286,3.9400816,3
193972158771327,949740276,4.897809,7.4805617,3.9433718,3
193972161271327,952240276,4.8825545,7.4730844,3.9421754,3
193972163771327,954740276,4.8673005,7.4647093,3.92722,3
193972166271327,957240276,4.8583274,7.452147,3.9397824,3
193972168771327,959740276,4.8601217,7.4458656,3.9684963,3
193972171271327,962240276,4.843073,7.435397,3.973581,3
193972173771327,964740276,4.8379884,7.4216385,3.972983,3
193972176271327,967240276,4.8376894,7.413264,3.9831524,3
193972178771327,969740276,4.822734,7.4210405,3.9960139,3
193972181271327,972240276,4.833502,7.4066834,4.002295,3
193972183771327,974740276,4.8302116,7.417451,4.011567,3
193972186271327,977240276,4.8320065,7.3953176,4.0181475,3
193972188771327,979740276,4.8355956,7.392925,4.028018,3
193972191271327,982240276,4.859225,7.382456,4.025027,3
193972193771327,984740276,4.857131,7.3827553,4.0106697,3
193972196271327,987240276,4.8673005,7.376175,4.013362,3
193972198771327,989740276,4.874778,7.3660054,4.019344,3
193972201271327,992240276,4.879863,7.358827,4.005884,3
193972203771327,994740276,4.893023,7.346863,3.9882371,3
193972206271327,997240276,4.9052863,7.339086,3.9900317,3
193972208771327,999740276,4.9022956,7.3399835,3.9843488,3
193972211271327,1002240276,4.898407,7.342675,3.9888353,3
193972213771327,1004740276,4.901099,7.3579297,3.981956,3
193972216271327,1007240276,4.904389,7.3639116,3.9999022,3
193972218771327,1009740276,4.895117,7.3609204,4.0010986,3
193972221271327,1012240276,4.8903313,7.3698936,4.0151563,3
193972223771327,1014740276,4.8936214,7.373782,4.0202413,3
193972226271327,1017240276,4.8996034,7.367501,4.0130625,3
193972228771327,1019740276,4.9031925,7.3809605,4.02054,3
193972231271327,1022240276,4.9028935,7.3570323,4.019643,3
193972233771327,1024740276,4.897809,7.359425,4.0007997,3
193972236271327,1027240276,4.903492,7.3678,3.9885364,3
193972238771327,1029740276,4.919045,7.375876,3.9777687,3
193972241271327,1032240276,4.942375,7.367501,3.973282,3
193972243771327,1034740276,4.962116,7.3866434,3.999304,3
193972246271327,1037240276,4.989035,7.3713894,3.9852462,3
193972248771327,1039740276,4.994419,7.367501,3.9942193,3
193972251271327,1042240276,5.0246286,7.351948,3.9909291,3
193972253771327,1044740276,5.0479584,7.346265,3.9882371,3
193972256271327,1047240276,5.0587263,7.345068,3.9753757,3
193972258771327,1049740276,5.052445,7.31456,3.953242,3
193972261271327,1052240276,5.061119,7.3115687,3.9631126,3
193972263771327,1054740276,5.046762,7.3011003,3.9535413,3
193972266271327,1057240276,5.0219364,7.285248,3.9406798,3
193972268771327,1059740276,5.003392,7.2969127,3.941278,3
193972271271327,1062240276,4.983053,7.306185,3.9335012,3
193972273771327,1064740276,4.9672008,7.312466,3.9290147,3
193972276271327,1067240276,4.9405804,7.320841,3.9361932,3
193972278771327,1069740276,4.9265227,7.3438716,3.9544384,3
193972281271327,1072240276,4.916353,7.361818,3.9430726,3
193972283771327,1074740276,4.9046884,7.387242,3.9520457,3
193972286271327,1077240276,4.8954163,7.389036,3.9451663,3
193972288771327,1079740276,4.888836,7.406085,3.9421754,3
193972291271327,1082240276,4.894818,7.4249287,3.9640098,3
193972293771327,1084740276,4.9103713,7.4291162,3.9583268,3
193972296271327,1087240276,4.912764,7.43779,3.952345,3
193972298771327,1089740276,4.927719,7.435397,3.946961,3
193972301271327,1092240276,4.9310093,7.437491,3.9296129,3
193972303771327,1094740276,4.936094,7.4437723,3.9230328,3
193972306271327,1097240276,4.9582276,7.446165,3.9170506,3
193972308771327,1099740276,4.95404,7.436893,3.9397824,3
193972311271327,1102240276,4.9585266,7.4479594,3.9110687,3
193972313771327,1104740276,4.961219,7.449754,3.894917,3
193972316271327,1107240276,4.948058,7.4599237,3.894618,3
193972318771327,1109740276,4.939384,7.463214,3.8901315,3
193972321271327,1112240276,4.933103,7.4718876,3.886243,3
193972323771327,1114740276,4.906782,7.4808607,3.8757744,3
193972326271327,1117240276,4.910072,7.4793653,3.8721852,3
193972328771327,1119740276,4.898407,7.48116,3.8781674,3
193972331271327,1122240276,4.912764,7.4862447,3.8880377,3
193972333771327,1124740276,4.90738,7.5029945,3.8928235,3
193972336271327,1127240276,4.8885365,7.5161552,3.885944,3
193972338771327,1129740276,4.880162,7.5296144,3.8916268,3
193972341271327,1132240276,4.872385,7.536195,3.889234,3
193972343771327,1134740276,4.872086,7.5203424,3.8790646,3
193972346271327,1137240276,4.8762736,7.528119,3.8850467,3
193972348771327,1139740276,4.8915277,7.5475607,3.9026937,3
193972351271327,1142240276,4.892126,7.55115,3.8925242,3
193972353771327,1144740276,4.887041,7.5472617,3.871587,3
193972356271327,1147240276,4.898706,7.57119,3.8647077,3
193972358771327,1149740276,4.896014,7.5580297,3.8410785,3
193972361271327,1152240276,4.8996034,7.5553374,3.845565,3
193972363771327,1154740276,4.901697,7.5532436,3.8315072,3
193972366271327,1157240276,4.900501,7.5523467,3.8291144,3
193972368771327,1159740276,4.9169517,7.561619,3.8207395,3
193972371271327,1162240276,4.9316072,7.5732837,3.8228333,3
193972373771327,1164740276,4.9432726,7.565806,3.80399,3
193972376271327,1167240276,4.936094,7.561918,3.8141594,3
193972378771327,1169740276,4.955835,7.55115,3.8297126,3
193972381271327,1172240276,4.9657054,7.5475607,3.8300118,3
193972383771327,1174740276,4.9663033,7.550851,3.8491542,3
193972386271327,1177240276,4.964808,7.5418777,3.8545382,3
193972388771327,1179740276,4.959125,7.5266237,3.8530426,3
193972391271327,1182240276,4.936991,7.5317082,3.8246279,3
193972393771327,1184740276,4.9471607,7.5293155,3.8407795,3
193972396271327,1187240276,4.916652,7.5173516,3.8440695,3
193972398771327,1189740276,4.9139605,7.509575,3.859922,3
193972401271327,1192240276,4.8975096,7.503892,3.8739798,3
193972403771327,1194740276,4.883153,7.4943204,3.9000018,3
193972406271327,1197240276,4.8771706,7.488937,3.9260237,3
193972408771327,1199740276,4.8696933,7.472187,3.9302113,3
193972411271327,1202240276,4.848756,7.470392,3.9601214,3
193972413771327,1204740276,4.852345,7.451848,3.9631126,3
193972416271327,1207240276,4.8658047,7.4473615,3.984947,3
193972418771327,1209740276,4.8711886,7.430013,3.9897327,3
193972421271327,1212240276,4.88405,7.4156566,3.984947,3
193972423771327,1214740276,4.8822556,7.400103,3.9795632,3
193972426271327,1217240276,4.912465,7.4007015,3.9580278,3
193972428771327,1219740276,4.916652,7.400402,3.9568315,3
193972431271327,1222240276,4.9283175,7.3896346,3.950251,3
193972433771327,1224740276,4.9405804,7.368398,3.938586,3
193972436271327,1227240276,4.9522457,7.3689966,3.9104705,3
193972438771327,1229740276,4.9600224,7.387242,3.8898323,3
193972441271327,1232240276,4.95733,7.400103,3.8805602,3
193972443771327,1234740276,4.9516473,7.397112,3.867998,3
193972446271327,1237240276,4.957629,7.4030943,3.859623,3
193972448771327,1239740276,4.95075,7.4213395,3.8647077,3
193972451271327,1242240276,4.945067,7.419844,3.8703907,3
193972453771327,1244740276,4.933402,7.450053,3.8739798,3
193972456271327,1247240276,4.9316072,7.455736,3.8748772,3
193972458771327,1249740276,4.915755,7.474879,3.8886359,3
193972461271327,1252240276,4.8936214,7.481459,3.8880377,3
193972463771327,1254740276,4.892126,7.4922266,3.894618,3
193972466271327,1257240276,4.8792644,7.496713,3.8940198,3
193972468771327,1259740276,4.8508496,7.513463,3.9044883,3
193972471271327,1262240276,4.8323054,7.5287175,3.9080775,3
193972473771327,1264740276,4.8182473,7.530512,3.8880377,3
193972476271327,1267240276,4.805685,7.538887,3.8985064,3
193972478771327,1269740276,4.808975,7.5376906,3.8913279,3
193972481271327,1272240276,4.8179483,7.5433736,3.8820555,3
193972483771327,1274740276,4.814658,7.5311103,3.888337,3
193972486271327,1277240276,4.816752,7.518847,3.8832521,3
193972488771327,1279740276,4.821837,7.5149584,3.8934216,3
193972491271327,1282240276,4.825426,7.5107713,3.876971,3
193972493771327,1284740276,4.831408,7.5143604,3.8730826,3
193972496271327,1287240276,4.8358946,7.492526,3.8602211,3
193972498771327,1289740276,4.8454657,7.49103,3.8629131,3
193972501271327,1292240276,4.855635,7.498807,3.8350966,3
193972503771327,1294740276,4.8735814,7.489535,3.8356948,3
193972506271327,1297240276,4.88076,7.498209,3.8608193,3
193972508771327,1299740276,4.8942194,7.4769726,3.8727834,3
193972511271327,1302240276,4.895117,7.4829545,3.8811584,3
193972513771327,1304740276,4.901697,7.4736824,3.8617167,3
193972516271327,1307240276,4.9079785,7.4859457,3.8641095,3
193972518771327,1309740276,4.9079785,7.489535,3.8673997,3
193972521271327,1312240276,4.910072,7.4862447,3.8581274,3
193972523771327,1314740276,4.903492,7.4739814,3.8656049,3
193972526271327,1317240276,4.9064827,7.4736824,3.8443687,3
193972528771327,1319740276,4.8975096,7.47458,3.8398821,3
193972531271327,1322240276,4.883452,7.470392,3.827918,3
193972533771327,1324740276,4.881657,7.4620175,3.8276188,3
193972536271327,1327240276,4.863412,7.466803,3.833601,3
193972538771327,1329740276,4.8619165,7.470392,3.8437705,3
193972541271327,1332240276,4.854738,7.474879,3.8500516,3
193972543771327,1334740276,4.849952,7.4677005,3.8635113,3
193972546271327,1337240276,4.838886,7.474281,3.866203,3
193972548771327,1339740276,4.8269215,7.476374,3.8572302,3
193972551271327,1342240276,4.828417,7.4826555,3.8757744,3
193972553771327,1344740276,4.8290153,7.496115,3.8620157,3
193972556271327,1347240276,4.825725,7.503892,3.836293,3
193972558771327,1349740276,4.828118,7.496713,3.8386858,3
193972561271327,1352240276,4.8397827,7.5086775,3.824927,3
193972563771327,1354740276,4.8445687,7.5182486,3.8129628,3
193972566271327,1357240276,4.857729,7.519445,3.80399,3
193972568771327,1359740276,4.869095,7.52453,3.8207395,3
193972571271327,1362240276,4.8900323,7.519146,3.7827535,3
193972573771327,1364740276,4.9031925,7.5323067,3.7740796,3
193972576271327,1367240276,4.9121656,7.5311103,3.7719858,3
193972578771327,1369740276,4.9055853,7.5406814,3.7719858,3
193972581271327,1372240276,4.886443,7.555936,3.7791643,3
193972583771327,1374740276,4.8711886,7.556235,3.760321,3
193972586271327,1377240276,4.8598228,7.5610204,3.7648072,3
193972588771327,1379740276,4.846662,7.5789666,3.7719858,3
193972591271327,1382240276,4.825725,7.591529,3.766901,3
193972593771327,1384740276,4.817051,7.5978103,3.7728832,3
193972596271327,1387240276,4.805386,7.598707,3.7707894,3
193972598771327,1389740276,4.802096,7.6145597,3.792624,3
193972601271327,1392240276,4.8026943,7.6271224,3.7911284,3
193972603771327,1394740276,4.7841496,7.6405816,3.781557,3
193972606271327,1397240276,4.7709894,7.648957,3.8027935,3
193972608771327,1399740276,4.775476,7.6570325,3.7995033,3
193972611271327,1402240276,4.7751765,7.673483,3.8063827,3
193972613771327,1404740276,4.785047,7.691429,3.8195431,3
193972616271327,1407240276,4.796712,7.682157,3.807579,3
193972618771327,1409740276,4.795815,7.699505,3.7998023,3
193972621271327,1412240276,4.8062835,7.70459,3.777968,3
193972623771327,1414740276,4.7898326,7.716853,3.766901,3
193972626271327,1417240276,4.781159,7.7147593,3.7477584,3
193972628771327,1419740276,4.7694936,7.719246,3.7277186,3
193972631271327,1422240276,4.7572303,7.7093754,3.7172499,3
193972633771327,1424740276,4.7572303,7.7156568,3.69392,3
193972636271327,1427240276,4.7416773,7.7087774,3.694518,3
193972638771327,1429740276,4.7548375,7.7063847,3.6687953,3
193972641271327,1432240276,4.761119,7.702197,3.6846478,3
193972643771327,1434740276,4.76082,7.705188,3.6990047,3
193972646271327,1437240276,4.77398,7.693822,3.6996028,3
193972648771327,1439740276,4.7892346,7.689635,3.714857,3
193972651271327,1442240276,4.7985067,7.682456,3.7211382,3
193972653771327,1444740276,4.822136,7.6746798,3.714259,3
193972656271327,1447240276,4.825725,7.656135,3.7396827,3
193972658771327,1449740276,4.8266225,7.640881,3.7313077,3
193972661271327,1452240276,4.8320065,7.620841,3.7127635,3
193972663771327,1454740276,4.8323054,7.5942206,3.7136607,3
193972666271327,1457240276,4.831408,7.602895,3.7187455,3
193972668771327,1459740276,4.8329034,7.6049886,3.6921253,3
193972671271327,1462240276,4.8230333,7.577172,3.690929,3
193972673771327,1464740276,4.8173504,7.5843506,3.7037904,3
193972676271327,1467240276,4.8119664,7.5846496,3.7094734,3
193972678771327,1469740276,4.792525,7.5756764,3.723232,3
193972681271327,1472240276,4.7859445,7.5580297,3.7516468,3
193972683771327,1474740276,4.7835517,7.5676007,3.7597225,3
193972686271327,1477240276,4.7898326,7.562815,3.7660038,3
193972688771327,1479740276,4.8098726,7.5589266,3.7893338,3
193972691271327,1482240276,4.814658,7.5439715,3.7944186,3
193972693771327,1484740276,4.8209395,7.5490565,3.7914274,3
193972696271327,1487240276,4.8320065,7.5442705,3.7854455,3
193972698771327,1489740276,4.842774,7.5346994,3.7836509,3
193972701271327,1492240276,4.8502517,7.5346994,3.761218,3
193972703771327,1494740276,4.851747,7.537092,3.7501514,3
193972706271327,1497240276,4.868497,7.538887,3.7420754,3
193972708771327,1499740276,4.8876395,7.5499535,3.7432718,3
193972711271327,1502240276,4.9028935,7.550851,3.7489548,3
193972713771327,1504740276,4.922335,7.5529447,3.7606199,3
193972716271327,1507240276,4.9079785,7.5607214,3.7803607,3
193972718771327,1509740276,4.9115677,7.568797,3.761218,3
193972721271327,1512240276,4.915755,7.581958,3.7773697,3
193972723771327,1514740276,4.909175,7.5807614,3.7657046,3
193972726271327,1517240276,4.9007998,7.5828547,3.7680974,3
193972728771327,1519740276,4.892724,7.576275,3.7606199,3
193972731271327,1522240276,4.886742,7.5678997,3.7686956,3
193972733771327,1524740276,4.8876395,7.569096,3.752245,3
193972736271327,1527240276,4.892724,7.559226,3.7660038,3
193972738771327,1529740276,4.8768716,7.5466633,3.7654054,3
193972741271327,1532240276,4.8849473,7.537092,3.764209,3
193972743771327,1534740276,4.8876395,7.533802,3.7567315,3
193972746271327,1537240276,4.8843493,7.535896,3.7468612,3
193972748771327,1539740276,4.8933225,7.5364943,3.7552361,3
193972751271327,1542240276,4.883452,7.535597,3.7663028,3
193972753771327,1544740276,4.8936214,7.5269227,3.772584,3
193972756271327,1547240276,4.8996034,7.5197444,3.7812579,3
193972758771327,1549740276,4.9052863,7.5239315,3.7917266,3
193972761271327,1552240276,4.9058847,7.520941,3.7657046,3
193972763771327,1554740276,4.9079785,7.522137,3.7689948,3
193972766271327,1557240276,4.90738,7.5269227,3.7537405,3
193972768771327,1559740276,4.9031925,7.522735,3.7468612,3
193972771271327,1562240276,4.9031925,7.519445,3.749254,3
193972773771327,1564740276,4.904389,7.530512,3.7313077,3
193972776271327,1567240276,4.898706,7.5418777,3.7280176,3
193972778771327,1569740276,4.8939204,7.537391,3.7097723,3
193972781271327,1572240276,4.912465,7.5460653,3.7097723,3
193972783771327,1574740276,4.9007998,7.54128,3.7193437,3
193972786271327,1577240276,4.8990054,7.557431,3.7357943,3
193972788771327,1579740276,4.9055853,7.574779,3.746562,3
193972791271327,1582240276,4.9103713,7.578069,3.7507496,3
193972793771327,1584740276,4.9079785,7.5696945,3.7429729,3
193972796271327,1587240276,4.912465,7.5699935,3.7567315,3
193972798771327,1589740276,4.8966126,7.5637126,3.734299,3
193972801271327,1592240276,4.9031925,7.570891,3.7154553,3
193972803771327,1594740276,4.9061837,7.5676007,3.6927235,3
193972806271327,1597240276,4.9007998,7.5550385,3.6954155,3
193972808771327,1599740276,4.907679,7.550851,3.7010984,3
193972811271327,1602240276,4.887041,7.54457,3.6810586,3
193972813771327,1604740276,4.881059,7.5346994,3.6601214,3
193972816271327,1607240276,4.8655057,7.5466633,3.6810586,3
193972818771327,1609740276,4.8559346,7.5532436,3.6634114,3
193972821271327,1612240276,4.845765,7.544869,3.667599,3
193972823771327,1614740276,4.833801,7.5493555,3.6921253,3
193972826271327,1617240276,4.835296,7.539485,3.6990047,3
193972828771327,1619740276,4.829314,7.548159,3.6951163,3
193972831271327,1622240276,4.82064,7.5664043,3.7067814,3
193972833771327,1624740276,4.8320065,7.5735826,3.6816568,3
193972836271327,1627240276,4.8287163,7.5750785,3.6720855,3
193972838771327,1629740276,4.8329034,7.588837,3.6762729,3
193972841271327,1632240276,4.8445687,7.609774,3.6870406,3
193972843771327,1634740276,4.8583274,7.617551,3.6628132,3
193972846271327,1637240276,4.8912287,7.630412,3.6568313,3
193972848771327,1639740276,4.8936214,7.6390862,3.6526437,3
193972851271327,1642240276,4.896014,7.6420774,3.6376886,3
193972853771327,1644740276,4.906782,7.6549387,3.6376886,3
193972856271327,1647240276,4.909474,7.6603227,3.6173496,3
193972858771327,1649740276,4.9136615,7.6746798,3.6050863,3
193972861271327,1652240276,4.9175496,7.6869426,3.6317065,3
193972863771327,1654740276,4.915755,7.6827555,3.6463625,3
193972866271327,1657240276,4.904389,7.687541,3.6406796,3
193972868771327,1659740276,4.9058847,7.6926255,3.6364923,3
193972871271327,1662240276,4.894818,7.704889,3.62393,3
193972873771327,1664740276,4.878367,7.6950183,3.6086757,3
193972876271327,1667240276,4.8637114,7.7001033,3.612564,3
193972878771327,1669740276,4.857131,7.6950183,3.6278183,3
193972881271327,1672240276,4.8439703,7.7010007,3.6260235,3
193972883771327,1674740276,4.8361936,7.685746,3.6481571,3
193972886271327,1677240276,4.827819,7.682456,3.6568313,3
193972888771327,1679740276,4.8179483,7.6794653,3.6687953,3
193972891271327,1682240276,4.8209395,7.6719875,3.6750765,3
193972893771327,1684740276,4.831109,7.661519,3.6804602,3
193972896271327,1687240276,4.8448677,7.676175,3.6849468,3
193972898771327,1689740276,4.8643093,7.6588273,3.7079778,3
193972901271327,1692240276,4.883751,7.6426754,3.7265222,3
193972903771327,1694740276,4.894818,7.6274214,3.716951,3
193972906271327,1697240276,4.9115677,7.616953,3.712165,3
193972908771327,1699740276,4.921139,7.6049886,3.696612,3
193972911271327,1702240276,4.936094,7.603493,3.696911,3
193972913771327,1704740276,4.9232326,7.6016984,3.6804602,3
193972916271327,1707240276,4.927121,7.6106715,3.6729827,3
193972918771327,1709740276,4.921139,7.5939217,3.6843486,3
193972921271327,1712240276,4.9199424,7.580462,3.687938,3
193972923771327,1714740276,4.92413,7.5816584,3.7073796,3
193972926271327,1717240276,4.9522457,7.5774713,3.7049868,3
193972928771327,1719740276,4.9543395,7.578069,3.7384863,3
193972931271327,1722240276,4.946563,7.556833,3.757629,3
193972933771327,1724740276,4.9585266,7.534101,3.7657046,3
193972936271327,1727240276,4.961219,7.5287175,3.7794633,3
193972938771327,1729740276,4.956433,7.507182,3.7974095,3
193972941271327,1732240276,4.9516473,7.500602,3.7818563,3
193972943771327,1734740276,4.9513483,7.4904323,3.7743785,3
193972946271327,1737240276,4.963013,7.4677005,3.7836509,3
193972948771327,1739740276,4.977968,7.4437723,3.7836509,3
193972951271327,1742240276,4.979763,7.422835,3.7860436,3
193972953771327,1744740276,4.99412,7.3989067,3.789932,3
193972956271327,1747240276,5.000401,7.3827553,3.7947176,3
193972958771327,1749740276,5.01745,7.367202,3.8024943,3
193972961271327,1752240276,5.0180483,7.361519,3.815954,3
193972963771327,1754740276,5.014758,7.3603225,3.8210387,3
193972966271327,1757240276,5.0069814,7.367202,3.810271,3
193972968771327,1759740276,5.0099726,7.3603225,3.8297126,3
193972971271327,1762240276,5.0108695,7.3396845,3.833601,3
193972973771327,1764740276,4.9959145,7.3438716,3.8312082,3
193972976271327,1767240276,5.003691,7.34776,3.8341992,3
193972978771327,1769740276,5.0051866,7.3513494,3.8473597,3
193972981271327,1772240276,5.00399,7.361519,3.8584266,3
193972983771327,1774740276,4.989334,7.3582287,3.8506498,3
193972986271327,1777240276,4.9773703,7.361818,3.836293,3
193972988771327,1779740276,4.976473,7.3749785,3.8407795,3
193972991271327,1782240276,4.968098,7.394719,3.824927,3
193972993771327,1784740276,4.9666023,7.402795,3.8273199,3
193972996271327,1787240276,4.9716873,7.409076,3.8294137,3
193972998771327,1789740276,4.970192,7.4234333,3.8273199,3
193973001271327,1792240276,4.964509,7.4413795,3.8273199,3
193973003771327,1794740276,4.942674,7.46112,3.8084764,3
193973006271327,1797240276,4.9178486,7.467102,3.8111682,3
193973008771327,1799740276,4.9175496,7.4847493,3.8033917,3
193973011271327,1802240276,4.9226346,7.50449,3.8099718,3
193973013771327,1804740276,4.92742,7.5119677,3.7875392,3
193973016271327,1807240276,4.9115677,7.5161552,3.7920256,3
193973018771327,1809740276,4.901697,7.5349984,3.7980077,3
193973021271327,1812240276,4.9121656,7.5475607,3.7974095,3
193973023771327,1814740276,4.8942194,7.5532436,3.7839499,3
193973026271327,1817240276,4.904389,7.556235,3.7896328,3
193973028771327,1819740276,4.9106703,7.559226,3.792624,3
193973031271327,1822240276,4.900501,7.559824,3.7851462,3
193973033771327,1824740276,4.889434,7.5693955,3.7947176,3
193973036271327,1827240276,4.8846483,7.579565,3.7833517,3
193973038771327,1829740276,4.892425,7.5885377,3.76391,3
193973041271327,1832240276,4.880162,7.5807614,3.7423747,3
193973043771327,1834740276,4.8975096,7.598707,3.7363925,3
193973046271327,1837240276,4.9031925,7.5900335,3.743571,3
193973048771327,1839740276,4.901996,7.5978103,3.7322052,3
193973051271327,1842240276,4.8993044,7.598707,3.7334015,3
193973053771327,1844740276,4.9022956,7.6082788,3.7357943,3
193973056271327,1847240276,4.887041,7.6085777,3.728915,3
193973058771327,1849740276,4.88734,7.6082788,3.7193437,3
193973061271327,1852240276,4.8762736,7.6049886,3.711268,3
193973063771327,1854740276,4.8765726,7.6046896,3.7160535,3
193973066271327,1857240276,4.88076,7.61127,3.7124643,3
193973068771327,1859740276,4.883452,7.610073,3.7214375,3
193973071271327,1862240276,4.8969116,7.60439,3.7384863,3
193973073771327,1864740276,4.915456,7.598707,3.7477584,3
193973076271327,1867240276,4.9256253,7.596913,3.7486558,3
193973078771327,1869740276,4.927719,7.5885377,3.74387,3
193973081271327,1872240276,4.933103,7.583154,3.7429729,3
193973083771327,1874740276,4.930411,7.565507,3.723232,3
193973086271327,1877240276,4.9286165,7.554141,3.712165,3
193973088771327,1879740276,4.9202414,7.5418777,3.6978083,3
193973091271327,1882240276,4.929813,7.543074,3.7235312,3
193973093771327,1884740276,4.9178486,7.5323067,3.714857,3
193973096271327,1887240276,4.916353,7.5149584,3.737589,3
193973098771327,1889740276,4.90409,7.516454,3.731906,3
193973101271327,1892240276,4.896014,7.520941,3.7184465,3
193973103771327,1894740276,4.88076,7.522137,3.7357943,3
193973106271327,1897240276,4.863113,7.515557,3.749553,3
193973108771327,1899740276,4.872086,7.5212398,3.734299,3
193973111271327,1902240276,4.86072,7.5086775,3.7250266,3
193973113771327,1904740276,4.8601217,7.5140615,3.74058,3
193973116271327,1907240276,4.859225,7.509575,3.7468612,3
193973118771327,1909740276,4.8693943,7.511369,3.74387,3
193973121271327,1912240276,4.8673005,7.5104723,3.7453656,3
193973123771327,1914740276,4.875974,7.517052,3.7555351,3
193973126271327,1917240276,4.8729835,7.5029945,3.7328033,3
193973128771327,1919740276,4.883751,7.5140615,3.712165,3
193973131271327,1922240276,4.8879385,7.5182486,3.7190447,3
193973133771327,1924740276,4.8942194,7.513463,3.7244284,3
193973136271327,1927240276,4.881059,7.5317082,3.7133617,3
193973138771327,1929740276,4.900202,7.5442705,3.7250266,3
193973141271327,1932240276,4.888836,7.5583286,3.7447674,3
193973143771327,1934740276,4.8906302,7.5670023,3.743571,3
193973146271327,1937240276,4.8912287,7.576275,3.752245,3
193973148771327,1939740276,4.892126,7.591529,3.7558343,3
193973151271327,1942240276,4.881657,7.5960155,3.7504504,3
193973153771327,1944740276,4.881657,7.6127653,3.740879,3
193973156271327,1947240276,4.8765726,7.602297,3.7244284,3
193973158771327,1949740276,4.857729,7.606484,3.739982,3
193973161271327,1952240276,4.846064,7.6052876,3.7127635,3
193973163771327,1954740276,4.8341,7.6163545,3.696612,3
193973166271327,1957240276,4.8361936,7.6220374,3.7136607,3
193973168771327,1959740276,4.8382874,7.620542,3.731906,3
193973171271327,1962240276,4.8412786,7.6223364,3.7453656,3
193973173771327,1964740276,4.846363,7.6160555,3.7483566,3
193973176271327,1967240276,4.8454657,7.6145597,3.7674992,3
193973178771327,1969740276,4.8397827,7.6082788,3.7621155,3
193973181271327,1972240276,4.8433723,7.597212,3.7677984,3
193973183771327,1974740276,4.853542,7.5957165,3.775575,3
193973186271327,1977240276,4.8436713,7.5870423,3.7905302,3
193973188771327,1979740276,4.8475595,7.5816584,3.8004005,3
193973191271327,1982240276,4.8439703,7.565806,3.7878382,3
193973193771327,1984740276,4.847859,7.571489,3.7968113,3
193973196271327,1987240276,4.8433723,7.5699935,3.8027935,3
193973198771327,1989740276,4.826024,7.559525,3.7932222,3
193973201271327,1992240276,4.808975,7.5514493,3.7797625,3
193973203771327,1994740276,4.7913284,7.562815,3.7821553,3
193973206271327,1997240276,4.802096,7.563114,3.7980077,3
193973208771327,1999740276,4.8011985,7.568199,3.8093736,3
193973211271327,2002240276,4.8101716,7.561918,3.8111682,3
193973213771327,2004740276,4.821837,7.562815,3.816253,3
193973216271327,2007240276,4.840082,7.568797,3.8117664,3
193973218771327,2009740276,4.8341,7.563114,3.8099718,3
193973221271327,2012240276,4.848756,7.5589266,3.8093736,3
193973223771327,2014740276,4.8493543,7.559525,3.8009987,3
193973226271327,2017240276,4.834698,7.5466633,3.7908292,3
193973228771327,2019740276,4.833801,7.5442705,3.7908292,3
193973231271327,2022240276,4.840381,7.533802,3.7854455,3
193973233771327,2024740276,4.8451667,7.5317082,3.7857444,3
193973236271327,2027240276,4.8589253,7.5059857,3.7767715,3
193973238771327,2029740276,4.8439703,7.5140615,3.7866418,3
193973241271327,2032240276,4.854439,7.512865,3.807579,3
193973243771327,2034740276,4.8616176,7.5161552,3.80399,3
193973246271327,2037240276,4.8696933,7.5119677,3.8099718,3
193973248771327,2039740276,4.875675,7.5143604,3.8168511,3
193973251271327,2042240276,4.8861437,7.5009007,3.842873,3
193973253771327,2044740276,4.8696933,7.492526,3.8300118,3
193973256271327,2047240276,4.853841,7.4823565,3.8180475,3
193973258771327,2049740276,4.843073,7.474281,3.818945,3
193973261271327,2052240276,4.8239303,7.49103,3.8027935,3
193973263771327,2054740276,4.822435,7.4970126,3.7974095,3
193973266271327,2057240276,4.828417,7.50449,3.8024943,3
193973268771327,2059740276,4.822136,7.5203424,3.8141594,3
193973271271327,2062240276,4.8266225,7.530512,3.8087754,3
193973273771327,2064740276,4.8302116,7.535896,3.8228333,3
193973276271327,2067240276,4.83739,7.5463643,3.821936,3
193973278771327,2069740276,4.840082,7.563114,3.816253,3
193973281271327,2072240276,4.843073,7.5676007,3.792923,3
193973283771327,2074740276,4.829314,7.59123,3.7767715,3
193973286271327,2077240276,4.825725,7.5957165,3.7561333,3
193973288771327,2079740276,4.8209395,7.595118,3.7660038,3
193973291271327,2082240276,4.8242297,7.6046896,3.7618163,3
193973293771327,2084740276,4.8242297,7.611868,3.749553,3
193973296271327,2087240276,4.833203,7.617252,3.7657046,3
193973298771327,2089740276,4.851448,7.6136627,3.7716868,3
193973301271327,2092240276,4.8454657,7.6274214,3.7818563,3
193973303771327,2094740276,4.8433723,7.6280193,3.790231,3
193973306271327,2097240276,4.8442693,7.6343007,3.7866418,3
193973308771327,2099740276,4.84068,7.6343007,3.7761734,3
193973311271327,2102240276,4.828118,7.6193457,3.7758741,3
193973313771327,2104740276,4.8302116,7.609774,3.7689948,3
193973316271327,2107240276,4.821837,7.6271224,3.7833517,3
193973318771327,2109740276,4.8248277,7.605886,3.7884364,3
193973321271327,2112240276,4.8290153,7.603792,3.8027935,3
193973323771327,2114740276,4.834399,7.5924263,3.80399,3
193973326271327,2117240276,4.840979,7.5816584,3.802195,3
193973328771327,2119740276,4.842774,7.583154,3.8004005,3
193973331271327,2122240276,4.849952,7.562815,3.8004005,3
193973333771327,2124740276,4.857729,7.560123,3.7950168,3
193973336271327,2127240276,4.8598228,7.5514493,3.8198423,3
193973338771327,2129740276,4.8646083,7.536793,3.8177485,3
193973341271327,2132240276,4.866403,7.518548,3.8291144,3
193973343771327,2134740276,4.8622155,7.5125656,3.8201413,3
193973346271327,2137240276,4.875675,7.5107713,3.8285162,3
193973348771327,2139740276,4.8933225,7.5056863,3.8150566,3
193973351271327,2142240276,4.918148,7.495816,3.824329,3
193973353771327,2144740276,4.945067,7.4715886,3.8228333,3
193973356271327,2147240276,4.9695935,7.458129,3.8207395,3
193973358771327,2149740276,4.9806604,7.4548388,3.8204405,3
193973361271327,2152240276,4.9881377,7.440781,3.8141594,3
193973363771327,2154740276,4.9959145,7.434201,3.818945,3
193973366271327,2157240276,4.985745,7.428817,3.810271,3
193973368771327,2159740276,4.968696,7.430013,3.7818563,3
193973371271327,2162240276,4.9603214,7.433603,3.7935212,3
193973373771327,2164740276,4.9582276,7.4398837,3.807579,3
193973376271327,2167240276,4.955835,7.437491,3.8099718,3
193973378771327,2169740276,4.939384,7.4237323,3.8401814,3
193973381271327,2172240276,4.927121,7.433603,3.8294137,3
193973383771327,2174740276,4.9286165,7.4392858,3.848257,3
193973386271327,2177240276,4.9202414,7.4398837,3.8476589,3
193973388771327,2179740276,4.909773,7.4344997,3.8575292,3
193973391271327,2182240276,4.8903313,7.4443703,3.8635113,3
193973393771327,2184740276,4.881657,7.4479594,3.854239,3
193973396271327,2187240276,4.8729835,7.4458656,3.8617167,3
193973398771327,2189740276,4.875974,7.457232,3.8530426,3
193973401271327,2192240276,4.866403,7.455437,3.8518462,3
193973403771327,2194740276,4.868497,7.467401,3.8446677,3
193973406271327,2197240276,4.861318,7.478169,3.8410785,3
193973408771327,2199740276,4.8583274,7.488937,3.8401814,3
193973411271327,2202240276,4.851747,7.5029945,3.8386858,3
193973413771327,2204740276,4.840979,7.50778,3.8458643,3
193973416271327,2207240276,4.8532424,7.5329046,3.8285162,3
193973418771327,2209740276,4.8711886,7.539784,3.8192441,3
193973421271327,2212240276,4.8765726,7.54457,3.8063827,3
193973423771327,2214740276,4.889434,7.548458,3.7980077,3
193973426271327,2217240276,4.8906302,7.544869,3.784249,3
193973428771327,2219740276,4.880162,7.5460653,3.7791643,3
193973431271327,2222240276,4.87747,7.557431,3.7764723,3
193973433771327,2224740276,4.8502517,7.578069,3.7740796,3
193973436271327,2227240276,4.833801,7.576873,3.7510486,3
193973438771327,2229740276,4.825725,7.5906315,3.7456648,3
193973441271327,2232240276,4.8272204,7.6046896,3.7501514,3
193973443771327,2234740276,4.8287163,7.6082788,3.7660038,3
193973446271327,2237240276,4.847859,7.6250286,3.8024943,3
193973448771327,2239740276,4.854738,7.626225,3.798307,3
193973451271327,2242240276,4.8505507,7.6331043,3.8147576,3
193973453771327,2244740276,4.851747,7.632506,3.8201413,3
193973456271327,2247240276,4.857131,7.62114,3.7977087,3
193973458771327,2249740276,4.8529434,7.630113,3.7860436,3
193973461271327,2252240276,4.8394837,7.630412,3.7710886,3
193973463771327,2254740276,4.8263235,7.6076803,3.7459638,3
193973466271327,2257240276,4.8263235,7.594819,3.7199419,3
193973468771327,2259740276,4.828417,7.5900335,3.7241294,3
193973471271327,2262240276,4.816752,7.584051,3.734299,3
193973473771327,2264740276,4.812864,7.5723863,3.7253258,3
193973476271327,2267240276,4.820341,7.568199,3.725924,3
193973478771327,2269740276,4.8194437,7.5676007,3.7426736,3
193973481271327,2272240276,4.8308096,7.561619,3.7474594,3
193973483771327,2274740276,4.8436713,7.569096,3.76391,3
193973486271327,2277240276,4.8505507,7.5723863,3.781557,3
193973488771327,2279740276,4.8562336,7.5667033,3.7863426,3
193973491271327,2282240276,4.8673005,7.5556364,3.778267,3
193973493771327,2284740276,4.8762736,7.5379896,3.780959,3
193973496271327,2287240276,4.894519,7.5517483,3.7648072,3
193973498771327,2289740276,4.9079785,7.530512,3.7663028,3
193973501271327,2292240276,4.9115677,7.530512,3.751946,3
193973503771327,2294740276,4.9175496,7.528418,3.7247276,3
193973506271327,2297240276,4.915755,7.533503,3.728915,3
193973508771327,2299740276,4.913063,7.5382886,3.7274194,3
193973511271327,2302240276,4.9079785,7.5320077,3.7094734,3
193973513771327,2304740276,4.8954163,7.529914,3.7244284,3
193973516271327,2307240276,4.894818,7.536195,3.7328033,3
193973518771327,2309740276,4.9052863,7.5418777,3.7417765,3
193973521271327,2312240276,4.9121656,7.542476,3.74058,3
193973523771327,2314740276,4.922335,7.5352974,3.7459638,3
193973526271327,2317240276,4.9160542,7.5406814,3.7564325,3
193973528771327,2319740276,4.9079785,7.5323067,3.7483566,3
193973531271327,2322240276,4.90409,7.537092,3.7537405,3
193973533771327,2324740276,4.889434,7.536195,3.7573297,3
193973536271327,2327240276,4.8852468,7.5266237,3.7704902,3
193973538771327,2329740276,4.8822556,7.537092,3.766901,3
193973541271327,2332240276,4.8714876,7.533802,3.7704902,3
193973543771327,2334740276,4.872086,7.538887,3.7764723,3
193973546271327,2337240276,4.879863,7.54128,3.7680974,3
193973548771327,2339740276,4.883153,7.5263247,3.772584,3
193973551271327,2342240276,4.8915277,7.5257263,3.7692938,3
193973553771327,2344740276,4.898706,7.522735,3.7606199,3
193973556271327,2347240276,4.9088755,7.5197444,3.754937,3
193973558771327,2349740276,4.9172506,7.513164,3.7594235,3
193973561271327,2352240276,4.9028935,7.5349984,3.7313077,3
193973563771327,2354740276,4.9007998,7.5460653,3.757629,3
193973566271327,2357240276,4.9007998,7.542476,3.74058,3
193973568771327,2359740276,4.909773,7.5379896,3.7498522,3
193973571271327,2362240276,4.9142594,7.537391,3.7477584,3
193973573771327,2364740276,4.912764,7.5346994,3.7477584,3
193973576271327,2367240276,4.9175496,7.5364943,3.74058,3
193973578771327,2369740276,4.9259243,7.538887,3.7531424,3
193973581271327,2372240276,4.919045,7.538887,3.7606199,3
193973583771327,2374740276,4.9175496,7.54457,3.7459638,3
193973586271327,2377240276,4.9175496,7.5436726,3.7672002,3
193973588771327,2379740276,4.9175496,7.553543,3.7800615,3
193973591271327,2382240276,4.9064827,7.5514493,3.7746778,3
193973593771327,2384740276,4.914858,7.5556364,3.784249,3
193973596271327,2387240276,4.9115677,7.5571322,3.7944186,3
193973598771327,2389740276,4.9115677,7.5637126,3.7908292,3
193973601271327,2392240276,4.8990054,7.5586276,3.801896,3
193973603771327,2394740276,4.900202,7.5580297,3.8120656,3
193973606271327,2397240276,4.9172506,7.561918,3.8135612,3
193973608771327,2399740276,4.9055853,7.55115,3.8027935,3
193973611271327,2402240276,4.909474,7.5433736,3.778267,3
193973613771327,2404740276,4.90409,7.5442705,3.786941,3
193973616271327,2407240276,4.8996034,7.5466633,3.781557,3
193973618771327,2409740276,4.9028935,7.5400834,3.7743785,3
193973621271327,2412240276,4.9109693,7.537092,3.780959,3
193973623771327,2414740276,4.912764,7.529914,3.7947176,3
193973626271327,2417240276,4.9316072,7.516753,3.764209,3
193973628771327,2419740276,4.927121,7.509575,3.7600217,3
193973631271327,2422240276,4.9262238,7.513164,3.7507496,3
193973633771327,2424740276,4.915755,7.5011997,3.7426736,3
193973636271327,2427240276,4.9046884,7.501798,3.738187,3
193973638771327,2429740276,4.887041,7.4913297,3.7339997,3
193973641271327,2432240276,4.8912287,7.493423,3.7573297,3
193973643771327,2434740276,4.8966126,7.492526,3.775575,3
193973646271327,2437240276,4.898706,7.482057,3.78724,3
193973648771327,2439740276,4.8936214,7.4787674,3.7968113,3
193973651271327,2442240276,4.8906302,7.483553,3.8009987,3
193973653771327,2444740276,4.888836,7.488937,3.799204,3
193973656271327,2447240276,4.8954163,7.4844503,3.778267,3
193973658771327,2449740276,4.8954163,7.4793653,3.7833517,3
193973661271327,2452240276,4.889434,7.479964,3.7785661,3
193973663771327,2454740276,4.900501,7.474281,3.7746778,3
193973666271327,2457240276,4.9175496,7.4679995,3.7953157,3
193973668771327,2459740276,4.914858,7.470691,3.8001015,3
193973671271327,2462240276,4.9289155,7.4563346,3.7878382,3
193973673771327,2464740276,4.9319067,7.467102,3.7716868,3
193973676271327,2467240276,4.9262238,7.4682984,3.7863426,3
193973678771327,2469740276,4.9319067,7.4787674,3.7740796,3
193973681271327,2472240276,4.9226346,7.493124,3.764209,3
193973683771327,2474740276,4.8999023,7.5056863,3.7420754,3
193973686271327,2477240276,4.888836,7.5083785,3.7450666,3
193973688771327,2479740276,4.8954163,7.5257263,3.7411783,3
193973691271327,2482240276,4.888836,7.5457664,3.734598,3
193973693771327,2484740276,4.8658047,7.568199,3.7534413,3
193973696271327,2487240276,4.872086,7.574779,3.7680974,3
193973698771327,2489740276,4.8711886,7.5885377,3.758227,3
193973701271327,2492240276,4.871787,7.5990067,3.738187,3
193973703771327,2494740276,4.877769,7.6073813,3.7716868,3
193973706271327,2497240276,4.857729,7.6274214,3.7716868,3
193973708771327,2499740276,4.8616176,7.6366935,3.7689948,3
193973711271327,2502240276,4.8532424,7.646564,3.7555351,3
193973713771327,2504740276,4.846662,7.648957,3.74058,3
193973716271327,2507240276,4.8475595,7.6663046,3.7214375,3
193973718771327,2509740276,4.842176,7.6624165,3.6993039,3
193973721271327,2512240276,4.840979,7.647461,3.69721,3
193973723771327,2514740276,4.8568316,7.6576304,3.69392,3
193973726271327,2517240276,4.848756,7.6477604,3.6864424,3
193973728771327,2519740276,4.8448677,7.6576304,3.6990047,3
193973731271327,2522240276,4.840082,7.656135,3.6903307,3
193973733771327,2524740276,4.836792,7.6363945,3.700201,3
193973736271327,2527240276,4.8376894,7.641778,3.6885362,3
193973738771327,2529740276,4.814658,7.6513495,3.685545,3
193973741271327,2532240276,4.8194437,7.6369925,3.6927235,3
193973743771327,2534740276,4.8095737,7.6369925,3.685246,3
193973746271327,2537240276,4.808078,7.641479,3.679563,3
193973748771327,2539740276,4.7988057,7.6495547,3.6777685,3
193973751271327,2542240276,4.7922254,7.6459656,3.693621,3
193973753771327,2544740276,4.799703,7.6552377,3.7040894,3
193973756271327,2547240276,4.7934217,7.646564,3.7151563,3
193973758771327,2549740276,4.7985067,7.6453676,3.7301114,3
193973761271327,2552240276,4.8029933,7.6462646,3.734598,3
193973763771327,2554740276,4.8125644,7.639385,3.7420754,3
193973766271327,2557240276,4.8119664,7.632207,3.7447674,3
193973768771327,2559740276,4.799703,7.6462646,3.7423747,3
193973771271327,2562240276,4.805087,7.6250286,3.7094734,3
193973773771327,2564740276,4.7898326,7.623234,3.6927235,3
193973776271327,2567240276,4.78744,7.6160555,3.6933217,3
193973778771327,2569740276,4.78744,7.6139617,3.6951163,3
193973781271327,2572240276,4.7805605,7.6124663,3.6981075,3
193973783771327,2574740276,4.7823553,7.6049886,3.705585,3
193973786271327,2577240276,4.7946186,7.59452,3.7337005,3
193973788771327,2579740276,4.7952166,7.5942206,3.7429729,3
193973791271327,2582240276,4.792525,7.5981092,3.74058,3
193973793771327,2584740276,4.7916274,7.5981092,3.740879,3
193973796271327,2587240276,4.799703,7.5906315,3.7707894,3
193973798771327,2589740276,4.813462,7.5933237,3.7860436,3
193973801271327,2592240276,4.835296,7.57777,3.7818563,3
193973803771327,2594740276,4.8505507,7.565208,3.7980077,3
193973806271327,2597240276,4.8729835,7.5514493,3.7821553,3
193973808771327,2599740276,4.8942194,7.5496545,3.795914,3
193973811271327,2602240276,4.8975096,7.542476,3.7917266,3
193973813771327,2604740276,4.9172506,7.548159,3.7890346,3
193973816271327,2607240276,4.9429736,7.545467,3.802195,3
193973818771327,2609740276,4.923831,7.5260253,3.7896328,3
193973821271327,2612240276,4.9250274,7.509575,3.7728832,3
193973823771327,2614740276,4.930411,7.5047894,3.7803607,3
193973826271327,2617240276,4.938487,7.5092754,3.7677984,3
193973828771327,2619740276,4.9316072,7.5065837,3.7857444,3
193973831271327,2622240276,4.9178486,7.502097,3.7848473,3
193973833771327,2624740276,4.9229336,7.500602,3.7770705,3
193973836271327,2627240276,4.9196434,7.493423,3.7764723,3
193973838771327,2629740276,4.894519,7.489834,3.7776687,3
193973841271327,2632240276,4.88405,7.495816,3.795615,3
193973843771327,2634740276,4.875974,7.495816,3.795615,3
193973846271327,2637240276,4.8675995,7.492825,3.804588,3
193973848771327,2639740276,4.875974,7.487441,3.8135612,3
193973851271327,2642240276,4.861318,7.4796643,3.8192441,3
193973853771327,2644740276,4.85743,7.493423,3.8087754,3
193973856271327,2647240276,4.853542,7.488937,3.8258243,3
193973858771327,2649740276,4.846363,7.483553,3.828217,3
193973861271327,2652240276,4.8472605,7.4823565,3.8123646,3
193973863771327,2654740276,4.8454657,7.489236,3.8174493,3
193973866271327,2657240276,4.8475595,7.4976106,3.813262,3
193973868771327,2659740276,4.8529434,7.496115,3.7908292,3
193973871271327,2662240276,4.8532424,7.5065837,3.7857444,3
193973873771327,2664740276,4.8418765,7.515856,3.7716868,3
193973876271327,2667240276,4.8329034,7.5257263,3.7749767,3
193973878771327,2669740276,4.8191447,7.5442705,3.7683966,3
193973881271327,2672240276,4.816453,7.5607214,3.7657046,3
193973883771327,2674740276,4.814658,7.562815,3.760321,3
193973886271327,2677240276,4.8341,7.5816584,3.7477584,3
193973888771327,2679740276,4.8385863,7.606484,3.7528431,3
193973891271327,2682240276,4.8505507,7.623234,3.7636108,3
193973893771327,2684740276,4.857729,7.636095,3.754937,3
193973896271327,2687240276,4.8559346,7.648957,3.754937,3
193973898771327,2689740276,4.8490553,7.6663046,3.7447674,3
193973901271327,2692240276,4.8529434,7.672885,3.7402809,3
193973903771327,2694740276,4.855037,7.663912,3.7166517,3
193973906271327,2697240276,4.8469615,7.673184,3.694219,3
193973908771327,2699740276,4.8511486,7.6770725,3.6930227,3
193973911271327,2702240276,4.833502,7.693523,3.7013974,3
193973913771327,2704740276,4.834698,7.6794653,3.694518,3
193973916271327,2707240276,4.829314,7.682157,3.708277,3
193973918771327,2709740276,4.8248277,7.684251,3.71396,3
193973921271327,2712240276,4.8308096,7.6812596,3.714857,3
193973923771327,2714740276,4.8329034,7.6884384,3.7229328,3
193973926271327,2717240276,4.8385863,7.673483,3.731906,3
193973928771327,2719740276,4.831707,7.664211,3.7220356,3
193973931271327,2722240276,4.831109,7.667501,3.712165,3
193973933771327,2724740276,4.8194437,7.656135,3.714259,3
193973936271327,2727240276,4.818547,7.6534433,3.7094734,3
193973938771327,2729740276,4.831109,7.632506,3.71396,3
193973941271327,2732240276,4.8329034,7.61127,3.7136607,3
193973943771327,2734740276,4.8376894,7.600502,3.7067814,3
193973946271327,2737240276,4.8493543,7.60439,3.7076788,3
193973948771327,2739740276,4.8526444,7.5882387,3.7136607,3
193973951271327,2742240276,4.8699923,7.585248,3.711268,3
193973953771327,2744740276,4.8732824,7.5678997,3.7298124,3
193973956271327,2747240276,4.8768716,7.5643106,3.7295132,3
193973958771327,2749740276,4.8675995,7.5676007,3.7157545,3
193973961271327,2752240276,4.871787,7.553543,3.7061832,3
193973963771327,2754740276,4.868497,7.548458,3.7005002,3
193973966271327,2757240276,4.8649077,7.5364943,3.6951163,3
193973968771327,2759740276,4.8598228,7.530213,3.6858442,3
193973971271327,2762240276,4.8601217,7.537391,3.6864424,3
193973973771327,2764740276,4.8649077,7.542775,3.6807594,3
193973976271327,2767240276,4.863412,7.5382886,3.679862,3
193973978771327,2769740276,4.866104,7.5329046,3.69392,3
193973981271327,2772240276,4.8649077,7.536195,3.7019958,3
193973983771327,2774740276,4.878068,7.5349984,3.7145581,3
193973986271327,2777240276,4.8912287,7.54128,3.7005002,3
193973988771327,2779740276,4.88734,7.5460653,3.7157545,3
193973991271327,2782240276,4.8909297,7.5586276,3.7196429,3
193973993771327,2784740276,4.901697,7.5729847,3.7256248,3
193973996271327,2787240276,4.901099,7.57119,3.74058,3
193973998771327,2789740276,4.9007998,7.57448,3.7283168,3
193974001271327,2792240276,4.894818,7.5547395,3.7109687,3
193974003771327,2794740276,4.8954163,7.5723863,3.7070804,3
193974006271327,2797240276,4.8954163,7.569096,3.700201,3
193974008771327,2799740276,4.895715,7.5699935,3.6897326,3
193974011271327,2802240276,4.892425,7.57448,3.69721,3
193974013771327,2804740276,4.8732824,7.586145,3.6840496,3
193974016271327,2807240276,4.8738804,7.5885377,3.6963127,3
193974018771327,2809740276,4.8673005,7.580163,3.6837504,3
193974021271327,2812240276,4.8652067,7.583453,3.6801612,3
193974023771327,2814740276,4.8652067,7.5924263,3.69392,3
193974026271327,2817240276,4.8705907,7.585846,3.7040894,3
193974028771327,2819740276,4.8699923,7.578368,3.7396827,3
193974031271327,2822240276,4.867001,7.5963144,3.7546377,3
193974033771327,2824740276,4.8559346,7.587641,3.74387,3
193974036271327,2827240276,4.8526444,7.580462,3.7420754,3
193974038771327,2829740276,4.8601217,7.576275,3.734299,3
193974041271327,2832240276,4.8622155,7.5670023,3.7223346,3
193974043771327,2834740276,4.868497,7.5673018,3.7211382,3
193974046271327,2837240276,4.8696933,7.5610204,3.6897326,3
193974048771327,2839740276,4.8649077,7.5661054,3.6990047,3
193974051271327,2842240276,4.8637114,7.556235,3.708277,3
193974053771327,2844740276,4.8658047,7.5723863,3.7005002,3
193974056271327,2847240276,4.866403,7.5646095,3.7073796,3
193974058771327,2849740276,4.8601217,7.563114,3.7076788,3
193974061271327,2852240276,4.851747,7.5735826,3.717549,3
193974063771327,2854740276,4.8598228,7.563114,3.738187,3
193974066271327,2857240276,4.8472605,7.57448,3.7310088,3
193974068771327,2859740276,4.8616176,7.574779,3.7325041,3
193974071271327,2862240276,4.877769,7.5786676,3.746263,3
193974073771327,2864740276,4.880162,7.577172,3.7663028,3
193974076271327,2867240276,4.87747,7.5885377,3.758526,3
193974078771327,2869740276,4.8678985,7.5849485,3.7390845,3
193974081271327,2872240276,4.8849473,7.591529,3.7360935,3
193974083771327,2874740276,4.8768716,7.590931,3.7292142,3
193974086271327,2877240276,4.881657,7.59452,3.7005002,3
193974088771327,2879740276,4.8792644,7.5903325,3.705585,3
193974091271327,2882240276,4.887041,7.5927253,3.7136607,3
193974093771327,2884740276,4.880162,7.5960155,3.7079778,3
193974096271327,2887240276,4.8505507,7.6106715,3.7005002,3
193974098771327,2889740276,4.8415775,7.6088767,3.7265222,3
193974101271327,2892240276,4.8179483,7.6250286,3.7151563,3
193974103771327,2894740276,4.8041897,7.632207,3.7154553,3
193974106271327,2897240276,4.799404,7.6345997,3.7265222,3
193974108771327,2899740276,4.79073,7.649854,3.7310088,3
193974111271327,2902240276,4.781458,7.6516485,3.739982,3
193974113771327,2904740276,4.7862434,7.650153,3.7420754,3
193974116271327,2907240276,4.784748,7.6603227,3.7423747,3
193974118771327,2909740276,4.7808595,7.6657066,3.7645082,3
193974121271327,2912240276,4.7919264,7.6657066,3.761218,3
193974123771327,2914740276,4.7862434,7.6657066,3.74387,3
193974126271327,2917240276,4.7835517,7.6576304,3.739982,3
193974128771327,2919740276,4.7742796,7.648957,3.7402809,3
193974131271327,2922240276,4.7856455,7.642975,3.720241,3
193974133771327,2924740276,4.7898326,7.6340017,3.6960137,3
193974136271327,2927240276,4.81077,7.622935,3.6885362,3
193974138771327,2929740276,4.814957,7.6103725,3.6828532,3
193974141271327,2932240276,4.8236313,7.611569,3.6783667,3
193974143771327,2934740276,4.8287163,7.597212,3.675974,3
193974146271327,2937240276,4.8358946,7.597212,3.6858442,3
193974148771327,2939740276,4.816453,7.580163,3.690929,3
193974151271327,2942240276,4.8299127,7.573882,3.6990047,3
193974153771327,2944740276,4.8287163,7.576574,3.702893,3
193974156271327,2947240276,4.812864,7.5729847,3.7103705,3
193974158771327,2949740276,4.822136,7.5661054,3.7160535,3
193974161271327,2952240276,4.8266225,7.553543,3.711567,3
193974163771327,2954740276,4.831408,7.556833,3.7088752,3
193974166271327,2957240276,4.846662,7.5526457,3.7253258,3
193974168771327,2959740276,4.861019,7.5580297,3.731906,3
193974171271327,2962240276,4.883452,7.555936,3.7636108,3
193974173771327,2964740276,4.9064827,7.5418777,3.7911284,3
193974176271327,2967240276,4.9103713,7.5571322,3.795615,3
193974178771327,2969740276,4.9049873,7.5514493,3.7998023,3
193974181271327,2972240276,4.918148,7.5556364,3.7890346,3
193974183771327,2974740276,4.906782,7.55773,3.7863426,3
193974186271327,2977240276,4.8619165,7.5927253,3.8057845,3
193974188771327,2979740276,4.6058846,7.760223,3.9592242,3
193974191271327,2982240276,4.4925246,7.8206415,4.145266,3
193974193771327,2984740276,4.59063,7.7937226,4.2239304,3
193974196271327,2987240276,4.7419763,7.7356963,4.2221355,3
193974198771327,2989740276,4.8649077,7.678568,4.1482573,3
193974201271327,2992240276,4.9052863,7.636095,3.9807596,3
193974203771327,2994740276,4.8852468,7.597511,3.769892,3
193974206271327,2997240276,4.8239303,7.576275,3.5626137,3
193974208771327,2999740276,4.785047,7.5589266,3.4005,3
193974211271327,3002240276,4.791029,7.5457664,3.304189,3
193974213771327,3004740276,4.8245287,7.5197444,3.3047872,3
193974216271327,3007240276,4.866702,7.5116687,3.3529427,3
193974218771327,3009740276,4.90409,7.522436,3.4136605,3
193974221271327,3012240276,4.927719,7.5523467,3.484847,3
193974223771327,3014740276,4.936094,7.5813594,3.5787654,3
193974226271327,3017240276,4.9462633,7.6013994,3.650849,3
193974228771327,3019740276,4.9435716,7.6103725,3.6954155,3
193974231271327,3022240276,4.924728,7.6124663,3.694219,3
193974233771327,3024740276,4.9022956,7.6202426,3.6891344,3
193974236271327,3027240276,4.881358,7.6220374,3.6780674,3
193974238771327,3029740276,4.855336,7.5903325,3.6672997,3
193974241271327,3032240276,4.8436713,7.602596,3.6460636,3
193974243771327,3034740276,4.84068,7.5957165,3.6284165,3
193974246271327,3037240276,4.8379884,7.5732837,3.6340995,3
193974248771327,3039740276,4.8361936,7.5810604,3.6496527,3
193974251271327,3042240276,4.834698,7.5756764,3.6744783,3
193974253771327,3044740276,4.837091,7.57777,3.696612,3
193974256271327,3047240276,4.8364925,7.585846,3.7292142,3
193974258771327,3049740276,4.848457,7.591529,3.7429729,3
193974261271327,3052240276,4.8583274,7.5873413,3.7384863,3
193974263771327,3054740276,4.852046,7.5900335,3.738187,3
193974266271327,3057240276,4.8601217,7.5882387,3.7274194,3
193974268771327,3059740276,4.8586264,7.579864,3.7076788,3
193974271271327,3062240276,4.845765,7.577172,3.6846478,3
193974273771327,3064740276,4.8320065,7.577172,3.6580276,3
193974276271327,3067240276,4.8323054,7.5789666,3.6367912,3
193974278771327,3069740276,4.8188457,7.5756764,3.6329029,3
193974281271327,3072240276,4.813163,7.5873413,3.6391842,3
193974283771327,3074740276,4.80748,7.6011004,3.641876,3
193974286271327,3077240276,4.7955155,7.6013994,3.6637106,3
193974288771327,3079740276,4.7970114,7.6049886,3.679563,3
193974291271327,3082240276,4.807181,7.611569,3.6744783,3
193974293771327,3084740276,4.7946186,7.6420774,3.71396,3
193974296271327,3087240276,4.7898326,7.6513495,3.739982,3
193974298771327,3089740276,4.7895336,7.6477604,3.7597225,3
193974301271327,3092240276,4.79073,7.648957,3.7746778,3
193974303771327,3094740276,4.8059845,7.6549387,3.7692938,3
193974306271327,3097240276,4.7985067,7.6495547,3.7486558,3
193974308771327,3099740276,4.781757,7.6540413,3.7510486,3
193974311271327,3102240276,4.79073,7.6531444,3.7528431,3
193974313771327,3104740276,4.7970114,7.643274,3.7384863,3
193974316271327,3107240276,4.8035913,7.63789,3.7277186,3
193974318771327,3109740276,4.8116674,7.6277204,3.723232,3
193974321271327,3112240276,4.8248277,7.6462646,3.725924,3
193974323771327,3114740276,4.8436713,7.639385,3.7241294,3
193974326271327,3117240276,4.855635,7.632207,3.7310088,3
193974328771327,3119740276,4.8762736,7.6259255,3.7079778,3
193974331271327,3122240276,4.898407,7.6049886,3.7070804,3
193974333771327,3124740276,4.901697,7.5981092,3.6954155,3
193974336271327,3127240276,4.9142594,7.59123,3.6783667,3
193974338771327,3129740276,4.9289155,7.582556,3.6897326,3
193974341271327,3132240276,4.938786,7.5676007,3.6924245,3
193974343771327,3134740276,4.935496,7.548159,3.6723845,3
193974346271327,3137240276,4.935795,7.548458,3.6729827,3
193974348771327,3139740276,4.938786,7.5290165,3.6756747,3
193974351271327,3142240276,4.9262238,7.528418,3.682554,3
193974353771327,3144740276,4.9265227,7.5233335,3.6831522,3
193974356271327,3147240276,4.924429,7.515258,3.6834514,3
193974358771327,3149740276,4.916353,7.518548,3.691228,3
193974361271327,3152240276,4.916652,7.5125656,3.699902,3
193974363771327,3154740276,4.8996034,7.5068827,3.7070804,3
193974366271327,3157240276,4.888836,7.510173,3.7154553,3
193974368771327,3159740276,4.869095,7.518847,3.7271204,3
193974371271327,3162240276,4.8762736,7.5176506,3.739982,3
193974373771327,3164740276,4.8622155,7.5182486,3.760919,3
193974376271327,3167240276,4.8562336,7.5239315,3.749553,3
193974378771327,3169740276,4.8397827,7.530213,3.7528431,3
193974381271327,3172240276,4.8355956,7.545467,3.7543387,3
193974383771327,3174740276,4.8472605,7.5520473,3.7812579,3
193974386271327,3177240276,4.854738,7.5640116,3.7806597,3
193974388771327,3179740276,4.855037,7.5678997,3.7743785,3
193974391271327,3182240276,4.8451667,7.5702925,3.7761734,3
193974393771327,3184740276,4.8511486,7.5670023,3.7507496,3
193974396271327,3187240276,4.8445687,7.578368,3.7357943,3
193974398771327,3189740276,4.851747,7.5726852,3.731607,3
193974401271327,3192240276,4.859524,7.5873413,3.714259,3
193974403771327,3194740276,4.8646083,7.598408,3.7208393,3
193974406271327,3197240276,4.861318,7.591529,3.728616,3
193974408771327,3199740276,4.8652067,7.5960155,3.6954155,3
193974411271327,3202240276,4.842774,7.6073813,3.7124643,3
193974413771327,3204740276,4.8454657,7.6088767,3.7124643,3
193974416271327,3207240276,4.834997,7.6106715,3.7199419,3
193974418771327,3209740276,4.8394837,7.6214395,3.711268,3
193974421271327,3212240276,4.840979,7.6181493,3.712165,3
193974423771327,3214740276,4.8391848,7.6220374,3.7163527,3
193974426271327,3217240276,4.825725,7.6307116,3.7061832,3
193974428771327,3219740276,4.813462,7.632207,3.7118661,3
193974431271327,3222240276,4.8152566,7.6307116,3.72054,3
193974433771327,3224740276,4.8248277,7.629814,3.7181473,3
193974436271327,3227240276,4.819743,7.632207,3.7097723,3
193974438771327,3229740276,4.8299127,7.6337023,3.7106698,3
193974441271327,3232240276,4.8394837,7.6199436,3.7016966,3
193974443771327,3234740276,4.852046,7.602895,3.6927235,3
193974446271327,3237240276,4.859225,7.6016984,3.6831522,3
193974448771327,3239740276,4.8619165,7.591529,3.69721,3
193974451271327,3242240276,4.8433723,7.5846496,3.6684961,3
193974453771327,3244740276,4.8436713,7.583752,3.6556349,3
193974456271327,3247240276,4.8511486,7.5676007,3.688237,3
193974458771327,3249740276,4.845765,7.5756764,3.6990047,3
193974461271327,3252240276,4.848158,7.57119,3.6975093,3
193974463771327,3254740276,4.845765,7.574779,3.7067814,3
193974466271327,3257240276,4.8361936,7.5792656,3.7348971,3
193974468771327,3259740276,4.8382874,7.5864444,3.7543387,3
193974471271327,3262240276,4.8215375,7.576873,3.7172499,3
193974473771327,3264740276,4.8212385,7.5717883,3.7253258,3
193974476271327,3267240276,4.833801,7.5699935,3.728616,3
193974478771327,3269740276,4.8502517,7.561918,3.717549,3
193974481271327,3272240276,4.8589253,7.5610204,3.720241,3
193974483771327,3274740276,4.8622155,7.5673018,3.7043886,3
193974486271327,3277240276,4.8729835,7.5580297,3.7208393,3
193974488771327,3279740276,4.8939204,7.5553374,3.7100716,3
193974491271327,3282240276,4.8693943,7.5550385,3.714259,3
193974493771327,3284740276,4.851747,7.5520473,3.7118661,3
193974496271327,3287240276,4.846363,7.5586276,3.699902,3
193974498771327,3289740276,4.8385863,7.576873,3.7052858,3
193974501271327,3292240276,4.8454657,7.5750785,3.7046876,3
193974503771327,3294740276,4.825725,7.5846496,3.6978083,3
193974506271327,3297240276,4.816752,7.600502,3.7145581,3
193974508771327,3299740276,4.812864,7.600801,3.711567,3
193974511271327,3302240276,4.814359,7.622935,3.7280176,3
193974513771327,3304740276,4.8245287,7.6193457,3.737888,3
193974516271327,3307240276,4.82064,7.624131,3.7447674,3
193974518771327,3309740276,4.829314,7.6345997,3.7510486,3
193974521271327,3312240276,4.838886,7.635497,3.7701912,3
193974523771327,3314740276,4.8418765,7.647461,3.7546377,3
193974526271327,3317240276,4.8469615,7.648957,3.7298124,3
193974528771327,3319740276,4.8583274,7.6600237,3.7253258,3
193974531271327,3322240276,4.860421,7.661519,3.7244284,3
193974533771327,3324740276,4.8738804,7.6426754,3.7100716,3
193974536271327,3327240276,4.870291,7.6483583,3.6900315,3
193974538771327,3329740276,4.8771706,7.6405816,3.6819558,3
193974541271327,3332240276,4.8849473,7.6390862,3.6672997,3
193974543771327,3334740276,4.883751,7.6390862,3.6631124,3
193974546271327,3337240276,4.883452,7.6369925,3.6819558,3
193974548771327,3339740276,4.88405,7.626524,3.6840496,3
193974551271327,3342240276,4.881657,7.626823,3.714259,3
193974553771327,3344740276,4.877769,7.6127653,3.7154553,3
193974556271327,3347240276,4.8771706,7.6049886,3.731906,3
193974558771327,3349740276,4.88405,7.5927253,3.7417765,3
193974561271327,3352240276,4.8879385,7.5870423,3.7501514,3
193974563771327,3354740276,4.9046884,7.576574,3.74058,3
193974566271327,3357240276,4.8918266,7.5678997,3.7357943,3
193974568771327,3359740276,4.887041,7.5613194,3.731906,3
193974571271327,3362240276,4.8852468,7.5466633,3.734299,3
193974573771327,3364740276,4.8738804,7.5403824,3.7310088,3
193974576271327,3367240276,4.8846483,7.5236325,3.746263,3
193974578771327,3369740276,4.8711886,7.5143604,3.737888,3
193974581271327,3372240276,4.862814,7.5236325,3.7417765,3
193974583771327,3374740276,4.8625145,7.522137,3.7426736,3
193974586271327,3377240276,4.8616176,7.518548,3.7423747,3
193974588771327,3379740276,4.866403,7.5197444,3.7630126,3
193974591271327,3382240276,4.874479,7.5200434,3.758526,3
193974593771327,3384740276,4.877769,7.516753,3.7573297,3
193974596271327,3387240276,4.872385,7.5029945,3.7444685,3
193974598771327,3389740276,4.883751,7.509874,3.7429729,3
193974601271327,3392240276,4.875974,7.5083785,3.7265222,3
193974603771327,3394740276,4.881059,7.5086775,3.7226338,3
193974606271327,3397240276,4.8622155,7.5065837,3.699902,3
193974608771327,3399740276,4.8622155,7.5146594,3.694518,3
193974611271327,3402240276,4.8673005,7.5233335,3.6957145,3
193974613771327,3404740276,4.8586264,7.5293155,3.6888351,3
193974616271327,3407240276,4.8529434,7.5320077,3.7094734,3
193974618771327,3409740276,4.853841,7.5364943,3.7160535,3
193974621271327,3412240276,4.851448,7.5382886,3.7325041,3
193974623771327,3414740276,4.851747,7.542476,3.7226338,3
193974626271327,3417240276,4.8472605,7.5547395,3.714259,3
193974628771327,3419740276,4.849952,7.5702925,3.7298124,3
193974631271327,3422240276,4.8529434,7.577172,3.7357943,3
193974633771327,3424740276,4.848158,7.5870423,3.7292142,3
193974636271327,3427240276,4.857729,7.595118,3.7507496,3
193974638771327,3429740276,4.8385863,7.6076803,3.7504504,3
193974641271327,3432240276,4.8412786,7.619046,3.7561333,3
193974643771327,3434740276,4.831109,7.624729,3.754937,3
193974646271327,3437240276,4.822435,7.6292157,3.7504504,3
193974648771327,3439740276,4.828417,7.641479,3.7507496,3
193974651271327,3442240276,4.8212385,7.635796,3.7630126,3
193974653771327,3444740276,4.825725,7.6387873,3.7624145,3
193974656271327,3447240276,4.8242297,7.635796,3.7680974,3
193974658771327,3449740276,4.8209395,7.630113,3.772285,3
193974661271327,3452240276,4.8188457,7.635198,3.778267,3
193974663771327,3454740276,4.8125644,7.6256266,3.7417765,3
193974666271327,3457240276,4.8179483,7.632207,3.7531424,3
193974668771327,3459740276,4.816752,7.616953,3.7339997,3
193974671271327,3462240276,4.802096,7.612167,3.717549,3
193974673771327,3464740276,4.808975,7.6082788,3.72054,3
193974676271327,3467240276,4.813462,7.6166534,3.731906,3
193974678771327,3469740276,4.816752,7.6223364,3.7507496,3
193974681271327,3472240276,4.829613,7.6130643,3.7716868,3
193974683771327,3474740276,4.842475,7.6103725,3.7710886,3
193974686271327,3477240276,4.8445687,7.6076803,3.7839499,3
193974688771327,3479740276,4.85414,7.6109705,3.7884364,3
193974691271327,3482240276,4.857729,7.60439,3.7947176,3
193974693771327,3484740276,4.8699923,7.594819,3.7710886,3
193974696271327,3487240276,4.8652067,7.57777,3.7737803,3
193974698771327,3489740276,4.8673005,7.5759754,3.760321,3
193974701271327,3492240276,4.8673005,7.5696945,3.7591243,3
193974703771327,3494740276,4.8568316,7.5676007,3.757928,3
193974706271327,3497240276,4.846064,7.5580297,3.7683966,3
193974708771327,3499740276,4.853542,7.5475607,3.7591243,3
193974711271327,3502240276,4.855336,7.556534,3.7594235,3
193974713771327,3504740276,4.857729,7.550851,3.7600217,3
193974716271327,3507240276,4.8568316,7.5475607,3.766901,3
193974718771327,3509740276,4.86072,7.548159,3.7737803,3
193974721271327,3512240276,4.857729,7.5439715,3.7824545,3
193974723771327,3514740276,4.859225,7.545467,3.7851462,3
193974726271327,3517240276,4.866104,7.5436726,3.7785661,3
193974728771327,3519740276,4.860421,7.5460653,3.7950168,3
193974731271327,3522240276,4.8586264,7.538887,3.801896,3
193974733771327,3524740276,4.8655057,7.556833,3.798307,3
193974736271327,3527240276,4.8693943,7.5613194,3.8051863,3
193974738771327,3529740276,4.86072,7.5529447,3.8024943,3
193974741271327,3532240276,4.8705907,7.542177,3.7914274,3
193974743771327,3534740276,4.870291,7.5433736,3.7734814,3
193974746271327,3537240276,4.8789654,7.5457664,3.7836509,3
193974748771327,3539740276,4.8729835,7.539186,3.7827535,3
193974751271327,3542240276,4.8705907,7.5469627,3.7944186,3
193974753771327,3544740276,4.871787,7.534101,3.7989051,3
193974756271327,3547240276,4.8768716,7.5215387,3.789932,3
193974758771327,3549740276,4.8876395,7.5197444,3.7785661,3
193974761271327,3552240276,4.886443,7.522137,3.7600217,3
193974763771327,3554740276,4.8912287,7.5068827,3.7471602,3
193974766271327,3557240276,4.8765726,7.5122666,3.7441692,3
193974768771327,3559740276,4.8858447,7.499106,3.7393837,3
193974771271327,3562240276,4.8912287,7.495517,3.7313077,3
193974773771327,3564740276,4.8876395,7.5089765,3.7387853,3
193974776271327,3567240276,4.8906302,7.5083785,3.7513478,3
193974778771327,3569740276,4.8912287,7.5197444,3.7483566,3
193974781271327,3572240276,4.886742,7.5203424,3.7597225,3
193974783771327,3574740276,4.8705907,7.528418,3.757928,3
193974786271327,3577240276,4.8646083,7.5364943,3.7501514,3
193974788771327,3579740276,4.8562336,7.537391,3.7564325,3
193974791271327,3582240276,4.8394837,7.544869,3.7600217,3
193974793771327,3584740276,4.831408,7.564909,3.766602,3
193974796271327,3587240276,4.847859,7.583752,3.7680974,3
193974798771327,3589740276,4.8490553,7.578368,3.7630126,3
193974801271327,3592240276,4.867001,7.576873,3.7674992,3
193974803771327,3594740276,4.8705907,7.5810604,3.7636108,3
193974806271327,3597240276,4.8649077,7.578368,3.7483566,3
193974808771327,3599740276,4.8819566,7.5903325,3.7363925,3
193974811271327,3602240276,4.87747,7.602895,3.7253258,3
193974813771327,3604740276,4.8912287,7.5882387,3.7094734,3
193974816271327,3607240276,4.8999023,7.5810604,3.71396,3
193974818771327,3609740276,4.9169517,7.5699935,3.712165,3
193974821271327,3612240276,4.9229336,7.5732837,3.7013974,3
193974823771327,3614740276,4.9193444,7.5673018,3.7046876,3
193974826271327,3617240276,4.9199424,7.55115,3.7046876,3
193974828771327,3619740276,4.9214377,7.561918,3.6816568,3
193974831271327,3622240276,4.933103,7.568199,3.705585,3
193974833771327,3624740276,4.933402,7.5670023,3.7247276,3
193974836271327,3627240276,4.928018,7.573882,3.740879,3
193974838771327,3629740276,4.9235315,7.5643106,3.7447674,3
193974841271327,3632240276,4.9202414,7.5604224,3.7561333,3
193974843771327,3634740276,4.9031925,7.565208,3.737888,3
193974846271327,3637240276,4.9031925,7.565208,3.728616,3
193974848771327,3639740276,4.8909297,7.5583286,3.7181473,3
193974851271327,3642240276,4.8900323,7.55115,3.7091742,3
193974853771327,3644740276,4.888836,7.5607214,3.7136607,3
193974856271327,3647240276,4.8903313,7.55115,3.7310088,3
193974858771327,3649740276,4.900501,7.550851,3.738187,3
193974861271327,3652240276,4.8658047,7.559525,3.746562,3
193974863771327,3654740276,4.8658047,7.557431,3.7513478,3
193974866271327,3657240276,4.851448,7.5696945,3.7387853,3
193974868771327,3659740276,4.845765,7.5667033,3.731906,3
193974871271327,3662240276,4.83739,7.5646095,3.720241,3
193974873771327,3664740276,4.831707,7.563114,3.7274194,3
193974876271327,3667240276,4.8302116,7.5702925,3.7118661,3
193974878771327,3669740276,4.852046,7.5699935,3.714857,3
193974881271327,3672240276,4.860421,7.5517483,3.711268,3
193974883771327,3674740276,4.868497,7.548458,3.699902,3
193974886271327,3677240276,4.85743,7.548757,3.7088752,3
193974888771327,3679740276,4.860421,7.5529447,3.6963127,3
193974891271327,3682240276,4.848457,7.5580297,3.6786656,3
193974893771327,3684740276,4.854439,7.55115,3.6843486,3
193974896271327,3687240276,4.869095,7.565507,3.6948173,3
193974898771327,3689740276,4.8792644,7.57119,3.708277,3
193974901271327,3692240276,4.883452,7.5816584,3.7118661,3
193974903771327,3694740276,4.886443,7.5849485,3.728616,3
193974906271327,3697240276,4.879863,7.5954175,3.731607,3
193974908771327,3699740276,4.897809,7.5927253,3.7241294,3
193974911271327,3702240276,4.8918266,7.6088767,3.7277186,3
193974913771327,3704740276,4.892724,7.609176,3.7265222,3
193974916271327,3707240276,4.881358,7.6073813,3.7247276,3
193974918771327,3709740276,4.881657,7.6067834,3.7124643,3
193974921271327,3712240276,4.866702,7.610073,3.711567,3
193974923771327,3714740276,4.8508496,7.622636,3.7211382,3
193974926271327,3717240276,4.8376894,7.6181493,3.7217364,3
193974928771327,3719740276,4.8496532,7.6202426,3.7322052,3
193974931271327,3722240276,4.8562336,7.622636,3.7546377,3
193974933771327,3724740276,4.8601217,7.620841,3.7588253,3
193974936271327,3727240276,4.8637114,7.6160555,3.7615173,3
193974938771327,3729740276,4.869095,7.6046896,3.7707894,3
193974941271327,3732240276,4.855336,7.598408,3.7516468,3
193974943771327,3734740276,4.8598228,7.5939217,3.7331023,3
193974946271327,3737240276,4.8637114,7.5993056,3.7292142,3
193974948771327,3739740276,4.857729,7.5996046,3.723232,3
193974951271327,3742240276,4.859225,7.5867434,3.728915,3
193974953771327,3744740276,4.8622155,7.598408,3.7184465,3
193974956271327,3747240276,4.8673005,7.5870423,3.7331023,3
193974958771327,3749740276,4.888836,7.591529,3.7310088,3
193974961271327,3752240276,4.8903313,7.588837,3.7489548,3
193974963771327,3754740276,4.892425,7.5810604,3.7561333,3
193974966271327,3757240276,4.8939204,7.576873,3.7507496,3
193974968771327,3759740276,4.9049873,7.5693955,3.749553,3
193974971271327,3762240276,4.910072,7.5676007,3.7480576,3
193974973771327,3764740276,4.9118667,7.561918,3.735196,3
193974976271327,3767240276,4.8942194,7.5517483,3.7307096,3
193974978771327,3769740276,4.880162,7.5550385,3.7363925,3
193974981271327,3772240276,4.881657,7.542775,3.7292142,3
193974983771327,3774740276,4.871787,7.538887,3.7501514,3
193974986271327,3777240276,4.861318,7.5364943,3.7310088,3
193974988771327,3779740276,4.8601217,7.538887,3.728616,3
193974991271327,3782240276,4.8673005,7.52782,3.7447674,3
193974993771327,3784740276,4.8699923,7.5182486,3.7513478,3
193974996271327,3787240276,4.8822556,7.5263247,3.7525442,3
193974998771327,3789740276,4.883153,7.534101,3.7686956,3
193975001271327,3792240276,4.85743,7.5233335,3.7680974,3
193975003771327,3794740276,4.83739,7.5263247,3.7689948,3
193975006271327,3797240276,4.8236313,7.5385876,3.780959,3
193975008771327,3799740276,4.8098726,7.5379896,3.781557,3
193975011271327,3802240276,4.7895336,7.5553374,3.7917266,3
193975013771327,3804740276,4.779663,7.5580297,3.801896,3
193975016271327,3807240276,4.784449,7.5550385,3.813262,3
193975018771327,3809740276,4.7742796,7.553842,3.818646,3
193975021271327,3812240276,4.778766,7.55115,3.8099718,3
193975023771327,3814740276,4.7892346,7.557431,3.8027935,3
193975026271327,3817240276,4.8182473,7.5469627,3.764209,3
193975028771327,3819740276,4.84068,7.5296144,3.714857,3
193975031271327,3822240276,4.8230333,7.5442705,3.6918263,3
193975033771327,3824740276,4.7955155,7.591828,3.7426736,3
193975036271327,3827240276,4.79073,7.6124663,3.7965121,3
193975038771327,3829740276,4.842176,7.585547,3.830909,3
193975041271327,3832240276,4.857729,7.57448,3.8593237,3
193975043771327,3834740276,4.8469615,7.5960155,3.8443687,3
193975046271327,3837240276,4.8137608,7.600502,3.7884364,3
193975048771327,3839740276,4.787141,7.6019974,3.7660038,3
193975051271327,3842240276,4.7892346,7.596913,3.766602,3
193975053771327,3844740276,4.788337,7.591828,3.7645082,3
193975056271327,3847240276,4.7892346,7.583453,3.7471602,3
193975058771327,3849740276,4.7832522,7.576574,3.7737803,3
193975061271327,3852240276,4.8003016,7.5726852,3.7875392,3
193975063771327,3854740276,4.8101716,7.5643106,3.7908292,3
193975066271327,3857240276,4.8182473,7.5604224,3.798606,3
193975068771327,3859740276,4.8263235,7.5604224,3.804887,3
193975071271327,3862240276,4.833502,7.5532436,3.8051863,3
193975073771327,3864740276,4.8287163,7.553842,3.8072798,3
193975076271327,3867240276,4.8158545,7.553842,3.807579,3
193975078771327,3869740276,4.8086762,7.5433736,3.7917266,3
193975081271327,3872240276,4.8041897,7.5317082,3.7770705,3
193975083771327,3874740276,4.814658,7.527521,3.7797625,3
193975086271327,3877240276,4.805087,7.534101,3.7764723,3
193975088771327,3879740276,4.828417,7.528418,3.7887356,3
193975091271327,3882240276,4.825725,7.5257263,3.7758741,3
193975093771327,3884740276,4.834399,7.5439715,3.7806597,3
193975096271327,3887240276,4.846662,7.536793,3.7797625,3
193975098771327,3889740276,4.8376894,7.535597,3.7812579,3
193975101271327,3892240276,4.831707,7.5326056,3.790231,3
193975103771327,3894740276,4.8272204,7.529914,3.7791643,3
193975106271327,3897240276,4.8341,7.539784,3.7546377,3
193975108771327,3899740276,4.8266225,7.5490565,3.7683966,3
193975111271327,3902240276,4.831707,7.5475607,3.7713876,3
193975113771327,3904740276,4.8361936,7.550253,3.7546377,3
193975116271327,3907240276,4.846064,7.564909,3.7561333,3
193975118771327,3909740276,4.8361936,7.548757,3.7857444,3
193975121271327,3912240276,4.8622155,7.5646095,3.7803607,3
193975123771327,3914740276,4.881657,7.564909,3.784249,3
193975126271327,3917240276,4.8939204,7.574779,3.7794633,3
193975128771327,3919740276,4.8843493,7.582257,3.778865,3
193975131271327,3922240276,4.888836,7.5996046,3.7776687,3
193975133771327,3924740276,4.878068,7.6166534,3.789932,3
193975136271327,3927240276,4.8693943,7.6181493,3.7716868,3
193975138771327,3929740276,4.8652067,7.6220374,3.7737803,3
193975141271327,3932240276,4.859524,7.6274214,3.7884364,3
193975143771327,3934740276,4.8625145,7.6340017,3.7875392,3
193975146271327,3937240276,4.869095,7.6426754,3.758526,3
193975148771327,3939740276,4.847859,7.6423764,3.7803607,3
193975151271327,3942240276,4.8529434,7.644171,3.7692938,3
193975153771327,3944740276,4.854439,7.6274214,3.7785661,3
193975156271327,3947240276,4.860421,7.630412,3.78724,3
193975158771327,3949740276,4.855336,7.6274214,3.7908292,3
193975161271327,3952240276,4.8568316,7.6142607,3.7920256,3
193975163771327,3954740276,4.859524,7.618747,3.7818563,3
193975166271327,3957240276,4.855635,7.6049886,3.789932,3
193975168771327,3959740276,4.8379884,7.603792,3.7977087,3
193975171271327,3962240276,4.825725,7.602297,3.789932,3
193975173771327,3964740276,4.8119664,7.5930243,3.781557,3
193975176271327,3967240276,4.8086762,7.5759754,3.7860436,3
193975178771327,3969740276,4.801498,7.5622168,3.7860436,3
193975181271327,3972240276,4.7979083,7.557431,3.7821553,3
193975183771327,3974740276,4.793123,7.5604224,3.7980077,3
193975186271327,3977240276,4.793721,7.5529447,3.7770705,3
193975188771327,3979740276,4.805087,7.555936,3.7797625,3
193975191271327,3982240276,4.8152566,7.5457664,3.7896328,3
193975193771327,3984740276,4.8176494,7.5257263,3.7716868,3
193975196271327,3987240276,4.831408,7.5257263,3.761218,3
193975198771327,3989740276,4.840381,7.535597,3.749254,3
193975201271327,3992240276,4.853542,7.516454,3.7414773,3
193975203771327,3994740276,4.8649077,7.5068827,3.7193437,3
193975206271327,3997240276,4.8825545,7.5161552,3.7010984,3
193975208771327,3999740276,4.880162,7.50778,3.6831522,3
193975211271327,4002240276,4.8882375,7.500602,3.6681972,3
193975213771327,4004740276,4.8936214,7.496414,3.6556349,3
193975216271327,4007240276,4.9031925,7.510173,3.6424742,3
193975218771327,4009740276,4.898108,7.4808607,3.6364923,3
193975221271327,4012240276,4.896014,7.4919276,3.6430724,3
193975223771327,4014740276,4.8972106,7.49462,3.6514473,3
193975226271327,4017240276,4.910072,7.4973116,3.6577284,3
193975228771327,4019740276,4.915755,7.512865,3.667898,3
193975231271327,4022240276,4.9348974,7.5173516,3.6867416,3
193975233771327,4024740276,4.9453664,7.530811,3.6873398,3
193975236271327,4027240276,4.962714,7.522735,3.6819558,3
193975238771327,4029740276,4.953442,7.5436726,3.6810586,3
193975241271327,4032240276,4.944469,7.565507,3.6696925,3
193975243771327,4034740276,4.9516473,7.5661054,3.6696925,3
193975246271327,4037240276,4.950152,7.585547,3.6672997,3
193975248771327,4039740276,4.9342995,7.5750785,3.673581,3
193975251271327,4042240276,4.9292145,7.587641,3.6708891,3
193975253771327,4044740276,4.9286165,7.6052876,3.647559,3
193975256271327,4047240276,4.929813,7.610073,3.6526437,3
193975258771327,4049740276,4.92413,7.6193457,3.656532,3
193975261271327,4052240276,4.901996,7.6202426,3.6750765,3
193975263771327,4054740276,4.896014,7.6402826,3.6870406,3
193975266271327,4057240276,4.8735814,7.644769,3.685545,3
193975268771327,4059740276,4.858028,7.6543407,3.711268,3
193975271271327,4062240276,4.8415775,7.665407,3.7010984,3
193975273771327,4064740276,4.83739,7.6797643,3.7103705,3
193975276271327,4067240276,4.827819,7.6830544,3.720241,3
193975278771327,4069740276,4.8101716,7.6902328,3.726223,3
193975281271327,4072240276,4.8122654,7.6920276,3.7310088,3
193975283771327,4074740276,4.8086762,7.6977105,3.7304106,3
193975286271327,4077240276,4.7976093,7.6950183,3.734598,3
193975288771327,4079740276,4.7913284,7.7030945,3.7226338,3
193975291271327,4082240276,4.81406,7.700701,3.7354953,3
193975293771327,4084740276,4.833502,7.7054873,3.7301114,3
193975296271327,4087240276,4.84068,7.6977105,3.7283168,3
193975298771327,4089740276,4.8469615,7.6917286,3.7187455,3
193975301271327,4092240276,4.8589253,7.678867,3.7172499,3
193975303771327,4094740276,4.86072,7.6549387,3.7043886,3
193975306271327,4097240276,4.872385,7.645068,3.6780674,3
193975308771327,4099740276,4.881059,7.628618,3.6924245,3
193975311271327,4102240276,4.8861437,7.6085777,3.6837504,3
193975313771327,4104740276,4.9007998,7.581958,3.675974,3
193975316271327,4107240276,4.9106703,7.5729847,3.6885362,3
193975318771327,4109740276,4.9103713,7.5613194,3.6762729,3
193975321271327,4112240276,4.904389,7.559226,3.6699917,3
193975323771327,4114740276,4.8912287,7.55773,3.6717863,3
193975326271327,4117240276,4.8876395,7.542775,3.6828532,3
193975328771327,4119740276,4.879863,7.5433736,3.676572,3
193975331271327,4122240276,4.8861437,7.5317082,3.6858442,3
193975333771327,4124740276,4.8828535,7.530213,3.714857,3
193975336271327,4127240276,4.8828535,7.521838,3.693621,3
193975338771327,4129740276,4.8876395,7.5173516,3.676572,3
193975341271327,4132240276,4.8996034,7.5092754,3.6631124,3
193975343771327,4134740276,4.907679,7.507481,3.656532,3
193975346271327,4137240276,4.9103713,7.4865437,3.671188,3
193975348771327,4139740276,4.914858,7.4979095,3.6684961,3
193975351271327,4142240276,4.9405804,7.493124,3.674179,3
193975353771327,4144740276,4.941478,7.493124,3.6625142,3
193975356271327,4147240276,4.9405804,7.4979095,3.6753755,3
193975358771327,4149740276,4.9489555,7.4940214,3.6696925,3
193975361271327,4152240276,4.9510493,7.493423,3.6574295,3
193975363771327,4154740276,4.9348974,7.5032935,3.6771703,3
193975366271327,4157240276,4.9402814,7.509874,3.6610186,3
193975368771327,4159740276,4.9310093,7.522735,3.664907,3
193975371271327,4162240276,4.92742,7.5263247,3.6774693,3
193975373771327,4164740276,4.9319067,7.530213,3.6891344,3
193975376271327,4167240276,4.956134,7.5314093,3.7070804,3
193975378771327,4169740276,4.9510493,7.5293155,3.7022948,3
193975381271327,4172240276,4.9262238,7.534101,3.6960137,3
193975383771327,4174740276,4.9079785,7.5469627,3.714259,3
193975386271327,4177240276,4.906782,7.550851,3.708576,3
193975388771327,4179740276,4.907081,7.5637126,3.714259,3
193975391271327,4182240276,4.893023,7.5664043,3.702893,3
193975393771327,4184740276,4.8909297,7.5696945,3.7064822,3
193975396271327,4187240276,4.8855457,7.569096,3.7151563,3
193975398771327,4189740276,4.8732824,7.561619,3.7295132,3
193975401271327,4192240276,4.868796,7.57448,3.7453656,3
193975403771327,4194740276,4.86072,7.583752,3.757629,3
193975406271327,4197240276,4.853542,7.5774713,3.7654054,3
193975408771327,4199740276,4.855037,7.5846496,3.7627137,3
193975411271327,4202240276,4.8505507,7.589136,3.7573297,3
193975413771327,4204740276,4.8526444,7.585248,3.7555351,3
193975416271327,4207240276,4.852046,7.5900335,3.7707894,3
193975418771327,4209740276,4.8619165,7.5996046,3.7660038,3
193975421271327,4212240276,4.8711886,7.602596,3.766602,3
193975423771327,4214740276,4.881358,7.600801,3.7543387,3
193975426271327,4217240276,4.88405,7.610073,3.7546377,3
193975428771327,4219740276,4.900501,7.6049886,3.7594235,3
193975431271327,4222240276,4.8909297,7.6181493,3.7268212,3
193975433771327,4224740276,4.874479,7.60798,3.726223,3
193975436271327,4227240276,4.8861437,7.5933237,3.7283168,3
193975438771327,4229740276,4.8876395,7.589435,3.7354953,3
193975441271327,4232240276,4.879863,7.585547,3.7118661,3
193975443771327,4234740276,4.886443,7.6082788,3.7334015,3
193975446271327,4237240276,4.892126,7.61127,3.7477584,3
193975448771327,4239740276,4.8846483,7.6070824,3.7546377,3
193975451271327,4242240276,4.886443,7.595118,3.7615173,3
193975453771327,4244740276,4.8954163,7.5933237,3.7420754,3
193975456271327,4247240276,4.8933225,7.580462,3.737589,3
193975458771327,4249740276,4.8732824,7.577172,3.7226338,3
193975461271327,4252240276,4.8699923,7.5693955,3.7160535,3
193975463771327,4254740276,4.8762736,7.562815,3.7061832,3
193975466271327,4257240276,4.872385,7.5583286,3.6894333,3
193975468771327,4259740276,4.866702,7.548458,3.6807594,3
193975471271327,4262240276,4.879564,7.5496545,3.690929,3
193975473771327,4264740276,4.889733,7.5385876,3.7052858,3
193975476271327,4267240276,4.896014,7.512865,3.7046876,3
193975478771327,4269740276,4.887041,7.5382886,3.7214375,3
193975481271327,4272240276,4.8882375,7.533503,3.717549,3
193975483771327,4274740276,4.881657,7.520642,3.7196429,3
193975486271327,4277240276,4.881657,7.516753,3.7220356,3
193975488771327,4279740276,4.87418,7.516753,3.7016966,3
193975491271327,4282240276,4.863113,7.5107713,3.6975093,3
193975493771327,4284740276,4.8675995,7.513762,3.685246,3
193975496271327,4287240276,4.8714876,7.4997044,3.6870406,3
193975498771327,4289740276,4.868796,7.4979095,3.6960137,3
193975501271327,4292240276,4.8673005,7.502097,3.6957145,3
193975503771327,4294740276,4.872385,7.5233335,3.711567,3
193975506271327,4297240276,4.8804607,7.513463,3.7268212,3
193975508771327,4299740276,4.874479,7.515258,3.7453656,3
193975511271327,4302240276,4.8828535,7.5257263,3.7357943,3
193975513771327,4304740276,4.888836,7.5230346,3.7229328,3
193975516271327,4307240276,4.883153,7.530512,3.7304106,3
193975518771327,4309740276,4.8768716,7.5526457,3.7256248,3
193975521271327,4312240276,4.8768716,7.561619,3.7109687,3
193975523771327,4314740276,4.8658047,7.5828547,3.7160535,3
193975526271327,4317240276,4.872385,7.580462,3.7331023,3
193975528771327,4319740276,4.872086,7.590931,3.7304106,3
193975531271327,4322240276,4.861019,7.6019974,3.74058,3
193975533771327,4324740276,4.8565326,7.618747,3.7423747,3
193975536271327,4327240276,4.8508496,7.631908,3.7348971,3
193975538771327,4329740276,4.8562336,7.6345997,3.7396827,3
193975541271327,4332240276,4.8361936,7.6396847,3.7743785,3
193975543771327,4334740276,4.8269215,7.649854,3.7995033,3
193975546271327,4337240276,4.8155556,7.648658,3.7932222,3
193975548771327,4339740276,4.805386,7.6645103,3.7860436,3
193975551271327,4342240276,4.784449,7.670193,3.7672002,3
193975553771327,4344740276,4.750052,7.669296,3.7648072,3
193975556271327,4347240276,4.738387,7.6749787,3.7489548,3
193975558771327,4349740276,4.7231326,7.687242,3.7561333,3
193975561271327,4352240276,4.6878386,7.6890364,3.7423747,3
193975563771327,4354740276,4.666004,7.700701,3.7387853,3
193975566271327,4357240276,4.6555357,7.708478,3.758227,3
193975568771327,4359740276,4.677071,7.7108707,3.7630126,3
193975571271327,4362240276,4.681258,7.7087774,3.7387853,3
193975573771327,4364740276,4.6761737,7.713862,3.754937,3
193975576271327,4367240276,4.7024946,7.719246,3.7552361,3
193975578771327,4369740276,4.7210393,7.71117,3.7489548,3
193975581271327,4372240276,4.7309093,7.70788,3.7277186,3
193975583771327,4374740276,4.741378,7.6980095,3.7073796,3
193975586271327,4377240276,4.7401814,7.711469,3.6918263,3
193975588771327,4379740276,4.7491546,7.702496,3.6544385,3
193975591271327,4382240276,4.738985,7.6980095,3.6786656,3
193975593771327,4384740276,4.7751765,7.6836524,3.6696925,3
193975596271327,4387240276,4.7859445,7.679166,3.636193,3
193975598771327,4389740276,4.7805605,7.6737823,3.6547375,3
193975601271327,4392240276,4.7832522,7.667202,3.6873398,3
193975603771327,4394740276,4.7880383,7.663613,3.6828532,3
193975606271327,4397240276,4.7982078,7.6752777,3.67388,3
193975608771327,4399740276,4.827819,7.670492,3.69721,3
193975611271327,4402240276,4.8308096,7.65793,3.7181473,3
193975613771327,4404740276,4.8299127,7.6552377,3.7223346,3
193975616271327,4407240276,4.834698,7.641778,3.7360935,3
193975618771327,4409740276,4.822435,7.6328053,3.7124643,3
193975621271327,4412240276,4.8194437,7.618747,3.7046876,3
193975623771327,4414740276,4.8251266,7.6082788,3.687938,3
193975626271327,4417240276,4.8116674,7.606484,3.696911,3
193975628771327,4419740276,4.8179483,7.597511,3.7229328,3
193975631271327,4422240276,4.8101716,7.5903325,3.7226338,3
193975633771327,4424740276,4.807779,7.573882,3.7510486,3
193975636271327,4427240276,4.820042,7.5532436,3.772285,3
193975638771327,4429740276,4.814957,7.5580297,3.7672002,3
193975641271327,4432240276,4.829314,7.550552,3.786941,3
193975643771327,4434740276,4.831408,7.545467,3.7803607,3
193975646271327,4437240276,4.8245287,7.535597,3.786941,3
193975648771327,4439740276,4.8155556,7.539485,3.775575,3
193975651271327,4442240276,4.816453,7.5382886,3.8063827,3
193975653771327,4444740276,4.8101716,7.5320077,3.790231,3
193975656271327,4447240276,4.811368,7.539784,3.8204405,3
193975658771327,4449740276,4.8032923,7.548458,3.8063827,3
193975661271327,4452240276,4.8041897,7.5514493,3.8081772,3
193975663771327,4454740276,4.8011985,7.54128,3.807878,3
193975666271327,4457240276,4.7970114,7.5379896,3.8099718,3
193975668771327,4459740276,4.8098726,7.5352974,3.8201413,3
193975671271327,4462240276,4.822136,7.534101,3.8030925,3
193975673771327,4464740276,4.840082,7.5293155,3.81057,3
193975676271327,4467240276,4.8496532,7.522137,3.8027935,3
193975678771327,4469740276,4.85414,7.5317082,3.7878382,3
193975681271327,4472240276,4.8598228,7.524231,3.7716868,3
193975683771327,4474740276,4.8568316,7.5143604,3.7677984,3
193975686271327,4477240276,4.875675,7.5125656,3.7737803,3
193975688771327,4479740276,4.8882375,7.502396,3.7758741,3
193975691271327,4482240276,4.8804607,7.5125656,3.7692938,3
193975693771327,4484740276,4.8768716,7.502097,3.7663028,3
193975696271327,4487240276,4.888836,7.5053873,3.758227,3
193975698771327,4489740276,4.895117,7.508079,3.7567315,3
193975701271327,4492240276,4.8729835,7.4916286,3.7657046,3
193975703771327,4494740276,4.881358,7.5197444,3.7737803,3
193975706271327,4497240276,4.871787,7.5173516,3.7615173,3
193975708771327,4499740276,4.877769,7.5197444,3.7677984,3
193975711271327,4502240276,4.872086,7.5236325,3.7645082,3
193975713771327,4504740276,4.874479,7.5254273,3.7615173,3
193975716271327,4507240276,4.8819566,7.5326056,3.7654054,3
193975718771327,4509740276,4.8909297,7.5230346,3.7624145,3
193975721271327,4512240276,4.889135,7.5182486,3.7594235,3
193975723771327,4514740276,4.892425,7.525128,3.7298124,3
193975726271327,4517240276,4.896014,7.5260253,3.714259,3
193975728771327,4519740276,4.8933225,7.5287175,3.693621,3
193975731271327,4522240276,4.9115677,7.530213,3.671188,3
193975733771327,4524740276,4.92413,7.539784,3.649952,3
193975736271327,4527240276,4.9202414,7.539186,3.6403806,3
193975738771327,4529740276,4.9322057,7.543074,3.6517465,3
193975741271327,4532240276,4.930411,7.5532436,3.652943,3
193975743771327,4534740276,4.924728,7.5604224,3.629613,3
193975746271327,4537240276,4.9345984,7.5583286,3.6293137,3
193975748771327,4539740276,4.93729,7.565208,3.6290147,3
193975751271327,4542240276,4.918447,7.585846,3.589832,3
193975753771327,4544740276,4.922036,7.591828,3.6116667,3
193975756271327,4547240276,4.9139605,7.5963144,3.6137605,3
193975758771327,4549740276,4.895117,7.6016984,3.6089747,3
193975761271327,4552240276,4.8909297,7.609475,3.6164522,3
193975763771327,4554740276,4.883751,7.626524,3.612863,3
193975766271327,4557240276,4.867001,7.64447,3.6149569,3
193975768771327,4559740276,4.8454657,7.658528,3.6520455,3
193975771271327,4562240276,4.8397827,7.6624165,3.6496527,3
193975773771327,4564740276,4.842475,7.684251,3.6409788,3
193975776271327,4567240276,4.8305106,7.699206,3.656532,3
193975778771327,4569740276,4.814957,7.704889,3.6708891,3
193975781271327,4572240276,4.8059845,7.7210402,3.6867416,3
193975783771327,4574740276,4.8119664,7.72792,3.6789649,3
193975786271327,4577240276,4.8158545,7.728219,3.6774693,3
193975788771327,4579740276,4.8098726,7.734201,3.6640096,3
193975791271327,4582240276,4.8233323,7.742875,3.6466618,3
193975793771327,4584740276,4.820341,7.7386875,3.6586258,3
193975796271327,4587240276,4.8125644,7.739286,3.6625142,3
193975798771327,4589740276,4.8098726,7.7503524,3.652943,3
193975801271327,4592240276,4.8098726,7.73779,3.6460636,3
193975803771327,4594740276,4.8047876,7.7437725,3.6846478,3
193975806271327,4597240276,4.79073,7.747062,3.6520455,3
193975808771327,4599740276,4.787141,7.7365937,3.6568313,3
193975811271327,4602240276,4.766802,7.7380896,3.6643088,3
193975813771327,4604740276,4.7566323,7.7330046,3.671188,3
193975816271327,4607240276,4.7685966,7.718947,3.6915271,3
193975818771327,4609740276,4.7685966,7.708478,3.72054,3
193975821271327,4612240276,4.7685966,7.696215,3.738187,3
193975823771327,4614740276,4.785047,7.676773,3.7594235,3
193975826271327,4617240276,4.781159,7.6716886,3.761218,3
193975828771327,4619740276,4.772186,7.6549387,3.7516468,3
193975831271327,4622240276,4.788337,7.645068,3.7459638,3
193975833771327,4624740276,4.805087,7.631908,3.7334015,3
193975836271327,4627240276,4.8068814,7.606484,3.7322052,3
193975838771327,4629740276,4.814658,7.578069,3.73729,3
193975841271327,4632240276,4.8086762,7.5523467,3.749254,3
193975843771327,4634740276,4.842475,7.55773,3.712165,3
193975846271327,4637240276,4.889733,7.5406814,3.6957145,3
193975848771327,4639740276,4.9049873,7.49103,3.6927235,3
193975851271327,4642240276,4.900202,7.4653077,3.7163527,3
193975853771327,4644740276,4.8738804,7.4682984,3.746263,3
193975856271327,4647240276,4.8652067,7.4677005,3.7824545,3
193975858771327,4649740276,4.849952,7.4787674,3.7935212,3
193975861271327,4652240276,4.854439,7.492526,3.7989051,3
193975863771327,4654740276,4.8326044,7.4916286,3.775276,3
193975866271327,4657240276,4.8212385,7.4865437,3.7674992,3
193975868771327,4659740276,4.8059845,7.4886374,3.7914274,3
193975871271327,4662240276,4.8098726,7.475178,3.7908292,3
193975873771327,4664740276,4.80748,7.4718876,3.7935212,3
193975876271327,4667240276,4.8035913,7.4736824,3.7797625,3
193975878771327,4669740276,4.8101716,7.4859457,3.7806597,3
193975881271327,4672240276,4.814658,7.4979095,3.7743785,3
193975883771327,4674740276,4.805685,7.4862447,3.7621155,3
193975886271327,4677240276,4.8116674,7.4844503,3.7570307,3
193975888771327,4679740276,4.81406,7.487142,3.7450666,3
193975891271327,4682240276,4.816752,7.5009007,3.7558343,3
193975893771327,4684740276,4.8011985,7.513463,3.772584,3
193975896271327,4687240276,4.801498,7.5382886,3.76391,3
193975898771327,4689740276,4.8026943,7.5466633,3.7806597,3
193975901271327,4692240276,4.810471,7.562815,3.7680974,3
193975903771327,4694740276,4.818547,7.579864,3.7860436,3
193975906271327,4697240276,4.8155556,7.5906315,3.7884364,3
193975908771327,4699740276,4.8287163,7.600801,3.775276,3
193975911271327,4702240276,4.831408,7.6199436,3.7710886,3
193975913771327,4704740276,4.81077,7.640881,3.735196,3
193975916271327,4707240276,4.7865424,7.652845,3.7331023,3
193975918771327,4709740276,4.7862434,7.668997,3.7280176,3
193975921271327,4712240276,4.770092,7.681858,3.7100716,3
193975923771327,4714740276,4.7685966,7.6803627,3.6975093,3
193975926271327,4717240276,4.7629137,7.7033935,3.6906297,3
193975928771327,4719740276,4.7596235,7.713264,3.6690943,3
193975931271327,4722240276,4.7545385,7.7207413,3.6828532,3
193975933771327,4724740276,4.7455654,7.722536,3.6723845,3
193975936271327,4727240276,4.7419763,7.7464643,3.6789649,3
193975938771327,4729740276,4.7213383,7.7533436,3.6568313,3
193975941271327,4732240276,4.706981,7.758129,3.6490545,3
193975943771327,4734740276,4.6872406,7.7754774,3.6586258,3
193975946271327,4737240276,4.673781,7.7760754,3.6523447,3
193975948771327,4739740276,4.673482,7.7871423,3.661916,3
193975951271327,4742240276,4.6728835,7.8053875,3.6409788,3
193975953771327,4744740276,4.67408,7.8110704,3.6403806,3
193975956271327,4747240276,4.686343,7.804191,3.6559339,3
193975958771327,4749740276,4.7045884,7.803892,3.6655052,3
193975961271327,4752240276,4.72403,7.8086777,3.6729827,3
193975963771327,4754740276,4.731508,7.8020973,3.6664026,3
193975966271327,4757240276,4.751847,7.7946196,3.6637106,3
193975968771327,4759740276,4.766802,7.7814593,3.6559339,3
193975971271327,4762240276,4.788337,7.772486,3.6520455,3
193975973771327,4764740276,4.8095737,7.760223,3.652943,3
193975976271327,4767240276,4.8188457,7.745268,3.6478581,3
193975978771327,4769740276,4.817051,7.73779,3.635894,3
193975981271327,4772240276,4.833801,7.7183485,3.6230326,3
193975983771327,4774740276,4.8355956,7.6920276,3.629912,3
193975986271327,4777240276,4.837091,7.6746798,3.6056845,3
193975988771327,4779740276,4.8299127,7.658229,3.592225,3
193975991271327,4782240276,4.8308096,7.6316085,3.5865421,3
193975993771327,4784740276,4.8209395,7.6124663,3.5919259,3
193975996271327,4787240276,4.8245287,7.6082788,3.6077783,3
193975998771327,4789740276,4.8287163,7.60439,3.6364923,3
193976001271327,4792240276,4.817051,7.587641,3.6308093,3
193976003771327,4794740276,4.82064,7.5927253,3.6568313,3
193976006271327,4797240276,4.825725,7.582556,3.679563,3
193976008771327,4799740276,4.8305106,7.5729847,3.6996028,3
193976011271327,4802240276,4.8589253,7.554141,3.690929,3
193976013771327,4804740276,4.8658047,7.533204,3.6990047,3
193976016271327,4807240276,4.879564,7.5197444,3.6960137,3
193976018771327,4809740276,4.9058847,7.5065837,3.6957145,3
193976021271327,4812240276,4.918148,7.502396,3.6831522,3
193976023771327,4814740276,4.9310093,7.4826555,3.688237,3
193976026271327,4817240276,4.9510493,7.47458,3.688237,3
193976028771327,4819740276,4.955835,7.4907312,3.662215,3
193976031271327,4822240276,4.955536,7.4793653,3.676871,3
193976033771327,4824740276,4.9438705,7.49103,3.6810586,3
193976036271327,4827240276,4.9402814,7.489834,3.6831522,3
193976038771327,4829740276,4.936692,7.507481,3.667898,3
193976041271327,4832240276,4.9405804,7.515557,3.6957145,3
193976043771327,4834740276,4.9232326,7.521838,3.6930227,3
193976046271327,4837240276,4.912465,7.533503,3.6810586,3
193976048771327,4839740276,4.9058847,7.556235,3.7034912,3
193976051271327,4842240276,4.8936214,7.585547,3.7172499,3
193976053771327,4844740276,4.8936214,7.595118,3.7199419,3
193976056271327,4847240276,4.869095,7.6082788,3.7187455,3
193976058771327,4849740276,4.858028,7.6127653,3.7109687,3
193976061271327,4852240276,4.8475595,7.630412,3.7354953,3
193976063771327,4854740276,4.835296,7.6456666,3.726223,3
193976066271327,4857240276,4.833801,7.656434,3.7402809,3
193976068771327,4859740276,4.8361936,7.6633134,3.7537405,3
193976071271327,4862240276,4.8305106,7.664211,3.737589,3
193976073771327,4864740276,4.8173504,7.6716886,3.7280176,3
193976076271327,4867240276,4.8191447,7.6776705,3.728616,3
193976078771327,4869740276,4.829314,7.696215,3.7211382,3
193976081271327,4872240276,4.8302116,7.6833534,3.7133617,3
193976083771327,4874740276,4.822435,7.663912,3.6975093,3
193976086271327,4877240276,4.825426,7.659724,3.6990047,3
193976088771327,4879740276,4.8245287,7.658528,3.691228,3
193976091271327,4882240276,4.8302116,7.6396847,3.6687953,3
193976093771327,4884740276,4.8361936,7.6256266,3.6523447,3
193976096271327,4887240276,4.837091,7.6334033,3.6577284,3
193976098771327,4889740276,4.845765,7.603493,3.659224,3
193976101271327,4892240276,4.8625145,7.595118,3.6604204,3
193976103771327,4894740276,4.872684,7.5996046,3.6726837,3
193976106271327,4897240276,4.868796,7.5993056,3.675974,3
193976108771327,4899740276,4.8855457,7.5828547,3.6667016,3
193976111271327,4902240276,4.883153,7.5882387,3.6927235,3
193976113771327,4904740276,4.872385,7.5810604,3.69392,3
193976116271327,4907240276,4.8601217,7.5864444,3.6933217,3
193976118771327,4909740276,4.8559346,7.5810604,3.679563,3
193976121271327,4912240276,4.8493543,7.585248,3.6789649,3
193976123771327,4914740276,4.8439703,7.5807614,3.6870406,3
193976126271327,4917240276,4.835296,7.5921273,3.6957145,3
193976128771327,4919740276,4.8119664,7.6013994,3.7070804,3
193976131271327,4922240276,4.791029,7.598408,3.7145581,3
193976133771327,4924740276,4.776373,7.615457,3.7154553,3
193976136271327,4927240276,4.755137,7.629814,3.714857,3
193976138771327,4929740276,4.7545385,7.6328053,3.723232,3
193976141271327,4932240276,4.7548375,7.6277204,3.7214375,3
193976143771327,4934740276,4.753641,7.6280193,3.7226338,3
193976146271327,4937240276,4.7470613,7.6343007,3.7154553,3
193976148771327,4939740276,4.755436,7.64447,3.716951,3
193976151271327,4942240276,4.765007,7.648658,3.708576,3
193976153771327,4944740276,4.7691946,7.650153,3.7064822,3
193976156271327,4947240276,4.779663,7.640881,3.6900315,3
193976158771327,4949740276,4.7955155,7.648658,3.6885362,3
193976161271327,4952240276,4.7991047,7.641479,3.69721,3
193976163771327,4954740276,4.817051,7.639385,3.682255,3
193976166271327,4957240276,4.8230333,7.639385,3.6831522,3
193976168771327,4959740276,4.822734,7.630113,3.702893,3
193976171271327,4962240276,4.8158545,7.6310105,3.705585,3
193976173771327,4964740276,4.835296,7.6277204,3.6930227,3
193976176271327,4967240276,4.82752,7.629515,3.6858442,3
193976178771327,4969740276,4.833801,7.623533,3.705884,3
193976181271327,4972240276,4.829613,7.6181493,3.6951163,3
193976183771327,4974740276,4.8215375,7.623832,3.7007992,3
193976186271327,4977240276,4.808975,7.612167,3.725924,3
193976188771327,4979740276,4.807181,7.6127653,3.752245,3
193976191271327,4982240276,4.8251266,7.6196446,3.7663028,3
193976193771327,4984740276,4.7949176,7.604091,3.758227,3
193976196271327,4987240276,4.8044887,7.5999036,3.7776687,3
193976198771327,4989740276,4.8086762,7.603493,3.7884364,3
193976201271327,4992240276,4.8098726,7.596614,3.7821553,3
193976203771327,4994740276,4.8137608,7.582257,3.784548,3
193976206271327,4997240276,4.814658,7.579565,3.7905302,3
193976208771327,4999740276,4.82752,7.57448,3.7776687,3
193976211271327,5002240276,4.854738,7.5699935,3.7848473,3
193976213771327,5004740276,4.861019,7.559824,3.7791643,3
193976216271327,5007240276,4.8583274,7.5475607,3.76391,3
193976218771327,5009740276,4.8658047,7.5344005,3.749553,3
193976221271327,5012240276,4.8675995,7.5233335,3.7414773,3
193976223771327,5014740276,4.8771706,7.5266237,3.7196429,3
193976226271327,5017240276,4.88076,7.519445,3.7339997,3
193976228771327,5019740276,4.869095,7.515856,3.726223,3
193976231271327,5022240276,4.868497,7.5200434,3.7298124,3
193976233771327,5024740276,4.8649077,7.5269227,3.738187,3
193976236271327,5027240276,4.861019,7.515258,3.7328033,3
193976238771327,5029740276,4.857729,7.524231,3.7426736,3
193976241271327,5032240276,4.8472605,7.5320077,3.7357943,3
193976243771327,5034740276,4.855635,7.5349984,3.7498522,3
193976246271327,5037240276,4.8454657,7.5418777,3.737888,3
193976248771327,5039740276,4.8385863,7.5583286,3.7337005,3
193976251271327,5042240276,4.8263235,7.556534,3.737589,3
193976253771327,5044740276,4.819743,7.55115,3.7274194,3
193976256271327,5047240276,4.8263235,7.570592,3.708576,3
193976258771327,5049740276,4.8209395,7.5849485,3.694518,3
193976261271327,5052240276,4.8137608,7.5981092,3.7046876,3
193976263771327,5054740276,4.8062835,7.6133633,3.6960137,3
193976266271327,5057240276,4.816154,7.620542,3.690929,3
193976268771327,5059740276,4.81406,7.6256266,3.685246,3
193976271271327,5062240276,4.8029933,7.643872,3.6714873,3
193976273771327,5064740276,4.79402,7.6405816,3.6753755,3
193976276271327,5067240276,4.7982078,7.672586,3.6556349,3
193976278771327,5069740276,4.7952166,7.6803627,3.652943,3
193976281271327,5072240276,4.7979083,7.6794653,3.6421752,3
193976283771327,5074740276,4.794319,7.683952,3.6382868,3
193976286271327,5077240276,4.793123,7.6890364,3.626921,3
193976288771327,5079740276,4.796114,7.7069826,3.6122649,3
193976291271327,5082240276,4.8059845,7.713563,3.6281173,3
193976293771327,5084740276,4.8026943,7.713563,3.6245282,3
193976296271327,5087240276,4.8062835,7.719545,3.6451662,3
193976298771327,5089740276,4.8083773,7.692925,3.6987057,3
193976301271327,5092240276,4.8137608,7.710273,3.7253258,3
193976303771327,5094740276,4.817051,7.748558,3.656532,3
193976306271327,5097240276,4.8083773,7.743174,3.6771703,3
193976308771327,5099740276,4.795815,7.730911,3.676871,3
193976311271327,5102240276,4.792824,7.7297144,3.6439698,3
193976313771327,5104740276,4.8011985,7.732406,3.6290147,3
193976316271327,5107240276,4.792525,7.725228,3.6317065,3
193976318771327,5109740276,4.8119664,7.723134,3.641577,3
193976321271327,5112240276,4.8272204,7.718947,3.6505501,3
193976323771327,5114740276,4.838886,7.723134,3.6655052,3
193976326271327,5117240276,4.8364925,7.7120676,3.6607196,3
193976328771327,5119740276,4.8445687,7.6941214,3.6640096,3
193976331271327,5122240276,4.8529434,7.6800632,3.670291,3
193976333771327,5124740276,4.855635,7.6606216,3.6652062,3
193976336271327,5127240276,4.8529434,7.646863,3.6687953,3
193976338771327,5129740276,4.874479,7.630113,3.6984065,3
193976341271327,5132240276,4.8765726,7.6223364,3.6867416,3
193976343771327,5134740276,4.888836,7.5870423,3.696612,3
193976346271327,5137240276,4.90409,7.570592,3.714259,3
193976348771327,5139740276,4.879564,7.553543,3.7214375,3
193976351271327,5142240276,4.875974,7.542177,3.7280176,3
193976353771327,5144740276,4.8714876,7.5344005,3.7417765,3
193976356271327,5147240276,4.855635,7.533802,3.7606199,3
193976358771327,5149740276,4.851448,7.518847,3.7426736,3
193976361271327,5152240276,4.8601217,7.510173,3.7468612,3
193976363771327,5154740276,4.8529434,7.501499,3.758227,3
193976366271327,5157240276,4.848158,7.4805617,3.7812579,3
193976368771327,5159740276,4.838886,7.483852,3.7534413,3
193976371271327,5162240276,4.8412786,7.476374,3.7570307,3
193976373771327,5164740276,4.827819,7.4644103,3.772285,3
193976376271327,5167240276,4.829314,7.4826555,3.7627137,3
193976378771327,5169740276,4.816752,7.48116,3.7504504,3
193976381271327,5172240276,4.813462,7.4970126,3.7417765,3
193976383771327,5174740276,4.816752,7.513762,3.757629,3
193976386271327,5177240276,4.810471,7.509874,3.7468612,3
193976388771327,5179740276,4.821837,7.5433736,3.728616,3
193976391271327,5182240276,4.8305106,7.5406814,3.731906,3
193976393771327,5184740276,4.8236313,7.5526457,3.7357943,3
193976396271327,5187240276,4.8155556,7.576574,3.7348971,3
193976398771327,5189740276,4.819743,7.5939217,3.743571,3
193976401271327,5192240276,4.814658,7.60798,3.7594235,3
193976403771327,5194740276,4.8152566,7.6184483,3.757928,3
193976406271327,5197240276,4.8188457,7.6316085,3.7432718,3
193976408771327,5199740276,4.814957,7.6516485,3.746562,3
193976411271327,5202240276,4.808078,7.6576304,3.7630126,3
193976413771327,5204740276,4.796114,7.6722865,3.7615173,3
193976416271327,5207240276,4.791029,7.6797643,3.7468612,3
193976418771327,5209740276,4.790431,7.6866436,3.7411783,3
193976421271327,5212240276,4.781458,7.678867,3.746263,3
193976423771327,5214740276,4.779065,7.6947193,3.7328033,3
193976426271327,5217240276,4.7919264,7.6944203,3.7420754,3
193976428771327,5219740276,4.7922254,7.702496,3.7525442,3
193976431271327,5222240276,4.7985067,7.6950183,3.754937,3
193976433771327,5224740276,4.781458,7.6827555,3.7806597,3
193976436271327,5227240276,4.784449,7.673483,3.754937,3
193976438771327,5229740276,4.7859445,7.6737823,3.754937,3
193976441271327,5232240276,4.764409,7.6624165,3.7516468,3
193976443771327,5234740276,4.7524447,7.652546,3.749254,3
193976446271327,5237240276,4.7488556,7.63789,3.746562,3
193976448771327,5239740276,4.7455654,7.632506,3.7627137,3
193976451271327,5242240276,4.7539406,7.602895,3.766602,3
193976453771327,5244740276,4.735695,7.591529,3.7600217,3
193976456271327,5247240276,4.7303114,7.585547,3.7552361,3
193976458771327,5249740276,4.7318068,7.5735826,3.7597225,3
193976461271327,5252240276,4.7341995,7.5613194,3.778865,3
193976463771327,5254740276,4.7303114,7.5517483,3.7923248,3
193976466271327,5257240276,4.733302,7.550851,3.8165522,3
193976468771327,5259740276,4.7321057,7.541579,3.8117664,3
193976471271327,5262240276,4.7575297,7.5290165,3.7938204,3
193976473771327,5264740276,4.7653065,7.533204,3.7935212,3
193976476271327,5267240276,4.7709894,7.5317082,3.777968,3
193976478771327,5269740276,4.781159,7.5317082,3.7674992,3
193976481271327,5272240276,4.7922254,7.520941,3.7689948,3
193976483771327,5274740276,4.801797,7.5197444,3.7447674,3
193976486271327,5277240276,4.828118,7.520941,3.7310088,3
193976488771327,5279740276,4.829314,7.534101,3.7223346,3
193976491271327,5282240276,4.840979,7.541579,3.720241,3
193976493771327,5284740276,4.848158,7.545467,3.7118661,3
193976496271327,5287240276,4.866403,7.5517483,3.711567,3
193976498771327,5289740276,4.8765726,7.548757,3.725924,3
193976501271327,5292240276,4.8789654,7.560123,3.7124643,3
193976503771327,5294740276,4.879564,7.5792656,3.7304106,3
193976506271327,5297240276,4.8852468,7.5921273,3.7328033,3
193976508771327,5299740276,4.8855457,7.5996046,3.7339997,3
193976511271327,5302240276,4.872086,7.615457,3.739982,3
193976513771327,5304740276,4.8652067,7.6049886,3.7429729,3
193976516271327,5307240276,4.8532424,7.6184483,3.7426736,3
193976518771327,5309740276,4.855635,7.6256266,3.734299,3
193976521271327,5312240276,4.8436713,7.628319,3.723232,3
193976523771327,5314740276,4.842475,7.6313095,3.7229328,3
193976526271327,5317240276,4.836792,7.6292157,3.7325041,3
193976528771327,5319740276,4.831408,7.623533,3.711567,3
193976531271327,5322240276,4.8266225,7.604091,3.7070804,3
193976533771327,5324740276,4.833502,7.6199436,3.6993039,3
193976536271327,5327240276,4.8496532,7.6166534,3.708277,3
193976538771327,5329740276,4.855037,7.605886,3.6978083,3
193976541271327,5332240276,4.8675995,7.5978103,3.6951163,3
193976543771327,5334740276,4.888836,7.596913,3.687938,3
193976546271327,5337240276,4.900202,7.5900335,3.6789649,3
193976548771327,5339740276,4.909773,7.5849485,3.6960137,3
193976551271327,5342240276,4.9046884,7.5921273,3.7052858,3
193976553771327,5344740276,4.9085765,7.5843506,3.69392,3
193976556271327,5347240276,4.9079785,7.576873,3.7049868,3
193976558771327,5349740276,4.9007998,7.568498,3.7094734,3
193976561271327,5352240276,4.896014,7.5696945,3.7034912,3
193976563771327,5354740276,4.8912287,7.577172,3.7046876,3
193976566271327,5357240276,4.896014,7.57119,3.7094734,3
193976568771327,5359740276,4.883751,7.576574,3.7265222,3
193976571271327,5362240276,4.888836,7.570592,3.7322052,3
193976573771327,5364740276,4.8903313,7.556833,3.735196,3
193976576271327,5367240276,4.88405,7.5580297,3.7310088,3
193976578771327,5369740276,4.883751,7.5517483,3.7328033,3
193976581271327,5372240276,4.8705907,7.5670023,3.7334015,3
193976583771327,5374740276,4.8846483,7.5586276,3.7390845,3
193976586271327,5377240276,4.883751,7.563114,3.7543387,3
193976588771327,5379740276,4.8768716,7.5514493,3.7504504,3
193976591271327,5382240276,4.8696933,7.5496545,3.7420754,3
193976593771327,5384740276,4.8652067,7.553842,3.7100716,3
193976596271327,5387240276,4.848457,7.5439715,3.6906297,3
193976598771327,5389740276,4.8382874,7.5586276,3.7208393,3
193976601271327,5392240276,4.8397827,7.5661054,3.7046876,3
193976603771327,5394740276,4.84068,7.5732837,3.6792638,3
193976606271327,5397240276,4.834399,7.565208,3.6774693,3
193976608771327,5399740276,4.8415775,7.5870423,3.6771703,3
193976611271327,5402240276,4.838886,7.585248,3.67388,3
193976613771327,5404740276,4.852345,7.6103725,3.6574295,3
193976616271327,5407240276,4.845765,7.6049886,3.6708891,3
193976618771327,5409740276,4.8448677,7.603792,3.671188,3
193976621271327,5412240276,4.840979,7.6109705,3.6478581,3
193976623771327,5414740276,4.833801,7.62443,3.647559,3
193976626271327,5417240276,4.8394837,7.6259255,3.6520455,3
193976628771327,5419740276,4.840979,7.639385,3.6379876,3
193976631271327,5422240276,4.8442693,7.6477604,3.6263227,3
193976633771327,5424740276,4.834698,7.6546397,3.6245282,3
193976636271327,5427240276,4.831408,7.6627154,3.636193,3
193976638771327,5429740276,4.822734,7.6776705,3.62722,3
193976641271327,5432240276,4.808078,7.684251,3.6227336,3
193976643771327,5434740276,4.8137608,7.684849,3.6230326,3
193976646271327,5437240276,4.8006005,7.6920276,3.6317065,3
193976648771327,5439740276,4.805087,7.692925,3.6517465,3
193976651271327,5442240276,4.8041897,7.705786,3.659224,3
193976653771327,5444740276,4.8038907,7.711469,3.6580276,3
193976656271327,5447240276,4.8083773,7.716853,3.6520455,3
193976658771327,5449740276,4.8119664,7.732406,3.6595232,3
193976661271327,5452240276,4.8122654,7.7350984,3.685246,3
193976663771327,5454740276,4.8026943,7.7276206,3.67059,3
193976666271327,5457240276,4.8032923,7.726424,3.6664026,3
193976668771327,5459740276,4.799703,7.724929,3.662215,3
193976671271327,5462240276,4.7946186,7.7150583,3.6583266,3
193976673771327,5464740276,4.793721,7.7129645,3.673581,3
193976676271327,5467240276,4.782056,7.689635,3.67388,3
193976678771327,5469740276,4.8062835,7.7001033,3.6837504,3
193976681271327,5472240276,4.7913284,7.672586,3.6921253,3
193976683771327,5474740276,4.788636,7.6483583,3.6957145,3
193976686271327,5477240276,4.7799625,7.643274,3.705884,3
193976688771327,5479740276,4.785346,7.631908,3.708576,3
193976691271327,5482240276,4.7862434,7.619046,3.7334015,3
193976693771327,5484740276,4.776373,7.61785,3.7334015,3
193976696271327,5487240276,4.7805605,7.5927253,3.737888,3
193976698771327,5489740276,4.787141,7.596614,3.7357943,3
193976701271327,5492240276,4.7829533,7.5807614,3.734598,3
193976703771327,5494740276,4.7955155,7.5676007,3.7390845,3
193976706271327,5497240276,4.7985067,7.5676007,3.7501514,3
193976708771327,5499740276,4.802395,7.539485,3.7546377,3
193976711271327,5502240276,4.818547,7.5290165,3.7540395,3
193976713771327,5504740276,4.8394837,7.5239315,3.772584,3
193976716271327,5507240276,4.8433723,7.5212398,3.772285,3
193976718771327,5509740276,4.848457,7.50778,3.7648072,3
193976721271327,5512240276,4.843073,7.5062847,3.7501514,3
193976723771327,5514740276,4.842475,7.5116687,3.7420754,3
193976726271327,5517240276,4.8290153,7.488937,3.726223,3
193976728771327,5519740276,4.8230333,7.5047894,3.7151563,3
193976731271327,5522240276,4.8526444,7.5122666,3.705585,3
193976733771327,5524740276,4.842176,7.5086775,3.7109687,3
193976736271327,5527240276,4.8505507,7.511369,3.714259,3
193976738771327,5529740276,4.857131,7.519445,3.720241,3
193976741271327,5532240276,4.87747,7.522137,3.7193437,3
193976743771327,5534740276,4.8652067,7.5317082,3.7211382,3
193976746271327,5537240276,4.869095,7.5376906,3.72054,3
193976748771327,5539740276,4.861019,7.561619,3.7226338,3
193976751271327,5542240276,4.851747,7.5702925,3.7307096,3
193976753771327,5544740276,4.8529434,7.582257,3.7250266,3
193976756271327,5547240276,4.861019,7.590931,3.72054,3
193976758771327,5549740276,4.845765,7.6130643,3.7238302,3
193976761271327,5552240276,4.8505507,7.6142607,3.7450666,3
193976763771327,5554740276,4.8382874,7.6124663,3.7172499,3
193976766271327,5557240276,4.848756,7.626524,3.7022948,3
193976768771327,5559740276,4.8568316,7.6280193,3.7223346,3
193976771271327,5562240276,4.846662,7.640881,3.7007992,3
193976773771327,5564740276,4.834698,7.648658,3.6948173,3
193976776271327,5567240276,4.8379884,7.6606216,3.7253258,3
193976778771327,5569740276,4.8287163,7.655537,3.7103705,3
193976781271327,5572240276,4.818547,7.665407,3.6975093,3
193976783771327,5574740276,4.8068814,7.6591263,3.702594,3
193976786271327,5577240276,4.792824,7.6483583,3.708576,3
193976788771327,5579740276,4.788636,7.647162,3.6993039,3
193976791271327,5582240276,4.7835517,7.646564,3.699902,3
193976793771327,5584740276,4.755436,7.6606216,3.6993039,3
193976796271327,5587240276,4.7458644,7.65793,3.7088752,3
193976798771327,5589740276,4.752146,7.661818,3.7049868,3
193976801271327,5592240276,4.7470613,7.665407,3.716951,3
193976803771327,5594740276,4.74407,7.665108,3.7280176,3
193976806271327,5597240276,4.7452664,7.661519,3.7483566,3
193976808771327,5599740276,4.746164,7.6477604,3.7103705,3
193976811271327,5602240276,4.7623153,7.6624165,3.6897326,3
193976813771327,5604740276,4.7742796,7.664211,3.6870406,3
193976816271327,5607240276,4.776074,7.676773,3.676572,3
193976818771327,5609740276,4.778766,7.670193,3.6589248,3
193976821271327,5612240276,4.793123,7.6657066,3.6625142,3
193976823771327,5614740276,4.8215375,7.6776705,3.6664026,3
193976826271327,5617240276,4.8209395,7.6663046,3.6846478,3
193976828771327,5619740276,4.8305106,7.678867,3.6921253,3
193976831271327,5622240276,4.8272204,7.6716886,3.6981075,3
193976833771327,5624740276,4.828118,7.6743803,3.6924245,3
193976836271327,5627240276,4.8391848,7.689934,3.67388,3
193976838771327,5629740276,4.840979,7.685746,3.673282,3
193976841271327,5632240276,4.822136,7.706085,3.6858442,3
193976843771327,5634740276,4.8245287,7.697112,3.6858442,3
193976846271327,5637240276,4.8152566,7.691429,3.6747773,3
193976848771327,5639740276,4.818547,7.688139,3.6858442,3
193976851271327,5642240276,4.8176494,7.684251,3.6885362,3
193976853771327,5644740276,4.818547,7.6830544,3.6616168,3
193976856271327,5647240276,4.8003016,7.682456,3.671188,3
193976858771327,5649740276,4.805685,7.675876,3.679862,3
193976861271327,5652240276,4.7946186,7.663613,3.6631124,3
193976863771327,5654740276,4.785346,7.6552377,3.6696925,3
193976866271327,5657240276,4.7718863,7.64118,3.6720855,3
193976868771327,5659740276,4.7727838,7.6402826,3.661916,3
193976871271327,5662240276,4.7674,7.641778,3.670291,3
193976873771327,5664740276,4.76411,7.624729,3.635894,3
193976876271327,5667240276,4.759025,7.6220374,3.6424742,3
193976878771327,5669740276,4.7581277,7.630412,3.644269,3
193976881271327,5672240276,4.7635117,7.6345997,3.6394832,3
193976883771327,5674740276,4.765007,7.6345997,3.6493537,3
193976886271327,5677240276,4.7745786,7.6345997,3.6670008,3
193976888771327,5679740276,4.781159,7.632207,3.6520455,3
193976891271327,5682240276,4.776373,7.626225,3.6556349,3
193976893771327,5684740276,4.794319,7.635198,3.662215,3
193976896271327,5687240276,4.7982078,7.637591,3.6640096,3
193976898771327,5689740276,4.7991047,7.6396847,3.656532,3
193976901271327,5692240276,4.7916274,7.6423764,3.650251,3
193976903771327,5694740276,4.7862434,7.6462646,3.6320057,3
193976906271327,5697240276,4.801797,7.6546397,3.6308093,3
193976908771327,5699740276,4.79073,7.668997,3.6346977,3
193976911271327,5702240276,4.792525,7.6755767,3.644568,3
193976913771327,5704740276,4.794319,7.673483,3.6493537,3
193976916271327,5707240276,4.799703,7.6827555,3.6556349,3
193976918771327,5709740276,4.8065825,7.6890364,3.6550367,3
193976921271327,5712240276,4.814658,7.6920276,3.659224,3
193976923771327,5714740276,4.8065825,7.6959157,3.6514473,3
193976926271327,5717240276,4.7991047,7.702496,3.6478581,3
193976928771327,5719740276,4.792824,7.697112,3.6595232,3
193976931271327,5722240276,4.807181,7.6974115,3.6681972,3
193976933771327,5724740276,4.820042,7.6902328,3.67388,3
193976936271327,5727240276,4.812864,7.6851482,3.6780674,3
193976938771327,5729740276,4.8035913,7.6800632,3.6843486,3
193976941271327,5732240276,4.816752,7.675876,3.7088752,3
193976943771327,5734740276,4.8242297,7.6657066,3.728915,3
193976946271327,5737240276,4.8152566,7.6576304,3.7076788,3
193976948771327,5739740276,4.8173504,7.647461,3.71396,3
193976951271327,5742240276,4.8341,7.6328053,3.7313077,3
193976953771327,5744740276,4.831408,7.6202426,3.7429729,3
193976956271327,5747240276,4.835296,7.617252,3.7331023,3
193976958771327,5749740276,4.834399,7.597511,3.7369907,3
193976961271327,5752240276,4.8376894,7.5849485,3.7624145,3
193976963771327,5754740276,4.833801,7.582556,3.7588253,3
193976966271327,5757240276,4.846662,7.5807614,3.7606199,3
193976968771327,5759740276,4.8505507,7.5753775,3.7600217,3
193976971271327,5762240276,4.84068,7.5667033,3.760321,3
193976973771327,5764740276,4.8382874,7.5532436,3.761218,3
193976976271327,5767240276,4.8493543,7.550552,3.746562,3
193976978771327,5769740276,4.846363,7.5409803,3.7525442,3
193976981271327,5772240276,4.8469615,7.5266237,3.734299,3
193976983771327,5774740276,4.854439,7.5119677,3.7304106,3
193976986271327,5777240276,4.845765,7.5104723,3.7094734,3
193976988771327,5779740276,4.846064,7.5179496,3.7103705,3
193976991271327,5782240276,4.8442693,7.510173,3.6870406,3
193976993771327,5784740276,4.833801,7.5161552,3.6951163,3
193976996271327,5787240276,4.8299127,7.5173516,3.6834514,3
193976998771327,5789740276,4.8215375,7.5212398,3.6915271,3
193977001271327,5792240276,4.8038907,7.54457,3.688237,3
193977003771327,5794740276,4.808078,7.5580297,3.7016966,3
193977006271327,5797240276,4.814359,7.5586276,3.6681972,3
193977008771327,5799740276,4.801498,7.5586276,3.6792638,3
193977011271327,5802240276,4.8006005,7.5622168,3.685246,3
193977013771327,5804740276,4.790132,7.587641,3.679862,3
193977016271327,5807240276,4.781458,7.6127653,3.6640096,3
193977018771327,5809740276,4.778766,7.6274214,3.6687953,3
193977021271327,5812240276,4.779065,7.6343007,3.6771703,3
193977023771327,5814740276,4.784748,7.648658,3.6747773,3
193977026271327,5817240276,4.7952166,7.664211,3.6864424,3
193977028771327,5819740276,4.805386,7.6749787,3.6858442,3
193977031271327,5822240276,4.802395,7.6944203,3.679563,3
193977033771327,5824740276,4.8179483,7.7216387,3.656233,3
193977036271327,5827240276,4.813163,7.7183485,3.6523447,3
193977038771327,5829740276,4.825426,7.717152,3.6478581,3
193977041271327,5832240276,4.8263235,7.7180495,3.6074793,3
193977043771327,5834740276,4.8269215,7.717451,3.5886357,3
193977046271327,5837240276,4.829613,7.707581,3.5841491,3
193977048771327,5839740276,4.8412786,7.7015986,3.5784662,3
193977051271327,5842240276,4.8385863,7.689635,3.580261,3
193977053771327,5844740276,4.854738,7.691429,3.5937204,3
193977056271327,5847240276,4.8625145,7.6776705,3.6041892,3
193977058771327,5849740276,4.861019,7.679166,3.6191442,3
193977061271327,5852240276,4.8529434,7.6752777,3.6230326,3
193977063771327,5854740276,4.8439703,7.673483,3.6221352,3
193977066271327,5857240276,4.8299127,7.661818,3.6367912,3
193977068771327,5859740276,4.811368,7.6752777,3.6427734,3
193977071271327,5862240276,4.8038907,7.672885,3.6511483,3
193977073771327,5864740276,4.801797,7.672885,3.6777685,3
193977076271327,5867240276,4.795815,7.6716886,3.6867416,3
193977078771327,5869740276,4.7946186,7.6657066,3.6888351,3
193977081271327,5872240276,4.8155556,7.665407,3.682255,3
193977083771327,5874740276,4.8098726,7.6633134,3.6951163,3
193977086271327,5877240276,4.8302116,7.643872,3.6924245,3
193977088771327,5879740276,4.834698,7.637292,3.6664026,3
193977091271327,5882240276,4.8379884,7.640881,3.6607196,3
193977093771327,5884740276,4.848756,7.641479,3.6409788,3
193977096271327,5887240276,4.858028,7.63789,3.6364923,3
193977098771327,5889740276,4.8822556,7.6328053,3.6376886,3
193977101271327,5892240276,4.8843493,7.6250286,3.6460636,3
193977103771327,5894740276,4.8909297,7.6220374,3.6616168,3
193977106271327,5897240276,4.90738,7.6184483,3.6640096,3
193977108771327,5899740276,4.909175,7.616953,3.67388,3
193977111271327,5902240276,4.8996034,7.5996046,3.6981075,3
193977113771327,5904740276,4.9142594,7.5999036,3.679862,3
193977116271327,5907240276,4.9172506,7.5963144,3.6927235,3
193977118771327,5909740276,4.901099,7.5849485,3.696612,3
193977121271327,5912240276,4.897809,7.5717883,3.712165,3
193977123771327,5914740276,4.8819566,7.5676007,3.7079778,3
193977126271327,5917240276,4.8768716,7.5729847,3.7037904,3
193977128771327,5919740276,4.8658047,7.556235,3.7049868,3
193977131271327,5922240276,4.853542,7.5553374,3.7070804,3
193977133771327,5924740276,4.848756,7.553842,3.7304106,3
193977136271327,5927240276,4.855336,7.5346994,3.7477584,3
193977138771327,5929740276,4.851448,7.542177,3.7432718,3
193977141271327,5932240276,4.8469615,7.550851,3.7489548,3
193977143771327,5934740276,4.851448,7.559525,3.758526,3
193977146271327,5937240276,4.8589253,7.548458,3.7785661,3
193977148771327,5939740276,4.857729,7.5556364,3.7546377,3
193977151271327,5942240276,4.858028,7.5532436,3.7393837,3
193977153771327,5944740276,4.8750772,7.5517483,3.7334015,3
193977156271327,5947240276,4.8849473,7.5496545,3.7310088,3
193977158771327,5949740276,4.879863,7.5553374,3.7136607,3
193977161271327,5952240276,4.889434,7.5580297,3.6747773,3
193977163771327,5954740276,4.880162,7.5514493,3.6819558,3
193977166271327,5957240276,4.8714876,7.559824,3.662215,3
193977168771327,5959740276,4.8852468,7.576574,3.6424742,3
193977171271327,5962240276,4.8771706,7.5729847,3.641876,3
193977173771327,5964740276,4.8882375,7.574181,3.6586258,3
193977176271327,5967240276,4.903791,7.5756764,3.6505501,3
193977178771327,5969740276,4.901697,7.568797,3.6672997,3
193977181271327,5972240276,4.896014,7.5607214,3.6780674,3
193977183771327,5974740276,4.894519,7.5673018,3.6559339,3
193977186271327,5977240276,4.8900323,7.5870423,3.6580276,3
193977188771327,5979740276,4.8675995,7.5900335,3.6574295,3
193977191271327,5982240276,4.852046,7.598707,3.6681972,3
193977193771327,5984740276,4.834399,7.585846,3.6628132,3
193977196271327,5987240276,4.8245287,7.588837,3.6526437,3
193977198771327,5989740276,4.802395,7.6016984,3.6376886,3
193977201271327,5992240276,4.7985067,7.6031938,3.6424742,3
193977203771327,5994740276,4.790132,7.60439,3.6607196,3
193977206271327,5997240276,4.788636,7.6124663,3.6664026,3
193977208771327,5999740276,4.7973104,7.62114,3.673282,3
193977211271327,6002240276,4.8065825,7.6214395,3.6574295,3
193977213771327,6004740276,4.8194437,7.630113,3.6684961,3
193977216271327,6007240276,4.8125644,7.645068,3.6487553,3
193977218771327,6009740276,4.817051,7.6483583,3.6364923,3
193977221271327,6012240276,4.8263235,7.6513495,3.6197424,3
193977223771327,6014740276,4.8239303,7.6698937,3.6074793,3
193977226271327,6017240276,4.8251266,7.681559,3.6050863,3
193977228771327,6019740276,4.833203,7.691429,3.6020954,3
193977231271327,6022240276,4.833502,7.705188,3.610171,3
193977233771327,6024740276,4.833203,7.713264,3.5988052,3
193977236271327,6027240276,4.8394837,7.70788,3.6000016,3
193977238771327,6029740276,4.8355956,7.7243304,3.6080775,3
193977241271327,6032240276,4.843073,7.7294154,3.6113675,3
193977243771327,6034740276,4.8583274,7.7300134,3.6134613,3
193977246271327,6037240276,4.8601217,7.747062,3.632604,3
193977248771327,6039740276,4.857729,7.7347994,3.6206398,3
193977251271327,6042240276,4.846363,7.722536,3.6314075,3
193977253771327,6044740276,4.840082,7.7291164,3.629613,3
193977256271327,6047240276,4.8116674,7.7177505,3.6391842,3
193977258771327,6049740276,4.8038907,7.7144604,3.652943,3
193977261271327,6052240276,4.796114,7.702496,3.647559,3
193977263771327,6054740276,4.779065,7.6860456,3.6547375,3
193977266271327,6057240276,4.781159,7.67109,3.6598222,3
193977268771327,6059740276,4.7709894,7.6630144,3.6634114,3
193977271271327,6062240276,4.76411,7.6519475,3.667599,3
193977273771327,6064740276,4.758726,7.638189,3.682255,3
193977276271327,6067240276,4.753043,7.6366935,3.687938,3
193977278771327,6069740276,4.752744,7.6366935,3.6717863,3
193977281271327,6072240276,4.7688956,7.61785,3.700201,3
193977283771327,6074740276,4.7659044,7.5999036,3.6960137,3
193977286271327,6077240276,4.7688956,7.589136,3.6957145,3
193977288771327,6079740276,4.7799625,7.5963144,3.7019958,3
193977291271327,6082240276,4.7835517,7.596913,3.6975093,3
193977293771327,6084740276,4.779065,7.5828547,3.7109687,3
193977296271327,6087240276,4.7919264,7.57777,3.6894333,3
193977298771327,6089740276,4.8008995,7.5786676,3.6783667,3
193977301271327,6092240276,4.792525,7.578368,3.6750765,3
193977303771327,6094740276,4.7775693,7.588837,3.6873398,3
193977306271327,6097240276,4.772485,7.5981092,3.6894333,3
193977308771327,6099740276,4.7635117,7.605587,3.679563,3
193977311271327,6102240276,4.7599225,7.6250286,3.6927235,3
193977313771327,6104740276,4.77069,7.623234,3.6924245,3
193977316271327,6107240276,4.779663,7.6259255,3.6933217,3
193977318771327,6109740276,4.7775693,7.6343007,3.7034912,3
193977321271327,6112240276,4.7892346,7.643274,3.702594,3
193977323771327,6114740276,4.7979083,7.6405816,3.7037904,3
193977326271327,6117240276,4.809274,7.637292,3.7046876,3
193977328771327,6119740276,4.7952166,7.6348987,3.708576,3
193977331271327,6122240276,4.793123,7.6591263,3.6981075,3
193977333771327,6124740276,4.78744,7.6534433,3.6783667,3
193977336271327,6127240276,4.778766,7.6540413,3.6580276,3
193977338771327,6129740276,4.7685966,7.6633134,3.659224,3
193977341271327,6132240276,4.7458644,7.6633134,3.667599,3
193977343771327,6134740276,4.740481,7.689635,3.6831522,3
193977346271327,6137240276,4.7452664,7.68455,3.6804602,3
193977348771327,6139740276,4.733302,7.6953177,3.6957145,3
193977351271327,6142240276,4.729713,7.706085,3.7106698,3
193977353771327,6144740276,4.7216372,7.719246,3.7157545,3
193977356271327,6147240276,4.7189455,7.728518,3.7166517,3
193977358771327,6149740276,4.723432,7.7258263,3.7097723,3
193977361271327,6152240276,4.720142,7.7294154,3.705585,3
193977363771327,6154740276,4.729713,7.7219377,3.6933217,3
193977366271327,6157240276,4.7339005,7.7216387,3.6843486,3
193977368771327,6159740276,4.741378,7.7201433,3.6714873,3
193977371271327,6162240276,4.7482576,7.7165537,3.6598222,3
193977373771327,6164740276,4.7545385,7.699206,3.664907,3
193977376271327,6167240276,4.755436,7.687541,3.6493537,3
193977378771327,6169740276,4.781159,7.6920276,3.638885,3
193977381271327,6172240276,4.793123,7.685746,3.6586258,3
193977383771327,6174740276,4.794319,7.6660056,3.6367912,3
193977386271327,6177240276,4.7955155,7.6600237,3.6487553,3
193977388771327,6179740276,4.805087,7.6609206,3.6687953,3
193977391271327,6182240276,4.796114,7.656434,3.6553357,3
193977393771327,6184740276,4.802096,7.645068,3.647559,3
193977396271327,6187240276,4.796114,7.6513495,3.6520455,3
193977398771327,6189740276,4.7970114,7.647461,3.659224,3
193977401271327,6192240276,4.78744,7.643274,3.6646078,3
193977403771327,6194740276,4.772485,7.6390862,3.67059,3
193977406271327,6197240276,4.7775693,7.6289167,3.673282,3
193977408771327,6199740276,4.7784667,7.622935,3.6789649,3
193977411271327,6202240276,4.765007,7.6363945,3.700201,3
193977413771327,6204740276,4.7563334,7.6387873,3.6990047,3
193977416271327,6207240276,4.746762,7.6310105,3.6951163,3
193977418771327,6209740276,4.751847,7.639385,3.7052858,3
193977421271327,6212240276,4.7539406,7.641778,3.7094734,3
193977423771327,6214740276,4.7638106,7.6510506,3.702594,3
193977426271327,6217240276,4.751847,7.631908,3.6957145,3
193977428771327,6219740276,4.766802,7.626823,3.6975093,3
193977431271327,6222240276,4.7656054,7.626225,3.6783667,3
193977433771327,6224740276,4.7712884,7.6274214,3.6646078,3
193977436271327,6227240276,4.7829533,7.624131,3.6574295,3
193977438771327,6229740276,4.782056,7.6184483,3.6819558,3
193977441271327,6232240276,4.7913284,7.629515,3.6640096,3
193977443771327,6234740276,4.816453,7.6130643,3.667898,3
193977446271327,6237240276,4.8209395,7.62443,3.6559339,3
193977448771327,6239740276,4.8382874,7.626524,3.6493537,3
193977451271327,6242240276,4.8341,7.6328053,3.6652062,3
193977453771327,6244740276,4.840381,7.6426754,3.6670008,3
193977456271327,6247240276,4.8568316,7.646564,3.673282,3
193977458771327,6249740276,4.854439,7.644171,3.6610186,3
193977461271327,6252240276,4.8637114,7.6462646,3.659224,3
193977463771327,6254740276,4.857729,7.652546,3.670291,3
193977466271327,6257240276,4.858028,7.6456666,3.6652062,3
193977468771327,6259740276,4.8493543,7.6462646,3.6670008,3
193977471271327,6262240276,4.8376894,7.644769,3.6670008,3
193977473771327,6264740276,4.843073,7.6537423,3.659224,3
193977476271327,6267240276,4.8302116,7.6516485,3.6574295,3
193977478771327,6269740276,4.822734,7.6402826,3.6664026,3
193977481271327,6272240276,4.8251266,7.6405816,3.6987057,3
193977483771327,6274740276,4.828417,7.635198,3.685246,3
193977486271327,6277240276,4.8379884,7.641479,3.6993039,3
193977488771327,6279740276,4.8364925,7.6214395,3.6774693,3
193977491271327,6282240276,4.8391848,7.6340017,3.6843486,3
193977493771327,6284740276,4.849952,7.623234,3.675974,3
193977496271327,6287240276,4.8693943,7.609774,3.6921253,3
193977498771327,6289740276,4.877769,7.600203,3.7005002,3
193977501271327,6292240276,4.8939204,7.5924263,3.6993039,3
193977503771327,6294740276,4.9028935,7.5873413,3.6915271,3
193977506271327,6297240276,4.9052863,7.5936227,3.7118661,3
193977508771327,6299740276,4.900501,7.574779,3.7073796,3
193977511271327,6302240276,4.909474,7.574181,3.6975093,3
193977513771327,6304740276,4.9079785,7.5723863,3.6915271,3
193977516271327,6307240276,4.900202,7.5693955,3.6885362,3
193977518771327,6309740276,4.8999023,7.5753775,3.705585,3
193977521271327,6312240276,4.9052863,7.5726852,3.6981075,3
193977523771327,6314740276,4.9064827,7.565208,3.6954155,3
193977526271327,6317240276,4.9169517,7.565208,3.6987057,3
193977528771327,6319740276,4.912465,7.5664043,3.7070804,3
193977531271327,6322240276,4.898407,7.5637126,3.7157545,3
193977533771327,6324740276,4.898407,7.5589266,3.714857,3
193977536271327,6327240276,4.892126,7.5496545,3.714259,3
193977538771327,6329740276,4.8885365,7.5556364,3.6837504,3
193977541271327,6332240276,4.883452,7.5469627,3.7031922,3
193977543771327,6334740276,4.889733,7.5439715,3.7005002,3
193977546271327,6337240276,4.8804607,7.5439715,3.6891344,3
193977548771327,6339740276,4.8822556,7.5418777,3.6918263,3
193977551271327,6342240276,4.8825545,7.55773,3.6888351,3
193977553771327,6344740276,4.861019,7.5583286,3.6810586,3
193977556271327,6347240276,4.8732824,7.576873,3.6984065,3
193977558771327,6349740276,4.8643093,7.5750785,3.7094734,3
193977561271327,6352240276,4.871787,7.586145,3.7217364,3
193977563771327,6354740276,4.8825545,7.5903325,3.7271204,3
193977566271327,6357240276,4.8750772,7.589136,3.726223,3
193977568771327,6359740276,4.886443,7.5828547,3.7052858,3
193977571271327,6362240276,4.896014,7.5981092,3.711567,3
193977573771327,6364740276,4.8969116,7.5807614,3.6987057,3
193977576271327,6367240276,4.896014,7.5957165,3.6783667,3
193977578771327,6369740276,4.9007998,7.5939217,3.6664026,3
193977581271327,6372240276,4.896014,7.5846496,3.6610186,3
193977583771327,6374740276,4.886443,7.573882,3.6439698,3
193977586271327,6377240276,4.881657,7.5885377,3.6607196,3
193977588771327,6379740276,4.881657,7.5774713,3.6338003,3
193977591271327,6382240276,4.881657,7.600801,3.6505501,3
193977593771327,6384740276,4.875675,7.6011004,3.6774693,3
193977596271327,6387240276,4.8619165,7.600801,3.6885362,3
193977598771327,6389740276,4.8385863,7.6076803,3.690929,3
193977601271327,6392240276,4.8188457,7.6124663,3.6756747,3
193977603771327,6394740276,4.828417,7.6106715,3.6804602,3
193977606271327,6397240276,4.81077,7.6049886,3.6777685,3
193977608771327,6399740276,4.7976093,7.596614,3.687938,3
193977611271327,6402240276,4.781159,7.603792,3.6951163,3
193977613771327,6404740276,4.767998,7.605587,3.6897326,3
193977616271327,6407240276,4.7659044,7.6088767,3.7046876,3
193977618771327,6409740276,4.766802,7.6199436,3.691228,3
193977621271327,6412240276,4.764409,7.623533,3.69392,3
193977623771327,6414740276,4.7662034,7.632506,3.685545,3
193977626271327,6417240276,4.7694936,7.6363945,3.6987057,3
193977628771327,6419740276,4.772186,7.6337023,3.7016966,3
193977631271327,6422240276,4.786842,7.6363945,3.69392,3
193977633771327,6424740276,4.7970114,7.6369925,3.6927235,3
193977636271327,6427240276,4.8026943,7.628319,3.7019958,3
193977638771327,6429740276,4.810471,7.648957,3.6903307,3
193977641271327,6432240276,4.816154,7.6483583,3.6640096,3
193977643771327,6434740276,4.801498,7.650153,3.6580276,3
193977646271327,6437240276,4.807181,7.6459656,3.6586258,3
193977648771327,6439740276,4.8041897,7.6456666,3.6586258,3
193977651271327,6442240276,4.782056,7.658229,3.649952,3
193977653771327,6444740276,4.7808595,7.6683984,3.6667016,3
193977656271327,6447240276,4.775476,7.6698937,3.6681972,3
193977658771327,6449740276,4.761717,7.6740813,3.676572,3
193977661271327,6452240276,4.7506504,7.685447,3.6930227,3
193977663771327,6454740276,4.7458644,7.6926255,3.6951163,3
193977666271327,6457240276,4.734798,7.6944203,3.7310088,3
193977668771327,6459740276,4.735396,7.702197,3.7307096,3
193977671271327,6462240276,4.7246284,7.7165537,3.7295132,3
193977673771327,6464740276,4.7156553,7.7087774,3.7396827,3
193977676271327,6467240276,4.7105703,7.7123666,3.7357943,3
193977678771327,6469740276,4.7117667,7.7177505,3.7226338,3
193977681271327,6472240276,4.706084,7.7069826,3.7160535,3
193977683771327,6474740276,4.7138605,7.7063847,3.7166517,3
193977686271327,6477240276,4.7096734,7.7039914,3.7100716,3
193977688771327,6479740276,4.7309093,7.7033935,3.7091742,3
193977691271327,6482240276,4.733003,7.6998043,3.691228,3
193977693771327,6484740276,4.7452664,7.6941214,3.696612,3
193977696271327,6487240276,4.759324,7.6800632,3.6837504,3
193977698771327,6489740276,4.7832522,7.67109,3.675974,3
193977701271327,6492240276,4.7859445,7.6890364,3.6858442,3
193977703771327,6494740276,4.788337,7.670492,3.6876388,3
193977706271327,6497240276,4.8026943,7.6713896,3.6655052,3
193977708771327,6499740276,4.813462,7.6645103,3.6687953,3
193977711271327,6502240276,4.8194437,7.6609206,3.6643088,3
193977713771327,6504740276,4.840979,7.6459656,3.6610186,3
193977716271327,6507240276,4.8364925,7.641778,3.6661034,3
193977718771327,6509740276,4.846064,7.623234,3.6667016,3
193977721271327,6512240276,4.842475,7.6223364,3.6580276,3
193977723771327,6514740276,4.831707,7.611569,3.6311083,3
193977726271327,6517240276,4.840082,7.6073813,3.6406796,3
193977728771327,6519740276,4.846064,7.5942206,3.6589248,3
193977731271327,6522240276,4.822734,7.60439,3.6681972,3
193977733771327,6524740276,4.822136,7.5963144,3.6652062,3
193977736271327,6527240276,4.8269215,7.5906315,3.696612,3
193977738771327,6529740276,4.831408,7.5996046,3.7005002,3
193977741271327,6532240276,4.8433723,7.5999036,3.7046876,3
193977743771327,6534740276,4.8412786,7.587641,3.7229328,3
193977746271327,6537240276,4.847859,7.580462,3.7363925,3
193977748771327,6539740276,4.855037,7.5750785,3.705884,3
193977751271327,6542240276,4.85743,7.581958,3.7229328,3
193977753771327,6544740276,4.8532424,7.578069,3.7109687,3
193977756271327,6547240276,4.8562336,7.5717883,3.687938,3
193977758771327,6549740276,4.8589253,7.5661054,3.687938,3
193977761271327,6552240276,4.8529434,7.556534,3.6846478,3
193977763771327,6554740276,4.848756,7.5622168,3.6849468,3
193977766271327,6557240276,4.852345,7.553543,3.687938,3
193977768771327,6559740276,4.8412786,7.5583286,3.6870406,3
193977771271327,6562240276,4.8454657,7.55115,3.6864424,3
193977773771327,6564740276,4.833801,7.5520473,3.6903307,3
193977776271327,6567240276,4.848756,7.559525,3.69721,3
193977778771327,6569740276,4.861019,7.5517483,3.7196429,3
193977781271327,6572240276,4.848756,7.5625157,3.7193437,3
193977783771327,6574740276,4.854738,7.5517483,3.7097723,3
193977786271327,6577240276,4.872385,7.5589266,3.7136607,3
193977788771327,6579740276,4.883153,7.5646095,3.7079778,3
193977791271327,6582240276,4.8972106,7.568797,3.691228,3
193977793771327,6584740276,4.894519,7.5676007,3.7079778,3
193977796271327,6587240276,4.8912287,7.5613194,3.6867416,3
193977798771327,6589740276,4.889135,7.5723863,3.671188,3
193977801271327,6592240276,4.896014,7.5673018,3.6717863,3
193977803771327,6594740276,4.8990054,7.568199,3.6753755,3
193977806271327,6597240276,4.8768716,7.589136,3.671188,3
193977808771327,6599740276,4.868796,7.5963144,3.6655052,3
193977811271327,6602240276,4.8619165,7.6011004,3.6469607,3
193977813771327,6604740276,4.8714876,7.6127653,3.6771703,3
193977816271327,6607240276,4.853841,7.609475,3.6436708,3
193977818771327,6609740276,4.8601217,7.6133633,3.6352959,3
193977821271327,6612240276,4.855037,7.6073813,3.62722,3
193977823771327,6614740276,4.857729,7.616953,3.6104703,3
193977826271327,6617240276,4.859524,7.6250286,3.6152558,3
193977828771327,6619740276,4.8490553,7.629515,3.595216,3
193977831271327,6622240276,4.8445687,7.629814,3.6047873,3
193977833771327,6624740276,4.869095,7.630412,3.6122649,3
193977836271327,6627240276,4.8705907,7.6340017,3.5961134,3
193977838771327,6629740276,4.8696933,7.6420774,3.5958142,3
193977841271327,6632240276,4.859225,7.643573,3.6143587,3
193977843771327,6634740276,4.8711886,7.6456666,3.6059837,3
193977846271327,6637240276,4.8583274,7.6396847,3.6041892,3
193977848771327,6639740276,4.8394837,7.6453676,3.6000016,3
193977851271327,6642240276,4.842475,7.656434,3.6209388,3
193977853771327,6644740276,4.8326044,7.6666036,3.6200416,3
193977856271327,6647240276,4.8397827,7.670492,3.6352959,3
193977858771327,6649740276,4.840381,7.6776705,3.6526437,3
193977861271327,6652240276,4.842774,7.68455,3.6652062,3
193977863771327,6654740276,4.8496532,7.6926255,3.6858442,3
193977866271327,6657240276,4.834698,7.700701,3.6924245,3
193977868771327,6659740276,4.8376894,7.6959157,3.6867416,3
193977871271327,6662240276,4.8433723,7.7039914,3.6792638,3
193977873771327,6664740276,4.852046,7.696813,3.6616168,3
193977876271327,6667240276,4.8568316,7.698907,3.6556349,3
193977878771327,6669740276,4.8738804,7.699206,3.6681972,3
193977881271327,6672240276,4.8696933,7.672885,3.6583266,3
193977883771327,6674740276,4.8708897,7.672885,3.6553357,3
193977886271327,6677240276,4.8786664,7.672885,3.6690943,3
193977888771327,6679740276,4.875675,7.6743803,3.6717863,3
193977891271327,6682240276,4.8732824,7.6594253,3.6687953,3
193977893771327,6684740276,4.870291,7.6387873,3.6750765,3
193977896271327,6687240276,4.852046,7.6480594,3.6927235,3
193977898771327,6689740276,4.8355956,7.6202426,3.694219,3
193977901271327,6692240276,4.8305106,7.6019974,3.6990047,3
193977903771327,6694740276,4.8230333,7.6046896,3.7034912,3
193977906271327,6697240276,4.817051,7.5996046,3.6984065,3
193977908771327,6699740276,4.8125644,7.602297,3.6672997,3
193977911271327,6702240276,4.793721,7.5873413,3.7103705,3
193977913771327,6704740276,4.787141,7.5750785,3.7914274,3
193977916271327,6707240276,4.7976093,7.584051,3.8063827,3
193977918771327,6709740276,4.805685,7.591828,3.7878382,3
193977921271327,6712240276,4.8041897,7.585248,3.7863426,3
193977923771327,6714740276,4.81077,7.5786676,3.7812579,3
193977926271327,6717240276,4.810471,7.5622168,3.7660038,3
193977928771327,6719740276,4.8068814,7.564909,3.7683966,3
193977931271327,6722240276,4.7949176,7.5553374,3.7423747,3
193977933771327,6724740276,4.799404,7.5496545,3.7172499,3
193977936271327,6727240276,4.794319,7.5604224,3.7046876,3
193977938771327,6729740276,4.7970114,7.5622168,3.7238302,3
193977941271327,6732240276,4.8038907,7.5610204,3.7103705,3
193977943771327,6734740276,4.8191447,7.5583286,3.7417765,3
193977946271327,6737240276,4.831707,7.561619,3.7322052,3
193977948771327,6739740276,4.820341,7.5553374,3.7444685,3
193977951271327,6742240276,4.8299127,7.5604224,3.7477584,3
193977953771327,6744740276,4.8242297,7.569096,3.738187,3
193977956271327,6747240276,4.8194437,7.5729847,3.7292142,3
193977958771327,6749740276,4.7979083,7.568199,3.7220356,3
193977961271327,6752240276,4.7952166,7.5870423,3.7537405,3
193977963771327,6754740276,4.788935,7.5879397,3.7325041,3
193977966271327,6757240276,4.79073,7.5846496,3.7354953,3
193977968771327,6759740276,4.79073,7.589136,3.7357943,3
193977971271327,6762240276,4.784449,7.587641,3.7420754,3
193977973771327,6764740276,4.7751765,7.602596,3.735196,3
193977976271327,6767240276,4.7880383,7.615457,3.7334015,3
193977978771327,6769740276,4.779065,7.6223364,3.7217364,3
193977981271327,6772240276,4.761717,7.6196446,3.7091742,3
193977983771327,6774740276,4.7578287,7.6220374,3.7151563,3
193977986271327,6777240276,4.7578287,7.626225,3.7109687,3
193977988771327,6779740276,4.749454,7.642975,3.7088752,3
193977991271327,6782240276,4.749753,7.6426754,3.711567,3
193977993771327,6784740276,4.7455654,7.64447,3.6915271,3
193977996271327,6787240276,4.755735,7.6510506,3.717549,3
193977998771327,6789740276,4.773382,7.6645103,3.723232,3
193978001271327,6792240276,4.784748,7.681559,3.7214375,3
193978003771327,6794740276,4.7916274,7.690532,3.7037904,3
193978006271327,6797240276,4.791029,7.6980095,3.7034912,3
193978008771327,6799740276,4.779065,7.697112,3.6954155,3
193978011271327,6802240276,4.7949176,7.6959157,3.6804602,3
193978013771327,6804740276,4.792824,7.69113,3.6496527,3
193978016271327,6807240276,4.79073,7.691429,3.6469607,3
193978018771327,6809740276,4.7784667,7.6860456,3.6323047,3
193978021271327,6812240276,4.776373,7.6866436,3.6424742,3
193978023771327,6814740276,4.7784667,7.6917286,3.6340995,3
193978026271327,6817240276,4.761717,7.6851482,3.6382868,3
193978028771327,6819740276,4.755436,7.689635,3.653541,3
193978031271327,6822240276,4.7563334,7.6863446,3.656532,3
193978033771327,6824740276,4.750052,7.676474,3.6484563,3
193978036271327,6827240276,4.7581277,7.6713896,3.6577284,3
193978038771327,6829740276,4.746762,7.6666036,3.6601214,3
193978041271327,6832240276,4.7638106,7.672885,3.6708891,3
193978043771327,6834740276,4.761119,7.665108,3.6667016,3
193978046271327,6837240276,4.7656054,7.644171,3.674179,3
193978048771327,6839740276,4.758427,7.6462646,3.6858442,3
193978051271327,6842240276,4.7676992,7.656135,3.6789649,3
193978053771327,6844740276,4.770391,7.648658,3.675974,3
193978056271327,6847240276,4.7802615,7.6420774,3.6867416,3
193978058771327,6849740276,4.785346,7.6399837,3.673581,3
193978061271327,6852240276,4.776373,7.644171,3.675974,3
193978063771327,6854740276,4.787739,7.6331043,3.6777685,3
193978066271327,6857240276,4.8116674,7.6139617,3.6744783,3
193978068771327,6859740276,4.818547,7.6052876,3.6672997,3
193978071271327,6862240276,4.814359,7.602596,3.6625142,3
193978073771327,6864740276,4.817051,7.6106715,3.6640096,3
193978076271327,6867240276,4.822136,7.5879397,3.653541,3
193978078771327,6869740276,4.842176,7.5810604,3.6451662,3
193978081271327,6872240276,4.852046,7.583453,3.6526437,3
193978083771327,6874740276,4.8586264,7.581958,3.6729827,3
193978086271327,6877240276,4.863113,7.578368,3.6723845,3
193978088771327,6879740276,4.8562336,7.5924263,3.6690943,3
193978091271327,6882240276,4.8502517,7.589136,3.6996028,3
193978093771327,6884740276,4.8454657,7.59123,3.696612,3
193978096271327,6887240276,4.8493543,7.5963144,3.7136607,3
193978098771327,6889740276,4.8445687,7.5990067,3.7265222,3
193978101271327,6892240276,4.8391848,7.602895,3.7214375,3
193978103771327,6894740276,4.8302116,7.6052876,3.712165,3
193978106271327,6897240276,4.8173504,7.61785,3.7307096,3
193978108771327,6899740276,4.8116674,7.6310105,3.7426736,3
193978111271327,6902240276,4.8059845,7.6220374,3.734299,3
193978113771327,6904740276,4.7973104,7.6160555,3.711567,3
193978116271327,6907240276,4.782056,7.615158,3.7136607,3
193978118771327,6909740276,4.7656054,7.635796,3.7160535,3
193978121271327,6912240276,4.7662034,7.6462646,3.705585,3
193978123771327,6914740276,4.770092,7.6453676,3.6846478,3
193978126271327,6917240276,4.785047,7.6609206,3.7094734,3
193978128771327,6919740276,4.7898326,7.6576304,3.6990047,3
193978131271327,6922240276,4.7919264,7.6755767,3.702594,3
193978133771327,6924740276,4.7922254,7.676175,3.705585,3
193978136271327,6927240276,4.7946186,7.672885,3.6927235,3
193978138771327,6929740276,4.7955155,7.682456,3.6903307,3
193978141271327,6932240276,4.7934217,7.6956167,3.6894333,3
193978143771327,6934740276,4.796114,7.687242,3.6846478,3
193978146271327,6937240276,4.810471,7.6851482,3.6774693,3
193978148771327,6939740276,4.8251266,7.6812596,3.6568313,3
193978151271327,6942240276,4.8242297,7.676474,3.6394832,3
193978153771327,6944740276,4.811368,7.6752777,3.6439698,3
193978156271327,6947240276,4.82064,7.661818,3.6394832,3
193978158771327,6949740276,4.802096,7.6749787,3.63051,3
193978161271327,6952240276,4.802096,7.6746798,3.6541393,3
193978163771327,6954740276,4.805087,7.6746798,3.6771703,3
193978166271327,6957240276,4.793721,7.679166,3.6792638,3
193978168771327,6959740276,4.802096,7.673483,3.6927235,3
193978171271327,6962240276,4.788636,7.6752777,3.6927235,3
193978173771327,6964740276,4.8026943,7.682157,3.7064822,3
193978176271327,6967240276,4.8026943,7.681559,3.7043886,3
193978178771327,6969740276,4.8059845,7.678568,3.6990047,3
193978181271327,6972240276,4.8026943,7.6719875,3.6783667,3
193978183771327,6974740276,4.796114,7.669296,3.673581,3
193978186271327,6977240276,4.791029,7.676773,3.6496527,3
193978188771327,6979740276,4.7946186,7.650751,3.6610186,3
193978191271327,6982240276,4.7805605,7.6396847,3.6481571,3
193978193771327,6984740276,4.7832522,7.644769,3.644269,3
193978196271327,6987240276,4.779364,7.6384883,3.6346977,3
193978198771327,6989740276,4.775775,7.6426754,3.6329029,3
193978201271327,6992240276,4.765007,7.6483583,3.6496527,3
193978203771327,6994740276,4.7691946,7.658528,3.633202,3
193978206271327,6997240276,4.77069,7.6663046,3.64726,3
193978208771327,6999740276,4.7602215,7.655836,3.6574295,3
193978211271327,7002240276,4.746762,7.65793,3.64726,3
193978213771327,7004740276,4.7428737,7.663912,3.6487553,3
193978216271327,7007240276,4.7392845,7.6686974,3.6478581,3
193978218771327,7009740276,4.7401814,7.670492,3.6406796,3
193978221271327,7012240276,4.7452664,7.670791,3.6397824,3
193978223771327,7014740276,4.746164,7.673483,3.638885,3
193978226271327,7017240276,4.7509494,7.672885,3.6439698,3
193978228771327,7019740276,4.753641,7.6743803,3.6355948,3
193978231271327,7022240276,4.7581277,7.6770725,3.6367912,3
193978233771327,7024740276,4.755735,7.6752777,3.6373894,3
193978236271327,7027240276,4.76411,7.663613,3.64726,3
193978238771327,7029740276,4.776373,7.6752777,3.6287155,3
193978241271327,7032240276,4.794319,7.672586,3.6170506,3
193978243771327,7034740276,4.8059845,7.664809,3.6149569,3
193978246271327,7037240276,4.820042,7.6591263,3.6218362,3
193978248771327,7039740276,4.8212385,7.6453676,3.6311083,3
193978251271327,7042240276,4.8302116,7.6483583,3.6263227,3
193978253771327,7044740276,4.831408,7.6513495,3.6161532,3
193978256271327,7047240276,4.8323054,7.6531444,3.6146576,3
193978258771327,7049740276,4.831109,7.6567335,3.6152558,3
193978261271327,7052240276,4.828417,7.650153,3.633202,3
193978263771327,7054740276,4.8308096,7.645068,3.6206398,3
193978266271327,7057240276,4.8341,7.650153,3.6391842,3
193978268771327,7059740276,4.8290153,7.6513495,3.6520455,3
193978271271327,7062240276,4.814957,7.6399837,3.6598222,3
193978273771327,7064740276,4.831408,7.641778,3.676871,3
193978276271327,7067240276,4.8323054,7.641778,3.6607196,3
193978278771327,7069740276,4.836792,7.648957,3.6577284,3
193978281271327,7072240276,4.8439703,7.646564,3.6556349,3
193978283771327,7074740276,4.849952,7.650751,3.6628132,3
193978286271327,7077240276,4.840979,7.665108,3.6723845,3
193978288771327,7079740276,4.8469615,7.6534433,3.659224,3
193978291271327,7082240276,4.8583274,7.652247,3.673282,3
193978293771327,7084740276,4.8565326,7.6537423,3.6601214,3
193978296271327,7087240276,4.8675995,7.6603227,3.6505501,3
193978298771327,7089740276,4.872086,7.6713896,3.6577284,3
193978301271327,7092240276,4.838886,7.6660056,3.6427734,3
193978303771327,7094740276,4.8269215,7.6752777,3.6421752,3
193978306271327,7097240276,4.8116674,7.683952,3.6355948,3
193978308771327,7099740276,4.8062835,7.6663046,3.6571302,3
193978311271327,7102240276,4.8044887,7.666903,3.6672997,3
193978313771327,7104740276,4.8098726,7.670492,3.6924245,3
193978316271327,7107240276,4.807779,7.670492,3.6888351,3
193978318771327,7109740276,4.8029933,7.6552377,3.6984065,3
193978321271327,7112240276,4.8059845,7.6678,3.6783667,3
193978323771327,7114740276,4.8029933,7.6480594,3.670291,3
193978326271327,7117240276,4.8188457,7.646564,3.6643088,3
193978328771327,7119740276,4.8242297,7.646564,3.6532419,3
193978331271327,7122240276,4.8239303,7.618747,3.6427734,3
193978333771327,7124740276,4.847859,7.6130643,3.6520455,3
193978336271327,7127240276,4.8652067,7.5960155,3.6517465,3
193978338771327,7129740276,4.8693943,7.59123,3.6762729,3
193978341271327,7132240276,4.8765726,7.582257,3.6807594,3
193978343771327,7134740276,4.883452,7.568199,3.6927235,3
193978346271327,7137240276,4.881059,7.5696945,3.7145581,3
193978348771327,7139740276,4.881358,7.5813594,3.7103705,3
193978351271327,7142240276,4.8705907,7.565208,3.714857,3
193978353771327,7144740276,4.8448677,7.5646095,3.7247276,3
193978356271327,7147240276,4.834698,7.570891,3.7268212,3
193978358771327,7149740276,4.8323054,7.5723863,3.7220356,3
193978361271327,7152240276,4.8290153,7.5756764,3.7310088,3
193978363771327,7154740276,4.838886,7.5673018,3.754937,3
193978366271327,7157240276,4.855037,7.579565,3.7692938,3
193978368771327,7159740276,4.8619165,7.5693955,3.7591243,3
193978371271327,7162240276,4.883452,7.550253,3.7441692,3
193978373771327,7164740276,4.9286165,7.4979095,3.6346977,3
193978376271327,7167240276,4.922036,7.486843,3.5309088,3
193978378771327,7169740276,4.866702,7.538887,3.6664026,3
193978381271327,7172240276,4.8269215,7.5927253,3.7663028,3
193978383771327,7174740276,4.8652067,7.6085777,3.8144584,3
193978386271327,7177240276,4.935197,7.5720873,3.8551364,3
193978388771327,7179740276,4.9345984,7.556833,3.8808591,3
193978391271327,7182240276,4.913063,7.57448,3.8210387,3
193978393771327,7184740276,4.879564,7.5828547,3.7710886,3
193978396271327,7187240276,4.857729,7.584051,3.751946,3
193978398771327,7189740276,4.8625145,7.5726852,3.7073796,3
193978401271327,7192240276,4.8364925,7.563114,3.6903307,3
193978403771327,7194740276,4.818547,7.550253,3.6667016,3
193978406271327,7197240276,4.805087,7.559525,3.662215,3
193978408771327,7199740276,4.808078,7.5696945,3.6541393,3
193978411271327,7202240276,4.808078,7.5676007,3.6616168,3
193978413771327,7204740276,4.816154,7.563413,3.6990047,3
193978416271327,7207240276,4.81406,7.600801,3.7411783,3
193978418771327,7209740276,4.805087,7.602297,3.7489548,3
193978421271327,7212240276,4.801498,7.631908,3.7525442,3
193978423771327,7214740276,4.792824,7.642975,3.7453656,3
193978426271327,7217240276,4.8006005,7.64447,3.7432718,3
193978428771327,7219740276,4.7970114,7.650751,3.7199419,3
193978431271327,7222240276,4.7859445,7.6537423,3.7214375,3
193978433771327,7224740276,4.7742796,7.67109,3.6981075,3
193978436271327,7227240276,4.7718863,7.6686974,3.687938,3
193978438771327,7229740276,4.7575297,7.670492,3.6858442,3
193978441271327,7232240276,4.7626143,7.684849,3.6699917,3
193978443771327,7234740276,4.7638106,7.6923265,3.6744783,3
193978446271327,7237240276,4.7685966,7.696813,3.6828532,3
193978448771327,7239740276,4.7778687,7.711469,3.7109687,3
193978451271327,7242240276,4.7688956,7.7147593,3.7217364,3
193978453771327,7244740276,4.7772703,7.719246,3.6849468,3
193978456271327,7247240276,4.7865424,7.719545,3.6849468,3
193978458771327,7249740276,4.7799625,7.7150583,3.6993039,3
193978461271327,7252240276,4.77398,7.7276206,3.6801612,3
193978463771327,7254740276,4.7524447,7.711469,3.6568313,3
193978466271327,7257240276,4.759324,7.7162547,3.6451662,3
193978468771327,7259740276,4.758726,7.7033935,3.6335013,3
193978471271327,7262240276,4.7674,7.6974115,3.6340995,3
193978473771327,7264740276,4.7709894,7.6893353,3.6430724,3
193978476271327,7267240276,4.7745786,7.69113,3.6478581,3
193978478771327,7269740276,4.785047,7.6812596,3.6559339,3
193978481271327,7272240276,4.7781677,7.678568,3.6816568,3
193978483771327,7274740276,4.7775693,7.655537,3.6699917,3
193978486271327,7277240276,4.7898326,7.643274,3.682255,3
193978488771327,7279740276,4.7775693,7.6343007,3.6637106,3
193978491271327,7282240276,4.8003016,7.624131,3.6526437,3
193978493771327,7284740276,4.8137608,7.6106715,3.6556349,3
193978496271327,7287240276,4.821837,7.6011004,3.6544385,3
193978498771327,7289740276,4.822734,7.588837,3.6134613,3
193978501271327,7292240276,4.843073,7.5717883,3.6514473,3
193978503771327,7294740276,4.848158,7.569096,3.650849,3
193978506271327,7297240276,4.846662,7.5589266,3.6403806,3
193978508771327,7299740276,4.8511486,7.5514493,3.6329029,3
193978511271327,7302240276,4.8397827,7.535597,3.6218362,3
193978513771327,7304740276,4.8415775,7.5346994,3.6349967,3
193978516271327,7307240276,4.849952,7.542476,3.635894,3
193978518771327,7309740276,4.849952,7.548159,3.6544385,3
193978521271327,7312240276,4.846363,7.548458,3.6762729,3
193978523771327,7314740276,4.842475,7.5493555,3.673581,3
193978526271327,7317240276,4.8251266,7.544869,3.674179,3
193978528771327,7319740276,4.80748,7.565208,3.671188,3
193978531271327,7322240276,4.7946186,7.5661054,3.676572,3
193978533771327,7324740276,4.7778687,7.6016984,3.6792638,3
193978536271327,7327240276,4.7766724,7.609774,3.6693935,3
193978538771327,7329740276,4.7685966,7.611868,3.6777685,3
193978541271327,7332240276,4.766802,7.6340017,3.6897326,3
193978543771327,7334740276,4.766802,7.652845,3.7034912,3
193978546271327,7337240276,4.743771,7.658229,3.687938,3
193978548771327,7339740276,4.76082,7.6567335,3.7184465,3
193978551271327,7342240276,4.7802615,7.6749787,3.7229328,3
193978553771327,7344740276,4.778766,7.6923265,3.7163527,3
193978556271327,7347240276,4.7919264,7.692925,3.7019958,3
193978558771327,7349740276,4.793721,7.704291,3.7196429,3
193978561271327,7352240276,4.788337,7.7039914,3.7022948,3
193978563771327,7354740276,4.7823553,7.7216387,3.6810586,3
193978566271327,7357240276,4.776373,7.7180495,3.6681972,3
193978568771327,7359740276,4.7829533,7.7312098,3.6631124,3
193978571271327,7362240276,4.7862434,7.7365937,3.6681972,3
193978573771327,7364740276,4.791029,7.744969,3.673581,3
193978576271327,7367240276,4.791029,7.7494555,3.6714873,3
193978578771327,7369740276,4.7952166,7.7473617,3.6667016,3
193978581271327,7372240276,4.7946186,7.7473617,3.667599,3
193978583771327,7374740276,4.8029933,7.7389865,3.67059,3
193978586271327,7377240276,4.8086762,7.7362947,3.6690943,3
193978588771327,7379740276,4.813163,7.7368927,3.6493537,3
193978591271327,7382240276,4.8086762,7.7234335,3.6690943,3
193978593771327,7384740276,4.781159,7.7159557,3.659224,3
193978596271327,7387240276,4.779065,7.7207413,3.6526437,3
193978598771327,7389740276,4.7802615,7.7012997,3.626921,3
193978601271327,7392240276,4.7841496,7.6920276,3.6317065,3
193978603771327,7394740276,4.7862434,7.692925,3.6382868,3
193978606271327,7397240276,4.7946186,7.6902328,3.6421752,3
193978608771327,7399740276,4.775775,7.685447,3.664907,3
193978611271327,7402240276,4.785047,7.687541,3.6571302,3
193978613771327,7404740276,4.772186,7.664809,3.6628132,3
193978616271327,7407240276,4.776074,7.6683984,3.6699917,3
193978618771327,7409740276,4.7973104,7.6537423,3.6693935,3
193978621271327,7412240276,4.807779,7.662117,3.6607196,3
193978623771327,7414740276,4.8119664,7.6453676,3.659224,3
193978626271327,7417240276,4.814658,7.6274214,3.673581,3
193978628771327,7419740276,4.8029933,7.6340017,3.6550367,3
193978631271327,7422240276,4.807181,7.6196446,3.659224,3
193978633771327,7424740276,4.8044887,7.5942206,3.6329029,3
193978636271327,7427240276,4.791029,7.5960155,3.6314075,3
193978638771327,7429740276,4.799404,7.5897346,3.6397824,3
193978641271327,7432240276,4.8006005,7.6046896,3.6424742,3
193978643771327,7434740276,4.8041897,7.5879397,3.6320057,3
193978646271327,7437240276,4.7916274,7.6011004,3.6451662,3
193978648771327,7439740276,4.779663,7.6019974,3.650849,3
193978651271327,7442240276,4.788935,7.6085777,3.6607196,3
193978653771327,7444740276,4.767101,7.61785,3.6604204,3
193978656271327,7447240276,4.759025,7.631908,3.6496527,3
193978658771327,7449740276,4.750052,7.646863,3.675974,3
193978661271327,7452240276,4.7632127,7.655836,3.6750765,3
193978663771327,7454740276,4.77069,7.6567335,3.6661034,3
193978666271327,7457240276,4.7751765,7.6645103,3.6610186,3
193978668771327,7459740276,4.779364,7.6627154,3.6747773,3
193978671271327,7462240276,4.788636,7.6722865,3.6690943,3
193978673771327,7464740276,4.779663,7.6666036,3.6553357,3
193978676271327,7467240276,4.786842,7.6770725,3.6427734,3
193978678771327,7469740276,4.7949176,7.667202,3.6391842,3
193978681271327,7472240276,4.796114,7.668997,3.6245282,3
193978683771327,7474740276,4.8122654,7.681559,3.6317065,3
193978686271327,7477240276,4.822136,7.681559,3.652943,3
193978688771327,7479740276,4.818547,7.6800632,3.6595232,3
193978691271327,7482240276,4.831408,7.682456,3.6520455,3
193978693771327,7484740276,4.8379884,7.685447,3.6320057,3
193978696271327,7487240276,4.8511486,7.6851482,3.6490545,3
193978698771327,7489740276,4.849952,7.6812596,3.6424742,3
193978701271327,7492240276,4.842475,7.692925,3.6454654,3
193978703771327,7494740276,4.8433723,7.6770725,3.6640096,3
193978706271327,7497240276,4.836792,7.683952,3.6577284,3
193978708771327,7499740276,4.811069,7.6809607,3.64726,3
193978711271327,7502240276,4.7973104,7.666903,3.6478581,3
193978713771327,7504740276,4.793721,7.673184,3.661916,3
193978716271327,7507240276,4.79073,7.661818,3.6846478,3
193978718771327,7509740276,4.78744,7.6603227,3.679563,3
193978721271327,7512240276,4.7859445,7.6549387,3.694219,3
193978723771327,7514740276,4.7835517,7.6540413,3.7022948,3
193978726271327,7517240276,4.787141,7.655537,3.708576,3
193978728771327,7519740276,4.781757,7.6343007,3.7247276,3
193978731271327,7522240276,4.7880383,7.64118,3.734598,3
193978733771327,7524740276,4.790132,7.6292157,3.754937,3
193978736271327,7527240276,4.799404,7.6145597,3.7417765,3
193978738771327,7529740276,4.809274,7.6106715,3.720241,3
193978741271327,7532240276,4.814957,7.596913,3.743571,3
193978743771327,7534740276,4.8188457,7.57777,3.7444685,3
193978746271327,7537240276,4.816154,7.568498,3.726223,3
193978748771327,7539740276,4.819743,7.548458,3.7366917,3
193978751271327,7542240276,4.822435,7.54457,3.7369907,3
193978753771327,7544740276,4.826024,7.535597,3.7354953,3
193978756271327,7547240276,4.8361936,7.538887,3.7046876,3
193978758771327,7549740276,4.838886,7.527521,3.6954155,3
193978761271327,7552240276,4.851448,7.515258,3.7079778,3
193978763771327,7554740276,4.851448,7.5068827,3.696911,3
193978766271327,7557240276,4.847859,7.4940214,3.696911,3
193978768771327,7559740276,4.8508496,7.496115,3.7097723,3
193978771271327,7562240276,4.8505507,7.509575,3.71396,3
193978773771327,7564740276,4.8562336,7.520941,3.711268,3
193978776271327,7567240276,4.8415775,7.5125656,3.7076788,3
193978778771327,7569740276,4.8394837,7.530512,3.7184465,3
193978781271327,7572240276,4.826024,7.5352974,3.720241,3
193978783771327,7574740276,4.8212385,7.5571322,3.7157545,3
193978786271327,7577240276,4.8155556,7.5732837,3.728616,3
193978788771327,7579740276,4.8095737,7.5846496,3.74058,3
193978791271327,7582240276,4.795815,7.6076803,3.7540395,3
193978793771327,7584740276,4.8083773,7.615457,3.7477584,3
193978796271327,7587240276,4.8026943,7.6202426,3.73729,3
193978798771327,7589740276,4.816752,7.6280193,3.7265222,3
193978801271327,7592240276,4.8191447,7.635497,3.720241,3
193978803771327,7594740276,4.8305106,7.6369925,3.7124643,3
193978806271327,7597240276,4.833203,7.6271224,3.7043886,3
193978808771327,7599740276,4.8266225,7.6426754,3.691228,3
193978811271327,7602240276,4.8361936,7.6280193,3.6493537,3
193978813771327,7604740276,4.847859,7.6343007,3.6323047,3
193978816271327,7607240276,4.845765,7.623234,3.6281173,3
193978818771327,7609740276,4.847859,7.623832,3.6323047,3
193978821271327,7612240276,4.847859,7.622935,3.6281173,3
193978823771327,7614740276,4.8329034,7.6271224,3.636193,3
193978826271327,7617240276,4.8215375,7.6289167,3.6400814,3
193978828771327,7619740276,4.822435,7.639385,3.6433716,3
193978831271327,7622240276,4.807779,7.6492558,3.6547375,3
193978833771327,7624740276,4.7976093,7.6576304,3.6610186,3
193978836271327,7627240276,4.802096,7.6698937,3.6750765,3
193978838771327,7629740276,4.7982078,7.6866436,3.6777685,3
193978841271327,7632240276,4.8044887,7.678867,3.694518,3
193978843771327,7634740276,4.816154,7.688139,3.682554,3
193978846271327,7637240276,4.81077,7.6983085,3.6744783,3
193978848771327,7639740276,4.81406,7.6926255,3.6526437,3
193978851271327,7642240276,4.8251266,7.693822,3.6448672,3
193978853771327,7644740276,4.8290153,7.6803627,3.6254253,3
193978856271327,7647240276,4.8326044,7.6866436,3.6026936,3
193978858771327,7649740276,4.8358946,7.672885,3.5901313,3
193978861271327,7652240276,4.8586264,7.6698937,3.585944,3
193978863771327,7654740276,4.868497,7.65793,3.5817564,3
193978866271327,7657240276,4.879564,7.6657066,3.5943186,3
193978868771327,7659740276,4.8906302,7.6570325,3.6173496,3
193978871271327,7662240276,4.9109693,7.648957,3.6293137,3
193978873771327,7664740276,4.915157,7.6477604,3.621537,3
193978876271327,7667240276,4.9118667,7.6405816,3.6266217,3
193978878771327,7669740276,4.9121656,7.632207,3.615555,3
193978881271327,7672240276,4.9112687,7.6181493,3.6029928,3
193978883771327,7674740276,4.904389,7.609176,3.6179478,3
193978886271327,7677240276,4.910072,7.5990067,3.632604,3
193978888771327,7679740276,4.8993044,7.602895,3.6218362,3
193978891271327,7682240276,4.898407,7.606185,3.6281173,3
193978893771327,7684740276,4.892126,7.6124663,3.6352959,3
193978896271327,7687240276,4.887041,7.611868,3.633202,3
193978898771327,7689740276,4.889135,7.5993056,3.615555,3
193978901271327,7692240276,4.895715,7.596614,3.6023946,3
193978903771327,7694740276,4.898706,7.589435,3.6209388,3
193978906271327,7697240276,4.904389,7.5933237,3.6394832,3
193978908771327,7699740276,4.9055853,7.5921273,3.618546,3
193978911271327,7702240276,4.892425,7.586145,3.6059837,3
193978913771327,7704740276,4.880162,7.590931,3.6050863,3
193978916271327,7707240276,4.8786664,7.585547,3.592225,3
193978918771327,7709740276,4.8861437,7.5750785,3.5850465,3
193978921271327,7712240276,4.875675,7.583154,3.583551,3
193978923771327,7714740276,4.8735814,7.594819,3.589832,3
193978926271327,7717240276,4.8792644,7.6082788,3.60389,3
193978928771327,7719740276,4.8768716,7.6076803,3.621238,3
193978931271327,7722240276,4.8768716,7.615457,3.6257246,3
193978933771327,7724740276,4.8789654,7.615756,3.632604,3
193978936271327,7727240276,4.8699923,7.623533,3.635894,3
193978938771327,7729740276,4.8655057,7.635198,3.6376886,3
193978941271327,7732240276,4.8496532,7.646564,3.6188452,3
193978943771327,7734740276,4.8565326,7.648957,3.6017964,3
193978946271327,7737240276,4.8493543,7.664809,3.610171,3
193978948771327,7739740276,4.8251266,7.6869426,3.6260235,3
193978951271327,7742240276,4.814957,7.687541,3.6376886,3
193978953771327,7744740276,4.825725,7.7001033,3.6403806,3
193978956271327,7747240276,4.8098726,7.6977105,3.6439698,3
193978958771327,7749740276,4.814359,7.701898,3.6517465,3
193978961271327,7752240276,4.825426,7.708179,3.6658044,3
193978963771327,7754740276,4.8272204,7.7066836,3.656233,3
193978966271327,7757240276,4.8242297,7.722237,3.6610186,3
193978968771327,7759740276,4.8305106,7.7072816,3.6625142,3
193978971271327,7762240276,4.845765,7.708179,3.6478581,3
193978973771327,7764740276,4.846662,7.6920276,3.653541,3
193978976271327,7767240276,4.848158,7.685447,3.6511483,3
193978978771327,7769740276,4.8532424,7.676773,3.6568313,3
193978981271327,7772240276,4.8532424,7.6609206,3.6490545,3
193978983771327,7774740276,4.8454657,7.655836,3.6643088,3
193978986271327,7777240276,4.835296,7.630113,3.6747773,3
193978988771327,7779740276,4.82752,7.635497,3.6664026,3
193978991271327,7782240276,4.8182473,7.6181493,3.676572,3
193978993771327,7784740276,4.820042,7.604091,3.6927235,3
193978996271327,7787240276,4.8236313,7.602596,3.700201,3
193978998771327,7789740276,4.8263235,7.583154,3.6954155,3
193979001271327,7792240276,4.811368,7.5786676,3.7459638,3
193979003771327,7794740276,4.8236313,7.5676007,3.746562,3
193979006271327,7797240276,4.8158545,7.564909,3.74058,3
193979008771327,7799740276,4.8059845,7.563114,3.7489548,3
193979011271327,7802240276,4.7982078,7.5586276,3.7534413,3
193979013771327,7804740276,4.8098726,7.5661054,3.7570307,3
193979016271327,7807240276,4.7979083,7.5532436,3.7555351,3
193979018771327,7809740276,4.8003016,7.55115,3.778865,3
193979021271327,7812240276,4.788337,7.5469627,3.7836509,3
193979023771327,7814740276,4.792824,7.555936,3.7908292,3
193979026271327,7817240276,4.790132,7.5610204,3.7839499,3
193979028771327,7819740276,4.8029933,7.565208,3.7887356,3
193979031271327,7822240276,4.79402,7.5789666,3.7884364,3
193979033771327,7824740276,4.785346,7.574779,3.7764723,3
193979036271327,7827240276,4.776373,7.5810604,3.7363925,3
193979038771327,7829740276,4.756034,7.5900335,3.746263,3
193979041271327,7832240276,4.750351,7.589435,3.7384863,3
193979043771327,7834740276,4.7542396,7.604091,3.7208393,3
193979046271327,7837240276,4.7359943,7.5957165,3.7477584,3
193979048771327,7839740276,4.731508,7.606185,3.7426736,3
193979051271327,7842240276,4.750351,7.6199436,3.7328033,3
193979053771327,7844740276,4.7419763,7.629814,3.73729,3
193979056271327,7847240276,4.7452664,7.6369925,3.7241294,3
193979058771327,7849740276,4.752744,7.647461,3.699902,3
193979061271327,7852240276,4.7572303,7.6567335,3.6978083,3
193979063771327,7854740276,4.76411,7.665407,3.679563,3
193979066271327,7857240276,4.7458644,7.6513495,3.67059,3
193979068771327,7859740276,4.7524447,7.6519475,3.6454654,3
193979071271327,7862240276,4.7566323,7.6606216,3.6463625,3
193979073771327,7864740276,4.7482576,7.6719875,3.6421752,3
193979076271327,7867240276,4.752146,7.672885,3.650251,3
193979078771327,7869740276,4.752744,7.6833534,3.6690943,3
193979081271327,7872240276,4.751847,7.6947193,3.6547375,3
193979083771327,7874740276,4.730012,7.6998043,3.664907,3
193979086271327,7877240276,4.720441,7.7039914,3.667898,3
193979088771327,7879740276,4.7117667,7.717152,3.6628132,3
193979091271327,7882240276,4.712664,7.7180495,3.6532419,3
193979093771327,7884740276,4.6908298,7.723134,3.6343985,3
193979096271327,7887240276,4.6764727,7.732406,3.6532419,3
193979098771327,7889740276,4.6881375,7.7353973,3.6951163,3
193979101271327,7892240276,4.692026,7.7380896,3.6699917,3
193979103771327,7894740276,4.688437,7.7410803,3.6631124,3
193979106271327,7897240276,4.681258,7.7410803,3.679563,3
193979108771327,7899740276,4.6818566,7.748558,3.6810586,3
193979111271327,7902240276,4.6932225,7.7560353,3.6804602,3
193979113771327,7904740276,4.69741,7.763513,3.6595232,3
193979116271327,7907240276,4.6989055,7.7461653,3.6690943,3
193979118771327,7909740276,4.715057,7.7383885,3.679862,3
193979121271327,7912240276,4.7141595,7.7258263,3.6771703,3
193979123771327,7914740276,4.7210393,7.728518,3.6837504,3
193979126271327,7917240276,4.7368917,7.7234335,3.676572,3
193979128771327,7919740276,4.7563334,7.7162547,3.6804602,3
193979131271327,7922240276,4.7566323,7.6944203,3.6544385,3
193979133771327,7924740276,4.7548375,7.6890364,3.6816568,3
193979136271327,7927240276,4.76411,7.679166,3.6915271,3
193979138771327,7929740276,4.773681,7.6657066,3.6589248,3
193979141271327,7932240276,4.788935,7.6492558,3.6556349,3
193979143771327,7934740276,4.807779,7.6591263,3.6448672,3
193979146271327,7937240276,4.8673005,7.650751,3.641577,3
193979148771327,7939740276,4.868497,7.6259255,3.7019958,3
193979151271327,7942240276,4.852046,7.622636,3.728616,3
193979153771327,7944740276,4.831408,7.6277204,3.7061832,3
193979156271327,7947240276,4.828417,7.6196446,3.6756747,3
193979158771327,7949740276,4.817051,7.606484,3.6664026,3
193979161271327,7952240276,4.817051,7.6103725,3.6595232,3
193979163771327,7954740276,4.788636,7.6052876,3.6343985,3
193979166271327,7957240276,4.7745786,7.5957165,3.626921,3
193979168771327,7959740276,4.784449,7.581958,3.644269,3
193979171271327,7962240276,4.776373,7.5885377,3.6708891,3
193979173771327,7964740276,4.7865424,7.604091,3.6828532,3
193979176271327,7967240276,4.786842,7.60798,3.6771703,3
193979178771327,7969740276,4.781458,7.6181493,3.7217364,3
193979181271327,7972240276,4.796413,7.624729,3.7295132,3
193979183771327,7974740276,4.8026943,7.62114,3.7277186,3
193979186271327,7977240276,4.816752,7.6214395,3.7214375,3
193979188771327,7979740276,4.828118,7.619046,3.7217364,3
193979191271327,7982240276,4.834698,7.6289167,3.7151563,3
193979193771327,7984740276,4.8385863,7.6163545,3.702893,3
193979196271327,7987240276,4.8469615,7.62443,3.6873398,3
193979198771327,7989740276,4.836792,7.6399837,3.6616168,3
193979201271327,7992240276,4.829613,7.63789,3.6655052,3
193979203771327,7994740276,4.827819,7.6337023,3.6658044,3
193979206271327,7997240276,4.825725,7.638189,3.6409788,3
193979208771327,7999740276,4.8364925,7.6477604,3.6496527,3
193979211271327,8002240276,4.8248277,7.647162,3.6547375,3
193979213771327,8004740276,4.8445687,7.664211,3.6628132,3
193979216271327,8007240276,4.848158,7.6719875,3.6672997,3
193979218771327,8009740276,4.840979,7.669296,3.671188,3
193979221271327,8012240276,4.8385863,7.6591263,3.67388,3
193979223771327,8014740276,4.8308096,7.6645103,3.6424742,3
193979226271327,8017240276,4.819743,7.66122,3.6352959,3
193979228771327,8019740276,4.7970114,7.656135,3.6260235,3
193979231271327,8022240276,4.7572303,7.656135,3.6230326,3
193979233771327,8024740276,4.784449,7.670193,3.5880375,3
193979236271327,8027240276,4.8586264,7.6746798,3.5847473,3
193979238771327,8029740276,4.859225,7.635796,3.621537,3
193979241271327,8032240276,4.835296,7.6313095,3.6595232,3
193979243771327,8034740276,4.8263235,7.6495547,3.705585,3
193979246271327,8037240276,4.8125644,7.6666036,3.7229328,3
193979248771327,8039740276,4.788935,7.6746798,3.6960137,3
193979251271327,8042240276,4.7775693,7.689635,3.6655052,3
193979253771327,8044740276,4.7632127,7.70788,3.626921,3
193979256271327,8047240276,4.7398825,7.6944203,3.6170506,3
193979258771327,8049740276,4.7425747,7.6827555,3.6161532,3
193979261271327,8052240276,4.76082,7.67109,3.6248271,3
193979263771327,8054740276,4.7506504,7.6773715,3.6167514,3
193979266271327,8057240276,4.74736,7.682456,3.6116667,3
193979268771327,8059740276,4.7542396,7.693523,3.6059837,3
193979271271327,8062240276,4.7727838,7.7001033,3.60389,3
193979273771327,8064740276,4.7808595,7.7054873,3.6248271,3
193979276271327,8067240276,4.7985067,7.708179,3.621537,3
193979278771327,8069740276,4.8176494,7.690831,3.6397824,3
193979281271327,8072240276,4.8323054,7.702496,3.6314075,3
193979283771327,8074740276,4.834997,7.689934,3.6317065,3
193979286271327,8077240276,4.851747,7.6833534,3.6287155,3
193979288771327,8079740276,4.854439,7.6863446,3.6457644,3
193979291271327,8082240276,4.8643093,7.673483,3.6427734,3
193979293771327,8084740276,4.868796,7.6776705,3.6667016,3
193979296271327,8087240276,4.88405,7.675876,3.6777685,3
193979298771327,8089740276,4.9031925,7.672586,3.7022948,3
193979301271327,8092240276,4.918447,7.6713896,3.7133617,3
193979303771327,8094740276,4.9226346,7.664809,3.7337005,3
193979306271327,8097240276,4.93729,7.6570325,3.7528431,3
193979308771327,8099740276,4.9513483,7.6633134,3.7504504,3
193979311271327,8102240276,4.9549375,7.6573315,3.761218,3
193979313771327,8104740276,4.9429736,7.6531444,3.7660038,3
193979316271327,8107240276,4.939085,7.658528,3.7680974,3
193979318771327,8109740276,4.930411,7.6423764,3.777968,3
193979321271327,8112240276,4.92742,7.643872,3.7677984,3
193979323771327,8114740276,4.9178486,7.6214395,3.7806597,3
193979326271327,8117240276,4.906782,7.620542,3.7630126,3
193979328771327,8119740276,4.8966126,7.602297,3.766602,3
193979331271327,8122240276,4.889135,7.591828,3.7588253,3
193979333771327,8124740276,4.879564,7.573882,3.7588253,3
193979336271327,8127240276,4.8622155,7.5589266,3.7701912,3
193979338771327,8129740276,4.8451667,7.5493555,3.7677984,3
193979341271327,8132240276,4.818547,7.5553374,3.7627137,3
193979343771327,8134740276,4.7949176,7.5400834,3.7719858,3
193979346271327,8137240276,4.7955155,7.534101,3.7501514,3
193979348771327,8139740276,4.796712,7.522436,3.7645082,3
193979351271327,8142240276,4.788337,7.513463,3.7806597,3
193979353771327,8144740276,4.7838507,7.4901333,3.7672002,3
193979356271327,8147240276,4.801797,7.4886374,3.7737803,3
193979358771327,8149740276,4.802395,7.463214,3.7701912,3
193979361271327,8152240276,4.8047876,7.451848,3.7513478,3
193979363771327,8154740276,4.812864,7.448259,3.731607,3
193979366271327,8157240276,4.8101716,7.4383883,3.7151563,3
193979368771327,8159740276,4.8035913,7.4333034,3.6963127,3
193979371271327,8162240276,4.802395,7.4356966,3.6780674,3
193979373771327,8164740276,4.7955155,7.4389863,3.6684961,3
193979376271327,8167240276,4.7934217,7.4527454,3.6583266,3
193979378771327,8169740276,4.793123,7.4697943,3.641577,3
193979381271327,8172240276,4.784748,7.487441,3.638885,3
193979383771327,8174740276,4.773382,7.5068827,3.633202,3
193979386271327,8177240276,4.7691946,7.536195,3.629912,3
193979388771327,8179740276,4.7506504,7.5622168,3.6349967,3
193979391271327,8182240276,4.744369,7.597212,3.6224344,3
193979393771327,8184740276,4.7336016,7.626225,3.5976088,3
193979396271327,8187240276,4.7162533,7.6540413,3.5973098,3
193979398771327,8189740276,4.714758,7.68455,3.5793636,3
193979401271327,8192240276,4.699803,7.713862,3.5578282,3
193979403771327,8194740276,4.6989055,7.722835,3.5539398,3
193979406271327,8197240276,4.701597,7.7554374,3.5512478,3
193979408771327,8199740276,4.6872406,7.783553,3.539882,3
193979411271327,8202240276,4.692624,7.798209,3.519543,3
193979413771327,8204740276,4.6878386,7.8116684,3.5156546,3
193979416271327,8207240276,4.6956153,7.8346996,3.499204,3
193979418771327,8209740276,4.6881375,7.8427753,3.482155,3
193979421271327,8212240276,4.70399,7.8496547,3.4543386,3
193979423771327,8214740276,4.7096734,7.865507,3.4381871,3
193979426271327,8217240276,4.714459,7.8744802,3.4313076,3
193979428771327,8219740276,4.725526,7.880462,3.4387853,3
193979431271327,8222240276,4.732405,7.8816586,3.449553,3
193979433771327,8224740276,4.7368917,7.8840513,3.4522448,3
193979436271327,8227240276,4.753043,7.8753777,3.4576287,3
193979438771327,8229740276,4.7862434,7.8720875,3.4558342,3
193979441271327,8232240276,4.791029,7.8816586,3.4534414,3
193979443771327,8234740276,4.793123,7.867302,3.4462628,3
193979446271327,8237240276,4.793123,7.8523464,3.449852,3
193979448771327,8239740276,4.796114,7.8484583,3.4597225,3
193979451271327,8242240276,4.80748,7.841878,3.4749768,3
193979453771327,8244740276,4.826024,7.826624,3.4612179,3
193979456271327,8247240276,4.8158545,7.806285,3.4683964,3
193979458771327,8249740276,4.8269215,7.795816,3.4956148,3
193979461271327,8252240276,4.840979,7.7763743,3.508177,3
193979463771327,8254740276,4.852046,7.763812,3.527619,3
193979466271327,8257240276,4.8475595,7.737491,3.5201411,3
193979468771327,8259740276,4.8415775,7.7261252,3.5261233,3
193979471271327,8262240276,4.8364925,7.724929,3.521936,3
193979473771327,8264740276,4.842774,7.7004023,3.554538,3
193979476271327,8267240276,4.842774,7.6770725,3.5647075,3
193979478771327,8269740276,4.8397827,7.6752777,3.5826538,3
193979481271327,8272240276,4.822734,7.6627154,3.5946178,3
193979483771327,8274740276,4.799404,7.648957,3.612863,3
193979486271327,8277240276,4.8116674,7.648957,3.6230326,3
193979488771327,8279740276,4.796413,7.637292,3.6293137,3
193979491271327,8282240276,4.802096,7.6217384,3.6338003,3
193979493771327,8284740276,4.7973104,7.628319,3.6275191,3
193979496271327,8287240276,4.782056,7.6253276,3.6481571,3
193979498771327,8289740276,4.796712,7.6220374,3.6574295,3
193979501271327,8292240276,4.7922254,7.610073,3.6717863,3
193979503771327,8294740276,4.786842,7.615158,3.650251,3
193979506271327,8297240276,4.807779,7.6088767,3.6613178,3
193979508771327,8299740276,4.822734,7.62114,3.652943,3
193979511271327,8302240276,4.8385863,7.6202426,3.6532419,3
193979513771327,8304740276,4.8385863,7.6163545,3.6251264,3
193979516271327,8307240276,4.8299127,7.617551,3.6059837,3
193979518771327,8309740276,4.84068,7.6271224,3.5856447,3
193979521271327,8312240276,4.8341,7.6390862,3.554239,3
193979523771327,8314740276,4.848158,7.6396847,3.5362928,3
193979526271327,8317240276,4.8762736,7.643573,3.5377884,3
193979528771327,8319740276,4.8861437,7.6477604,3.5321052,3
193979531271327,8322240276,4.92413,7.6609206,3.5374892,3
193979533771327,8324740276,4.9342995,7.6633134,3.5186458,3
193979536271327,8327240276,4.946563,7.675876,3.516552,3
193979538771327,8329740276,4.9552364,7.68455,3.5356946,3
193979541271327,8332240276,4.953442,7.69113,3.5294135,3
193979543771327,8334740276,4.9462633,7.699206,3.5156546,3
193979546271327,8337240276,4.9342995,7.7063847,3.507878,3
193979548771327,8339740276,4.916353,7.725228,3.5012977,3
193979551271327,8342240276,4.9103713,7.714161,3.531507,3
193979553771327,8344740276,4.9046884,7.7243304,3.5096726,3
193979556271327,8347240276,4.8789654,7.7153573,3.5401812,3
193979558771327,8349740276,4.869095,7.7219377,3.5560336,3
193979561271327,8352240276,4.859225,7.7258263,3.560221,3
193979563771327,8354740276,4.843073,7.7156568,3.5611184,3
193979566271327,8357240276,4.827819,7.711469,3.5739796,3
193979568771327,8359740276,4.8116674,7.7066836,3.5697923,3
193979571271327,8362240276,4.796413,7.70459,3.5913277,3
193979573771327,8364740276,4.7784667,7.684849,3.5817564,3
193979576271327,8367240276,4.7691946,7.6887374,3.6176488,3
193979578771327,8369740276,4.753342,7.6920276,3.6314075,3
193979581271327,8372240276,4.753641,7.6800632,3.6329029,3
193979583771327,8374740276,4.747958,7.696215,3.6490545,3
193979586271327,8377240276,4.7285166,7.699505,3.6520455,3
193979588771327,8379740276,4.7252264,7.697112,3.6601214,3
193979591271327,8382240276,4.714459,7.683952,3.6756747,3
193979593771327,8384740276,4.7174497,7.6812596,3.6687953,3
193979596271327,8387240276,4.717749,7.6890364,3.6900315,3
193979598771327,8389740276,4.7078786,7.698608,3.6888351,3
193979601271327,8392240276,4.699504,7.6755767,3.6921253,3
193979603771327,8394740276,4.6935215,7.6812596,3.6801612,3
193979606271327,8397240276,4.7024946,7.6833534,3.685246,3
193979608771327,8399740276,4.706981,7.6800632,3.6867416,3
193979611271327,8402240276,4.706981,7.670492,3.6975093,3
193979613771327,8404740276,4.709374,7.669595,3.7097723,3
193979616271327,8407240276,4.709374,7.663613,3.7235312,3
193979618771327,8409740276,4.7165527,7.661818,3.7151563,3
193979621271327,8412240276,4.720441,7.6513495,3.726223,3
193979623771327,8414740276,4.7267222,7.6462646,3.7268212,3
193979626271327,8417240276,4.727021,7.6340017,3.7160535,3
193979628771327,8419740276,4.7165527,7.615756,3.74387,3
193979631271327,8422240276,4.7096734,7.6106715,3.7567315,3
193979633771327,8424740276,4.70399,7.6199436,3.7450666,3
193979636271327,8427240276,4.69412,7.61127,3.7453656,3
193979638771327,8429740276,4.7007003,7.5993056,3.7663028,3
193979641271327,8432240276,4.7021956,7.5954175,3.7716868,3
193979643771327,8434740276,4.686343,7.597212,3.7707894,3
193979646271327,8437240276,4.692026,7.5906315,3.7830527,3
193979648771327,8439740276,4.7042894,7.598707,3.7860436,3
193979651271327,8442240276,4.69412,7.600801,3.798307,3
193979653771327,8444740276,4.6911287,7.609774,3.7848473,3
193979656271327,8447240276,4.7007003,7.6073813,3.784249,3
193979658771327,8449740276,4.706383,7.616953,3.7830527,3
193979661271327,8452240276,4.7075796,7.6145597,3.7896328,3
193979663771327,8454740276,4.7285166,7.6259255,3.7692938,3
193979666271327,8457240276,4.7171507,7.6202426,3.7749767,3
193979668771327,8459740276,4.7339005,7.620841,3.7860436,3
193979671271327,8462240276,4.744369,7.6453676,3.764209,3
193979673771327,8464740276,4.7515473,7.6540413,3.7672002,3
193979676271327,8467240276,4.746762,7.645068,3.775575,3
193979678771327,8469740276,4.7602215,7.6552377,3.7785661,3
193979681271327,8472240276,4.752744,7.646863,3.7648072,3
193979683771327,8474740276,4.758427,7.652546,3.7758741,3
193979686271327,8477240276,4.7674,7.6402826,3.758227,3
193979688771327,8479740276,4.765007,7.6340017,3.7677984,3
193979691271327,8482240276,4.7623153,7.626823,3.7749767,3
193979693771327,8484740276,4.76082,7.603792,3.778865,3
193979696271327,8487240276,4.7488556,7.609475,3.772285,3
193979698771327,8489740276,4.7455654,7.597212,3.7836509,3
193979701271327,8492240276,4.750351,7.602596,3.7821553,3
193979703771327,8494740276,4.7401814,7.580462,3.7686956,3
193979706271327,8497240276,4.7344985,7.581958,3.7791643,3
193979708771327,8499740276,4.730012,7.585248,3.7812579,3
193979711271327,8502240276,4.7285166,7.594819,3.7866418,3
193979713771327,8504740276,4.7096734,7.605886,3.7953157,3
193979716271327,8507240276,4.693821,7.6070824,3.7896328,3
193979718771327,8509740276,4.681258,7.61785,3.777968,3
193979721271327,8512240276,4.6710887,7.636095,3.7651064,3
193979723771327,8514740276,4.668098,7.652845,3.7597225,3
193979726271327,8517240276,4.671687,7.663912,3.7633119,3
193979728771327,8519740276,4.680062,7.6573315,3.7363925,3
193979731271327,8522240276,4.7024946,7.6806617,3.7328033,3
193979733771327,8524740276,4.712963,7.6884384,3.725924,3
193979736271327,8527240276,4.738387,7.693822,3.7151563,3
193979738771327,8529740276,4.7452664,7.701898,3.6681972,3
193979741271327,8532240276,4.7539406,7.7096744,3.652943,3
193979743771327,8534740276,4.7808595,7.7072816,3.6481571,3
193979746271327,8537240276,4.7976093,7.713563,3.62393,3
193979748771327,8539740276,4.786842,7.70788,3.609274,3
193979751271327,8542240276,4.792525,7.7063847,3.6134613,3
193979753771327,8544740276,4.796114,7.717451,3.6143587,3
193979756271327,8547240276,4.805386,7.713264,3.6062827,3
193979758771327,8549740276,4.805685,7.7183485,3.6077783,3
193979761271327,8552240276,4.8116674,7.7165537,3.6197424,3
193979763771327,8554740276,4.810471,7.7090764,3.6149569,3
193979766271327,8557240276,4.816752,7.713563,3.5997026,3
193979768771327,8559740276,4.7970114,7.717152,3.6062827,3
193979771271327,8562240276,4.796712,7.7258263,3.5901313,3
193979773771327,8564740276,4.7784667,7.7327056,3.5817564,3
193979776271327,8567240276,4.7712884,7.7294154,3.5733814,3
193979778771327,8569740276,4.7784667,7.7069826,3.5754752,3
193979781271327,8572240276,4.7805605,7.7201433,3.5853457,3
193979783771327,8574740276,4.7626143,7.7147593,3.5874393,3
193979786271327,8577240276,4.7623153,7.7123666,3.5811582,3
193979788771327,8579740276,4.7623153,7.70788,3.5673995,3
193979791271327,8582240276,4.7482576,7.7093754,3.5527434,3
193979793771327,8584740276,4.7362933,7.722237,3.566502,3
193979796271327,8587240276,4.741378,7.7207413,3.5491543,3
193979798771327,8589740276,4.755735,7.7204423,3.5533416,3
193979801271327,8592240276,4.753641,7.716853,3.5727832,3
193979803771327,8594740276,4.7659044,7.7123666,3.5635111,3
193979806271327,8597240276,4.781159,7.7096744,3.5330026,3
193979808771327,8599740276,4.7880383,7.687242,3.521936,3
193979811271327,8602240276,4.7952166,7.6920276,3.5440695,3
193979813771327,8604740276,4.814957,7.687242,3.5174494,3
193979816271327,8607240276,4.821837,7.676175,3.4995031,3
193979818771327,8609740276,4.8358946,7.682456,3.5004005,3
193979821271327,8612240276,4.837091,7.670193,3.498905,3
193979823771327,8614740276,4.8469615,7.6806617,3.4953158,3
193979826271327,8617240276,4.848457,7.6893353,3.5114672,3
193979828771327,8619740276,4.847859,7.6920276,3.5186458,3
193979831271327,8622240276,4.842176,7.693523,3.5321052,3
193979833771327,8624740276,4.8272204,7.7001033,3.5377884,3
193979836271327,8627240276,4.820341,7.7054873,3.528516,3
193979838771327,8629740276,4.810471,7.7153573,3.5324044,3
193979841271327,8632240276,4.801498,7.7123666,3.5509489,3
193979843771327,8634740276,4.7955155,7.732406,3.5467613,3
193979846271327,8637240276,4.79402,7.72463,3.569194,3
193979848771327,8639740276,4.799703,7.719246,3.5769708,3
193979851271327,8642240276,4.793721,7.719844,3.5877385,3
193979853771327,8644740276,4.786842,7.714161,3.618546,3
193979856271327,8647240276,4.7949176,7.705786,3.6346977,3
193979858771327,8649740276,4.7934217,7.7039914,3.6526437,3
193979861271327,8652240276,4.788337,7.684849,3.6281173,3
193979863771327,8654740276,4.785346,7.685447,3.6251264,3
193979866271327,8657240276,4.7730827,7.684849,3.6233318,3
193979868771327,8659740276,4.7691946,7.681559,3.6209388,3
193979871271327,8662240276,4.7748775,7.6713896,3.6427734,3
193979873771327,8664740276,4.784748,7.6776705,3.6544385,3
193979876271327,8667240276,4.793123,7.673184,3.673282,3
193979878771327,8669740276,4.7991047,7.655537,3.6897326,3
193979881271327,8672240276,4.816154,7.6609206,3.69392,3
193979883771327,8674740276,4.8047876,7.650153,3.712165,3
193979886271327,8677240276,4.8003016,7.6369925,3.7181473,3
193979888771327,8679740276,4.7991047,7.6328053,3.714857,3
193979891271327,8682240276,4.7916274,7.630412,3.7097723,3
193979893771327,8684740276,4.8011985,7.6250286,3.6954155,3
193979896271327,8687240276,4.781458,7.6223364,3.7013974,3
193979898771327,8689740276,4.785346,7.622935,3.6984065,3
193979901271327,8692240276,4.7775693,7.623832,3.7100716,3
193979903771327,8694740276,4.782056,7.6316085,3.7271204,3
193979906271327,8697240276,4.7856455,7.6271224,3.7348971,3
193979908771327,8699740276,4.781159,7.629814,3.7474594,3
193979911271327,8702240276,4.787141,7.624729,3.772285,3
193979913771327,8704740276,4.7955155,7.622636,3.766901,3
193979916271327,8707240276,4.7922254,7.622636,3.7746778,3
193979918771327,8709740276,4.785346,7.6127653,3.7663028,3
193979921271327,8712240276,4.796114,7.602297,3.7591243,3
193979923771327,8714740276,4.813462,7.618747,3.7354953,3
193979926271327,8717240276,4.8068814,7.605886,3.7510486,3
193979928771327,8719740276,4.800002,7.602596,3.7280176,3
193979931271327,8722240276,4.8101716,7.5927253,3.7307096,3
193979933771327,8724740276,4.81077,7.5846496,3.7432718,3
193979936271327,8727240276,4.822136,7.583752,3.7348971,3
193979938771327,8729740276,4.8329034,7.5442705,3.7145581,3
193979941271327,8732240276,4.833801,7.54128,3.7166517,3
193979943771327,8734740276,4.8173504,7.556833,3.6894333,3
193979946271327,8737240276,4.8230333,7.5493555,3.682554,3
193979948771327,8739740276,4.829314,7.5499535,3.6699917,3
193979951271327,8742240276,4.8308096,7.555936,3.6553357,3
193979953771327,8744740276,4.8320065,7.5532436,3.6780674,3
193979956271327,8747240276,4.846662,7.570592,3.6789649,3
193979958771327,8749740276,4.845765,7.5726852,3.679862,3
193979961271327,8752240276,4.8397827,7.5774713,3.694219,3
193979963771327,8754740276,4.808975,7.59123,3.673581,3
193979966271327,8757240276,4.8062835,7.6049886,3.6696925,3
193979968771327,8759740276,4.788636,7.628618,3.6664026,3
193979971271327,8762240276,4.7952166,7.642975,3.6583266,3
193979973771327,8764740276,4.779065,7.656135,3.6687953,3
193979976271327,8767240276,4.7781677,7.673483,3.65384,3
193979978771327,8769740276,4.772485,7.678867,3.6394832,3
193979981271327,8772240276,4.7712884,7.6917286,3.6463625,3
193979983771327,8774740276,4.781159,7.7012997,3.6293137,3
193979986271327,8777240276,4.7823553,7.7186475,3.6191442,3
193979988771327,8779740276,4.7766724,7.718947,3.6140594,3
193979991271327,8782240276,4.7895336,7.7350984,3.6203406,3
193979993771327,8784740276,4.807181,7.7333035,3.5829527,3
193979996271327,8787240276,4.8155556,7.7333035,3.5850465,3
193979998771327,8789740276,4.822136,7.7291164,3.565605,3
193980001271327,8792240276,4.821837,7.7312098,3.5620155,3
193980003771327,8794740276,4.8233323,7.7386875,3.5536408,3
193980006271327,8797240276,4.8290153,7.739884,3.551547,3
193980008771327,8799740276,4.8305106,7.7362947,3.5506496,3
193980011271327,8802240276,4.840082,7.735996,3.5443685,3
193980013771327,8804740276,4.8475595,7.7294154,3.545565,3
193980016271327,8807240276,4.857131,7.7312098,3.545266,3
193980018771327,8809740276,4.854738,7.7312098,3.5407794,3
193980021271327,8812240276,4.8442693,7.7240314,3.5440695,3
193980023771327,8814740276,4.846662,7.7276206,3.5464623,3
193980026271327,8817240276,4.82752,7.719545,3.5392838,3
193980028771327,8819740276,4.8251266,7.7054873,3.5344982,3
193980031271327,8822240276,4.8158545,7.7004023,3.5509489,3
193980033771327,8824740276,4.807181,7.701898,3.5635111,3
193980036271327,8827240276,4.79073,7.709974,3.5679977,3
193980038771327,8829740276,4.8047876,7.71117,3.577868,3
193980041271327,8832240276,4.8059845,7.68784,3.6170506,3
193980043771327,8834740276,4.805087,7.707581,3.6110685,3
193980046271327,8837240276,4.7862434,7.7126656,3.6236308,3
193980048771327,8839740276,4.79073,7.7147593,3.6314075,3
193980051271327,8842240276,4.7862434,7.7129645,3.6340995,3
193980053771327,8844740276,4.7880383,7.71117,3.6352959,3
193980056271327,8847240276,4.785346,7.7066836,3.5976088,3
193980058771327,8849740276,4.7775693,7.7156568,3.6077783,3
193980061271327,8852240276,4.7802615,7.733902,3.6068811,3
193980063771327,8854740276,4.772485,7.732406,3.5994034,3
193980066271327,8857240276,4.7635117,7.730612,3.5961134,3
193980068771327,8859740276,4.756034,7.726723,3.568596,3
193980071271327,8862240276,4.7596235,7.730313,3.580261,3
193980073771327,8864740276,4.764409,7.7365937,3.5853457,3
193980076271327,8867240276,4.752146,7.7183485,3.5874393,3
193980078771327,8869740276,4.7572303,7.726424,3.589533,3
193980081271327,8872240276,4.7602215,7.72463,3.5967116,3
193980083771327,8874740276,4.7566323,7.72463,3.6104703,3
193980086271327,8877240276,4.7569313,7.7123666,3.6248271,3
193980088771327,8879740276,4.753043,7.7129645,3.609872,3
193980091271327,8882240276,4.7575297,7.6980095,3.6218362,3
193980093771327,8884740276,4.755436,7.691429,3.6116667,3
193980096271327,8887240276,4.747958,7.6941214,3.6003008,3
193980098771327,8889740276,4.747958,7.679166,3.5904303,3
193980101271327,8892240276,4.734798,7.6713896,3.5853457,3
193980103771327,8894740276,4.7309093,7.684849,3.5994034,3
193980106271327,8897240276,4.725526,7.672586,3.5976088,3
193980108771327,8899740276,4.70728,7.6755767,3.5931222,3
193980111271327,8902240276,4.7075796,7.6863446,3.6131623,3
193980113771327,8904740276,4.7081776,7.682157,3.632604,3
193980116271327,8907240276,4.6971107,7.6947193,3.6436708,3
193980118771327,8909740276,4.706084,7.6884384,3.6493537,3
193980121271327,8912240276,4.70399,7.690831,3.647559,3
193980123771327,8914740276,4.700102,7.7012997,3.6526437,3
193980126271327,8917240276,4.712963,7.692925,3.649952,3
193980128771327,8919740276,4.7189455,7.6869426,3.650251,3
193980131271327,8922240276,4.7156553,7.681858,3.653541,3
193980133771327,8924740276,4.720142,7.690532,3.6601214,3
193980136271327,8927240276,4.733302,7.7039914,3.6616168,3
193980138771327,8929740276,4.7231326,7.704291,3.6681972,3
193980141271327,8932240276,4.733302,7.6950183,3.6834514,3
193980143771327,8934740276,4.741079,7.6983085,3.6951163,3
193980146271327,8937240276,4.7485566,7.687242,3.6951163,3
193980148771327,8939740276,4.738387,7.6806617,3.7079778,3
193980151271327,8942240276,4.7509494,7.682456,3.7274194,3
193980153771327,8944740276,4.744668,7.6884384,3.7172499,3
193980156271327,8947240276,4.738985,7.6713896,3.7190447,3
193980158771327,8949740276,4.7455654,7.662117,3.7013974,3
193980161271327,8952240276,4.7419763,7.6537423,3.699902,3
193980163771327,8954740276,4.7336016,7.6513495,3.6849468,3
193980166271327,8957240276,4.7425747,7.6495547,3.6804602,3
193980168771327,8959740276,4.7596235,7.644171,3.699902,3
193980171271327,8962240276,4.764708,7.6307116,3.7118661,3
193980173771327,8964740276,4.768297,7.6340017,3.7097723,3
193980176271327,8967240276,4.773681,7.6280193,3.7046876,3
193980178771327,8969740276,4.7808595,7.6199436,3.7208393,3
193980181271327,8972240276,4.772485,7.6271224,3.7384863,3
193980183771327,8974740276,4.7581277,7.6277204,3.7384863,3
193980186271327,8977240276,4.7398825,7.6292157,3.746562,3
193980188771327,8979740276,4.7339005,7.6202426,3.7384863,3
193980191271327,8982240276,4.7303114,7.6277204,3.7357943,3
193980193771327,8984740276,4.7213383,7.635497,3.7136607,3
193980196271327,8987240276,4.7114677,7.6274214,3.711567,3
193980198771327,8989740276,4.7171507,7.643274,3.7354953,3
193980201271327,8992240276,4.723731,7.658528,3.7214375,3
193980203771327,8994740276,4.712963,7.6549387,3.723232,3
193980206271327,8997240276,4.703392,7.6609206,3.7235312,3
193980208771327,8999740276,4.6962137,7.6666036,3.7313077,3
193980211271327,9002240276,4.6899323,7.672885,3.7184465,3
193980213771327,9004740276,4.6908298,7.683952,3.7007992,3
193980216271327,9007240276,4.703691,7.689635,3.7040894,3
193980218771327,9009740276,4.6992044,7.6953177,3.694518,3
193980221271327,9012240276,4.718347,7.7063847,3.6819558,3
193980223771327,9014740276,4.7285166,7.7072816,3.6652062,3
193980226271327,9017240276,4.759324,7.7180495,3.67388,3
193980228771327,9019740276,4.772485,7.718947,3.667599,3
193980231271327,9022240276,4.77398,7.709974,3.6457644,3
193980233771327,9024740276,4.793123,7.713563,3.6233318,3
193980236271327,9027240276,4.7832522,7.7120676,3.597908,3
193980238771327,9029740276,4.781159,7.7033935,3.5907295,3
193980241271327,9032240276,4.7823553,7.692925,3.5856447,3
193980243771327,9034740276,4.779065,7.692925,3.577868,3
193980246271327,9037240276,4.7781677,7.6920276,3.5871403,3
193980248771327,9039740276,4.7766724,7.696514,3.5853457,3
193980251271327,9042240276,4.7808595,7.6926255,3.6074793,3
193980253771327,9044740276,4.7769713,7.6977105,3.6143587,3
193980256271327,9047240276,4.7778687,7.696813,3.6080775,3
193980258771327,9049740276,4.7775693,7.693822,3.60389,3
193980261271327,9052240276,4.7638106,7.6698937,3.595216,3
193980263771327,9054740276,4.755137,7.6716886,3.6083765,3
193980266271327,9057240276,4.7715874,7.6800632,3.5730824,3
193980268771327,9059740276,4.7581277,7.681858,3.5847473,3
193980271271327,9062240276,4.753043,7.682157,3.5826538,3
193980273771327,9064740276,4.761717,7.6920276,3.5814574,3
193980276271327,9067240276,4.7509494,7.684849,3.5937204,3
193980278771327,9069740276,4.750351,7.693224,3.5961134,3
193980281271327,9072240276,4.7458644,7.705786,3.592524,3
193980283771327,9074740276,4.7434716,7.708478,3.5943186,3
193980286271327,9077240276,4.7512484,7.7333035,3.5871403,3
193980288771327,9079740276,4.755735,7.7333035,3.577868,3
193980291271327,9082240276,4.7623153,7.726424,3.5766716,3
193980293771327,9084740276,4.765007,7.7183485,3.56381,3
193980296271327,9087240276,4.7805605,7.714161,3.5506496,3
193980298771327,9089740276,4.788337,7.72792,3.565904,3
193980301271327,9092240276,4.79402,7.7261252,3.5410783,3
193980303771327,9094740276,4.7895336,7.7183485,3.528217,3
193980306271327,9097240276,4.7955155,7.7243304,3.548556,3
193980308771327,9099740276,4.7976093,7.728518,3.566203,3
193980311271327,9102240276,4.792824,7.739585,3.5539398,3
193980313771327,9104740276,4.781757,7.7312098,3.560221,3
193980316271327,9107240276,4.7718863,7.7273216,3.5793636,3
193980318771327,9109740276,4.77398,7.7443705,3.5907295,3
193980321271327,9112240276,4.766503,7.739884,3.5853457,3
193980323771327,9114740276,4.7470613,7.7536426,3.6047873,3
193980326271327,9117240276,4.7455654,7.745866,3.6230326,3
193980328771327,9119740276,4.731209,7.752147,3.6260235,3
193980331271327,9122240276,4.738088,7.770991,3.6400814,3
193980333771327,9124740276,4.7222357,7.765607,3.6469607,3
193980336271327,9127240276,4.7252264,7.7608213,3.6403806,3
193980338771327,9129740276,4.734798,7.7671022,3.6523447,3
193980341271327,9132240276,4.746164,7.764111,3.6308093,3
193980343771327,9134740276,4.7509494,7.760522,3.630211,3
193980346271327,9137240276,4.7745786,7.7614193,3.6263227,3
193980348771327,9139740276,4.8065825,7.7536426,3.6083765,3
193980351271327,9142240276,4.82064,7.7464643,3.6041892,3
193980353771327,9144740276,4.8263235,7.7437725,3.6056845,3
193980356271327,9147240276,4.8397827,7.735996,3.5997026,3
193980358771327,9149740276,4.833502,7.7219377,3.583551,3
193980361271327,9152240276,4.8272204,7.7165537,3.5673995,3
193980363771327,9154740276,4.821837,7.7183485,3.5443685,3
193980366271327,9157240276,4.840979,7.706085,3.545864,3
193980368771327,9159740276,4.8305106,7.685447,3.551547,3
193980371271327,9162240276,4.833801,7.669595,3.5512478,3
193980373771327,9164740276,4.8308096,7.665108,3.5757744,3
193980376271327,9167240276,4.8158545,7.661519,3.6005998,3
193980378771327,9169740276,4.7922254,7.6609206,3.6062827,3
193980381271327,9172240276,4.785047,7.647461,3.609872,3
193980383771327,9174740276,4.776373,7.6540413,3.6221352,3
193980386271327,9177240276,4.7715874,7.6495547,3.6266217,3
193980388771327,9179740276,4.7539406,7.6513495,3.6451662,3
193980391271327,9182240276,4.7470613,7.6456666,3.667599,3
193980393771327,9184740276,4.7620163,7.636095,3.6897326,3
193980396271327,9187240276,4.7548375,7.6250286,3.6951163,3
193980398771327,9189740276,4.7715874,7.622636,3.6813576,3
193980401271327,9192240276,4.77069,7.6196446,3.6870406,3
193980403771327,9194740276,4.773681,7.6142607,3.6696925,3
193980406271327,9197240276,4.7802615,7.6199436,3.6580276,3
193980408771327,9199740276,4.775476,7.611569,3.641577,3
193980411271327,9202240276,4.7895336,7.615158,3.644568,3
193980413771327,9204740276,4.8086762,7.6160555,3.6275191,3
193980416271327,9207240276,4.8230333,7.6202426,3.62393,3
193980418771327,9209740276,4.831408,7.615756,3.6263227,3
193980421271327,9212240276,4.83739,7.6082788,3.6083765,3
193980423771327,9214740276,4.8379884,7.6166534,3.6134613,3
193980426271327,9217240276,4.8364925,7.6184483,3.6062827,3
193980428771327,9219740276,4.8382874,7.6274214,3.618546,3
193980431271327,9222240276,4.8233323,7.618747,3.6053855,3
193980433771327,9224740276,4.8101716,7.636095,3.589832,3
193980436271327,9227240276,4.788337,7.6405816,3.592225,3
193980438771327,9229740276,4.7829533,7.6492558,3.589832,3
193980441271327,9232240276,4.781159,7.6633134,3.6083765,3
193980443771327,9234740276,4.772186,7.663613,3.6047873,3
193980446271327,9237240276,4.755436,7.6794653,3.6260235,3
193980448771327,9239740276,4.7620163,7.673483,3.6281173,3
193980451271327,9242240276,4.764708,7.6800632,3.6254253,3
193980453771327,9244740276,4.7506504,7.699206,3.6143587,3
193980456271327,9247240276,4.755735,7.717451,3.6122649,3
193980458771327,9249740276,4.7398825,7.7291164,3.5973098,3
193980461271327,9252240276,4.7213383,7.740183,3.6041892,3
193980463771327,9254740276,4.720142,7.7443705,3.609274,3
193980466271327,9257240276,4.7285166,7.747062,3.6053855,3
193980468771327,9259740276,4.726423,7.7611203,3.6023946,3
193980471271327,9262240276,4.7189455,7.7677007,3.6152558,3
193980473771327,9264740276,4.7225347,7.772486,3.6029928,3
193980476271327,9267240276,4.7506504,7.77787,3.612863,3
193980478771327,9269740276,4.7425747,7.7754774,3.6113675,3
193980481271327,9272240276,4.7362933,7.772785,3.6113675,3
193980483771327,9274740276,4.7285166,7.778169,3.600899,3
193980486271327,9277240276,4.7434716,7.776973,3.591627,3
193980488771327,9279740276,4.7482576,7.7757764,3.5988052,3
193980491271327,9282240276,4.749753,7.7593255,3.6014972,3
193980493771327,9284740276,4.7285166,7.75454,3.5991044,3
193980496271327,9287240276,4.729414,7.7620177,3.5847473,3
193980498771327,9289740276,4.7303114,7.7482586,3.60389,3
193980501271327,9292240276,4.720441,7.7410803,3.6209388,3
193980503771327,9294740276,4.7285166,7.7347994,3.6260235,3
193980506271327,9297240276,4.7318068,7.730313,3.6379876,3
193980508771327,9299740276,4.721936,7.719246,3.6690943,3
193980511271327,9302240276,4.733302,7.70459,3.6690943,3
193980513771327,9304740276,4.733302,7.704291,3.6670008,3
193980516271327,9307240276,4.7303114,7.6869426,3.6544385,3
193980518771327,9309740276,4.718048,7.675876,3.6463625,3
193980521271327,9312240276,4.721936,7.6722865,3.6451662,3
193980523771327,9314740276,4.7198424,7.6749787,3.6514473,3
193980526271327,9317240276,4.7213383,7.665407,3.6523447,3
193980528771327,9319740276,4.7222357,7.64118,3.6762729,3
193980531271327,9322240276,4.730012,7.6459656,3.6568313,3
193980533771327,9324740276,4.740481,7.642975,3.6583266,3
193980536271327,9327240276,4.738387,7.645068,3.6708891,3
193980538771327,9329740276,4.7545385,7.6594253,3.6640096,3
193980541271327,9332240276,4.752744,7.6567335,3.6661034,3
193980543771327,9334740276,4.752744,7.6603227,3.647559,3
193980546271327,9337240276,4.755436,7.655537,3.6448672,3
193980548771327,9339740276,4.7581277,7.6591263,3.6343985,3
193980551271327,9342240276,4.7515473,7.6603227,3.6254253,3
193980553771327,9344740276,4.753641,7.6752777,3.62393,3
193980556271327,9347240276,4.753043,7.6740813,3.6281173,3
193980558771327,9349740276,4.740481,7.689934,3.6209388,3
193980561271327,9352240276,4.7491546,7.6956167,3.6263227,3
193980563771327,9354740276,4.746762,7.691429,3.6352959,3
193980566271327,9357240276,4.7431726,7.6956167,3.630211,3
193980568771327,9359740276,4.731209,7.7120676,3.6412778,3
193980571271327,9362240276,4.7359943,7.722835,3.6335013,3
193980573771327,9364740276,4.7336016,7.7186475,3.641876,3
193980576271327,9367240276,4.74078,7.7270226,3.649952,3
193980578771327,9369740276,4.7428737,7.739884,3.6478581,3
193980581271327,9372240276,4.7419763,7.7350984,3.6448672,3
193980583771327,9374740276,4.753641,7.725228,3.6484563,3
193980586271327,9377240276,4.756034,7.7300134,3.6382868,3
193980588771327,9379740276,4.7566323,7.7368927,3.641876,3
193980591271327,9382240276,4.764708,7.72792,3.644269,3
193980593771327,9384740276,4.7895336,7.7165537,3.6113675,3
193980596271327,9387240276,4.7826543,7.7033935,3.6089747,3
193980598771327,9389740276,4.786842,7.706085,3.6053855,3
193980601271327,9392240276,4.7808595,7.7039914,3.6005998,3
193980603771327,9394740276,4.7778687,7.702496,3.589533,3
193980606271327,9397240276,4.7832522,7.699505,3.5874393,3
193980608771327,9399740276,4.761119,7.6956167,3.5967116,3
193980611271327,9402240276,4.770391,7.70459,3.5910287,3
193980613771327,9404740276,4.758726,7.7004023,3.5931222,3
193980616271327,9407240276,4.7599225,7.708478,3.5991044,3
193980618771327,9409740276,4.7569313,7.708478,3.6053855,3
193980621271327,9412240276,4.7506504,7.7210402,3.621537,3
193980623771327,9414740276,4.7449675,7.7159557,3.6044881,3
193980626271327,9417240276,4.738985,7.7156568,3.6140594,3
193980628771327,9419740276,4.738985,7.713563,3.60718,3
193980631271327,9422240276,4.7341995,7.7126656,3.6113675,3
193980633771327,9424740276,4.7395835,7.696215,3.6029928,3
193980636271327,9427240276,4.738686,7.700701,3.5937204,3
193980638771327,9429740276,4.7515473,7.7243304,3.6056845,3
193980641271327,9432240276,4.752146,7.7093754,3.612863,3
193980643771327,9434740276,4.7715874,7.7093754,3.626921,3
193980646271327,9437240276,4.781159,7.6959157,3.6218362,3
193980648771327,9439740276,4.8035913,7.693224,3.600899,3
193980651271327,9442240276,4.8287163,7.6956167,3.6047873,3
193980653771327,9444740276,4.8652067,7.7010007,3.6005998,3
193980656271327,9447240276,4.8936214,7.706085,3.6227336,3
193980658771327,9449740276,4.889135,7.6851482,3.5892339,3
193980661271327,9452240276,4.88734,7.6609206,3.6023946,3
193980663771327,9454740276,4.872385,7.6678,3.6161532,3
193980666271327,9457240276,4.848158,7.6893353,3.609274,3
193980668771327,9459740276,4.8062835,7.6830544,3.6194434,3
193980671271327,9462240276,4.784449,7.68455,3.6053855,3
193980673771327,9464740276,4.7662034,7.678568,3.6086757,3
193980676271327,9467240276,4.766802,7.6830544,3.6281173,3
193980678771327,9469740276,4.7772703,7.6797643,3.6466618,3
193980681271327,9472240276,4.7674,7.6743803,3.6643088,3
193980683771327,9474740276,4.7455654,7.661519,3.6550367,3
193980686271327,9477240276,4.738088,7.658528,3.650251,3
193980688771327,9479740276,4.7428737,7.641479,3.6801612,3
193980691271327,9482240276,4.7419763,7.6292157,3.6577284,3
193980693771327,9484740276,4.735695,7.6369925,3.675974,3
193980696271327,9487240276,4.729713,7.6337023,3.6714873,3
193980698771327,9489740276,4.730012,7.6345997,3.6601214,3
193980701271327,9492240276,4.732704,7.646564,3.6610186,3
193980703771327,9494740276,4.7198424,7.64447,3.6457644,3
193980706271327,9497240276,4.7210393,7.652546,3.652943,3
193980708771327,9499740276,4.741079,7.64447,3.6646078,3
193980711271327,9502240276,4.746762,7.650452,3.6580276,3
193980713771327,9504740276,4.7509494,7.650452,3.6352959,3
193980716271327,9507240276,4.755137,7.6462646,3.6403806,3
193980718771327,9509740276,4.761418,7.6546397,3.6236308,3
193980721271327,9512240276,4.7623153,7.658229,3.6047873,3
193980723771327,9514740276,4.770092,7.6492558,3.6203406,3
193980726271327,9517240276,4.7748775,7.665108,3.6137605,3
193980728771327,9519740276,4.768297,7.676474,3.6245282,3
193980731271327,9522240276,4.76411,7.6833534,3.6209388,3
193980733771327,9524740276,4.761119,7.684849,3.6248271,3
193980736271327,9527240276,4.7778687,7.6917286,3.6370904,3
193980738771327,9529740276,4.7835517,7.705188,3.6586258,3
193980741271327,9532240276,4.7841496,7.7123666,3.6340995,3
193980743771327,9534740276,4.7859445,7.700701,3.6397824,3
193980746271327,9537240276,4.7898326,7.7033935,3.6493537,3
193980748771327,9539740276,4.796413,7.709974,3.6511483,3
193980751271327,9542240276,4.781159,7.719545,3.6517465,3
193980753771327,9544740276,4.781458,7.697112,3.6424742,3
193980756271327,9547240276,4.790431,7.7063847,3.64726,3
193980758771327,9549740276,4.7778687,7.6944203,3.638586,3
193980761271327,9552240276,4.7659044,7.7004023,3.6233318,3
193980763771327,9554740276,4.741079,7.704889,3.6320057,3
193980766271327,9557240276,4.731508,7.706085,3.629613,3
193980768771327,9559740276,4.721936,7.7087774,3.632604,3
193980771271327,9562240276,4.7156553,7.7120676,3.6391842,3
193980773771327,9564740276,4.7075796,7.718947,3.638586,3
193980776271327,9567240276,4.709075,7.7180495,3.6684961,3
193980778771327,9569740276,4.71087,7.7162547,3.676871,3
193980781271327,9572240276,4.714758,7.728817,3.6553357,3
193980783771327,9574740276,4.714758,7.7347994,3.6681972,3
193980786271327,9577240276,4.723731,7.730612,3.6729827,3
193980788771327,9579740276,4.731209,7.7389865,3.6553357,3
193980791271327,9582240276,4.743771,7.7297144,3.6640096,3
193980793771327,9584740276,4.7416773,7.7219377,3.6667016,3
193980796271327,9587240276,4.74736,7.7180495,3.652943,3
193980798771327,9589740276,4.7485566,7.7213397,3.6457644,3
193980801271327,9592240276,4.759025,7.6983085,3.635894,3
193980803771327,9594740276,4.78744,7.7069826,3.6490545,3
193980806271327,9597240276,4.7805605,7.710572,3.6466618,3
193980808771327,9599740276,4.7826543,7.701898,3.661916,3
193980811271327,9602240276,4.793721,7.6947193,3.652943,3
193980813771327,9604740276,4.8011985,7.693523,3.6559339,3
193980816271327,9607240276,4.790132,7.689934,3.6493537,3
193980818771327,9609740276,4.7826543,7.6917286,3.6188452,3
193980821271327,9612240276,4.7572303,7.679166,3.6278183,3
193980823771327,9614740276,4.753043,7.661818,3.618546,3
193980826271327,9617240276,4.746463,7.656434,3.6152558,3
193980828771327,9619740276,4.747659,7.652247,3.6188452,3
193980831271327,9622240276,4.77069,7.6591263,3.6370904,3
193980833771327,9624740276,4.765007,7.656434,3.6355948,3
193980836271327,9627240276,4.772485,7.652247,3.6436708,3
193980838771327,9629740276,4.7841496,7.637591,3.65384,3
193980841271327,9632240276,4.7841496,7.6363945,3.6589248,3
193980843771327,9634740276,4.7769713,7.6310105,3.6457644,3
193980846271327,9637240276,4.7691946,7.6280193,3.6349967,3
193980848771327,9639740276,4.7832522,7.6193457,3.62722,3
193980851271327,9642240276,4.7745786,7.6202426,3.6376886,3
193980853771327,9644740276,4.7913284,7.6166534,3.6320057,3
193980856271327,9647240276,4.784449,7.609176,3.63051,3
193980858771327,9649740276,4.787141,7.6082788,3.6329029,3
193980861271327,9652240276,4.796114,7.6139617,3.6320057,3
193980863771327,9654740276,4.8059845,7.615457,3.6311083,3
193980866271327,9657240276,4.80748,7.615457,3.63051,3
193980868771327,9659740276,4.810471,7.614859,3.6454654,3
193980871271327,9662240276,4.8158545,7.632506,3.6254253,3
193980873771327,9664740276,4.820341,7.637591,3.6113675,3
193980876271327,9667240276,4.8272204,7.6456666,3.6221352,3
193980878771327,9669740276,4.8364925,7.652247,3.6340995,3
193980881271327,9672240276,4.8385863,7.659724,3.6373894,3
193980883771327,9674740276,4.8454657,7.66122,3.6373894,3
193980886271327,9677240276,4.8358946,7.667202,3.6263227,3
193980888771327,9679740276,4.8233323,7.6633134,3.6227336,3
193980891271327,9682240276,4.814658,7.6680994,3.6176488,3
193980893771327,9684740276,4.8011985,7.6869426,3.5901313,3
193980896271327,9687240276,4.7766724,7.6944203,3.609573,3
193980898771327,9689740276,4.7829533,7.6923265,3.618546,3
193980901271327,9692240276,4.7674,7.689635,3.6260235,3
193980903771327,9694740276,4.766503,7.7069826,3.621537,3
193980906271327,9697240276,4.7524447,7.7015986,3.6577284,3
193980908771327,9699740276,4.7524447,7.705786,3.659224,3
193980911271327,9702240276,4.7506504,7.7054873,3.667898,3
193980913771327,9704740276,4.7416773,7.7039914,3.671188,3
193980916271327,9707240276,4.74078,7.699206,3.67059,3
193980918771327,9709740276,4.7458644,7.6956167,3.6568313,3
193980921271327,9712240276,4.7362933,7.6923265,3.6511483,3
193980923771327,9714740276,4.7392845,7.6956167,3.64726,3
193980926271327,9717240276,4.7515473,7.689934,3.6421752,3
193980928771327,9719740276,4.753043,7.693224,3.6544385,3
193980931271327,9722240276,4.7524447,7.7012997,3.649952,3
193980933771327,9724740276,4.7623153,7.6920276,3.6391842,3
193980936271327,9727240276,4.765007,7.6920276,3.6544385,3
193980938771327,9729740276,4.761717,7.6941214,3.6637106,3
193980941271327,9732240276,4.7548375,7.7010007,3.6664026,3
193980943771327,9734740276,4.770391,7.700701,3.6559339,3
193980946271327,9737240276,4.7638106,7.697112,3.6520455,3
193980948771327,9739740276,4.7545385,7.6893353,3.6514473,3
193980951271327,9742240276,4.7488556,7.6809607,3.6376886,3
193980953771327,9744740276,4.759025,7.681559,3.6391842,3
193980956271327,9747240276,4.7727838,7.6776705,3.638885,3
193980958771327,9749740276,4.7802615,7.681858,3.621238,3
193980961271327,9752240276,4.779065,7.667202,3.6290147,3
193980963771327,9754740276,4.7970114,7.66122,3.6397824,3
193980966271327,9757240276,4.793721,7.659724,3.6355948,3
193980968771327,9759740276,4.7979083,7.666903,3.6382868,3
193980971271327,9762240276,4.786842,7.667501,3.6379876,3
193980973771327,9764740276,4.7769713,7.6591263,3.6379876,3
193980976271327,9767240276,4.7829533,7.6594253,3.6541393,3
193980978771327,9769740276,4.764409,7.6698937,3.6403806,3
193980981271327,9772240276,4.7638106,7.6680994,3.6329029,3
193980983771327,9774740276,4.746762,7.669296,3.6317065,3
193980986271327,9777240276,4.740481,7.692925,3.6236308,3
193980988771327,9779740276,4.735695,7.682456,3.6364923,3
193980991271327,9782240276,4.7279186,7.678568,3.644568,3
193980993771327,9784740276,4.735396,7.678269,3.6574295,3
193980996271327,9787240276,4.7336016,7.696215,3.6568313,3
193980998771327,9789740276,4.7249274,7.6944203,3.6329029,3
193981001271327,9792240276,4.7377887,7.710572,3.6355948,3
193981003771327,9794740276,4.7572303,7.7108707,3.6466618,3
193981006271327,9797240276,4.76411,7.708179,3.6505501,3
193981008771327,9799740276,4.772485,7.6920276,3.6355948,3
193981011271327,9802240276,4.786842,7.6959157,3.6517465,3
193981013771327,9804740276,4.80748,7.6944203,3.6134613,3
193981016271327,9807240276,4.8044887,7.689635,3.60389,3
193981018771327,9809740276,4.80748,7.681559,3.5964124,3
193981021271327,9812240276,4.813462,7.6944203,3.586243,3
193981023771327,9814740276,4.814658,7.6794653,3.5760734,3
193981026271327,9817240276,4.813163,7.6836524,3.5880375,3
193981028771327,9819740276,4.8029933,7.668997,3.592225,3
193981031271327,9822240276,4.7970114,7.6743803,3.615555,3
193981033771327,9824740276,4.7895336,7.6683984,3.6260235,3
193981036271327,9827240276,4.7859445,7.6743803,3.6311083,3
193981038771327,9829740276,4.7802615,7.6743803,3.6571302,3
193981041271327,9832240276,4.7745786,7.6770725,3.6505501,3
193981043771327,9834740276,4.7718863,7.6776705,3.6260235,3
193981046271327,9837240276,4.7599225,7.670492,3.6355948,3
193981048771327,9839740276,4.7718863,7.6645103,3.6403806,3
193981051271327,9842240276,4.779364,7.6627154,3.6191442,3
193981053771327,9844740276,4.7799625,7.6645103,3.610171,3
193981056271327,9847240276,4.7976093,7.6477604,3.6230326,3
193981058771327,9849740276,4.7970114,7.641778,3.598207,3
193981061271327,9852240276,4.7979083,7.648658,3.5943186,3
193981063771327,9854740276,4.79073,7.643274,3.5742788,3
193981066271327,9857240276,4.7862434,7.6492558,3.5838501,3
193981068771327,9859740276,4.7748775,7.6462646,3.5883367,3
193981071271327,9862240276,4.773681,7.666903,3.6050863,3
193981073771327,9864740276,4.7662034,7.6800632,3.6266217,3
193981076271327,9867240276,4.7685966,7.699505,3.6580276,3
193981078771327,9869740276,4.77398,7.713862,3.6786656,3
193981081271327,9872240276,4.7715874,7.719246,3.6873398,3
193981083771327,9874740276,4.766503,7.7270226,3.6897326,3
193981086271327,9877240276,4.758427,7.7159557,3.6843486,3
193981088771327,9879740276,4.7485566,7.728518,3.6634114,3
193981091271327,9882240276,4.7524447,7.7312098,3.6514473,3
193981093771327,9884740276,4.720142,7.7327056,3.64726,3
193981096271327,9887240276,4.7452664,7.719545,3.6451662,3
193981098771327,9889740276,4.72403,7.731808,3.62393,3
193981101271327,9892240276,4.7210393,7.7413793,3.6107693,3
193981103771327,9894740276,4.7318068,7.739884,3.6314075,3
193981106271327,9897240276,4.729115,7.739884,3.6284165,3
193981108771327,9899740276,4.726423,7.7419777,3.636193,3
193981111271327,9902240276,4.726423,7.728817,3.6379876,3
193981113771327,9904740276,4.7341995,7.7461653,3.6454654,3
193981116271327,9907240276,4.738985,7.7407813,3.65384,3
193981118771327,9909740276,4.746463,7.730313,3.6556349,3
193981121271327,9912240276,4.758726,7.7153573,3.6448672,3
193981123771327,9914740276,4.7482576,7.71117,3.6469607,3
193981126271327,9917240276,4.747659,7.7183485,3.6173496,3
193981128771327,9919740276,4.749454,7.687541,3.6053855,3
193981131271327,9922240276,4.76082,7.690532,3.6131623,3
193981133771327,9924740276,4.7572303,7.6890364,3.609274,3
193981136271327,9927240276,4.755735,7.6794653,3.595515,3
193981138771327,9929740276,4.7602215,7.6719875,3.6068811,3
193981141271327,9932240276,4.74078,7.6663046,3.6245282,3
193981143771327,9934740276,4.7434716,7.6752777,3.6233318,3
193981146271327,9937240276,4.755436,7.6680994,3.62393,3
193981148771327,9939740276,4.7458644,7.662117,3.621238,3
193981151271327,9942240276,4.753641,7.670492,3.6451662,3
193981153771327,9944740276,4.775476,7.6713896,3.6496527,3
193981156271327,9947240276,4.7635117,7.6609206,3.638885,3
193981158771327,9949740276,4.76411,7.670193,3.6352959,3
193981161271327,9952240276,4.779364,7.676773,3.638586,3
193981163771327,9954740276,4.76411,7.670492,3.632604,3
193981166271327,9957240276,4.752146,7.6716886,3.632604,3
193981168771327,9959740276,4.7425747,7.667501,3.6370904,3
193981171271327,9962240276,4.726423,7.6686974,3.650251,3
193981173771327,9964740276,4.727619,7.685447,3.6454654,3
193981176271327,9967240276,4.7216372,7.6920276,3.6406796,3
193981178771327,9969740276,4.727021,7.6863446,3.65384,3
193981181271327,9972240276,4.7222357,7.6917286,3.65384,3
193981183771327,9974740276,4.7213383,7.7063847,3.6496527,3
193981186271327,9977240276,4.723731,7.702496,3.6487553,3
193981188771327,9979740276,4.72403,7.7054873,3.6421752,3
193981191271327,9982240276,4.726124,7.701898,3.6400814,3
193981193771327,9984740276,4.7341995,7.7120676,3.6340995,3
193981196271327,9987240276,4.7282176,7.702496,3.6278183,3
193981198771327,9989740276,4.7434716,7.7072816,3.6206398,3
193981201271327,9992240276,4.7419763,7.7126656,3.6000016,3
193981203771327,9994740276,4.7309093,7.718947,3.5880375,3
193981206271327,9997240276,4.732704,7.7186475,3.5808592,3
193981208771327,9999740276,4.7282176,7.713862,3.6086757,3
193981211271327,10002240276,4.7252264,7.7180495,3.5988052,3
193981213771327,10004740276,4.735097,7.7240314,3.6003008,3
193981216271327,10007240276,4.7392845,7.734201,3.5994034,3
193981218771327,10009740276,4.7419763,7.728219,3.6080775,3
193981221271327,10012240276,4.7491546,7.722237,3.6221352,3
193981223771327,10014740276,4.747659,7.730313,3.597908,3
193981226271327,10017240276,4.7321057,7.7183485,3.6137605,3
193981228771327,10019740276,4.738387,7.7258263,3.60389,3
193981231271327,10022240276,4.726124,7.7446694,3.5787654,3
193981233771327,10024740276,4.7081776,7.7350984,3.577569,3
193981236271327,10027240276,4.712664,7.7333035,3.5844483,3
193981238771327,10029740276,4.7078786,7.7500534,3.6003008,3
193981241271327,10032240276,4.700102,7.7422767,3.597908,3
193981243771327,10034740276,4.705486,7.742875,3.6137605,3
193981246271327,10037240276,4.699803,7.750951,3.6197424,3
193981248771327,10039740276,4.69741,7.752147,3.6293137,3
193981251271327,10042240276,4.688736,7.763812,3.6218362,3
193981253771327,10044740276,4.6971107,7.760522,3.6107693,3
193981256271327,10047240276,4.690531,7.763812,3.629912,3
193981258771327,10049740276,4.6962137,7.751848,3.6116667,3
193981261271327,10052240276,4.703093,7.7566338,3.621238,3
193981263771327,10054740276,4.709075,7.765607,3.6370904,3
193981266271327,10057240276,4.7282176,7.765607,3.621537,3
193981268771327,10059740276,4.74736,7.7617183,3.6314075,3
193981271271327,10062240276,4.7524447,7.7614193,3.6376886,3
193981273771327,10064740276,4.753641,7.7569327,3.609274,3
193981276271327,10067240276,4.77398,7.754839,3.6122649,3
193981278771327,10069740276,4.7626143,7.7443705,3.5910287,3
193981281271327,10072240276,4.776373,7.7494555,3.5754752,3
193981283771327,10074740276,4.7730827,7.7327056,3.5754752,3
193981286271327,10077240276,4.781458,7.714161,3.5856447,3
193981288771327,10079740276,4.7976093,7.713563,3.58056,3
193981291271327,10082240276,4.781159,7.7004023,3.562913,3
193981293771327,10084740276,4.7823553,7.706085,3.5700915,3
193981296271327,10087240276,4.7880383,7.6890364,3.565605,3
193981298771327,10089740276,4.7880383,7.676773,3.583551,3
193981301271327,10092240276,4.7841496,7.6794653,3.5964124,3
193981303771327,10094740276,4.787739,7.675876,3.5865421,3
193981306271327,10097240276,4.790431,7.6594253,3.5997026,3
193981308771327,10099740276,4.7859445,7.6713896,3.6050863,3
193981311271327,10102240276,4.7955155,7.6606216,3.5994034,3
193981313771327,10104740276,4.7979083,7.650153,3.6056845,3
193981316271327,10107240276,4.7970114,7.644171,3.6194434,3
193981318771327,10109740276,4.7916274,7.6516485,3.6134613,3
193981321271327,10112240276,4.800002,7.6633134,3.618247,3
193981323771327,10114740276,4.812864,7.6459656,3.5967116,3
193981326271327,10117240276,4.8155556,7.656135,3.615555,3
193981328771327,10119740276,4.8236313,7.6540413,3.6248271,3
193981331271327,10122240276,4.840082,7.650153,3.6161532,3
193981333771327,10124740276,4.851747,7.648957,3.6131623,3
193981336271327,10127240276,4.855336,7.6576304,3.6352959,3
193981338771327,10129740276,4.855037,7.6519475,3.615854,3
193981341271327,10132240276,4.852046,7.6624165,3.6107693,3
193981343771327,10134740276,4.861318,7.6603227,3.6047873,3
193981346271327,10137240276,4.8469615,7.648658,3.5994034,3
193981348771327,10139740276,4.8385863,7.652247,3.5841491,3
193981351271327,10142240276,4.8302116,7.6531444,3.5892339,3
193981353771327,10144740276,4.8173504,7.6630144,3.5781672,3
193981356271327,10147240276,4.8083773,7.673483,3.5913277,3
193981358771327,10149740276,4.7985067,7.6743803,3.583551,3
193981361271327,10152240276,4.781458,7.673184,3.5739796,3
193981363771327,10154740276,4.7359943,7.666903,3.5473595,3
193981366271327,10157240276,4.7374897,7.6492558,3.5901313,3
193981368771327,10159740276,4.7709894,7.6423764,3.5593238,3
193981371271327,10162240276,4.766503,7.6570325,3.5653057,3
193981373771327,10164740276,4.7626143,7.676474,3.6487553,3
193981376271327,10167240276,4.755735,7.70788,3.7049868,3
193981378771327,10169740276,4.735396,7.7243304,3.7088752,3
193981381271327,10172240276,4.7371907,7.71117,3.6816568,3
193981383771327,10174740276,4.740481,7.7159557,3.6607196,3
193981386271327,10177240276,4.733302,7.704291,3.6194434,3
193981388771327,10179740276,4.7318068,7.705188,3.565605,3
193981391271327,10182240276,4.734798,7.696215,3.527619,3
193981393771327,10184740276,4.7449675,7.6998043,3.513561,3
193981396271327,10187240276,4.7676992,7.713563,3.505186,3
193981398771327,10189740276,4.790132,7.71117,3.5048869,3
193981401271327,10192240276,4.795815,7.7261252,3.5321052,3
193981403771327,10194740276,4.8098726,7.7440715,3.5557344,3
193981406271327,10197240276,4.808975,7.7333035,3.5506496,3
193981408771327,10199740276,4.8041897,7.7422767,3.5703905,3
193981411271327,10202240276,4.8038907,7.7554374,3.5727832,3
193981413771327,10204740276,4.813163,7.759924,3.5763726,3
193981416271327,10207240276,4.805087,7.757531,3.5880375,3
193981418771327,10209740276,4.8003016,7.763812,3.5991044,3
193981421271327,10212240276,4.7841496,7.7650084,3.5994034,3
193981423771327,10214740276,4.7620163,7.7677007,3.5940197,3
193981426271327,10217240276,4.7318068,7.760223,3.5760734,3
193981428771327,10219740276,4.7252264,7.7644105,3.58056,3
193981431271327,10222240276,4.7171507,7.766205,3.5928233,3
193981433771327,10224740276,4.705486,7.7554374,3.6011982,3
193981436271327,10227240276,4.7099724,7.7566338,3.6329029,3
193981438771327,10229740276,4.7168517,7.756335,3.63051,3
193981441271327,10232240276,4.7138605,7.742875,3.6287155,3
193981443771327,10234740276,4.723731,7.7219377,3.6293137,3
193981446271327,10237240276,4.7374897,7.7096744,3.6343985,3
193981448771327,10239740276,4.7368917,7.7039914,3.6430724,3
193981451271327,10242240276,4.7425747,7.687541,3.633202,3
193981453771327,10244740276,4.738686,7.6806617,3.6457644,3
193981456271327,10247240276,4.7635117,7.665407,3.6520455,3
193981458771327,10249740276,4.7808595,7.655537,3.6541393,3
193981461271327,10252240276,4.779364,7.647162,3.6568313,3
193981463771327,10254740276,4.7727838,7.6423764,3.6604204,3
193981466271327,10257240276,4.788935,7.6396847,3.676871,3
193981468771327,10259740276,4.7892346,7.629515,3.661916,3
193981471271327,10262240276,4.7674,7.6217384,3.6693935,3
193981473771327,10264740276,4.776074,7.624131,3.6720855,3
193981476271327,10267240276,4.7715874,7.611868,3.682255,3
193981478771327,10269740276,4.770092,7.6139617,3.6984065,3
193981481271327,10272240276,4.7653065,7.6199436,3.708277,3
193981483771327,10274740276,4.7572303,7.615756,3.7094734,3
193981486271327,10277240276,4.765007,7.6193457,3.731906,3
193981488771327,10279740276,4.7542396,7.629515,3.7292142,3
193981491271327,10282240276,4.7524447,7.632506,3.7393837,3
193981493771327,10284740276,4.7539406,7.6313095,3.728616,3
193981496271327,10287240276,4.7512484,7.623234,3.7070804,3
193981498771327,10289740276,4.76082,7.635497,3.699902,3
193981501271327,10292240276,4.779065,7.63789,3.7088752,3
193981503771327,10294740276,4.7829533,7.6459656,3.6933217,3
193981506271327,10297240276,4.7829533,7.640881,3.6756747,3
193981508771327,10299740276,4.7922254,7.6513495,3.673581,3
193981511271327,10302240276,4.785047,7.6546397,3.6664026,3
193981513771327,10304740276,4.792525,7.6402826,3.6577284,3
193981516271327,10307240276,4.7742796,7.6534433,3.6496527,3
193981518771327,10309740276,4.788337,7.649854,3.6520455,3
193981521271327,10312240276,4.7826543,7.6678,3.636193,3
193981523771327,10314740276,4.7638106,7.662117,3.6233318,3
193981526271327,10317240276,4.7485566,7.6678,3.615555,3
193981528771327,10319740276,4.7392845,7.6797643,3.6113675,3
193981531271327,10322240276,4.7336016,7.6998043,3.6047873,3
193981533771327,10324740276,4.7192445,7.6812596,3.612863,3
193981536271327,10327240276,4.7252264,7.7001033,3.5985062,3
193981538771327,10329740276,4.718646,7.719246,3.5937204,3
193981541271327,10332240276,4.7078786,7.7291164,3.5973098,3
193981543771327,10334740276,4.703691,7.730612,3.5970106,3
193981546271327,10337240276,4.692624,7.7446694,3.5946178,3
193981548771327,10339740276,4.6806602,7.7590265,3.5853457,3
193981551271327,10342240276,4.686941,7.773084,3.5790644,3
193981553771327,10344740276,4.6785665,7.7904325,3.5853457,3
193981556271327,10347240276,4.6821556,7.8020973,3.574877,3
193981558771327,10349740276,4.686941,7.8080792,3.5811582,3
193981561271327,10352240276,4.7009993,7.813463,3.5808592,3
193981563771327,10354740276,4.706981,7.8164544,3.5997026,3
193981566271327,10357240276,4.7267222,7.8284183,3.6029928,3
193981568771327,10359740276,4.738387,7.8290167,3.583551,3
193981571271327,10362240276,4.749454,7.8239317,3.5715868,3
193981573771327,10364740276,4.7524447,7.8167534,3.5536408,3
193981576271327,10367240276,4.7653065,7.806584,3.5434713,3
193981578771327,10369740276,4.7656054,7.803892,3.5479577,3
193981581271327,10372240276,4.747958,7.7832537,3.563212,3
193981583771327,10374740276,4.7491546,7.789834,3.5401812,3
193981586271327,10377240276,4.7428737,7.7820573,3.5703905,3
193981588771327,10379740276,4.738686,7.7644105,3.572185,3
193981591271327,10382240276,4.733302,7.763513,3.586841,3
193981593771327,10384740276,4.72074,7.7500534,3.595216,3
193981596271327,10387240276,4.738387,7.7446694,3.6077783,3
193981598771327,10389740276,4.7216372,7.7243304,3.6116667,3
193981601271327,10392240276,4.7282176,7.7033935,3.6122649,3
193981603771327,10394740276,4.738387,7.6920276,3.6146576,3
193981606271327,10397240276,4.747958,7.687242,3.641876,3
193981608771327,10399740276,4.7605205,7.67109,3.6496527,3
193981611271327,10402240276,4.770391,7.659724,3.6373894,3
193981613771327,10404740276,4.7620163,7.658528,3.5976088,3
193981616271327,10407240276,4.750351,7.6713896,3.5826538,3
193981618771327,10409740276,4.7395835,7.668997,3.5682967,3
193981621271327,10412240276,4.74407,7.6462646,3.5715868,3
193981623771327,10414740276,4.7581277,7.6343007,3.5811582,3
193981626271327,10417240276,4.7632127,7.6396847,3.6140594,3
193981628771327,10419740276,4.779364,7.652845,3.6320057,3
193981631271327,10422240276,4.80748,7.6516485,3.6340995,3
193981633771327,10424740276,4.810471,7.6495547,3.6203406,3
193981636271327,10427240276,4.8122654,7.6345997,3.62722,3
193981638771327,10429740276,4.813462,7.6345997,3.62393,3
193981641271327,10432240276,4.8212385,7.628319,3.6281173,3
193981643771327,10434740276,4.828118,7.615158,3.6317065,3
193981646271327,10437240276,4.8361936,7.615457,3.6541393,3
193981648771327,10439740276,4.8358946,7.6307116,3.6670008,3
193981651271327,10442240276,4.846064,7.6196446,3.673282,3
193981653771327,10444740276,4.8355956,7.62443,3.6870406,3
193981656271327,10447240276,4.826024,7.6280193,3.6888351,3
193981658771327,10449740276,4.8095737,7.6343007,3.7067814,3
193981661271327,10452240276,4.7832522,7.624131,3.694518,3
193981663771327,10454740276,4.7674,7.6369925,3.6897326,3
193981666271327,10457240276,4.7449675,7.637292,3.6783667,3
193981668771327,10459740276,4.747958,7.646564,3.656233,3
193981671271327,10462240276,4.740481,7.6453676,3.6613178,3
193981673771327,10464740276,4.740481,7.6459656,3.670291,3
193981676271327,10467240276,4.7344985,7.648658,3.6667016,3
193981678771327,10469740276,4.726124,7.6609206,3.6687953,3
193981681271327,10472240276,4.7374897,7.6666036,3.6699917,3
193981683771327,10474740276,4.733302,7.6633134,3.6810586,3
193981686271327,10477240276,4.738686,7.6833534,3.659224,3
193981688771327,10479740276,4.742275,7.693224,3.656233,3
193981691271327,10482240276,4.727619,7.702496,3.6616168,3
193981693771327,10484740276,4.750052,7.710572,3.6684961,3
193981696271327,10487240276,4.741079,7.7144604,3.6343985,3
193981698771327,10489740276,4.752146,7.7240314,3.6176488,3
193981701271327,10492240276,4.7605205,7.713862,3.610171,3
193981703771327,10494740276,4.76082,7.7153573,3.603591,3
193981706271327,10497240276,4.7596235,7.7330046,3.5940197,3
193981708771327,10499740276,4.7694936,7.7297144,3.5967116,3
193981711271327,10502240276,4.776373,7.7210402,3.5874393,3
193981713771327,10504740276,4.781159,7.7380896,3.5673995,3
193981716271327,10507240276,4.7826543,7.739884,3.5668013,3
193981718771327,10509740276,4.7826543,7.7410803,3.5934215,3
193981721271327,10512240276,4.7772703,7.752446,3.5988052,3
193981723771327,10514740276,4.7599225,7.7500534,3.577569,3
193981726271327,10517240276,4.750351,7.760223,3.5796626,3
193981728771327,10519740276,4.742275,7.751549,3.5883367,3
193981731271327,10522240276,4.7336016,7.752147,3.5946178,3
193981733771327,10524740276,4.726124,7.7668033,3.5733814,3
193981736271327,10527240276,4.7171507,7.7665043,3.5799618,3
193981738771327,10529740276,4.7141595,7.776973,3.5988052,3
193981741271327,10532240276,4.714459,7.780562,3.589832,3
193981743771327,10534740276,4.7189455,7.7733836,3.618247,3
193981746271327,10537240276,4.7141595,7.765607,3.6140594,3
193981748771327,10539740276,4.703392,7.7614193,3.6053855,3
193981751271327,10542240276,4.705187,7.7647095,3.6005998,3
193981753771327,10544740276,4.69741,7.7569327,3.5673995,3
193981756271327,10547240276,4.7138605,7.75125,3.5727832,3
193981758771327,10549740276,4.723432,7.7476606,3.5799618,3
193981761271327,10552240276,4.740481,7.7276206,3.568596,3
193981763771327,10554740276,4.7377887,7.719844,3.569194,3
193981766271327,10557240276,4.731209,7.7150583,3.5563326,3
193981768771327,10559740276,4.7344985,7.725228,3.569194,3
193981771271327,10562240276,4.738088,7.728518,3.565605,3
193981773771327,10564740276,4.7344985,7.7237325,3.5647075,3
193981776271327,10567240276,4.7309093,7.7327056,3.5874393,3
193981778771327,10569740276,4.7216372,7.7270226,3.5994034,3
193981781271327,10572240276,4.7141595,7.7207413,3.5928233,3
193981783771327,10574740276,4.693821,7.7186475,3.583252,3
193981786271327,10577240276,4.6950173,7.7144604,3.6014972,3
193981788771327,10579740276,4.6932225,7.7063847,3.6143587,3
193981791271327,10582240276,4.6839504,7.6998043,3.609573,3
193981793771327,10584740276,4.7024946,7.6941214,3.5997026,3
193981796271327,10587240276,4.706383,7.6893353,3.635894,3
193981798771327,10589740276,4.6992044,7.688139,3.6367912,3
193981801271327,10592240276,4.69412,7.6794653,3.644269,3
193981803771327,10594740276,4.69412,7.682157,3.6370904,3
193981806271327,10597240276,4.6986065,7.673184,3.644568,3
193981808771327,10599740276,4.706981,7.6680994,3.6233318,3
193981811271327,10602240276,4.7135615,7.6698937,3.6427734,3
193981813771327,10604740276,4.7252264,7.678568,3.632604,3
193981816271327,10607240276,4.7362933,7.6719875,3.6376886,3
193981818771327,10609740276,4.7539406,7.6666036,3.6391842,3
193981821271327,10612240276,4.7632127,7.658528,3.6364923,3
193981823771327,10614740276,4.775476,7.6627154,3.641876,3
193981826271327,10617240276,4.795815,7.667202,3.6338003,3
193981828771327,10619740276,4.801498,7.658229,3.6433716,3
193981831271327,10622240276,4.802395,7.669296,3.6323047,3
193981833771327,10624740276,4.8029933,7.664809,3.6233318,3
193981836271327,10627240276,4.795815,7.675876,3.6251264,3
193981838771327,10629740276,4.788636,7.6863446,3.629912,3
193981841271327,10632240276,4.7979083,7.689635,3.6281173,3
193981843771327,10634740276,4.7823553,7.692925,3.6281173,3
193981846271327,10637240276,4.7799625,7.6863446,3.6544385,3
193981848771327,10639740276,4.7862434,7.696215,3.6577284,3
193981851271327,10642240276,4.7775693,7.7054873,3.6586258,3
193981853771327,10644740276,4.772186,7.7063847,3.6696925,3
193981856271327,10647240276,4.765007,7.7240314,3.673581,3
193981858771327,10649740276,4.759025,7.7183485,3.6774693,3
193981861271327,10652240276,4.7545385,7.713264,3.69392,3
193981863771327,10654740276,4.7575297,7.706085,3.6867416,3
193981866271327,10657240276,4.7395835,7.714161,3.6780674,3
193981868771327,10659740276,4.7392845,7.716853,3.682554,3
193981871271327,10662240276,4.753043,7.7039914,3.6957145,3
193981873771327,10664740276,4.764409,7.687242,3.687938,3
193981876271327,10667240276,4.753043,7.70788,3.6987057,3
193981878771327,10669740276,4.76082,7.7039914,3.691228,3
193981881271327,10672240276,4.770391,7.7001033,3.6924245,3
193981883771327,10674740276,4.7730827,7.685447,3.7064822,3
193981886271327,10677240276,4.77398,7.6713896,3.6933217,3
193981888771327,10679740276,4.776074,7.6749787,3.696911,3
193981891271327,10682240276,4.7841496,7.6752777,3.7157545,3
193981893771327,10684740276,4.793123,7.669595,3.6843486,3
193981896271327,10687240276,4.796712,7.6549387,3.700201,3
193981898771327,10689740276,4.801498,7.6543407,3.69392,3
193981901271327,10692240276,4.8086762,7.6570325,3.7049868,3
193981903771327,10694740276,4.814359,7.650153,3.6993039,3
193981906271327,10697240276,4.8122654,7.632207,3.699902,3
193981908771327,10699740276,4.8137608,7.626823,3.7007992,3
193981911271327,10702240276,4.828417,7.623533,3.6876388,3
193981913771327,10704740276,4.840082,7.6196446,3.670291,3
193981916271327,10707240276,4.833203,7.6073813,3.6640096,3
193981918771327,10709740276,4.829613,7.5963144,3.6547375,3
193981921271327,10712240276,4.842176,7.5873413,3.674179,3
193981923771327,10714740276,4.8329034,7.5676007,3.6640096,3
193981926271327,10717240276,4.825426,7.5670023,3.6628132,3
193981928771327,10719740276,4.831707,7.568797,3.650849,3
193981931271327,10722240276,4.834997,7.5643106,3.6376886,3
193981933771327,10724740276,4.8436713,7.561918,3.6544385,3
193981936271327,10727240276,4.827819,7.5382886,3.667599,3
193981938771327,10729740276,4.8433723,7.548458,3.6568313,3
193981941271327,10732240276,4.848457,7.5466633,3.6352959,3
193981943771327,10734740276,4.855037,7.5463643,3.630211,3
193981946271327,10737240276,4.853841,7.544869,3.624229,3
193981948771327,10739740276,4.8394837,7.5529447,3.621537,3
193981951271327,10742240276,4.8385863,7.559525,3.5994034,3
193981953771327,10744740276,4.8451667,7.573882,3.5991044,3
193981956271327,10747240276,4.8302116,7.5735826,3.6056845,3
193981958771327,10749740276,4.8433723,7.585547,3.5919259,3
193981961271327,10752240276,4.84068,7.59123,3.5877385,3
193981963771327,10754740276,4.8361936,7.6016984,3.5949168,3
193981966271327,10757240276,4.8376894,7.610073,3.5901313,3
193981968771327,10759740276,4.8323054,7.6271224,3.5901313,3
193981971271327,10762240276,4.8361936,7.632506,3.5874393,3
193981973771327,10764740276,4.8188457,7.6492558,3.597908,3
193981976271327,10767240276,4.8026943,7.667202,3.589832,3
193981978771327,10769740276,4.787141,7.682157,3.5865421,3
193981981271327,10772240276,4.761717,7.7001033,3.5991044,3
193981983771327,10774740276,4.749753,7.7120676,3.5961134,3
193981986271327,10777240276,4.741079,7.735996,3.6167514,3
193981988771327,10779740276,4.7168517,7.7446694,3.6080775,3
193981991271327,10782240276,4.7195435,7.772785,3.6194434,3
193981993771327,10784740276,4.7174497,7.7790666,3.6131623,3
193981996271327,10787240276,4.723432,7.7937226,3.6245282,3
193981998771327,10789740276,4.7282176,7.8113694,3.6173496,3
193982001271327,10792240276,4.744369,7.8182487,3.6116667,3
193982003771327,10794740276,4.750052,7.7976108,3.6206398,3
193982006271327,10797240276,4.766802,7.813762,3.5877385,3
193982008771327,10799740276,4.7638106,7.8050885,3.5644085,3
193982011271327,10802240276,4.7662034,7.8110704,3.5626137,3
193982013771327,10804740276,4.7838507,7.797013,3.5751762,3
193982016271327,10807240276,4.799404,7.7925262,3.562913,3
193982018771327,10809740276,4.809274,7.794919,3.5608191,3
193982021271327,10812240276,4.788636,7.7757764,3.5754752,3
193982023771327,10814740276,4.813462,7.7763743,3.6017964,3
193982026271327,10817240276,4.80748,7.7736826,3.603591,3
193982028771327,10819740276,4.8119664,7.7572317,3.6131623,3
193982031271327,10822240276,4.799703,7.7446694,3.610171,3
193982033771327,10824740276,4.7892346,7.732107,3.6086757,3
193982036271327,10827240276,4.793123,7.725527,3.6062827,3
193982038771327,10829740276,4.779663,7.711768,3.5853457,3
193982041271327,10832240276,4.776074,7.6836524,3.6032917,3
193982043771327,10834740276,4.781458,7.6716886,3.6137605,3
193982046271327,10837240276,4.7808595,7.663912,3.6056845,3
193982048771327,10839740276,4.7685966,7.643872,3.6161532,3
193982051271327,10842240276,4.7709894,7.639385,3.6320057,3
193982053771327,10844740276,4.766503,7.632207,3.6230326,3
193982056271327,10847240276,4.7626143,7.6313095,3.6224344,3
193982058771327,10849740276,4.7599225,7.624729,3.6335013,3
193982061271327,10852240276,4.767101,7.6217384,3.6382868,3
193982063771327,10854740276,4.7709894,7.6109705,3.633202,3
193982066271327,10857240276,4.775775,7.6163545,3.609573,3
193982068771327,10859740276,4.7835517,7.5963144,3.5946178,3
193982071271327,10862240276,4.7934217,7.598408,3.592225,3
193982073771327,10864740276,4.7859445,7.609176,3.592225,3
193982076271327,10867240276,4.7829533,7.6130643,3.588935,3
193982078771327,10869740276,4.781458,7.6109705,3.5850465,3
193982081271327,10872240276,4.7727838,7.6103725,3.6224344,3
193982083771327,10874740276,4.7892346,7.6196446,3.6104703,3
193982086271327,10877240276,4.784748,7.635796,3.6439698,3
193982088771327,10879740276,4.7745786,7.6531444,3.6403806,3
193982091271327,10882240276,4.7715874,7.675876,3.6568313,3
193982093771327,10884740276,4.7566323,7.678867,3.6646078,3
193982096271327,10887240276,4.751847,7.68455,3.6744783,3
193982098771327,10889740276,4.7524447,7.70788,3.6696925,3
193982101271327,10892240276,4.738088,7.7039914,3.6924245,3
193982103771327,10894740276,4.7419763,7.7120676,3.6652062,3
193982106271327,10897240276,4.735097,7.7383885,3.674179,3
193982108771327,10899740276,4.72732,7.739585,3.6774693,3
193982111271327,10902240276,4.729115,7.750652,3.6586258,3
193982113771327,10904740276,4.7195435,7.752446,3.6607196,3
193982116271327,10907240276,4.725526,7.754241,3.6574295,3
193982118771327,10909740276,4.7288156,7.7572317,3.6568313,3
193982121271327,10912240276,4.731508,7.763812,3.6544385,3
193982123771327,10914740276,4.7267222,7.772187,3.6367912,3
193982126271327,10917240276,4.7231326,7.7644105,3.6367912,3
193982128771327,10919740276,4.7303114,7.7566338,3.6463625,3
193982131271327,10922240276,4.735097,7.75454,3.6550367,3
193982133771327,10924740276,4.733302,7.754241,3.6640096,3
193982136271327,10927240276,4.7288156,7.7443705,3.6541393,3
193982138771327,10929740276,4.744369,7.73779,3.6544385,3
193982141271327,10932240276,4.744369,7.7213397,3.6637106,3
193982143771327,10934740276,4.7449675,7.710572,3.6792638,3
193982146271327,10937240276,4.7362933,7.7144604,3.6930227,3
193982148771327,10939740276,4.7512484,7.6980095,3.69721,3
193982151271327,10942240276,4.752146,7.6959157,3.6987057,3
193982153771327,10944740276,4.7482576,7.6866436,3.687938,3
193982156271327,10947240276,4.743771,7.6836524,3.690929,3
193982158771327,10949740276,4.7452664,7.66122,3.6804602,3
193982161271327,10952240276,4.7452664,7.6573315,3.6789649,3
193982163771327,10954740276,4.7368917,7.6462646,3.7016966,3
193982166271327,10957240276,4.747659,7.646564,3.699902,3
193982168771327,10959740276,4.7455654,7.628618,3.691228,3
193982171271327,10962240276,4.7306104,7.62114,3.6975093,3
193982173771327,10964740276,4.7395835,7.61785,3.6990047,3
193982176271327,10967240276,4.7362933,7.6133633,3.7070804,3
193982178771327,10969740276,4.7362933,7.6088767,3.7274194,3
193982181271327,10972240276,4.731209,7.603792,3.708576,3
193982183771327,10974740276,4.733003,7.590931,3.7019958,3
193982186271327,10977240276,4.7303114,7.605587,3.7220356,3
193982188771327,10979740276,4.7285166,7.597511,3.728616,3
193982191271327,10982240276,4.7339005,7.600203,3.7265222,3
193982193771327,10984740276,4.7362933,7.61127,3.7157545,3
193982196271327,10987240276,4.747958,7.6011004,3.7163527,3
193982198771327,10989740276,4.7524447,7.603792,3.7331023,3
193982201271327,10992240276,4.746762,7.6124663,3.7181473,3
193982203771327,10994740276,4.7563334,7.610073,3.699902,3
193982206271327,10997240276,4.76411,7.609774,3.6927235,3
193982208771327,10999740276,4.7781677,7.6106715,3.6783667,3
193982211271327,11002240276,4.781757,7.62443,3.6541393,3
193982213771327,11004740276,4.7742796,7.6274214,3.6520455,3
193982216271327,11007240276,4.781757,7.626823,3.635894,3
193982218771327,11009740276,4.764409,7.644769,3.638885,3
193982221271327,11012240276,4.7635117,7.652546,3.6257246,3
193982223771327,11014740276,4.759324,7.658528,3.6206398,3
193982226271327,11017240276,4.759025,7.6680994,3.6197424,3
193982228771327,11019740276,4.7431726,7.687541,3.6059837,3
193982231271327,11022240276,4.7282176,7.7258263,3.6191442,3
193982233771327,11024740276,4.7138605,7.743473,3.6469607,3
193982236271327,11027240276,4.72074,7.7566338,3.6607196,3
193982238771327,11029740276,4.70728,7.780263,3.6550367,3
193982241271327,11032240276,4.699803,7.794919,3.6643088,3
193982243771327,11034740276,4.698008,7.8086777,3.6690943,3
193982246271327,11037240276,4.7018967,7.809575,3.632604,3
193982248771327,11039740276,4.70728,7.8173513,3.64726,3
193982251271327,11042240276,4.7045884,7.8170524,3.6203406,3
193982253771327,11044740276,4.69412,7.8012,3.6113675,3
193982256271327,11047240276,4.7078786,7.7976108,3.6113675,3
193982258771327,11049740276,4.700401,7.798807,3.6062827,3
193982261271327,11052240276,4.6971107,7.789834,3.5877385,3
193982263771327,11054740276,4.7162533,7.795218,3.6041892,3
193982266271327,11057240276,4.703093,7.798209,3.6059837,3
193982268771327,11059740276,4.712664,7.7871423,3.6209388,3
193982271271327,11062240276,4.6953163,7.774879,3.6317065,3
193982273771327,11064740276,4.6962137,7.771589,3.632604,3
193982276271327,11067240276,4.686642,7.760223,3.6655052,3
193982278771327,11069740276,4.6785665,7.7476606,3.6556349,3
193982281271327,11072240276,4.6899323,7.7362947,3.6511483,3
193982283771327,11074740276,4.6896334,7.7201433,3.667599,3
193982286271327,11077240276,4.6959143,7.702496,3.6616168,3
193982288771327,11079740276,4.69741,7.679166,3.6634114,3
193982291271327,11082240276,4.6992044,7.6722865,3.6777685,3
193982293771327,11084740276,4.706084,7.6543407,3.674179,3
193982296271327,11087240276,4.7192445,7.6534433,3.6523447,3
193982298771327,11089740276,4.7392845,7.624131,3.6625142,3
193982301271327,11092240276,4.7515473,7.6067834,3.6463625,3
193982303771327,11094740276,4.7688956,7.5990067,3.641577,3
193982306271327,11097240276,4.7769713,7.5939217,3.6343985,3
193982308771327,11099740276,4.7862434,7.582556,3.6050863,3
193982311271327,11102240276,4.792824,7.590931,3.5880375,3
193982313771327,11104740276,4.8059845,7.5735826,3.5892339,3
193982316271327,11107240276,4.7895336,7.602895,3.6017964,3
193982318771327,11109740276,4.7766724,7.595118,3.586841,3
193982321271327,11112240276,4.772485,7.609774,3.5647075,3
193982323771327,11114740276,4.7563334,7.6289167,3.5614173,3
193982326271327,11117240276,4.7395835,7.644769,3.5449667,3
193982328771327,11119740276,4.7449675,7.663912,3.551547,3
193982331271327,11122240276,4.7288156,7.6866436,3.5563326,3
193982333771327,11124740276,4.711169,7.7120676,3.5596228,3
193982336271327,11127240276,4.7007003,7.725527,3.560221,3
193982338771327,11129740276,4.7084765,7.7464643,3.559922,3
193982341271327,11132240276,4.709374,7.7850485,3.5578282,3
193982343771327,11134740276,4.7162533,7.8083787,3.5608191,3
193982346271327,11137240276,4.729414,7.8200436,3.5422747,3
193982348771327,11139740276,4.7368917,7.833802,3.545565,3
193982351271327,11142240276,4.7371907,7.8487573,3.5434713,3
193982353771327,11144740276,4.749454,7.858628,3.5401812,3
193982356271327,11147240276,4.7566323,7.8664045,3.525525,3
193982358771327,11149740276,4.7572303,7.8690963,3.5159538,3
193982361271327,11152240276,4.7452664,7.8813596,3.4971104,3
193982363771327,11154740276,4.7524447,7.882556,3.5177484,3
193982366271327,11157240276,4.7515473,7.873882,3.5036905,3
193982368771327,11159740276,4.7545385,7.8849487,3.522833,3
193982371271327,11162240276,4.761119,7.867302,3.5198421,3
193982373771327,11164740276,4.7772703,7.861619,3.527619,3
193982376271327,11167240276,4.772186,7.8574314,3.5413775,3
193982378771327,11169740276,4.7712884,7.8335032,3.5551362,3
193982381271327,11172240276,4.766802,7.8314095,3.5694933,3
193982383771327,11174740276,4.7566323,7.8140616,3.5772698,3
193982386271327,11177240276,4.744369,7.801499,3.5865421,3
193982388771327,11179740276,4.731209,7.778468,3.5988052,3
193982391271327,11182240276,4.726423,7.7626157,3.6161532,3
193982393771327,11184740276,4.721936,7.746763,3.6260235,3
193982396271327,11187240276,4.7377887,7.728219,3.636193,3
193982398771327,11189740276,4.735695,7.699206,3.6376886,3
193982401271327,11192240276,4.7524447,7.6860456,3.6329029,3
193982403771327,11194740276,4.7638106,7.6749787,3.6373894,3
193982406271327,11197240276,4.7772703,7.6531444,3.641876,3
193982408771327,11199740276,4.790132,7.6331043,3.65384,3
193982411271327,11202240276,4.7949176,7.5942206,3.630211,3
193982413771327,11204740276,4.814658,7.5903325,3.62393,3
193982416271327,11207240276,4.8248277,7.571489,3.6113675,3
193982418771327,11209740276,4.8397827,7.5580297,3.60718,3
193982421271327,11212240276,4.855037,7.541579,3.6143587,3
193982423771327,11214740276,4.870291,7.536793,3.6164522,3
193982426271327,11217240276,4.872385,7.5293155,3.618247,3
193982428771327,11219740276,4.889135,7.5263247,3.609274,3
193982431271327,11222240276,4.888836,7.5311103,3.612863,3
193982433771327,11224740276,4.888836,7.5269227,3.6161532,3
193982436271327,11227240276,4.8843493,7.5293155,3.6176488,3
193982438771327,11229740276,4.8622155,7.542775,3.612863,3
193982441271327,11232240276,4.8601217,7.539485,3.618247,3
193982443771327,11234740276,4.8568316,7.5475607,3.6314075,3
193982446271327,11237240276,4.848158,7.5625157,3.6179478,3
193982448771327,11239740276,4.842176,7.5667033,3.618247,3
193982451271327,11242240276,4.833801,7.5774713,3.633202,3
193982453771327,11244740276,4.8269215,7.5990067,3.6320057,3
193982456271327,11247240276,4.7991047,7.6076803,3.6218362,3
193982458771327,11249740276,4.807181,7.6348987,3.618546,3
193982461271327,11252240276,4.8011985,7.646564,3.6206398,3
193982463771327,11254740276,4.8065825,7.648957,3.6122649,3
193982466271327,11257240276,4.80748,7.6666036,3.588935,3
193982468771327,11259740276,4.822136,7.678568,3.5886357,3
193982471271327,11262240276,4.820042,7.6893353,3.5793636,3
193982473771327,11264740276,4.8239303,7.7033935,3.5596228,3
193982476271327,11267240276,4.8137608,7.7204423,3.5650067,3
193982478771327,11269740276,4.8044887,7.7380896,3.5521452,3
193982481271327,11272240276,4.8065825,7.7479596,3.5464623,3
193982483771327,11274740276,4.805386,7.7644105,3.545565,3
193982486271327,11277240276,4.805386,7.7703924,3.5353954,3
193982488771327,11279740276,4.8011985,7.7793655,3.5389848,3
193982491271327,11282240276,4.788337,7.795218,3.548855,3
193982493771327,11284740276,4.7862434,7.8056865,3.5410783,3
193982496271327,11287240276,4.77398,7.82124,3.5413775,3
193982498771327,11289740276,4.7599225,7.8260255,3.5479577,3
193982501271327,11292240276,4.7485566,7.8263245,3.5422747,3
193982503771327,11294740276,4.7419763,7.827521,3.5682967,3
193982506271327,11297240276,4.7336016,7.821539,3.5823545,3
193982508771327,11299740276,4.729414,7.827521,3.5682967,3
193982511271327,11302240276,4.7165527,7.818847,3.5706897,3
193982513771327,11304740276,4.7135615,7.8200436,3.5739796,3
193982516271327,11307240276,4.712066,7.815856,3.5682967,3
193982518771327,11309740276,4.726124,7.8170524,3.566502,3
193982521271327,11312240276,4.733003,7.7979097,3.5533416,3
193982523771327,11314740276,4.747958,7.8017983,3.5850465,3
193982526271327,11317240276,4.7545385,7.7883387,3.5814574,3
193982528771327,11319740276,4.747659,7.7742805,3.5763726,3
193982531271327,11322240276,4.758427,7.7557364,3.5742788,3
193982533771327,11324740276,4.7596235,7.7464643,3.566203,3
193982536271327,11327240276,4.7826543,7.7389865,3.5653057,3
193982538771327,11329740276,4.7952166,7.739884,3.6003008,3
193982541271327,11332240276,4.7952166,7.7258263,3.586841,3
193982543771327,11334740276,4.7949176,7.7093754,3.5883367,3
193982546271327,11337240276,4.807181,7.705188,3.60718,3
193982548771327,11339740276,4.812864,7.691429,3.6059837,3
193982551271327,11342240276,4.8062835,7.6770725,3.6017964,3
193982553771327,11344740276,4.8176494,7.656135,3.6122649,3
193982556271327,11347240276,4.816752,7.64118,3.609274,3
193982558771327,11349740276,4.8062835,7.617252,3.6179478,3
193982561271327,11352240276,4.8065825,7.598707,3.621537,3
193982563771327,11354740276,4.801498,7.5810604,3.6197424,3
193982566271327,11357240276,4.8026943,7.563114,3.6379876,3
193982568771327,11359740276,4.8041897,7.550552,3.6466618,3
193982571271327,11362240276,4.7913284,7.539485,3.6610186,3
193982573771327,11364740276,4.787141,7.533802,3.6601214,3
193982576271327,11367240276,4.7769713,7.544869,3.6948173,3
193982578771327,11369740276,4.7748775,7.5382886,3.7073796,3
193982581271327,11372240276,4.7745786,7.542476,3.702893,3
193982583771327,11374740276,4.764708,7.539784,3.7193437,3
193982586271327,11377240276,4.7575297,7.5496545,3.7049868,3
193982588771327,11379740276,4.7599225,7.553543,3.740879,3
193982591271327,11382240276,4.776373,7.5664043,3.7486558,3
193982593771327,11384740276,4.7979083,7.5870423,3.7363925,3
193982596271327,11387240276,4.7991047,7.5999036,3.7190447,3
193982598771327,11389740276,4.7973104,7.619046,3.72054,3
193982601271327,11392240276,4.816752,7.635198,3.7046876,3
193982603771327,11394740276,4.821837,7.6600237,3.699902,3
193982606271327,11397240276,4.831707,7.673483,3.6687953,3
193982608771327,11399740276,4.8305106,7.679166,3.6421752,3
193982611271327,11402240276,4.825725,7.6866436,3.615854,3
193982613771327,11404740276,4.8272204,7.7015986,3.6104703,3
193982616271327,11407240276,4.822435,7.72463,3.5973098,3
193982618771327,11409740276,4.8239303,7.732406,3.6026936,3
193982621271327,11412240276,4.807779,7.7353973,3.583551,3
193982623771327,11414740276,4.809274,7.7407813,3.6041892,3
193982626271327,11417240276,4.785047,7.743174,3.595515,3
193982628771327,11419740276,4.778766,7.7410803,3.5994034,3
193982631271327,11422240276,4.7691946,7.7422767,3.615854,3
193982633771327,11424740276,4.7629137,7.7365937,3.6176488,3
193982636271327,11427240276,4.7458644,7.748857,3.629912,3
193982638771327,11429740276,4.7485566,7.733603,3.6448672,3
193982641271327,11432240276,4.741378,7.734201,3.6493537,3
193982643771327,11434740276,4.74407,7.717451,3.6667016,3
193982646271327,11437240276,4.7452664,7.722835,3.6613178,3
193982648771327,11439740276,4.7524447,7.7054873,3.6170506,3
193982651271327,11442240276,4.746164,7.6716886,3.6104703,3
193982653771327,11444740276,4.741378,7.663912,3.6041892,3
193982656271327,11447240276,4.765007,7.670791,3.6000016,3
193982658771327,11449740276,4.7605205,7.6603227,3.5826538,3
193982661271327,11452240276,4.7775693,7.6456666,3.5850465,3
193982663771327,11454740276,4.786842,7.6292157,3.5844483,3
193982666271327,11457240276,4.7955155,7.635198,3.5808592,3
193982668771327,11459740276,4.807181,7.630113,3.5479577,3
193982671271327,11462240276,4.802096,7.632506,3.5437703,3
193982673771327,11464740276,4.7973104,7.6345997,3.551846,3
193982676271327,11467240276,4.792525,7.635796,3.5386856,3
193982678771327,11469740276,4.799404,7.643872,3.5318062,3
193982681271327,11472240276,4.809274,7.6420774,3.5207393,3
193982683771327,11474740276,4.801498,7.6459656,3.5117664,3
193982686271327,11477240276,4.791029,7.656434,3.5186458,3
193982688771327,11479740276,4.8035913,7.663912,3.5333018,3
193982691271327,11482240276,4.8065825,7.664211,3.5434713,3
193982693771327,11484740276,4.8062835,7.6645103,3.5419757,3
193982696271327,11487240276,4.80748,7.661818,3.5593238,3
193982698771327,11489740276,4.8035913,7.6836524,3.554239,3
193982701271327,11492240276,4.8119664,7.6806617,3.5309088,3
193982703771327,11494740276,4.822136,7.7063847,3.5383866,3
193982706271327,11497240276,4.811368,7.7039914,3.539583,3
193982708771327,11499740276,4.821837,7.6959157,3.5213375,3
193982711271327,11502240276,4.8191447,7.7054873,3.5174494,3
193982713771327,11504740276,4.8083773,7.7066836,3.499204,3
193982716271327,11507240276,4.807181,7.7126656,3.519543,3
193982718771327,11509740276,4.807181,7.7072816,3.5144582,3
193982721271327,11512240276,4.801797,7.728817,3.5359936,3
193982723771327,11514740276,4.802096,7.7368927,3.5132618,3
193982726271327,11517240276,4.811069,7.7494555,3.5347972,3
193982728771327,11519740276,4.8044887,7.75125,3.551547,3
193982731271327,11522240276,4.8098726,7.7476606,3.5497525,3
193982733771327,11524740276,4.8215375,7.7611203,3.5422747,3
193982736271327,11527240276,4.8182473,7.765906,3.5605202,3
193982738771327,11529740276,4.825426,7.765906,3.5724843,3
193982741271327,11532240276,4.8320065,7.7700934,3.565605,3
193982743771327,11534740276,4.845765,7.7742805,3.562913,3
193982746271327,11537240276,4.840381,7.764111,3.5763726,3
193982748771327,11539740276,4.842774,7.7611203,3.571886,3
193982751271327,11542240276,4.8526444,7.7682986,3.577569,3
193982753771327,11544740276,4.848158,7.7593255,3.58056,3
193982756271327,11547240276,4.853542,7.748857,3.6029928,3
193982758771327,11549740276,4.8433723,7.7350984,3.5874393,3
193982761271327,11552240276,4.8472605,7.7327056,3.5985062,3
193982763771327,11554740276,4.84068,7.731808,3.6137605,3
193982766271327,11557240276,4.831707,7.714161,3.6206398,3
193982768771327,11559740276,4.826024,7.7039914,3.6200416,3
193982771271327,11562240276,4.834698,7.684849,3.6227336,3
193982773771327,11564740276,4.8233323,7.6869426,3.5988052,3
193982776271327,11567240276,4.8119664,7.6800632,3.6014972,3
193982778771327,11569740276,4.805087,7.6660056,3.6047873,3
193982781271327,11572240276,4.7988057,7.650751,3.5892339,3
193982783771327,11574740276,4.781458,7.6513495,3.5919259,3
193982786271327,11577240276,4.78744,7.6510506,3.586841,3
193982788771327,11579740276,4.787141,7.6456666,3.585944,3
193982791271327,11582240276,4.767998,7.6405816,3.5958142,3
193982793771327,11584740276,4.7596235,7.645068,3.58056,3
193982796271327,11587240276,4.747958,7.656434,3.5781672,3
193982798771327,11589740276,4.747659,7.6657066,3.5871403,3
193982801271327,11592240276,4.7428737,7.662117,3.5793636,3
193982803771327,11594740276,4.738387,7.6698937,3.568596,3
193982806271327,11597240276,4.727021,7.6680994,3.5512478,3
193982808771327,11599740276,4.718646,7.6779695,3.5318062,3
193982811271327,11602240276,4.7135615,7.6884384,3.522833,3
193982813771327,11604740276,4.7078786,7.7004023,3.516552,3
193982816271327,11607240276,4.6953163,7.7012997,3.5039897,3
193982818771327,11609740276,4.69741,7.6974115,3.5057843,3
193982821271327,11612240276,4.682754,7.7219377,3.4770703,3
193982823771327,11614740276,4.6698923,7.7365937,3.461816,3
193982826271327,11617240276,4.656732,7.7446694,3.470191,3
193982828771327,11619740276,4.6519465,7.7679996,3.4573295,3
193982831271327,11622240276,4.6357946,7.7826557,3.4417763,3
193982833771327,11624740276,4.6298127,7.800901,3.432205,3
193982836271327,11627240276,4.639085,7.8032937,3.4337006,3
193982838771327,11629740276,4.6202416,7.8370924,3.4298122,3
193982841271327,11632240276,4.6022954,7.850851,3.4381871,3
193982843771327,11634740276,4.59392,7.8759756,3.432205,3
193982846271327,11637240276,4.581358,7.9154572,3.4121652,3
193982848771327,11639740276,4.5708895,7.9160557,3.3990045,3
193982851271327,11642240276,4.578666,7.9462647,3.4085758,3
193982853771327,11644740276,4.5765724,7.946564,3.403491,3
193982856271327,11647240276,4.561019,7.9543405,3.3864422,3
193982858771327,11649740276,4.561019,7.9743805,3.3672996,3
193982861271327,11652240276,4.555635,7.9890366,3.3622148,3
193982863771327,11654740276,4.558626,8.002795,3.371786,3
193982866271327,11657240276,4.5670013,8.005487,3.3487554,3
193982868771327,11659740276,4.56072,8.009675,3.3670006,3
193982871271327,11662240276,4.558626,8.021938,3.365206,3
193982873771327,11664740276,4.5505505,8.013563,3.3610184,3
193982876271327,11667240276,4.5478587,8.016255,3.3687952,3
193982878771327,11669740276,4.555336,8.011469,3.3702908,3
193982881271327,11672240276,4.5658045,8.000702,3.3726835,3
193982883771327,11674740276,4.566702,7.9983087,3.3903306,3
193982886271327,11677240276,4.5765724,7.98455,3.4106696,3
193982888771327,11679740276,4.5801616,7.984251,3.4211383,3
193982891271327,11682240276,4.58734,7.9722867,3.4286158,3
193982893771327,11684740276,4.598407,7.9507513,3.4633117,3
193982896271327,11687240276,4.624728,7.943573,3.4887354,3
193982898771327,11689740276,4.6145587,7.9103727,3.4863427,3
193982901271327,11692240276,4.64417,7.8906317,3.490231,3
193982903771327,11694740276,4.6636114,7.8664045,3.51386,3
193982906271327,11697240276,4.6761737,7.845467,3.516552,3
193982908771327,11699740276,4.6953163,7.816155,3.5264223,3
193982911271327,11702240276,4.7018967,7.785946,3.5365918,3
193982913771327,11704740276,4.7171507,7.771589,3.5324044,3
193982916271327,11707240276,4.7339005,7.7261252,3.5306098,3
193982918771327,11709740276,4.744369,7.687242,3.5279179,3
193982921271327,11712240276,4.755137,7.668997,3.5300117,3
193982923771327,11714740276,4.7748775,7.643573,3.554538,3
193982926271327,11717240276,4.7982078,7.6292157,3.5647075,3
193982928771327,11719740276,4.779364,7.6088767,3.5892339,3
193982931271327,11722240276,4.7862434,7.59452,3.6053855,3
193982933771327,11724740276,4.791029,7.580163,3.6176488,3
193982936271327,11727240276,4.7988057,7.5726852,3.6251264,3
193982938771327,11729740276,4.7946186,7.568797,3.6349967,3
193982941271327,11732240276,4.7835517,7.5607214,3.6448672,3
193982943771327,11734740276,4.785346,7.568797,3.6577284,3
193982946271327,11737240276,4.8068814,7.5604224,3.6586258,3
193982948771327,11739740276,4.801797,7.5607214,3.6448672,3
193982951271327,11742240276,4.8326044,7.5699935,3.6335013,3
193982953771327,11744740276,4.833502,7.5699935,3.6329029,3
193982956271327,11747240276,4.840082,7.5732837,3.6209388,3
193982958771327,11749740276,4.8382874,7.576873,3.609872,3
193982961271327,11752240276,4.843073,7.59123,3.606582,3
193982963771327,11754740276,4.842475,7.6031938,3.5991044,3
193982966271327,11757240276,4.855037,7.6046896,3.5871403,3
193982968771327,11759740276,4.8652067,7.6193457,3.5949168,3
193982971271327,11762240276,4.853841,7.631908,3.5754752,3
193982973771327,11764740276,4.8445687,7.650751,3.5653057,3
193982976271327,11767240276,4.854439,7.658528,3.5569308,3
193982978771327,11769740276,4.8559346,7.6740813,3.539583,3
193982981271327,11772240276,4.8652067,7.692925,3.53719,3
193982983771327,11774740276,4.866403,7.6917286,3.5180476,3
193982986271327,11777240276,4.8729835,7.7004023,3.5168512,3
193982988771327,11779740276,4.863412,7.7177505,3.5027933,3
193982991271327,11782240276,4.870291,7.7237325,3.4986057,3
193982993771327,11784740276,4.860421,7.730313,3.4686956,3
193982996271327,11787240276,4.860421,7.728518,3.4672,3
193982998771327,11789740276,4.8619165,7.7497544,3.478566,3
193983001271327,11792240276,4.866403,7.7620177,3.4749768,3
193983003771327,11794740276,4.874479,7.767401,3.482155,3
193983006271327,11797240276,4.8708897,7.7593255,3.4689946,3
193983008771327,11799740276,4.871787,7.765308,3.4695928,3
193983011271327,11802240276,4.8909297,7.7665043,3.4911282,3
193983013771327,11804740276,4.88734,7.7682986,3.481557,3
193983016271327,11807240276,4.8912287,7.765308,3.4746776,3
193983018771327,11809740276,4.9022956,7.7677007,3.4654055,3
193983021271327,11812240276,4.909474,7.7614193,3.4573295,3
193983023771327,11814740276,4.923831,7.7665043,3.4435709,3
193983026271327,11817240276,4.922335,7.75454,3.441477,3
193983028771327,11819740276,4.9432726,7.743174,3.4501512,3
193983031271327,11822240276,4.935496,7.7503524,3.4585261,3
193983033771327,11824740276,4.9250274,7.7446694,3.4534414,3
193983036271327,11827240276,4.909474,7.7350984,3.4689946,3
193983038771327,11829740276,4.9025946,7.7156568,3.4672,3
193983041271327,11832240276,4.8966126,7.719545,3.4480574,3
193983043771327,11834740276,4.8804607,7.7159557,3.4737802,3
193983046271327,11837240276,4.8586264,7.7096744,3.493521,3
193983048771327,11839740276,4.8598228,7.6920276,3.4968112,3
193983051271327,11842240276,4.8589253,7.6887374,3.5171502,3
193983053771327,11844740276,4.8496532,7.6800632,3.534199,3
193983056271327,11847240276,4.8394837,7.669595,3.5569308,3
193983058771327,11849740276,4.833801,7.6495547,3.5611184,3
193983061271327,11852240276,4.825426,7.6456666,3.583252,3
193983063771327,11854740276,4.8191447,7.635497,3.6003008,3
193983066271327,11857240276,4.8263235,7.618747,3.589533,3
193983068771327,11859740276,4.834698,7.615158,3.5988052,3
193983071271327,11862240276,4.833203,7.61785,3.6293137,3
193983073771327,11864740276,4.8379884,7.5942206,3.6439698,3
193983076271327,11867240276,4.8619165,7.5939217,3.6427734,3
193983078771327,11869740276,4.8511486,7.59123,3.6433716,3
193983081271327,11872240276,4.8493543,7.590931,3.635894,3
193983083771327,11874740276,4.8496532,7.602596,3.6484563,3
193983086271327,11877240276,4.855336,7.5996046,3.6505501,3
193983088771327,11879740276,4.859225,7.5981092,3.6696925,3
193983091271327,11882240276,4.87418,7.5942206,3.675974,3
193983093771327,11884740276,4.8658047,7.600203,3.674179,3
193983096271327,11887240276,4.8559346,7.6082788,3.6652062,3
193983098771327,11889740276,4.854439,7.6011004,3.6681972,3
193983101271327,11892240276,4.8532424,7.600203,3.6646078,3
193983103771327,11894740276,4.842774,7.605886,3.6323047,3
193983106271327,11897240276,4.853841,7.6016984,3.6556349,3
193983108771327,11899740276,4.8436713,7.591529,3.6696925,3
193983111271327,11902240276,4.8496532,7.587641,3.649952,3
193983113771327,11904740276,4.8439703,7.5864444,3.6643088,3
193983116271327,11907240276,4.8433723,7.5954175,3.6604204,3
193983118771327,11909740276,4.8391848,7.5981092,3.67059,3
193983121271327,11912240276,4.840082,7.596913,3.649952,3
193983123771327,11914740276,4.833801,7.5942206,3.6400814,3
193983126271327,11917240276,4.8415775,7.5867434,3.6553357,3
193983128771327,11919740276,4.8358946,7.5897346,3.6412778,3
193983131271327,11922240276,4.816453,7.5954175,3.6308093,3
193983133771327,11924740276,4.810471,7.6127653,3.6379876,3
193983136271327,11927240276,4.7919264,7.626823,3.6340995,3
193983138771327,11929740276,4.779663,7.6384883,3.6284165,3
193983141271327,11932240276,4.791029,7.635497,3.6224344,3
193983143771327,11934740276,4.7952166,7.650153,3.6463625,3
193983146271327,11937240276,4.790431,7.6600237,3.6460636,3
193983148771327,11939740276,4.8003016,7.681858,3.6433716,3
193983151271327,11942240276,4.8122654,7.693822,3.6287155,3
193983153771327,11944740276,4.814957,7.7063847,3.615854,3
193983156271327,11947240276,4.817051,7.704291,3.5973098,3
193983158771327,11949740276,4.807181,7.7159557,3.5829527,3
193983161271327,11952240276,4.8035913,7.719545,3.5808592,3
193983163771327,11954740276,4.7949176,7.7312098,3.5623147,3
193983166271327,11957240276,4.785346,7.7380896,3.545864,3
193983168771327,11959740276,4.79073,7.739884,3.559922,3
193983171271327,11962240276,4.7823553,7.7443705,3.5593238,3
193983173771327,11964740276,4.7946186,7.758428,3.5730824,3
193983176271327,11967240276,4.7826543,7.747062,3.5766716,3
193983178771327,11969740276,4.7802615,7.7533436,3.5853457,3
193983181271327,11972240276,4.766802,7.7677007,3.580261,3
193983183771327,11974740276,4.7569313,7.7647095,3.5826538,3
193983186271327,11977240276,4.7563334,7.7733836,3.5787654,3
193983188771327,11979740276,4.7688956,7.7757764,3.5850465,3
193983191271327,11982240276,4.7691946,7.7551384,3.5871403,3
193983193771327,11984740276,4.7676992,7.756335,3.5679977,3
193983196271327,11987240276,4.7772703,7.7494555,3.563212,3
193983198771327,11989740276,4.7973104,7.7410803,3.5557344,3
193983201271327,11992240276,4.7949176,7.7386875,3.5653057,3
193983203771327,11994740276,4.8062835,7.7204423,3.5554354,3
193983206271327,11997240276,4.796114,7.714161,3.546163,3
193983208771327,11999740276,4.8095737,7.716853,3.5356946,3
193983211271327,12002240276,4.8188457,7.6998043,3.5300117,3
193983213771327,12004740276,4.829314,7.688139,3.5237305,3
193983216271327,12007240276,4.8361936,7.6752777,3.5309088,3
193983218771327,12009740276,4.8382874,7.6570325,3.5291142,3
193983221271327,12012240276,4.8385863,7.6609206,3.527619,3
193983223771327,12014740276,4.8239303,7.643872,3.5156546,3
193983226271327,12017240276,4.820341,7.6369925,3.5231323,3
193983228771327,12019740276,4.8116674,7.6250286,3.5102708,3
193983231271327,12022240276,4.802096,7.6136627,3.5084763,3
193983233771327,12024740276,4.8038907,7.616953,3.5144582,3
193983236271327,12027240276,4.8006005,7.609475,3.5246277,3
193983238771327,12029740276,4.7973104,7.595118,3.559922,3
193983241271327,12032240276,4.787141,7.6085777,3.5404801,3
193983243771327,12034740276,4.784449,7.605587,3.545565,3
193983246271327,12037240276,4.788337,7.6106715,3.5623147,3
193983248771327,12039740276,4.7955155,7.614859,3.5530424,3
193983251271327,12042240276,4.7919264,7.61785,3.545266,3
193983253771327,12044740276,4.793123,7.6133633,3.5539398,3
193983256271327,12047240276,4.805386,7.619046,3.5578282,3
193983258771327,12049740276,4.8116674,7.6316085,3.545266,3
193983261271327,12052240276,4.8152566,7.649854,3.5353954,3
193983263771327,12054740276,4.8116674,7.66122,3.5333018,3
193983266271327,12057240276,4.809274,7.6713896,3.522235,3
193983268771327,12059740276,4.8029933,7.6794653,3.5270207,3
193983271271327,12062240276,4.7976093,7.697112,3.5267215,3
193983273771327,12064740276,4.79402,7.704291,3.5132618,3
193983276271327,12067240276,4.799703,7.7207413,3.5150564,3
193983278771327,12069740276,4.800002,7.7353973,3.5204403,3
193983281271327,12072240276,4.7880383,7.7554374,3.5261233,3
193983283771327,12074740276,4.781458,7.7739816,3.5356946,3
193983286271327,12077240276,4.7715874,7.7853475,3.513561,3
193983288771327,12079740276,4.751847,7.79133,3.521936,3
193983291271327,12082240276,4.7455654,7.8089767,3.5300117,3
193983293771327,12084740276,4.744668,7.8086777,3.5440695,3
193983296271327,12087240276,4.744369,7.8107715,3.5727832,3
193983298771327,12089740276,4.742275,7.810472,3.5712879,3
193983301271327,12092240276,4.7428737,7.8140616,3.574877,3
193983303771327,12094740276,4.733003,7.820941,3.5790644,3
193983306271327,12097240276,4.726423,7.8197446,3.562913,3
193983308771327,12099740276,4.7171507,7.8317084,3.5593238,3
193983311271327,12102240276,4.7192445,7.8296146,3.5590246,3
193983313771327,12104740276,4.7138605,7.8260255,3.5497525,3
193983316271327,12107240276,4.723432,7.8140616,3.5584264,3
193983318771327,12109740276,4.726124,7.830811,3.5491543,3
193983321271327,12112240276,4.7365923,7.829914,3.5491543,3
193983323771327,12114740276,4.731508,7.821539,3.5527434,3
193983326271327,12117240276,4.7359943,7.8089767,3.5536408,3
193983328771327,12119740276,4.7449675,7.8083787,3.5560336,3
193983331271327,12122240276,4.7506504,7.7832537,3.5470605,3
193983333771327,12124740276,4.761119,7.793124,3.5333018,3
193983336271327,12127240276,4.7548375,7.766205,3.548556,3
193983338771327,12129740276,4.7563334,7.763214,3.5422747,3
193983341271327,12132240276,4.7629137,7.7446694,3.551547,3
193983343771327,12134740276,4.764409,7.739286,3.5464623,3
193983346271327,12137240276,4.7742796,7.743174,3.5551362,3
193983348771327,12139740276,4.792824,7.7243304,3.5712879,3
193983351271327,12142240276,4.7955155,7.7159557,3.577868,3
193983353771327,12144740276,4.7949176,7.7033935,3.5736806,3
193983356271327,12147240276,4.7892346,7.6836524,3.5650067,3
193983358771327,12149740276,4.7880383,7.6746798,3.5715868,3
193983361271327,12152240276,4.793721,7.666903,3.5566318,3
193983363771327,12154740276,4.7919264,7.6567335,3.5497525,3
193983366271327,12157240276,4.7862434,7.6516485,3.5383866,3
193983368771327,12159740276,4.778766,7.652247,3.5554354,3
193983371271327,12162240276,4.781458,7.6328053,3.5437703,3
193983373771327,12164740276,4.788935,7.6345997,3.5437703,3
193983376271327,12167240276,4.800002,7.64118,3.5530424,3
193983378771327,12169740276,4.802395,7.646564,3.5700915,3
193983381271327,12172240276,4.793721,7.652845,3.5494533,3
193983383771327,12174740276,4.7979083,7.64447,3.539583,3
193983386271327,12177240276,4.7988057,7.6537423,3.5482569,3
193983388771327,12179740276,4.7913284,7.6603227,3.5297124,3
193983391271327,12182240276,4.791029,7.6743803,3.4980075,3
193983393771327,12184740276,4.7781677,7.6803627,3.5001013,3
193983396271327,12187240276,4.7515473,7.6959157,3.5090744,3
193983398771327,12189740276,4.7341995,7.699206,3.5087752,3
193983401271327,12192240276,4.7455654,7.718947,3.4911282,3
193983403771327,12194740276,4.747659,7.725527,3.4800615,3
193983406271327,12197240276,4.750351,7.732107,3.4680972,3
193983408771327,12199740276,4.761119,7.75125,3.458227,3
193983411271327,12202240276,4.766802,7.7623167,3.460919,3
193983413771327,12204740276,4.76082,7.763812,3.4689946,3
193983416271327,12207240276,4.7548375,7.770991,3.484548,3
193983418771327,12209740276,4.753641,7.7883387,3.4764721,3
193983421271327,12212240276,4.7431726,7.8197446,3.4851463,3
193983423771327,12214740276,4.7222357,7.8236327,3.4803605,3
193983426271327,12217240276,4.697709,7.8320074,3.490231,3
193983428771327,12219740276,4.693821,7.8373914,3.4941192,3
193983431271327,12222240276,4.67737,7.8424764,3.4872398,3
193983433771327,12224740276,4.6543393,7.870592,3.525824,3
193983436271327,12227240276,4.6549373,7.8610206,3.5303106,3
193983438771327,12229740276,4.656732,7.873882,3.5356946,3
193983441271327,12232240276,4.663013,7.876574,3.548556,3
193983443771327,12234740276,4.668696,7.877172,3.5386856,3
193983446271327,12237240276,4.6767716,7.8643107,3.5350964,3
193983448771327,12239740276,4.6878386,7.8667035,3.5324044,3
193983451271327,12242240276,4.708776,7.8547397,3.545864,3
193983453771327,12244740276,4.720441,7.8403826,3.5596228,3
193983456271327,12247240276,4.7282176,7.8349986,3.5362928,3
193983458771327,12249740276,4.7419763,7.813762,3.5410783,3
193983461271327,12252240276,4.7548375,7.780861,3.5267215,3
193983463771327,12254740276,4.761717,7.769196,3.5446677,3
193983466271327,12257240276,4.7727838,7.7443705,3.5183465,3
193983468771327,12259740276,4.7841496,7.7362947,3.5273197,3
193983471271327,12262240276,4.7805605,7.7177505,3.5464623,3
193983473771327,12264740276,4.7862434,7.6998043,3.5617166,3
193983476271327,12267240276,4.7916274,7.678867,3.559922,3
193983478771327,12269740276,4.7991047,7.6426754,3.5745778,3
193983481271327,12272240276,4.79073,7.641778,3.6089747,3
193983483771327,12274740276,4.7970114,7.632506,3.6023946,3
193983486271327,12277240276,4.790132,7.6130643,3.6116667,3
193983488771327,12279740276,4.7823553,7.590931,3.6287155,3
193983491271327,12282240276,4.7694936,7.5843506,3.6308093,3
193983493771327,12284740276,4.7620163,7.5696945,3.6373894,3
193983496271327,12287240276,4.753043,7.5676007,3.6335013,3
193983498771327,12289740276,4.7602215,7.5786676,3.621238,3
193983501271327,12292240276,4.7656054,7.5930243,3.618247,3
193983503771327,12294740276,4.768297,7.5828547,3.595515,3
193983506271327,12297240276,4.7775693,7.5807614,3.5799618,3
193983508771327,12299740276,4.7913284,7.577172,3.5703905,3
193983511271327,12302240276,4.8119664,7.5936227,3.5784662,3
193983513771327,12304740276,4.8122654,7.5963144,3.5539398,3
193983516271327,12307240276,4.81406,7.6202426,3.5605202,3
193983518771327,12309740276,4.8191447,7.624131,3.5407794,3
193983521271327,12312240276,4.8041897,7.6334033,3.5279179,3
193983523771327,12314740276,4.795815,7.645068,3.5243287,3
193983526271327,12317240276,4.796712,7.6680994,3.5252259,3
193983528771327,12319740276,4.7979083,7.6863446,3.5273197,3
193983531271327,12322240276,4.794319,7.710273,3.5300117,3
193983533771327,12324740276,4.7832522,7.7036924,3.554239,3
193983536271327,12327240276,4.7880383,7.7330046,3.5377884,3
193983538771327,12329740276,4.7898326,7.7473617,3.5527434,3
193983541271327,12332240276,4.788935,7.752745,3.5533416,3
193983543771327,12334740276,4.773681,7.7685976,3.5365918,3
193983546271327,12337240276,4.8026943,7.7757764,3.522833,3
193983548771327,12339740276,4.7826543,7.7685976,3.5096726,3
193983551271327,12342240276,4.779663,7.773084,3.5030923,3
193983553771327,12344740276,4.759324,7.791928,3.5012977,3
193983556271327,12347240276,4.761418,7.794919,3.5072799,3
193983558771327,12349740276,4.767101,7.792227,3.5090744,3
193983561271327,12352240276,4.7602215,7.801499,3.519543,3
193983563771327,12354740276,4.781757,7.8113694,3.5183465,3
193983566271327,12357240276,4.7865424,7.804191,3.4980075,3
193983568771327,12359740276,4.788636,7.794919,3.5144582,3
193983571271327,12362240276,4.792525,7.794919,3.5243287,3
193983573771327,12364740276,4.791029,7.7883387,3.525824,3
193983576271327,12367240276,4.809274,7.775178,3.5353954,3
193983578771327,12369740276,4.8122654,7.7757764,3.53719,3
193983581271327,12372240276,4.8305106,7.7608213,3.516552,3
193983583771327,12374740276,4.8376894,7.7536426,3.5318062,3
193983586271327,12377240276,4.8439703,7.739286,3.5186458,3
193983588771327,12379740276,4.8589253,7.7273216,3.5168512,3
193983591271327,12382240276,4.8625145,7.7162547,3.5240295,3
193983593771327,12384740276,4.8625145,7.7004023,3.5141592,3
193983596271327,12387240276,4.857131,7.693523,3.513561,3
193983598771327,12389740276,4.8442693,7.6779695,3.5144582,3
193983601271327,12392240276,4.831707,7.669595,3.5126636,3
193983603771327,12394740276,4.8355956,7.6746798,3.5090744,3
193983606271327,12397240276,4.842176,7.670193,3.4953158,3
193983608771327,12399740276,4.852345,7.6678,3.487539,3
193983611271327,12402240276,4.857729,7.6609206,3.498905,3
193983613771327,12404740276,4.8511486,7.6567335,3.5252259,3
193983616271327,12407240276,4.8649077,7.6609206,3.5102708,3
193983618771327,12409740276,4.8601217,7.663613,3.5093734,3
193983621271327,12412240276,4.85414,7.6698937,3.5246277,3
193983623771327,12414740276,4.852345,7.6827555,3.5171502,3
193983626271327,12417240276,4.8529434,7.6806617,3.4977086,3
193983628771327,12419740276,4.840082,7.662117,3.4965122,3
193983631271327,12422240276,4.8290153,7.6776705,3.5004005,3
193983633771327,12424740276,4.8290153,7.6887374,3.5180476,3
193983636271327,12427240276,4.8251266,7.6998043,3.5201411,3
193983638771327,12429740276,4.8035913,7.687541,3.5174494,3
193983641271327,12432240276,4.7976093,7.700701,3.5099716,3
193983643771327,12434740276,4.7979083,7.7159557,3.5036905,3
193983646271327,12437240276,4.7808595,7.7072816,3.4926238,3
193983648771327,12439740276,4.775775,7.71117,3.4890344,3
193983651271327,12442240276,4.770391,7.7180495,3.4866416,3
193983653771327,12444740276,4.7626143,7.7330046,3.4695928,3
193983656271327,12447240276,4.744369,7.744969,3.4456646,3
193983658771327,12449740276,4.7470613,7.7425756,3.4612179,3
193983661271327,12452240276,4.7455654,7.75783,3.4462628,3
193983663771327,12454740276,4.7231326,7.7703924,3.4513476,3
193983666271327,12457240276,4.7267222,7.7832537,3.4630125,3
193983668771327,12459740276,4.727619,7.7976108,3.4570305,3
193983671271327,12462240276,4.725825,7.806584,3.4782667,3
193983673771327,12464740276,4.7156553,7.829914,3.5156546,3
193983676271327,12467240276,4.706981,7.835896,3.5060835,3
193983678771327,12469740276,4.7195435,7.850253,3.5123646,3
193983681271327,12472240276,4.7084765,7.865208,3.5189447,3
193983683771327,12474740276,4.705785,7.8667035,3.5099716,3
193983686271327,12477240276,4.6956153,7.868199,3.5096726,3
193983688771327,12479740276,4.701298,7.882257,3.5021951,3
193983691271327,12482240276,4.6911287,7.8637123,3.4968112,3
193983693771327,12484740276,4.6989055,7.867601,3.4974093,3
193983696271327,12487240276,4.7135615,7.8756766,3.482155,3
193983698771327,12489740276,4.7165527,7.873882,3.481856,3
193983701271327,12492240276,4.723731,7.8661056,3.4794633,3
193983703771327,12494740276,4.7303114,7.852945,3.4836507,3
193983706271327,12497240276,4.7515473,7.8460655,3.4639099,3
193983708771327,12499740276,4.747659,7.833204,3.4704902,3
193983711271327,12502240276,4.7656054,7.826624,3.4908292,3
193983713771327,12504740276,4.752744,7.8284183,3.4809587,3
193983716271327,12507240276,4.7482576,7.8206415,3.4734812,3
193983718771327,12509740276,4.7506504,7.8012,3.4827533,3
193983721271327,12512240276,4.7563334,7.785647,3.5012977,3
193983723771327,12514740276,4.7596235,7.780861,3.4749768,3
193983726271327,12517240276,4.7659044,7.765607,3.4833515,3
193983728771327,12519740276,4.7799625,7.7533436,3.493521,3
193983731271327,12522240276,4.775476,7.7276206,3.4983068,3
193983733771327,12524740276,4.779065,7.704291,3.5084763,3
193983736271327,12527240276,4.7835517,7.6827555,3.5237305,3
193983738771327,12529740276,4.7979083,7.6737823,3.5300117,3
193983741271327,12532240276,4.8026943,7.6657066,3.5303106,3
193983743771327,12534740276,4.8026943,7.647461,3.5620155,3
193983746271327,12537240276,4.8041897,7.632506,3.5635111,3
193983748771327,12539740276,4.8041897,7.619046,3.5554354,3
193983751271327,12542240276,4.801797,7.6127653,3.557529,3
193983753771327,12544740276,4.8026943,7.615756,3.542574,3
193983756271327,12547240276,4.8116674,7.602297,3.5261233,3
193983758771327,12549740276,4.810471,7.62443,3.551547,3
193983761271327,12552240276,4.790132,7.61785,3.5252259,3
193983763771327,12554740276,4.781757,7.6199436,3.521936,3
193983766271327,12557240276,4.7688956,7.6280193,3.522235,3
193983768771327,12559740276,4.766802,7.6423764,3.5264223,3
193983771271327,12562240276,4.746164,7.6630144,3.5093734,3
193983773771327,12564740276,4.733302,7.6755767,3.5063825,3
193983776271327,12567240276,4.733003,7.68784,3.5350964,3
193983778771327,12569740276,4.726423,7.719844,3.5506496,3
193983781271327,12572240276,4.7165527,7.7419777,3.546163,3
193983783771327,12574740276,4.7225347,7.764111,3.53719,3
193983786271327,12577240276,4.711169,7.767401,3.5428731,3
193983788771327,12579740276,4.727021,7.7820573,3.5243287,3
193983791271327,12582240276,4.714459,7.7910304,3.5132618,3
193983793771327,12584740276,4.723432,7.7979097,3.5096726,3
193983796271327,12587240276,4.7509494,7.795517,3.498905,3
193983798771327,12589740276,4.753043,7.8012,3.4911282,3
193983801271327,12592240276,4.7578287,7.803892,3.4794633,3
193983803771327,12594740276,4.7826543,7.8170524,3.4752758,3
193983806271327,12597240276,4.793123,7.818847,3.4797623,3
193983808771327,12599740276,4.8006005,7.8050885,3.4770703,3
193983811271327,12602240276,4.8095737,7.792825,3.475874,3
193983813771327,12604740276,4.8266225,7.785647,3.4842489,3
193983816271327,12607240276,4.8320065,7.776973,3.493222,3
193983818771327,12609740276,4.8394837,7.7623167,3.49053,3
193983821271327,12612240276,4.8341,7.745567,3.5096726,3
193983823771327,12614740276,4.842176,7.730612,3.4995031,3
193983826271327,12617240276,4.85414,7.7294154,3.5114672,3
193983828771327,12619740276,4.857729,7.7108707,3.5210385,3
193983831271327,12622240276,4.8643093,7.6806617,3.5174494,3
193983833771327,12624740276,4.8696933,7.6573315,3.531208,3
193983836271327,12627240276,4.879863,7.637292,3.5491543,3
193983838771327,12629740276,4.881657,7.617551,3.551846,3
193983841271327,12632240276,4.889733,7.5933237,3.5766716,3
193983843771327,12634740276,4.877769,7.5942206,3.5557344,3
193983846271327,12637240276,4.8708897,7.579565,3.5605202,3
193983848771327,12639740276,4.863113,7.5750785,3.5790644,3
193983851271327,12642240276,4.857729,7.563114,3.5901313,3
193983853771327,12644740276,4.846363,7.5583286,3.5856447,3
193983856271327,12647240276,4.8290153,7.5664043,3.5796626,3
193983858771327,12649740276,4.8290153,7.5759754,3.6005998,3
193983861271327,12652240276,4.8299127,7.580163,3.6179478,3
193983863771327,12654740276,4.8233323,7.5903325,3.626921,3
193983866271327,12657240276,4.8101716,7.6011004,3.6376886,3
193983868771327,12659740276,4.819743,7.612167,3.630211,3
193983871271327,12662240276,4.819743,7.6181493,3.5997026,3
193983873771327,12664740276,4.8305106,7.6366935,3.6080775,3
193983876271327,12667240276,4.834997,7.64447,3.60718,3
193983878771327,12669740276,4.85414,7.6453676,3.5931222,3
193983881271327,12672240276,4.8658047,7.652845,3.5706897,3
193983883771327,12674740276,4.8738804,7.661519,3.5614173,3
193983886271327,12677240276,4.8855457,7.679166,3.5611184,3
193983888771327,12679740276,4.8954163,7.6803627,3.5324044,3
193983891271327,12682240276,4.915755,7.6836524,3.5300117,3
193983893771327,12684740276,4.9256253,7.69113,3.5189447,3
193983896271327,12687240276,4.919045,7.7010007,3.5066817,3
193983898771327,12689740276,4.9007998,7.714161,3.4827533,3
193983901271327,12692240276,4.896014,7.7204423,3.4707892,3
193983903771327,12694740276,4.866702,7.7213397,3.4630125,3
193983906271327,12697240276,4.831109,7.752745,3.469892,3
193983908771327,12699740276,4.8035913,7.7679996,3.4677982,3
193983911271327,12702240276,4.7781677,7.776674,3.4621153,3
193983913771327,12704740276,4.755137,7.8059855,3.4543386,3
193983916271327,12707240276,4.7485566,7.8317084,3.4797623,3
193983918771327,12709740276,4.74078,7.83799,3.4800615,3
193983921271327,12712240276,4.72074,7.8403826,3.502494,3
193983923771327,12714740276,4.711169,7.842177,3.510869,3
193983926271327,12717240276,4.7078786,7.8523464,3.5057843,3
193983928771327,12719740276,4.712664,7.8610206,3.5030923,3
193983931271327,12722240276,4.711169,7.8604226,3.5021951,3
193983933771327,12724740276,4.7138605,7.8720875,3.4725838,3
193983936271327,12727240276,4.706981,7.87119,3.4298122,3
193983938771327,12729740276,4.7027936,7.8499537,3.4426737,3
193983941271327,12732240276,4.701298,7.847561,3.420839,3
193983943771327,12734740276,4.7153563,7.8463645,3.41725,3
193983946271327,12737240276,4.7225347,7.846963,3.420839,3
193983948771327,12739740276,4.730012,7.841579,3.4274194,3
193983951271327,12742240276,4.746762,7.8403826,3.4657044,3
193983953771327,12744740276,4.7419763,7.8293157,3.4501512,3
193983956271327,12747240276,4.7572303,7.833204,3.4683964,3
193983958771327,12749740276,4.7542396,7.8203425,3.4806597,3
193983961271327,12752240276,4.755436,7.810472,3.4722848,3
193983963771327,12754740276,4.749454,7.804191,3.4669008,3
193983966271327,12757240276,4.749454,7.7979097,3.4716866,3
193983968771327,12759740276,4.750052,7.7874413,3.4489548,3
193983971271327,12762240276,4.747958,7.7700934,3.458825,3
193983973771327,12764740276,4.740481,7.758129,3.4462628,3
193983976271327,12767240276,4.74078,7.752446,3.4423745,3
193983978771327,12769740276,4.732704,7.7422767,3.4594233,3
193983981271327,12772240276,4.7252264,7.748558,3.4672,3
193983983771327,12774740276,4.7371907,7.735996,3.4926238,3
193983986271327,12777240276,4.7359943,7.7386875,3.4806597,3
193983988771327,12779740276,4.7392845,7.72792,3.5120654,3
193983991271327,12782240276,4.7428737,7.722237,3.5147574,3
193983993771327,12784740276,4.7455654,7.7096744,3.5093734,3
193983996271327,12787240276,4.7596235,7.7063847,3.4974093,3
193983998771327,12789740276,4.766503,7.7004023,3.5004005,3
193984001271327,12792240276,4.7709894,7.699206,3.508177,3
193984003771327,12794740276,4.746164,7.690532,3.4977086,3
193984006271327,12797240276,4.747659,7.684251,3.4908292,3
193984008771327,12799740276,4.7428737,7.6920276,3.4974093,3
193984011271327,12802240276,4.7398825,7.706085,3.504588,3
193984013771327,12804740276,4.743771,7.696215,3.5189447,3
193984016271327,12807240276,4.74078,7.696813,3.534199,3
193984018771327,12809740276,4.725526,7.702795,3.534199,3
193984021271327,12812240276,4.732704,7.71117,3.534199,3
193984023771327,12814740276,4.7162533,7.717152,3.554538,3
193984026271327,12817240276,4.726124,7.7416787,3.565904,3
193984028771327,12819740276,4.7228336,7.749156,3.55723,3
193984031271327,12822240276,4.7192445,7.749156,3.5892339,3
193984033771327,12824740276,4.7285166,7.744969,3.6113675,3
193984036271327,12827240276,4.7249274,7.748558,3.6047873,3
193984038771327,12829740276,4.733302,7.758428,3.5994034,3
193984041271327,12832240276,4.7368917,7.758129,3.6194434,3
193984043771327,12834740276,4.7434716,7.7464643,3.6260235,3
193984046271327,12837240276,4.759025,7.742875,3.6209388,3
193984048771327,12839740276,4.764409,7.7422767,3.611966,3
193984051271327,12842240276,4.761418,7.7276206,3.6364923,3
193984053771327,12844740276,4.7775693,7.7207413,3.6323047,3
193984056271327,12847240276,4.7778687,7.7126656,3.6481571,3
193984058771327,12849740276,4.790132,7.708478,3.6466618,3
193984061271327,12852240276,4.7919264,7.7012997,3.6583266,3
193984063771327,12854740276,4.8011985,7.6950183,3.6553357,3
193984066271327,12857240276,4.795815,7.682157,3.6427734,3
193984068771327,12859740276,4.80748,7.6698937,3.662215,3
193984071271327,12862240276,4.8035913,7.667501,3.676871,3
193984073771327,12864740276,4.8011985,7.6624165,3.6690943,3
193984076271327,12867240276,4.8029933,7.6570325,3.659224,3
193984078771327,12869740276,4.7946186,7.641479,3.664907,3
193984081271327,12872240276,4.793123,7.639385,3.6664026,3
193984083771327,12874740276,4.7934217,7.640881,3.6801612,3
193984086271327,12877240276,4.796114,7.629814,3.675974,3
193984088771327,12879740276,4.8008995,7.6217384,3.6807594,3
193984091271327,12882240276,4.808975,7.6067834,3.685246,3
193984093771327,12884740276,4.8122654,7.5999036,3.6693935,3
193984096271327,12887240276,4.7976093,7.594819,3.638885,3
193984098771327,12889740276,4.793123,7.5867434,3.6568313,3
193984101271327,12892240276,4.7895336,7.585846,3.6544385,3
193984103771327,12894740276,4.7946186,7.5867434,3.6343985,3
193984106271327,12897240276,4.7955155,7.578368,3.6317065,3
193984108771327,12899740276,4.796413,7.5735826,3.6379876,3
193984111271327,12902240276,4.820341,7.57777,3.6430724,3
193984113771327,12904740276,4.8355956,7.5729847,3.6400814,3
193984116271327,12907240276,4.8502517,7.574779,3.6364923,3
193984118771327,12909740276,4.872086,7.5735826,3.615854,3
193984121271327,12912240276,4.889434,7.5613194,3.6355948,3
193984123771327,12914740276,4.892126,7.5607214,3.6188452,3
193984126271327,12917240276,4.894519,7.576873,3.5844483,3
193984128771327,12919740276,4.896014,7.5816584,3.5709887,3
193984131271327,12922240276,4.900501,7.577172,3.545565,3
193984133771327,12924740276,4.8939204,7.5699935,3.5075788,3
193984136271327,12927240276,4.9031925,7.580462,3.5012977,3
193984138771327,12929740276,4.896014,7.5843506,3.4929228,3
193984141271327,12932240276,4.8966126,7.59452,3.4986057,3
193984143771327,12934740276,4.887041,7.6103725,3.5171502,3
193984146271327,12937240276,4.8771706,7.626823,3.5180476,3
193984148771327,12939740276,4.8619165,7.648658,3.5123646,3
193984151271327,12942240276,4.854738,7.6678,3.5291142,3
193984153771327,12944740276,4.8448677,7.678867,3.5374892,3
193984156271327,12947240276,4.84068,7.6941214,3.5306098,3
193984158771327,12949740276,4.828118,7.70788,3.5171502,3
193984161271327,12952240276,4.8137608,7.719545,3.5048869,3
193984163771327,12954740276,4.80748,7.7425756,3.5126636,3
193984166271327,12957240276,4.8038907,7.757531,3.4971104,3
193984168771327,12959740276,4.788337,7.7853475,3.498905,3
193984171271327,12962240276,4.7727838,7.8053875,3.478566,3
193984173771327,12964740276,4.773382,7.82453,3.496213,3
193984176271327,12967240276,4.7772703,7.829914,3.495914,3
193984178771327,12969740276,4.792525,7.8376904,3.4851463,3
193984181271327,12972240276,4.7841496,7.855936,3.481557,3
193984183771327,12974740276,4.787141,7.8664045,3.487838,3
193984186271327,12977240276,4.781458,7.862516,3.4621153,3
193984188771327,12979740276,4.7895336,7.8637123,3.444169,3
193984191271327,12982240276,4.799703,7.861918,3.444169,3
193984193771327,12984740276,4.8003016,7.865507,3.4339995,3
193984196271327,12987240276,4.814658,7.8523464,3.4339995,3
193984198771327,12989740276,4.810471,7.8490562,3.42383,3
193984201271327,12992240276,4.801797,7.8436728,3.4229329,3
193984203771327,12994740276,4.8026943,7.832307,3.4127634,3
193984206271327,12997240276,4.8035913,7.8376904,3.4274194,3
193984208771327,12999740276,4.8065825,7.8433733,3.4360933,3
193984211271327,13002240276,4.796114,7.826923,3.4366915,3
193984213771327,13004740276,4.7862434,7.835896,3.4474592,3
193984216271327,13007240276,4.787141,7.8170524,3.4558342,3
193984218771327,13009740276,4.784449,7.809874,3.4576287,3
193984221271327,13012240276,4.779065,7.8003025,3.4716866,3
193984223771327,13014740276,4.77398,7.7847495,3.4761732,3
193984226271327,13017240276,4.769793,7.7826557,3.4941192,3
193984228771327,13019740276,4.766503,7.7611203,3.4968112,3
193984231271327,13022240276,4.756034,7.7473617,3.5084763,3
193984233771327,13024740276,4.7629137,7.730313,3.505186,3
193984236271327,13027240276,4.7632127,7.711469,3.4953158,3
193984238771327,13029740276,4.755735,7.7096744,3.5087752,3
193984241271327,13032240276,4.7524447,7.7054873,3.5066817,3
193984243771327,13034740276,4.7431726,7.699505,3.5150564,3
193984246271327,13037240276,4.746762,7.696215,3.519244,3
193984248771327,13039740276,4.7635117,7.68784,3.5270207,3
193984251271327,13042240276,4.776074,7.68455,3.53719,3
193984253771327,13044740276,4.773382,7.687242,3.5581272,3
193984256271327,13047240276,4.76411,7.6752777,3.5766716,3
193984258771327,13049740276,4.772485,7.679166,3.5826538,3
193984261271327,13052240276,4.7859445,7.682456,3.5847473,3
193984263771327,13054740276,4.79073,7.678568,3.5769708,3
193984266271327,13057240276,4.78744,7.664211,3.5784662,3
193984268771327,13059740276,4.7799625,7.6624165,3.5754752,3
193984271271327,13062240276,4.772485,7.6570325,3.580261,3
193984273771327,13064740276,4.7748775,7.6549387,3.585944,3
193984276271327,13067240276,4.7832522,7.665407,3.5967116,3
193984278771327,13069740276,4.7946186,7.6660056,3.6053855,3
193984281271327,13072240276,4.788935,7.667501,3.6200416,3
193984283771327,13074740276,4.7976093,7.666903,3.632604,3
193984286271327,13077240276,4.80748,7.66122,3.6257246,3
193984288771327,13079740276,4.8006005,7.6633134,3.6308093,3
193984291271327,13082240276,4.7979083,7.6552377,3.6370904,3
193984293771327,13084740276,4.790431,7.655836,3.6523447,3
193984296271327,13087240276,4.779364,7.647461,3.6550367,3
193984298771327,13089740276,4.769793,7.661818,3.636193,3
193984301271327,13092240276,4.7656054,7.656434,3.6400814,3
193984303771327,13094740276,4.753342,7.648957,3.630211,3
193984306271327,13097240276,4.7458644,7.6549387,3.6113675,3
193984308771327,13099740276,4.720142,7.656135,3.615854,3
193984311271327,13102240276,4.7246284,7.661519,3.6194434,3
193984313771327,13104740276,4.70728,7.6683984,3.612863,3
193984316271327,13107240276,4.6950173,7.6773715,3.621238,3
193984318771327,13109740276,4.700401,7.681559,3.6200416,3
193984321271327,13112240276,4.706383,7.692925,3.6173496,3
193984323771327,13114740276,4.711169,7.707581,3.6308093,3
193984326271327,13117240276,4.723432,7.7069826,3.6110685,3
193984328771327,13119740276,4.7165527,7.718947,3.603591,3
193984331271327,13122240276,4.714758,7.7258263,3.6047873,3
193984333771327,13124740276,4.7165527,7.7362947,3.5790644,3
193984336271327,13127240276,4.7102714,7.7330046,3.5611184,3
193984338771327,13129740276,4.712365,7.734201,3.5509489,3
193984341271327,13132240276,4.7117667,7.7560353,3.5491543,3
193984343771327,13134740276,4.705486,7.760223,3.546163,3
193984346271327,13137240276,4.7099724,7.771888,3.5650067,3
193984348771327,13139740276,4.703691,7.783553,3.5715868,3
193984351271327,13142240276,4.7007003,7.7946196,3.5644085,3
193984353771327,13144740276,4.698008,7.801499,3.5548372,3
193984356271327,13147240276,4.705785,7.819146,3.5727832,3
193984358771327,13149740276,4.7009993,7.832307,3.5635111,3
193984361271327,13152240276,4.726124,7.8077803,3.559922,3
193984363771327,13154740276,4.7141595,7.810173,3.531507,3
193984366271327,13157240276,4.7081776,7.8020973,3.5204403,3
193984368771327,13159740276,4.718048,7.7910304,3.5156546,3
193984371271327,13162240276,4.7371907,7.801499,3.5060835,3
193984373771327,13164740276,4.749753,7.8000035,3.5036905,3
193984376271327,13167240276,4.7371907,7.78774,3.504588,3
193984378771327,13169740276,4.747659,7.789236,3.5090744,3
193984381271327,13172240276,4.7506504,7.791629,3.5027933,3
193984383771327,13174740276,4.761717,7.780562,3.508177,3
193984386271327,13177240276,4.770391,7.771589,3.5027933,3
193984388771327,13179740276,4.7778687,7.7775707,3.481856,3
193984391271327,13182240276,4.7808595,7.7685976,3.4833515,3
193984393771327,13184740276,4.7742796,7.765906,3.4585261,3
193984396271327,13187240276,4.7766724,7.752745,3.4746776,3
193984398771327,13189740276,4.766802,7.7530446,3.4654055,3
193984401271327,13192240276,4.7676992,7.7473617,3.4543386,3
193984403771327,13194740276,4.7470613,7.7365937,3.4603207,3
193984406271327,13197240276,4.752146,7.7560353,3.4791641,3
193984408771327,13199740276,4.743771,7.743473,3.4767714,3
193984411271327,13202240276,4.74736,7.7551384,3.4953158,3
193984413771327,13204740276,4.732405,7.754839,3.507878,3
193984416271327,13207240276,4.7309093,7.745268,3.513561,3
193984418771327,13209740276,4.7309093,7.7647095,3.5099716,3
193984421271327,13212240276,4.7368917,7.7647095,3.4956148,3
193984423771327,13214740276,4.7282176,7.7503524,3.4944184,3
193984426271327,13217240276,4.7231326,7.7685976,3.4980075,3
193984428771327,13219740276,4.7222357,7.7644105,3.4794633,3
193984431271327,13222240276,4.72732,7.754241,3.4630125,3
193984433771327,13224740276,4.735695,7.7614193,3.4621153,3
193984436271327,13227240276,4.743771,7.7623167,3.4420755,3
193984438771327,13229740276,4.7545385,7.7799635,3.4483566,3
193984441271327,13232240276,4.753342,7.77787,3.4366915,3
193984443771327,13234740276,4.778766,7.77787,3.4432719,3
193984446271327,13237240276,4.784748,7.7790666,3.4606197,3
193984448771327,13239740276,4.7988057,7.7832537,3.4564323,3
193984451271327,13242240276,4.816752,7.791928,3.4746776,3
193984453771327,13244740276,4.8155556,7.7904325,3.482155,3
193984456271327,13247240276,4.8191447,7.7814593,3.4863427,3
193984458771327,13249740276,4.814658,7.798807,3.4740794,3
193984461271327,13252240276,4.8242297,7.795816,3.4669008,3
193984463771327,13254740276,4.814658,7.786544,3.4486556,3
193984466271327,13257240276,4.7973104,7.7757764,3.4510484,3
193984468771327,13259740276,4.779364,7.7700934,3.458227,3
193984471271327,13262240276,4.778766,7.780263,3.4791641,3
193984473771327,13264740276,4.7745786,7.765906,3.4950166,3
193984476271327,13267240276,4.7599225,7.763812,3.507878,3
193984478771327,13269740276,4.7548375,7.7566338,3.5333018,3
193984481271327,13272240276,4.7506504,7.754241,3.5359936,3
193984483771327,13274740276,4.7458644,7.7572317,3.5318062,3
193984486271327,13277240276,4.749454,7.75454,3.5494533,3
193984488771327,13279740276,4.753043,7.7464643,3.554239,3
193984491271327,13282240276,4.7691946,7.731808,3.560221,3
193984493771327,13284740276,4.778766,7.7330046,3.5617166,3
193984496271327,13287240276,4.788337,7.731509,3.551547,3
193984498771327,13289740276,4.808975,7.7207413,3.5428731,3
193984501271327,13292240276,4.8125644,7.7150583,3.539583,3
193984503771327,13294740276,4.833203,7.7066836,3.539583,3
193984506271327,13297240276,4.8559346,7.697112,3.5467613,3
193984508771327,13299740276,4.866104,7.678867,3.5321052,3
193984511271327,13302240276,4.8909297,7.6794653,3.5321052,3
193984513771327,13304740276,4.9031925,7.6722865,3.5294135,3
193984516271327,13307240276,4.901398,7.656434,3.5324044,3
193984518771327,13309740276,4.8900323,7.6516485,3.5261233,3
193984521271327,13312240276,4.9049873,7.6483583,3.5060835,3
193984523771327,13314740276,4.892724,7.6343007,3.5030923,3
193984526271327,13317240276,4.8732824,7.629814,3.4971104,3
193984528771327,13319740276,4.851448,7.6289167,3.4965122,3
193984531271327,13322240276,4.842475,7.6259255,3.5132618,3
193984533771327,13324740276,4.8394837,7.6307116,3.5201411,3
193984536271327,13327240276,4.847859,7.622935,3.5437703,3
193984538771327,13329740276,4.8329034,7.6259255,3.5509489,3
193984541271327,13332240276,4.8125644,7.6348987,3.5623147,3
193984543771327,13334740276,4.8182473,7.6396847,3.5596228,3
193984546271327,13337240276,4.8098726,7.6343007,3.5569308,3
193984548771327,13339740276,4.8122654,7.635796,3.566203,3
193984551271327,13342240276,4.816752,7.6348987,3.5449667,3
193984553771327,13344740276,4.822136,7.643573,3.5464623,3
193984556271327,13347240276,4.835296,7.631908,3.5362928,3
193984558771327,13349740276,4.852345,7.642975,3.5288153,3
193984561271327,13352240276,4.861318,7.6334033,3.5189447,3
193984563771327,13354740276,4.868796,7.63789,3.505186,3
193984566271327,13357240276,4.8675995,7.641479,3.5066817,3
193984568771327,13359740276,4.871787,7.6396847,3.501597,3
193984571271327,13362240276,4.866403,7.656135,3.4923246,3
193984573771327,13364740276,4.8640103,7.6603227,3.4971104,3
193984576271327,13367240276,4.8732824,7.669595,3.505186,3
193984578771327,13369740276,4.86072,7.669595,3.5105698,3
193984581271327,13372240276,4.863412,7.6794653,3.5174494,3
193984583771327,13374740276,4.8565326,7.6740813,3.5333018,3
193984586271327,13377240276,4.833502,7.68784,3.504588,3
193984588771327,13379740276,4.825725,7.6944203,3.5210385,3
193984591271327,13382240276,4.8176494,7.693822,3.521936,3
193984593771327,13384740276,4.80748,7.697112,3.5144582,3
193984596271327,13387240276,4.8003016,7.7033935,3.5036905,3
193984598771327,13389740276,4.795815,7.719844,3.5168512,3
193984601271327,13392240276,4.793123,7.7419777,3.513561,3
193984603771327,13394740276,4.7922254,7.7440715,3.507878,3
193984606271327,13397240276,4.7880383,7.760223,3.4983068,3
193984608771327,13399740276,4.7898326,7.772785,3.4917264,3
193984611271327,13402240276,4.7859445,7.7823567,3.5111682,3
193984613771327,13404740276,4.7805605,7.783553,3.5004005,3
193984616271327,13407240276,4.7766724,7.7853475,3.4983068,3
193984618771327,13409740276,4.779663,7.789535,3.4830525,3
193984621271327,13412240276,4.7539406,7.77458,3.5060835,3
193984623771327,13414740276,4.7718863,7.7790666,3.521936,3
193984626271327,13417240276,4.7823553,7.7682986,3.5096726,3
193984628771327,13419740276,4.778766,7.758428,3.4669008,3
193984631271327,13422240276,4.7799625,7.778767,3.4271202,3
193984633771327,13424740276,4.7718863,7.7829547,3.4316068,3
193984636271327,13427240276,4.7676992,7.7880397,3.4408789,3
193984638771327,13429740276,4.7892346,7.790133,3.449553,3
193984641271327,13432240276,4.786842,7.7943206,3.4737802,3
193984643771327,13434740276,4.79402,7.798508,3.4573295,3
193984646271327,13437240276,4.794319,7.8026958,3.4764721,3
193984648771327,13439740276,4.788935,7.80449,3.5060835,3
193984651271327,13442240276,4.785047,7.8092756,3.5246277,3
193984653771327,13444740276,4.7709894,7.8110704,3.5117664,3
193984656271327,13447240276,4.772485,7.820941,3.5174494,3
193984658771327,13449740276,4.7751765,7.8116684,3.5141592,3
193984661271327,13452240276,4.7605205,7.810173,3.5213375,3
193984663771327,13454740276,4.7509494,7.8113694,3.5198421,3
193984666271327,13457240276,4.7336016,7.8233337,3.5344982,3
193984668771327,13459740276,4.7395835,7.7964144,3.5180476,3
193984671271327,13462240276,4.738088,7.7883387,3.5389848,3
193984673771327,13464740276,4.7458644,7.7820573,3.5491543,3
193984676271327,13467240276,4.740481,7.786245,3.5362928,3
193984678771327,13469740276,4.7458644,7.77787,3.531208,3
193984681271327,13472240276,4.734798,7.77129,3.5150564,3
193984683771327,13474740276,4.7425747,7.7629147,3.5443685,3
193984686271327,13477240276,4.734798,7.746763,3.5404801,3
193984688771327,13479740276,4.72403,7.7422767,3.5347972,3
193984691271327,13482240276,4.7153563,7.733902,3.528516,3
193984693771327,13484740276,4.720441,7.730313,3.5356946,3
193984696271327,13487240276,4.7135615,7.732406,3.551846,3
193984698771327,13489740276,4.700102,7.728219,3.5539398,3
193984701271327,13492240276,4.692624,7.73779,3.563212,3
193984703771327,13494740276,4.6932225,7.7380896,3.5464623,3
193984706271327,13497240276,4.6875396,7.7297144,3.548556,3
193984708771327,13499740276,4.6839504,7.725527,3.551547,3
193984711271327,13502240276,4.6914277,7.7273216,3.554538,3
193984713771327,13504740276,4.692624,7.708478,3.5497525,3
193984716271327,13507240276,4.6902313,7.713563,3.5225341,3
193984718771327,13509740276,4.6899323,7.7096744,3.5548372,3
193984721271327,13512240276,4.698307,7.696215,3.5527434,3
193984723771327,13514740276,4.71087,7.6863446,3.5673995,3
193984726271327,13517240276,4.727619,7.681858,3.5820556,3
193984728771327,13519740276,4.738686,7.687541,3.5751762,3
193984731271327,13522240276,4.7428737,7.6803627,3.5590246,3
193984733771327,13524740276,4.7321057,7.685746,3.5566318,3
193984736271327,13527240276,4.752146,7.673184,3.554538,3
193984738771327,13529740276,4.7431726,7.665108,3.551846,3
193984741271327,13532240276,4.756034,7.67109,3.5697923,3
193984743771327,13534740276,4.766802,7.684849,3.5682967,3
193984746271327,13537240276,4.781757,7.6657066,3.565904,3
193984748771327,13539740276,4.7808595,7.6827555,3.5772698,3
193984751271327,13542240276,4.7781677,7.692925,3.566203,3
193984753771327,13544740276,4.776373,7.713563,3.5623147,3
193984756271327,13547240276,4.77398,7.704889,3.5694933,3
193984758771327,13549740276,4.7778687,7.7177505,3.565904,3
193984761271327,13552240276,4.781159,7.7437725,3.5712879,3
193984763771327,13554740276,4.781159,7.730612,3.5964124,3
193984766271327,13557240276,4.7676992,7.7413793,3.5913277,3
193984768771327,13559740276,4.753641,7.7330046,3.5904303,3
193984771271327,13562240276,4.74736,7.7312098,3.5967116,3
193984773771327,13564740276,4.741378,7.7365937,3.5931222,3
193984776271327,13567240276,4.7303114,7.7356963,3.5772698,3
193984778771327,13569740276,4.7306104,7.726424,3.5814574,3
193984781271327,13572240276,4.7159543,7.7258263,3.5590246,3
193984783771327,13574740276,4.706383,7.7234335,3.560221,3
193984786271327,13577240276,4.6959143,7.7030945,3.5386856,3
193984788771327,13579740276,4.6695933,7.7129645,3.4686956,3
193984791271327,13582240276,4.6752763,7.7554374,3.4465618,3
193984793771327,13584740276,4.686941,7.7886376,3.481258,3
193984796271327,13587240276,4.6689954,7.813762,3.5291142,3
193984798771327,13589740276,4.677669,7.815557,3.5880375,3
193984801271327,13592240276,4.6896334,7.8086777,3.6466618,3
193984803771327,13594740276,4.69741,7.8080792,3.6655052,3
193984806271327,13597240276,4.71087,7.819445,3.6287155,3
193984808771327,13599740276,4.7045884,7.8224363,3.5706897,3
193984811271327,13602240276,4.6935215,7.832307,3.5521452,3
193984813771327,13604740276,4.694718,7.8296146,3.5279179,3
193984816271327,13607240276,4.705785,7.8017983,3.4794633,3
193984818771327,13609740276,4.809274,7.7389865,3.3463624,3
193984821271327,13612240276,4.883153,7.659724,3.2392836,3
193984823771327,13614740276,4.8035913,7.7258263,3.3873396,3
193984826271327,13617240276,4.706383,7.8403826,3.482155,3
193984828771327,13619740276,4.685446,7.8900337,3.508177,3
193984831271327,13622240276,4.779364,7.839186,3.6257246,3
193984833771327,13624740276,4.8233323,7.7847495,3.6861434,3
193984836271327,13627240276,4.788636,7.797013,3.6505501,3
193984838771327,13629740276,4.7303114,7.8257265,3.5611184,3
193984841271327,13632240276,4.6896334,7.8170524,3.5216367,3
193984843771327,13634740276,4.691727,7.7790666,3.505186,3
193984846271327,13637240276,4.703093,7.7554374,3.5144582,3
193984848771327,13639740276,4.720441,7.737192,3.4929228,3
193984851271327,13642240276,4.7279186,7.728219,3.4779677,3
193984853771327,13644740276,4.734798,7.717451,3.4836507,3
193984856271327,13647240276,4.744668,7.7216387,3.5030923,3
193984858771327,13649740276,4.7596235,7.7093754,3.534199,3
193984861271327,13652240276,4.7880383,7.697112,3.5724843,3
193984863771327,13654740276,4.792824,7.696514,3.5590246,3
193984866271327,13657240276,4.7955155,7.6917286,3.568596,3
193984868771327,13659740276,4.8116674,7.6797643,3.5536408,3
193984871271327,13662240276,4.8041897,7.6630144,3.5506496,3
193984873771327,13664740276,4.793721,7.650751,3.5413775,3
193984876271327,13667240276,4.8038907,7.636095,3.5590246,3
193984878771327,13669740276,4.8098726,7.6510506,3.5380874,3
193984881271327,13672240276,4.810471,7.643274,3.5434713,3
193984883771327,13674740276,4.8086762,7.642975,3.5237305,3
193984886271327,13677240276,4.805087,7.652845,3.5252259,3
193984888771327,13679740276,4.817051,7.643274,3.5380874,3
193984891271327,13682240276,4.8158545,7.647162,3.5703905,3
193984893771327,13684740276,4.821837,7.6633134,3.565904,3
193984896271327,13687240276,4.8215375,7.658528,3.583252,3
193984898771327,13689740276,4.8152566,7.661519,3.5826538,3
193984901271327,13692240276,4.805087,7.669296,3.566502,3
193984903771327,13694740276,4.7934217,7.669296,3.5524442,3
193984906271327,13697240276,4.7823553,7.6809607,3.5557344,3
193984908771327,13699740276,4.7832522,7.6806617,3.5608191,3
193984911271327,13702240276,4.758427,7.699505,3.5623147,3
193984913771327,13704740276,4.7748775,7.704889,3.5838501,3
193984916271327,13707240276,4.773681,7.719545,3.5970106,3
193984918771327,13709740276,4.7748775,7.7270226,3.583252,3
193984921271327,13712240276,4.772485,7.7165537,3.586841,3
193984923771327,13714740276,4.770092,7.7273216,3.592524,3
193984926271327,13717240276,4.7596235,7.72792,3.592225,3
193984928771327,13719740276,4.7638106,7.725527,3.5668013,3
193984931271327,13722240276,4.7509494,7.737192,3.5650067,3
193984933771327,13724740276,4.7676992,7.7327056,3.5781672,3
193984936271327,13727240276,4.770092,7.7425756,3.5712879,3
193984938771327,13729740276,4.7745786,7.7362947,3.5647075,3
193984941271327,13732240276,4.7916274,7.739286,3.565605,3
193984943771327,13734740276,4.7865424,7.7419777,3.5647075,3
193984946271327,13737240276,4.7976093,7.7386875,3.5443685,3
193984948771327,13739740276,4.8006005,7.739585,3.524927,3
193984951271327,13742240276,4.7955155,7.728817,3.516552,3
193984953771327,13744740276,4.8059845,7.7362947,3.4887354,3
193984956271327,13747240276,4.807779,7.730313,3.505485,3
193984958771327,13749740276,4.80748,7.730313,3.472883,3
193984961271327,13752240276,4.8038907,7.7291164,3.484548,3
193984963771327,13754740276,4.7949176,7.737192,3.4722848,3
193984966271327,13757240276,4.781757,7.740183,3.4806597,3
193984968771327,13759740276,4.7653065,7.7347994,3.4890344,3
193984971271327,13762240276,4.756034,7.7327056,3.4770703,3
193984973771327,13764740276,4.7416773,7.7479596,3.4791641,3
193984976271327,13767240276,4.735695,7.7473617,3.478566,3
193984978771327,13769740276,4.734798,7.7530446,3.508177,3
193984981271327,13772240276,4.7246284,7.757531,3.5347972,3
193984983771327,13774740276,4.726124,7.7629147,3.5084763,3
193984986271327,13777240276,4.727619,7.772785,3.5060835,3
193984988771327,13779740276,4.7344985,7.7679996,3.5039897,3
193984991271327,13782240276,4.733302,7.7925262,3.5132618,3
193984993771327,13784740276,4.735695,7.7757764,3.5123646,3
193984996271327,13787240276,4.749454,7.776674,3.5090744,3
193984998771327,13789740276,4.755137,7.7739816,3.4995031,3
193985001271327,13792240276,4.7674,7.7760754,3.4884362,3
193985003771327,13794740276,4.7709894,7.775178,3.481258,3
193985006271327,13797240276,4.767101,7.7626157,3.472883,3
193985008771327,13799740276,4.781458,7.747062,3.4737802,3
193985011271327,13802240276,4.786842,7.7443705,3.455535,3
193985013771327,13804740276,4.796114,7.730612,3.4480574,3
193985016271327,13807240276,4.8011985,7.7180495,3.4573295,3
193985018771327,13809740276,4.7898326,7.7054873,3.4531422,3
193985021271327,13812240276,4.7778687,7.7015986,3.4627135,3
193985023771327,13814740276,4.7715874,7.6947193,3.470191,3
193985026271327,13817240276,4.76411,7.7004023,3.4797623,3
193985028771327,13819740276,4.758427,7.6944203,3.5063825,3
193985031271327,13822240276,4.7512484,7.699206,3.5120654,3
193985033771327,13824740276,4.7524447,7.708179,3.5297124,3
193985036271327,13827240276,4.7578287,7.713563,3.545266,3
193985038771327,13829740276,4.7485566,7.722536,3.5512478,3
193985041271327,13832240276,4.746463,7.7345,3.5512478,3
193985043771327,13834740276,4.7638106,7.7590265,3.5503507,3
193985046271327,13837240276,4.766503,7.7644105,3.5548372,3
193985048771327,13839740276,4.7880383,7.771589,3.5614173,3
193985051271327,13842240276,4.801797,7.7772717,3.5709887,3
193985053771327,13844740276,4.8065825,7.77787,3.5730824,3
193985056271327,13847240276,4.8194437,7.780562,3.5563326,3
193985058771327,13849740276,4.812864,7.778169,3.5267215,3
193985061271327,13852240276,4.817051,7.7796645,3.528217,3
193985063771327,13854740276,4.8137608,7.7796645,3.5186458,3
193985066271327,13857240276,4.8068814,7.7757764,3.5267215,3
193985068771327,13859740276,4.8179483,7.7868433,3.5240295,3
193985071271327,13862240276,4.8263235,7.772785,3.5273197,3
193985073771327,13864740276,4.8125644,7.7736826,3.542574,3
193985076271327,13867240276,4.8155556,7.772187,3.5569308,3
193985078771327,13869740276,4.8035913,7.758129,3.5700915,3
193985081271327,13872240276,4.790431,7.745268,3.5790644,3
193985083771327,13874740276,4.7898326,7.7237325,3.5847473,3
193985086271327,13877240276,4.7766724,7.7123666,3.5943186,3
193985088771327,13879740276,4.776373,7.7087774,3.5850465,3
193985091271327,13882240276,4.770092,7.69113,3.6134613,3
193985093771327,13884740276,4.767101,7.6812596,3.6113675,3
193985096271327,13887240276,4.778766,7.6663046,3.609274,3
193985098771327,13889740276,4.7742796,7.655836,3.612564,3
193985101271327,13892240276,4.773382,7.64118,3.6197424,3
193985103771327,13894740276,4.7805605,7.623832,3.6209388,3
193985106271327,13897240276,4.8035913,7.6334033,3.6152558,3
193985108771327,13899740276,4.820341,7.6142607,3.5964124,3
193985111271327,13902240276,4.8341,7.6011004,3.5715868,3
193985113771327,13904740276,4.83739,7.610073,3.5688949,3
193985116271327,13907240276,4.857729,7.61785,3.55723,3
193985118771327,13909740276,4.863113,7.60798,3.5712879,3
193985121271327,13912240276,4.872086,7.622636,3.589832,3
193985123771327,13914740276,4.878367,7.612167,3.5958142,3
193985126271327,13917240276,4.8885365,7.6253276,3.5958142,3
193985128771327,13919740276,4.889135,7.636095,3.6003008,3
193985131271327,13922240276,4.88405,7.643573,3.5826538,3
193985133771327,13924740276,4.8804607,7.648957,3.5814574,3
193985136271327,13927240276,4.8616176,7.6534433,3.5826538,3
193985138771327,13929740276,4.859225,7.6540413,3.5715868,3
193985141271327,13932240276,4.8442693,7.65793,3.5793636,3
193985143771327,13934740276,4.8269215,7.6663046,3.566502,3
193985146271327,13937240276,4.809274,7.664211,3.5533416,3
193985148771327,13939740276,4.7970114,7.6686974,3.5392838,3
193985151271327,13942240276,4.773382,7.666903,3.5533416,3
193985153771327,13944740276,4.7691946,7.684849,3.539583,3
193985156271327,13947240276,4.758726,7.6812596,3.5593238,3
193985158771327,13949740276,4.764708,7.693224,3.5650067,3
193985161271327,13952240276,4.751847,7.7030945,3.562913,3
193985163771327,13954740276,4.741378,7.7066836,3.5503507,3
193985166271327,13957240276,4.7515473,7.716853,3.5596228,3
193985168771327,13959740276,4.7416773,7.7162547,3.5569308,3
193985171271327,13962240276,4.7416773,7.7327056,3.5437703,3
193985173771327,13964740276,4.7548375,7.7300134,3.5353954,3
193985176271327,13967240276,4.7566323,7.731808,3.53719,3
193985178771327,13969740276,4.7596235,7.7389865,3.5270207,3
193985181271327,13972240276,4.7545385,7.751549,3.5213375,3
193985183771327,13974740276,4.7524447,7.750652,3.5189447,3
193985186271327,13977240276,4.747659,7.7590265,3.5204403,3
193985188771327,13979740276,4.7425747,7.768897,3.4965122,3
193985191271327,13982240276,4.7419763,7.780861,3.4980075,3
193985193771327,13984740276,4.7419763,7.7826557,3.502494,3
193985196271327,13987240276,4.7336016,7.7871423,3.4977086,3
193985198771327,13989740276,4.7419763,7.7853475,3.5198421,3
193985201271327,13992240276,4.7452664,7.7943206,3.5120654,3
193985203771327,13994740276,4.7377887,7.790133,3.5303106,3
193985206271327,13997240276,4.7344985,7.789236,3.5324044,3
193985208771327,13999740276,4.738088,7.7883387,3.536891,3
193985211271327,14002240276,4.735396,7.7940216,3.55723,3
193985213771327,14004740276,4.734798,7.8000035,3.5617166,3
193985216271327,14007240276,4.725526,7.7961154,3.5688949,3
193985218771327,14009740276,4.7045884,7.7853475,3.5635111,3
193985221271327,14012240276,4.7078786,7.7967134,3.5676985,3
193985223771327,14014740276,4.6989055,7.791928,3.5799618,3
193985226271327,14017240276,4.7018967,7.7847495,3.5838501,3
193985228771327,14019740276,4.699504,7.769495,3.5826538,3
193985231271327,14022240276,4.7024946,7.763812,3.6011982,3
193985233771327,14024740276,4.7024946,7.7617183,3.5934215,3
193985236271327,14027240276,4.703691,7.7533436,3.6029928,3
193985238771327,14029740276,4.7252264,7.733902,3.5853457,3
193985241271327,14032240276,4.74078,7.7144604,3.5826538,3
193985243771327,14034740276,4.747958,7.705786,3.5703905,3
193985246271327,14037240276,4.765007,7.6902328,3.53719,3
193985248771327,14039740276,4.775775,7.673184,3.5422747,3
193985251271327,14042240276,4.7859445,7.6657066,3.5443685,3
193985253771327,14044740276,4.7922254,7.6740813,3.5383866,3
193985256271327,14047240276,4.799404,7.650751,3.5303106,3
193985258771327,14049740276,4.802395,7.6387873,3.5330026,3
193985261271327,14052240276,4.814957,7.64118,3.5288153,3
193985263771327,14054740276,4.8026943,7.628319,3.522235,3
193985266271327,14057240276,4.811069,7.6337023,3.524927,3
193985268771327,14059740276,4.805087,7.6328053,3.5482569,3
193985271271327,14062240276,4.8026943,7.6369925,3.5413775,3
193985273771327,14064740276,4.792824,7.641778,3.548556,3
193985276271327,14067240276,4.788337,7.658229,3.5620155,3
193985278771327,14069740276,4.7781677,7.6809607,3.5724843,3
193985281271327,14072240276,4.7659044,7.691429,3.5688949,3
193985283771327,14074740276,4.781159,7.7063847,3.5730824,3
193985286271327,14077240276,4.7802615,7.713264,3.5796626,3
193985288771327,14079740276,4.7784667,7.731509,3.5883367,3
193985291271327,14082240276,4.786842,7.750652,3.5784662,3
193985293771327,14084740276,4.8011985,7.748857,3.560221,3
193985296271327,14087240276,4.811069,7.752745,3.5724843,3
193985298771327,14089740276,4.814359,7.7611203,3.5422747,3
193985301271327,14092240276,4.8029933,7.789834,3.5404801,3
193985303771327,14094740276,4.781757,7.78774,3.5216367,3
193985306271327,14097240276,4.778766,7.800602,3.5012977,3
193985308771327,14099740276,4.7623153,7.804191,3.4737802,3
193985311271327,14102240276,4.746463,7.804789,3.4627135,3
193985313771327,14104740276,4.7428737,7.819146,3.4683964,3
193985316271327,14107240276,4.750052,7.8071823,3.498905,3
193985318771327,14109740276,4.7458644,7.8200436,3.4974093,3
193985321271327,14112240276,4.729713,7.821539,3.4977086,3
193985323771327,14114740276,4.708776,7.8206415,3.5189447,3
193985326271327,14117240276,4.7042894,7.8278203,3.5153556,3
193985328771327,14119740276,4.701298,7.8352976,3.4941192,3
193985331271327,14122240276,4.6707897,7.8293157,3.4716866,3
193985333771327,14124740276,4.6642094,7.8173513,3.469892,3
193985336271327,14127240276,4.6689954,7.821539,3.4666018,3
193985338771327,14129740276,4.67737,7.815557,3.4603207,3
193985341271327,14132240276,4.6785665,7.8167534,3.4453654,3
193985343771327,14134740276,4.692325,7.810472,3.4669008,3
193985346271327,14137240276,4.701597,7.8056865,3.4633117,3
193985348771327,14139740276,4.706981,7.7997046,3.4345977,3
193985351271327,14142240276,4.723731,7.800901,3.4657044,3
193985353771327,14144740276,4.7282176,7.791928,3.4360933,3
193985356271327,14147240276,4.732405,7.780861,3.4259238,3
193985358771327,14149740276,4.7365923,7.778767,3.4211383,3
193985361271327,14152240276,4.741079,7.776973,3.4232318,3
193985363771327,14154740276,4.7425747,7.760223,3.4313076,3
193985366271327,14157240276,4.7431726,7.7626157,3.4432719,3
193985368771327,14159740276,4.7488556,7.750652,3.4423745,3
193985371271327,14162240276,4.7599225,7.750652,3.4597225,3
193985373771327,14164740276,4.765007,7.7422767,3.4621153,3
193985376271327,14167240276,4.7629137,7.7333035,3.4672,3
193985378771327,14169740276,4.7685966,7.732406,3.463611,3
193985381271327,14172240276,4.77398,7.7207413,3.4677982,3
193985383771327,14174740276,4.7772703,7.7120676,3.481258,3
193985386271327,14177240276,4.7826543,7.7054873,3.4923246,3
193985388771327,14179740276,4.7916274,7.71117,3.5057843,3
193985391271327,14182240276,4.802395,7.7120676,3.5177484,3
193985393771327,14184740276,4.8032923,7.71117,3.5168512,3
193985396271327,14187240276,4.8116674,7.713563,3.5201411,3
193985398771327,14189740276,4.811069,7.718947,3.545864,3
193985401271327,14192240276,4.826024,7.723134,3.55723,3
193985403771327,14194740276,4.82752,7.7261252,3.5443685,3
193985406271327,14197240276,4.8191447,7.72792,3.5404801,3
193985408771327,14199740276,4.8086762,7.730612,3.5404801,3
193985411271327,14202240276,4.805087,7.72463,3.5377884,3
193985413771327,14204740276,4.778766,7.740183,3.5350964,3
193985416271327,14207240276,4.7656054,7.7500534,3.5503507,3
193985418771327,14209740276,4.7596235,7.7551384,3.545864,3
193985421271327,14212240276,4.746164,7.769495,3.566203,3
193985423771327,14214740276,4.7279186,7.7796645,3.6000016,3
193985426271327,14217240276,4.720441,7.778767,3.5847473,3
193985428771327,14219740276,4.712365,7.7826557,3.5844483,3
193985431271327,14222240276,4.714758,7.7976108,3.592524,3
193985433771327,14224740276,4.6986065,7.799106,3.5988052,3
193985436271327,14227240276,4.703093,7.797312,3.6116667,3
193985438771327,14229740276,4.703392,7.7907314,3.6023946,3
193985441271327,14232240276,4.70399,7.783852,3.586841,3
193985443771327,14234740276,4.71087,7.7790666,3.5874393,3
193985446271327,14237240276,4.7192445,7.780562,3.5850465,3
193985448771327,14239740276,4.746164,7.767401,3.5850465,3
193985451271327,14242240276,4.7569313,7.7569327,3.5671003,3
193985453771327,14244740276,4.776074,7.7356963,3.55723,3
193985456271327,14247240276,4.773681,7.730612,3.5611184,3
193985458771327,14249740276,4.7766724,7.722237,3.551846,3
193985461271327,14252240276,4.8011985,7.725228,3.5626137,3
193985463771327,14254740276,4.792525,7.7126656,3.5763726,3
193985466271327,14257240276,4.810471,7.7001033,3.5593238,3
193985468771327,14259740276,4.8209395,7.6944203,3.5521452,3
193985471271327,14262240276,4.833801,7.693224,3.5503507,3
193985473771327,14264740276,4.842176,7.690532,3.5497525,3
193985476271327,14267240276,4.845765,7.67109,3.5470605,3
193985478771327,14269740276,4.845765,7.670492,3.5494533,3
193985481271327,14272240276,4.838886,7.669296,3.5799618,3
193985483771327,14274740276,4.837091,7.6633134,3.5739796,3
193985486271327,14277240276,4.8266225,7.6624165,3.5626137,3
193985488771327,14279740276,4.822734,7.6624165,3.5676985,3
193985491271327,14282240276,4.816154,7.637292,3.5730824,3
193985493771327,14284740276,4.8122654,7.6387873,3.5865421,3
193985496271327,14287240276,4.8173504,7.6369925,3.571886,3
193985498771327,14289740276,4.7985067,7.6331043,3.5587256,3
193985501271327,14292240276,4.8035913,7.6256266,3.5563326,3
193985503771327,14294740276,4.7952166,7.6109705,3.5596228,3
193985506271327,14297240276,4.801498,7.5960155,3.5614173,3
193985508771327,14299740276,4.825725,7.5879397,3.5614173,3
193985511271327,14302240276,4.8269215,7.5939217,3.5635111,3
193985513771327,14304740276,4.8493543,7.5933237,3.5742788,3
193985516271327,14307240276,4.846363,7.589136,3.5907295,3
193985518771327,14309740276,4.8505507,7.5813594,3.5850465,3
193985521271327,14312240276,4.8511486,7.5756764,3.591627,3
193985523771327,14314740276,4.860421,7.577172,3.5913277,3
193985526271327,14317240276,4.8735814,7.579565,3.571886,3
193985528771327,14319740276,4.8843493,7.5810604,3.5949168,3
193985531271327,14322240276,4.886443,7.596913,3.580261,3
193985533771327,14324740276,4.8858447,7.6049886,3.6017964,3
193985536271327,14327240276,4.892126,7.6103725,3.6044881,3
193985538771327,14329740276,4.8906302,7.6256266,3.6236308,3
193985541271327,14332240276,4.8912287,7.636095,3.5934215,3
193985543771327,14334740276,4.872086,7.647162,3.606582,3
193985546271327,14337240276,4.875974,7.6678,3.612564,3
193985548771327,14339740276,4.8699923,7.6713896,3.6068811,3
193985551271327,14342240276,4.8397827,7.6836524,3.5769708,3
193985553771327,14344740276,4.8355956,7.6833534,3.5844483,3
193985556271327,14347240276,4.8299127,7.699505,3.592225,3
193985558771327,14349740276,4.831109,7.717451,3.5853457,3
193985561271327,14352240276,4.820341,7.7120676,3.5874393,3
193985563771327,14354740276,4.80748,7.723134,3.5904303,3
193985566271327,14357240276,4.80748,7.7347994,3.6041892,3
193985568771327,14359740276,4.8047876,7.725228,3.6020954,3
193985571271327,14362240276,4.7976093,7.7276206,3.5964124,3
193985573771327,14364740276,4.7769713,7.7096744,3.5784662,3
193985576271327,14367240276,4.793123,7.7159557,3.5635111,3
193985578771327,14369740276,4.7895336,7.7033935,3.562913,3
193985581271327,14372240276,4.796413,7.6977105,3.5491543,3
193985583771327,14374740276,4.802395,7.687541,3.5503507,3
193985586271327,14377240276,4.80748,7.672586,3.5362928,3
193985588771327,14379740276,4.801797,7.6680994,3.5407794,3
193985591271327,14382240276,4.802395,7.6794653,3.5467613,3
193985593771327,14384740276,4.8038907,7.6594253,3.5401812,3
193985596271327,14387240276,4.814658,7.6657066,3.5437703,3
193985598771327,14389740276,4.814658,7.665407,3.5428731,3
193985601271327,14392240276,4.8173504,7.6794653,3.5431721,3
193985603771327,14394740276,4.8245287,7.6809607,3.5709887,3
193985606271327,14397240276,4.8308096,7.6719875,3.5494533,3
193985608771327,14399740276,4.8290153,7.6923265,3.5419757,3
193985611271327,14402240276,4.8266225,7.701898,3.531507,3
193985613771327,14404740276,4.822734,7.6959157,3.5156546,3
193985616271327,14407240276,4.826024,7.700701,3.4995031,3
193985618771327,14409740276,4.8415775,7.706085,3.4881372,3
193985621271327,14412240276,4.8433723,7.716853,3.4689946,3
193985623771327,14414740276,4.8433723,7.7072816,3.4968112,3
193985626271327,14417240276,4.8379884,7.722835,3.4851463,3
193985628771327,14419740276,4.8355956,7.7213397,3.4713874,3
193985631271327,14422240276,4.840979,7.731509,3.481258,3
193985633771327,14424740276,4.842176,7.7353973,3.4851463,3
193985636271327,14427240276,4.8502517,7.7273216,3.475575,3
193985638771327,14429740276,4.848756,7.725228,3.4722848,3
193985641271327,14432240276,4.8266225,7.72792,3.4770703,3
193985643771327,14434740276,4.82064,7.722835,3.461816,3
193985646271327,14437240276,4.8098726,7.723134,3.4624143,3
193985648771327,14439740276,4.7934217,7.726723,3.4546378,3
193985651271327,14442240276,4.772186,7.7333035,3.4779677,3
193985653771327,14444740276,4.7548375,7.7261252,3.4797623,3
193985656271327,14447240276,4.7524447,7.7368927,3.5066817,3
193985658771327,14449740276,4.7339005,7.7347994,3.5147574,3
193985661271327,14452240276,4.7398825,7.748857,3.5270207,3
193985663771327,14454740276,4.738088,7.7437725,3.5300117,3
193985666271327,14457240276,4.744668,7.7413793,3.5413775,3
193985668771327,14459740276,4.7449675,7.731808,3.542574,3
193985671271327,14462240276,4.7596235,7.75125,3.5273197,3
193985673771327,14464740276,4.7688956,7.739585,3.499204,3
193985676271327,14467240276,4.7638106,7.72792,3.5171502,3
193985678771327,14469740276,4.7778687,7.730313,3.5099716,3
193985681271327,14472240276,4.794319,7.7350984,3.499204,3
193985683771327,14474740276,4.8038907,7.7213397,3.4956148,3
193985686271327,14477240276,4.814957,7.724929,3.4851463,3
193985688771327,14479740276,4.8305106,7.7213397,3.4800615,3
193985691271327,14482240276,4.818547,7.730313,3.4884362,3
193985693771327,14484740276,4.8098726,7.733603,3.482155,3
193985696271327,14487240276,4.8176494,7.7413793,3.4971104,3
193985698771327,14489740276,4.8182473,7.7413793,3.5084763,3
193985701271327,14492240276,4.8029933,7.7389865,3.5102708,3
193985703771327,14494740276,4.802395,7.739585,3.5297124,3
193985706271327,14497240276,4.8047876,7.73779,3.551547,3
193985708771327,14499740276,4.796413,7.7479596,3.5536408,3
193985711271327,14502240276,4.7946186,7.7350984,3.5635111,3
193985713771327,14504740276,4.7778687,7.7327056,3.5587256,3
193985716271327,14507240276,4.7808595,7.743174,3.5386856,3
193985718771327,14509740276,4.7688956,7.7276206,3.5356946,3
193985721271327,14512240276,4.7620163,7.7413793,3.5303106,3
193985723771327,14514740276,4.752744,7.723134,3.5437703,3
193985726271327,14517240276,4.7542396,7.719545,3.5506496,3
193985728771327,14519740276,4.7572303,7.7150583,3.574877,3
193985731271327,14522240276,4.7709894,7.718947,3.5650067,3
193985733771327,14524740276,4.7781677,7.7162547,3.5727832,3
193985736271327,14527240276,4.7934217,7.7072816,3.5733814,3
193985738771327,14529740276,4.791029,7.7087774,3.563212,3
193985741271327,14532240276,4.8041897,7.701898,3.545864,3
193985743771327,14534740276,4.805087,7.6953177,3.5362928,3
193985746271327,14537240276,4.8158545,7.702795,3.5183465,3
193985748771327,14539740276,4.807779,7.693224,3.5171502,3
193985751271327,14542240276,4.793123,7.69113,3.510869,3
193985753771327,14544740276,4.788337,7.7033935,3.5084763,3
193985756271327,14547240276,4.775476,7.7036924,3.5114672,3
193985758771327,14549740276,4.765007,7.704889,3.5401812,3
193985761271327,14552240276,4.750351,7.7207413,3.5560336,3
193985763771327,14554740276,4.74078,7.7207413,3.565904,3
193985766271327,14557240276,4.7339005,7.7261252,3.5641093,3
193985768771327,14559740276,4.7374897,7.7446694,3.5928233,3
193985771271327,14562240276,4.7401814,7.7353973,3.5757744,3
193985773771327,14564740276,4.726423,7.7404823,3.589533,3
193985776271327,14567240276,4.7246284,7.751848,3.5850465,3
193985778771327,14569740276,4.7165527,7.747062,3.5826538,3
193985781271327,14572240276,4.7228336,7.747062,3.5679977,3
193985783771327,14574740276,4.718347,7.7413793,3.5434713,3
193985786271327,14577240276,4.725526,7.7422767,3.5350964,3
193985788771327,14579740276,4.738088,7.749156,3.510869,3
193985791271327,14582240276,4.738088,7.7312098,3.5306098,3
193985793771327,14584740276,4.738088,7.7482586,3.5252259,3
193985796271327,14587240276,4.74078,7.7413793,3.5198421,3
193985798771327,14589740276,4.744668,7.7473617,3.5243287,3
193985801271327,14592240276,4.74736,7.7560353,3.525525,3
193985803771327,14594740276,4.776074,7.7476606,3.539583,3
193985806271327,14597240276,4.7676992,7.7611203,3.5410783,3
193985808771327,14599740276,4.77069,7.7608213,3.5497525,3
193985811271327,14602240276,4.766802,7.7593255,3.5359936,3
193985813771327,14604740276,4.7659044,7.77129,3.5410783,3
193985816271327,14607240276,4.761119,7.78445,3.5476587,3
193985818771327,14609740276,4.7685966,7.778468,3.528516,3
193985821271327,14612240276,4.7491546,7.7847495,3.5389848,3
193985823771327,14614740276,4.742275,7.778169,3.5330026,3
193985826271327,14617240276,4.7344985,7.778169,3.5365918,3
193985828771327,14619740276,4.723432,7.7754774,3.5330026,3
193985831271327,14622240276,4.7231326,7.775178,3.5204403,3
193985833771327,14624740276,4.725825,7.7611203,3.5267215,3
193985836271327,14627240276,4.718646,7.7593255,3.5566318,3
193985838771327,14629740276,4.7135615,7.7626157,3.5623147,3
193985841271327,14632240276,4.7198424,7.7566338,3.5697923,3
193985843771327,14634740276,4.740481,7.7425756,3.5847473,3
193985846271327,14637240276,4.7374897,7.726424,3.583252,3
193985848771327,14639740276,4.733302,7.7159557,3.5811582,3
193985851271327,14642240276,4.744668,7.70459,3.5757744,3
193985853771327,14644740276,4.7623153,7.6980095,3.5967116,3
193985856271327,14647240276,4.7632127,7.685447,3.5958142,3
193985858771327,14649740276,4.7635117,7.676175,3.6014972,3
193985861271327,14652240276,4.761119,7.6624165,3.6000016,3
193985863771327,14654740276,4.753043,7.65793,3.6020954,3
193985866271327,14657240276,4.7524447,7.652247,3.597908,3
193985868771327,14659740276,4.7377887,7.656434,3.5994034,3
193985871271327,14662240276,4.729414,7.658528,3.60718,3
193985873771327,14664740276,4.730012,7.661818,3.638586,3
193985876271327,14667240276,4.7249274,7.663613,3.6568313,3
193985878771327,14669740276,4.7246284,7.6663046,3.652943,3
193985881271327,14672240276,4.7141595,7.664809,3.6457644,3
193985883771327,14674740276,4.732405,7.6884384,3.6586258,3
193985886271327,14677240276,4.7431726,7.669595,3.6266217,3
193985888771327,14679740276,4.744668,7.681559,3.6329029,3
193985891271327,14682240276,4.7449675,7.683952,3.6260235,3
193985893771327,14684740276,4.750351,7.682456,3.6050863,3
193985896271327,14687240276,4.74736,7.69113,3.583252,3
193985898771327,14689740276,4.7431726,7.700701,3.5736806,3
193985901271327,14692240276,4.753043,7.7015986,3.5871403,3
193985903771327,14694740276,4.770391,7.702795,3.5733814,3
193985906271327,14697240276,4.778766,7.7120676,3.5539398,3
193985908771327,14699740276,4.7859445,7.7015986,3.5527434,3
193985911271327,14702240276,4.7913284,7.710273,3.5593238,3
193985913771327,14704740276,4.8065825,7.706085,3.5521452,3
193985916271327,14707240276,4.8394837,7.697112,3.5446677,3
193985918771327,14709740276,4.8173504,7.702496,3.5321052,3
193985921271327,14712240276,4.8176494,7.7087774,3.528217,3
193985923771327,14714740276,4.814359,7.7087774,3.5309088,3
193985926271327,14717240276,4.8059845,7.7156568,3.5309088,3
193985928771327,14719740276,4.796114,7.7207413,3.5090744,3
193985931271327,14722240276,4.799703,7.7294154,3.5141592,3
193985933771327,14724740276,4.7712884,7.7476606,3.5344982,3
193985936271327,14727240276,4.7605205,7.7587276,3.5267215,3
193985938771327,14729740276,4.750052,7.7608213,3.5237305,3
193985941271327,14732240276,4.7368917,7.7757764,3.5336008,3
193985943771327,14734740276,4.7318068,7.776973,3.5482569,3
193985946271327,14737240276,4.7192445,7.7889366,3.539882,3
193985948771327,14739740276,4.7210393,7.794919,3.569194,3
193985951271327,14742240276,4.7117667,7.80449,3.5533416,3
193985953771327,14744740276,4.712365,7.8050885,3.5554354,3
193985956271327,14747240276,4.7141595,7.8059855,3.569194,3
193985958771327,14749740276,4.7099724,7.8170524,3.586841,3
193985961271327,14752240276,4.7174497,7.815557,3.5991044,3
193985963771327,14754740276,4.7171507,7.792825,3.580261,3
193985966271327,14757240276,4.715057,7.778767,3.5587256,3
193985968771327,14759740276,4.7365923,7.7874413,3.562913,3
193985971271327,14762240276,4.732405,7.771888,3.5617166,3
193985973771327,14764740276,4.7392845,7.760223,3.539583,3
193985976271327,14767240276,4.747659,7.7503524,3.5377884,3
193985978771327,14769740276,4.747958,7.747062,3.522235,3
193985981271327,14772240276,4.7659044,7.7356963,3.5479577,3
193985983771327,14774740276,4.7676992,7.725527,3.519543,3
193985986271327,14777240276,4.7712884,7.7219377,3.5530424,3
193985988771327,14779740276,4.768297,7.710273,3.566502,3
193985991271327,14782240276,4.775476,7.707581,3.5527434,3
193985993771327,14784740276,4.7919264,7.7030945,3.5359936,3
193985996271327,14787240276,4.772485,7.7165537,3.536891,3
193985998771327,14789740276,4.77398,7.6974115,3.5383866,3
193986001271327,14792240276,4.7781677,7.7069826,3.5114672,3
193986003771327,14794740276,4.790132,7.702197,3.510869,3
193986006271327,14797240276,4.7895336,7.693224,3.5012977,3
193986008771327,14799740276,4.781159,7.687541,3.4776685,3
193986011271327,14802240276,4.7829533,7.696215,3.4716866,3
193986013771327,14804740276,4.8041897,7.699206,3.4770703,3
193986016271327,14807240276,4.792525,7.6887374,3.4869409,3
193986018771327,14809740276,4.7922254,7.6974115,3.5048869,3
193986021271327,14812240276,4.7985067,7.69113,3.5012977,3
193986023771327,14814740276,4.78744,7.702197,3.508177,3
193986026271327,14817240276,4.7781677,7.71117,3.5150564,3
193986028771327,14819740276,4.7742796,7.71117,3.5177484,3
193986031271327,14822240276,4.7730827,7.730313,3.5291142,3
193986033771327,14824740276,4.752146,7.726424,3.508177,3
193986036271327,14827240276,4.7674,7.733603,3.5225341,3
193986038771327,14829740276,4.7572303,7.7494555,3.5084763,3
193986041271327,14832240276,4.7515473,7.7623167,3.5021951,3
193986043771327,14834740276,4.755735,7.7620177,3.4956148,3
193986046271327,14837240276,4.761717,7.773084,3.4917264,3
193986048771327,14839740276,4.7602215,7.791629,3.4965122,3
193986051271327,14842240276,4.767101,7.7817583,3.495914,3
193986053771327,14844740276,4.7781677,7.7793655,3.4941192,3
193986056271327,14847240276,4.779364,7.7874413,3.4899318,3
193986058771327,14849740276,4.7799625,7.7820573,3.4974093,3
193986061271327,14852240276,4.781159,7.7826557,3.4800615,3
193986063771327,14854740276,4.7859445,7.778169,3.4800615,3
193986066271327,14857240276,4.788337,7.7733836,3.4830525,3
193986068771327,14859740276,4.796114,7.7668033,3.473182,3
193986071271327,14862240276,4.796712,7.7566338,3.4713874,3
193986073771327,14864740276,4.7970114,7.7671022,3.482155,3
193986076271327,14867240276,4.7895336,7.7614193,3.4689946,3
193986078771327,14869740276,4.7976093,7.742875,3.4953158,3
193986081271327,14872240276,4.7976093,7.7479596,3.493222,3
193986083771327,14874740276,4.791029,7.7503524,3.499802,3
193986086271327,14877240276,4.7829533,7.730911,3.4872398,3
193986088771327,14879740276,4.781458,7.7183485,3.4776685,3
193986091271327,14882240276,4.781757,7.7150583,3.4884362,3
193986093771327,14884740276,4.8006005,7.7093754,3.5069807,3
193986096271327,14887240276,4.816453,7.7204423,3.5048869,3
193986098771327,14889740276,4.8062835,7.71117,3.5347972,3
193986101271327,14892240276,4.818547,7.710572,3.542574,3
193986103771327,14894740276,4.817051,7.71117,3.53719,3
193986106271327,14897240276,4.820341,7.710572,3.5362928,3
193986108771327,14899740276,4.8038907,7.7030945,3.527619,3
193986111271327,14902240276,4.8047876,7.7015986,3.5183465,3
193986113771327,14904740276,4.7985067,7.7090764,3.5048869,3
193986116271327,14907240276,4.7832522,7.696215,3.5204403,3
193986118771327,14909740276,4.784449,7.710572,3.5416765,3
193986121271327,14912240276,4.7970114,7.7159557,3.5401812,3
193986123771327,14914740276,4.7856455,7.7159557,3.560221,3
193986126271327,14917240276,4.781159,7.7350984,3.5766716,3
193986128771327,14919740276,4.7856455,7.7330046,3.5745778,3
193986131271327,14922240276,4.785346,7.7347994,3.6074793,3
193986133771327,14924740276,4.7985067,7.723134,3.6020954,3
193986136271327,14927240276,4.784748,7.717152,3.5826538,3
193986138771327,14929740276,4.7772703,7.725527,3.5739796,3
193986141271327,14932240276,4.770391,7.728817,3.5611184,3
193986143771327,14934740276,4.7691946,7.7186475,3.5611184,3
193986146271327,14937240276,4.7656054,7.699206,3.5392838,3
193986148771327,14939740276,4.7712884,7.7012997,3.5359936,3
193986151271327,14942240276,4.7685966,7.7004023,3.5374892,3
193986153771327,14944740276,4.768297,7.6836524,3.5416765,3
193986156271327,14947240276,4.764409,7.6794653,3.5449667,3
193986158771327,14949740276,4.766503,7.68455,3.5234313,3
193986161271327,14952240276,4.7712884,7.675876,3.5419757,3
193986163771327,14954740276,4.761119,7.6836524,3.5377884,3
193986166271327,14957240276,4.761418,7.6794653,3.5273197,3
193986168771327,14959740276,4.7751765,7.6887374,3.5419757,3
193986171271327,14962240276,4.7715874,7.6944203,3.5347972,3
193986173771327,14964740276,4.772485,7.6944203,3.5105698,3
193986176271327,14967240276,4.77398,7.708478,3.5036905,3
193986178771327,14969740276,4.791029,7.7054873,3.5033915,3
193986181271327,14972240276,4.8125644,7.7039914,3.5001013,3
193986183771327,14974740276,4.825725,7.725228,3.4872398,3
193986186271327,14977240276,4.842176,7.745866,3.4947174,3
193986188771327,14979740276,4.853542,7.7536426,3.5261233,3
193986191271327,14982240276,4.8361936,7.77787,3.5386856,3
193986193771327,14984740276,4.833203,7.785946,3.5347972,3
193986196271327,14987240276,4.8233323,7.7946196,3.4830525,3
193986198771327,14989740276,4.831707,7.793423,3.4857445,3
193986201271327,14992240276,4.81077,7.794919,3.481856,3
193986203771327,14994740276,4.790132,7.7997046,3.4567313,3
193986206271327,14997240276,4.775775,7.7904325,3.4456646,3
193986208771327,14999740276,4.7832522,7.806285,3.4462628,3
193986211271327,15002240276,4.781159,7.8020973,3.463611,3
193986213771327,15004740276,4.781159,7.798209,3.4872398,3
193986216271327,15007240276,4.776074,7.7940216,3.502494,3
193986218771327,15009740276,4.7635117,7.7967134,3.5063825,3
193986221271327,15012240276,4.7578287,7.7889366,3.513561,3
193986223771327,15014740276,4.7485566,7.789834,3.5246277,3
193986226271327,15017240276,4.726124,7.789834,3.5231323,3
193986228771327,15019740276,4.7285166,7.7820573,3.5330026,3
193986231271327,15022240276,4.725825,7.7671022,3.5530424,3
193986233771327,15024740276,4.7285166,7.7482586,3.5563326,3
193986236271327,15027240276,4.7309093,7.7446694,3.5706897,3
193986238771327,15029740276,4.726423,7.7443705,3.5578282,3
193986241271327,15032240276,4.7401814,7.730911,3.5679977,3
193986243771327,15034740276,4.742275,7.7362947,3.5679977,3
193986246271327,15037240276,4.753342,7.7201433,3.5551362,3
193986248771327,15039740276,4.758427,7.702496,3.560221,3
193986251271327,15042240276,4.776074,7.699505,3.5494533,3
193986253771327,15044740276,4.7934217,7.6926255,3.546163,3
193986256271327,15047240276,4.8086762,7.6920276,3.5464623,3
193986258771327,15049740276,4.8191447,7.670791,3.5204403,3
193986261271327,15052240276,4.813163,7.67109,3.5210385,3
193986263771327,15054740276,4.8116674,7.6591263,3.5117664,3
193986266271327,15057240276,4.8230333,7.648957,3.4893336,3
193986268771327,15059740276,4.820341,7.641778,3.5012977,3
193986271271327,15062240276,4.8326044,7.647461,3.502494,3
193986273771327,15064740276,4.84068,7.646863,3.508177,3
193986276271327,15067240276,4.843073,7.643274,3.51386,3
193986278771327,15069740276,4.857131,7.6537423,3.525525,3
193986281271327,15072240276,4.855336,7.6549387,3.5401812,3
193986283771327,15074740276,4.853841,7.6519475,3.5419757,3
193986286271327,15077240276,4.8439703,7.659724,3.5273197,3
193986288771327,15079740276,4.840979,7.6570325,3.5353954,3
193986291271327,15082240276,4.8385863,7.66122,3.5339,3
193986293771327,15084740276,4.8385863,7.663912,3.5177484,3
193986296271327,15087240276,4.8248277,7.667501,3.5174494,3
193986298771327,15089740276,4.8122654,7.6657066,3.498905,3
193986301271327,15092240276,4.808975,7.667501,3.487838,3
193986303771327,15094740276,4.807779,7.6902328,3.508177,3
193986306271327,15097240276,4.816752,7.689934,3.5156546,3
193986308771327,15099740276,4.8006005,7.7012997,3.4863427,3
193986311271327,15102240276,4.802096,7.7054873,3.5144582,3
193986313771327,15104740276,4.7982078,7.724929,3.502494,3
193986316271327,15107240276,4.788337,7.7333035,3.498905,3
193986318771327,15109740276,4.7835517,7.7333035,3.505485,3
193986321271327,15112240276,4.7856455,7.7479596,3.5039897,3
193986323771327,15114740276,4.7895336,7.7644105,3.5090744,3
193986326271327,15117240276,4.772485,7.771589,3.5198421,3
193986328771327,15119740276,4.785047,7.780263,3.5180476,3
193986331271327,15122240276,4.7835517,7.806285,3.5117664,3
193986333771327,15124740276,4.7691946,7.8206415,3.4950166,3
193986336271327,15127240276,4.7620163,7.82124,3.505186,3
193986338771327,15129740276,4.776074,7.832905,3.501597,3
193986341271327,15132240276,4.7674,7.8436728,3.501597,3
193986343771327,15134740276,4.7694936,7.8493557,3.5210385,3
193986346271327,15137240276,4.773681,7.8487573,3.521936,3
193986348771327,15139740276,4.7775693,7.847262,3.5132618,3
193986351271327,15142240276,4.7751765,7.8433733,3.5246277,3
193986353771327,15144740276,4.785047,7.8236327,3.5084763,3
193986356271327,15147240276,4.788636,7.8236327,3.4899318,3
193986358771327,15149740276,4.792525,7.819445,3.4953158,3
193986361271327,15152240276,4.785346,7.8056865,3.4770703,3
193986363771327,15154740276,4.805386,7.7925262,3.4591243,3
193986366271327,15157240276,4.8251266,7.790133,3.4399817,3
193986368771327,15159740276,4.8329034,7.7703924,3.4480574,3
193986371271327,15162240276,4.8619165,7.7617183,3.458227,3
193986373771327,15164740276,4.8906302,7.739286,3.4423745,3
193986376271327,15167240276,4.8939204,7.726424,3.4286158,3
193986378771327,15169740276,4.9169517,7.696813,3.4199417,3
193986381271327,15172240276,4.9250274,7.6803627,3.4214373,3
193986383771327,15174740276,4.9325047,7.6663046,3.406183,3
193986386271327,15177240276,4.9235315,7.6483583,3.385844,3
193986388771327,15179740276,4.9136615,7.6390862,3.3933215,3
193986391271327,15182240276,4.8855457,7.635796,3.377469,3
193986393771327,15184740276,4.861318,7.656135,3.3287153,3
193986396271327,15187240276,4.8714876,7.6546397,3.3101711,3
193986398771327,15189740276,4.883153,7.624131,3.3780673,3
193986401271327,15192240276,4.8954163,7.6274214,3.4534414,3
193986403771327,15194740276,4.8843493,7.632207,3.4983068,3
193986406271327,15197240276,4.872086,7.6683984,3.5180476,3
193986408771327,15199740276,4.8583274,7.6863446,3.5464623,3
193986411271327,15202240276,4.8454657,7.699206,3.5353954,3
193986413771327,15204740276,4.8095737,7.7126656,3.5072799,3
193986416271327,15207240276,4.7727838,7.713563,3.4881372,3
193986418771327,15209740276,4.7491546,7.7159557,3.4719856,3
193986421271327,15212240276,4.729414,7.7386875,3.4776685,3
193986423771327,15214740276,4.705486,7.754839,3.4866416,3
193986426271327,15217240276,4.694419,7.7629147,3.4941192,3
193986428771327,15219740276,4.6842494,7.7796645,3.49053,3
193986431271327,15222240276,4.668696,7.791928,3.5012977,3
193986433771327,15224740276,4.659424,7.804789,3.5084763,3
193986436271327,15227240276,4.6615176,7.820941,3.5201411,3
193986438771327,15229740276,4.6764727,7.830213,3.5001013,3
193986441271327,15232240276,4.692325,7.8344007,3.5030923,3
193986443771327,15234740276,4.727619,7.8538423,3.4884362,3
193986446271327,15237240276,4.761418,7.845168,3.4884362,3
193986448771327,15239740276,4.809274,7.8314095,3.4713874,3
193986451271327,15242240276,4.8562336,7.850253,3.4501512,3
193986453771327,15244740276,4.8768716,7.84457,3.4043884,3
193986456271327,15247240276,4.883153,7.833204,3.3732817,3
193986458771327,15249740276,4.8975096,7.8200436,3.35055,3
193986461271327,15252240276,4.8909297,7.794919,3.3891342,3
193986463771327,15254740276,4.896014,7.7943206,3.403192,3
193986466271327,15257240276,4.9106703,7.8029947,3.3819556,3
193986468771327,15259740276,4.922036,7.8000035,3.4073794,3
193986471271327,15262240276,4.933701,7.8077803,3.44058,3
193986473771327,15264740276,4.9253263,7.7940216,3.4549367,3
193986476271327,15267240276,4.907679,7.77787,3.4220355,3
193986478771327,15269740276,4.887041,7.7685976,3.396911,3
193986481271327,15272240276,4.852345,7.75783,3.3684962,3
193986483771327,15274740276,4.836792,7.7368927,3.371188,3
193986486271327,15277240276,4.818547,7.728219,3.4073794,3
193986488771327,15279740276,4.8026943,7.733902,3.44387,3
193986491271327,15282240276,4.7982078,7.7356963,3.4806597,3
193986493771327,15284740276,4.788337,7.7365937,3.498905,3
193986496271327,15287240276,4.781159,7.7383885,3.4974093,3
193986498771327,15289740276,4.764708,7.7276206,3.504588,3
193986501271327,15292240276,4.7359943,7.7350984,3.5389848,3
193986503771327,15294740276,4.718347,7.7234335,3.5512478,3
193986506271327,15297240276,4.699803,7.7333035,3.569194,3
193986508771327,15299740276,4.6902313,7.748857,3.5880375,3
193986511271327,15302240276,4.681258,7.749156,3.6017964,3
193986513771327,15304740276,4.683053,7.7554374,3.6227336,3
193986516271327,15307240276,4.674379,7.7697945,3.6086757,3
193986518771327,15309740276,4.6698923,7.767401,3.5934215,3
193986521271327,15312240276,4.6528435,7.7572317,3.6152558,3
193986523771327,15314740276,4.6495533,7.78445,3.6254253,3
193986526271327,15317240276,4.6351967,7.7793655,3.6541393,3
193986528771327,15319740276,4.624728,7.7937226,3.670291,3
193986531271327,15322240276,4.6088758,7.7961154,3.6846478,3
193986533771327,15324740276,4.6040897,7.7904325,3.7163527,3
193986536271327,15327240276,4.5942197,7.801499,3.7322052,3
193986538771327,15329740276,4.5804605,7.7994056,3.7543387,3
193986541271327,15332240276,4.583153,7.798209,3.7588253,3
193986543771327,15334740276,4.577769,7.780263,3.784249,3
193986546271327,15337240276,4.575974,7.7500534,3.7866418,3
193986548771327,15339740276,4.566702,7.733603,3.7663028,3
193986551271327,15342240276,4.5738807,7.745268,3.8054852,3
193986553771327,15344740276,4.5936213,7.714161,3.80399,3
193986556271327,15347240276,4.625027,7.6869426,3.766901,3
193986558771327,15349740276,4.6450667,7.6683984,3.746263,3
193986561271327,15352240276,4.6707897,7.6495547,3.7429729,3
193986563771327,15354740276,4.688736,7.6256266,3.7552361,3
193986566271327,15357240276,4.725526,7.5897346,3.7360935,3
193986568771327,15359740276,4.753342,7.5678997,3.7208393,3
193986571271327,15362240276,4.7623153,7.542775,3.7007992,3
193986573771327,15364740276,4.7745786,7.522735,3.6954155,3
193986576271327,15367240276,4.7898326,7.5122666,3.6840496,3
193986578771327,15369740276,4.8116674,7.493423,3.6729827,3
193986581271327,15372240276,4.814957,7.475776,3.6646078,3
193986583771327,15374740276,4.8391848,7.459625,3.670291,3
193986586271327,15377240276,4.8496532,7.455138,3.6628132,3
193986588771327,15379740276,4.8589253,7.456035,3.676871,3
193986591271327,15382240276,4.8598228,7.450053,3.682255,3
193986593771327,15384740276,4.853542,7.4449687,3.6954155,3
193986596271327,15387240276,4.862814,7.4395847,3.6900315,3
193986598771327,15389740276,4.855336,7.450352,3.6975093,3
193986601271327,15392240276,4.8655057,7.442875,3.708576,3
193986603771327,15394740276,4.852345,7.4401827,3.720241,3
193986606271327,15397240276,4.8445687,7.449156,3.7190447,3
193986608771327,15399740276,4.846363,7.458129,3.705585,3
193986611271327,15402240276,4.846363,7.4533434,3.6774693,3
193986613771327,15404740276,4.849952,7.470392,3.6774693,3
193986616271327,15407240276,4.8711886,7.493124,3.679862,3
193986618771327,15409740276,4.896313,7.4901333,3.7022948,3
193986621271327,15412240276,4.918746,7.507481,3.7040894,3
193986623771327,15414740276,4.93729,7.510173,3.7019958,3
193986626271327,15417240276,4.9585266,7.515258,3.6843486,3
193986628771327,15419740276,4.963013,7.529914,3.644269,3
193986631271327,15422240276,4.974678,7.522436,3.6116667,3
193986633771327,15424740276,4.9698925,7.542775,3.5901313,3
193986636271327,15427240276,4.9606204,7.541579,3.5712879,3
193986638771327,15429740276,4.912465,7.5696945,3.6026936,3
193986641271327,15432240276,4.8714876,7.603792,3.6287155,3
193986643771327,15434740276,4.866104,7.6313095,3.6317065,3
193986646271327,15437240276,4.8735814,7.626225,3.5650067,3
193986648771327,15439740276,4.87747,7.636095,3.501896,3
193986651271327,15442240276,4.918447,7.6534433,3.4337006,3
193986653771327,15444740276,4.9313083,7.6549387,3.4109688,3
193986656271327,15447240276,4.953741,7.6722865,3.4313076,3
193986658771327,15449740276,4.9588256,7.6941214,3.4594233,3
193986661271327,15452240276,4.9582276,7.737491,3.4980075,3
193986663771327,15454740276,4.991428,7.780263,3.5204403,3
193986666271327,15457240276,4.987241,7.791629,3.4884362,3
193986668771327,15459740276,4.9842496,7.8206415,3.5123646,3
193986671271327,15462240276,4.9606204,7.83799,3.5123646,3
193986673771327,15464740276,4.936094,7.841878,3.5303106,3
193986676271327,15467240276,4.90409,7.8409805,3.542574,3
193986678771327,15469740276,4.8215375,7.860123,3.5506496,3
193986681271327,15472240276,4.7946186,7.8777704,3.528217,3
193986683771327,15474740276,4.784449,7.8580294,3.5374892,3
193986686271327,15477240276,4.8008995,7.824829,3.5557344,3
193986688771327,15479740276,4.8035913,7.8056865,3.5706897,3
193986691271327,15482240276,4.7979083,7.7979097,3.5706897,3
193986693771327,15484740276,4.7979083,7.780861,3.5745778,3
193986696271327,15487240276,4.7859445,7.7593255,3.565904,3
193986698771327,15489740276,4.793123,7.7270226,3.5811582,3
193986701271327,15492240276,4.828417,7.7150583,3.56381,3
193986703771327,15494740276,4.866104,7.689635,3.531208,3
193986706271327,15497240276,4.9109693,7.65793,3.513561,3
193986708771327,15499740276,4.947759,7.632207,3.481557,3
193986711271327,15502240276,4.979763,7.5990067,3.4725838,3
193986713771327,15504740276,4.999803,7.588837,3.464209,3
193986716271327,15507240276,5.0189457,7.5816584,3.4366915,3
193986718771327,15509740276,5.050351,7.579565,3.391527,3
193986721271327,15512240276,5.068896,7.5732837,3.3646078,3
193986723771327,15514740276,5.1032925,7.5726852,3.347858,3
193986726271327,15517240276,5.1257253,7.5670023,3.3493536,3
193986728771327,15519740276,5.137689,7.5843506,3.362514,3
193986731271327,15522240276,5.1329036,7.583154,3.3837504,3
193986733771327,15524740276,5.1343994,7.591529,3.3954153,3
193986736271327,15527240276,5.1409793,7.5963144,3.391527,3
193986738771327,15529740276,5.1463633,7.602297,3.3903306,3
193986741271327,15532240276,5.1326046,7.615158,3.3930225,3
193986743771327,15534740276,5.0886364,7.615756,3.3981073,3
193986746271327,15537240276,5.075775,7.622636,3.397509,3
193986748771327,15539740276,5.049753,7.617252,3.4124641,3
193986751271327,15542240276,5.041378,7.6133633,3.4094732,3
193986753771327,15544740276,5.0162535,7.626524,3.437888,3
193986756271327,15547240276,5.011767,7.635796,3.4947174,3
193986758771327,15549740276,5.009075,7.641479,3.539583,3
193986761271327,15552240276,4.989334,7.644171,3.589533,3
193986763771327,15554740276,4.961518,7.650751,3.6197424,3
193986766271327,15557240276,4.929514,7.6387873,3.6206398,3
193986768771327,15559740276,4.8969116,7.6549387,3.6089747,3
193986771271327,15562240276,4.8765726,7.665108,3.611966,3
193986773771327,15564740276,4.853841,7.661519,3.600899,3
193986776271327,15567240276,4.8391848,7.6477604,3.592524,3
193986778771327,15569740276,4.807181,7.6567335,3.5976088,3
193986781271327,15572240276,4.8008995,7.65793,3.5736806,3
193986783771327,15574740276,4.792824,7.6459656,3.5626137,3
193986786271327,15577240276,4.787141,7.6627154,3.5497525,3
193986788771327,15579740276,4.80748,7.673184,3.5464623,3
193986791271327,15582240276,4.833203,7.6752777,3.51386,3
193986793771327,15584740276,4.8649077,7.6800632,3.4773695,3
193986796271327,15587240276,4.92413,7.688139,3.4453654,3
193986798771327,15589740276,4.9713883,7.692925,3.4112678,3
193986801271327,15592240276,5.0084767,7.7001033,3.4301112,3
193986803771327,15594740276,5.043173,7.7063847,3.4911282,3
193986806271327,15597240276,5.0802617,7.723134,3.5096726,3
193986808771327,15599740276,5.111667,7.7413793,3.4600215,3
193986811271327,15602240276,5.1616178,7.7416787,3.3825538,3
193986813771327,15604740276,5.198706,7.7294154,3.3239298,3
193986816271327,15607240276,5.224429,7.7183485,3.2943187,3
193986818771327,15609740276,5.241179,7.722237,3.2991042,3
193986821271327,15612240276,5.2426744,7.7123666,3.3209388,3
193986823771327,15614740276,5.2606206,7.6983085,3.339483,3
193986826271327,15617240276,5.2573304,7.696813,3.255136,3
193986828771327,15619740276,5.2540402,7.6752777,3.1899316,3
193986831271327,15622240276,5.2477593,7.6686974,3.1405797,3
193986833771327,15624740276,5.24746,7.6516485,3.1280174,3
193986836271327,15627240276,5.252545,7.643274,3.1540394,3
193986838771327,15629740276,5.2486563,7.628618,3.2001011,3
193986841271327,15632240276,5.232206,7.6274214,3.2138598,3
193986843771327,15634740276,5.2112684,7.6217384,3.2509487,3
193986846271327,15637240276,5.168796,7.6423764,3.2671003,3
193986848771327,15639740276,5.1364927,7.6513495,3.2946177,3
193986851271327,15642240276,5.112864,7.6552377,3.3251262,3
193986853771327,15644740276,5.0775695,7.6453676,3.385844,3
193986856271327,15647240276,5.0515475,7.647461,3.4423745,3
193986858771327,15649740276,5.0132627,7.644171,3.44387,3
193986861271327,15652240276,5.014459,7.629814,3.496213,3
193986863771327,15654740276,5.005486,7.61127,3.5039897,3
193986866271327,15657240276,4.996513,7.5978103,3.496213,3
193986868771327,15659740276,4.9866424,7.60439,3.490231,3
193986871271327,15662240276,4.98754,7.5978103,3.4570305,3
193986873771327,15664740276,4.9959145,7.5786676,3.4354951,3
193986876271327,15667240276,5.015356,7.5676007,3.4169507,3
193986878771327,15669740276,5.0120664,7.565507,3.4354951,3
193986881271327,15672240276,5.00758,7.5646095,3.4477584,3
193986883771327,15674740276,4.998307,7.5723863,3.4854453,3
193986886271327,15677240276,4.980062,7.5750785,3.516552,3
193986888771327,15679740276,4.9728837,7.5936227,3.498905,3
193986891271327,15682240276,4.9749775,7.6130643,3.482155,3
193986893771327,15684740276,4.9899325,7.6106715,3.4567313,3
193986896271327,15687240276,5.0105705,7.6160555,3.478566,3
193986898771327,15689740276,5.0336018,7.626524,3.484847,3
193986901271327,15692240276,5.046164,7.632506,3.4689946,3
193986903771327,15694740276,5.066503,7.6519475,3.434897,3
193986906271327,15697240276,5.081757,7.6540413,3.37388,3
193986908771327,15699740276,5.105984,7.658528,3.3433714,3
193986911271327,15702240276,5.131109,7.6552377,3.2934213,3
193986913771327,15704740276,5.158028,7.6543407,3.3209388,3
193986916271327,15707240276,5.194519,7.6534433,3.3592238,3
193986918771327,15709740276,5.2423754,7.6591263,3.3867414,3
193986921271327,15712240276,5.2812586,7.6594253,3.3729825,3
193986923771327,15714740276,5.317151,7.673184,3.2907293,3
193986926271327,15717240276,5.3219366,7.693822,3.2626138,3
193986928771327,15719740276,5.3159547,7.6755767,3.2856445,3
193986931271327,15722240276,5.288138,7.663912,3.3170505,3
193986933771327,15724740276,5.259723,7.665108,3.3481572,3
193986936271327,15727240276,5.2008,7.665108,3.388536,3
193986938771327,15729740276,5.1589255,7.630113,3.4139597,3
193986941271327,15732240276,5.0859447,7.5792656,3.414857,3
193986943771327,15734740276,5.04078,7.6271224,3.278167,3
193986946271327,15737240276,5.0437713,7.7204423,3.214159,3
193986948771327,15739740276,5.04078,7.7183485,3.3287153,3
193986951271327,15742240276,4.998307,7.7039914,3.5431721,3
193986953771327,15744740276,4.9459643,7.7327056,3.6816568,3
193986956271327,15747240276,4.9028935,7.7207413,3.7217364,3
193986958771327,15749740276,4.846662,7.6686974,3.8180475,3
193986961271327,15752240276,4.8191447,7.6630144,3.8288152,3
193986963771327,15754740276,4.7916274,7.6256266,3.7680974,3
193986966271327,15757240276,4.7653065,7.5789666,3.688237,3
193986968771327,15759740276,4.7718863,7.578368,3.5796626,3
193986971271327,15762240276,4.78744,7.5843506,3.554239,3
193986973771327,15764740276,4.7694936,7.5933237,3.5129628,3
193986976271327,15767240276,4.772186,7.585248,3.5225341,3
193986978771327,15769740276,4.77398,7.5843506,3.588935,3
193986981271327,15772240276,4.808975,7.596913,3.6275191,3
193986983771327,15774740276,4.860421,7.5661054,3.609573,3
193986986271327,15777240276,4.8675995,7.502097,3.6197424,3
193986988771327,15779740276,4.9058847,7.5009007,3.5850465,3
193986991271327,15782240276,4.9471607,7.5086775,3.5682967,3
193986993771327,15784740276,4.968397,7.5254273,3.5757744,3
193986996271327,15787240276,4.9725847,7.5326056,3.5557344,3
193986998771327,15789740276,4.970192,7.5433736,3.5264223,3
193987001271327,15792240276,4.964509,7.5442705,3.5509489,3
193987003771327,15794740276,4.9606204,7.537092,3.5988052,3
193987006271327,15797240276,4.963312,7.5323067,3.6346977,3
193987008771327,15799740276,4.929514,7.5418777,3.6218362,3
193987011271327,15802240276,4.8975096,7.553842,3.603591,3
193987013771327,15804740276,4.8855457,7.5580297,3.6143587,3
193987016271327,15807240276,4.878367,7.574779,3.632604,3
193987018771327,15809740276,4.8505507,7.5903325,3.6664026,3
193987021271327,15812240276,4.833502,7.615756,3.6831522,3
193987023771327,15814740276,4.810471,7.6369925,3.6684961,3
193987026271327,15817240276,4.7694936,7.6543407,3.6831522,3
193987028771327,15819740276,4.7368917,7.639385,3.7268212,3
193987031271327,15822240276,4.6986065,7.643872,3.7178483,3
193987033771327,15824740276,4.639384,7.646564,3.7127635,3
193987036271327,15827240276,4.5765724,7.6334033,3.714259,3
193987038771327,15829740276,4.4889355,7.656434,3.6792638,3
193987041271327,15832240276,4.423432,7.6947193,3.6664026,3
193987043771327,15834740276,4.37737,7.7294154,3.6876388,3
193987046271327,15837240276,4.336393,7.760223,3.7226338,3
193987048771327,15839740276,4.2867417,7.8023963,3.7618163,3
193987051271327,15842240276,4.2535415,7.8344007,3.7800615,3
193987053771327,15844740276,4.240082,7.845467,3.810271,3
193987056271327,15847240276,4.203292,7.8523464,3.8503506,3
193987058771327,15849740276,4.182355,7.850253,3.938287,3
193987061271327,15852240276,4.1757746,7.8783684,3.9670007,3
193987063771327,15854740276,4.1832523,7.8873415,3.9592242,3
193987066271327,15857240276,4.180261,7.880761,3.9376888,3
193987068771327,15859740276,4.1871405,7.878668,3.8940198,3
193987071271327,15862240276,4.1871405,7.8888373,3.8536408,3
193987073771327,15864740276,4.211368,7.8903327,3.8344984,3
193987076271327,15867240276,4.241876,7.8744802,3.856931,3
193987078771327,15869740276,4.2744784,7.861918,3.8967116,3
193987081271327,15872240276,4.302295,7.8646097,3.9083767,3
193987083771327,15874740276,4.2909293,7.872985,3.9269211,3
193987086271327,15877240276,4.3295135,7.8813596,3.8620157,3
193987088771327,15879740276,4.3983073,7.891529,3.8138602,3
193987091271327,15882240276,4.4398823,7.9019976,3.863212,3
193987093771327,15884740276,4.500002,7.8816586,3.8416767,3
193987096271327,15887240276,4.5475593,7.8744802,3.8440695,3
193987098771327,15889740276,4.6115675,7.8484583,3.8805602,3
193987101271327,15892240276,4.6546383,7.815856,3.8817565,3
193987103771327,15894740276,4.638487,7.78774,3.8491542,3
193987106271327,15897240276,4.5882373,7.7569327,3.885645,3
193987108771327,15899740276,4.5466623,7.750951,3.900301,3
193987111271327,15902240276,4.4949174,7.750652,3.9006,3
193987113771327,15904740276,4.4464626,7.7416787,3.9086757,3
193987116271327,15907240276,4.3998027,7.7629147,3.9335012,3
193987118771327,15909740276,4.347759,7.7611203,3.9777687,3
193987121271327,15912240276,4.304389,7.723134,4.1629133,3
193987123771327,15914740276,4.219743,7.7814593,5.026722,3
193987126271327,15917240276,4.139583,7.8352976,4.706682,3
193987128771327,15919740276,4.063312,7.7979097,4.0292144,3
193987131271327,15922240276,4.0157547,7.7036924,3.8694932,3
193987133771327,15924740276,4.0037904,7.6199436,3.9547377,3
193987136271327,15927240276,3.9747775,7.57777,4.045067,3
193987138771327,15929740276,3.9544384,7.5885377,4.039384,3
193987141271327,15932240276,3.9753757,7.6082788,3.9661036,3
193987143771327,15934740276,3.9942193,7.6082788,3.8587255,3
193987146271327,15937240276,4.034598,7.616953,3.8129628,3
193987148771327,15939740276,4.0959144,7.62443,3.8533418,3
193987151271327,15942240276,4.156931,7.6657066,3.9035912,3
193987153771327,15944740276,4.1865425,7.6666036,3.9332023,3
193987156271327,15947240276,4.234997,7.730313,3.9014974,3
193987158771327,15949740276,4.3124647,7.7976108,3.8754754,3
193987161271327,15952240276,4.4078784,7.8287177,3.8673997,3
193987163771327,15954740276,4.487739,7.8487573,3.8620157,3
193987166271327,15957240276,4.525725,7.8613195,3.8850467,3
193987168771327,15959740276,4.56401,7.876574,3.8374894,3
193987171271327,15962240276,4.5999026,7.8774714,3.7911284,3
193987173771327,15964740276,4.6295137,7.8664045,3.7534413,3
193987176271327,15967240276,4.653442,7.8574314,3.7193437,3
193987178771327,15969740276,4.6618166,7.85444,3.670291,3
193987181271327,15972240276,4.659723,7.85444,3.5991044,3
193987183771327,15974740276,4.6489553,7.8523464,3.554538,3
193987186271327,15977240276,4.610371,7.84457,3.595216,3
193987188771327,15979740276,4.578367,7.856235,3.6370904,3
193987191271327,15982240276,4.5284166,7.8643107,3.7031922,3
193987193771327,15984740276,4.479065,7.8628154,3.7878382,3
193987196271327,15987240276,4.415356,7.865806,3.850949,3
193987198771327,15989740276,4.3334017,7.880163,3.9164524,3
193987201271327,15992240276,4.214957,7.878967,3.9678981,3
193987203771327,15994740276,4.104289,7.9037924,3.9978085,3
193987206271327,15997240276,3.9915273,7.904989,4.025326,3
193987208771327,15999740276,3.882953,7.9187474,4.048955,3
193987211271327,16002240276,3.786941,7.9226356,4.0615172,3
193987213771327,16004740276,3.7295132,7.9259257,4.077968,3
193987216271327,16007240276,3.7064822,7.900203,4.08724,3
193987218771327,16009740276,3.673581,7.90798,4.0767717,3
193987221271327,16012240276,3.6607196,7.9346,4.0854454,3
193987223771327,16014740276,3.650849,7.934899,4.141378,3
193987226271327,16017240276,3.6454654,7.939984,4.214359,3
193987228771327,16019740276,3.6466618,7.9340014,4.3235316,3
193987231271327,16022240276,3.606582,7.926823,4.3932223,3
193987233771327,16024740276,3.621238,7.9298143,4.430311,3
193987236271327,16027240276,3.6278183,7.934899,4.476672,3
193987238771327,16029740276,3.633202,7.926524,4.5478587,3
193987241271327,16032240276,3.6463625,7.9166536,4.569394,3
193987243771327,16034740276,3.6828532,7.899306,4.566702,3
193987246271327,16037240276,3.7339997,7.880761,4.6115675,3
193987248771327,16039740276,3.7719858,7.861619,4.634897,3
193987251271327,16042240276,3.807878,7.830213,4.6118665,3
193987253771327,16044740276,3.8129628,7.799106,4.618148,3
193987256271327,16047240276,3.8171504,7.7650084,4.592724,3
193987258771327,16049740276,3.8129628,7.7096744,4.58734,3
193987261271327,16052240276,3.7857444,7.6600237,4.6088758,3
193987263771327,16054740276,3.7606199,7.6627154,4.7919264,3
193987266271327,16057240276,3.8093736,7.6052876,4.752146,3
193987268771327,16059740276,3.8042889,7.54128,4.6612186,3
193987271271327,16062240276,3.795914,7.4901333,4.581059,3
193987273771327,16064740276,3.7830527,7.453942,4.5170507,3
193987276271327,16067240276,3.7776687,7.446763,4.473382,3
193987278771327,16069740276,3.784548,7.454241,4.45065,3
193987281271327,16072240276,3.7860436,7.4679995,4.4599223,3
193987283771327,16074740276,3.8051863,7.5035925,4.536792,3
193987286271327,16077240276,3.833601,7.5197444,4.534997,3
193987288771327,16079740276,3.8491542,7.5466633,4.5302114,3
193987291271327,16082240276,3.8614175,7.5867434,4.5191445,3
193987293771327,16084740276,3.8327036,7.630412,4.4949174,3
193987296271327,16087240276,3.7833517,7.6869426,4.516453,3
193987298771327,16089740276,3.754937,7.731509,4.5526443,3
193987301271327,16092240276,3.7013974,7.7733836,4.5894337,3
193987303771327,16094740276,3.6544385,7.8167534,4.592126,3
193987306271327,16097240276,3.6062827,7.8433733,4.569992,3
193987308771327,16099740276,3.5617166,7.868199,4.556832,3
193987311271327,16102240276,3.5036905,7.9013996,4.545765,3
193987313771327,16104740276,3.4597225,7.9295154,4.56401,3
193987316271327,16107240276,3.4313076,7.958528,4.586742,3
193987318771327,16109740276,3.4301112,7.9710903,4.638487,3
193987321271327,16112240276,3.4316068,7.986644,4.66062,3
193987323771327,16114740276,3.4286158,7.9854474,4.6555357,3
193987326271327,16117240276,3.4289148,7.990233,4.6636114,3
193987328771327,16119740276,3.4450665,7.9707913,4.6462636,3
193987331271327,16122240276,3.4304104,7.9540415,4.610969,3
193987333771327,16124740276,3.415455,7.9205422,4.5765724,3
193987336271327,16127240276,3.4005,7.911569,4.5565324,3
193987338771327,16129740276,3.3795629,7.882257,4.5595236,3
193987341271327,16132240276,3.403491,7.882556,4.5340996,3
193987343771327,16134740276,3.444169,7.88794,4.531707,3
193987346271327,16137240276,3.5099716,7.9103727,4.525426,3
193987348771327,16139740276,3.586243,7.939984,4.5296135,3
193987351271327,16142240276,3.638885,7.9776707,4.5101714,3
193987353771327,16144740276,3.6789649,7.9947195,4.4745784,3
193987356271327,16147240276,3.69721,8.003693,4.438088,3
193987358771327,16149740276,3.6996028,8.017451,4.4111686,3
193987361271327,16152240276,3.688237,8.042576,4.3651066,3
193987363771327,16154740276,3.7049868,8.043473,4.2921257,3
193987366271327,16157240276,3.6906297,8.043174,4.255037,3
193987368771327,16159740276,3.7094734,8.056933,4.229015,3
193987371271327,16162240276,3.7357943,8.062317,4.1997027,3
193987373771327,16164740276,3.7588253,8.065308,4.193721,3
193987376271327,16167240276,3.7851462,8.067402,4.19731,3
193987378771327,16169740276,3.7932222,8.045866,4.200301,3
193987381271327,16172240276,3.7974095,8.026724,4.211667,3
193987383771327,16174740276,3.8001015,8.018349,4.2278185,3
193987386271327,16177240276,3.8063827,8.003095,4.243073,3
193987388771327,16179740276,3.8072798,7.9884386,4.246961,3
193987391271327,16182240276,3.8117664,7.970193,4.2610188,3
193987393771327,16184740276,3.818945,7.9537425,4.2894335,3
193987396271327,16187240276,3.790231,7.9190464,4.308277,3
193987398771327,16189740276,3.7863426,7.90798,4.342973,3
193987401271327,16192240276,3.7851462,7.882556,4.3669014,3
193987403771327,16194740276,3.7824545,7.8550386,4.3558345,3
193987406271327,16197240276,3.7800615,7.8284183,4.342076,3
193987408771327,16199740276,3.7848473,7.7883387,4.319942,3
193987411271327,16202240276,3.798307,7.7703924,4.3501515,3
193987413771327,16204740276,3.8171504,7.737192,4.3351965,3
193987416271327,16207240276,3.83061,7.71117,4.340281,3
193987418771327,16209740276,3.8440695,7.693523,4.345665,3
193987421271327,16212240276,3.8736808,7.6678,4.3531427,3
193987423771327,16214740276,3.8877387,7.6686974,4.3322053,3
193987426271327,16217240276,3.9044883,7.6591263,4.2631125,3
193987428771327,16219740276,3.912265,7.650751,4.187739,3
193987431271327,16222240276,3.9035912,7.670791,4.136293,3
193987433771327,16224740276,3.8838503,7.70459,4.119543,3
193987436271327,16227240276,3.8718863,7.7572317,4.1440697,3
193987438771327,16229740276,3.8590248,7.810173,4.1703906,3
193987441271327,16232240276,3.8617167,7.865507,4.1988053,3
193987443771327,16234740276,3.876971,7.9013996,4.1997027,3
193987446271327,16237240276,3.8796628,7.945667,4.1874394,3
193987448771327,16239740276,3.8671005,7.978568,4.159922,3
193987451271327,16242240276,3.8377883,8.030014,4.162614,3
193987453771327,16244740276,3.7878382,8.080562,4.211966,3
193987456271327,16247240276,3.758227,8.110771,4.240979,3
193987458771327,16249740276,3.795615,8.163414,4.28405,3
193987461271327,16252240276,3.6816568,8.140083,4.2385864,3
193987463771327,16254740276,3.6352959,8.125727,4.125226,3
193987466271327,16257240276,3.6634114,8.122736,4.068995,3
193987468771327,16259740276,3.7046876,8.10479,4.034299,3
193987471271327,16262240276,3.743571,8.113763,3.996911,3
193987473771327,16264740276,3.7941194,8.14128,3.9807596,3
193987476271327,16267240276,3.81057,8.154441,3.9403806,3
193987478771327,16269740276,3.8479578,8.17149,3.979264,3
193987481271327,16272240276,3.8880377,8.182556,3.9807596,3
193987483771327,16274740276,3.9574296,8.200502,3.99392,3
193987486271327,16277240276,4.0471606,8.213364,4.004389,3
193987488771327,16279740276,4.110271,8.233703,4.0444684,3
193987491271327,16282240276,4.0591245,8.199007,4.028915,3
193987493771327,16284740276,4.006183,8.20798,3.9981074,3
193987496271327,16287240276,4.0292144,8.19452,4.0121655,3
193987498771327,16289740276,4.043571,8.169395,4.0178485,3
193987501271327,16292240276,4.0672,8.137691,4.0274196,3
193987503771327,16294740276,4.0770707,8.087142,4.0325046,3
193987506271327,16297240276,4.1007,8.045268,4.0325046,3
193987508771327,16299740276,4.091727,7.975577,4.074678,3
193987511271327,16302240276,4.074678,7.926225,4.128217,3
193987513771327,16304740276,4.0528436,7.8897343,4.132106,3
193987516271327,16307240276,4.031308,7.8442707,4.141378,3
193987518771327,16309740276,4.034299,7.8020973,4.1410785,3
193987521271327,16312240276,4.028018,7.770991,4.1497526,3
193987523771327,16314740276,4.031906,7.7276206,4.1841493,3
193987526271327,16317240276,4.028018,7.678867,4.1931224,3
193987528771327,16319740276,4.011268,7.641479,4.2299123,3
193987531271327,16322240276,3.9960139,7.606484,4.28076,3
193987533771327,16324740276,3.9684963,7.5759754,4.322335,3
193987536271327,16327240276,3.932006,7.5589266,4.3612185,3
193987538771327,16329740276,3.9053857,7.55773,4.397111,3
193987541271327,16332240276,3.8682969,7.5556364,4.456931,3
193987543771327,16334740276,3.8276188,7.5490565,4.497609,3
193987546271327,16337240276,3.7896328,7.5469627,4.555037,3
193987548771327,16339740276,3.7489548,7.556833,4.5825543,3
193987551271327,16342240276,3.7145581,7.5696945,4.605286,3
193987553771327,16344740276,3.6858442,7.5792656,4.633103,3
193987556271327,16347240276,3.6690943,7.581958,4.631009,3
193987558771327,16349740276,3.6690943,7.609176,4.659424,3
193987561271327,16352240276,3.6308093,7.6199436,4.67408,3
193987563771327,16354740276,3.621238,7.639385,4.666602,3
193987566271327,16357240276,3.624229,7.66122,4.677669,3
193987568771327,16359740276,3.6284165,7.6809607,4.673781,3
193987571271327,16362240276,3.6281173,7.701898,4.663013,3
193987573771327,16364740276,3.6400814,7.7069826,4.683352,3
193987576271327,16367240276,3.6523447,7.726424,4.6824546,3
193987578771327,16369740276,3.6846478,7.733603,4.671388,3
193987581271327,16372240276,3.7127635,7.747062,4.666602,3
193987583771327,16374740276,3.7546377,7.75125,4.6492543,3
193987586271327,16377240276,3.8004005,7.739884,4.622036,3
193987588771327,16379740276,3.8578284,7.7629147,4.607081,3
193987591271327,16382240276,3.8898323,7.7703924,4.590032,3
193987593771327,16384740276,3.9212382,7.7608213,4.605286,3
193987596271327,16387240276,3.9367914,7.7500534,4.5987062,3
193987598771327,16389740276,3.955934,7.747062,4.5918264,3
193987601271327,16392240276,3.9601214,7.7383885,4.581059,3
193987603771327,16394740276,3.947559,7.730911,4.5741796,3
193987606271327,16397240276,3.9158542,7.7063847,4.5795636,3
193987608771327,16399740276,3.8641095,7.6944203,4.5565324,3
193987611271327,16402240276,3.8060834,7.669595,4.5412784,3
193987613771327,16404740276,3.7645082,7.6516485,4.5206404,3
193987616271327,16407240276,3.7429729,7.6316085,4.5017967,3
193987618771327,16409740276,3.7537405,7.61785,4.475476,3
193987621271327,16412240276,3.7570307,7.5996046,4.47727,3
193987623771327,16414740276,3.7516468,7.57777,4.468297,3
193987626271327,16417240276,3.74387,7.5637126,4.433302,3
193987628771327,16419740276,3.749553,7.5693955,4.426722,3
193987631271327,16422240276,3.7713876,7.5900335,4.4114676,3
193987633771327,16424740276,3.801298,7.611569,4.3878384,3
193987636271327,16427240276,3.839284,7.626225,4.3498526,3
193987638771327,16429740276,3.8676987,7.6426754,4.328317,3
193987641271327,16432240276,3.8850467,7.6713896,4.2975097,3
193987643771327,16434740276,3.912265,7.702795,4.2667017,3
193987646271327,16437240276,3.9484565,7.7350984,4.2574296,3
193987648771327,16439740276,3.9738803,7.7736826,4.2762733,3
193987651271327,16442240276,3.9951165,7.810472,4.2625146,3
193987653771327,16444740276,3.9918263,7.8487573,4.22064,3
193987656271327,16447240276,3.9981074,7.9040914,4.1850467,3
193987658771327,16449740276,3.9673,7.9426756,4.1431723,3
193987661271327,16452240276,3.9269211,7.9833536,4.1437707,3
193987663771327,16454740276,3.8841493,8.0359955,4.1479583,3
193987666271327,16457240276,3.8404803,8.082656,4.1572304,3
193987668771327,16459740276,3.816253,8.117053,4.199404,3
193987671271327,16462240276,3.789932,8.152048,4.214359,3
193987673771327,16464740276,3.7743785,8.167302,4.2254257,3
193987676271327,16467240276,3.7525442,8.180463,4.2508492,3
193987678771327,16469740276,3.7067814,8.19452,4.2370906,3
193987681271327,16472240276,3.67059,8.199306,4.221537,3
193987683771327,16474740276,3.6382868,8.180463,4.223033,3
193987686271327,16477240276,3.63051,8.180163,4.217051,3
193987688771327,16479740276,3.624229,8.165208,4.188038,3
193987691271327,16482240276,3.6116667,8.175378,4.165605,3
193987693771327,16484740276,3.598207,8.162217,4.1790648,3
193987696271327,16487240276,3.5653057,8.145766,4.2329035,3
193987698771327,16489740276,3.5279179,8.132606,4.265805,3
193987701271327,16492240276,3.4695928,8.123632,4.284349,3
193987703771327,16494740276,3.434897,8.120044,4.325625,3
193987706271327,16497240276,3.3870404,8.108378,4.3591247,3
193987708771327,16499740276,3.347559,8.100901,4.389932,3
193987711271327,16502240276,3.30718,8.082058,4.4129634,3
193987713771327,16504740276,3.2560334,8.068,4.4545383,3
193987716271327,16507240276,3.1974092,8.049456,4.503292,3
193987718771327,16509740276,3.1438699,8.06471,4.517948,3
193987721271327,16512240276,3.106781,8.05454,4.5592246,3
193987723771327,16514740276,3.088835,8.045866,4.6007996,3
193987726271327,16517240276,3.075076,8.053044,4.6031923,3
193987728771327,16519740276,3.0681968,8.048857,4.6061835,3
193987731271327,16522240276,3.062813,8.043773,4.6265225,3
193987733771327,16524740276,3.0652058,8.04796,4.6710887,3
193987736271327,16527240276,3.0681968,8.057531,4.685745,3
193987738771327,16529740276,3.0780673,8.040183,4.686642,3
193987741271327,16532240276,3.0921252,8.031808,4.6872406,3
193987743771327,16534740276,3.1112676,8.028219,4.668696,3
193987746271327,16537240276,3.1223345,8.024929,4.6522455,3
193987748771327,16539740276,3.1322048,8.018349,4.6148577,3
193987751271327,16542240276,3.1235309,8.0013,4.5744786,3
193987753771327,16544740276,3.121138,8.001,4.558028,3
193987756271327,16547240276,3.1253254,7.980662,4.551149,3
193987758771327,16549740276,3.1265218,7.969894,4.5481577,3
193987761271327,16552240276,3.1250265,7.97139,4.5565324,3
193987763771327,16554740276,3.1337004,7.981559,4.5933223,3
193987766271327,16557240276,3.1331022,7.9968133,4.6148577,3
193987768771327,16559740276,3.1250265,8.006085,4.6576295,3
193987771271327,16562240276,3.1079776,8.018049,4.684848,3
193987773771327,16564740276,3.0738797,8.026724,4.7282176,3
193987776271327,16567240276,3.0403802,8.046165,4.7515473,3
193987778771327,16569740276,3.0242288,8.056634,4.749753,3
193987781271327,16572240276,3.0032916,8.050353,4.735396,3
193987783771327,16574740276,2.9895327,8.055437,4.749753,3
193987786271327,16577240276,3.0035906,8.056634,4.7838507,3
193987788771327,16579740276,3.0272198,8.06441,4.799703,3
193987791271327,16582240276,3.039483,8.066803,4.779663,3
193987793771327,16584740276,3.0559337,8.048558,4.7575297,3
193987796271327,16587240276,3.094518,8.024331,4.7545385,3
193987798771327,16589740276,3.0996027,8.002795,4.772186,3
193987801271327,16592240276,3.132504,7.9857464,4.8047876,3
193987803771327,16594740276,3.1387851,7.969296,4.7976093,3
193987806271327,16597240276,3.176472,7.9630146,4.8086762,3
193987808771327,16599740276,3.2177482,7.946863,4.8098726,3
193987811271327,16602240276,3.2527432,7.9354973,4.791029,3
193987813771327,16604740276,3.2772696,7.914261,4.770092,3
193987816271327,16607240276,3.3179476,7.91456,4.7231326,3
193987818771327,16609740276,3.3550365,7.8978105,4.684848,3
193987821271327,16612240276,3.3783665,7.8921275,4.636991,3
193987823771327,16614740276,3.396911,7.880462,4.5969114,3
193987826271327,16617240276,3.3981073,7.8873415,4.5484567,3
193987828771327,16619740276,3.4070804,7.8813596,4.4955153,3
193987831271327,16622240276,3.4465618,7.8957167,4.473681,3
193987833771327,16624740276,3.4782667,7.8921275,4.482654,3
193987836271327,16627240276,3.5114672,7.8679,4.4913282,3
193987838771327,16629740276,3.5551362,7.8523464,4.516752,3
193987841271327,16632240276,3.6005998,7.8487573,4.549354,3
193987843771327,16634740276,3.6382868,7.845168,4.5475593,3
193987846271327,16637240276,3.6681972,7.8200436,4.564309,3
193987848771327,16639740276,3.6897326,7.818847,4.5684967,3
193987851271327,16642240276,3.7079778,7.791928,4.596313,3
193987853771327,16644740276,3.72054,7.7832537,4.5879383,3
193987856271327,16647240276,3.7369907,7.7617183,4.5765724,3
193987858771327,16649740276,3.7534413,7.734201,4.578068,3
193987861271327,16652240276,3.7471602,7.7090764,4.5834517,3
193987863771327,16654740276,3.7384863,7.718947,4.5891347,3
193987866271327,16657240276,3.7124643,7.704291,4.581358,3
193987868771327,16659740276,3.673282,7.7108707,4.604688,3
193987871271327,16662240276,3.6490545,7.7237325,4.6118665,3
193987873771327,16664740276,3.630211,7.722237,4.624728,3
193987876271327,16667240276,3.612863,7.713862,4.618746,3
193987878771327,16669740276,3.600899,7.702496,4.62742,3
193987881271327,16672240276,3.58056,7.68784,4.642076,3
193987883771327,16674740276,3.5530424,7.6947193,4.6468616,3
193987886271327,16677240276,3.5336008,7.6950183,4.662714,3
193987888771327,16679740276,3.527619,7.690831,4.673482,3
193987891271327,16682240276,3.5153556,7.7033935,4.688736,3
193987893771327,16684740276,3.5153556,7.706085,4.7171507,3
193987896271327,16687240276,3.5153556,7.7039914,4.74736,3
193987898771327,16689740276,3.5129628,7.725527,4.746164,3
193987901271327,16692240276,3.5117664,7.7237325,4.76411,3
193987903771327,16694740276,3.5147574,7.7126656,4.7659044,3
193987906271327,16697240276,3.5264223,7.7090764,4.767101,3
193987908771327,16699740276,3.5252259,7.7207413,4.7662034,3
193987911271327,16702240276,3.5237305,7.7177505,4.7344985,3
193987913771327,16704740276,3.5365918,7.713862,4.6845484,3
193987916271327,16707240276,3.5407794,7.7012997,4.6821556,3
193987918771327,16709740276,3.566203,7.702795,4.6576295,3
193987921271327,16712240276,3.5506496,7.708179,4.6636114,3
193987923771327,16714740276,3.525824,7.7126656,4.6758747,3
193987926271327,16717240276,3.4893336,7.744969,4.686044,3
193987928771327,16719740276,3.449553,7.7650084,4.6815577,3
193987931271327,16722240276,3.4217365,7.778767,4.6549373,3
193987933771327,16724740276,3.4076786,7.79133,4.607081,3
193987936271327,16727240276,3.3870404,7.794919,4.5613184,3
193987938771327,16729740276,3.3729825,7.79133,4.5469613,3
193987941271327,16732240276,3.3544383,7.78774,4.5302114,3
193987943771327,16734740276,3.3640096,7.783852,4.5206404,3
193987946271327,16737240276,3.3693933,7.780861,4.54397,3
193987948771327,16739740276,3.4022946,7.763513,4.6121655,3
193987951271327,16742240276,3.4513476,7.7608213,4.657031,3
193987953771327,16744740276,3.4651062,7.752745,4.667799,3
193987956271327,16747240276,3.482155,7.7419777,4.6429734,3
193987958771327,16749740276,3.5171502,7.7330046,4.601099,3
193987961271327,16752240276,3.5294135,7.7261252,4.592126,3
193987963771327,16754740276,3.5333018,7.7210402,4.566702,3
193987966271327,16757240276,3.659224,7.690831,4.488337,3
193987968771327,16759740276,3.6906297,7.717152,4.5299125,3
193987971271327,16762240276,3.6152558,7.7150583,4.60738,3
193987973771327,16764740276,3.51386,7.7201433,4.62413,3
193987976271327,16767240276,3.4280176,7.726424,4.668098,3
193987978771327,16769740276,3.380161,7.730313,4.6992044,3
193987981271327,16772240276,3.3903306,7.7237325,4.7799625,3
193987983771327,16774740276,3.397808,7.709974,4.895715,3
193987986271327,16777240276,3.4130623,7.6719875,4.964808,3
193987988771327,16779740276,3.4654055,7.6543407,4.929813,3
193987991271327,16782240276,3.400201,7.6944203,5.02403,3
193987993771327,16784740276,3.2772696,7.7123666,5.0572305,3
193987996271327,16787240276,3.2416766,7.719246,5.0186462,3
193987998771327,16789740276,3.2614172,7.734201,5.0365925,3
193988001271327,16792240276,3.2437701,7.728817,5.1003013,3
193988003771327,16794740276,3.2183464,7.6941214,5.1810594,3
193988006271327,16797240276,3.185146,7.656135,5.254339,3
193988008771327,16799740276,3.1618161,7.622636,5.261518,3
193988011271327,16802240276,3.161218,7.606185,5.241179,3
193988013771327,16804740276,3.162115,7.6124663,5.2130632,3
193988016271327,16807240276,3.1701908,7.618747,5.2055855,3
193988018771327,16809740276,3.1857443,7.6145597,5.1999025,3
193988021271327,16812240276,3.266203,7.6199436,5.1254263,3
193988023771327,16814740276,3.3346975,7.6627154,5.085645,3
193988026271327,16817240276,3.2763724,7.697112,5.2103715,3
193988028771327,16819740276,3.2368908,7.7144604,5.253143,3
193988031271327,16822240276,3.2174492,7.7294154,5.2609196,3
193988033771327,16824740276,3.2341988,7.72463,5.244768,3
193988036271327,16827240276,3.2706895,7.702197,5.203492,3
193988038771327,16829740276,3.3026934,7.6746798,5.1816573,3
193988041271327,16832240276,3.3119657,7.645068,5.148158,3
193988043771327,16834740276,3.3026934,7.637292,5.119145,3
193988046271327,16837240276,3.289234,7.643872,5.0970116,3
193988048771327,16839740276,3.2641091,7.6202426,5.110172,3
193988051271327,16842240276,3.2641091,7.606185,5.109873,3
193988053771327,16844740276,3.2671003,7.595118,5.119444,3
193988056271327,16847240276,3.2671003,7.580462,5.152046,3
193988058771327,16849740276,3.2730823,7.5556364,5.1789656,3
193988061271327,16852240276,3.272484,7.5463643,5.1870413,3
193988063771327,16854740276,3.249154,7.5469627,5.2055855,3
