sensor_timestamp_ns,relative_to_audio_start_ns,x_m_s2,y_m_s2,z_m_s2,accuracy
154580903786288,-2267324,-3.583252,9.209077,1.178166,3
154580906286288,232676,-3.583252,9.209077,1.178166,3
154580908786288,2732676,-3.583252,9.209077,1.178166,3
154580911286288,5232676,-3.583252,9.218947,1.1814562,3
154580913786288,7732676,-3.5928233,9.244969,1.2056835,3
154580916286288,10232676,-3.5931222,9.266206,1.2173486,3
154580918786288,12732676,-3.586243,9.275477,1.21017,3
154580921286288,15232676,-3.5856447,9.289835,1.2137593,3
154580923786288,17732676,-3.5817564,9.305089,1.2089736,3
154580926286288,20232676,-3.5733814,9.308977,1.204188,3
154580928786288,22732676,-3.5724843,9.322437,1.1961123,3
154580931286288,25232676,-3.5682967,9.337691,1.2143575,3
154580933786288,27732676,-3.55723,9.340682,1.2053844,3
154580936286288,30232676,-3.5500515,9.34487,1.2335001,3
154580938786288,32732676,-3.5407794,9.328419,1.212862,3
154580941286288,35232676,-3.5001013,9.327223,1.1796615,3
154580943786288,37732676,-3.4713874,9.330214,1.154836,3
154580946286288,40232676,-3.414558,9.329915,1.1359925,3
154580948786288,42732676,-3.3589249,9.3358965,1.0986047,3
154580951286288,45232676,-3.2943187,9.318848,1.0812567,3
154580953786288,47732676,-3.249453,9.316754,1.049851,3
154580956286288,50232676,-3.1833515,9.3358965,1.0405787,3
154580958786288,52732676,-3.1369905,9.319745,1.0543375,3
154580961286288,55232676,-3.1049864,9.326625,1.0773684,3
154580963786288,57732676,-3.0789645,9.341879,1.1090733,3
154580966286288,60232676,-3.0670004,9.330214,1.1494522,3
154580968786288,62732676,-3.0664022,9.326026,1.1952149,3
154580971286288,65232676,-3.0625138,9.340384,1.2281163,3
154580973786288,67732676,-3.07717,9.3409815,1.2263216,3
154580976286288,70232676,-3.0816565,9.358628,1.2412767,3
154580978786288,72732676,-3.1013973,9.386445,1.2427722,3
154580981286288,75232676,-3.1223345,9.407681,1.2364911,3
154580983786288,77732676,-3.12383,9.423533,1.2493526,3
154580986286288,80232676,-3.1193435,9.438489,1.2523435,3
154580988786288,82732676,-3.1334012,9.451052,1.2586247,3
154580991286288,85232676,-3.1483564,9.470493,1.2583256,3
154580993786288,87732676,-3.1504502,9.479466,1.2726825,3
154580996286288,90232676,-3.1680973,9.491729,1.2909278,3
154580998786288,92732676,-3.1902308,9.502497,1.3085749,3
154581001286288,95232676,-3.2001011,9.514162,1.320539,3
154581003786288,97732676,-3.2222347,9.542277,1.3184453,3
154581006286288,100232676,-3.2264223,9.560822,1.2996018,3
154581008786288,102732676,-3.2210383,9.580862,1.27687,3
154581011286288,105232676,-3.1977084,9.583553,1.2714862,3
154581013786288,107732676,-3.1576285,9.579965,1.27687,3
154581016286288,110232676,-3.1199417,9.557831,1.2948161,3
154581018786288,112732676,-3.0816565,9.5303135,1.3513466,3
154581021286288,115232676,-3.0272198,9.515657,1.3929219,3
154581023786288,117732676,-2.9760733,9.47468,1.4147564,3
154581026286288,120232676,-2.926123,9.4432745,1.462912,3
154581028786288,122732676,-2.8779674,9.419945,1.5206388,3
154581031286288,125232676,-2.8471599,9.395718,1.5873387,3
154581033786288,127732676,-2.7900312,9.373584,1.6468602,3
154581036286288,130232676,-2.768795,9.371789,1.701596,3
154581038786288,132732676,-2.743072,9.372686,1.7536399,3
154581041286288,135232676,-2.7098715,9.378369,1.8221345,3
154581043786288,137732676,-2.6811578,9.373882,1.8667008,3
154581046286288,140232676,-2.6533413,9.365209,1.9085752,3
154581048786288,142732676,-2.6096723,9.35474,1.9423738,3
154581051286288,145232676,-2.5860431,9.359526,1.9624137,3
154581053786288,147732676,-2.5432713,9.357432,1.9686948,3
154581056286288,150232676,-2.5310082,9.349955,1.9734805,3
154581058786288,152732676,-2.5226333,9.327821,1.9701903,3
154581061286288,155232676,-2.5256243,9.309875,1.96032,3
154581063786288,157732676,-2.544767,9.289237,1.9319052,3
154581066286288,160232676,-2.5689943,9.259925,1.9010975,3
154581068786288,162732676,-2.6111677,9.255737,1.8852451,3
154581071286288,165232676,-2.6470602,9.234501,1.8649062,3
154581073786288,167732676,-2.695814,9.228818,1.8586249,3
154581076286288,170232676,-2.7670002,9.22822,1.8604196,3
154581078786288,172732676,-2.8351958,9.240184,1.8735801,3
154581081286288,175232676,-2.9111679,9.266505,1.8783658,3
154581083786288,177732676,-2.990729,9.285348,1.8954146,3
154581086286288,180232676,-3.0936205,9.310772,1.8915263,3
154581088786288,182732676,-3.1812577,9.327821,1.8735801,3
154581091286288,185232676,-3.257529,9.367003,1.8589242,3
154581093786288,187732676,-3.333501,9.401101,1.8391833,3
154581096286288,190232676,-3.3804603,9.433105,1.7907287,3
154581098786288,192732676,-3.4085758,9.447462,1.7721843,3
154581101286288,195232676,-3.4426737,9.453743,1.7488543,3
154581103786288,197732676,-3.455236,9.460623,1.7240287,3
154581106286288,200232676,-3.458825,9.450453,1.7102699,3
154581108786288,202732676,-3.423531,9.442079,1.718944,3
154581111286288,205232676,-3.3837504,9.421141,1.7243278,3
154581113786288,207732676,-3.3412778,9.380762,1.7614166,3
154581116286288,210232676,-3.292225,9.346066,1.8065811,3
154581118786288,212732676,-3.263212,9.305687,1.8403797,3
154581121286288,215232676,-3.2419755,9.277272,1.8909281,3
154581123786288,217732676,-3.2207394,9.26471,1.9235303,3
154581126286288,220232676,-3.2249267,9.250652,1.9594226,3
154581128786288,222732676,-3.2213376,9.243175,1.9950159,3
154581131286288,225232676,-3.1959138,9.235996,2.0231316,3
154581133786288,227732676,-3.181856,9.24826,2.0617158,3
154581136286288,230232676,-3.1429725,9.269496,2.082952,3
154581138786288,232732676,-3.097509,9.282657,2.1400807,3
154581141286288,235232676,-3.0559337,9.284451,2.1834507,3
154581143786288,237732676,-3.0023942,9.275179,2.2055843,3
154581146286288,240232676,-2.9539394,9.277272,2.2354946,3
154581148786288,242732676,-2.9045875,9.257233,2.2567308,3
154581151286288,245232676,-2.8666015,9.239586,2.321337,3
154581153786288,247732676,-2.8366911,9.210572,2.391028,3
154581156286288,250232676,-2.8196423,9.180962,2.4442682,3
154581158786288,252732676,-2.8115666,9.1669035,2.5004997,3
154581161286288,255232676,-2.8139594,9.146864,2.5842485,3
154581163786288,257732676,-2.8109684,9.152845,2.6476583,3
154581166286288,260232676,-2.8160532,9.139686,2.661417,3
154581168786288,262732676,-2.7903304,9.135498,2.7038896,3
154581171286288,265232676,-2.7741787,9.109177,2.7056842,3
154581173786288,267732676,-2.7355945,9.095717,2.6793633,3
154581176286288,270232676,-2.7065816,9.075677,2.6404798,3
154581178786288,272732676,-2.7044878,9.025428,2.603391,3
154581181286288,275232676,-2.7074788,8.996415,2.5806592,3
154581183786288,277732676,-2.7194428,8.972786,2.571686,3
154581186286288,280232676,-2.7586255,8.938987,2.5848467,3
154581188786288,282732676,-2.8118658,8.915657,2.6198416,3
154581191286288,285232676,-2.8692935,8.880363,2.6551359,3
154581193786288,287732676,-2.9512477,8.85135,2.682055,3
154581196286288,290232676,-3.0556345,8.819645,2.705086,3
154581198786288,292732676,-3.1426735,8.805288,2.7397819,3
154581201286288,295232676,-3.2712877,8.772985,2.7681966,3
154581203786288,297732676,-3.400201,8.755338,2.7855446,3
154581206286288,300232676,-3.5443685,8.742476,2.8025935,3
154581208786288,302732676,-3.6915271,8.738588,2.7858438,3
154581211286288,305232676,-3.8389847,8.753544,2.7388847,3
154581213786288,307732676,-3.9714873,8.756834,2.693122,3
154581216286288,310232676,-4.134199,8.741281,2.6371896,3
154581218786288,312732676,-4.2831526,8.727222,2.5600212,3
154581221286288,315232676,-4.4404807,8.697611,2.4789643,3
154581223786288,317732676,-4.5768714,8.649157,2.4116662,3
154581226286288,320232676,-4.7027936,8.586644,2.361716,3
154581228786288,322732676,-4.82064,8.533403,2.3219352,3
154581231286288,325232676,-4.924429,8.493324,2.274677,3
154581233786288,327732676,-4.9920263,8.445468,2.207977,3
154581236286288,330232676,-5.0482574,8.406285,2.155335,3
154581238786288,332732676,-5.078766,8.365308,2.0614166,3
154581241286288,335232676,-5.1143594,8.335398,1.9773688,3
154581243786288,337732676,-5.123033,8.299805,1.8640088,3
154581246286288,340232676,-5.126323,8.26451,1.7347964,3
154581248786288,342732676,-5.1149573,8.221739,1.6184454,3
154581251286288,345232676,-5.1197433,8.170592,1.4787644,3
154581253786288,347732676,-5.1200423,8.130213,1.3480564,3
154581256286288,350232676,-5.1092744,8.0970125,1.2346965,3
154581258786288,352732676,-5.10748,8.070093,1.131506,3
154581261286288,355232676,-5.109574,8.045866,1.0196415,3
154581263786288,357732676,-5.10419,8.035398,0.93679005,3
154581266286288,360232676,-5.091029,8.016554,0.85244304,3
154581268786288,362732676,-5.0799623,8.000402,0.7468598,3
154581271286288,365232676,-5.0775695,7.9893355,0.6361917,3
154581273786288,367732676,-5.072784,7.986943,0.51206404,3
154581276286288,370232676,-5.0709896,7.949555,0.39481574,3
154581278786288,372732676,-5.069195,7.9244304,0.28205398,3
154581281286288,375232676,-5.081159,7.902895,0.17258233,3
154581283786288,377732676,-5.081757,7.8906317,0.08344969,3
154581286286288,380232676,-5.0889354,7.893922,-0.015553347,3
154581288786288,382732676,-5.089534,7.9037924,-0.093918286,3
154581291286288,385232676,-5.093123,7.9091763,-0.16570297,3
154581293786288,387732676,-5.0997033,7.920841,-0.253041,3
154581296286288,390232676,-5.091029,7.9426756,-0.35114673,3
154581298786288,392732676,-5.0946183,7.932805,-0.43758744,3
154581301286288,395232676,-5.0862436,7.927122,-0.5162515,3
154581303786288,397732676,-5.0919266,7.9205422,-0.58953166,3
154581306286288,400232676,-5.0865426,7.9055867,-0.65324056,3
154581308786288,402732676,-5.0793643,7.868199,-0.7082755,3
154581311286288,405232676,-5.069195,7.852646,-0.7713862,3
154581313786288,407732676,-5.0629134,7.858329,-0.85812604,3
154581316286288,410232676,-5.0539403,7.8693953,-0.93619186,3
154581318786288,412732676,-5.0458646,7.8888373,-0.97178507,3
154581321286288,415232676,-5.0336018,7.918149,-1.0372887,3
154581323786288,417732676,-5.0452666,7.97139,-1.0800604,3
154581326286288,420232676,-5.050052,8.001599,-1.0917253,3
154581328786288,422732676,-5.0530434,8.046165,-1.1416755,3
154581331286288,425232676,-5.063811,8.082356,-1.1593226,3
154581333786288,427732676,-5.061119,8.0970125,-1.1476575,3
154581336286288,430232676,-5.058128,8.113763,-1.11685,3
154581338786288,432732676,-5.0620165,8.128717,-1.0594223,3
154581341286288,435232676,-5.058427,8.1344,-0.96729857,3
154581343786288,437732676,-5.050052,8.132307,-0.8895318,3
154581346286288,440232676,-5.0662036,8.137093,-0.84825563,3
154581348786288,442732676,-5.089833,8.159525,-0.8111669,3
154581351286288,445232676,-5.0916276,8.181061,-0.7725826,3
154581353786288,447732676,-5.1083775,8.2011,-0.715454,3
154581356286288,450232676,-5.12423,8.21127,-0.6472585,3
154581358786288,452732676,-5.12423,8.242078,-0.5608178,3
154581361286288,455232676,-5.131707,8.251349,-0.4543372,3
154581363786288,457732676,-5.1418767,8.27797,-0.38255253,3
154581366286288,460232676,-5.1625147,8.289934,-0.29252258,3
154581368786288,462732676,-5.1903315,8.276474,-0.19381863,3
154581371286288,465232676,-5.2692947,8.2456665,-0.096311115,3
154581373786288,467732676,-5.404489,8.1789665,0.06819545,3
154581376286288,470232676,-5.5779686,8.1682,0.19411774,3
154581378786288,472732676,-5.7323055,8.252546,0.17018951,3
154581381286288,475232676,-5.817849,8.382058,0.1480559,3
154581383786288,477732676,-5.7984076,8.477771,0.16151553,3
154581386286288,480232676,-5.712266,8.507381,0.20937198,3
154581388786288,482732676,-5.587839,8.514859,0.2545365,3
154581391286288,485232676,-5.4610195,8.5220375,0.2620141,3
154581393786288,487732676,-5.363213,8.5067835,0.20877378,3
154581396286288,490232676,-5.293522,8.455936,0.10229317,3
154581398786288,492732676,-5.2692947,8.427222,0.04546363,3
154581401286288,495232676,-5.2540402,8.384749,-0.023330022,3
154581403786288,497732676,-5.2256255,8.345567,-0.047856454,3
154581406286288,500232676,-5.2070813,8.325527,-0.025124637,3
154581408786288,502732676,-5.1553364,8.314161,0.015254244,3
154581411286288,505232676,-5.130212,8.356335,0.034396827,3
154581413786288,507732676,-5.078467,8.389834,0.03379862,3
154581416286288,510232676,-5.0602217,8.422437,0.015553347,3
154581418786288,512732676,-5.046463,8.444571,-0.0317049,3
154581421286288,515232676,-5.035396,8.45474,-0.06759724,3
154581423786288,517732676,-5.0309095,8.448758,-0.13938192,3
154581426286288,520232676,-5.0180483,8.444271,-0.1911267,3
154581428786288,522732676,-5.0042896,8.423035,-0.24735804,3
154581431286288,525232676,-4.9860444,8.422137,-0.3155535,3
154581433786288,527732676,-4.976473,8.433205,-0.35294133,3
154581436286288,530232676,-4.9677987,8.4451685,-0.3807579,3
154581438786288,532732676,-4.956134,8.458329,-0.40289152,3
154581441286288,535232676,-4.961518,8.452945,-0.40588254,3
154581443786288,537732676,-4.974379,8.469396,-0.37657046,3
154581446286288,540232676,-4.9842496,8.470891,-0.3589234,3
154581448786288,542732676,-4.9980083,8.474779,-0.357727,3
154581451286288,545232676,-5.0177493,8.490333,-0.34546378,3
154581453786288,547732676,-5.031508,8.496016,-0.3179463,3
154581456286288,550232676,-5.0596237,8.5067835,-0.2748755,3
154581458786288,552732676,-5.083552,8.532805,-0.2425724,3
154581461286288,555232676,-5.1218367,8.547761,-0.19950159,3
154581463786288,557732676,-5.159524,8.572586,-0.15373886,3
154581466286288,560232676,-5.196912,8.599505,-0.10079765,3
154581468786288,562732676,-5.235197,8.611171,-0.05503492,3
154581471286288,565232676,-5.2683973,8.623434,-0.012562319,3
154581473786288,567732676,-5.279763,8.6395855,0.015254244,3
154581476286288,570232676,-5.2692947,8.617751,0.039780676,3
154581478786288,572732676,-5.256433,8.6192465,0.05892326,3
154581481286288,575232676,-5.2342997,8.615358,0.0634098,3
154581483786288,577732676,-5.2112684,8.6013,0.06819545,3
154581486286288,580232676,-5.165207,8.590233,0.07088737,3
154581488786288,582732676,-5.115556,8.582457,0.054735817,3
154581491286288,585232676,-5.087141,8.57468,0.059820566,3
154581493786288,587732676,-5.0389853,8.569296,0.046660043,3
154581496286288,590232676,-5.0105705,8.563015,0.029910283,3
154581498786288,592732676,-4.9869413,8.575278,0.026919255,3
154581501286288,595232676,-4.9567323,8.59472,0.030209387,3
154581503786288,597732676,-4.924728,8.585149,0.0029910284,3
154581506286288,600232676,-4.903791,8.594122,0.0032901312,3
154581508786288,602732676,-4.867001,8.616554,-0.014057833,3
154581511286288,605232676,-4.858028,8.642876,-0.017347964,3
154581513786288,607732676,-4.851448,8.656634,-0.011365907,3
154581516286288,610232676,-4.863113,8.659027,-0.0032901312,3
154581518786288,612732676,-4.8649077,8.676374,0.018843478,3
154581521286288,615232676,-4.874479,8.68475,0.005084748,3
154581523786288,617732676,-4.8855457,8.6961155,0.025124637,3
154581526286288,620232676,-4.8939204,8.686844,0.054137614,3
154581528786288,622732676,-4.8912287,8.678469,0.0634098,3
154581531286288,625232676,-4.887041,8.668299,0.090628155,3
154581533786288,627732676,-4.8732824,8.674879,0.12053844,3
154581536286288,630232676,-4.8355956,8.682058,0.13399807,3
154581538786288,632732676,-4.796114,8.677871,0.15433706,3
154581541286288,635232676,-4.7572303,8.689535,0.18664017,3
154581543786288,637732676,-4.700102,8.685946,0.20757736,3
154581546286288,640232676,-4.6504507,8.69462,0.21595225,3
154581548786288,642732676,-4.5972104,8.668898,0.2324029,3
154581551286288,645232676,-4.5448675,8.661719,0.24705894,3
154581553786288,647732676,-4.4778686,8.638987,0.2832504,3
154581556286288,650232676,-4.436293,8.606983,0.2748755,3
154581558786288,652732676,-4.391727,8.583354,0.2653042,3
154581561286288,655232676,-4.3612185,8.558528,0.28175488,3
154581563786288,657732676,-4.3238306,8.55135,0.27876383,3
154581566286288,660232676,-4.3005004,8.543274,0.26739794,3
154581568786288,662732676,-4.2738805,8.529515,0.26650062,3
154581571286288,665232676,-4.2556353,8.539086,0.24975087,3
154581573786288,667732676,-4.256532,8.553144,0.24496523,3
154581576286288,670232676,-4.260421,8.551949,0.2321038,3
154581578786288,672732676,-4.2738805,8.55793,0.19770697,3
154581581286288,675232676,-4.2921257,8.5779705,0.19292133,3
154581583786288,677732676,-4.314259,8.583354,0.148355,3
154581586286288,680232676,-4.3468614,8.606684,0.12592229,3
154581588786288,682732676,-4.386343,8.639884,0.11844472,3
154581591286288,685232676,-4.406383,8.650652,0.09451649,3
154581593786288,687732676,-4.429414,8.676374,0.07776674,3
154581596286288,690232676,-4.464708,8.69821,0.05922236,3
154581598786288,692732676,-4.471587,8.715557,0.04755735,3
154581601286288,695232676,-4.458726,8.72483,0.03798606,3
154581603786288,697732676,-4.473083,8.713762,0.04875376,3
154581606286288,700232676,-4.4578285,8.714959,0.030508488,3
154581608786288,702732676,-4.4458647,8.6910305,0.015553347,3
154581611286288,705232676,-4.4518466,8.6599245,-0.0637089,3
154581613786288,707732676,-4.4778686,8.627621,-0.1576272,3
154581616286288,710232676,-4.493422,8.614759,-0.27367908,3
154581618786288,712732676,-4.5352964,8.626724,-0.3472584,3
154581621286288,715232676,-4.586742,8.609974,-0.43010986,3
154581623786288,717732676,-4.6298127,8.620144,-0.49232325,3
154581626286288,720232676,-4.6710887,8.602796,-0.5204389,3
154581628786288,722732676,-4.7222357,8.586944,-0.5341976,3
154581631286288,725232676,-4.772186,8.563314,-0.51116675,3
154581633786288,727732676,-4.7988057,8.523534,-0.48065826,3
154581636286288,730232676,-4.834997,8.49811,-0.45104706,3
154581638786288,732732676,-4.861318,8.444571,-0.42622152,3
154581641286288,735232676,-4.8996034,8.388339,-0.38315073,3
154581643786288,737732676,-4.936991,8.342576,-0.3385844,3
154581646286288,740232676,-4.985446,8.309675,-0.27906293,3
154581648786288,742732676,-5.046164,8.275578,-0.21595225,3
154581651286288,745232676,-5.113163,8.244171,-0.14656039,3
154581653786288,747732676,-5.189733,8.202596,-0.054436713,3
154581656286288,750232676,-5.2692947,8.182257,0.0059820567,3
154581658786288,752732676,-5.354539,8.164909,0.07507481,3
154581661286288,755232676,-5.419145,8.160722,0.13609178,3
154581663786288,757732676,-5.47747,8.134998,0.18005991,3
154581666286288,760232676,-5.5334024,8.143673,0.2105684,3
154581668786288,762732676,-5.5669017,8.1179495,0.21655045,3
154581671286288,765232676,-5.5740805,8.106584,0.2425724,3
154581673786288,767732676,-5.5746784,8.1015,0.2515455,3
154581676286288,770232676,-5.5660048,8.0868435,0.24945176,3
154581678786288,772732676,-5.547161,8.07787,0.24556342,3
154581681286288,775232676,-5.5259247,8.079964,0.21774685,3
154581683786288,777732676,-5.483153,8.064112,0.20697916,3
154581686286288,780232676,-5.447261,8.075478,0.19830517,3
154581688786288,782732676,-5.415556,8.077571,0.1794617,3
154581691286288,785232676,-5.3817573,8.062017,0.14327025,3
154581693786288,787732676,-5.3473606,8.05783,0.123828575,3
154581696286288,790232676,-5.3153563,8.0677,0.11335997,3
154581698786288,792732676,-5.3165526,8.062317,0.110368945,3
154581701286288,795232676,-5.3033924,8.087142,0.07986046,3
154581703786288,797732676,-5.3015976,8.10449,0.06430711,3
154581706286288,800232676,-5.3108697,8.128119,0.058325052,3
154581708786288,802732676,-5.296513,8.154739,0.064008005,3
154581711286288,805232676,-5.2869415,8.1840515,0.06430711,3
154581713786288,807732676,-5.2899327,8.2094755,0.06460621,3
154581716286288,810232676,-5.2983074,8.236095,0.04755735,3
154581718786288,812732676,-5.3007,8.27139,0.03708875,3
154581721286288,815232676,-5.300401,8.298608,0.029312078,3
154581723786288,817732676,-5.311169,8.2965145,0.0032901312,3
154581726286288,820232676,-5.3108697,8.29442,0.005383851,3
154581728786288,822732676,-5.3147583,8.289635,-0.010767702,3
154581731286288,825232676,-5.317749,8.275278,-0.02003989,3
154581733786288,827732676,-5.3273206,8.280662,-0.023030918,3
154581736286288,830232676,-5.317151,8.272586,-0.032901313,3
154581738786288,832732676,-5.3353963,8.263912,-0.061914288,3
154581741286288,835232676,-5.3333025,8.288737,-0.07986046,3
154581743786288,837732676,-5.3422756,8.3013,-0.10289137,3
154581746286288,840232676,-5.3183475,8.322835,-0.13549358,3
154581748786288,842732676,-5.3018966,8.324032,-0.17407785,3
154581751286288,845232676,-5.2956157,8.315657,-0.19232312,3
154581753786288,847732676,-5.2809596,8.326724,-0.21684955,3
154581756286288,850232676,-5.261817,8.316554,-0.2440679,3
154581758786288,852732676,-5.257929,8.305488,-0.26051855,3
154581761286288,855232676,-5.247161,8.310871,-0.28235307,3
154581763786288,857732676,-5.2334023,8.316256,-0.29072794,3
154581766286288,860232676,-5.198108,8.324032,-0.29341987,3
154581768786288,862732676,-5.1879387,8.337491,-0.30418757,3
154581771286288,865232676,-5.1696935,8.35454,-0.35084763,3
154581773786288,867732676,-5.1661043,8.373981,-0.3469593,3
154581776286288,870232676,-5.156533,8.383254,-0.3681956,3
154581778786288,872732676,-5.158028,8.4015,-0.38644084,3
154581781286288,875232676,-5.1849475,8.418549,-0.43848476,3
154581783786288,877732676,-5.1586266,8.443673,-0.3789633,3
154581786286288,880232676,-5.108078,8.478668,-0.3149553,3
154581788786288,882732676,-5.056034,8.536993,-0.2542374,3
154581791286288,885232676,-5.024329,8.603394,-0.20458634,3
154581793786288,887732676,-4.9809594,8.64796,-0.13609178,3
154581796286288,890232676,-4.933402,8.670991,-0.10378868,3
154581798786288,892732676,-4.883751,8.668,-0.06729814,3
154581801286288,895232676,-4.818547,8.653942,-0.02213361,3
154581803786288,897732676,-4.7455654,8.649157,-0.029312078,3
154581806286288,900232676,-4.6881375,8.618947,-0.03918247,3
154581808786288,902732676,-4.636094,8.584251,-0.08823533,3
154581811286288,905232676,-4.6037908,8.566006,-0.12412767,3
154581813786288,907732676,-4.5912285,8.540583,-0.15972091,3
154581816286288,910232676,-4.5945187,8.5220375,-0.17617157,3
154581818786288,912732676,-4.5888357,8.516953,-0.17108682,3
154581821286288,915232676,-4.6064825,8.502297,-0.15164514,3
154581823786288,917732676,-4.6447678,8.495118,-0.13848461,3
154581826286288,920232676,-4.688736,8.506186,-0.110368945,3
154581828786288,922732676,-4.731508,8.501998,-0.07716853,3
154581831286288,925232676,-4.7685966,8.49811,-0.0529412,3
154581833786288,927732676,-4.8242297,8.487641,-0.0032901312,3
154581836286288,930232676,-4.892724,8.487342,0.032004002,3
154581838786288,932732676,-4.962714,8.468798,0.048454657,3
154581841286288,935232676,-5.034798,8.448758,0.07776674,3
154581843786288,937732676,-5.0946183,8.440981,0.0846461,3
154581846286288,940232676,-5.1592245,8.456834,0.08015956,3
154581848786288,942732676,-5.209773,8.463413,0.03888337,3
154581851286288,945232676,-5.255835,8.477173,-0.0035892338,3
154581853786288,947732676,-5.29083,8.496614,-0.08135597,3
154581856286288,950232676,-5.313562,8.5016985,-0.15284155,3
154581858786288,952732676,-5.339584,8.516654,-0.19710876,3
154581861286288,955232676,-5.3386865,8.5220375,-0.31286156,3
154581863786288,957732676,-5.348856,8.513064,-0.41874397,3
154581866286288,960232676,-5.3419766,8.518747,-0.46660042,3
154581868786288,962732676,-5.3539405,8.514261,-0.48006004,3
154581871286288,965232676,-5.349155,8.516355,-0.47168517,3
154581873786288,967732676,-5.3243294,8.509176,-0.42053857,3
154581876286288,970232676,-5.2998033,8.522636,-0.35383865,3
154581878786288,972732676,-5.298607,8.488539,-0.293719,3
154581881286288,975232676,-5.280361,8.48794,-0.22761725,3
154581883786288,977732676,-5.258527,8.496016,-0.19082761,3
154581886286288,980232676,-5.234,8.489435,-0.17138593,3
154581888786288,982732676,-5.2202415,8.49123,-0.15792629,3
154581891286288,985232676,-5.1909294,8.502895,-0.14207384,3
154581893786288,987732676,-5.154439,8.508279,-0.1381855,3
154581896286288,990232676,-5.1400824,8.5322075,-0.093918286,3
154581898786288,992732676,-5.1062837,8.533703,-0.055932228,3
154581901286288,995232676,-5.0802617,8.52473,-0.02841477,3
154581903786288,997732676,-5.04078,8.528618,-0.0065802624,3
154581906286288,1000232676,-5.0072803,8.517851,0.005084748,3
154581908786288,1002732676,-4.9845486,8.516953,0.018544376,3
154581911286288,1005232676,-4.9600224,8.519944,-0.0047856453,3
154581913786288,1007732676,-4.9325047,8.509774,-0.0065802624,3
154581916286288,1010232676,-4.914858,8.507681,-0.059820566,3
154581918786288,1012732676,-4.915755,8.513064,-0.08883354,3
154581921286288,1015232676,-4.9055853,8.492427,-0.11335997,3
154581923786288,1017732676,-4.9106703,8.484052,-0.12233306,3
154581926286288,1020232676,-4.9405804,8.473583,-0.12532409,3
154581928786288,1022732676,-4.9378886,8.4604225,-0.118145615,3
154581931286288,1025232676,-4.9549375,8.473284,-0.10199407,3
154581933786288,1027732676,-4.968696,8.46491,-0.08255238,3
154581936286288,1030232676,-4.971089,8.456534,-0.05892326,3
154581938786288,1032732676,-4.987241,8.45773,-0.047856454,3
154581941286288,1035232676,-5.002495,8.456235,-0.03499503,3
154581943786288,1037732676,-5.020441,8.446364,0.0038883367,3
154581946286288,1040232676,-5.0365925,8.448459,0.0047856453,3
154581948786288,1042732676,-5.049454,8.42782,-0.0017946169,3
154581951286288,1045232676,-5.0620165,8.419147,0.0014955142,3
154581953786288,1047732676,-5.0620165,8.421839,-0.020338992,3
154581956286288,1050232676,-5.072186,8.425427,-0.02632105,3
154581958786288,1052732676,-5.076373,8.4349985,-0.050249275,3
154581961286288,1055232676,-5.076373,8.426325,-0.061914288,3
154581963786288,1057732676,-5.0823555,8.418549,-0.0840479,3
154581966286288,1060232676,-5.093123,8.427522,-0.09332009,3
154581968786288,1062732676,-5.109574,8.432606,-0.08883354,3
154581971286288,1065232676,-5.123033,8.429914,-0.09032906,3
154581973786288,1067732676,-5.1400824,8.438588,-0.0951147,3
154581976286288,1070232676,-5.1364927,8.425129,-0.07178468,3
154581978786288,1072732676,-5.1664033,8.438588,-0.054137614,3
154581981286288,1075232676,-5.1828537,8.441878,-0.04965107,3
154581983786288,1077732676,-5.198407,8.447561,-0.04336991,3
154581986286288,1080232676,-5.219045,8.452945,-0.055633128,3
154581988786288,1082732676,-5.22084,8.456834,-0.05712864,3
154581991286288,1085232676,-5.2280183,8.440681,-0.043968115,3
154581993786288,1087732676,-5.2223353,8.440681,-0.047258247,3
154581996286288,1090232676,-5.22084,8.423035,-0.05503492,3
154581998786288,1092732676,-5.211867,8.405088,-0.042771704,3
154582001286288,1095232676,-5.2079782,8.396714,-0.026620151,3
154582003786288,1097732676,-5.197809,8.396415,-0.035294134,3
154582006286288,1100232676,-5.1816573,8.400003,-0.020937199,3
154582008786288,1102732676,-5.156234,8.395817,2.9910283E-4,3
154582011286288,1105232676,-5.1493545,8.389236,0.0047856453,3
154582013786288,1107732676,-5.1203413,8.3733835,-0.005084748,3
154582016286288,1110232676,-5.108078,8.359326,-0.014656039,3
154582018786288,1112732676,-5.087141,8.345567,-0.021535404,3
154582021286288,1115232676,-5.075775,8.342277,-0.023928227,3
154582023786288,1117732676,-5.0656056,8.3345,-0.048454657,3
154582026286288,1120232676,-5.049753,8.325527,-0.08135597,3
154582028786288,1122732676,-5.0419765,8.309376,-0.10827523,3
154582031286288,1125232676,-5.041378,8.30788,-0.10199407,3
154582033786288,1127732676,-5.0548377,8.318947,-0.11395818,3
154582036286288,1130232676,-5.065007,8.331808,-0.10378868,3
154582038786288,1132732676,-5.0742793,8.336594,-0.10139586,3
154582041286288,1135232676,-5.085346,8.354241,-0.08135597,3
154582043786288,1137732676,-5.1050873,8.353643,-0.05623133,3
154582046286288,1140232676,-5.1029935,8.365308,-0.026021946,3
154582048786288,1142732676,-5.0937214,8.371888,0.0035892338,3
154582051286288,1145232676,-5.081458,8.368,0.024227329,3
154582053786288,1147732676,-5.0676994,8.366803,0.052043892,3
154582056286288,1150232676,-5.0536413,8.362616,0.06669993,3
154582058786288,1152732676,-5.0213385,8.3428755,0.07716853,3
154582061286288,1155232676,-5.0162535,8.342277,0.070289165,3
154582063786288,1157732676,-4.99412,8.349156,0.075673014,3
154582066286288,1160232676,-4.991428,8.346464,0.059521463,3
154582068786288,1162732676,-4.9980083,8.360822,0.04965107,3
154582071286288,1165232676,-4.994419,8.376973,0.040977087,3
154582073786288,1167732676,-5.0156555,8.397312,0.03708875,3
154582076286288,1170232676,-5.031508,8.402397,-0.011964113,3
154582078786288,1172732676,-5.047061,8.422137,-0.0020937198,3
154582081286288,1175232676,-5.086842,8.437093,-0.0017946169,3
154582083786288,1177732676,-5.112864,8.453842,0.0065802624,3
154582086286288,1180232676,-5.1364927,8.46461,0.012263216,3
154582088786288,1182732676,-5.143073,8.49482,0.019142581,3
154582091286288,1185232676,-5.1475596,8.513663,0.04965107,3
154582093786288,1187732676,-5.1379886,8.533703,0.069391854,3
154582096286288,1190232676,-5.127819,8.543274,0.07208378,3
154582098786288,1192732676,-5.1003013,8.548658,0.09661021,3
154582101286288,1195232676,-5.0679984,8.546266,0.10857433,3
154582103786288,1197732676,-5.0455656,8.543872,0.12592229,3
154582106286288,1200232676,-4.994419,8.541479,0.1486541,3
154582108786288,1202732676,-4.95075,8.540283,0.14237295,3
154582111286288,1205232676,-4.894818,8.530712,0.14446667,3
154582113786288,1207732676,-4.8439703,8.529217,0.13220344,3
154582116286288,1210232676,-4.794319,8.525029,0.10887343,3
154582118786288,1212732676,-4.7632127,8.509476,0.068793654,3
154582121286288,1215232676,-4.7285166,8.507681,0.0071784677,3
154582123786288,1217732676,-4.712963,8.518149,-0.016749758,3
154582126286288,1220232676,-4.72732,8.53131,-0.044566322,3
154582128786288,1222732676,-4.74736,8.5423765,-0.063110694,3
154582131286288,1225232676,-4.7772703,8.553444,-0.09601201,3
154582133786288,1227732676,-4.810471,8.547162,-0.11455639,3
154582136286288,1230232676,-4.8475595,8.55135,-0.10079765,3
154582138786288,1232732676,-4.881358,8.558229,-0.10857433,3
154582141286288,1235232676,-4.90409,8.552845,-0.10378868,3
154582143786288,1237732676,-4.9265227,8.565408,-0.077467635,3
154582146286288,1240232676,-4.935197,8.558229,-0.060418773,3
154582148786288,1242732676,-4.935197,8.541779,-0.035593238,3
154582151286288,1245232676,-4.959723,8.52443,-0.017048862,3
154582153786288,1247732676,-4.9666023,8.507083,-0.0071784677,3
154582156286288,1250232676,-4.9642096,8.492427,0.008374879,3
154582158786288,1252732676,-4.976174,8.467302,0.018544376,3
154582161286288,1255232676,-4.994419,8.460722,0.03708875,3
154582163786288,1257732676,-5.0105705,8.436195,0.033200413,3
154582166286288,1260232676,-5.0189457,8.424232,0.02961118,3
154582168786288,1262732676,-5.034798,8.416454,0.026620151,3
154582171286288,1265232676,-5.051847,8.407781,0.020338992,3
154582173786288,1267732676,-5.078168,8.409575,0.008673982,3
154582176286288,1270232676,-5.1014977,8.404191,-0.013160525,3
154582178786288,1272732676,-5.133502,8.399705,-0.040378883,3
154582181286288,1275232676,-5.1499524,8.394022,-0.044566322,3
154582183786288,1277732676,-5.156234,8.387741,-0.060418773,3
154582186286288,1280232676,-5.151149,8.403294,-0.08315059,3
154582188786288,1282732676,-5.152345,8.385647,-0.10289137,3
154582191286288,1285232676,-5.1400824,8.379665,-0.13010973,3
154582193786288,1287732676,-5.137689,8.381759,-0.14327025,3
154582196286288,1290232676,-5.1457653,8.381161,-0.1378864,3
154582198786288,1292732676,-5.152046,8.375776,-0.14027923,3
154582201286288,1295232676,-5.1469617,8.387142,-0.14596218,3
154582203786288,1297732676,-5.143372,8.411669,-0.11246266,3
154582206286288,1300232676,-5.130212,8.420044,-0.10857433,3
154582208786288,1302732676,-5.135895,8.412267,-0.097806625,3
154582211286288,1305232676,-5.1206403,8.430512,-0.07208378,3
154582213786288,1307732676,-5.0958147,8.435896,-0.047258247,3
154582216286288,1310232676,-5.08415,8.433803,-0.03379862,3
154582218786288,1312732676,-5.0620165,8.427522,-0.017647067,3
154582221286288,1315232676,-5.035695,8.40449,-0.006879365,3
154582223786288,1317732676,-5.0368915,8.393723,-0.016151553,3
154582226286288,1320232676,-5.0186462,8.39462,-0.0059820567,3
154582228786288,1322732676,-5.0030932,8.390732,-0.005084748,3
154582231286288,1325232676,-4.9989057,8.382058,-0.02751746,3
154582233786288,1327732676,-5.0015974,8.373085,-0.023629123,3
154582236286288,1330232676,-4.999803,8.373981,-0.06011967,3
154582238786288,1332732676,-5.001897,8.359924,-0.076570325,3
154582241286288,1335232676,-5.0156555,8.36142,-0.090628155,3
154582243786288,1337732676,-5.0192447,8.350353,-0.11246266,3
154582246286288,1340232676,-5.0386863,8.352147,-0.13489537,3
154582248786288,1342732676,-5.063512,8.360223,-0.1480559,3
154582251286288,1345232676,-5.0883374,8.372486,-0.15373886,3
154582253786288,1347732676,-5.1032925,8.387142,-0.14356937,3
154582256286288,1350232676,-5.1212387,8.412267,-0.15972091,3
154582258786288,1352732676,-5.1385865,8.4400835,-0.14356937,3
154582261286288,1355232676,-5.143372,8.464012,-0.1160519,3
154582263786288,1357732676,-5.1385865,8.476873,-0.11216356,3
154582266286288,1360232676,-5.127819,8.479266,-0.0948156,3
154582268786288,1362732676,-5.1218367,8.49781,-0.05503492,3
154582271286288,1365232676,-5.0880384,8.476574,-0.041575294,3
154582273786288,1367732676,-5.061717,8.474481,-0.014656039,3
154582276286288,1370232676,-5.035396,8.473583,0.023928227,3
154582278786288,1372732676,-5.006383,8.475079,0.046660043,3
154582281286288,1375232676,-4.980062,8.473284,0.041575294,3
154582283786288,1377732676,-4.9435716,8.463413,0.041575294,3
154582286286288,1380232676,-4.9322057,8.45773,-0.0038883367,3
154582288786288,1382732676,-4.9178486,8.453544,-0.053539407,3
154582291286288,1385232676,-4.898706,8.4347,-0.08554341,3
154582293786288,1387732676,-4.897809,8.420941,-0.1372882,3
154582296286288,1390232676,-4.892724,8.425129,-0.17288144,3
154582298786288,1392732676,-4.909773,8.416454,-0.2000998,3
154582301286288,1395232676,-4.9322057,8.43799,-0.22582264,3
154582303786288,1397732676,-4.953741,8.415856,-0.22342981,3
154582306286288,1400232676,-5.0012984,8.424232,-0.23509483,3
154582308786288,1402732676,-5.061119,8.427522,-0.22522444,3
154582311286288,1405232676,-5.1000023,8.428718,-0.20309082,3
154582313786288,1407732676,-5.162814,8.442776,-0.17916259,3
154582316286288,1410232676,-5.2049875,8.439486,-0.15643078,3
154582318786288,1412732676,-5.2283173,8.447861,-0.11246266,3
154582321286288,1415232676,-5.256433,8.437691,-0.07926225,3
154582323786288,1417732676,-5.2686963,8.421539,-0.042771704,3
154582326286288,1420232676,-5.265107,8.413464,-0.0044865427,3
154582328786288,1422732676,-5.241179,8.400303,0.027218357,3
154582331286288,1425232676,-5.2082777,8.391629,0.044865426,3
154582333786288,1427732676,-5.1469617,8.388339,0.06969096,3
154582336286288,1430232676,-5.0952168,8.392227,0.05802595,3
154582338786288,1432732676,-5.0440702,8.381759,0.03918247,3
154582341286288,1435232676,-4.981857,8.370692,0.032901313,3
154582343786288,1437732676,-4.9363933,8.353643,0.0035892338,3
154582346286288,1440232676,-4.8903313,8.3428755,-0.02003989,3
154582348786288,1442732676,-4.8735814,8.338688,-0.025124637,3
154582351286288,1445232676,-4.8649077,8.333304,-0.07298109,3
154582353786288,1447732676,-4.852345,8.32792,-0.07328019,3
154582356286288,1450232676,-4.8649077,8.321041,-0.0846461,3
154582358786288,1452732676,-4.8912287,8.326125,-0.072681986,3
154582361286288,1455232676,-4.9175496,8.33809,-0.07806584,3
154582363786288,1457732676,-4.9316072,8.347362,-0.0738784,3
154582366286288,1460232676,-4.953741,8.338388,-0.03798606,3
154582368786288,1462732676,-5.0081778,8.3428755,-0.02751746,3
154582371286288,1465232676,-5.043472,8.342277,-0.038584266,3
154582373786288,1467732676,-5.0901318,8.340483,-0.032303106,3
154582376286288,1470232676,-5.128417,8.338987,-0.037686955,3
154582378786288,1472732676,-5.1753764,8.330911,-0.03798606,3
154582381286288,1475232676,-5.212465,8.339286,-0.035294134,3
154582383786288,1477732676,-5.2645087,8.354839,-0.06131608,3
154582386286288,1480232676,-5.2983074,8.357532,-0.068793654,3
154582388786288,1482732676,-5.326124,8.368598,-0.09451649,3
154582391286288,1485232676,-5.3446684,8.379066,-0.11425728,3
154582393786288,1487732676,-5.3644094,8.398808,-0.14027923,3
154582396286288,1490232676,-5.3700924,8.393125,-0.1576272,3
154582398786288,1492732676,-5.351847,8.39791,-0.1594218,3
154582401286288,1495232676,-5.354838,8.412866,-0.18783657,3
154582403786288,1497732676,-5.345865,8.417053,-0.2015953,3
154582406286288,1500232676,-5.3336015,8.418249,-0.1905285,3
154582408786288,1502732676,-5.300401,8.42812,-0.17856438,3
154582411286288,1505232676,-5.261817,8.42124,-0.15164514,3
154582413786288,1507732676,-5.212166,8.410473,-0.12951152,3
154582416286288,1510232676,-5.17418,8.420941,-0.11844472,3
154582418786288,1512732676,-5.1640105,8.446364,-0.111266255,3
154582421286288,1515232676,-5.1352963,8.469096,-0.09661021,3
154582423786288,1517732676,-5.110471,8.498708,-0.1061815,3
154582426286288,1520232676,-5.085645,8.50469,-0.12502499,3
154582428786288,1522732676,-5.0629134,8.507083,-0.1160519,3
154582431286288,1525232676,-5.0312085,8.512766,-0.1468595,3
154582433786288,1527732676,-5.0030932,8.518747,-0.15553348,3
154582436286288,1530232676,-4.9719863,8.510971,-0.17676978,3
154582438786288,1532732676,-4.945067,8.512766,-0.18275183,3
154582441286288,1535232676,-4.921737,8.519944,-0.19232312,3
154582443786288,1537732676,-4.9214377,8.526525,-0.20428723,3
154582446286288,1540232676,-4.9232326,8.53789,-0.200698,3
154582448786288,1542732676,-4.916353,8.510672,-0.19501504,3
154582451286288,1545232676,-4.9229336,8.510971,-0.19501504,3
154582453786288,1547732676,-4.9348974,8.496016,-0.20219351,3
154582456286288,1550232676,-4.9471607,8.489735,-0.17557336,3
154582458786288,1552732676,-4.963312,8.480762,-0.15194423,3
154582461286288,1555232676,-4.968696,8.473284,-0.13489537,3
154582463786288,1557732676,-4.977968,8.472088,-0.12113664,3
154582466286288,1560232676,-4.9881377,8.46102,-0.118145615,3
154582468786288,1562732676,-5.005785,8.450552,-0.09601201,3
154582471286288,1565232676,-5.011468,8.447262,-0.084346995,3
154582473786288,1567732676,-5.0198426,8.443374,-0.08315059,3
154582476286288,1570232676,-5.020142,8.450552,-0.05623133,3
154582478786288,1572732676,-5.0276194,8.437691,-0.055633128,3
154582481286288,1575232676,-5.0132627,8.451151,-0.03260221,3
154582483786288,1577732676,-4.9992046,8.423633,-0.02871387,3
154582486286288,1580232676,-4.9866424,8.416454,-0.010767702,3
154582488786288,1582732676,-4.968696,8.410173,-0.0044865427,3
154582491286288,1585232676,-4.94088,8.408977,-0.011365907,3
154582493786288,1587732676,-4.922036,8.407481,-0.0065802624,3
154582496286288,1590232676,-4.901996,8.39821,-0.0038883367,3
154582498786288,1592732676,-4.8858447,8.393723,0.021834506,3
154582501286288,1595232676,-4.872086,8.386544,0.008973085,3
154582503786288,1597732676,-4.85743,8.3943205,0.017048862,3
154582506286288,1600232676,-4.8589253,8.404191,0.0062811594,3
154582508786288,1602732676,-4.871787,8.409874,0.008673982,3
154582511286288,1605232676,-4.87747,8.433803,-0.02003989,3
154582513786288,1607732676,-4.87418,8.444571,-0.030508488,3
154582516286288,1610232676,-4.8996034,8.46461,-0.07178468,3
154582518786288,1612732676,-4.9202414,8.476574,-0.08793623,3
154582521286288,1615232676,-4.929514,8.486744,-0.112761766,3
154582523786288,1617732676,-4.949853,8.484052,-0.124426775,3
154582526286288,1620232676,-4.9806604,8.489735,-0.14207384,3
154582528786288,1622732676,-4.997111,8.474779,-0.14745769,3
154582531286288,1625232676,-5.0132627,8.479864,-0.13908282,3
154582533786288,1627732676,-5.026423,8.492725,-0.13878371,3
154582536286288,1630232676,-5.0365925,8.479266,-0.14895321,3
154582538786288,1632732676,-5.0389853,8.48794,-0.15074782,3
154582541286288,1635232676,-5.0416775,8.479266,-0.13998012,3
154582543786288,1637732676,-5.0536413,8.457132,-0.13758731,3
154582546286288,1640232676,-5.0482574,8.4679,-0.124426775,3
154582548786288,1642732676,-5.0270214,8.440383,-0.104087785,3
154582551286288,1645232676,-5.0327044,8.4349985,-0.09032906,3
154582553786288,1647732676,-5.024329,8.430213,-0.085244305,3
154582556286288,1650232676,-5.0156555,8.423334,-0.059820566,3
154582558786288,1652732676,-5.006383,8.407481,-0.03678965,3
154582561286288,1655232676,-5.0069814,8.417053,-0.046660043,3
154582563786288,1657732676,-4.9980083,8.399107,-0.045762733,3
154582566286288,1660232676,-4.9863434,8.40808,-0.039780676,3
154582568786288,1662732676,-4.976473,8.401798,-0.035294134,3
154582571286288,1665232676,-4.975875,8.375776,-0.044566322,3
154582573786288,1667732676,-4.9806604,8.37458,-0.06131608,3
154582576286288,1670232676,-4.982754,8.367701,-0.09212367,3
154582578786288,1672732676,-5.0048876,8.365308,-0.08584251,3
154582581286288,1675232676,-5.014758,8.377571,-0.102592275,3
154582583786288,1677732676,-5.0395837,8.383852,-0.13010973,3
154582586286288,1680232676,-5.050052,8.39462,-0.14506488,3
154582588786288,1682732676,-5.0548377,8.416754,-0.14656039,3
154582591286288,1685232676,-5.0712886,8.432307,-0.1594218,3
154582593786288,1687732676,-5.076373,8.429017,-0.14027923,3
154582596286288,1690232676,-5.0919266,8.424232,-0.15672988,3
154582598786288,1692732676,-5.1003013,8.433503,-0.17736799,3
154582601286288,1695232676,-5.0979085,8.427222,-0.16510476,3
154582603786288,1697732676,-5.0940204,8.433803,-0.17676978,3
154582606286288,1700232676,-5.093123,8.432008,-0.18873389,3
154582608786288,1702732676,-5.066802,8.43141,-0.1905285,3
154582611286288,1705232676,-5.061119,8.422437,-0.17587246,3
154582613786288,1707732676,-5.048557,8.432606,-0.1689931,3
154582616286288,1710232676,-5.028218,8.425427,-0.16091733,3
154582618786288,1712732676,-5.011468,8.410173,-0.15044872,3
154582621286288,1715232676,-5.001897,8.410771,-0.14416756,3
154582623786288,1717732676,-4.9917274,8.4038925,-0.122931264,3
154582626286288,1720232676,-4.975875,8.407481,-0.12352947,3
154582628786288,1722732676,-4.979464,8.400303,-0.09661021,3
154582631286288,1725232676,-4.9755754,8.387442,-0.103190474,3
154582633786288,1727732676,-4.9860444,8.390732,-0.092422776,3
154582636286288,1730232676,-4.99412,8.390732,-0.100199446,3
154582638786288,1732732676,-5.005785,8.3835535,-0.10857433,3
154582641286288,1735232676,-5.0069814,8.396714,-0.119940236,3
154582643786288,1737732676,-5.0216374,8.400003,-0.106480606,3
154582646286288,1740232676,-5.026722,8.396714,-0.13220344,3
154582648786288,1742732676,-5.034798,8.396714,-0.13280165,3
154582651286288,1745232676,-5.055436,8.399705,-0.15343975,3
154582653786288,1747732676,-5.069195,8.405986,-0.16779669,3
154582656286288,1750232676,-5.0916276,8.393125,-0.18993029,3
154582658786288,1752732676,-5.1026945,8.405088,-0.18574286,3
154582661286288,1755232676,-5.113462,8.409575,-0.18903299,3
154582663786288,1757732676,-5.1496534,8.421839,-0.1902294,3
154582666286288,1760232676,-5.156234,8.432905,-0.16959131,3
154582668786288,1762732676,-5.186443,8.4502535,-0.15194423,3
154582671286288,1765232676,-5.1885366,8.45474,-0.1271187,3
154582673786288,1767732676,-5.205885,8.466405,-0.11006984,3
154582676286288,1770232676,-5.1903315,8.473583,-0.119042926,3
154582678786288,1772732676,-5.1732826,8.489137,-0.09840483,3
154582681286288,1775232676,-5.1346984,8.481659,-0.10767702,3
154582683786288,1777732676,-5.10419,8.472686,-0.096311115,3
154582686286288,1780232676,-5.0697927,8.46491,-0.11335997,3
154582688786288,1782732676,-5.029115,8.456834,-0.106480606,3
154582691286288,1785232676,-4.9878387,8.462517,-0.08763713,3
154582693786288,1787732676,-4.974678,8.45803,-0.08763713,3
154582696286288,1790232676,-4.964808,8.458628,-0.083748795,3
154582698786288,1792732676,-4.947759,8.455338,-0.08554341,3
154582701286288,1795232676,-4.9405804,8.459825,-0.10139586,3
154582703786288,1797732676,-4.9405804,8.460722,-0.10438689,3
154582706286288,1800232676,-4.935496,8.460124,-0.09092726,3
154582708786288,1802732676,-4.9316072,8.448459,-0.13220344,3
154582711286288,1805232676,-4.9453664,8.4502535,-0.12352947,3
154582713786288,1807732676,-4.948058,8.443673,-0.13160525,3
154582716286288,1810232676,-4.9692945,8.448159,-0.13968103,3
154582718786288,1812732676,-4.9923253,8.433205,-0.15194423,3
154582721286288,1815232676,-5.003691,8.432606,-0.15732808,3
154582723786288,1817732676,-5.0309095,8.421839,-0.1594218,3
154582726286288,1820232676,-5.06082,8.417352,-0.16360925,3
154582728786288,1822732676,-5.089833,8.415856,-0.15194423,3
154582731286288,1825232676,-5.1197433,8.408678,-0.15164514,3
154582733786288,1827732676,-5.1460643,8.414361,-0.13280165,3
154582736286288,1830232676,-5.1735816,8.407781,-0.11545369,3
154582738786288,1832732676,-5.194519,8.420642,-0.11156536,3
154582741286288,1835232676,-5.2169514,8.426325,-0.122931264,3
154582743786288,1837732676,-5.2103715,8.42812,-0.12023934,3
154582746286288,1840232676,-5.212166,8.4400835,-0.13130614,3
154582748786288,1842732676,-5.2008,8.430812,-0.13070793,3
154582751286288,1845232676,-5.1705904,8.429316,-0.1378864,3
154582753786288,1847732676,-5.1442695,8.435597,-0.14027923,3
154582756286288,1850232676,-5.104788,8.407481,-0.12592229,3
154582758786288,1852732676,-5.0569315,8.414959,-0.15373886,3
154582761286288,1855232676,-5.022535,8.411968,-0.15134603,3
154582763786288,1857732676,-4.9977093,8.397013,-0.15014961,3
154582766286288,1860232676,-4.957629,8.388638,-0.15523437,3
154582768786288,1862732676,-4.92084,8.391629,-0.180359,3
154582771286288,1865232676,-4.9160542,8.388638,-0.18574286,3
154582773786288,1867732676,-4.9109693,8.395517,-0.19471595,3
154582776286288,1870232676,-4.913362,8.371589,-0.2105684,3
154582778786288,1872732676,-4.9325047,8.379665,-0.19770697,3
154582781286288,1875232676,-4.9462633,8.383852,-0.2117648,3
154582783786288,1877732676,-4.9734817,8.380861,-0.20877378,3
154582786286288,1880232676,-4.9932227,8.385049,-0.17198412,3
154582788786288,1882732676,-5.042874,8.407481,-0.16181463,3
154582791286288,1885232676,-5.085346,8.417053,-0.15672988,3
154582793786288,1887732676,-5.1179485,8.42453,-0.13878371,3
154582796286288,1890232676,-5.145466,8.419147,-0.13399807,3
154582798786288,1892732676,-5.1592245,8.4197445,-0.1363909,3
154582801286288,1895232676,-5.1813583,8.407781,-0.11874382,3
154582803786288,1897732676,-5.2106705,8.411669,-0.11156536,3
154582806286288,1900232676,-5.2256255,8.408977,-0.11066805,3
154582808786288,1902732676,-5.2399826,8.396714,-0.12891331,3
154582811286288,1905232676,-5.247161,8.4015,-0.13519448,3
154582813786288,1907732676,-5.2453666,8.417352,-0.15702899,3
154582816286288,1910232676,-5.2369914,8.42124,-0.16570297,3
154582818786288,1912732676,-5.215456,8.417651,-0.17018951,3
154582821286288,1915232676,-5.2052865,8.429017,-0.18065812,3
154582823786288,1917732676,-5.1879387,8.424232,-0.17108682,3
154582826286288,1920232676,-5.1667023,8.440681,-0.180359,3
154582828786288,1922732676,-5.1472607,8.447262,-0.17467605,3
154582831286288,1925232676,-5.1206403,8.458329,-0.18813568,3
154582833786288,1927732676,-5.094918,8.454441,-0.18394823,3
154582836286288,1930232676,-5.061717,8.475079,-0.17407785,3
154582838786288,1932732676,-5.032405,8.479566,-0.16749759,3
154582841286288,1935232676,-4.991129,8.479864,-0.17796618,3
154582843786288,1937732676,-4.9579287,8.471788,-0.17228323,3
154582846286288,1940232676,-4.9283175,8.473883,-0.16271193,3
154582848786288,1942732676,-4.90409,8.472686,-0.15583257,3
154582851286288,1945232676,-4.8825545,8.486146,-0.15254244,3
154582853786288,1947732676,-4.8658047,8.479266,-0.14027923,3
154582856286288,1950232676,-4.8616176,8.49123,-0.14027923,3
154582858786288,1952732676,-4.8792644,8.506186,-0.14027923,3
154582861286288,1955232676,-4.8936214,8.508279,-0.1480559,3
154582863786288,1957732676,-4.909474,8.506186,-0.15553348,3
154582866286288,1960232676,-4.922335,8.515457,-0.13968103,3
154582868786288,1962732676,-4.9322057,8.499605,-0.1576272,3
154582871286288,1965232676,-4.9429736,8.499605,-0.13160525,3
154582873786288,1967732676,-4.9495535,8.50798,-0.12023934,3
154582876286288,1970232676,-4.950451,8.499007,-0.124426775,3
154582878786288,1972732676,-4.9585266,8.49482,-0.10348958,3
154582881286288,1975232676,-4.968995,8.490333,-0.10378868,3
154582883786288,1977732676,-4.9567323,8.4909315,-0.09451649,3
154582886286288,1980232676,-4.959125,8.46491,-0.11156536,3
154582888786288,1982732676,-4.959424,8.46491,-0.12981063,3
154582891286288,1985232676,-4.9525447,8.450552,-0.14237295,3
154582893786288,1987732676,-4.9579287,8.43799,-0.1486541,3
154582896286288,1990232676,-4.95075,8.418549,-0.15403795,3
154582898786288,1992732676,-4.9489555,8.412267,-0.17048861,3
154582901286288,1995232676,-4.9606204,8.419147,-0.18275183,3
154582903786288,1997732676,-4.961817,8.393125,-0.1698904,3
154582906286288,2000232676,-4.9695935,8.390134,-0.16151553,3
154582908786288,2002732676,-4.991129,8.390732,-0.1692922,3
154582911286288,2005232676,-5.0186462,8.398508,-0.1486541,3
154582913786288,2007732676,-5.0401816,8.39821,-0.116650105,3
154582916286288,2010232676,-5.0473604,8.38804,-0.10887343,3
154582918786288,2012732676,-5.0739803,8.379066,-0.07806584,3
154582921286288,2015232676,-5.072186,8.4015,-0.08075777,3
154582923786288,2017732676,-5.0739803,8.394919,-0.07298109,3
154582926286288,2020232676,-5.0748777,8.382955,-0.091525465,3
154582928786288,2022732676,-5.0751767,8.379066,-0.09451649,3
154582931286288,2025232676,-5.0566325,8.376076,-0.12113664,3
154582933786288,2027732676,-5.0590253,8.376375,-0.1372882,3
154582936286288,2030232676,-5.075775,8.386245,-0.148355,3
154582938786288,2032732676,-5.094918,8.393125,-0.16002001,3
154582941286288,2035232676,-5.0979085,8.415258,-0.15882361,3
154582943786288,2037732676,-5.1182475,8.425427,-0.14656039,3
154582946286288,2040232676,-5.1406803,8.432606,-0.14356937,3
154582948786288,2042732676,-5.1496534,8.434102,-0.14895321,3
154582951286288,2045232676,-5.1532426,8.445766,-0.16151553,3
154582953786288,2047732676,-5.171488,8.443074,-0.15732808,3
154582956286288,2050232676,-5.159524,8.440383,-0.1468595,3
154582958786288,2052732676,-5.139484,8.431708,-0.124426775,3
154582961286288,2055232676,-5.122734,8.418249,-0.14925231,3
154582963786288,2057732676,-5.1158547,8.399705,-0.14476576,3
154582966286288,2060232676,-5.099105,8.411369,-0.14237295,3
154582968786288,2062732676,-5.081757,8.410473,-0.1486541,3
154582971286288,2065232676,-5.0626144,8.408678,-0.14267205,3
154582973786288,2067732676,-5.0542397,8.397611,-0.15702899,3
154582976286288,2070232676,-5.035396,8.402098,-0.16630118,3
154582978786288,2072732676,-5.035396,8.399705,-0.17198412,3
154582981286288,2075232676,-5.0341997,8.406584,-0.1794617,3
154582983786288,2077732676,-5.026124,8.386245,-0.16869399,3
154582986286288,2080232676,-5.0368915,8.389834,-0.15972091,3
154582988786288,2082732676,-5.029414,8.377871,-0.15792629,3
154582991286288,2085232676,-5.028218,8.384749,-0.13938192,3
154582993786288,2087732676,-5.029414,8.380562,-0.15254244,3
154582996286288,2090232676,-5.0416775,8.376973,-0.13250256,3
154582998786288,2092732676,-5.0362935,8.380861,-0.1369891,3
154583001286288,2095232676,-5.046762,8.382357,-0.11096715,3
154583003786288,2097732676,-5.0416775,8.369795,-0.12472588,3
154583006286288,2100232676,-5.046164,8.36441,-0.11485548,3
154583008786288,2102732676,-5.043472,8.360522,-0.109471634,3
154583011286288,2105232676,-5.031807,8.362317,-0.10438689,3
154583013786288,2107732676,-5.0386863,8.372786,-0.10229317,3
154583016286288,2110232676,-5.0336018,8.388638,-0.11844472,3
154583018786288,2112732676,-5.044369,8.3994055,-0.10229317,3
154583021286288,2115232676,-5.028517,8.393125,-0.091525465,3
154583023786288,2117732676,-5.0386863,8.391928,-0.08883354,3
154583026286288,2120232676,-5.04078,8.397013,-0.090628155,3
154583028786288,2122732676,-5.048856,8.409276,-0.09990034,3
154583031286288,2125232676,-5.050052,8.410173,-0.11306087,3
154583033786288,2127732676,-5.0509496,8.412866,-0.13519448,3
154583036286288,2130232676,-5.0566325,8.4146595,-0.14267205,3
154583038786288,2132732676,-5.0437713,8.412267,-0.17018951,3
154583041286288,2135232676,-5.04078,8.415557,-0.1594218,3
154583043786288,2137732676,-5.041079,8.427522,-0.15224335,3
154583046286288,2140232676,-5.040481,8.427522,-0.14596218,3
154583048786288,2142732676,-5.0401816,8.440681,-0.17318054,3
154583051286288,2145232676,-5.0276194,8.4347,-0.1471586,3
154583053786288,2147732676,-5.022834,8.448159,-0.1274178,3
154583056286288,2150232676,-5.0234323,8.446963,-0.12622139,3
154583058786288,2152732676,-5.0198426,8.452047,-0.12083755,3
154583061286288,2155232676,-5.0108695,8.451151,-0.11395818,3
154583063786288,2157732676,-5.0183473,8.457432,-0.097806625,3
154583066286288,2160232676,-5.002196,8.451449,-0.0948156,3
154583068786288,2162732676,-5.02074,8.460722,-0.09421739,3
154583071286288,2165232676,-5.011767,8.458628,-0.08853444,3
154583073786288,2167732676,-5.0183473,8.451749,-0.0840479,3
154583076286288,2170232676,-5.023731,8.447262,-0.09032906,3
154583078786288,2172732676,-5.002794,8.437391,-0.10887343,3
154583081286288,2175232676,-4.999803,8.443374,-0.11425728,3
154583083786288,2177732676,-5.003691,8.439186,-0.1274178,3
154583086286288,2180232676,-5.003691,8.436195,-0.13848461,3
154583088786288,2182732676,-5.0069814,8.413763,-0.16241284,3
154583091286288,2185232676,-5.0129633,8.414062,-0.18544376,3
154583093786288,2187732676,-5.0359945,8.412267,-0.18424734,3
154583096286288,2190232676,-5.040481,8.416754,-0.19920248,3
154583098786288,2192732676,-5.083851,8.4347,-0.19860429,3
154583101286288,2195232676,-5.111667,8.446364,-0.18185452,3
154583103786288,2197732676,-5.1326046,8.470293,-0.17138593,3
154583106286288,2200232676,-5.156533,8.489735,-0.15643078,3
154583108786288,2202732676,-5.162814,8.50469,-0.1381855,3
154583111286288,2205232676,-5.162814,8.503793,-0.13130614,3
154583113786288,2207732676,-5.157729,8.502895,-0.118145615,3
154583116286288,2210232676,-5.153841,8.490632,-0.10737792,3
154583118786288,2212732676,-5.131408,8.480762,-0.12412767,3
154583121286288,2215232676,-5.1158547,8.485249,-0.12831512,3
154583123786288,2217732676,-5.099105,8.472386,-0.12592229,3
154583126286288,2220232676,-5.072186,8.455936,-0.12592229,3
154583128786288,2222732676,-5.0644093,8.450851,-0.15074782,3
154583131286288,2225232676,-5.0593243,8.437691,-0.16719848,3
154583133786288,2227732676,-5.056034,8.429615,-0.18783657,3
154583136286288,2230232676,-5.058128,8.429615,-0.18155542,3
154583138786288,2232732676,-5.0775695,8.426624,-0.18604197,3
154583141286288,2235232676,-5.08415,8.4197445,-0.17736799,3
154583143786288,2237732676,-5.087739,8.419147,-0.19501504,3
154583146286288,2240232676,-5.1003013,8.417352,-0.20458634,3
154583148786288,2242732676,-5.1014977,8.426325,-0.19860429,3
154583151286288,2245232676,-5.110471,8.432905,-0.17916259,3
154583153786288,2247732676,-5.109873,8.429017,-0.1794617,3
154583156286288,2250232676,-5.0886364,8.429914,-0.15702899,3
154583158786288,2252732676,-5.0542397,8.4347,-0.12921242,3
154583161286288,2255232676,-4.999803,8.434102,-0.116650105,3
154583163786288,2257732676,-4.9663033,8.436195,-0.0948156,3
154583166286288,2260232676,-4.918148,8.433205,-0.07238288,3
154583168786288,2262732676,-4.8900323,8.426325,-0.058624156,3
154583171286288,2265232676,-4.869095,8.423633,-0.05712864,3
154583173786288,2267732676,-4.8454657,8.416156,-0.06131608,3
154583176286288,2270232676,-4.8248277,8.410473,-0.038285162,3
154583178786288,2272732676,-4.8272204,8.39791,-0.03708875,3
154583181286288,2275232676,-4.814658,8.394022,-0.03619144,3
154583183786288,2277732676,-4.8155556,8.400303,-0.03888337,3
154583186286288,2280232676,-4.833203,8.395817,-0.049052864,3
154583188786288,2282732676,-4.847859,8.4015,-0.055334024,3
154583191286288,2285232676,-4.866702,8.402397,-0.05892326,3
154583193786288,2287732676,-4.8843493,8.393424,-0.052043892,3
154583196286288,2290232676,-4.9250274,8.406883,-0.064905316,3
154583198786288,2292732676,-4.9531426,8.402098,-0.07806584,3
154583201286288,2295232676,-5.0009995,8.418549,-0.08703893,3
154583203786288,2297732676,-5.0395837,8.424232,-0.09661021,3
154583206286288,2300232676,-5.105685,8.417053,-0.1052842,3
154583208786288,2302732676,-5.1346984,8.444271,-0.10049855,3
154583211286288,2305232676,-5.1753764,8.465208,-0.12113664,3
154583213786288,2307732676,-5.2130632,8.476873,-0.12532409,3
154583216286288,2310232676,-5.2366924,8.500801,-0.12352947,3
154583218786288,2312732676,-5.235496,8.510373,-0.119940236,3
154583221286288,2315232676,-5.2250276,8.510672,-0.12562318,3
154583223786288,2317732676,-5.206483,8.515757,-0.122931264,3
154583226286288,2320232676,-5.1825547,8.515159,-0.116351,3
154583228786288,2322732676,-5.1346984,8.519346,-0.12831512,3
154583231286288,2325232676,-5.094918,8.516355,-0.14476576,3
154583233786288,2327732676,-5.0536413,8.519047,-0.12771691,3
154583236286288,2330232676,-5.002794,8.512167,-0.13160525,3
154583238786288,2332732676,-4.9486566,8.490632,-0.14506488,3
154583241286288,2335232676,-4.9229336,8.492427,-0.1680958,3
154583243786288,2337732676,-4.9052863,8.46491,-0.1692922,3
154583246286288,2340232676,-4.8729835,8.462815,-0.18215363,3
154583248786288,2342732676,-4.8705907,8.453842,-0.19471595,3
154583251286288,2345232676,-4.889733,8.450552,-0.19890338,3
154583253786288,2347732676,-4.8975096,8.455039,-0.18574286,3
154583256286288,2350232676,-4.912764,8.454441,-0.1698904,3
154583258786288,2352732676,-4.938786,8.441579,-0.12532409,3
154583261286288,2355232676,-4.959424,8.444271,-0.12412767,3
154583263786288,2357732676,-4.985147,8.443673,-0.10707881,3
154583266286288,2360232676,-5.0042896,8.423334,-0.09182457,3
154583268786288,2362732676,-5.0306106,8.412267,-0.09302098,3
154583271286288,2365232676,-5.058427,8.39821,-0.08315059,3
154583273786288,2367732676,-5.081159,8.387142,-0.090628155,3
154583276286288,2370232676,-5.0958147,8.376076,-0.08584251,3
154583278786288,2372732676,-5.110172,8.366505,-0.103190474,3
154583281286288,2375232676,-5.1457653,8.375178,-0.11485548,3
154583283786288,2377732676,-5.1729836,8.3835535,-0.12233306,3
154583286286288,2380232676,-5.203791,8.385647,-0.12023934,3
154583288786288,2382732676,-5.227121,8.395218,-0.11724831,3
154583291286288,2385232676,-5.229514,8.416156,-0.11156536,3
154583293786288,2387732676,-5.226822,8.432905,-0.092422776,3
154583296286288,2390232676,-5.1939206,8.443374,-0.06729814,3
154583298786288,2392732676,-5.1472607,8.44128,-0.04755735,3
154583301286288,2395232676,-5.094918,8.446963,-0.040677983,3
154583303786288,2397732676,-5.061119,8.438888,-0.046660043,3
154583306286288,2400232676,-5.000102,8.43799,-0.070289165,3
154583308786288,2402732676,-4.957629,8.43141,-0.104985096,3
154583311286288,2405232676,-4.914858,8.434102,-0.12472588,3
154583313786288,2407732676,-4.8822556,8.445766,-0.14057833,3
154583316286288,2410232676,-4.8658047,8.448159,-0.1582254,3
154583318786288,2412732676,-4.8619165,8.445766,-0.17108682,3
154583321286288,2415232676,-4.8649077,8.468498,-0.16301104,3
154583323786288,2417732676,-4.8750772,8.458329,-0.1683949,3
154583326286288,2420232676,-4.900202,8.462517,-0.15613168,3
154583328786288,2422732676,-4.92742,8.46461,-0.13878371,3
154583331286288,2425232676,-4.9396834,8.469695,-0.11306087,3
154583333786288,2427732676,-4.970192,8.464311,-0.111864455,3
154583336286288,2430232676,-4.985446,8.455039,-0.10139586,3
154583338786288,2432732676,-5.0108695,8.452945,-0.09092726,3
154583341286288,2435232676,-5.0312085,8.429017,-0.0741775,3
154583343786288,2437732676,-5.0455656,8.426624,-0.09571291,3
154583346286288,2440232676,-5.0715876,8.420941,-0.07956135,3
154583348786288,2442732676,-5.0919266,8.408678,-0.08045866,3
154583351286288,2445232676,-5.1026945,8.399705,-0.1061815,3
154583353786288,2447732676,-5.1179485,8.385946,-0.11485548,3
154583356286288,2450232676,-5.151747,8.372188,-0.12771691,3
154583358786288,2452732676,-5.15085,8.367701,-0.14386846,3
154583361286288,2455232676,-5.15743,8.36112,-0.13878371,3
154583363786288,2457732676,-5.18076,8.370692,-0.14745769,3
154583366286288,2460232676,-5.197211,8.3733835,-0.15164514,3
154583368786288,2462732676,-5.198407,8.378169,-0.17377874,3
154583371286288,2465232676,-5.2088757,8.389535,-0.1468595,3
154583373786288,2467732676,-5.2028937,8.390432,-0.12951152,3
154583376286288,2470232676,-5.191229,8.385049,-0.14985052,3
154583378786288,2472732676,-5.1646085,8.389236,-0.12352947,3
154583381286288,2475232676,-5.139484,8.391928,-0.1160519,3
154583383786288,2477732676,-5.116453,8.393125,-0.09182457,3
154583386286288,2480232676,-5.0805607,8.392825,-0.08135597,3
154583388786288,2482732676,-5.0392847,8.40479,-0.050249275,3
154583391286288,2485232676,-5.0141597,8.399107,-0.047856454,3
154583393786288,2487732676,-4.956134,8.405686,-0.054735817,3
154583396286288,2490232676,-4.9289155,8.3994055,-0.052342996,3
154583398786288,2492732676,-4.8918266,8.393723,-0.039780676,3
154583401286288,2495232676,-4.8828535,8.399705,-0.054137614,3
154583403786288,2497732676,-4.872086,8.411369,-0.05682954,3
154583406286288,2500232676,-4.8750772,8.42124,-0.06759724,3
154583408786288,2502732676,-4.8765726,8.40808,-0.05174479,3
154583411286288,2505232676,-4.897809,8.416754,-0.048155557,3
154583413786288,2507732676,-4.9232326,8.4349985,-0.05174479,3
154583416286288,2510232676,-4.9486566,8.429914,-0.06281159,3
154583418786288,2512732676,-4.9716873,8.439785,-0.042173497,3
154583421286288,2515232676,-4.959723,8.443374,-0.037387855,3
154583423786288,2517732676,-4.99083,8.462815,-0.044566322,3
154583426286288,2520232676,-4.996214,8.468798,-0.06550352,3
154583428786288,2522732676,-5.002794,8.475079,-0.07597212,3
154583431286288,2525232676,-5.005486,8.4682,-0.09122636,3
154583433786288,2527732676,-4.9869413,8.4655075,-0.09182457,3
154583436286288,2530232676,-4.9636116,8.479864,-0.096311115,3
154583438786288,2532732676,-4.9462633,8.4604225,-0.1381855,3
154583441286288,2535232676,-4.929514,8.46461,-0.14596218,3
154583443786288,2537732676,-4.9265227,8.447861,-0.14985052,3
154583446286288,2540232676,-4.9256253,8.444571,-0.15463616,3
154583448786288,2542732676,-4.935795,8.455338,-0.16091733,3
154583451286288,2545232676,-4.961817,8.442178,-0.15403795,3
154583453786288,2547732676,-4.9639106,8.45474,-0.13579269,3
154583456286288,2550232676,-4.9995036,8.463413,-0.13519448,3
154583458786288,2552732676,-4.985147,8.469695,-0.100199446,3
154583461286288,2555232676,-5.002495,8.474779,-0.10199407,3
154583463786288,2557732676,-5.0105705,8.471788,-0.097806625,3
154583466286288,2560232676,-5.0222354,8.459525,-0.0948156,3
154583468786288,2562732676,-5.0195436,8.442776,-0.086141616,3
154583471286288,2565232676,-5.028517,8.450552,-0.13250256,3
154583473786288,2567732676,-5.032405,8.452646,-0.12592229,3
154583476286288,2570232676,-5.035396,8.446364,-0.12861422,3
154583478786288,2572732676,-5.0309095,8.433803,-0.11874382,3
154583481286288,2575232676,-5.029115,8.432307,-0.11784652,3
154583483786288,2577732676,-5.0419765,8.418249,-0.110368945,3
154583486286288,2580232676,-5.052146,8.423932,-0.122931264,3
154583488786288,2582732676,-5.050351,8.433503,-0.11485548,3
154583491286288,2585232676,-5.046463,8.430213,-0.12173485,3
154583493786288,2587732676,-5.0422754,8.419446,-0.11934203,3
154583496286288,2590232676,-5.055735,8.4197445,-0.11395818,3
154583498786288,2592732676,-5.0530434,8.412566,-0.119042926,3
154583501286288,2595232676,-5.06082,8.420342,-0.12113664,3
154583503786288,2597732676,-5.0515475,8.423334,-0.10199407,3
154583506286288,2600232676,-5.0383873,8.40808,-0.10737792,3
154583508786288,2602732676,-5.0368915,8.40479,-0.12323037,3
154583511286288,2605232676,-5.028517,8.395517,-0.11156536,3
154583513786288,2607732676,-5.0339007,8.394022,-0.11066805,3
154583516286288,2610232676,-5.055735,8.379366,-0.1055833,3
154583518786288,2612732676,-5.0479584,8.392825,-0.09032906,3
154583521286288,2615232676,-5.0536413,8.390134,-0.095413804,3
154583523786288,2617732676,-5.0659046,8.407481,-0.10079765,3
154583526286288,2620232676,-5.078467,8.423633,-0.115752794,3
154583528786288,2622732676,-5.085346,8.437391,-0.14177474,3
154583531286288,2625232676,-5.0970116,8.443374,-0.1480559,3
154583533786288,2627732676,-5.1003013,8.456235,-0.17318054,3
154583536286288,2630232676,-5.1000023,8.466703,-0.20697916,3
154583538786288,2632732676,-5.1003013,8.457432,-0.19561325,3
154583541286288,2635232676,-5.1053863,8.474481,-0.17497516,3
154583543786288,2637732676,-5.0952168,8.472088,-0.19292133,3
154583546286288,2640232676,-5.078766,8.479266,-0.18873389,3
154583548786288,2642732676,-5.0715876,8.48794,-0.19322042,3
154583551286288,2645232676,-5.0599227,8.49123,-0.1486541,3
154583553786288,2647732676,-5.047061,8.466703,-0.16151553,3
154583556286288,2650232676,-5.029115,8.472386,-0.14147563,3
154583558786288,2652732676,-5.0234323,8.452347,-0.1381855,3
154583561286288,2655232676,-4.999803,8.445468,-0.13369897,3
154583563786288,2657732676,-4.988437,8.446963,-0.12592229,3
154583566286288,2660232676,-4.9878387,8.441878,-0.11066805,3
154583568786288,2662732676,-4.968397,8.431708,-0.13908282,3
154583571286288,2665232676,-4.9639106,8.433205,-0.119042926,3
154583573786288,2667732676,-4.9603214,8.430512,-0.116650105,3
154583576286288,2670232676,-4.9543395,8.430213,-0.11784652,3
154583578786288,2672732676,-4.962415,8.4347,-0.11156536,3
154583581286288,2675232676,-4.9719863,8.442178,-0.10438689,3
154583583786288,2677732676,-4.977968,8.434102,-0.11844472,3
154583586286288,2680232676,-4.989334,8.435298,-0.12921242,3
154583588786288,2682732676,-4.9977093,8.448459,-0.12981063,3
154583591286288,2685232676,-4.9935217,8.4502535,-0.12263216,3
154583593786288,2687732676,-5.0007,8.446364,-0.12771691,3
154583596286288,2690232676,-5.011767,8.453544,-0.13668999,3
154583598786288,2692732676,-5.0183473,8.451151,-0.14895321,3
154583601286288,2695232676,-5.024329,8.455338,-0.16360925,3
154583603786288,2697732676,-5.0419765,8.455936,-0.15583257,3
154583606286288,2700232676,-5.051847,8.45773,-0.15463616,3
154583608786288,2702732676,-5.055137,8.462815,-0.15672988,3
154583611286288,2705232676,-5.077869,8.45773,-0.14985052,3
154583613786288,2707732676,-5.091328,8.462815,-0.14925231,3
154583616286288,2710232676,-5.093123,8.455637,-0.1381855,3
154583618786288,2712732676,-5.104788,8.470293,-0.13280165,3
154583621286288,2715232676,-5.1026945,8.457132,-0.14327025,3
154583623786288,2717732676,-5.096413,8.455338,-0.13399807,3
154583626286288,2720232676,-5.0769715,8.449655,-0.13549358,3
154583628786288,2722732676,-5.0674,8.447561,-0.15523437,3
154583631286288,2725232676,-5.0623155,8.446066,-0.17258233,3
154583633786288,2727732676,-5.049454,8.434102,-0.17377874,3
154583636286288,2730232676,-5.0389853,8.4400835,-0.17617157,3
154583638786288,2732732676,-5.032405,8.433503,-0.17796618,3
154583641286288,2735232676,-5.0270214,8.438888,-0.19322042,3
154583643786288,2737732676,-5.0189457,8.441878,-0.19680966,3
154583646286288,2740232676,-5.0105705,8.432606,-0.19471595,3
154583648786288,2742732676,-5.002196,8.436195,-0.20219351,3
154583651286288,2745232676,-4.985446,8.432606,-0.19621146,3
154583653786288,2747732676,-4.9722853,8.446963,-0.17766708,3
154583656286288,2750232676,-4.970491,8.4349985,-0.18634106,3
154583658786288,2752732676,-4.959424,8.447262,-0.17557336,3
154583661286288,2755232676,-4.9603214,8.442776,-0.14117654,3
154583663786288,2757732676,-4.9462633,8.447561,-0.1369891,3
154583666286288,2760232676,-4.9495535,8.436195,-0.14207384,3
154583668786288,2762732676,-4.949853,8.43141,-0.13040884,3
154583671286288,2765232676,-4.948357,8.423633,-0.11335997,3
154583673786288,2767732676,-4.941179,8.420342,-0.11515459,3
154583676286288,2770232676,-4.9495535,8.411369,-0.13160525,3
154583678786288,2772732676,-4.9663033,8.41795,-0.13220344,3
154583681286288,2775232676,-4.968696,8.412566,-0.17048861,3
154583683786288,2777732676,-4.9869413,8.426025,-0.16151553,3
154583686286288,2780232676,-4.9980083,8.418249,-0.19591236,3
154583688786288,2782732676,-5.009374,8.413164,-0.20309082,3
154583691286288,2785232676,-5.0270214,8.422736,-0.20249261,3
154583693786288,2787732676,-5.043472,8.439186,-0.2108675,3
154583696286288,2790232676,-5.0452666,8.432606,-0.21834506,3
154583698786288,2792732676,-5.0506506,8.433503,-0.22432712,3
154583701286288,2795232676,-5.063512,8.430213,-0.22701904,3
154583703786288,2797732676,-5.069195,8.435597,-0.21535404,3
154583706286288,2800232676,-5.066503,8.433503,-0.20338993,3
154583708786288,2802732676,-5.0644093,8.427522,-0.2105684,3
154583711286288,2805232676,-5.0742793,8.410771,-0.19262223,3
154583713786288,2807732676,-5.0715876,8.39821,-0.18574286,3
154583716286288,2810232676,-5.065007,8.406285,-0.17647067,3
154583718786288,2812732676,-5.055436,8.387142,-0.18364914,3
154583721286288,2815232676,-5.048557,8.39462,-0.17347965,3
154583723786288,2817732676,-5.0422754,8.378768,-0.17647067,3
154583726286288,2820232676,-5.032405,8.367402,-0.19591236,3
154583728786288,2822732676,-5.0306106,8.37129,-0.18723837,3
154583731286288,2825232676,-5.0162535,8.359924,-0.18664017,3
154583733786288,2827732676,-5.0135617,8.3632145,-0.20458634,3
154583736286288,2830232676,-5.001897,8.368598,-0.22253251,3
154583738786288,2832732676,-4.985446,8.374281,-0.22402802,3
154583741286288,2835232676,-4.985446,8.381161,-0.2416751,3
154583743786288,2837732676,-4.991428,8.385647,-0.2542374,3
154583746286288,2840232676,-4.983053,8.400303,-0.3068795,3
154583748786288,2842732676,-4.99083,8.402696,-0.28983065,3
154583751286288,2845232676,-5.001897,8.409874,-0.28085756,3
154583753786288,2847732676,-5.0156555,8.428718,-0.2656033,3
154583756286288,2850232676,-5.0159545,8.424232,-0.23629123,3
154583758786288,2852732676,-5.022535,8.428419,-0.20039889,3
154583761286288,2855232676,-5.023731,8.43799,-0.18424734,3
154583763786288,2857732676,-5.0416775,8.428419,-0.15373886,3
154583766286288,2860232676,-5.0312085,8.456534,-0.13848461,3
154583768786288,2862732676,-5.0536413,8.463713,-0.12323037,3
154583771286288,2865232676,-5.0620165,8.472386,-0.11425728,3
154583773786288,2867732676,-5.0739803,8.47119,-0.111266255,3
154583776286288,2870232676,-5.0766726,8.465807,-0.098703936,3
154583778786288,2872732676,-5.081159,8.462517,-0.10887343,3
154583781286288,2875232676,-5.0715876,8.474779,-0.11874382,3
154583783786288,2877732676,-5.066503,8.474181,-0.10917253,3
154583786286288,2880232676,-5.055735,8.459825,-0.1372882,3
154583788786288,2882732676,-5.0572305,8.455039,-0.15403795,3
154583791286288,2885232676,-5.044369,8.446963,-0.16660027,3
154583793786288,2887732676,-5.044668,8.454441,-0.19322042,3
154583796286288,2890232676,-5.0333023,8.452347,-0.18783657,3
154583798786288,2892732676,-5.0359945,8.444869,-0.18454644,3
154583801286288,2895232676,-5.04078,8.456834,-0.18364914,3
154583803786288,2897732676,-5.0419765,8.466105,-0.18664017,3
154583806286288,2900232676,-5.046762,8.46491,-0.18574286,3
154583808786288,2902732676,-5.055137,8.472985,-0.18155542,3
154583811286288,2905232676,-5.052445,8.476873,-0.18574286,3
154583813786288,2907732676,-5.0590253,8.456534,-0.18335004,3
154583816286288,2910232676,-5.0449677,8.472686,-0.17258233,3
154583818786288,2912732676,-5.0509496,8.465807,-0.17766708,3
154583821286288,2915232676,-5.046463,8.45803,-0.17527425,3
154583823786288,2917732676,-5.0482574,8.450552,-0.16689938,3
154583826286288,2920232676,-5.0542397,8.461619,-0.17078772,3
154583828786288,2922732676,-5.0479584,8.455338,-0.15702899,3
154583831286288,2925232676,-5.052445,8.453244,-0.15493527,3
154583833786288,2927732676,-5.0506506,8.44128,-0.148355,3
154583836286288,2930232676,-5.050052,8.432606,-0.14207384,3
154583838786288,2932732676,-5.0392847,8.433205,-0.15014961,3
154583841286288,2935232676,-5.0273204,8.4197445,-0.13489537,3
154583843786288,2937732676,-5.0069814,8.412267,-0.16630118,3
154583846286288,2940232676,-5.024329,8.413763,-0.20249261,3
154583848786288,2942732676,-5.028517,8.402397,-0.2111666,3
154583851286288,2945232676,-5.026124,8.396115,-0.2213361,3
154583853786288,2947732676,-5.0339007,8.4012,-0.21535404,3
154583856286288,2950232676,-5.055137,8.398508,-0.2228316,3
154583858786288,2952732676,-5.0748777,8.393424,-0.23718855,3
154583861286288,2955232676,-5.0718865,8.40449,-0.22791636,3
154583863786288,2957732676,-5.082056,8.397013,-0.21445672,3
154583866286288,2960232676,-5.098507,8.395817,-0.200698,3
154583868786288,2962732676,-5.104788,8.4015,-0.18275183,3
154583871286288,2965232676,-5.0943193,8.4012,-0.17288144,3
154583873786288,2967732676,-5.096712,8.39821,-0.15732808,3
154583876286288,2970232676,-5.0715876,8.385946,-0.14027923,3
154583878786288,2972732676,-5.0605206,8.390732,-0.14596218,3
154583881286288,2975232676,-5.032106,8.388638,-0.13190435,3
154583883786288,2977732676,-5.0132627,8.382357,-0.12951152,3
154583886286288,2980232676,-4.9953165,8.366505,-0.15433706,3
154583888786288,2982732676,-4.9713883,8.366505,-0.15254244,3
154583891286288,2985232676,-4.959723,8.367103,-0.14536397,3
154583893786288,2987732676,-4.968397,8.357532,-0.15314065,3
154583896286288,2990232676,-4.966902,8.364112,-0.15972091,3
154583898786288,2992732676,-4.9722853,8.375178,-0.14506488,3
154583901286288,2995232676,-4.9806604,8.374281,-0.14356937,3
154583903786288,2997732676,-4.996214,8.377272,-0.14745769,3
154583906286288,3000232676,-4.9959145,8.374281,-0.17198412,3
154583908786288,3002732676,-4.999803,8.381161,-0.17617157,3
154583911286288,3005232676,-5.0213385,8.370393,-0.18544376,3
154583913786288,3007732676,-5.04078,8.390134,-0.19531415,3
154583916286288,3010232676,-5.0566325,8.394919,-0.20039889,3
154583918786288,3012732676,-5.0530434,8.39821,-0.22073789,3
154583921286288,3015232676,-5.0587263,8.40479,-0.23928227,3
154583923786288,3017732676,-5.0772705,8.416454,-0.24975087,3
154583926286288,3020232676,-5.0772705,8.425427,-0.24466611,3
154583928786288,3022732676,-5.090431,8.441579,-0.23479572,3
154583931286288,3025232676,-5.1050873,8.444271,-0.22372891,3
154583933786288,3027732676,-5.117051,8.441878,-0.21834506,3
154583936286288,3030232676,-5.1218367,8.4502535,-0.21565314,3
154583938786288,3032732676,-5.1200423,8.453244,-0.20578274,3
154583941286288,3035232676,-5.117051,8.476873,-0.2216352,3
154583943786288,3037732676,-5.1236315,8.46132,-0.2213361,3
154583946286288,3040232676,-5.1000023,8.467302,-0.21684955,3
154583948786288,3042732676,-5.0790653,8.473883,-0.23389842,3
154583951286288,3045232676,-5.0563335,8.47149,-0.2318047,3
154583953786288,3047732676,-5.0303116,8.459525,-0.22432712,3
154583956286288,3050232676,-5.015057,8.459825,-0.2216352,3
154583958786288,3052732676,-4.9920263,8.469396,-0.22791636,3
154583961286288,3055232676,-4.981558,8.46461,-0.21565314,3
154583963786288,3057732676,-4.9606204,8.457132,-0.20548365,3
154583966286288,3060232676,-4.9474597,8.460124,-0.20697916,3
154583968786288,3062732676,-4.94417,8.461918,-0.20847467,3
154583971286288,3065232676,-4.9289155,8.454441,-0.20877378,3
154583973786288,3067732676,-4.942375,8.452945,-0.2000998,3
154583976286288,3070232676,-4.928018,8.446963,-0.20877378,3
154583978786288,3072732676,-4.928018,8.43799,-0.21445672,3
154583981286288,3075232676,-4.9313083,8.426025,-0.24017957,3
154583983786288,3077732676,-4.9438705,8.423932,-0.25872394,3
154583986286288,3080232676,-4.9567323,8.423035,-0.2650051,3
154583988786288,3082732676,-4.9636116,8.421839,-0.26679972,3
154583991286288,3085232676,-5.0015974,8.433803,-0.29910284,3
154583993786288,3087732676,-5.0276194,8.436495,-0.28205398,3
154583996286288,3090232676,-5.0533423,8.444869,-0.26919255,3
154583998786288,3092732676,-5.0829535,8.443374,-0.25752753,3
154584001286288,3095232676,-5.11735,8.446664,-0.23748764,3
154584003786288,3097732676,-5.137091,8.458329,-0.23688944,3
154584006286288,3100232676,-5.1406803,8.438588,-0.22642085,3
154584008786288,3102732676,-5.111368,8.446364,-0.24556342,3
154584011286288,3105232676,-5.1035914,8.433205,-0.24705894,3
154584013786288,3107732676,-5.0808597,8.42782,-0.25812575,3
154584016286288,3110232676,-5.0599227,8.414361,-0.2536392,3
154584018786288,3112732676,-5.0368915,8.412566,-0.25094727,3
154584021286288,3115232676,-5.0219364,8.403593,-0.25034907,3
154584023786288,3117732676,-5.0045886,8.39791,-0.25962126,3
154584026286288,3120232676,-5.003392,8.396714,-0.27936205,3
154584028786288,3122732676,-4.9959145,8.4015,-0.25633112,3
154584031286288,3125232676,-4.996513,8.4146595,-0.23659034,3
154584033786288,3127732676,-4.997111,8.416454,-0.22791636,3
154584036286288,3130232676,-5.0009995,8.417053,-0.24885355,3
154584038786288,3132732676,-5.0141597,8.426624,-0.2431706,3
154584041286288,3135232676,-5.0276194,8.438888,-0.24975087,3
154584043786288,3137732676,-5.025825,8.443972,-0.2545365,3
154584046286288,3140232676,-5.0386863,8.459525,-0.26261228,3
154584048786288,3142732676,-5.037191,8.474181,-0.25214368,3
154584051286288,3145232676,-5.0419765,8.484351,-0.25214368,3
154584053786288,3147732676,-5.0473604,8.475378,-0.21714866,3
154584056286288,3150232676,-5.044668,8.482856,-0.19322042,3
154584058786288,3152732676,-5.0362935,8.472686,-0.19920248,3
154584061286288,3155232676,-5.031807,8.482556,-0.20488544,3
154584063786288,3157732676,-5.0255256,8.476275,-0.19830517,3
154584066286288,3160232676,-5.002196,8.47149,-0.19292133,3
154584068786288,3162732676,-4.982754,8.4679,-0.19680966,3
154584071286288,3165232676,-4.985446,8.474481,-0.19980069,3
154584073786288,3167732676,-4.9806604,8.470891,-0.19890338,3
154584076286288,3170232676,-4.9806604,8.473883,-0.23120649,3
154584078786288,3172732676,-4.9839506,8.455039,-0.2434697,3
154584081286288,3175232676,-4.983352,8.449954,-0.253041,3
154584083786288,3177732676,-4.9935217,8.447861,-0.25393832,3
154584086286288,3180232676,-4.9995036,8.439186,-0.23928227,3
154584088786288,3182732676,-5.0126643,8.432905,-0.25692934,3
154584091286288,3185232676,-5.0252266,8.421839,-0.25663024,3
154584093786288,3187732676,-5.0288157,8.411968,-0.27667013,3
154584096286288,3190232676,-5.0365925,8.41795,-0.2739782,3
154584098786288,3192732676,-5.0754757,8.421539,-0.27188447,3
154584101286288,3195232676,-5.0862436,8.429615,-0.28414768,3
154584103786288,3197732676,-5.0979085,8.438588,-0.29790643,3
154584106286288,3200232676,-5.098507,8.446664,-0.28414768,3
154584108786288,3202732676,-5.113761,8.446963,-0.26889345,3
154584111286288,3205232676,-5.1233325,8.466105,-0.25393832,3
154584113786288,3207732676,-5.1346984,8.468798,-0.23389842,3
154584116286288,3210232676,-5.117051,8.466105,-0.21834506,3
154584118786288,3212732676,-5.0808597,8.469396,-0.20997019,3
154584121286288,3215232676,-5.046463,8.452047,-0.2216352,3
154584123786288,3217732676,-5.002794,8.466703,-0.19890338,3
154584126286288,3220232676,-4.966902,8.46491,-0.20518455,3
154584128786288,3222732676,-4.938487,8.46102,-0.22013968,3
154584131286288,3225232676,-4.913362,8.454441,-0.2204388,3
154584133786288,3227732676,-4.8792644,8.446963,-0.24556342,3
154584136286288,3230232676,-4.8969116,8.450552,-0.27218357,3
154584138786288,3232732676,-4.9046884,8.452047,-0.293719,3
154584141286288,3235232676,-4.918447,8.463115,-0.29132617,3
154584143786288,3237732676,-4.9316072,8.476574,-0.3077768,3
154584146286288,3240232676,-4.9609194,8.482556,-0.31076783,3
154584148786288,3242732676,-4.9980083,8.481659,-0.30508488,3
154584151286288,3245232676,-5.0339007,8.504091,-0.30299118,3
154584153786288,3247732676,-5.0539403,8.515757,-0.3074777,3
154584156286288,3250232676,-5.076074,8.525927,-0.28085756,3
154584158786288,3252732676,-5.0955157,8.530113,-0.27218357,3
154584161286288,3255232676,-5.1011987,8.519944,-0.26620153,3
154584163786288,3257732676,-5.1003013,8.514859,-0.2542374,3
154584166286288,3260232676,-5.098208,8.510672,-0.25603202,3
154584168786288,3262732676,-5.102096,8.474779,-0.23808585,3
154584171286288,3265232676,-5.069195,8.484949,-0.21684955,3
154584173786288,3267732676,-5.0449677,8.462517,-0.18155542,3
154584176286288,3270232676,-5.015356,8.452047,-0.18664017,3
154584178786288,3272732676,-5.0009995,8.435298,-0.17826529,3
154584181286288,3275232676,-4.985446,8.427222,-0.17138593,3
154584183786288,3277732676,-4.97408,8.408678,-0.17138593,3
154584186286288,3280232676,-4.9570312,8.39821,-0.19621146,3
154584188786288,3282732676,-4.955536,8.375178,-0.20967108,3
154584191286288,3285232676,-4.936692,8.371589,-0.21864417,3
154584193786288,3287732676,-4.9402814,8.362317,-0.22671995,3
154584196286288,3290232676,-4.956433,8.361719,-0.24975087,3
154584198786288,3292732676,-4.9716873,8.372786,-0.2533401,3
154584201286288,3295232676,-4.968995,8.371589,-0.25962126,3
154584203786288,3297732676,-4.9899325,8.372486,-0.23659034,3
154584206286288,3300232676,-5.017151,8.390732,-0.23718855,3
154584208786288,3302732676,-5.0386863,8.393125,-0.24945176,3
154584211286288,3305232676,-5.069494,8.4015,-0.26111677,3
154584213786288,3307732676,-5.0772705,8.401798,-0.2754737,3
154584216286288,3310232676,-5.0919266,8.409276,-0.26769704,3
154584218786288,3312732676,-5.1008997,8.398508,-0.25543383,3
154584221286288,3315232676,-5.1026945,8.40449,-0.26291138,3
154584223786288,3317732676,-5.0958147,8.403593,-0.26799613,3
154584226286288,3320232676,-5.098208,8.406584,-0.24885355,3
154584228786288,3322732676,-5.087141,8.407481,-0.24675983,3
154584231286288,3325232676,-5.0754757,8.440681,-0.22971097,3
154584233786288,3327732676,-5.06411,8.43141,-0.22612174,3
154584236286288,3330232676,-5.049454,8.433803,-0.21415763,3
154584238786288,3332732676,-5.0180483,8.441878,-0.20697916,3
154584241286288,3335232676,-5.002196,8.438289,-0.21804596,3
154584243786288,3337732676,-4.985147,8.440383,-0.21445672,3
154584246286288,3340232676,-4.966902,8.421539,-0.22701904,3
154584248786288,3342732676,-4.959424,8.428419,-0.24675983,3
154584251286288,3345232676,-4.9734817,8.43111,-0.2623132,3
154584253786288,3347732676,-4.970491,8.42782,-0.28863424,3
154584256286288,3350232676,-4.9663033,8.429615,-0.29671,3
154584258786288,3352732676,-4.9788656,8.4347,-0.2955136,3
154584261286288,3355232676,-4.9899325,8.440981,-0.30867413,3
154584263786288,3357732676,-4.988437,8.451449,-0.31286156,3
154584266286288,3360232676,-5.0141597,8.445766,-0.30538398,3
154584268786288,3362732676,-5.0216374,8.448159,-0.31316066,3
154584271286288,3365232676,-5.034798,8.448159,-0.29790643,3
154584273786288,3367732676,-5.0401816,8.457432,-0.2973082,3
154584276286288,3370232676,-5.0566325,8.455039,-0.293719,3
154584278786288,3372732676,-5.0676994,8.46132,-0.2961118,3
154584281286288,3375232676,-5.078168,8.4604225,-0.29132617,3
154584283786288,3377732676,-5.0901318,8.464012,-0.28863424,3
154584286286288,3380232676,-5.087739,8.455936,-0.285045,3
154584288786288,3382732676,-5.0823555,8.45773,-0.26261228,3
154584291286288,3385232676,-5.056034,8.448459,-0.2440679,3
154584293786288,3387732676,-5.0425744,8.435896,-0.24975087,3
154584296286288,3390232676,-5.0051866,8.446364,-0.25692934,3
154584298786288,3392732676,-4.980062,8.447861,-0.25184458,3
154584301286288,3395232676,-4.9489555,8.437391,-0.2219343,3
154584303786288,3397732676,-4.930411,8.444869,-0.22851457,3
154584306286288,3400232676,-4.918447,8.444869,-0.24975087,3
154584308786288,3402732676,-4.9160542,8.4349985,-0.26829523,3
154584311286288,3405232676,-4.9178486,8.446664,-0.27188447,3
154584313786288,3407732676,-4.920541,8.443673,-0.2536392,3
154584316286288,3410232676,-4.9471607,8.432905,-0.2632105,3
154584318786288,3412732676,-4.9495535,8.426025,-0.2533401,3
154584321286288,3415232676,-4.9606204,8.433503,-0.2650051,3
154584323786288,3417732676,-4.9809594,8.4349985,-0.27068806,3
154584326286288,3420232676,-5.011468,8.435597,-0.28713873,3
154584328786288,3422732676,-5.0273204,8.444571,-0.27876383,3
154584331286288,3425232676,-5.0458646,8.455039,-0.28175488,3
154584333786288,3427732676,-5.0832524,8.440981,-0.29132617,3
154584336286288,3430232676,-5.105685,8.450552,-0.26859435,3
154584338786288,3432732676,-5.1200423,8.468498,-0.2635096,3
154584341286288,3435232676,-5.1323056,8.470293,-0.26141587,3
154584343786288,3437732676,-5.1179485,8.46461,-0.26919255,3
154584346286288,3440232676,-5.116752,8.462517,-0.2739782,3
154584348786288,3442732676,-5.1068816,8.449954,-0.26261228,3
154584351286288,3445232676,-5.098208,8.443374,-0.24975087,3
154584353786288,3447732676,-5.0847483,8.444271,-0.26111677,3
154584356286288,3450232676,-5.0766726,8.440383,-0.2653042,3
154584358786288,3452732676,-5.0715876,8.434401,-0.26261228,3
154584361286288,3455232676,-5.0590253,8.43799,-0.24735804,3
154584363786288,3457732676,-5.037789,8.433503,-0.25692934,3
154584366286288,3460232676,-5.0273204,8.427222,-0.24496523,3
154584368786288,3462732676,-5.022834,8.425129,-0.2542374,3
154584371286288,3465232676,-4.996214,8.418249,-0.2440679,3
154584373786288,3467732676,-4.9977093,8.41795,-0.24885355,3
154584376286288,3470232676,-4.9869413,8.418847,-0.2548356,3
154584378786288,3472732676,-4.9806604,8.421839,-0.2641078,3
154584381286288,3475232676,-4.991129,8.410771,-0.27726832,3
154584383786288,3477732676,-5.002196,8.420044,-0.28863424,3
154584386286288,3480232676,-5.0102715,8.429914,-0.29790643,3
154584388786288,3482732676,-5.021039,8.430213,-0.28265217,3
154584391286288,3485232676,-5.0422754,8.434102,-0.285045,3
154584393786288,3487732676,-5.0455656,8.446664,-0.29072794,3
154584396286288,3490232676,-5.0572305,8.424232,-0.2650051,3
154584398786288,3492732676,-5.06082,8.427222,-0.27128628,3
154584401286288,3495232676,-5.0644093,8.437093,-0.23659034,3
154584403786288,3497732676,-5.0629134,8.422137,-0.2213361,3
154584406286288,3500232676,-5.0697927,8.417651,-0.22881366,3
154584408786288,3502732676,-5.0676994,8.415557,-0.22671995,3
154584411286288,3505232676,-5.05753,8.407781,-0.24227329,3
154584413786288,3507732676,-5.069195,8.400003,-0.2318047,3
154584416286288,3510232676,-5.050052,8.396115,-0.24197419,3
154584418786288,3512732676,-5.0479584,8.389834,-0.26141587,3
154584421286288,3515232676,-5.0491548,8.389834,-0.27816564,3
154584423786288,3517732676,-5.0333023,8.383852,-0.2883351,3
154584426286288,3520232676,-5.0386863,8.383254,-0.28265217,3
154584428786288,3522732676,-5.028517,8.38804,-0.28863424,3
154584431286288,3525232676,-5.032405,8.381161,-0.29042885,3
154584433786288,3527732676,-5.0246286,8.381161,-0.28205398,3
154584436286288,3530232676,-5.0309095,8.378768,-0.26829523,3
154584438786288,3532732676,-5.029115,8.381161,-0.27786654,3
154584441286288,3535232676,-5.0479584,8.373981,-0.27996024,3
154584443786288,3537732676,-5.041079,8.385348,-0.28594232,3
154584446286288,3540232676,-5.061119,8.407183,-0.2754737,3
154584448786288,3542732676,-5.0676994,8.386844,-0.29491538,3
154584451286288,3545232676,-5.0569315,8.405388,-0.32063824,3
154584453786288,3547732676,-5.061119,8.420941,-0.3275176,3
154584456286288,3550232676,-5.0674,8.426923,-0.34546378,3
154584458786288,3552732676,-5.0653067,8.437391,-0.33170503,3
154584461286288,3555232676,-5.0709896,8.46461,-0.357727,3
154584463786288,3557732676,-5.0566325,8.457132,-0.34636107,3
154584466286288,3560232676,-5.0572305,8.465807,-0.33170503,3
154584468786288,3562732676,-5.050052,8.462517,-0.34366915,3
154584471286288,3565232676,-5.0288157,8.45773,-0.33499518,3
154584473786288,3567732676,-5.0141597,8.452047,-0.31974092,3
154584476286288,3570232676,-4.9980083,8.443673,-0.32632118,3
154584478786288,3572732676,-4.982455,8.429017,-0.32512477,3
154584481286288,3575232676,-4.973781,8.429615,-0.31256247,3
154584483786288,3577732676,-4.9585266,8.426325,-0.3173481,3
154584486286288,3580232676,-4.9474597,8.416754,-0.31345975,3
154584488786288,3582732676,-4.9510493,8.404191,-0.31046873,3
154584491286288,3585232676,-4.966902,8.402397,-0.32512477,3
154584493786288,3587732676,-4.983352,8.395817,-0.3278167,3
154584496286288,3590232676,-4.9953165,8.402995,-0.3574279,3
154584498786288,3592732676,-5.006084,8.407481,-0.369392,3
154584501286288,3595232676,-5.0138607,8.399107,-0.4031906,3
154584503786288,3597732676,-5.0252266,8.405088,-0.42622152,3
154584506286288,3600232676,-5.041378,8.412866,-0.46151567,3
154584508786288,3602732676,-5.0590253,8.412267,-0.47018966,3
154584511286288,3605232676,-5.0754757,8.426325,-0.50099725,3
154584513786288,3607732676,-5.105984,8.429316,-0.49800622,3
154584516286288,3610232676,-5.2055855,8.462517,-0.51445687,3
154584518786288,3612732676,-5.280361,8.475079,-0.5201398,3
154584521286288,3615232676,-5.263612,8.440681,-0.5249255,3
154584523786288,3617732676,-5.226224,8.408379,-0.49232325,3
154584526286288,3620232676,-5.229514,8.413164,-0.5138587,3
154584528786288,3622732676,-5.2369914,8.436195,-0.5297111,3
154584531286288,3625232676,-5.2477593,8.449057,-0.5374878,3
154584533786288,3627732676,-5.239085,8.45773,-0.535095,3
154584536286288,3630232676,-5.231907,8.455338,-0.5341976,3
154584538786288,3632732676,-5.2220364,8.4451685,-0.52342993,3
154584541286288,3635232676,-5.215157,8.440981,-0.53659046,3
154584543786288,3637732676,-5.2025948,8.444869,-0.5404788,3
154584546286288,3640232676,-5.2160544,8.441878,-0.54705906,3
154584548786288,3642732676,-5.2166524,8.445468,-0.55304116,3
154584551286288,3645232676,-5.2235317,8.445468,-0.5515456,3
154584553786288,3647732676,-5.222934,8.445468,-0.541077,3
154584556286288,3650232676,-5.2223353,8.447561,-0.5312066,3
154584558786288,3652732676,-5.2145586,8.443972,-0.509073,3
154584561286288,3655232676,-5.198407,8.459825,-0.5132605,3
154584563786288,3657732676,-5.1813583,8.452047,-0.49022955,3
154584566286288,3660232676,-5.150551,8.449356,-0.48245287,3
154584568786288,3662732676,-5.130511,8.456235,-0.4636094,3
154584571286288,3665232676,-5.1290154,8.451449,-0.4636094,3
154584573786288,3667732676,-5.108078,8.457432,-0.44027936,3
154584576286288,3670232676,-5.0946183,8.448159,-0.41156548,3
154584578786288,3672732676,-5.067101,8.448159,-0.39631125,3
154584581286288,3675232676,-5.055735,8.452347,-0.37716866,3
154584583786288,3677732676,-5.0365925,8.453544,-0.357727,3
154584586286288,3680232676,-5.0162535,8.455936,-0.31914273,3
154584588786288,3682732676,-4.9842496,8.45773,-0.2757728,3
154584591286288,3685232676,-4.968098,8.470891,-0.25692934,3
154584593786288,3687732676,-4.9516473,8.443673,-0.23748764,3
154584596286288,3690232676,-4.918746,8.446963,-0.2111666,3
154584598786288,3692732676,-4.889733,8.4349985,-0.18664017,3
154584601286288,3695232676,-4.866702,8.432307,-0.17198412,3
154584603786288,3697732676,-4.8565326,8.429017,-0.1582254,3
154584606286288,3700232676,-4.8308096,8.410473,-0.16151553,3
154584608786288,3702732676,-4.8209395,8.410173,-0.13998012,3
154584611286288,3705232676,-4.8083773,8.414959,-0.11844472,3
154584613786288,3707732676,-4.809274,8.417651,-0.106480606,3
154584616286288,3710232676,-4.81077,8.416454,-0.10378868,3
154584618786288,3712732676,-4.8035913,8.415856,-0.11724831,3
154584621286288,3715232676,-4.8245287,8.425427,-0.14237295,3
154584623786288,3717732676,-4.854738,8.426923,-0.14626129,3
154584626286288,3720232676,-4.878068,8.433803,-0.122931264,3
154584628786288,3722732676,-4.8876395,8.439785,-0.14925231,3
154584631286288,3725232676,-4.910072,8.444571,-0.17138593,3
154584633786288,3727732676,-4.9199424,8.432307,-0.17766708,3
154584636286288,3730232676,-4.930411,8.423334,-0.17078772,3
154584638786288,3732732676,-4.932804,8.43111,-0.18514465,3
154584641286288,3735232676,-4.9438705,8.422736,-0.19202402,3
154584643786288,3737732676,-4.9486566,8.43111,-0.17228323,3
154584646286288,3740232676,-4.9791646,8.438289,-0.18305093,3
154584648786288,3742732676,-4.9902315,8.459227,-0.18005991,3
154584651286288,3745232676,-4.9992046,8.472088,-0.17617157,3
154584653786288,3747732676,-5.006084,8.474181,-0.212363,3
154584656286288,3750232676,-5.0341997,8.479266,-0.19710876,3
154584658786288,3752732676,-5.0656056,8.484949,-0.18753748,3
154584661286288,3755232676,-5.122435,8.512466,-0.17736799,3
154584663786288,3757732676,-5.1406803,8.49482,-0.16301104,3
154584666286288,3760232676,-5.1203413,8.478668,-0.1689931,3
154584668786288,3762732676,-5.09073,8.462815,-0.1692922,3
154584671286288,3765232676,-5.081159,8.446364,-0.15254244,3
154584673786288,3767732676,-5.0829535,8.453244,-0.18185452,3
154584676286288,3770232676,-5.1119666,8.473583,-0.17318054,3
154584678786288,3772732676,-5.11735,8.481061,-0.19591236,3
154584681286288,3775232676,-5.1323056,8.483752,-0.23868406,3
154584683786288,3777732676,-5.1260242,8.487042,-0.25782663,3
154584686286288,3780232676,-5.145466,8.488837,-0.27038896,3
154584688786288,3782732676,-5.168796,8.478668,-0.2730809,3
154584691286288,3785232676,-5.153841,8.462217,-0.29820552,3
154584693786288,3787732676,-5.143073,8.443074,-0.28923243,3
154584696286288,3790232676,-5.1349974,8.424232,-0.29102704,3
154584698786288,3792732676,-5.137689,8.425727,-0.2656033,3
154584701286288,3795232676,-5.1326046,8.415258,-0.2545365,3
154584703786288,3797732676,-5.142774,8.419147,-0.2853441,3
154584706286288,3800232676,-5.162814,8.417651,-0.3167499,3
154584708786288,3802732676,-5.1849475,8.422437,-0.30837503,3
154584711286288,3805232676,-5.194519,8.419147,-0.3074777,3
154584713786288,3807732676,-5.204389,8.410771,-0.31136605,3
154584716286288,3810232676,-5.2085767,8.4012,-0.32303107,3
154584718786288,3812732676,-5.2163534,8.380861,-0.33349967,3
154584721286288,3815232676,-5.206184,8.380861,-0.34217364,3
154584723786288,3817732676,-5.221139,8.372188,-0.36281174,3
154584726286288,3820232676,-5.2199426,8.371589,-0.38165522,3
154584728786288,3822732676,-5.224728,8.369196,-0.4106682,3
154584731286288,3825232676,-5.2405806,8.363812,-0.42891344,3
154584733786288,3827732676,-5.2289157,8.355737,-0.44955155,3
154584736286288,3830232676,-5.226822,8.380562,-0.47228336,3
154584738786288,3832732676,-5.1990056,8.384451,-0.47826543,3
154584741286288,3835232676,-5.193023,8.376076,-0.48035914,3
154584743786288,3837732676,-5.1589255,8.376973,-0.47527438,3
154584746286288,3840232676,-5.1352963,8.368897,-0.4639085,3
154584748786288,3842732676,-5.1050873,8.359625,-0.45792642,3
154584751286288,3845232676,-5.0676994,8.359326,-0.46061835,3
154584753786288,3847732676,-5.0312085,8.363812,-0.4564309,3
154584756286288,3850232676,-4.9899325,8.353344,-0.46839502,3
154584758786288,3852732676,-4.9674997,8.356335,-0.474078,3
154584761286288,3855232676,-4.9456654,8.347661,-0.46809593,3
154584763786288,3857732676,-4.9112687,8.340483,-0.4758726,3
154584766286288,3860232676,-4.87418,8.324929,-0.48155555,3
154584768786288,3862732676,-4.861019,8.335398,-0.4636094,3
154584771286288,3865232676,-4.822734,8.322536,-0.46660042,3
154584773786288,3867732676,-4.801797,8.333603,-0.4354937,3
154584776286288,3870232676,-4.781159,8.333304,-0.42532423,3
154584778786288,3872732676,-4.770391,8.32792,-0.40528435,3
154584781286288,3875232676,-4.7653065,8.325527,-0.39182472,3
154584783786288,3877732676,-4.7715874,8.332407,-0.38733816,3
154584786286288,3880232676,-4.775775,8.331808,-0.3789633,3
154584788786288,3882732676,-4.7934217,8.350652,-0.36729828,3
154584791286288,3885232676,-4.8176494,8.357532,-0.35264224,3
154584793786288,3887732676,-4.853841,8.369196,-0.3361916,3
154584796286288,3890232676,-4.8768716,8.373085,-0.32273194,3
154584798786288,3892732676,-4.9202414,8.395517,-0.30000013,3
154584801286288,3895232676,-4.9489555,8.409575,-0.28414768,3
154584803786288,3897732676,-4.9926243,8.43799,-0.27128628,3
154584806286288,3900232676,-5.0234323,8.456834,-0.25962126,3
154584808786288,3902732676,-5.0249276,8.4858465,-0.23659034,3
154584811286288,3905232676,-5.041378,8.508878,-0.22821546,3
154584813786288,3907732676,-5.0416775,8.512766,-0.23539393,3
154584816286288,3910232676,-5.055436,8.523534,-0.22103699,3
154584818786288,3912732676,-5.0620165,8.538488,-0.2545365,3
154584821286288,3915232676,-5.06082,8.532506,-0.25184458,3
154584823786288,3917732676,-5.0545387,8.544769,-0.27128628,3
154584826286288,3920232676,-5.050052,8.549854,-0.30119655,3
154584828786288,3922732676,-5.0452666,8.540583,-0.3397808,3
154584831286288,3925232676,-5.0506506,8.538189,-0.38374892,3
154584833786288,3927732676,-5.042874,8.539086,-0.4334,3
154584836286288,3930232676,-5.0368915,8.540283,-0.4743771,3
154584838786288,3932732676,-5.0395837,8.529815,-0.53300124,3
154584841286288,3935232676,-5.026124,8.522636,-0.5925227,3
154584843786288,3937732676,-5.0246286,8.517252,-0.65084773,3
154584846286288,3940232676,-5.0309095,8.515159,-0.715454,3
154584848786288,3942732676,-5.026722,8.49781,-0.76989067,3
154584851286288,3945232676,-5.0545387,8.49123,-0.81236327,3
154584853786288,3947732676,-5.0545387,8.492127,-0.8593224,3
154584856286288,3950232676,-5.082056,8.495118,-0.91585284,3
154584858786288,3952732676,-5.1050873,8.490034,-0.9738788,3
154584861286288,3955232676,-5.1275196,8.481659,-1.061815,3
154584863786288,3957732676,-5.157729,8.459525,-1.1473584,3
154584866286288,3960232676,-5.183452,8.448459,-1.2038889,3
154584868786288,3962732676,-5.191528,8.421839,-1.2813566,3
154584871286288,3965232676,-5.221438,8.421839,-1.3229318,3
154584873786288,3967732676,-5.2537413,8.413464,-1.3579268,3
154584876286288,3970232676,-5.2663035,8.402696,-1.3755739,3
154584878786288,3972732676,-5.2737813,8.400901,-1.3848461,3
154584881286288,3975232676,-5.298607,8.39821,-1.3543376,3
154584883786288,3977732676,-5.3156557,8.392527,-1.343869,3
154584886286288,3980232676,-5.31745,8.383254,-1.3058829,3
154584888786288,3982732676,-5.3033924,8.380263,-1.279861,3
154584891286288,3985232676,-5.27079,8.350951,-1.2194422,3
154584893786288,3987732676,-5.263612,8.350353,-1.1219348,3
154584896286288,3990232676,-5.2435718,8.354839,-1.0322039,3
154584898786288,3992732676,-5.215456,8.333603,-0.9382856,3
154584901286288,3995232676,-5.1702914,8.318648,-0.8706883,3
154584903786288,3997732676,-5.151149,8.316554,-0.8362915,3
154584906286288,4000232676,-5.1257253,8.306983,-0.81894356,3
154584908786288,4002732676,-5.110172,8.285149,-0.8240283,3
154584911286288,4005232676,-5.0865426,8.267501,-0.8039884,3
154584913786288,4007732676,-5.0940204,8.263912,-0.8045866,3
154584916286288,4010232676,-5.0847483,8.244769,-0.8006983,3
154584918786288,4012732676,-5.069494,8.242975,-0.7600203,3
154584921286288,4015232676,-5.063512,8.247461,-0.73011,3
154584923786288,4017732676,-5.0449677,8.2507515,-0.721436,3
154584926286288,4020232676,-5.048557,8.251349,-0.6999006,3
154584928786288,4022732676,-5.0602217,8.250154,-0.67447686,3
154584931286288,4025232676,-5.087739,8.240283,-0.6619146,3
154584933786288,4027732676,-5.111069,8.219645,-0.6269195,3
154584936286288,4030232676,-5.1364927,8.225029,-0.58265233,3
154584938786288,4032732676,-5.163412,8.2253275,-0.55692947,3
154584941286288,4035232676,-5.188836,8.232507,-0.52552366,3
154584943786288,4037732676,-5.1996036,8.245966,-0.49232325,3
154584946286288,4040232676,-5.2292147,8.27139,-0.43040898,3
154584948786288,4042732676,-5.229813,8.270193,-0.37298122,3
154584951286288,4045232676,-5.232505,8.290234,-0.3062813,3
154584953786288,4047732676,-5.234,8.288737,-0.2730809,3
154584956286288,4050232676,-5.2372904,8.29472,-0.2324029,3
154584958786288,4052732676,-5.222934,8.284551,-0.18125631,3
154584961286288,4055232676,-5.2139606,8.275278,-0.13878371,3
154584963786288,4057732676,-5.191528,8.266604,-0.09750752,3
154584966286288,4060232676,-5.1852465,8.272287,-0.041874398,3
154584968786288,4062732676,-5.1735816,8.276773,0.008374879,3
154584971286288,4065232676,-5.163113,8.273483,0.032901313,3
154584973786288,4067732676,-5.1586266,8.271988,0.07328019,3
154584976286288,4070232676,-5.1382875,8.278269,0.10229317,3
154584978786288,4072732676,-5.1140604,8.269895,0.11724831,3
154584981286288,4075232676,-5.1014977,8.242376,0.13250256,3
154584983786288,4077732676,-5.086842,8.235796,0.12861422,3
154584986286288,4080232676,-5.092525,8.2253275,0.12921242,3
154584988786288,4082732676,-5.092824,8.235497,0.15224335,3
154584991286288,4085232676,-5.08415,8.237591,0.18484555,3
154584993786288,4087732676,-5.073083,8.233703,0.22881366,3
154584996286288,4090232676,-5.090431,8.244769,0.2757728,3
154584998786288,4092732676,-5.0644093,8.254939,0.31106696,3
154585001286288,4095232676,-5.066503,8.260024,0.36430725,3
154585003786288,4097732676,-5.061717,8.255239,0.40408793,3
154585006286288,4100232676,-5.0398827,8.241479,0.40977088,3
154585008786288,4102732676,-5.02403,8.234002,0.42891344,3
154585011286288,4105232676,-5.0213385,8.230712,0.46241298,3
154585013786288,4107732676,-5.002196,8.23131,0.4956134,3
154585016286288,4110232676,-4.9752765,8.243873,0.52552366,3
154585018786288,4112732676,-4.985745,8.245368,0.5512465,3
154585021286288,4115232676,-4.965406,8.273483,0.5733801,3
154585023786288,4117732676,-4.944469,8.293523,0.5988039,3
154585026286288,4120232676,-4.9199424,8.306983,0.5982057,3
154585028786288,4122732676,-4.9136615,8.306983,0.60628146,3
154585031286288,4125232676,-4.88076,8.311171,0.6299106,3
154585033786288,4127732676,-4.8448677,8.329117,0.6801598,3
154585036286288,4130232676,-4.808078,8.345567,0.77647096,3
154585038786288,4132732676,-4.7572303,8.36471,0.85842514,3
154585041286288,4135232676,-4.6845484,8.382357,0.95712906,3
154585043786288,4137732676,-4.6082773,8.407781,1.0869397,3
154585046286288,4140232676,-4.54397,8.408379,1.20688,3
154585048786288,4142732676,-4.484748,8.426325,1.2891332,3
154585051286288,4145232676,-4.4341993,8.455936,1.37019,3
154585053786288,4147732676,-4.388437,8.47119,1.4569299,3
154585056286288,4150232676,-4.3441696,8.480164,1.5382859,3
154585058786288,4152732676,-4.28405,8.495717,1.5987046,3
154585061286288,4155232676,-4.2367916,8.517551,1.6537396,3
154585063786288,4157732676,-4.1868415,8.515757,1.7093726,3
154585066286288,4160232676,-4.1330028,8.524132,1.745265,3
154585068786288,4162732676,-4.078267,8.542078,1.7814565,3
154585071286288,4165232676,-4.054638,8.562716,1.8122641,3
154585073786288,4167732676,-4.0310087,8.581261,1.8242282,3
154585076286288,4170232676,-3.999304,8.586644,1.8571295,3
154585078786288,4172732676,-3.9684963,8.5983095,1.8765712,3
154585081286288,4175232676,-3.9314077,8.623733,1.9055841,3
154585083786288,4177732676,-3.9164524,8.638389,1.9028922,3
154585086286288,4180232676,-3.905984,8.65454,1.9085752,3
154585088786288,4182732676,-3.8844485,8.674879,1.910968,3
154585091286288,4185232676,-3.8635113,8.694321,1.8837496,3
154585093786288,4187732676,-3.851248,8.734999,1.8433708,3
154585096286288,4190232676,-3.8273199,8.73799,1.794916,3
154585098786288,4192732676,-3.8339,8.746664,1.7353946,3
154585101286288,4195232676,-3.8434713,8.767003,1.6639091,3
154585103786288,4197732676,-3.8398821,8.7780695,1.5978073,3
154585106286288,4200232676,-3.8491542,8.797213,1.5409778,3
154585108786288,4202732676,-3.8668015,8.806784,1.4988043,3
154585111286288,4205232676,-3.8739798,8.829216,1.500898,3
154585113786288,4207732676,-3.8838503,8.87139,1.5077773,3
154585116286288,4210232676,-3.8727834,8.892626,1.5412769,3
154585118786288,4212732676,-3.8766718,8.9312105,1.5622141,3
154585121286288,4215232676,-3.8635113,8.970692,1.6007984,3
154585123786288,4217732676,-3.8339,8.993723,1.6474584,3
154585126286288,4220232676,-3.81057,9.015259,1.6639091,3
154585128786288,4222732676,-3.780959,9.020642,1.7066808,3
154585131286288,4225232676,-3.7525442,9.020343,1.7273189,3
154585133786288,4227732676,-3.7160535,9.020343,1.7183458,3
154585136286288,4230232676,-3.6960137,9.037991,1.7237296,3
154585138786288,4232732676,-3.667599,9.0341015,1.7491534,3
154585141286288,4235232676,-3.6553357,9.014361,1.7814565,3
154585143786288,4237732676,-3.6275191,9.039784,1.8320048,3
154585146286288,4240232676,-3.6053855,9.052647,1.8807586,3
154585148786288,4242732676,-3.583252,9.075677,1.9348962,3
154585151286288,4245232676,-3.562913,9.100801,1.9914266,3
154585153786288,4247732676,-3.5416765,9.121739,2.0174487,3
154585156286288,4250232676,-3.521936,9.135797,2.0347965,3
154585158786288,4252732676,-3.4971104,9.137292,2.0371895,3
154585161286288,4255232676,-3.4561331,9.152247,2.0368903,3
154585163786288,4257732676,-3.415455,9.153444,2.062613,3
154585166286288,4260232676,-3.359523,9.14806,2.065305,3
154585168786288,4262732676,-3.2919257,9.147761,2.091028,3
154585171286288,4265232676,-3.2422748,9.135797,2.1224337,3
154585173786288,4267732676,-3.2096725,9.125926,2.1367905,3
154585176286288,4270232676,-3.1905298,9.122637,2.1538396,3
154585178786288,4272732676,-3.1498518,9.119945,2.1834507,3
154585181286288,4275232676,-3.1220353,9.120842,2.2175484,3
154585183786288,4277732676,-3.1139596,9.134301,2.2438695,3
154585186286288,4280232676,-3.1046875,9.153743,2.2863421,3
154585188786288,4282732676,-3.0924242,9.16481,2.2779672,3
154585191286288,4285232676,-3.0903304,9.17797,2.2809582,3
154585193786288,4287732676,-3.0978081,9.202796,2.3039892,3
154585196286288,4290232676,-3.114857,9.223135,2.2755744,3
154585198786288,4292732676,-3.121437,9.23151,2.2337,3
154585201286288,4295232676,-3.1289146,9.245567,2.1897318,3
154585203786288,4297732676,-3.1334012,9.266804,2.1352952,3
154585206286288,4300232676,-3.1402807,9.282357,2.079064,3
154585208786288,4302732676,-3.1576285,9.317352,1.9758734,3
154585211286288,4305232676,-3.1636107,9.329616,1.849951,3
154585213786288,4307732676,-3.1812577,9.343374,1.7330018,3
154585216286288,4310232676,-3.2066815,9.35803,1.6214365,3
154585218786288,4312732676,-3.2452657,9.380164,1.5005989,3
154585221286288,4315232676,-3.2820554,9.398409,1.3965111,3
154585223786288,4317732676,-3.2964122,9.405289,1.3094722,3
154585226286288,4320232676,-3.3349965,9.430114,1.2089736,3
154585228786288,4322732676,-3.365505,9.452846,1.1350952,3
154585231286288,4325232676,-3.3780673,9.466006,1.0504491,3
154585233786288,4327732676,-3.4005,9.480064,0.9520443,3
154585236286288,4330232676,-3.4049866,9.48844,0.8599206,3
154585238786288,4332732676,-3.406183,9.486645,0.7612167,3
154585241286288,4335232676,-3.4043884,9.4839525,0.61016977,3
154585243786288,4337732676,-3.405884,9.47797,0.49381876,3
154585246286288,4340232676,-3.391228,9.455837,0.37956148,3
154585248786288,4342732676,-3.3759737,9.439685,0.27996024,3
154585251286288,4345232676,-3.373581,9.432208,0.18095721,3
154585253786288,4347732676,-3.3649068,9.419047,0.09930214,3
154585256286288,4350232676,-3.3511481,9.405289,0.053240303,3
154585258786288,4352732676,-3.3436706,9.404989,-0.019441685,3
154585261286288,4355232676,-3.3152559,9.398409,-0.047258247,3
154585263786288,4357732676,-3.3086755,9.378369,-0.060418773,3
154585266286288,4360232676,-3.2949169,9.361021,-0.061016977,3
154585268786288,4362732676,-3.263511,9.34816,-0.061914288,3
154585271286288,4365232676,-3.2353954,9.311969,-0.03678965,3
154585273786288,4367732676,-3.1956146,9.288638,-0.016450657,3
154585276286288,4370232676,-3.164807,9.264411,0.04546363,3
154585278786288,4372732676,-3.1423743,9.24796,0.122931264,3
154585281286288,4375232676,-3.1139596,9.238389,0.19351953,3
154585283786288,4377732676,-3.0996027,9.222836,0.26889345,3
154585286286288,4380232676,-3.0972097,9.222537,0.34337005,3
154585288786288,4382732676,-3.080759,9.204291,0.4226323,3
154585291286288,4385232676,-3.077469,9.211769,0.5102694,3
154585293786288,4387732676,-3.075076,9.217452,0.58923256,3
154585296286288,4390232676,-3.088835,9.197113,0.666102,3
154585298786288,4392732676,-3.1040893,9.200702,0.7498508,3
154585301286288,4395232676,-3.1280174,9.202497,0.83001035,3
154585303786288,4397732676,-3.1489546,9.188439,0.8811569,3
154585306286288,4400232676,-3.1722846,9.205488,0.93708915,3
154585308786288,4402732676,-3.2075787,9.195318,0.98016,3
154585311286288,4405232676,-3.2389846,9.194122,1.0280164,3
154585313786288,4407732676,-3.2952158,9.191131,1.0657034,3
154585316286288,4410232676,-3.3520455,9.200702,1.0707881,3
154585318786288,4412732676,-3.4124641,9.208479,1.0845468,3
154585321286288,4415232676,-3.4543386,9.206684,1.0968101,3
154585323786288,4417732676,-3.5027933,9.203992,1.1120644,3
154585326286288,4420232676,-3.5587256,9.230313,1.1084751,3
154585328786288,4422732676,-3.6083765,9.238688,1.1171491,3
154585331286288,4425232676,-3.6655052,9.253045,1.1099706,3
154585333786288,4427732676,-3.714259,9.261121,1.0839486,3
154585336286288,4430232676,-3.7689948,9.259326,1.0576276,3
154585338786288,4432732676,-3.8135612,9.250054,1.0334003,3
154585341286288,4435232676,-3.8503506,9.253345,1.0202397,3
154585343786288,4437732676,-3.8778682,9.246465,1.0082756,3
154585346286288,4440232676,-3.909274,9.225228,1.0010972,3
154585348786288,4442732676,-3.9388852,9.221041,0.97597253,3
154585351286288,4445232676,-3.9526439,9.2126665,0.96520483,3
154585353786288,4447732676,-3.9661036,9.199506,0.9409775,3
154585356286288,4450232676,-3.9720855,9.208179,0.907478,3
154585358786288,4452732676,-3.99392,9.201301,0.8865408,3
154585361286288,4455232676,-3.9975092,9.1923275,0.8539386,3
154585363786288,4457732676,-3.984947,9.180962,0.8141579,3
154585366286288,4460232676,-3.972983,9.160623,0.7818548,3
154585368786288,4462732676,-3.9373896,9.154042,0.7606185,3
154585371286288,4465232676,-3.9233317,9.131011,0.7513463,3
154585373786288,4467732676,-3.8682969,9.115757,0.770788,3
154585376286288,4470232676,-3.825226,9.110971,0.7833503,3
154585378786288,4472732676,-3.7863426,9.114262,0.7899306,3
154585381286288,4475232676,-3.731906,9.106186,0.8138588,3
154585383786288,4477732676,-3.6780674,9.088838,0.85244304,3
154585386286288,4480232676,-3.6308093,9.075079,0.8673982,3
154585388786288,4482732676,-3.589832,9.06162,0.90059865,3
154585391286288,4485232676,-3.5353954,9.038589,0.91346,3
154585393786288,4487732676,-3.481557,9.037691,0.91615194,3
154585396286288,4490232676,-3.4429727,9.036494,0.9098708,3
154585398786288,4492732676,-3.4217365,9.0131645,0.89401835,3
154585401286288,4495232676,-3.4046874,9.010174,0.87308115,3
154585403786288,4497732676,-3.3873396,9.01795,0.8491529,3
154585406286288,4500232676,-3.3684962,9.0182495,0.8330014,3
154585408786288,4502732676,-3.3822548,9.018549,0.7968099,3
154585411286288,4505232676,-3.3936207,9.020642,0.7600203,3
154585413786288,4507732676,-3.403491,9.033803,0.7088737,3
154585416286288,4510232676,-3.4124641,9.04786,0.6652047,3
154585418786288,4512732676,-3.4522448,9.046664,0.6436693,3
154585421286288,4515232676,-3.4872398,9.066704,0.5766702,3
154585423786288,4517732676,-3.5132618,9.083155,0.5371887,3
154585426286288,4520232676,-3.5611184,9.09123,0.48783672,3
154585428786288,4522732676,-3.6047873,9.102298,0.45882374,3
154585431286288,4525232676,-3.6439698,9.120243,0.44117668,3
154585433786288,4527732676,-3.6885362,9.127422,0.42083767,3
154585436286288,4530232676,-3.7229328,9.123235,0.39780676,3
154585438786288,4532732676,-3.7621155,9.133703,0.39212382,3
154585441286288,4535232676,-3.7875392,9.152547,0.3822534,3
154585443786288,4537732676,-3.8081772,9.15793,0.38524446,3
154585446286288,4540232676,-3.8312082,9.163015,0.38285163,3
154585448786288,4542732676,-3.8368912,9.188439,0.37328035,3
154585451286288,4545232676,-3.8611186,9.182756,0.35473597,3
154585453786288,4547732676,-3.8760736,9.191131,0.33589247,3
154585456286288,4550232676,-3.8838503,9.190233,0.30029923,3
154585458786288,4552732676,-3.8955152,9.178867,0.26470602,3
154585461286288,4555232676,-3.9128633,9.18126,0.2416751,3
154585463786288,4557732676,-3.9188452,9.163314,0.26919255,3
154585466286288,4560232676,-3.897908,9.136395,0.31914273,3
154585468786288,4562732676,-3.8736808,9.119945,0.41336012,3
154585471286288,4565232676,-3.8204405,9.109177,0.49022955,3
154585473786288,4567732676,-3.7256248,9.071191,0.62183475,3
154585476286288,4570232676,-3.6251264,9.070593,0.71365935,3
154585478786288,4572732676,-3.5569308,9.1002035,0.8219346,3
154585481286288,4575232676,-3.5009987,9.081061,1.00349,3
154585483786288,4577732676,-3.469892,9.060123,1.1563315,3
154585486286288,4580232676,-3.4007993,9.02124,1.3034902,3
154585488786288,4582732676,-3.3149567,9.002098,1.4904294,3
154585491286288,4585232676,-3.2306097,8.974581,1.6857436,3
154585493786288,4587732676,-3.1462626,8.95783,1.8610178,3
154585496286288,4590232676,-3.051148,8.942576,2.0219352,3
154585498786288,4592732676,-2.9676983,8.920742,2.1484556,3
154585501286288,4595232676,-2.876771,8.911171,2.2788644,3
154585503786288,4597732676,-2.7858438,8.920742,2.3865414,3
154585506286288,4600232676,-2.7116663,8.9210415,2.4598217,3
154585508786288,4602732676,-2.6536403,8.92792,2.5166512,3
154585511286288,4605232676,-2.614757,8.941081,2.5465615,3
154585513786288,4607732676,-2.5821548,8.976974,2.5534408,3
154585516286288,4610232676,-2.5591238,9.010772,2.5633113,3
154585518786288,4612732676,-2.5441687,9.034999,2.5528426,3
154585521286288,4615232676,-2.5384858,9.06132,2.5348964,3
154585523786288,4617732676,-2.5387847,9.096315,2.4999015,3
154585526286288,4620232676,-2.5516462,9.112167,2.4556344,3
154585528786288,4622732676,-2.5645077,9.144172,2.4125633,3
154585531286288,4625232676,-2.5776682,9.180962,2.3805594,3
154585533786288,4627732676,-2.612364,9.195318,2.332404,3
154585536286288,4630232676,-2.6515465,9.205488,2.2504497,3
154585538786288,4632732676,-2.7083762,9.227921,2.21366,3
154585541286288,4635232676,-2.7580273,9.25155,2.155335,3
154585543786288,4637732676,-2.818147,9.273982,2.103291,3
154585546286288,4640232676,-2.87378,9.270393,2.0751755,3
154585548786288,4642732676,-2.940779,9.297911,2.0177476,3
154585551286288,4645232676,-2.9979076,9.31496,2.003989,3
154585553786288,4647732676,-3.0338001,9.311071,1.9758734,3
154585556286288,4650232676,-3.0637102,9.320343,1.954637,3
154585558786288,4652732676,-3.0843484,9.332308,1.9387846,3
154585561286288,4655232676,-3.10379,9.330513,1.9127626,3
154585563786288,4657732676,-3.1163523,9.335598,1.8783658,3
154585566286288,4660232676,-3.1250265,9.323335,1.8541385,3
154585568786288,4662732676,-3.1310084,9.277272,1.814956,3
154585571286288,4665232676,-3.1190443,9.276974,1.7808583,3
154585573786288,4667732676,-3.1025937,9.256335,1.7703897,3
154585576286288,4670232676,-3.0693932,9.239884,1.7650058,3
154585578786288,4672732676,-3.0364919,9.2126665,1.7886349,3
154585581286288,4675232676,-3.0293136,9.2177515,1.8161523,3
154585583786288,4677732676,-2.9632118,9.182756,1.899602,3
154585586286288,4680232676,-2.917449,9.15793,2.0033908,3
154585588786288,4682732676,-2.871088,9.139984,2.0757737,3
154585591286288,4685232676,-2.8103702,9.119945,2.1508484,3
154585593786288,4687732676,-2.7723842,9.093025,2.2196422,3
154585596286288,4690232676,-2.7335007,9.087043,2.2534406,3
154585598786288,4692732676,-2.6808586,9.051749,2.312364,3
154585601286288,4695232676,-2.6518457,9.032008,2.3392832,3
154585603786288,4697732676,-2.6333013,9.000901,2.356332,3
154585606286288,4700232676,-2.62044,8.980862,2.382055,3
154585608786288,4702732676,-2.606083,8.980562,2.3955145,3
154585611286288,4705232676,-2.606083,8.960523,2.4122643,3
154585613786288,4707732676,-2.6225336,8.9674015,2.4278176,3
154585616286288,4710232676,-2.6623142,8.973982,2.4499512,3
154585618786288,4712732676,-2.6868408,8.980862,2.4364917,3
154585621286288,4715232676,-2.7287152,8.980562,2.44038,3
154585623786288,4717732676,-2.7628129,8.978767,2.4388845,3
154585626286288,4720232676,-2.7969105,8.980862,2.4179473,3
154585628786288,4722732676,-2.82383,9.000004,2.4059832,3
154585631286288,4725232676,-2.8666015,9.005089,2.3578277,3
154585633786288,4727732676,-2.9102705,9.003294,2.3138595,3
154585636286288,4730232676,-2.9662027,9.009576,2.283351,3
154585638786288,4732732676,-3.0155547,9.018847,2.2441685,3
154585641286288,4735232676,-3.0855448,9.037392,2.219044,3
154585643786288,4737732676,-3.129812,9.029017,2.21366,3
154585646286288,4740232676,-3.1827533,9.046664,2.1894326,3
154585648786288,4742732676,-3.240181,9.05474,2.1622143,3
154585651286288,4745232676,-3.2730823,9.055937,2.1335006,3
154585653786288,4747732676,-3.2877383,9.066704,2.0901306,3
154585656286288,4750232676,-3.3176486,9.05833,2.038984,3
154585658786288,4752732676,-3.356831,9.04816,1.9788643,3
154585661286288,4755232676,-3.3792639,9.043972,1.899303,3
154585663786288,4757732676,-3.4202409,9.044571,1.8194425,3
154585666286288,4760232676,-3.4220355,9.042477,1.7679968,3
154585668786288,4762732676,-3.437888,9.027821,1.7228323,3
154585671286288,4765232676,-3.4310086,9.019745,1.6911274,3
154585673786288,4767732676,-3.4244282,9.008678,1.6827525,3
154585676286288,4770232676,-3.397808,8.987143,1.681257,3
154585678786288,4772732676,-3.3861432,8.995817,1.6884354,3
154585681286288,4775232676,-3.353242,8.982058,1.7126628,3
154585683786288,4777732676,-3.3176486,8.9674015,1.7443677,3
154585686286288,4780232676,-3.2772696,8.9566345,1.7760726,3
154585688786288,4782732676,-3.246462,8.936893,1.809273,3
154585691286288,4785232676,-3.229114,8.907581,1.8493528,3
154585693786288,4787732676,-3.176472,8.88455,1.9124635,3
154585696286288,4790232676,-3.1453655,8.869296,1.9531415,3
154585698786288,4792732676,-3.0960133,8.8681,2.024627,3
154585701286288,4795232676,-3.0613174,8.862417,2.076372,3
154585703786288,4797732676,-3.0284162,8.852845,2.1134605,3
154585706286288,4800232676,-3.001796,8.85135,2.1592233,3
154585708786288,4802732676,-2.9614172,8.8651085,2.2046869,3
154585711286288,4805232676,-2.932404,8.869296,2.2202404,3
154585713786288,4807732676,-2.929114,8.873783,2.2633111,3
154585716286288,4810232676,-2.911766,8.886943,2.2698913,3
154585718786288,4812732676,-2.9072795,8.913264,2.257329,3
154585721286288,4815232676,-2.9030921,8.932407,2.2474587,3
154585723786288,4817732676,-2.926422,8.944969,2.225026,3
154585726286288,4820232676,-2.9416764,8.943773,2.1891336,3
154585728786288,4822732676,-2.9679973,8.964411,2.1589243,3
154585731286288,4825232676,-3.0092735,8.9775715,2.1281166,3
154585733786288,4827732676,-3.0373893,8.985049,2.097608,3
154585736286288,4830232676,-3.0759735,9.014361,2.079662,3
154585738786288,4832732676,-3.1112676,9.036196,2.053042,3
154585741286288,4835232676,-3.144468,9.04786,2.0572293,3
154585743786288,4837732676,-3.1806595,9.070293,2.062613,3
154585746286288,4840232676,-3.2285159,9.073284,2.0437696,3
154585748786288,4842732676,-3.251248,9.096615,2.0386848,3
154585751286288,4845232676,-3.2961133,9.103793,2.0288146,3
154585753786288,4847732676,-3.3254254,9.101699,2.009672,3
154585756286288,4850232676,-3.3379877,9.104391,2.001297,3
154585758786288,4852732676,-3.3646078,9.09482,2.0033908,3
154585761286288,4855232676,-3.3789647,9.088838,2.0001006,3
154585763786288,4857732676,-3.354139,9.079565,2.0386848,3
154585766286288,4860232676,-3.3520455,9.066405,2.0814567,3
154585768786288,4862732676,-3.3424742,9.066405,2.1379871,3
154585771286288,4865232676,-3.3113675,9.074182,2.201696,3
154585773786288,4867732676,-3.2736804,9.073284,2.277668,3
154585776286288,4870232676,-3.2467613,9.060722,2.3479571,3
154585778786288,4872732676,-3.1989048,9.057731,2.4188447,3
154585781286288,4875232676,-3.1456645,9.028718,2.4858437,3
154585783786288,4877732676,-3.095415,9.012866,2.539383,3
154585786286288,4880232676,-3.0478578,8.989237,2.5725834,3
154585788786288,4882732676,-3.0041888,8.969795,2.586342,3
154585791286288,4885232676,-2.9557343,8.95125,2.615056,3
154585793786288,4887732676,-2.9255247,8.945867,2.6165516,3
154585796286288,4890232676,-2.9033911,8.928518,2.6138597,3
154585798786288,4892732676,-2.885445,8.933903,2.594418,3
154585801286288,4895232676,-2.8728826,8.933903,2.589034,3
154585803786288,4897732676,-2.8609185,8.944371,2.5848467,3
154585806286288,4900232676,-2.8435707,8.958728,2.5384858,3
154585808786288,4902732676,-2.809772,8.962915,2.507678,3
154585811286288,4905232676,-2.7900312,8.975777,2.478067,3
154585813786288,4907732676,-2.7631118,8.997013,2.4242284,3
154585816286288,4910232676,-2.7349963,9.009276,2.3874388,3
154585818786288,4912732676,-2.713461,9.0182495,2.3273191,3
154585821286288,4915232676,-2.6898317,9.02812,2.2435703,3
154585823786288,4917732676,-2.6446671,9.029615,2.1915264,3
154585826286288,4920232676,-2.6015964,9.041281,2.1128623,3
154585828786288,4922732676,-2.5674987,9.039784,2.0383859,3
154585831286288,4925232676,-2.5316064,9.053843,1.9761724,3
154585833786288,4927732676,-2.5094728,9.071789,1.913959,3
154585836286288,4930232676,-2.4837499,9.0849495,1.8466609,3
154585838786288,4932732676,-2.4714868,9.099904,1.7826529,3
154585841286288,4935232676,-2.4589243,9.118748,1.7135601,3
154585843786288,4937732676,-2.457728,9.137292,1.6336997,3
154585846286288,4940232676,-2.4481566,9.150154,1.5643078,3
154585848786288,4942732676,-2.4385853,9.162417,1.5164514,3
154585851286288,4945232676,-2.437987,9.168399,1.4733806,3
154585853786288,4947732676,-2.4469602,9.172287,1.4066806,3
154585856286288,4950232676,-2.458326,9.168399,1.3543376,3
154585858786288,4952732676,-2.4690938,9.160623,1.3357933,3
154585861286288,4955232676,-2.4846473,9.160323,1.3142579,3
154585863786288,4957732676,-2.5121646,9.175877,1.3031911,3
154585866286288,4960232676,-2.5301108,9.18126,1.2951152,3
154585868786288,4962732676,-2.5558336,9.1821575,1.2966107,3
154585871286288,4965232676,-2.5872395,9.1719885,1.3360924,3
154585873786288,4967732676,-2.626422,9.172287,1.378864,3
154585876286288,4970232676,-2.635395,9.154342,1.442872,3
154585878786288,4972732676,-2.6688945,9.145369,1.5343975,3
154585881286288,4975232676,-2.6826532,9.127721,1.6247265,3
154585883786288,4977732676,-2.699403,9.133105,1.7165512,3
154585886286288,4980232676,-2.7095726,9.136694,1.8068802,3
154585888786288,4982732676,-2.7215366,9.123235,1.8912272,3
154585891286288,4985232676,-2.734099,9.136694,1.9689939,3
154585893786288,4987732676,-2.7349963,9.127123,2.0306091,3
154585896286288,4990232676,-2.7296124,9.112167,2.0518453,3
154585898786288,4992732676,-2.7296124,9.099904,2.0847468,3
154585901286288,4995232676,-2.722733,9.0900345,2.1248264,3
154585903786288,4997732676,-2.7026932,9.057432,2.143969,3
154585906286288,5000232676,-2.6889346,9.062218,2.184647,3
154585908786288,5002732676,-2.696711,9.044271,2.2202404,3
154585911286288,5005232676,-2.6796622,9.046365,2.245365,3
154585913786288,5007732676,-2.679064,9.041579,2.2908285,3
154585916286288,5010232676,-2.6781666,9.033504,2.309672,3
154585918786288,5012732676,-2.6629126,9.02812,2.3398814,3
154585921286288,5015232676,-2.6620152,9.036494,2.362015,3
154585923786288,5017732676,-2.6542385,9.035598,2.3572295,3
154585926286288,5020232676,-2.6491537,9.033205,2.402693,3
154585928786288,5022732676,-2.6506493,9.051749,2.4337997,3
154585931286288,5025232676,-2.6491537,9.0544405,2.4284158,3
154585933786288,5027732676,-2.6431718,9.055338,2.4329023,3
154585936286288,5030232676,-2.6341987,9.070891,2.400001,3
154585938786288,5032732676,-2.6419754,9.083454,2.391028,3
154585941286288,5035232676,-2.6192434,9.063115,2.3859432,3
154585943786288,5037732676,-2.6153553,9.075378,2.376372,3
154585946286288,5040232676,-2.6153553,9.061918,2.3599212,3
154585948786288,5042732676,-2.5953152,9.067003,2.359323,3
154585951286288,5045232676,-2.5707889,9.072088,2.3679972,3
154585953786288,5047732676,-2.5408785,9.058628,2.3742783,3
154585956286288,5050232676,-2.521736,9.062218,2.379662,3
154585958786288,5052732676,-2.484348,9.070593,2.4005992,3
154585961286288,5055232676,-2.4523442,9.066405,2.3976083,3
154585963786288,5057732676,-2.423331,9.069396,2.3922246,3
154585966286288,5060232676,-2.4008985,9.066704,2.400001,3
154585968786288,5062732676,-2.388037,9.056833,2.4095724,3
154585971286288,5065232676,-2.3724837,9.041579,2.4209383,3
154585973786288,5067732676,-2.367399,9.038289,2.4457638,3
154585976286288,5070232676,-2.3551357,9.033504,2.4619155,3
154585978786288,5072732676,-2.3461626,9.037991,2.4993033,3
154585981286288,5075232676,-2.3488545,9.032906,2.5504498,3
154585983786288,5077732676,-2.3455644,9.038888,2.5893333,3
154585986286288,5080232676,-2.3602204,9.043972,2.617748,3
154585988786288,5082732676,-2.3662026,9.052048,2.6362925,3
154585991286288,5085232676,-2.376372,9.078369,2.6434708,3
154585993786288,5087732676,-2.3961127,9.085847,2.661716,3
154585996286288,5090232676,-2.400001,9.096016,2.690131,3
154585998786288,5092732676,-2.4008985,9.103793,2.690131,3
154586001286288,5095232676,-2.390729,9.112467,2.7245276,3
154586003786288,5097732676,-2.3919253,9.116355,2.7520452,3
154586006286288,5100232676,-2.3928227,9.1307125,2.7496524,3
154586008786288,5102732676,-2.3913271,9.1307125,2.784049,3
154586011286288,5105232676,-2.3847468,9.130114,2.8268209,3
154586013786288,5107732676,-2.3805594,9.142078,2.841776,3
154586016286288,5110232676,-2.3694925,9.152845,2.8531418,3
154586018786288,5112732676,-2.3398814,9.146864,2.885744,3
154586021286288,5115232676,-2.3255246,9.159127,2.8689942,3
154586023786288,5117732676,-2.3234308,9.159725,2.876771,3
154586026286288,5120232676,-2.3060827,9.162716,2.8492537,3
154586028786288,5122732676,-2.3045874,9.167801,2.833102,3
154586031286288,5125232676,-2.2878375,9.169596,2.827419,3
154586033786288,5127732676,-2.268994,9.168698,2.7942185,3
154586036286288,5130232676,-2.2761726,9.160921,2.781058,3
154586038786288,5132732676,-2.257329,9.157332,2.768795,3
154586041286288,5135232676,-2.2510478,9.162118,2.7119653,3
154586043786288,5137732676,-2.2564318,9.158528,2.6769702,3
154586046286288,5140232676,-2.245066,9.152547,2.6566312,3
154586048786288,5142732676,-2.2510478,9.151649,2.6255248,3
154586051286288,5145232676,-2.2552354,9.146864,2.6090739,3
154586053786288,5147732676,-2.2405794,9.119945,2.6267211,3
154586056286288,5150232676,-2.2390838,9.126225,2.6611178,3
154586058786288,5152732676,-2.254338,9.116056,2.7122645,3
154586061286288,5155232676,-2.266302,9.117252,2.7759733,3
154586063786288,5157732676,-2.2639093,9.115159,2.8432715,3
154586066286288,5160232676,-2.2734807,9.128618,2.9114668,3
154586068786288,5162732676,-2.2788644,9.11785,2.9835508,3
154586071286288,5165232676,-2.2731814,9.117252,3.0640094,3
154586073786288,5167732676,-2.271686,9.122038,3.1591241,3
154586076286288,5170232676,-2.2441685,9.119347,3.2742786,3
154586078786288,5172732676,-2.210669,9.12144,3.3613176,3
154586081286288,5175232676,-2.1732812,9.144471,3.4606197,3
154586083786288,5177732676,-2.1364915,9.156136,3.5243287,3
154586086286288,5180232676,-2.1000009,9.178269,3.5838501,3
154586088786288,5182732676,-2.0751755,9.178867,3.6233318,3
154586091286288,5185232676,-2.0527427,9.181859,3.6233318,3
154586093786288,5187732676,-2.0383859,9.189935,3.6005998,3
154586096286288,5190232676,-2.033002,9.209675,3.5688949,3
154586098786288,5192732676,-2.033301,9.211769,3.539882,3
154586101286288,5195232676,-2.0312073,9.212068,3.5012977,3
154586103786288,5197732676,-2.0410776,9.222836,3.4591243,3
154586106286288,5200232676,-2.0222342,9.222836,3.441178,3
154586108786288,5202732676,-1.9944177,9.22822,3.4211383,3
154586111286288,5205232676,-1.9785652,9.232108,3.420839,3
154586113786288,5207732676,-1.963311,9.229117,3.4022946,3
154586116286288,5210232676,-1.9540387,9.225827,3.3891342,3
154586118786288,5212732676,-1.9331015,9.235099,3.371786,3
154586121286288,5215232676,-1.9357935,9.233006,3.379862,3
154586123786288,5217732676,-1.9354944,9.230911,3.3550365,3
154586126286288,5220232676,-1.9468603,9.222537,3.339184,3
154586128786288,5222732676,-1.9677975,9.200702,3.3140593,3
154586131286288,5225232676,-1.9881365,9.203394,3.3029926,3
154586133786288,5227732676,-2.012962,9.186943,3.2742786,3
154586136286288,5230232676,-2.0488544,9.176475,3.2324042,3
154586138786288,5232732676,-2.0931215,9.18126,3.203092,3
154586141286288,5235232676,-2.1355941,9.186345,3.1755748,3
154586143786288,5237732676,-2.1855445,9.181859,3.1576285,3
154586146286288,5240232676,-2.2142582,9.17797,3.1286156,3
154586148786288,5242732676,-2.25703,9.168399,3.106781,3
154586151286288,5245232676,-2.2752752,9.169296,3.0762727,3
154586153786288,5247732676,-2.3174486,9.158528,3.0637102,3
154586156286288,5250232676,-2.3482563,9.151649,3.056532,3
154586158786288,5252732676,-2.3682961,9.142975,3.0311081,3
154586161286288,5255232676,-2.3991039,9.126525,3.010171,3
154586163786288,5257732676,-2.4236302,9.105587,3.001796,3
154586166286288,5260232676,-2.4439692,9.091828,2.9883363,3
154586168786288,5262732676,-2.4738796,9.08824,2.972783,3
154586171286288,5265232676,-2.4649065,9.067901,2.9653056,3
154586173786288,5267732676,-2.44367,9.047262,2.9691937,3
154586176286288,5270232676,-2.41705,9.032606,2.9662027,3
154586178786288,5272732676,-2.3790638,9.029615,2.9590242,3
154586181286288,5275232676,-2.3114667,9.010772,2.9440691,3
154586183786288,5277732676,-2.2498515,8.995218,2.946462,3
154586186286288,5280232676,-2.1759732,8.967701,2.9141588,3
154586188786288,5282732676,-2.0877378,8.950652,2.8959136,3
154586191286288,5285232676,-2.0090737,8.944969,2.8537402,3
154586193786288,5287732676,-1.9280169,8.933903,2.797808,3
154586196286288,5290232676,-1.8523438,8.920742,2.7293134,3
154586198786288,5292732676,-1.7907287,8.920742,2.6868408,3
154586201286288,5295232676,-1.7383857,8.903693,2.664109,3
154586203786288,5297732676,-1.6965113,8.893523,2.6270201,3
154586206286288,5300232676,-1.669592,8.889935,2.620739,3
154586208786288,5302732676,-1.6387844,8.89801,2.6306095,3
154586211286288,5305232676,-1.634896,8.902496,2.653042,3
154586213786288,5307732676,-1.6357933,8.900403,2.673381,3
154586216286288,5310232676,-1.6286149,8.926425,2.7230322,3
154586218786288,5312732676,-1.6423737,8.940782,2.7562325,3
154586221286288,5315232676,-1.6459628,8.949157,2.7882366,3
154586223786288,5317732676,-1.6627127,8.961719,2.821437,3
154586226286288,5320232676,-1.6728821,8.985348,2.8609185,3
154586228786288,5322732676,-1.6782659,8.986844,2.8980074,3
154586231286288,5325232676,-1.7126628,9.015259,2.9207392,3
154586233786288,5327732676,-1.7252251,9.02124,2.9374888,3
154586236286288,5330232676,-1.7530417,9.040682,2.9503503,3
154586238786288,5332732676,-1.7763717,9.066106,2.94706,3
154586241286288,5335232676,-1.8158532,9.092726,2.926721,3
154586243786288,5337732676,-1.8475581,9.104989,2.9120653,3
154586246286288,5340232676,-1.8747765,9.12503,2.9150562,3
154586248786288,5342732676,-1.9148563,9.152845,2.8833513,3
154586251286288,5345232676,-1.966003,9.161221,2.8719854,3
154586253786288,5347732676,-1.9947168,9.164511,2.887838,3
154586256286288,5350232676,-2.0075781,9.180064,2.8806593,3
154586258786288,5352732676,-2.0341983,9.19472,2.887838,3
154586261286288,5355232676,-2.0443678,9.225528,2.865106,3
154586263786288,5357732676,-2.0467606,9.236894,2.8719854,3
154586266286288,5360232676,-2.0374885,9.22822,2.8666015,3
154586268786288,5362732676,-2.030908,9.237791,2.8498518,3
154586271286288,5365232676,-2.021337,9.22463,2.8396823,3
154586273786288,5367732676,-2.0072792,9.212068,2.82383,3
154586276286288,5370232676,-2.0084755,9.2126665,2.8028927,3
154586278786288,5372732676,-2.0162523,9.199506,2.809772,3
154586281286288,5375232676,-2.0431714,9.179765,2.7966115,3
154586283786288,5377732676,-2.0500507,9.169894,2.801397,3
154586286286288,5380232676,-2.0590239,9.159725,2.8064818,3
154586288786288,5382732676,-2.0644078,9.162118,2.841776,3
154586291286288,5385232676,-2.0482562,9.159426,2.8905299,3
154586293786288,5387732676,-2.0207388,9.154342,2.9356942,3
154586296286288,5390232676,-1.9821545,9.128618,2.9835508,3
154586298786288,5392732676,-1.9304097,9.105886,3.0487552,3
154586301286288,5395232676,-1.8804595,9.090333,3.1139596,3
154586303786288,5397732676,-1.841277,9.075976,3.17049,3
154586306286288,5400232676,-1.788934,9.04816,3.2147572,3
154586308786288,5402732676,-1.7524434,9.028718,3.2679975,3
154586311286288,5405232676,-1.7054844,9.015259,3.3023944,3
154586313786288,5407732676,-1.6660028,8.994022,3.344867,3
154586316286288,5410232676,-1.6247265,8.973683,3.3816566,3
154586318786288,5412732676,-1.5795621,8.9521475,3.411866,3
154586321286288,5415232676,-1.5451652,8.948259,3.4139597,3
154586323786288,5417732676,-1.5332011,8.942876,3.437589,3
154586326286288,5420232676,-1.5349957,8.945567,3.4591243,3
154586328786288,5422732676,-1.5314065,8.942876,3.4680972,3
154586331286288,5425232676,-1.5475581,8.940483,3.4719856,3
154586333786288,5427732676,-1.5622141,8.957232,3.467499,3
154586336286288,5430232676,-1.5786648,8.976674,3.4516466,3
154586338786288,5432732676,-1.6052849,8.996116,3.4283166,3
154586341286288,5435232676,-1.6283158,9.010472,3.3882368,3
154586343786288,5437732676,-1.6546369,9.032008,3.3436706,3
154586346286288,5440232676,-1.669592,9.045767,3.3176486,3
154586348786288,5442732676,-1.6881363,9.050852,3.2802608,3
154586351286288,5445232676,-1.7105691,9.071489,3.240181,3
154586353786288,5447732676,-1.7431713,9.077472,3.196512,3
154586356286288,5450232676,-1.7760726,9.102298,3.1540394,3
154586358786288,5452732676,-1.8104694,9.113065,3.1208389,3
154586361286288,5455232676,-1.8326031,9.123533,3.0643084,3
154586363786288,5457732676,-1.8457636,9.131609,3.0068808,3
154586366286288,5460232676,-1.8696918,9.139984,2.9709885,3
154586368786288,5462732676,-1.8834505,9.146864,2.9566314,3
154586371286288,5465232676,-1.8855443,9.144172,2.9237301,3
154586373786288,5467732676,-1.8870398,9.14806,2.8800611,3
154586376286288,5470232676,-1.8846469,9.134899,2.8459635,3
154586378786288,5472732676,-1.875973,9.131011,2.85045,3
154586381286288,5475232676,-1.8448663,9.12503,2.8579276,3
154586383786288,5477732676,-1.8215362,9.123533,2.8866415,3
154586386286288,5480232676,-1.8086748,9.11127,2.9183464,3
154586388786288,5482732676,-1.7739788,9.101101,2.955136,3
154586391286288,5485232676,-1.7494525,9.083454,3.022434,3
154586393786288,5487732676,-1.7336,9.0747795,3.063112,3
154586396286288,5490232676,-1.698904,9.065508,3.1265218,3
154586398786288,5492732676,-1.6815561,9.034999,3.1863425,3
154586401286288,5495232676,-1.6624135,9.01466,3.2557342,3
154586403786288,5497732676,-1.6507485,9.002397,3.3406794,3
154586406286288,5500232676,-1.6319051,8.996714,3.397509,3
154586408786288,5502732676,-1.6262221,8.979366,3.4749768,3
154586411286288,5505232676,-1.6199409,8.983254,3.5303106,3
154586413786288,5507732676,-1.6124634,8.976375,3.5991044,3
154586416286288,5510232676,-1.6043876,8.975179,3.6436708,3
154586418786288,5512732676,-1.5927225,8.971589,3.679862,3
154586421286288,5515232676,-1.5927225,8.965009,3.7277186,3
154586423786288,5517732676,-1.5861423,8.960523,3.7648072,3
154586426286288,5520232676,-1.5786648,8.974281,3.784249,3
154586428786288,5522732676,-1.585245,8.974281,3.7944186,3
154586431286288,5525232676,-1.588236,8.98804,3.8006997,3
154586433786288,5527732676,-1.5819548,8.969795,3.8207395,3
154586436286288,5530232676,-1.5714862,8.958728,3.8470607,3
154586438786288,5532732676,-1.5664015,8.976375,3.8530426,3
154586441286288,5535232676,-1.5759728,8.972188,3.8650067,3
154586443786288,5537732676,-1.5834504,8.977272,3.8871403,3
154586446286288,5540232676,-1.6034902,8.986844,3.9023945,3
154586448786288,5542732676,-1.6342978,9.003294,3.9008992,3
154586451286288,5545232676,-1.66361,9.01795,3.8847475,3
154586453786288,5547732676,-1.7153547,9.040084,3.8413777,3
154586456286288,5550232676,-1.7688942,9.052647,3.7962132,3
154586458786288,5552732676,-1.7931215,9.06132,3.7396827,3
154586461286288,5555232676,-1.849951,9.071789,3.685545,3
154586463786288,5557732676,-1.8822541,9.086445,3.6230326,3
154586466286288,5560232676,-1.8987048,9.08824,3.5709887,3
154586468786288,5562732676,-1.9013968,9.095418,3.5201411,3
154586471286288,5565232676,-1.9160527,9.104989,3.4576287,3
154586473786288,5567732676,-1.9013968,9.103793,3.4103706,3
154586476286288,5570232676,-1.9115661,9.090632,3.3756745,3
154586478786288,5572732676,-1.9118652,9.083155,3.3493536,3
154586481286288,5575232676,-1.8969102,9.067601,3.3251262,3
154586483786288,5577732676,-1.875973,9.049057,3.3047872,3
154586486286288,5580232676,-1.8475581,9.04816,3.3059835,3
154586488786288,5582732676,-1.8349959,9.033205,3.3185458,3
154586491286288,5585232676,-1.7880367,9.011969,3.3358939,3
154586493786288,5587732676,-1.7446668,8.998808,3.3640096,3
154586496286288,5590232676,-1.7069799,8.975777,3.3963127,3
154586498786288,5592732676,-1.672583,8.958728,3.4217365,3
154586501286288,5595232676,-1.6372889,8.945567,3.4606197,3
154586503786288,5597732676,-1.6002002,8.935099,3.521936,3
154586506286288,5600232676,-1.5520446,8.91476,3.5682967,3
154586508786288,5602732676,-1.5317056,8.903394,3.5997026,3
154586511286288,5605232676,-1.5137594,8.903095,3.630211,3
154586513786288,5607732676,-1.5104693,8.893225,3.6523447,3
154586516286288,5610232676,-1.5110675,8.882756,3.6990047,3
154586518786288,5612732676,-1.5248263,8.8746805,3.7357943,3
154586521286288,5615232676,-1.5412769,8.889635,3.7516468,3
154586523786288,5617732676,-1.561915,8.880363,3.78724,3
154586526286288,5620232676,-1.5984055,8.893225,3.8054852,3
154586528786288,5622732676,-1.6268203,8.897113,3.821936,3
154586531286288,5625232676,-1.6600207,8.91476,3.8297126,3
154586533786288,5627732676,-1.6857436,8.91805,3.8330028,3
154586536286288,5630232676,-1.713261,8.915359,3.8416767,3
154586538786288,5632732676,-1.7485552,8.912367,3.8458643,3
154586541286288,5635232676,-1.783251,8.926126,3.8581274,3
154586543786288,5637732676,-1.8122641,8.937791,3.8413777,3
154586546286288,5640232676,-1.849951,8.942277,3.8353956,3
154586548786288,5642732676,-1.879263,8.949456,3.8129628,3
154586551286288,5645232676,-1.9124635,8.971589,3.7998023,3
154586553786288,5647732676,-1.9561325,8.98804,3.7645082,3
154586556286288,5650232676,-1.9959131,8.998808,3.7390845,3
154586558786288,5652732676,-2.024627,9.029017,3.7094734,3
154586561286288,5655232676,-2.0739791,9.040981,3.6469607,3
154586563786288,5657732676,-2.097309,9.05115,3.6053855,3
154586566286288,5660232676,-2.1221347,9.05115,3.5569308,3
154586568786288,5662732676,-2.1511476,9.073584,3.478566,3
154586571286288,5665232676,-2.1622143,9.072686,3.4220355,3
154586573786288,5667732676,-2.1693928,9.091828,3.380161,3
154586576286288,5670232676,-2.152643,9.0849495,3.3194432,3
154586578786288,5672732676,-2.1215365,9.0646105,3.2611182,3
154586581286288,5675232676,-2.0632114,9.053843,3.2117662,3
154586583786288,5677732676,-1.986641,9.030513,3.1917262,3
154586586286288,5680232676,-1.899303,9.0182495,3.161218,3
154586588786288,5682732676,-1.7868403,8.995518,3.1540394,3
154586591286288,5685232676,-1.6624135,8.962018,3.1462626,3
154586593786288,5687732676,-1.5409778,8.947362,3.139084,3
154586596286288,5690232676,-1.4380864,8.930911,3.1396823,3
154586598786288,5692732676,-1.3280165,8.914162,3.1286156,3
154586601286288,5695232676,-1.2263216,8.879167,3.1277182,3
154586603786288,5697732676,-1.1207383,8.880961,3.1591241,3
154586606286288,5700232676,-1.049851,8.854939,3.1504502,3
154586608786288,5702732676,-0.9729815,8.839087,3.1597223,3
154586611286288,5705232676,-0.91346,8.824132,3.1710882,3
154586613786288,5707732676,-0.87188476,8.81815,3.150151,3
154586616286288,5710232676,-0.85184485,8.807981,3.1319058,3
154586618786288,5712732676,-0.8350951,8.795717,3.1259236,3
154586621286288,5715232676,-0.8207382,8.782257,3.1402807,3
154586623786288,5717732676,-0.831805,8.774779,3.1752756,3
154586626286288,5720232676,-0.8419745,8.779266,3.2027931,3
154586628786288,5722732676,-0.8461619,8.7780695,3.255136,3
154586631286288,5725232676,-0.8428718,8.774181,3.3287153,3
154586633786288,5727732676,-0.87637126,8.779864,3.3849468,3
154586636286288,5730232676,-0.91106725,8.792726,3.4399817,3
154586638786288,5732732676,-0.9391829,8.79123,3.5273197,3
154586641286288,5735232676,-0.9822537,8.790632,3.6146576,3
154586643786288,5737732676,-1.0142577,8.7831545,3.6771703,3
154586646286288,5740232676,-1.0597214,8.782557,3.7423747,3
154586648786288,5742732676,-1.0914263,8.7882395,3.8093736,3
154586651286288,5745232676,-1.1108679,8.790333,3.8554354,3
154586653786288,5747732676,-1.1395818,8.786445,3.9215372,3
154586656286288,5750232676,-1.1596217,8.772387,3.9687955,3
154586658786288,5752732676,-1.1817553,8.771191,4.013362,3
154586661286288,5755232676,-1.2062817,8.764012,4.065705,3
154586663786288,5757732676,-1.2290136,8.772387,4.0968113,3
154586666286288,5760232676,-1.2667005,8.796615,4.1431723,3
154586668786288,5762732676,-1.3181462,8.795118,4.200301,3
154586671286288,5765232676,-1.3671991,8.793623,4.2239304,3
154586673786288,5767732676,-1.419243,8.807981,4.262215,3
154586676286288,5770232676,-1.4461622,8.807083,4.2966123,3
154586678786288,5772732676,-1.4548361,8.810971,4.345665,3
154586681286288,5775232676,-1.463211,8.807981,4.395017,3
154586683786288,5777732676,-1.4479568,8.802596,4.430311,3
154586686286288,5780232676,-1.4539388,8.783752,4.4955153,3
154586688786288,5782732676,-1.434198,8.789735,4.5388856,3
154586691286288,5785232676,-1.4497514,8.788837,4.571787,3
154586693786288,5787732676,-1.4593227,8.786445,4.599005,3
154586696286288,5790232676,-1.4703895,8.784949,4.6292143,3
154586698786288,5792732676,-1.4958133,8.793922,4.6582274,3
154586701286288,5795232676,-1.5143577,8.785547,4.6707897,3
154586703786288,5797732676,-1.5520446,8.789435,4.6501517,3
154586706286288,5800232676,-1.5729818,8.796016,4.6695933,3
154586708786288,5802732676,-1.5628123,8.796016,4.686642,3
154586711286288,5805232676,-1.5454643,8.802896,4.6989055,3
154586713786288,5807732676,-1.5092729,8.799007,4.7174497,3
154586716286288,5810232676,-1.474876,8.777172,4.746164,3
154586718786288,5812732676,-1.4446666,8.7882395,4.7730827,3
154586721286288,5815232676,-1.4180465,8.772387,4.7916274,3
154586723786288,5817732676,-1.3860425,8.779266,4.8269215,3
154586726286288,5820232676,-1.3713865,8.767003,4.8502517,3
154586728786288,5822732676,-1.3453646,8.780462,4.866403,3
154586731286288,5825232676,-1.3363914,8.781659,4.887041,3
154586733786288,5827732676,-1.3342978,8.773883,4.881657,3
154586736286288,5830232676,-1.3378869,8.783454,4.869095,3
154586738786288,5832732676,-1.3453646,8.773583,4.8589253,3
154586741286288,5835232676,-1.3555341,8.772387,4.840082,3
154586743786288,5837732676,-1.3719847,8.772686,4.837091,3
154586746286288,5840232676,-1.3923237,8.7679,4.820042,3
154586748786288,5842732676,-1.4099708,8.766405,4.8035913,3
154586751286288,5845232676,-1.4548361,8.769396,4.7656054,3
154586753786288,5847732676,-1.4635102,8.777771,4.752744,3
154586756286288,5850232676,-1.4635102,8.7831545,4.7458644,3
154586758786288,5852732676,-1.4569299,8.772387,4.723731,3
154586761286288,5855232676,-1.4566308,8.78794,4.71087,3
154586763786288,5857732676,-1.4440684,8.772686,4.688736,3
154586766286288,5860232676,-1.4389837,8.771191,4.6929235,3
154586768786288,5862732676,-1.4084753,8.773284,4.6878386,3
154586771286288,5865232676,-1.3941183,8.774481,4.659424,3
154586773786288,5867732676,-1.3824533,8.784351,4.6345983,3
154586776286288,5870232676,-1.3689936,8.775677,4.6079783,3
154586778786288,5872732676,-1.3540385,8.776276,4.581059,3
154586781286288,5875232676,-1.3375878,8.769396,4.552943,3
154586783786288,5877732676,-1.3504493,8.771191,4.5116673,3
154586786286288,5880232676,-1.3450655,8.770593,4.4925246,3
154586788786288,5882732676,-1.3345969,8.764012,4.476971,3
154586791286288,5885232676,-1.3127624,8.755637,4.4632125,3
154586793786288,5887732676,-1.2894323,8.749356,4.4404807,3
154586796286288,5890232676,-1.2613167,8.749356,4.4093738,3
154586798786288,5892732676,-1.2266207,8.756834,4.395615,3
154586801286288,5895232676,-1.2206386,8.751151,4.3666024,3
154586803786288,5897732676,-1.189831,8.746365,4.3483567,3
154586806286288,5900232676,-1.1754742,8.754142,4.310371,3
154586808786288,5902732676,-1.1712867,8.75803,4.2942195,3
154586811286288,5905232676,-1.1644074,8.7469635,4.2661037,3
154586813786288,5907732676,-1.1754742,8.756235,4.232604,3
154586816286288,5910232676,-1.1572288,8.752646,4.2107697,3
154586818786288,5912732676,-1.1608181,8.753842,4.1721854,3
154586821286288,5915232676,-1.1685947,8.747561,4.1494536,3
154586823786288,5917732676,-1.1617154,8.758927,4.119543,3
154586826286288,5920232676,-1.1440684,8.758628,4.1036906,3
154586828786288,5922732676,-1.1338989,8.767601,4.0812583,3
154586831286288,5925232676,-1.1425728,8.764311,4.065705,3
154586833786288,5927732676,-1.134497,8.769396,4.0588255,3
154586836286288,5930232676,-1.1485549,8.764012,4.059723,3
154586838786288,5932732676,-1.1760724,8.771191,4.051946,3
154586841286288,5935232676,-1.1913266,8.76132,4.0405803,3
154586843786288,5937732676,-1.2140584,8.758329,4.0471606,3
154586846286288,5940232676,-1.2263216,8.7682,4.049254,3
154586848786288,5942732676,-1.2355938,8.755637,4.059723,3
154586851286288,5945232676,-1.2314063,8.744271,4.046263,3
154586853786288,5947732676,-1.2337992,8.749356,4.0366917,3
154586856286288,5950232676,-1.2197413,8.748459,4.045665,3
154586858786288,5952732676,-1.1853445,8.7367935,4.0438704,3
154586861286288,5955232676,-1.1656038,8.733205,4.043571,3
154586863786288,5957732676,-1.1452647,8.732606,4.065705,3
154586866286288,5960232676,-1.1395818,8.720942,4.059723,3
154586868786288,5962732676,-1.1389836,8.720942,4.087539,3
154586871286288,5965232676,-1.1428719,8.719745,4.069593,3
154586873786288,5967732676,-1.1434702,8.707781,4.075276,3
154586876286288,5970232676,-1.154836,8.701798,4.095017,3
154586878786288,5972732676,-1.1937194,8.710772,4.0902314,3
154586881286288,5975232676,-1.2323036,8.705388,4.0758743,3
154586883786288,5977732676,-1.244866,8.6910305,4.072285,3
154586886286288,5980232676,-1.2774682,8.68804,4.05733,3
154586888786288,5982732676,-1.3283156,8.69791,4.041178,3
154586891286288,5985232676,-1.3561323,8.702098,4.025924,3
154586893786288,5987732676,-1.4189439,8.702098,4.004389,3
154586896286288,5990232676,-1.46022,8.709576,3.9864426,3
154586898786288,5992732676,-1.5122639,8.7347,3.9649072,3
154586901286288,5995232676,-1.541576,8.749057,3.9511483,3
154586903786288,5997732676,-1.558924,8.755637,3.955934,3
154586906286288,6000232676,-1.5750755,8.748159,3.955934,3
154586908786288,6002732676,-1.570589,8.749057,3.9400816,3
154586911286288,6005232676,-1.5711871,8.726923,3.9367914,3
154586913786288,6007732676,-1.5463617,8.742178,3.9553359,3
154586916286288,6010232676,-1.5343975,8.714062,3.9720855,3
154586918786288,6012732676,-1.5104693,8.69462,3.9634116,3
154586921286288,6015232676,-1.4940187,8.691928,3.9520457,3
154586923786288,6017732676,-1.4569299,8.68475,3.9583268,3
154586926286288,6020232676,-1.4024931,8.670094,3.9520457,3
154586928786288,6022732676,-1.3498511,8.660522,3.9397824,3
154586931286288,6025232676,-1.3016955,8.641978,3.9649072,3
154586933786288,6027732676,-1.2382857,8.640483,3.9750767,3
154586936286288,6030232676,-1.1862419,8.624331,3.970291,3
154586938786288,6032732676,-1.1371889,8.607881,3.969992,3
154586941286288,6035232676,-1.0893325,8.607881,3.9807596,3
154586943786288,6037732676,-1.0624132,8.617751,3.991228,3
154586946286288,6040232676,-1.0408778,8.610871,4.0070806,3
154586948786288,6042732676,-1.0001999,8.610871,4.0354953,3
154586951286288,6045232676,-0.9774681,8.612965,4.0441694,3
154586953786288,6047732676,-0.97477615,8.608778,4.068995,3
154586956286288,6050232676,-0.9601201,8.610572,4.0890346,3
154586958786288,6052732676,-0.96879405,8.619545,4.086044,3
154586961286288,6055232676,-0.95473623,8.620144,4.089633,3
154586963786288,6057732676,-0.98614204,8.615059,4.086343,3
154586966286288,6060232676,-1.0139586,8.623733,4.08724,3
154586968786288,6062732676,-1.0588241,8.6348,4.074379,3
154586971286288,6065232676,-1.0992029,8.635098,4.052245,3
154586973786288,6067732676,-1.1536397,8.6395855,4.034299,3
154586976286288,6070232676,-1.2077773,8.65125,4.028018,3
154586978786288,6072732676,-1.2804592,8.669196,4.0034914,3
154586981286288,6075232676,-1.320539,8.679366,3.991228,3
154586983786288,6077732676,-1.3719847,8.692825,3.946961,3
154586986286288,6080232676,-1.4270196,8.706584,3.917948,3
154586988786288,6082732676,-1.4811572,8.722437,3.8973098,3
154586991286288,6085232676,-1.5197415,8.729915,3.867998,3
154586993786288,6087732676,-1.5305092,8.718249,3.859922,3
154586996286288,6090232676,-1.5296118,8.710174,3.8530426,3
154586998786288,6092732676,-1.5224334,8.718249,3.85394,3
154587001286288,6095232676,-1.506581,8.706584,3.8506498,3
154587003786288,6097732676,-1.4751751,8.696415,3.8473597,3
154587006286288,6100232676,-1.4404793,8.674581,3.8907297,3
154587008786288,6102732676,-1.416551,8.679964,3.92393,3
154587011286288,6105232676,-1.3770695,8.677871,3.9275193,3
154587013786288,6107732676,-1.3444673,8.673384,3.9798622,3
154587016286288,6110232676,-1.3097713,8.655139,4.0154557,3
154587018786288,6112732676,-1.2864413,8.650951,4.034598,3
154587021286288,6115232676,-1.2511472,8.645268,4.0609193,3
154587023786288,6117732676,-1.1928221,8.633603,4.10399,3
154587026286288,6120232676,-1.1324034,8.638688,4.15394,3
154587028786288,6122732676,-1.1027921,8.613564,4.206582,3
154587031286288,6125232676,-1.0764711,8.630313,4.2314076,3
154587033786288,6127732676,-1.0507482,8.6395855,4.262215,3
154587036286288,6130232676,-1.0456635,8.652147,4.293023,3
154587038786288,6132732676,-1.0432707,8.664411,4.2984066,3
154587041286288,6135232676,-1.035494,8.675179,4.304987,3
154587043786288,6137732676,-1.0390832,8.682955,4.2918267,3
154587046286288,6140232676,-1.0322039,8.688339,4.316652,3
154587048786288,6142732676,-1.0274183,8.69492,4.319942,3
154587051286288,6145232676,-1.0274183,8.690732,4.3211384,3
154587053786288,6147732676,-1.0495518,8.68804,4.310072,3
154587056286288,6150232676,-1.0504491,8.693723,4.3202415,3
154587058786288,6152732676,-1.0576276,8.696713,4.3265224,3
154587061286288,6155232676,-1.0755738,8.687442,4.319643,3
154587063786288,6157732676,-1.0713863,8.691629,4.3091745,3
154587066286288,6160232676,-1.0986047,8.695817,4.307679,3
154587068786288,6162732676,-1.1132607,8.690732,4.2999024,3
154587071286288,6165232676,-1.1162517,8.691928,4.278367,3
154587073786288,6167732676,-1.0842477,8.673683,4.269394,3
154587076286288,6170232676,-1.0980065,8.673982,4.2705903,3
154587078786288,6172732676,-1.0779666,8.660822,4.2370906,3
154587081286288,6175232676,-1.0680962,8.64796,4.211368,3
154587083786288,6177732676,-1.0651052,8.634201,4.187739,3
154587086286288,6180232676,-1.0609177,8.630014,4.1632123,3
154587088786288,6182732676,-1.0677971,8.625827,4.1611185,3
154587091286288,6185232676,-1.0752747,8.609974,4.1144586,3
154587093786288,6187732676,-1.0600204,8.589037,4.124927,3
154587096286288,6190232676,-1.070489,8.586944,4.104289,3
154587098786288,6192732676,-1.0842477,8.591729,4.1054854,3
154587101286288,6195232676,-1.0902299,8.59801,4.1111684,3
154587103786288,6197732676,-1.0926226,8.604889,4.098606,3
154587106286288,6200232676,-1.0902299,8.601599,4.0854454,3
154587108786288,6202732676,-1.1006985,8.599206,4.065705,3
154587111286288,6205232676,-1.1036894,8.602496,4.0830526,3
154587113786288,6207732676,-1.0929217,8.598907,4.0908294,3
154587116286288,6210232676,-1.0818549,8.593523,4.110271,3
154587118786288,6212732676,-1.0654043,8.600103,4.130311,3
154587121286288,6215232676,-1.0531411,8.592925,4.1605206,3
154587123786288,6217732676,-1.0393823,8.5938225,4.208676,3
154587126286288,6220232676,-1.0280164,8.585447,4.249055,3
154587128786288,6222732676,-1.023829,8.59113,4.298706,3
154587131286288,6225232676,-1.0244272,8.597711,4.334,3
154587133786288,6227732676,-1.0313065,8.5983095,4.3788652,3
154587136286288,6230232676,-1.0537393,8.608179,4.3986063,3
154587138786288,6232732676,-1.0591232,8.622537,4.433302,3
154587141286288,6235232676,-1.0812567,8.620442,4.453043,3
154587143786288,6237732676,-1.0827522,8.618349,4.4688954,3
154587146286288,6240232676,-1.0749756,8.608179,4.488636,3
154587148786288,6242732676,-1.0525428,8.5887375,4.517649,3
154587151286288,6245232676,-1.0235299,8.567501,4.5152564,3
154587153786288,6247732676,-1.0076774,8.5779705,4.5044885,3
154587156286288,6250232676,-1.0127622,8.620442,4.573581,3
154587158786288,6252732676,-1.0432707,8.622835,4.575974,3
154587161286288,6255232676,-1.049851,8.632407,4.5559344,3
154587163786288,6257732676,-1.0507482,8.626425,4.566104,3
154587166286288,6260232676,-1.0283155,8.618947,4.5619164,3
154587168786288,6262732676,-0.99302137,8.612068,4.5592246,3
154587171286288,6265232676,-0.9502497,8.59472,4.5634117,3
154587173786288,6267732676,-0.9125627,8.587542,4.558028,3
154587176286288,6270232676,-0.8844471,8.568997,4.5355954,3
154587178786288,6272732676,-0.8530413,8.553444,4.5412784,3
154587181286288,6275232676,-0.82672024,8.549256,4.558028,3
154587183786288,6277732676,-0.80937225,8.560323,4.56072,3
154587186286288,6280232676,-0.78424764,8.574081,4.584349,3
154587188786288,6282732676,-0.75942206,8.576474,4.607081,3
154587191286288,6285232676,-0.74177504,8.606086,4.618148,3
154587193786288,6287732676,-0.72412795,8.596515,4.6429734,3
154587196286288,6290232676,-0.7070791,8.6013,4.6752763,3
154587198786288,6292732676,-0.7001997,8.595019,4.686343,3
154587201286288,6295232676,-0.6948159,8.577671,4.7165527,3
154587203786288,6297732676,-0.6792625,8.572586,4.7216372,3
154587206286288,6300232676,-0.6753742,8.567203,4.7563334,3
154587208786288,6302732676,-0.67058855,8.565707,4.7718863,3
154587211286288,6305232676,-0.67387867,8.569595,4.793123,3
154587213786288,6307732676,-0.6726823,8.563912,4.81406,3
154587216286288,6310232676,-0.6858428,8.568398,4.8355956,3
154587218786288,6312732676,-0.69930243,8.570193,4.8493543,3
154587221286288,6315232676,-0.71724856,8.579466,4.861019,3
154587223786288,6317732676,-0.72263247,8.571091,4.872385,3
154587226286288,6320232676,-0.7178468,8.580961,4.8738804,3
154587228786288,6322732676,-0.7280163,8.586944,4.88076,3
154587231286288,6325232676,-0.7423732,8.575876,4.9049873,3
154587233786288,6327732676,-0.76331043,8.576474,4.903492,3
154587236286288,6330232676,-0.76959157,8.574979,4.949853,3
154587238786288,6332732676,-0.7905288,8.572288,4.955536,3
154587241286288,6335232676,-0.80578303,8.573483,4.991428,3
154587243786288,6337732676,-0.8180462,8.582157,5.016852,3
154587246286288,6340232676,-0.82881397,8.586345,5.0333023,3
154587248786288,6342732676,-0.84077805,8.582157,5.0515475,3
154587251286288,6345232676,-0.8458628,8.596813,5.069494,3
154587253786288,6347732676,-0.8632108,8.600702,5.092525,3
154587256286288,6350232676,-0.8659027,8.594122,5.096712,3
154587258786288,6352732676,-0.85812604,8.602796,5.1032925,3
154587261286288,6355232676,-0.8557332,8.607581,5.1149573,3
154587263786288,6357732676,-0.8500503,8.609974,5.1003013,3
154587266286288,6360232676,-0.84855473,8.60459,5.086842,3
154587268786288,6362732676,-0.8276175,8.598907,5.0829535,3
154587271286288,6365232676,-0.83718884,8.595019,5.052146,3
154587273786288,6367732676,-0.8225328,8.60459,5.0452666,3
154587276286288,6370232676,-0.81655073,8.612367,5.0515475,3
154587278786288,6372732676,-0.8066803,8.603693,5.021039,3
154587281286288,6375232676,-0.7812566,8.600702,4.9992046,3
154587283786288,6377732676,-0.7573284,8.603394,4.994419,3
154587286286288,6380232676,-0.7148558,8.59472,4.991129,3
154587288786288,6382732676,-0.66759753,8.602796,5.0162535,3
154587291286288,6385232676,-0.6326025,8.603992,4.9974103,3
154587293786288,6387732676,-0.59940207,8.603394,4.9860444,3
154587296286288,6390232676,-0.56769717,8.603693,4.9878387,3
154587298786288,6392732676,-0.55304116,8.608479,4.9866424,3
154587301286288,6395232676,-0.5168497,8.620144,4.97079,3
154587303786288,6397732676,-0.4833502,8.60459,4.962116,3
154587306286288,6400232676,-0.47078785,8.610273,4.9695935,3
154587308786288,6402732676,-0.45852464,8.608479,4.964808,3
154587311286288,6405232676,-0.45044887,8.602796,4.965107,3
154587313786288,6407732676,-0.42831525,8.589934,4.989334,3
154587316286288,6410232676,-0.41814575,8.589037,4.9881377,3
154587318786288,6412732676,-0.40648076,8.602496,5.0051866,3
154587321286288,6415232676,-0.41455653,8.624331,5.032106,3
154587323786288,6417732676,-0.40827537,8.619545,5.0509496,3
154587326286288,6420232676,-0.40468612,8.620442,5.086842,3
154587328786288,6422732676,-0.40767714,8.616554,5.102096,3
154587331286288,6425232676,-0.40648076,8.611171,5.1218367,3
154587333786288,6427732676,-0.4339982,8.603992,5.1212387,3
154587336286288,6430232676,-0.4316054,8.612068,5.1619167,3
154587338786288,6432732676,-0.44177487,8.604291,5.1867423,3
154587341286288,6435232676,-0.43758744,8.609376,5.2028937,3
154587343786288,6437732676,-0.43100718,8.621938,5.219045,3
154587346286288,6440232676,-0.4459623,8.616854,5.2513485,3
154587348786288,6442732676,-0.46002015,8.611171,5.263911,3
154587351286288,6445232676,-0.48006004,8.613564,5.2845488,3
154587353786288,6447732676,-0.4851448,8.623434,5.2947183,3
154587356286288,6450232676,-0.5093721,8.633903,5.2770715,3
154587358786288,6452732676,-0.5309075,8.63121,5.276772,3
154587361286288,6455232676,-0.5341976,8.6395855,5.257929,3
154587363786288,6457732676,-0.56410795,8.628518,5.2139606,3
154587366286288,6460232676,-0.56859446,8.622835,5.197809,3
154587368786288,6462732676,-0.57607204,8.597711,5.18405,3
154587371286288,6465232676,-0.5629115,8.586644,5.1613183,3
154587373786288,6467732676,-0.5662017,8.578867,5.1296134,3
154587376286288,6470232676,-0.55483574,8.570193,5.1326046,3
154587378786288,6472732676,-0.54705906,8.556435,5.122734,3
154587381286288,6475232676,-0.5557331,8.55135,5.116453,3
154587383786288,6477732676,-0.5596214,8.556135,5.0733824,3
154587386286288,6480232676,-0.5691927,8.556734,5.0742793,3
154587388786288,6482732676,-0.5667999,8.55464,5.064708,3
154587391286288,6485232676,-0.56410795,8.559425,5.052146,3
154587393786288,6487732676,-0.567099,8.553444,5.043472,3
154587396286288,6490232676,-0.5602196,8.5372925,4.9932227,3
154587398786288,6492732676,-0.55453664,8.550752,5.005785,3
154587401286288,6495232676,-0.55692947,8.537591,4.9959145,3
154587403786288,6497732676,-0.57427746,8.529217,5.0048876,3
154587406286288,6500232676,-0.57577294,8.530113,5.0015974,3
154587408786288,6502732676,-0.5802595,8.52473,4.991428,3
154587411286288,6505232676,-0.59730834,8.522935,4.988437,3
154587413786288,6507732676,-0.619442,8.535498,5.009075,3
154587416286288,6510232676,-0.63559353,8.539685,5.0135617,3
154587418786288,6512732676,-0.63888365,8.545667,5.014459,3
154587421286288,6515232676,-0.6517451,8.542078,5.0165524,3
154587423786288,6517732676,-0.65353966,8.546564,5.0072803,3
154587426286288,6520232676,-0.6409774,8.553444,5.009673,3
154587428786288,6522732676,-0.62961143,8.543573,5.003392,3
154587431286288,6525232676,-0.63798636,8.543872,4.9848475,3
154587433786288,6527732676,-0.6200402,8.545966,4.981857,3
154587436286288,6530232676,-0.6269195,8.544471,4.9785666,3
154587438786288,6532732676,-0.62512493,8.540881,4.968696,3
154587441286288,6535232676,-0.6098707,8.532805,4.942076,3
154587443786288,6537732676,-0.60029936,8.533703,4.928018,3
154587446286288,6540232676,-0.59760743,8.52772,4.9055853,3
154587448786288,6542732676,-0.59790653,8.526525,4.9049873,3
154587451286288,6545232676,-0.5665008,8.5474615,4.889434,3
154587453786288,6547732676,-0.54317075,8.534301,4.875675,3
154587456286288,6550232676,-0.53659046,8.536694,4.8652067,3
154587458786288,6552732676,-0.53180486,8.539086,4.8505507,3
154587461286288,6555232676,-0.52193445,8.533105,4.8137608,3
154587463786288,6557732676,-0.5159524,8.510672,4.7769713,3
154587466286288,6560232676,-0.51056856,8.52144,4.7428737,3
154587468786288,6562732676,-0.5180461,8.513663,4.7192445,3
154587471286288,6565232676,-0.5132605,8.504091,4.7024946,3
154587473786288,6567732676,-0.5102694,8.491829,4.703691,3
154587476286288,6570232676,-0.51176494,8.494222,4.69741,3
154587478786288,6572732676,-0.51146585,8.491829,4.6953163,3
154587481286288,6575232676,-0.49651068,8.49482,4.672285,3
154587483786288,6577732676,-0.4854439,8.480164,4.680959,3
154587486286288,6580232676,-0.47228336,8.486744,4.6633124,3
154587488786288,6582732676,-0.4728816,8.475378,4.6755753,3
154587491286288,6585232676,-0.4657031,8.467302,4.709075,3
154587493786288,6587732676,-0.45553362,8.456834,4.727021,3
154587496286288,6590232676,-0.43728834,8.44128,4.747659,3
154587498786288,6592732676,-0.43459642,8.45773,4.7344985,3
154587501286288,6595232676,-0.41545382,8.454142,4.7572303,3
154587503786288,6597732676,-0.4001996,8.445766,4.755735,3
154587506286288,6600232676,-0.38763726,8.448758,4.733302,3
154587508786288,6602732676,-0.3930211,8.45773,4.6929235,3
154587511286288,6605232676,-0.3789633,8.455936,4.7027936,3
154587513786288,6607732676,-0.37776688,8.434401,4.6902313,3
154587516286288,6610232676,-0.3900301,8.442476,4.6558347,3
154587518786288,6612732676,-0.40289152,8.446364,4.6564326,3
154587521286288,6615232676,-0.39571303,8.433205,4.636692,3
154587523786288,6617732676,-0.3819543,8.426025,4.6411786,3
154587526286288,6620232676,-0.36759737,8.412566,4.642674,3
154587528786288,6622732676,-0.3699902,8.419446,4.6615176,3
154587531286288,6625232676,-0.38793638,8.426923,4.6429734,3
154587533786288,6627732676,-0.38464624,8.430512,4.6319065,3
154587536286288,6630232676,-0.39870408,8.433803,4.636393,3
154587538786288,6632732676,-0.40558344,8.425129,4.6378884,3
154587541286288,6635232676,-0.4010969,8.426624,4.6268215,3
154587543786288,6637732676,-0.42711884,8.429017,4.645366,3
154587546286288,6640232676,-0.42622152,8.416754,4.6821556,3
154587548786288,6642732676,-0.44117668,8.411369,4.705785,3
154587551286288,6645232676,-0.44656053,8.411968,4.7336016,3
154587553786288,6647732676,-0.46061835,8.420642,4.751847,3
154587556286288,6650232676,-0.48275197,8.428419,4.7934217,3
154587558786288,6652732676,-0.4872385,8.429316,4.820042,3
154587561286288,6655232676,-0.5087739,8.436195,4.845765,3
154587563786288,6657732676,-0.51266223,8.438588,4.877769,3
154587566286288,6660232676,-0.5243273,8.43799,4.9055853,3
154587568786288,6662732676,-0.5371887,8.440681,4.941478,3
154587571286288,6665232676,-0.5599205,8.435597,4.9672008,3
154587573786288,6667732676,-0.5766702,8.456534,4.9929237,3
154587576286288,6670232676,-0.6089734,8.469396,4.9881377,3
154587578786288,6672732676,-0.61704916,8.466703,5.0007,3
154587581286288,6675232676,-0.62811595,8.456834,5.0126643,3
154587583786288,6677732676,-0.64008003,8.4502535,4.991129,3
154587586286288,6680232676,-0.63948184,8.455936,4.9977093,3
154587588786288,6682732676,-0.64606214,8.456834,4.9845486,3
154587591286288,6685232676,-0.6517451,8.458927,4.9719863,3
154587593786288,6687732676,-0.6547361,8.460124,4.9749775,3
154587596286288,6690232676,-0.66041905,8.4400835,4.9935217,3
154587598786288,6692732676,-0.6801598,8.440981,4.9917274,3
154587601286288,6695232676,-0.69332033,8.437391,4.9956155,3
154587603786288,6697732676,-0.71395844,8.448459,4.991428,3
154587606286288,6700232676,-0.71395844,8.462217,4.9674997,3
154587608786288,6702732676,-0.7429714,8.473883,4.9474597,3
154587611286288,6705232676,-0.73369926,8.481659,4.9112687,3
154587613786288,6707732676,-0.73369926,8.478069,4.886443,3
154587616286288,6710232676,-0.7283154,8.4655075,4.867001,3
154587618786288,6712732676,-0.7079764,8.442776,4.862814,3
154587621286288,6715232676,-0.69122666,8.43141,4.875974,3
154587623786288,6717732676,-0.68225354,8.426923,4.879863,3
154587626286288,6720232676,-0.65712893,8.417053,4.8843493,3
154587628786288,6722732676,-0.6373881,8.418847,4.8915277,3
154587631286288,6725232676,-0.6302097,8.416156,4.9085765,3
154587633786288,6727732676,-0.6125626,8.422736,4.916353,3
154587636286288,6730232676,-0.59671015,8.42812,4.9340005,3
154587638786288,6732732676,-0.5949155,8.441878,4.918447,3
154587641286288,6735232676,-0.57517475,8.423633,4.9348974,3
154587643786288,6737732676,-0.5509474,8.420642,4.942674,3
154587646286288,6740232676,-0.53270215,8.398508,4.936692,3
154587648786288,6742732676,-0.51056856,8.375478,4.9579287,3
154587651286288,6745232676,-0.49920264,8.372786,4.973781,3
154587653786288,6747732676,-0.4854439,8.3632145,5.0162535,3
154587656286288,6750232676,-0.5084748,8.357532,5.0715876,3
154587658786288,6752732676,-0.5183452,8.369196,5.1233325,3
154587661286288,6755232676,-0.5183452,8.36471,5.145466,3
154587663786288,6757732676,-0.52223355,8.376674,5.1825547,3
154587666286288,6760232676,-0.5347959,8.377272,5.2145586,3
154587668786288,6762732676,-0.5560322,8.376375,5.236094,3
154587671286288,6765232676,-0.5772685,8.379066,5.2498527,3
154587673786288,6767732676,-0.58953166,8.372486,5.250451,3
154587676286288,6770232676,-0.6014958,8.370393,5.2259245,3
154587678786288,6772732676,-0.62093747,8.360522,5.217251,3
154587681286288,6775232676,-0.6125626,8.3632145,5.189434,3
154587683786288,6777732676,-0.6269195,8.353942,5.1664033,3
154587686286288,6780232676,-0.63798636,8.348857,5.1526446,3
154587688786288,6782732676,-0.63798636,8.345268,5.145466,3
154587691286288,6785232676,-0.64037913,8.350054,5.1496534,3
154587693786288,6787732676,-0.63828546,8.340483,5.1478586,3
154587696286288,6790232676,-0.63978094,8.365308,5.145466,3
154587698786288,6792732676,-0.63140607,8.357532,5.1364927,3
154587701286288,6795232676,-0.61914283,8.355437,5.1436715,3
154587703786288,6797732676,-0.60717875,8.342576,5.1029935,3
154587706286288,6800232676,-0.5778667,8.340483,5.1122656,3
154587708786288,6802732676,-0.5617151,8.340483,5.1260242,3
154587711286288,6805232676,-0.52612185,8.338987,5.1050873,3
154587713786288,6807732676,-0.4941179,8.335098,5.1290154,3
154587716286288,6810232676,-0.48454657,8.339286,5.1326046,3
154587718786288,6812732676,-0.46839502,8.338987,5.144868,3
154587721286288,6815232676,-0.44506502,8.344371,5.1400824,3
154587723786288,6817732676,-0.44656053,8.354839,5.1332026,3
154587726286288,6820232676,-0.44027936,8.356036,5.156234,3
154587728786288,6822732676,-0.42771706,8.350054,5.1287165,3
154587731286288,6825232676,-0.41694933,8.346764,5.1343994,3
154587733786288,6827732676,-0.4139583,8.344371,5.1092744,3
154587736286288,6830232676,-0.4019942,8.339884,5.091029,3
154587738786288,6832732676,-0.40977088,8.327023,5.087739,3
154587741286288,6835232676,-0.42831525,8.332108,5.1014977,3
154587743786288,6837732676,-0.4657031,8.341978,5.093123,3
154587746286288,6840232676,-0.46660042,8.342277,5.081159,3
154587748786288,6842732676,-0.46959144,8.365009,5.0590253,3
154587751286288,6845232676,-0.47377887,8.359326,5.0327044,3
154587753786288,6847732676,-0.46929234,8.342576,5.035695,3
154587756286288,6850232676,-0.46091747,8.350054,5.035097,3
154587758786288,6852732676,-0.45403808,8.341978,5.0365925,3
154587761286288,6855232676,-0.46301118,8.329117,5.0476594,3
154587763786288,6857732676,-0.44685963,8.338388,5.0685964,3
154587766286288,6860232676,-0.44177487,8.343174,5.0674,3
154587768786288,6862732676,-0.4435695,8.344071,5.0602217,3
154587771286288,6865232676,-0.43758744,8.338388,5.052445,3
154587773786288,6867732676,-0.4438686,8.323134,5.0452666,3
154587776286288,6870232676,-0.4429713,8.316554,5.050052,3
154587778786288,6872732676,-0.44835514,8.313862,5.0491548,3
154587781286288,6875232676,-0.4459623,8.302795,5.069494,3
154587783786288,6877732676,-0.44656053,8.287541,5.0805607,3
154587786286288,6880232676,-0.42801616,8.29113,5.1089754,3
154587788786288,6882732676,-0.43698925,8.285447,5.1332026,3
154587791286288,6885232676,-0.43758744,8.269595,5.148158,3
154587793786288,6887732676,-0.4244269,8.261519,5.1664033,3
154587796286288,6890232676,-0.4124628,8.262715,5.172385,3
154587798786288,6892732676,-0.4103691,8.256434,5.18405,3
154587801286288,6895232676,-0.4223332,8.266903,5.1867423,3
154587803786288,6897732676,-0.43848476,8.235497,5.1900325,3
154587806286288,6900232676,-0.4456632,8.238488,5.2139606,3
154587808786288,6902732676,-0.46660042,8.22443,5.235795,3
154587811286288,6905232676,-0.48035914,8.226225,5.2313085,3
154587813786288,6907732676,-0.4743771,8.218149,5.2253265,3
154587816286288,6910232676,-0.48364928,8.213663,5.241478,3
154587818786288,6912732676,-0.4833502,8.213663,5.23759,3
154587821286288,6915232676,-0.4564309,8.220841,5.226523,3
154587823786288,6917732676,-0.47018966,8.216056,5.241478,3
154587826286288,6920232676,-0.4639085,8.218449,5.255835,3
154587828786288,6922732676,-0.47228336,8.22443,5.2537413,3
154587831286288,6925232676,-0.47078785,8.228618,5.244469,3
154587833786288,6927732676,-0.48454657,8.234301,5.2420764,3
154587836286288,6930232676,-0.48963133,8.230712,5.2363935,3
154587838786288,6932732676,-0.4779663,8.23101,5.203492,3
154587841286288,6935232676,-0.45164528,8.240881,5.1885366,3
154587843786288,6937732676,-0.4423731,8.258229,5.1924253,3
154587846286288,6940232676,-0.42891344,8.259425,5.1822557,3
154587848786288,6942732676,-0.4118646,8.274979,5.174778,3
154587851286288,6945232676,-0.37956148,8.289037,5.159823,3
154587853786288,6947732676,-0.36281174,8.278568,5.1667023,3
154587856286288,6950232676,-0.34486556,8.291729,5.17747,3
154587858786288,6952732676,-0.32482567,8.3013,5.154738,3
154587861286288,6955232676,-0.3164508,8.30459,5.142774,3
154587863786288,6957732676,-0.3080759,8.306086,5.135596,3
154587866286288,6960232676,-0.3149553,8.314461,5.151747,3
154587868786288,6962732676,-0.32422748,8.318947,5.1412787,3
154587871286288,6965232676,-0.32303107,8.328219,5.135895,3
154587873786288,6967732676,-0.32482567,8.326724,5.1385865,3
154587876286288,6970232676,-0.29940194,8.3348,5.130212,3
154587878786288,6972732676,-0.2961118,8.330612,5.115257,3
154587881286288,6975232676,-0.2865405,8.327023,5.1083775,3
154587883786288,6977732676,-0.29192436,8.320144,5.133801,3
154587886286288,6980232676,-0.27906293,8.32134,5.128118,3
154587888786288,6982732676,-0.2844468,8.319246,5.1203413,3
154587891286288,6985232676,-0.3044867,8.320742,5.1460643,3
154587893786288,6987732676,-0.3367898,8.309974,5.139783,3
154587896286288,6990232676,-0.37627137,8.302795,5.1352963,3
154587898786288,6992732676,-0.41485563,8.30459,5.1206403,3
154587901286288,6995232676,-0.46301118,8.284551,5.0919266,3
154587903786288,6997732676,-0.5066802,8.258827,5.0473604,3
154587906286288,7000232676,-0.5386842,8.255537,5.023731,3
154587908786288,7002732676,-0.57009,8.238488,5.000401,3
154587911286288,7005232676,-0.587438,8.211868,4.97408,3
154587913786288,7007732676,-0.5940182,8.210073,4.9657054,3
154587916286288,7010232676,-0.59730834,8.213364,4.959424,3
154587918786288,7012732676,-0.58504516,8.185248,4.9438705,3
154587921286288,7015232676,-0.55453664,8.199306,4.938786,3
154587923786288,7017732676,-0.53688955,8.201698,4.950451,3
154587926286288,7020232676,-0.50129634,8.204391,4.9719863,3
154587928786288,7022732676,-0.45912284,8.1942215,5.0099726,3
154587931286288,7025232676,-0.39601216,8.18794,5.015057,3
154587933786288,7027732676,-0.34396824,8.171788,5.022535,3
154587936286288,7030232676,-0.26949164,8.178369,5.055137,3
154587938786288,7032732676,-0.23030917,8.162815,5.068896,3
154587941286288,7035232676,-0.17288144,8.162517,5.098507,3
154587943786288,7037732676,-0.13579269,8.153842,5.122734,3
154587946286288,7040232676,-0.07986046,8.157432,5.1412787,3
154587948786288,7042732676,-0.053539407,8.156534,5.1556354,3
154587951286288,7045232676,-0.034695927,8.156235,5.1885366,3
154587953786288,7047732676,-0.012263216,8.161619,5.218447,3
154587956286288,7050232676,-0.0023928226,8.164909,5.238786,3
154587958786288,7052732676,0.0056829536,8.172985,5.2737813,3
154587961286288,7055232676,0.0056829536,8.171788,5.291428,3
154587963786288,7057732676,-0.018843478,8.172088,5.3165526,3
154587966286288,7060232676,-0.032303106,8.181958,5.3312087,3
154587968786288,7062732676,-0.06460621,8.1942215,5.343472,3
154587971286288,7065232676,-0.103190474,8.192725,5.346463,3
154587973786288,7067732676,-0.13429718,8.199007,5.361717,3
154587976286288,7070232676,-0.16420746,8.193324,5.355137,3
154587978786288,7072732676,-0.2015953,8.200802,5.3560343,3
154587981286288,7075232676,-0.23060828,8.193922,5.3620167,3
154587983786288,7077732676,-0.25543383,8.215756,5.382056,3
154587986286288,7080232676,-0.2745764,8.196913,5.387739,3
154587988786288,7082732676,-0.29491538,8.200802,5.383552,3
154587991286288,7085232676,-0.32303107,8.218149,5.390132,3
154587993786288,7087732676,-0.35383865,8.217551,5.395217,3
154587996286288,7090232676,-0.3822534,8.21127,5.381159,3
154587998786288,7092732676,-0.40498522,8.222636,5.3883376,3
154588001286288,7095232676,-0.43609193,8.235796,5.395217,3
154588003786288,7097732676,-0.45074797,8.242975,5.395217,3
154588006286288,7100232676,-0.44835514,8.251051,5.421239,3
154588008786288,7102732676,-0.42502514,8.256434,5.4412785,3
154588011286288,7105232676,-0.39511484,8.256434,5.479863,3
154588013786288,7107732676,-0.33918262,8.250154,5.508278,3
154588016286288,7110232676,-0.27128628,8.2304125,5.513961,3
154588018786288,7112732676,-0.23419751,8.225926,5.5444694,3
154588021286288,7115232676,-0.1893321,8.21127,5.567799,3
154588023786288,7117732676,-0.1480559,8.194819,5.573183,3
154588026286288,7120232676,-0.11964113,8.19811,5.5923257,3
154588028786288,7122732676,-0.10229317,8.181359,5.6132627,3
154588031286288,7125232676,-0.086141616,8.184351,5.636593,3
154588033786288,7127732676,-0.09810573,8.175976,5.668298,3
154588036286288,7130232676,-0.09960124,8.175378,5.6820564,3
154588038786288,7132732676,-0.08823533,8.166105,5.683552,3
154588041286288,7135232676,-0.093918286,8.169097,5.6985073,3
154588043786288,7137732676,-0.101694964,8.169395,5.7134624,3
154588046286288,7140232676,-0.11694921,8.156235,5.7397833,3
154588048786288,7142732676,-0.1381855,8.151151,5.738288,3
154588051286288,7145232676,-0.14476576,8.136793,5.7355957,3
154588053786288,7147732676,-0.1594218,8.141878,5.732904,3
154588056286288,7150232676,-0.17497516,8.133503,5.7335024,3
154588058786288,7152732676,-0.18574286,8.128717,5.7373905,3
154588061286288,7155232676,-0.19381863,8.127222,5.742176,3
154588063786288,7157732676,-0.19770697,8.129914,5.749953,3
154588066286288,7160232676,-0.19411774,8.132307,5.758627,3
154588068786288,7162732676,-0.20189442,8.129315,5.74427,3
154588071286288,7165232676,-0.19920248,8.130213,5.7287164,3
154588073786288,7167732676,-0.20309082,8.146963,5.71765,3
154588076286288,7170232676,-0.19351953,8.155936,5.7059846,3
154588078786288,7172732676,-0.17587246,8.154441,5.6940207,3
154588081286288,7175232676,-0.14985052,8.154141,5.6853466,3
154588083786288,7177732676,-0.14117654,8.166405,5.671289,3
154588086286288,7180232676,-0.122931264,8.176275,5.6688957,3
154588088786288,7182732676,-0.09990034,8.1637125,5.66082,3
154588091286288,7185232676,-0.08973085,8.157132,5.640182,3
154588093786288,7187732676,-0.06430711,8.17149,5.6096735,3
154588096286288,7190232676,-0.06819545,8.155039,5.6090755,3
154588098786288,7192732676,-0.050249275,8.151151,5.593522,3
154588101286288,7195232676,-0.03619144,8.149056,5.5534425,3
154588103786288,7197732676,-0.026919255,8.158329,5.5223355,3
154588106286288,7200232676,-0.0035892338,8.162517,5.508278,3
154588108786288,7202732676,0.025124637,8.156534,5.499305,3
154588111286288,7205232676,0.048454657,8.153842,5.4696937,3
154588113786288,7207732676,0.07836494,8.160722,5.4673004,3
154588116286288,7210232676,0.116650105,8.152646,5.4427743,3
154588118786288,7212732676,0.1363909,8.164909,5.4520464,3
154588121286288,7215232676,0.15254244,8.16102,5.445167,3
154588123786288,7217732676,0.16271193,8.175676,5.4481583,3
154588126286288,7220232676,0.1788635,8.17119,5.4616175,3
154588128786288,7222732676,0.19860429,8.159226,5.4792647,3
154588131286288,7225232676,0.21535404,8.1637125,5.488836,3
154588133786288,7227732676,0.2324029,8.166405,5.505885,3
154588136286288,7230232676,0.24765715,8.17119,5.5109696,3
154588138786288,7232732676,0.2670988,8.167302,5.512465,3
154588141286288,7235232676,0.2832504,8.150851,5.503193,3
154588143786288,7237732676,0.27726832,8.148758,5.517849,3
154588146286288,7240232676,0.2635096,8.162815,5.5019965,3
154588148786288,7242732676,0.24945176,8.147262,5.5076795,3
154588151286288,7245232676,0.22701904,8.160422,5.486443,3
154588153786288,7247732676,0.19710876,8.152945,5.497809,3
154588156286288,7250232676,0.1689931,8.142178,5.486144,3
154588158786288,7252732676,0.13010973,8.147262,5.47747,3
154588161286288,7255232676,0.10468599,8.151449,5.4753766,3
154588163786288,7257732676,0.097806625,8.159824,5.475077,3
154588166286288,7260232676,0.064008005,8.152347,5.469095,3
154588168786288,7262732676,0.03918247,8.157132,5.4535418,3
154588171286288,7265232676,0.0212363,8.150253,5.447859,3
154588173786288,7267732676,0.0011964113,8.142178,5.4317074,3
154588176286288,7270232676,-0.018843478,8.147861,5.4017973,3
154588178786288,7272732676,-0.030807592,8.149056,5.378168,3
154588181286288,7275232676,-0.046959143,8.143971,5.3309097,3
154588183786288,7277732676,-0.050249275,8.129017,5.300102,3
154588186286288,7280232676,-0.04965107,8.123932,5.2492547,3
154588188786288,7282732676,-0.031405795,8.123632,5.2079782,3
154588191286288,7285232676,-0.010169496,8.109276,5.1759744,3
154588193786288,7287732676,0.023330022,8.108378,5.1622157,3
154588196286288,7290232676,0.04546363,8.096115,5.094918,3
154588198786288,7292732676,0.083748795,8.075478,5.087739,3
154588201286288,7295232676,0.116351,8.081459,5.0545387,3
154588203786288,7297732676,0.14386846,8.081459,5.029414,3
154588206286288,7300232676,0.16301104,8.084151,5.0009995,3
154588208786288,7302732676,0.19142582,8.084749,4.9770713,3
154588211286288,7305232676,0.20279172,8.077571,4.9609194,3
154588213786288,7307732676,0.2335993,8.082058,4.9719863,3
154588216286288,7310232676,0.253041,8.093424,4.9896336,3
154588218786288,7312732676,0.26051855,8.096415,5.0084767,3
154588221286288,7315232676,0.27068806,8.096415,5.0401816,3
154588223786288,7317732676,0.28205398,8.104191,5.075775,3
154588226286288,7320232676,0.29910284,8.103892,5.089534,3
154588228786288,7322732676,0.28893334,8.114959,5.1068816,3
154588231286288,7325232676,0.27966115,8.130812,5.1323056,3
154588233786288,7327732676,0.285045,8.130512,5.1568317,3
154588236286288,7330232676,0.2754737,8.124829,5.17747,3
154588238786288,7332732676,0.26799613,8.1230345,5.2031927,3
154588241286288,7335232676,0.24975087,8.128717,5.2453666,3
154588243786288,7337732676,0.22462623,8.127222,5.229813,3
154588246286288,7340232676,0.19740787,8.12124,5.2573304,3
154588248786288,7342732676,0.18155542,8.126923,5.276174,3
154588251286288,7345232676,0.16241284,8.129914,5.2920265,3
154588253786288,7347732676,0.14476576,8.136195,5.29083,3
154588256286288,7350232676,0.1160519,8.151151,5.312066,3
154588258786288,7352732676,0.101694964,8.169993,5.317151,3
154588261286288,7355232676,0.077467635,8.156534,5.323133,3
154588263786288,7357732676,0.06131608,8.1789665,5.3123655,3
154588266286288,7360232676,0.04995017,8.192725,5.3123655,3
154588268786288,7362732676,0.027816564,8.199605,5.302794,3
154588271286288,7365232676,0.0071784677,8.2049885,5.2923255,3
154588273786288,7367732676,-0.018245272,8.221739,5.280361,3
154588276286288,7370232676,-0.02841477,8.213962,5.2555356,3
154588278786288,7372732676,-0.042173497,8.224132,5.2627144,3
154588281286288,7375232676,-0.048454657,8.244769,5.2492547,3
154588283786288,7377732676,-0.039780676,8.249556,5.2345986,3
154588286286288,7380232676,-0.040677983,8.259127,5.2280183,3
154588288786288,7382732676,-0.048155557,8.265108,5.2088757,3
154588291286288,7385232676,-0.02871387,8.250154,5.188836,3
154588293786288,7387732676,-0.03708875,8.234301,5.1963134,3
154588296286288,7390232676,-0.034097724,8.22473,5.1933227,3
154588298786288,7392732676,-0.037387855,8.210073,5.2073803,3
154588301286288,7395232676,-0.037387855,8.203195,5.211568,3
154588303786288,7397732676,-0.044566322,8.204091,5.221438,3
154588306286288,7400232676,-0.061914288,8.184949,5.230112,3
154588308786288,7402732676,-0.0735793,8.180163,5.2549376,3
154588311286288,7405232676,-0.0738784,8.17448,5.258826,3
154588313786288,7407732676,-0.068793654,8.164012,5.282455,3
154588316286288,7410232676,-0.07686943,8.151449,5.3066826,3
154588318786288,7412732676,-0.07597212,8.143673,5.35095,3
154588321286288,7415232676,-0.0849452,8.126026,5.365905,3
154588323786288,7417732676,-0.101694964,8.118249,5.4020963,3
154588326286288,7420232676,-0.095413804,8.100004,5.415257,3
154588328786288,7422732676,-0.11964113,8.087741,5.445167,3
154588331286288,7425232676,-0.12323037,8.069196,5.4984074,3
154588333786288,7427732676,-0.1274178,8.053942,5.5453663,3
154588336286288,7430232676,-0.1372882,8.038688,5.5683975,3
154588338786288,7432732676,-0.1274178,8.02792,5.5836515,3
154588341286288,7435232676,-0.13010973,8.00788,5.611169,3
154588343786288,7437732676,-0.111864455,8.003693,5.658726,3
154588346286288,7440232676,-0.097806625,7.9971123,5.681159,3
154588348786288,7442732676,-0.07926225,7.973184,5.6880383,3
154588351286288,7445232676,-0.06699903,7.960323,5.7062836,3
154588353786288,7447732676,-0.03918247,7.9615192,5.730511,3
154588356286288,7450232676,-2.9910283E-4,7.953144,5.74756,3
154588358786288,7452732676,0.02841477,7.9516487,5.726922,3
154588361286288,7455232676,0.063110694,7.943872,5.731109,3
154588363786288,7457732676,0.102592275,7.945667,5.7281184,3
154588366286288,7460232676,0.15643078,7.947162,5.721239,3
154588368786288,7462732676,0.19471595,7.9447694,5.7263236,3
154588371286288,7465232676,0.22313072,7.9477606,5.7053866,3
154588373786288,7467732676,0.25034907,7.9408813,5.7041903,3
154588376286288,7470232676,0.2724827,7.9426756,5.689534,3
154588378786288,7472732676,0.2862414,7.958528,5.6814585,3
154588381286288,7475232676,0.28803602,7.955238,5.6700926,3
154588383786288,7477732676,0.27218357,7.947461,5.658726,3
154588386286288,7480232676,0.25184458,7.9570327,5.6449676,3
154588388786288,7482732676,0.21954148,7.966903,5.607879,3
154588391286288,7485232676,0.18364914,7.9776707,5.599803,3
154588393786288,7487732676,0.14566308,8.002197,5.58425,3
154588396286288,7490232676,0.10348958,8.011768,5.5794644,3
154588398786288,7492732676,0.066400826,8.033902,5.54746,3
154588401286288,7495232676,0.026919255,8.033304,5.5483575,3
154588403786288,7497732676,-0.0059820567,8.050951,5.532804,3
154588406286288,7500232676,-0.03589234,8.067402,5.5133624,3
154588408786288,7502732676,-0.060418773,8.066205,5.5052867,3
154588411286288,7505232676,-0.0846461,8.090134,5.488537,3
154588413786288,7507732676,-0.091525465,8.088039,5.471488,3
154588416286288,7510232676,-0.11246266,8.084451,5.4640107,3
154588418786288,7512732676,-0.13070793,8.090432,5.4559345,3
154588421286288,7515232676,-0.13549358,8.091629,5.4559345,3
154588423786288,7517732676,-0.15014961,8.073683,5.433801,3
154588426286288,7520232676,-0.14356937,8.081459,5.415257,3
154588428786288,7522732676,-0.14356937,8.078768,5.4242296,3
154588431286288,7525232676,-0.13459627,8.066205,5.413163,3
154588433786288,7527732676,-0.12801601,8.058129,5.413462,3
154588436286288,7530232676,-0.119042926,8.038987,5.3961143,3
154588438786288,7532732676,-0.11784652,8.026724,5.3940206,3
154588441286288,7535232676,-0.096909314,8.013563,5.3976097,3
154588443786288,7537732676,-0.07686943,7.995916,5.400601,3
154588446286288,7540232676,-0.05892326,7.9887376,5.419145,3
154588448786288,7542732676,-0.05503492,7.9689965,5.434399,3
154588451286288,7545232676,-0.040677983,7.9444704,5.456832,3
154588453786288,7547732676,-0.016450657,7.927122,5.4909296,3
154588456286288,7550232676,0.0014955142,7.9163547,5.5280185,3
154588458786288,7552732676,0.02632105,7.908877,5.560322,3
154588461286288,7555232676,0.048155557,7.8960156,5.603093,3
154588463786288,7557732676,0.07148558,7.8864446,5.613861,3
154588466286288,7560232676,0.0951147,7.8693953,5.608776,3
154588468786288,7562732676,0.19980069,7.740183,5.411967,3
154588471286288,7565232676,0.19680966,7.731509,5.4089756,3
154588473786288,7567732676,0.18723837,7.7626157,5.53759,3
154588476286288,7570232676,0.15463616,7.80449,5.643771,3
154588478786288,7572732676,0.10677971,7.846963,5.7553368,3
154588481286288,7575232676,0.051146585,7.8810606,5.884848,3
154588483786288,7577732676,0.010767702,7.9154572,5.9874406,3
154588486286288,7580232676,-0.013160525,7.9591265,6.020342,3
154588488786288,7582732676,-0.018843478,7.9971123,6.058926,3
154588491286288,7585232676,-0.0029910284,8.009675,6.0400825,3
154588493786288,7587732676,0.01375873,8.011469,6.038288,3
154588496286288,7590232676,0.03589234,7.9923267,6.050551,3
154588498786288,7592732676,0.05802595,7.9651084,6.0583277,3
154588501286288,7595232676,0.08673982,7.923234,6.0804615,3
154588503786288,7597732676,0.09960124,7.8849487,6.105287,3
154588506286288,7600232676,0.10977074,7.865806,6.1241302,3
154588508786288,7602732676,0.101694964,7.858329,6.143273,3
154588511286288,7605232676,0.08315059,7.8643107,6.1582284,3
154588513786288,7607732676,0.063110694,7.8723865,6.1803617,3
154588516286288,7610232676,0.012861421,7.9043903,6.1944194,3
154588518786288,7612732676,-0.024825536,7.91456,6.200103,3
154588521286288,7615232676,-0.04875376,7.9564342,6.192326,3
154588523786288,7617732676,-0.0846461,7.9683986,6.1660047,3
154588526286288,7620232676,-0.11096715,7.9767733,6.1492553,3
154588528786288,7622732676,-0.1363909,7.982456,6.1268225,3
154588531286288,7625232676,-0.15523437,7.988139,6.1103716,3
154588533786288,7627732676,-0.17647067,7.975876,6.1028943,3
154588536286288,7630232676,-0.1794617,7.946863,6.079265,3
154588538786288,7632732676,-0.19381863,7.927122,6.1151576,3
154588541286288,7635232676,-0.18484555,7.938488,6.2024956,3
154588543786288,7637732676,-0.16869399,7.978867,6.262017,3
154588546286288,7640232676,-0.1468595,8.0345,6.3071814,3
154588548786288,7642732676,-0.112761766,8.068897,6.291628,3
154588551286288,7645232676,-0.08105687,8.065607,6.218348,3
154588553786288,7647732676,-0.041874398,8.005786,6.1010995,3
154588556286288,7650232676,-0.0014955142,7.9298143,5.941977,3
154588558786288,7652732676,0.023030918,7.8777704,5.859125,3
154588561286288,7655232676,0.054735817,7.844869,5.8250275,3
154588563786288,7657732676,0.09212367,7.8077803,5.797809,3
154588566286288,7660232676,0.116351,7.803892,5.7930236,3
154588568786288,7662732676,0.13549358,7.8170524,5.840282,3
154588571286288,7665232676,0.1477568,7.8320074,5.8680983,3
154588573786288,7667732676,0.14895321,7.862516,5.884848,3
154588576286288,7670232676,0.13070793,7.89123,5.8950176,3
154588578786288,7672732676,0.092422776,7.904989,5.8932233,3
154588581286288,7675232676,0.048155557,7.9148593,5.873781,3
154588583786288,7677732676,0.022731815,7.9357963,5.8393846,3
154588586286288,7680232676,-0.0077766734,7.926225,5.8037915,3
154588588786288,7682732676,-0.040977087,7.9220376,5.756832,3
154588591286288,7685232676,-0.06669993,7.911868,5.7167525,3
154588593786288,7687732676,-0.07328019,7.90798,5.679065,3
154588596286288,7690232676,-0.09122636,7.9097743,5.663512,3
154588598786288,7692732676,-0.0951147,7.9034934,5.639883,3
154588601286288,7695232676,-0.11246266,7.912466,5.617749,3
154588603786288,7697732676,-0.12412767,7.915756,5.6001024,3
154588606286288,7700232676,-0.12352947,7.9184484,5.5836515,3
154588608786288,7702732676,-0.11006984,7.919645,5.5660048,3
154588611286288,7705232676,-0.09571291,7.9154572,5.560621,3
154588613786288,7707732676,-0.08853444,7.920243,5.5630136,3
154588616286288,7710232676,-0.0735793,7.9313097,5.563612,3
154588618786288,7712732676,-0.048454657,7.9187474,5.5537415,3
154588621286288,7715232676,-0.039481573,7.928917,5.5600224,3
154588623786288,7717732676,-0.02961118,7.9310107,5.548956,3
154588626286288,7720232676,-0.022731815,7.9295154,5.546862,3
154588628786288,7722732676,-0.011665011,7.919346,5.540282,3
154588631286288,7725232676,-0.0044865427,7.9148593,5.535496,3
154588633786288,7727732676,0.016151553,7.905886,5.5501523,3
154588636286288,7730232676,0.03379862,7.9154572,5.5923257,3
154588638786288,7732732676,0.03260221,7.914261,5.578567,3
154588641286288,7735232676,0.030508488,7.9130645,5.619544,3
154588643786288,7737732676,0.020638095,7.906783,5.642874,3
154588646286288,7740232676,0.011665011,7.9034934,5.656932,3
154588648786288,7742732676,0.010468599,7.9097743,5.7110696,3
154588651286288,7745232676,0.0014955142,7.917252,5.7173505,3
154588653786288,7747732676,-0.010169496,7.9223366,5.756533,3
154588656286288,7750232676,-0.01585245,7.928917,5.779265,3
154588658786288,7752732676,-0.022731815,7.9274216,5.8100724,3
154588661286288,7755232676,-0.04007978,7.94118,5.855237,3
154588663786288,7757732676,-0.040378883,7.943573,5.873781,3
154588666286288,7760232676,-0.035593238,7.9337025,5.8860445,3
154588668786288,7762732676,-0.04366901,7.9295154,5.916852,3
154588671286288,7765232676,-0.036490545,7.918149,5.941977,3
154588673786288,7767732676,-0.023928227,7.925328,5.956633,3
154588676286288,7770232676,-0.0038883367,7.9283185,5.980262,3
154588678786288,7772732676,0.009272188,7.934899,5.9691954,3
154588681286288,7775232676,0.040977087,7.929216,5.979963,3
154588683786288,7777732676,0.05802595,7.932207,5.9763737,3
154588686286288,7780232676,0.09750752,7.9354973,5.9787664,3
154588688786288,7782732676,0.13250256,7.9316087,5.979963,3
154588691286288,7785232676,0.15882361,7.936095,5.9805613,3
154588693786288,7787732676,0.18813568,7.9247293,5.9620166,3
154588696286288,7790232676,0.2228316,7.94118,5.945566,3
154588698786288,7792732676,0.232702,7.9390864,5.9353967,3
154588701286288,7795232676,0.27218357,7.9450684,5.911169,3
154588703786288,7797732676,0.28923243,7.938189,5.9093747,3
154588706286288,7800232676,0.2943172,7.9483585,5.8857455,3
154588708786288,7802732676,0.31106696,7.9504523,5.8471613,3
154588711286288,7805232676,0.32422748,7.952546,5.8184476,3
154588713786288,7807732676,0.32841492,7.9648094,5.7819567,3
154588716286288,7810232676,0.32452658,7.9597244,5.722136,3
154588718786288,7812732676,0.32991043,7.963613,5.703891,3
154588721286288,7815232676,0.33439696,7.9507513,5.682954,3
154588723786288,7817732676,0.34307095,7.966006,5.6563334,3
154588726286288,7820232676,0.34217364,7.966006,5.6377892,3
154588728786288,7822732676,0.32961133,7.9561353,5.6333027,3
154588731286288,7825232676,0.34277186,7.955238,5.6327047,3
154588733786288,7827732676,0.34037903,7.9570327,5.595317,3
154588736286288,7830232676,0.34307095,7.9597244,5.589933,3
154588738786288,7832732676,0.34127632,7.9591265,5.5779686,3
154588741286288,7835232676,0.33080772,7.9543405,5.5683975,3
154588743786288,7837732676,0.3185445,7.946564,5.5558352,3
154588746286288,7840232676,0.3164508,7.9480596,5.549554,3
154588748786288,7842732676,0.32303107,7.9301133,5.527121,3
154588751286288,7845232676,0.31465617,7.9340014,5.5244293,3
154588753786288,7847732676,0.3044867,7.9301133,5.5310097,3
154588756286288,7850232676,0.29162526,7.927122,5.5247283,3
154588758786288,7852732676,0.28863424,7.9241314,5.543572,3
154588761286288,7855232676,0.27726832,7.917551,5.5429735,3
154588763786288,7857732676,0.28953153,7.9190464,5.526822,3
154588766286288,7860232676,0.27726832,7.9100733,5.543273,3
154588768786288,7862732676,0.26620153,7.9070826,5.529215,3
154588771286288,7865232676,0.25184458,7.91456,5.5316076,3
154588773786288,7867732676,0.25603202,7.9112697,5.553143,3
154588776286288,7870232676,0.25902304,7.9019976,5.567201,3
154588778786288,7872732676,0.25214368,7.900203,5.5660048,3
154588781286288,7875232676,0.25573292,7.899007,5.5713882,3
154588783786288,7877732676,0.24616162,7.8921275,5.5869417,3
154588786286288,7880232676,0.23449662,7.8987074,5.601598,3
154588788786288,7882732676,0.23928227,7.9040914,5.6297135,3
154588791286288,7885232676,0.23569304,7.908578,5.637191,3
154588793786288,7887732676,0.25692934,7.9055867,5.6356955,3
154588796286288,7890232676,0.26141587,7.908279,5.643771,3
154588798786288,7892732676,0.2632105,7.912466,5.6297135,3
154588801286288,7895232676,0.27876383,7.8891363,5.642575,3
154588803786288,7897732676,0.30269206,7.885547,5.636294,3
154588806286288,7900232676,0.31256247,7.8810606,5.622535,3
154588808786288,7902732676,0.31615168,7.8831544,5.6207404,3
154588811286288,7905232676,0.3260221,7.8906317,5.613861,3
154588813786288,7907732676,0.31256247,7.887641,5.615955,3
154588816286288,7910232676,0.31076783,7.8834534,5.6333027,3
154588818786288,7912732676,0.28863424,7.89123,5.6871414,3
154588821286288,7915232676,0.26949164,7.897511,5.7137613,3
154588823786288,7917732676,0.25124636,7.893623,5.7604213,3
154588826286288,7920232676,0.23629123,7.9106717,5.811269,3
154588828786288,7922732676,0.22971097,7.9247293,5.820541,3
154588831286288,7925232676,0.21984059,7.9304123,5.8265233,3
154588833786288,7927732676,0.20967108,7.922935,5.8247285,3
154588836286288,7930232676,0.20309082,7.9130645,5.823831,3
154588838786288,7932732676,0.2015953,7.9097743,5.81097,3
154588841286288,7935232676,0.16301104,7.893623,5.8624153,3
154588843786288,7937732676,0.10378868,7.8810606,5.9961143,3
154588846286288,7940232676,0.07178468,7.8888373,6.131608,3
154588848786288,7942732676,0.054137614,7.913663,6.285646,3
154588851286288,7945232676,0.06999006,7.9316087,6.3481584,3
154588853786288,7947732676,0.09720842,7.946564,6.375676,3
154588856286288,7950232676,0.14027923,7.9558363,6.3607206,3
154588858786288,7952732676,0.17138593,7.926823,6.3140607,3
154588861286288,7955232676,0.19800608,7.93789,6.2419767,3
154588863786288,7957732676,0.2428715,7.895118,6.178567,3
154588866286288,7960232676,0.25842485,7.876873,6.1028943,3
154588868786288,7962732676,0.27906293,7.850552,6.033502,3
154588871286288,7965232676,0.29790643,7.8206415,5.944669,3
154588873786288,7967732676,0.3164508,7.7937226,5.871688,3
154588876286288,7970232676,0.30957142,7.797312,5.8271213,3
154588878786288,7972732676,0.293719,7.7847495,5.8453665,3
154588881286288,7975232676,0.28175488,7.8128653,5.8501525,3
154588883786288,7977732676,0.26261228,7.830512,5.8875403,3
154588886286288,7980232676,0.24376881,7.8400836,5.9171515,3
154588888786288,7982732676,0.22731815,7.8466635,5.9243298,3
154588891286288,7985232676,0.21894327,7.8631144,5.933901,3
154588893786288,7987732676,0.17018951,7.893324,5.9410796,3
154588896286288,7990232676,0.16540386,7.893324,5.957231,3
154588898786288,7992732676,0.15882361,7.8924265,5.9213386,3
154588901286288,7995232676,0.14117654,7.897511,5.8680983,3
154588903786288,7997732676,0.12233306,7.906484,5.8187466,3
154588906286288,8000232676,0.10797612,7.8777704,5.7673006,3
154588908786288,8002732676,0.09661021,7.8523464,5.7000027,3
154588911286288,8005232676,0.0735793,7.8520474,5.6467624,3
154588913786288,8007732676,0.052043892,7.8463645,5.622834,3
154588916286288,8010232676,0.037686955,7.8436728,5.6267223,3
154588918786288,8012732676,0.02751746,7.8574314,5.605187,3
154588921286288,8015232676,0.020338992,7.860123,5.6069818,3
154588923786288,8017732676,0.010767702,7.870592,5.6114683,3
154588926286288,8020232676,0.0065802624,7.878668,5.6240306,3
154588928786288,8022732676,-0.011665011,7.8813596,5.628517,3
154588931286288,8025232676,-0.023629123,7.896913,5.6183476,3
154588933786288,8027732676,-0.030508488,7.900801,5.608776,3
154588936286288,8030232676,-0.04755735,7.888538,5.601,3
154588938786288,8032732676,-0.058325052,7.895417,5.615955,3
154588941286288,8035232676,-0.06610172,7.8834534,5.613861,3
154588943786288,8037732676,-0.075673014,7.8774714,5.619544,3
154588946286288,8040232676,-0.07716853,7.8753777,5.6153564,3
154588948786288,8042732676,-0.07956135,7.8661056,5.619245,3
154588951286288,8045232676,-0.07238288,7.860123,5.613861,3
154588953786288,8047732676,-0.07597212,7.8406816,5.630611,3
154588956286288,8050232676,-0.07806584,7.8424764,5.620142,3
154588958786288,8052732676,-0.07447661,7.8260255,5.6168523,3
154588961286288,8055232676,-0.061914288,7.821539,5.622535,3
154588963786288,8057732676,-0.066400826,7.812267,5.6132627,3
154588966286288,8060232676,-0.06430711,7.8170524,5.613562,3
154588968786288,8062732676,-0.06520442,7.810472,5.6060843,3
154588971286288,8065232676,-0.07597212,7.784151,5.619843,3
154588973786288,8067732676,-0.0948156,7.80449,5.6330037,3
154588976286288,8070232676,-0.09332009,7.792227,5.6237316,3
154588978786288,8072732676,-0.098703936,7.795517,5.6527443,3
154588981286288,8075232676,-0.10438689,7.7796645,5.669494,3
154588983786288,8077732676,-0.102592275,7.775178,5.689833,3
154588986286288,8080232676,-0.11096715,7.7623167,5.71765,3
154588988786288,8082732676,-0.122931264,7.772486,5.7349977,3
154588991286288,8085232676,-0.115752794,7.7677007,5.7484574,3
154588993786288,8087732676,-0.1160519,7.7814593,5.784948,3
154588996286288,8090232676,-0.13429718,7.77787,5.7957153,3
154588998786288,8092732676,-0.1271187,7.780562,5.799604,3
154589001286288,8095232676,-0.14596218,7.7623167,5.814559,3
154589003786288,8097732676,-0.1486541,7.7685976,5.8420763,3
154589006286288,8100232676,-0.14506488,7.7614193,5.8220367,3
154589008786288,8102732676,-0.14596218,7.763812,5.8322062,3
154589011286288,8105232676,-0.16570297,7.763214,5.8597236,3
154589013786288,8107732676,-0.17377874,7.7593255,5.870192,3
154589016286288,8110232676,-0.16660027,7.758129,5.88425,3
154589018786288,8112732676,-0.17108682,7.7611203,5.899205,3
154589021286288,8115232676,-0.17826529,7.7682986,5.903393,3
154589023786288,8117732676,-0.16689938,7.763214,5.9153566,3
154589026286288,8120232676,-0.16749759,7.752745,5.906982,3
154589028786288,8122732676,-0.1582254,7.7500534,5.8767724,3
154589031286288,8125232676,-0.15104693,7.749156,5.886643,3
154589033786288,8127732676,-0.14506488,7.7464643,5.898607,3
154589036286288,8130232676,-0.13459627,7.743174,5.8947186,3
154589038786288,8132732676,-0.12113664,7.7446694,5.896214,3
154589041286288,8135232676,-0.0846461,7.7419777,5.8887367,3
154589043786288,8137732676,-0.064905316,7.739884,5.8770714,3
154589046286288,8140232676,-0.057726845,7.743473,5.8863435,3
154589048786288,8142732676,-0.04127619,7.7440715,5.8824553,3
154589051286288,8145232676,-0.011665011,7.7404823,5.8621163,3
154589053786288,8147732676,-0.015254244,7.748857,5.864808,3
154589056286288,8150232676,-0.0026919255,7.7476606,5.836693,3
154589058786288,8152732676,0.011066805,7.754839,5.84417,3
154589061286288,8155232676,0.010169496,7.760223,5.8603215,3
154589063786288,8157732676,0.022731815,7.759625,5.855237,3
154589066286288,8160232676,0.02871387,7.7757764,5.8558354,3
154589068786288,8162732676,0.0212363,7.780562,5.872286,3
154589071286288,8165232676,0.019740786,7.7760754,5.87767,3
154589073786288,8167732676,0.014057833,7.792227,5.9228344,3
154589076286288,8170232676,0.0026919255,7.7964144,5.9383874,3
154589078786288,8172732676,-0.015553347,7.8026958,5.9563336,3
154589081286288,8175232676,-0.026021946,7.7964144,5.9967127,3
154589083786288,8177732676,-0.040977087,7.8086777,6.000003,3
154589086286288,8180232676,-0.064905316,7.798508,6.0370917,3
154589088786288,8182732676,-0.058325052,7.813463,6.046663,3
154589091286288,8185232676,-0.07178468,7.803892,6.0457654,3
154589093786288,8187732676,-0.05712864,7.8020973,6.0493546,3
154589096286288,8190232676,-0.058325052,7.795517,6.0625153,3
154589098786288,8192732676,-0.063110694,7.7937226,6.081658,3
154589101286288,8195232676,-0.057726845,7.792825,6.099604,3
154589103786288,8197732676,-0.049052864,7.790133,6.0951176,3
154589106286288,8200232676,-0.027218357,7.7907314,6.1031933,3
154589108786288,8202732676,-0.031405795,7.7910304,6.081359,3
154589111286288,8205232676,-0.025423741,7.78774,6.069993,3
154589113786288,8207732676,-0.030807592,7.8000035,6.061618,3
154589116286288,8210232676,-0.029012974,7.806883,6.055337,3
154589118786288,8212732676,-0.0212363,7.8182487,6.029614,3
154589121286288,8215232676,-0.023928227,7.8026958,6.0394845,3
154589123786288,8217732676,-0.03619144,7.806883,6.0379887,3
154589126286288,8220232676,-0.04336991,7.8107715,6.041279,3
154589128786288,8222732676,-0.043968115,7.8086777,6.0233326,3
154589131286288,8225232676,-0.049351968,7.8020973,6.029315,3
154589133786288,8227732676,-0.04546363,7.798209,6.034998,3
154589136286288,8230232676,-0.056530435,7.790133,6.0113688,3
154589138786288,8232732676,-0.05054838,7.785946,6.021837,3
154589141286288,8235232676,-0.04636094,7.800602,6.027221,3
154589143786288,8237732676,-0.049351968,7.7976108,6.026623,3
154589146286288,8240232676,-0.041874398,7.7910304,6.04756,3
154589148786288,8242732676,-0.029910283,7.790133,6.0607204,3
154589151286288,8245232676,-0.0212363,7.772187,6.0547385,3
154589153786288,8247732676,-0.019441685,7.7823567,6.0843496,3
154589156286288,8250232676,-0.0023928226,7.7757764,6.0984077,3
154589158786288,8252732676,0.014057833,7.778767,6.107381,3
154589161286288,8255232676,0.029312078,7.785647,6.1247287,3
154589163786288,8257732676,0.0317049,7.78774,6.1268225,3
154589166286288,8260232676,0.043968115,7.77129,6.1034923,3
154589168786288,8262732676,0.053240303,7.77787,6.0804615,3
154589171286288,8265232676,0.049351968,7.749156,6.08764,3
154589173786288,8267732676,0.051146585,7.7330046,6.0990057,3
154589176286288,8270232676,0.0529412,7.7270226,6.1028943,3
154589178786288,8272732676,0.060717873,7.7210402,6.110671,3
154589181286288,8275232676,0.06819545,7.733603,6.1211395,3
154589183786288,8277732676,0.07477571,7.760223,6.1528444,3
154589186286288,8280232676,0.055633128,7.758428,6.17438,3
154589188786288,8282732676,0.023030918,7.778767,6.183353,3
154589191286288,8285232676,-0.02213361,7.8083787,6.198308,3
154589193786288,8287732676,-0.07477571,7.8311105,6.1992054,3
154589196286288,8290232676,-0.10677971,7.8433733,6.1887364,3
154589198786288,8292732676,-0.14895321,7.839485,6.1591253,3
154589201286288,8295232676,-0.1788635,7.856833,6.140282,3
154589203786288,8297732676,-0.1911267,7.8367934,6.131309,3
154589206286288,8300232676,-0.21445672,7.830811,6.102296,3
154589208786288,8302732676,-0.22671995,7.8206415,6.0714884,3
154589211286288,8305232676,-0.23748764,7.797312,6.039185,3
154589213786288,8307732676,-0.24795625,7.790133,6.026025,3
154589216286288,8310232676,-0.25034907,7.77458,5.9691954,3
154589218786288,8312732676,-0.24556342,7.7742805,5.9473605,3
154589221286288,8315232676,-0.2431706,7.7763743,5.945865,3
154589223786288,8317732676,-0.24197419,7.765906,5.922535,3
154589226286288,8320232676,-0.24526432,7.7700934,5.925227,3
154589228786288,8322732676,-0.24945176,7.772785,5.922236,3
154589231286288,8325232676,-0.2548356,7.7754774,5.907879,3
154589233786288,8327732676,-0.26679972,7.7874413,5.903692,3
154589236286288,8330232676,-0.253041,7.7742805,5.915955,3
154589238786288,8332732676,-0.26171497,7.7736826,5.939285,3
154589241286288,8335232676,-0.24137598,7.7617183,5.9413786,3
154589243786288,8337732676,-0.19471595,7.763812,5.9503517,3
154589246286288,8340232676,-0.15164514,7.754839,5.9587264,3
154589248786288,8342732676,-0.14057833,7.7700934,5.940481,3
154589251286288,8345232676,-0.14446667,7.758129,5.985048,3
154589253786288,8347732676,-0.16181463,7.754241,6.0134625,3
154589256286288,8350232676,-0.18364914,7.765906,6.0248284,3
154589258786288,8352732676,-0.2009971,7.7587276,6.0379887,3
154589261286288,8355232676,-0.20638095,7.7703924,6.0364933,3
154589263786288,8357732676,-0.20967108,7.765607,6.040681,3
154589266286288,8360232676,-0.20967108,7.7572317,6.018547,3
154589268786288,8362732676,-0.20997019,7.77129,6.0338016,3
154589271286288,8365232676,-0.22791636,7.758428,6.0367923,3
154589273786288,8367732676,-0.23748764,7.7530446,6.026922,3
154589276286288,8370232676,-0.2428715,7.7482586,6.026025,3
154589278786288,8372732676,-0.25184458,7.754241,6.022136,3
154589281286288,8375232676,-0.2620141,7.7566338,6.007181,3
154589283786288,8377732676,-0.27667013,7.754839,6.031409,3
154589286286288,8380232676,-0.27367908,7.7380896,6.0176497,3
154589288786288,8382732676,-0.2641078,7.7389865,6.0086765,3
154589291286288,8385232676,-0.25004998,7.7362947,6.0113688,3
154589293786288,8387732676,-0.2222334,7.7368927,5.9964137,3
154589296286288,8390232676,-0.20398813,7.7437725,5.9584274,3
154589298786288,8392732676,-0.1689931,7.7422767,5.938986,3
154589301286288,8395232676,-0.15403795,7.735996,5.916254,3
154589303786288,8397732676,-0.11724831,7.7440715,5.885147,3
154589306286288,8400232676,-0.08105687,7.739286,5.870192,3
154589308786288,8402732676,-0.047856454,7.739286,5.8489556,3
154589311286288,8405232676,-0.022432713,7.747062,5.843572,3
154589313786288,8407732676,-0.0071784677,7.7697945,5.836992,3
154589316286288,8410232676,0.009272188,7.7569327,5.8076797,3
154589318786288,8412732676,0.02841477,7.763513,5.805885,3
154589321286288,8415232676,0.04426722,7.77787,5.8073807,3
154589323786288,8417732676,0.04546363,7.77787,5.8079786,3
154589326286288,8420232676,0.055633128,7.772486,5.817849,3
154589328786288,8422732676,0.052043892,7.770991,5.8097734,3
154589331286288,8425232676,0.060418773,7.790133,5.8429737,3
154589333786288,8427732676,0.054735817,7.789236,5.8172507,3
154589336286288,8430232676,0.041575294,7.7997046,5.8244295,3
154589338786288,8432732676,0.033499517,7.8012,5.8411794,3
154589341286288,8435232676,0.016749758,7.789535,5.8298135,3
154589343786288,8437732676,0.007477571,7.7994056,5.8354964,3
154589346286288,8440232676,8.9730846E-4,7.795517,5.838786,3
154589348786288,8442732676,-0.016151553,7.7889366,5.8393846,3
154589351286288,8445232676,-0.016450657,7.797312,5.839983,3
154589353786288,8447732676,-0.017048862,7.8003025,5.82742,3
154589356286288,8450232676,-0.026919255,7.7964144,5.8217373,3
154589358786288,8452732676,-0.024526432,7.790133,5.819644,3
154589361286288,8455232676,-0.035593238,7.7817583,5.819644,3
154589363786288,8457732676,-0.030209387,7.78774,5.8103714,3
154589366286288,8460232676,-0.02841477,7.7775707,5.8244295,3
154589368786288,8462732676,-0.03589234,7.763214,5.838188,3
154589371286288,8465232676,-0.049351968,7.7569327,5.8447685,3
154589373786288,8467732676,-0.05802595,7.745866,5.843572,3
154589376286288,8470232676,-0.052043892,7.7479596,5.853143,3
154589378786288,8472732676,-0.06999006,7.7608213,5.8600225,3
154589381286288,8475232676,-0.06849455,7.7407813,5.910272,3
154589383786288,8477732676,-0.06819545,7.745866,5.9093747,3
154589386286288,8480232676,-0.06849455,7.7413793,5.9288163,3
154589388786288,8482732676,-0.06281159,7.7494555,5.9473605,3
154589391286288,8485232676,-0.053539407,7.7464643,5.9527445,3
154589393786288,8487732676,-0.051445685,7.748558,5.9748783,3
154589396286288,8490232676,-0.041874398,7.756335,5.9898334,3
154589398786288,8492732676,-0.03589234,7.7461653,6.0044894,3
154589401286288,8495232676,-0.044566322,7.7593255,6.0158553,3
154589403786288,8497732676,-0.04336991,7.765308,6.0098734,3
154589406286288,8500232676,-0.0424726,7.758428,6.0212393,3
154589408786288,8502732676,-0.039481573,7.7650084,6.0164533,3
154589411286288,8505232676,-0.033200413,7.770991,6.031708,3
154589413786288,8507732676,-0.03798606,7.7647095,6.0302124,3
154589416286288,8510232676,-0.042173497,7.771589,6.029614,3
154589418786288,8512732676,-0.037387855,7.7703924,6.027819,3
154589421286288,8515232676,-0.029012974,7.773084,6.033203,3
154589423786288,8517732676,-0.04366901,7.7868433,6.047859,3
154589426286288,8520232676,-0.02841477,7.7817583,6.0287166,3
154589428786288,8522732676,-0.025124637,7.7829547,6.0346985,3
154589431286288,8525232676,-0.015553347,7.778468,6.02094,3
154589433786288,8527732676,-0.009571291,7.7775707,6.009574,3
154589436286288,8530232676,-0.0062811594,7.798508,6.0086765,3
154589438786288,8532732676,-0.01585245,7.792825,6.0080786,3
154589441286288,8535232676,0.0047856453,7.7937226,5.988936,3
154589443786288,8537732676,0.0035892338,7.794919,5.9641104,3
154589446286288,8540232676,0.0032901312,7.789834,5.959026,3
154589448786288,8542732676,0.0080757765,7.7871423,5.9383874,3
154589451286288,8545232676,0.017048862,7.7853475,5.9246287,3
154589453786288,8547732676,0.02003989,7.7910304,5.9261246,3
154589456286288,8550232676,0.02003989,7.789834,5.9042897,3
154589458786288,8552732676,0.02213361,7.783553,5.89412,3
154589461286288,8555232676,0.034097724,7.794919,5.9081783,3
154589463786288,8557732676,0.034097724,7.791629,5.9060845,3
154589466286288,8560232676,0.04546363,7.798508,5.9153566,3
154589468786288,8562732676,0.04636094,7.8140616,5.9001026,3
154589471286288,8565232676,0.053240303,7.8140616,5.8797636,3
154589473786288,8567732676,0.033200413,7.824231,5.8767724,3
154589476286288,8570232676,0.038584266,7.819146,5.870192,3
154589478786288,8572732676,0.037686955,7.8260255,5.877969,3
154589481286288,8575232676,0.023330022,7.824829,5.8863435,3
154589483786288,8577732676,0.011665011,7.82124,5.8875403,3
154589486286288,8580232676,0.0062811594,7.8200436,5.884549,3
154589488786288,8582732676,0.0014955142,7.813762,5.8710895,3
154589491286288,8585232676,-0.0011964113,7.8116684,5.8863435,3
154589493786288,8587732676,0.010169496,7.804789,5.8743796,3
154589496286288,8590232676,0.007477571,7.813762,5.8603215,3
154589498786288,8592732676,0.009571291,7.815856,5.8414783,3
154589501286288,8595232676,0.015254244,7.817651,5.8411794,3
154589503786288,8597732676,0.026620151,7.813463,5.8271213,3
154589506286288,8600232676,0.024526432,7.810173,5.816354,3
154589508786288,8602732676,0.029312078,7.8092756,5.8286166,3
154589511286288,8605232676,0.03918247,7.7994056,5.819644,3
154589513786288,8607732676,0.058325052,7.7943206,5.807081,3
154589516286288,8610232676,0.052043892,7.7853475,5.825626,3
154589518786288,8612732676,0.050847482,7.7853475,5.832505,3
154589521286288,8615232676,0.054137614,7.773084,5.831309,3
154589523786288,8617732676,0.053539407,7.7706914,5.858826,3
154589526286288,8620232676,0.03918247,7.7593255,5.8651075,3
154589528786288,8622732676,0.038584266,7.7620177,5.8633127,3
154589531286288,8625232676,0.0317049,7.7623167,5.8710895,3
154589533786288,8627732676,0.02961118,7.766205,5.8818574,3
154589536286288,8630232676,0.024227329,7.771888,5.8881383,3
154589538786288,8632732676,0.0212363,7.7614193,5.8974104,3
154589541286288,8635232676,0.02003989,7.763812,5.905486,3
154589543786288,8637732676,0.030209387,7.776973,5.9192452,3
154589546286288,8640232676,0.019441685,7.766205,5.920142,3
154589548786288,8642732676,0.021535404,7.7682986,5.9383874,3
154589551286288,8645232676,0.0134596275,7.759924,5.9327044,3
154589553786288,8647732676,0.01375873,7.7608213,5.936892,3
154589556286288,8650232676,0.015254244,7.7554374,5.9500527,3
154589558786288,8652732676,-0.0014955142,7.744969,5.9440703,3
154589561286288,8655232676,-0.0026919255,7.752745,5.9410796,3
154589563786288,8657732676,-0.008973085,7.7560353,5.9506507,3
154589566286288,8660232676,-0.0134596275,7.750652,5.9488564,3
154589568786288,8662732676,-0.016749758,7.748857,5.9377894,3
154589571286288,8665232676,-0.029910283,7.7494555,5.948258,3
154589573786288,8667732676,-0.041874398,7.763513,5.9350977,3
154589576286288,8670232676,-0.051146585,7.7560353,5.9231334,3
154589578786288,8672732676,-0.0637089,7.7554374,5.9177494,3
154589581286288,8675232676,-0.06699903,7.769196,5.8863435,3
154589583786288,8677732676,-0.076570325,7.7677007,5.8740807,3
154589586286288,8680232676,-0.07537391,7.7739816,5.8417773,3
154589588786288,8682732676,-0.09032906,7.769495,5.857032,3
154589591286288,8685232676,-0.07597212,7.778468,5.8657055,3
154589593786288,8687732676,-0.08015956,7.7817583,5.877969,3
154589596286288,8690232676,-0.078963146,7.7775707,5.898308,3
154589598786288,8692732676,-0.07806584,7.784151,5.9081783,3
154589601286288,8695232676,-0.064905316,7.7847495,5.916852,3
154589603786288,8697732676,-0.05892326,7.775178,5.9342003,3
154589606286288,8700232676,-0.05892326,7.778169,5.959923,3
154589608786288,8702732676,-0.049351968,7.772486,5.972186,3
154589611286288,8705232676,-0.054735817,7.763214,5.9847484,3
154589613786288,8707732676,-0.072681986,7.7533436,5.9877396,3
154589616286288,8710232676,-0.090628155,7.7437725,5.994918,3
154589618786288,8712732676,-0.10677971,7.7413793,6.005686,3
154589621286288,8715232676,-0.13489537,7.7273216,6.0215383,3
154589623786288,8717732676,-0.1480559,7.728518,6.0119667,3
154589626286288,8720232676,-0.16480567,7.7350984,6.0251274,3
154589628786288,8722732676,-0.1893321,7.726424,6.0134625,3
154589631286288,8725232676,-0.19920248,7.740183,6.0170517,3
154589633786288,8727732676,-0.20249261,7.7440715,6.0254264,3
154589636286288,8730232676,-0.19860429,7.739884,6.027819,3
154589638786288,8732732676,-0.18155542,7.7446694,6.0140605,3
154589641286288,8735232676,-0.17347965,7.752147,5.9958153,3
154589643786288,8737732676,-0.16480567,7.7569327,5.965008,3
154589646286288,8740232676,-0.14446667,7.7587276,5.9267225,3
154589648786288,8742732676,-0.13070793,7.7560353,5.896513,3
154589651286288,8745232676,-0.111266255,7.7679996,5.8651075,3
154589653786288,8747732676,-0.11335997,7.7668033,5.8426747,3
154589656286288,8750232676,-0.08763713,7.7572317,5.8468623,3
154589658786288,8752732676,-0.0840479,7.7650084,5.805885,3
154589661286288,8755232676,-0.08165507,7.7590265,5.777171,3
154589663786288,8757732676,-0.08644072,7.760223,5.782555,3
154589666286288,8760232676,-0.0948156,7.7551384,5.7726846,3
154589668786288,8762732676,-0.11545369,7.751848,5.762216,3
154589671286288,8765232676,-0.12592229,7.751848,5.7690954,3
154589673786288,8767732676,-0.14237295,7.7494555,5.7607207,3
154589676286288,8770232676,-0.14506488,7.7671022,5.783153,3
154589678786288,8772732676,-0.16331014,7.7593255,5.784649,3
154589681286288,8775232676,-0.16869399,7.75125,5.802595,3
154589683786288,8777732676,-0.16660027,7.752446,5.8286166,3
154589686286288,8780232676,-0.17108682,7.7733836,5.863911,3
154589688786288,8782732676,-0.13489537,7.77458,5.8743796,3
154589691286288,8785232676,-0.11485548,7.7940216,5.875277,3
154589693786288,8787732676,-0.0849452,7.792825,5.896214,3
154589696286288,8790232676,-0.062512495,7.7961154,5.8950176,3
154589698786288,8792732676,-0.033499517,7.798209,5.8938212,3
154589701286288,8795232676,-0.023629123,7.8017983,5.9096737,3
154589703786288,8797732676,0.014057833,7.783553,5.931508,3
154589706286288,8800232676,0.03708875,7.7997046,5.9506507,3
154589708786288,8802732676,0.04366901,7.7964144,5.953941,3
154589711286288,8805232676,0.0526421,7.7940216,5.9781685,3
154589713786288,8807732676,0.05712864,7.789535,6.0044894,3
154589716286288,8810232676,0.06131608,7.8003025,6.0290155,3
154589718786288,8812732676,0.058325052,7.791928,6.0346985,3
154589721286288,8815232676,0.04426722,7.780861,6.07089,3
154589723786288,8817732676,0.048155557,7.783852,6.068497,3
154589726286288,8820232676,0.03589234,7.780861,6.0831532,3
154589728786288,8822732676,0.029312078,7.7880397,6.1103716,3
154589731286288,8825232676,0.0023928226,7.772785,6.1322064,3
154589733786288,8827732676,-8.9730846E-4,7.783553,6.14088,3
154589736286288,8830232676,-0.0317049,7.769196,6.1660047,3
154589738786288,8832732676,-0.031106694,7.766205,6.152246,3
154589741286288,8835232676,-0.037387855,7.765607,6.15434,3
154589743786288,8837732676,-0.035294134,7.763812,6.159425,3
154589746286288,8840232676,-0.039780676,7.752745,6.166603,3
154589748786288,8842732676,-0.062512495,7.742875,6.1695943,3
154589751286288,8845232676,-0.049351968,7.731509,6.179764,3
154589753786288,8847732676,-0.06430711,7.722835,6.170491,3
154589756286288,8850232676,-0.06999006,7.7156568,6.151648,3
154589758786288,8852732676,-0.07058827,7.713563,6.1447687,3
154589761286288,8855232676,-0.07956135,7.7123666,6.1387863,3
154589763786288,8857732676,-0.08853444,7.708179,6.1067824,3
154589766286288,8860232676,-0.10049855,7.7063847,6.091229,3
154589768786288,8862732676,-0.1160519,7.704291,6.0807605,3
154589771286288,8865232676,-0.12203395,7.6998043,6.059225,3
154589773786288,8867732676,-0.14087744,7.704889,6.024529,3
154589776286288,8870232676,-0.13250256,7.7096744,6.0086765,3
154589778786288,8872732676,-0.12831512,7.7207413,5.990731,3
154589781286288,8875232676,-0.11964113,7.7291164,5.9635124,3
154589783786288,8877732676,-0.10797612,7.7368927,5.9431734,3
154589786286288,8880232676,-0.106480606,7.719545,5.9246287,3
154589788786288,8882732676,-0.093918286,7.7383885,5.871688,3
154589791286288,8885232676,-0.078963146,7.7362947,5.8543396,3
154589793786288,8887732676,-0.06969096,7.7473617,5.838786,3
154589796286288,8890232676,-0.070289165,7.748857,5.8229337,3
154589798786288,8892732676,-0.04965107,7.75125,5.8211393,3
154589801286288,8895232676,-0.04007978,7.754241,5.791827,3
154589803786288,8897732676,-0.06011967,7.759625,5.803492,3
154589806286288,8900232676,-0.051146585,7.7617183,5.791827,3
154589808786288,8902732676,-0.049351968,7.7608213,5.804988,3
154589811286288,8905232676,-0.052342996,7.75783,5.8241305,3
154589813786288,8907732676,-0.04546363,7.7554374,5.8375897,3
154589816286288,8910232676,-0.03589234,7.7479596,5.858527,3
154589818786288,8912732676,-0.047258247,7.75454,5.8710895,3
154589821286288,8915232676,-0.049351968,7.758129,5.895616,3
154589823786288,8917732676,-0.047856454,7.7473617,5.930611,3
154589826286288,8920232676,-0.037387855,7.7425756,5.9563336,3
154589828786288,8922732676,-0.035294134,7.7479596,5.9712887,3
154589831286288,8925232676,-0.039481573,7.747062,6.0029936,3
154589833786288,8927732676,-0.025722843,7.754241,6.020342,3
154589836286288,8930232676,-0.051445685,7.75454,6.0415783,3
154589838786288,8932732676,-0.03260221,7.75454,6.053841,3
154589841286160,8935232548,-0.03379862,7.7464643,6.065207,3
154589843786160,8937732548,-0.04516453,7.7479596,6.078966,3
154589846286160,8940232548,-0.04636094,7.751848,6.0774703,3
154589848786160,8942732548,-0.053240303,7.7629147,6.09093,3
154589851286160,8945232548,-0.06819545,7.759625,6.0640106,3
154589853786160,8947732548,-0.064008005,7.7677007,6.068198,3
154589856286160,8950232548,-0.06819545,7.7665043,6.0634127,3
154589858786160,8952732548,-0.056530435,7.7697945,6.0323057,3
154589861286160,8955232548,-0.054137614,7.765607,6.029614,3
154589863786160,8957732548,-0.050249275,7.7560353,6.032605,3
154589866286160,8960232548,-0.0212363,7.7614193,6.027819,3
154589868786160,8962732548,-0.012562319,7.766205,6.0197434,3
154589871286160,8965232548,-0.005084748,7.7482586,6.0044894,3
154589873786160,8967732548,0.0014955142,7.7425756,5.983552,3
154589876286160,8970232548,0.012562319,7.742875,5.9790654,3
154589878786160,8972732548,0.008374879,7.7572317,5.9733825,3
154589881286160,8975232548,0.0032901312,7.772486,5.95753,3
154589883786160,8977732548,-0.0044865427,7.765607,5.9303117,3
154589886286160,8980232548,-0.011665011,7.758428,5.9030933,3
154589888786160,8982732548,-0.01375873,7.771589,5.89412,3
154589891286160,8985232548,-0.034097724,7.7650084,5.879464,3
154589893786160,8987732548,-0.0424726,7.7679996,5.85763,3
154589896286160,8990232548,-0.044566322,7.7572317,5.870192,3
154589898786160,8992732548,-0.035294134,7.7566338,5.8677993,3
154589901286160,8995232548,-0.035593238,7.7482586,5.849255,3
154589903786160,8997732548,-0.037387855,7.742875,5.8360944,3
154589906286160,9000232548,-0.035294134,7.7464643,5.819644,3
154589908786160,9002732548,-0.038584266,7.7410803,5.812166,3
154589911286160,9005232548,-0.02961118,7.739884,5.825626,3
154589913786160,9007732548,-0.029910283,7.748558,5.8226347,3
154589916286160,9010232548,-0.051445685,7.740183,5.8447685,3
154589918786160,9012732548,-0.049052864,7.743174,5.8214383,3
154589921286160,9015232548,-0.05922236,7.7356963,5.8217373,3
154589923786160,9017732548,-0.066400826,7.7404823,5.8411794,3
154589926286160,9020232548,-0.0849452,7.747062,5.8525453,3
154589928786160,9022732548,-0.09661021,7.749156,5.8797636,3
154589931286160,9025232548,-0.11395818,7.754241,5.8749776,3
154589933786160,9027732548,-0.09332009,7.7479596,5.884549,3
154589936286160,9030232548,-0.09810573,7.7497544,5.89083,3
154589938786160,9032732548,-0.104087785,7.7479596,5.895616,3
154589941286160,9035232548,-0.11066805,7.750652,5.9007006,3
154589943786160,9037732548,-0.11335997,7.7386875,5.9009995,3
154589946286160,9040232548,-0.122931264,7.752745,5.924928,3
154589948786160,9042732548,-0.11874382,7.7476606,5.918946,3
154589951286160,9045232548,-0.118145615,7.7560353,5.936892,3
154589953786160,9047732548,-0.12173485,7.7569327,5.9449677,3
154589956286160,9050232548,-0.12502499,7.7533436,5.9548383,3
154589958786160,9052732548,-0.14057833,7.7566338,5.9545393,3
154589961286160,9055232548,-0.14327025,7.752745,5.9641104,3
154589963786160,9057732548,-0.12861422,7.766205,5.97757,3
154589966286160,9060232548,-0.15284155,7.7629147,5.97428,3
154589968786160,9062732548,-0.15553348,7.7703924,5.985347,3
154589971286160,9065232548,-0.16151553,7.7739816,5.9964137,3
154589973786160,9067732548,-0.16660027,7.78774,6.000003,3
154589976286160,9070232548,-0.17407785,7.798209,5.9973106,3
154589978786160,9072732548,-0.16540386,7.7910304,5.992525,3
154589981286160,9075232548,-0.1591227,7.799106,5.9973106,3
154589983786160,9077732548,-0.14895321,7.7940216,6.003293,3
154589986286160,9080232548,-0.12023934,7.797013,5.9991055,3
154589988786160,9082732548,-0.089132644,7.7742805,6.0023956,3
154589991286160,9085232548,-0.06849455,7.7703924,6.012266,3
154589993786160,9087732548,-0.058325052,7.7671022,6.006583,3
154589996286160,9090232548,-0.018843478,7.763812,5.977869,3
154589998786160,9092732548,-0.015254244,7.7551384,5.9952173,3
154590001286160,9095232548,-0.0041874396,7.7482586,6.007181,3
154590003786160,9097732548,0.011665011,7.752446,5.9910297,3
154590006286160,9100232548,0.014656039,7.745866,5.9751773,3
154590008786160,9102732548,0.0047856453,7.748558,5.9766726,3
154590011286160,9105232548,-0.0035892338,7.751848,5.962615,3
154590013786160,9107732548,-0.0047856453,7.7503524,5.9727845,3
154590016286160,9110232548,-0.016749758,7.7614193,5.972186,3
154590018786160,9112732548,-0.0424726,7.7614193,5.965905,3
154590021286160,9115232548,-0.06999006,7.771589,5.964709,3
154590023786160,9117732548,-0.096311115,7.785647,5.945865,3
154590026286160,9120232548,-0.10677971,7.789834,5.944669,3
154590028786160,9122732548,-0.14237295,7.7997046,5.9347982,3
154590031286160,9125232548,-0.14327025,7.7967134,5.9527445,3
154590033786160,9127732548,-0.1797608,7.824231,5.957231,3
154590036286160,9130232548,-0.19621146,7.815557,5.9781685,3
154590038786160,9132732548,-0.18574286,7.785647,5.9452667,3
154590041286160,9135232548,-0.16181463,7.769196,5.921937,3
154590043786160,9137732548,-0.12861422,7.7620177,5.931209,3
154590046286160,9140232548,-0.15672988,7.75783,5.9557357,3
154590048786160,9142732548,-0.15104693,7.771589,5.979664,3
154590051286160,9145232548,-0.15104693,7.771589,5.968597,3
154590053786160,9147732548,-0.15014961,7.766205,5.9617176,3
154590056286160,9150232548,-0.16959131,7.760522,5.9617176,3
154590058786160,9152732548,-0.1902294,7.7551384,5.985347,3
154590061286160,9155232548,-0.2000998,7.754241,6.0062838,3
154590063786160,9157732548,-0.20518455,7.763812,6.01107,3
154590066286160,9160232548,-0.2216352,7.748857,6.001797,3
154590068786160,9162732548,-0.22761725,7.747062,6.006882,3
154590071286160,9165232548,-0.2434697,7.745567,5.99761,3
154590073786160,9167732548,-0.2545365,7.739286,6.0167527,3
154590076286160,9170232548,-0.253041,7.7333035,6.0077796,3
154590078786160,9172732548,-0.26081768,7.7383885,6.0170517,3
154590081286160,9175232548,-0.26949164,7.745567,5.99432,3
154590083786160,9177732548,-0.27038896,7.7389865,5.973981,3
154590086286160,9180232548,-0.26679972,7.732406,5.953941,3
154590088786160,9182732548,-0.26739794,7.7330046,5.9318075,3
154590091286160,9185232548,-0.27367908,7.7312098,5.9234324,3
154590093786160,9187732548,-0.25064817,7.7350984,5.898906,3
154590096286160,9190232548,-0.23120649,7.739286,5.879165,3
154590098786160,9192732548,-0.19591236,7.7443705,5.858527,3
154590101286160,9195232548,-0.16689938,7.7350984,5.8363934,3
154590103786160,9197732548,-0.12352947,7.7347994,5.816354,3
154590106286160,9200232548,-0.09212367,7.7237325,5.805287,3
154590108786160,9202732548,-0.054735817,7.7207413,5.79422,3
154590111286160,9205232548,-0.019740786,7.7186475,5.783153,3
154590113786160,9207732548,-0.0071784677,7.7213397,5.8046885,3
154590116286160,9210232548,0.0020937198,7.714161,5.811867,3
154590118786160,9212732548,0.0065802624,7.696813,5.814858,3
154590121286160,9215232548,0.0023928226,7.699505,5.8067822,3
154590123786160,9217732548,-0.005383851,7.70788,5.823233,3
154590126286160,9220232548,-0.023030918,7.6944203,5.8244295,3
154590128786160,9222732548,-0.042771704,7.700701,5.838487,3
154590131286160,9225232548,-0.060418773,7.6944203,5.838786,3
154590133786160,9227732548,-0.07806584,7.704291,5.8360944,3
154590136286160,9230232548,-0.1052842,7.726424,5.8474603,3
154590138786160,9232732548,-0.13369897,7.7365937,5.854938,3
154590141286160,9235232548,-0.14925231,7.726424,5.853143,3
154590143786160,9237732548,-0.1683949,7.7380896,5.872585,3
154590146286160,9240232548,-0.18664017,7.745866,5.883054,3
154590148786160,9242732548,-0.18484555,7.75125,5.9042897,3
154590151286160,9245232548,-0.19322042,7.751848,5.9057856,3
154590153786160,9247732548,-0.19202402,7.75454,5.9192452,3
154590156286160,9250232548,-0.18664017,7.7647095,5.9228344,3
154590158786160,9252732548,-0.16660027,7.770991,5.922535,3
154590161286160,9255232548,-0.18305093,7.7566338,5.9560347,3
154590163786160,9257732548,-0.17228323,7.7536426,5.9817576,3
154590166286160,9260232548,-0.15014961,7.753942,5.981159,3
154590168786160,9262732548,-0.14027923,7.75125,5.98086,3
154590171286160,9265232548,-0.12263216,7.737491,5.985646,3
154590173786160,9267732548,-0.1055833,7.748558,5.9784675,3
154590176286160,9270232548,-0.08703893,7.7703924,6.0104713,3
154590178786160,9272732548,-0.07537391,7.7614193,6.0044894,3
154590181286160,9275232548,-0.059820566,7.7644105,6.0137615,3
154590183786160,9277732548,-0.04546363,7.775178,6.0215383,3
154590186286160,9280232548,-0.040677983,7.7739816,6.031708,3
154590188786160,9282732548,-0.041874398,7.773084,6.0029936,3
154590191286160,9285232548,-0.032901313,7.7685976,6.0086765,3
154590193786160,9287732548,-0.049052864,7.7554374,6.014958,3
154590196286160,9290232548,-0.059820566,7.7614193,5.9967127,3
154590198786160,9292732548,-0.0637089,7.758129,5.9913287,3
154590201286160,9295232548,-0.06759724,7.754241,5.977271,3
154590203786160,9297732548,-0.07776674,7.759924,5.9656057,3
154590206286160,9300232548,-0.08733802,7.754839,5.961119,3
154590208786160,9302732548,-0.08763713,7.75454,5.942575,3
154590211286160,9305232548,-0.11515459,7.7572317,5.924928,3
154590213786160,9307732548,-0.12083755,7.756335,5.9288163,3
154590216286160,9310232548,-0.12233306,7.751848,5.9344993,3
154590218786160,9312732548,-0.12622139,7.760223,5.919544,3
154590221286160,9315232548,-0.13040884,7.7700934,5.9294147,3
154590223786160,9317732548,-0.13100705,7.763812,5.939584,3
154590226286160,9320232548,-0.1480559,7.7497544,5.979664,3
154590228786160,9322732548,-0.122931264,7.766205,5.973981,3
154590231286160,9325232548,-0.10977074,7.765607,6.0020967,3
154590233786160,9327732548,-0.10049855,7.760522,6.0104713,3
154590236286160,9330232548,-0.08673982,7.754241,6.053243,3
154590238786160,9332732548,-0.07866404,7.767401,6.0750775,3
154590241286160,9335232548,-0.06550352,7.773084,6.0933228,3
154590243786160,9337732548,-0.052043892,7.7629147,6.087042,3
154590246286160,9340232548,-0.035593238,7.752147,6.1253266,3
154590248786160,9342732548,-0.036490545,7.7560353,6.133702,3
154590251286160,9345232548,-0.036490545,7.7461653,6.1127644,3
154590253786160,9347732548,-0.03918247,7.7345,6.116354,3
154590256286160,9350232548,-0.047258247,7.751848,6.116354,3
154590258786160,9352732548,-0.05503492,7.7437725,6.0840507,3
154590261286160,9355232548,-0.05742774,7.752745,6.0864434,3
154590263786160,9357732548,-0.053240303,7.7566338,6.0690956,3
154590266286160,9360232548,-0.06819545,7.757531,6.0664034,3
154590268786160,9362732548,-0.07088737,7.754839,6.0373907,3
154590271286160,9365232548,-0.07088737,7.7677007,6.0457654,3
154590273786160,9367732548,-0.07627122,7.769196,6.0341005,3
154590276286160,9370232548,-0.082851484,7.7775707,6.003293,3
154590278786160,9372732548,-0.093918286,7.78774,6.0167527,3
154590281286160,9375232548,-0.09571291,7.7820573,6.009275,3
154590283786160,9377732548,-0.09601201,7.7811604,5.998208,3
154590286286160,9380232548,-0.095413804,7.7814593,5.990731,3
154590288786160,9382732548,-0.07597212,7.7733836,5.9895344,3
154590291286160,9385232548,-0.0951147,7.769495,6.0026946,3
154590293786160,9387732548,-0.083748795,7.7733836,6.0251274,3
154590296286160,9390232548,-0.07986046,7.7700934,6.0284176,3
154590298786160,9392732548,-0.07477571,7.772187,6.020641,3
154590301286160,9395232548,-0.07956135,7.7739816,6.0338016,3
154590303786160,9397732548,-0.07178468,7.77787,6.026324,3
154590306286160,9400232548,-0.082851484,7.778169,6.035297,3
154590308786160,9402732548,-0.08165507,7.7772717,6.0101724,3
154590311286160,9405232548,-0.085244305,7.7754774,5.9991055,3
154590313786160,9407732548,-0.082851484,7.7796645,5.9952173,3
154590316286160,9410232548,-0.08883354,7.7790666,5.983552,3
154590318786160,9412732548,-0.098703936,7.7700934,5.951249,3
154590321286160,9415232548,-0.10229317,7.752147,5.9560347,3
154590323786160,9417732548,-0.112761766,7.763513,5.953642,3
154590326286160,9420232548,-0.115752794,7.75454,5.9303117,3
154590328786160,9422732548,-0.11156536,7.73779,5.898009,3
154590331286160,9425232548,-0.1274178,7.72463,5.883054,3
154590333786160,9427732548,-0.12801601,7.7240314,5.8740807,3
154590336286160,9430232548,-0.12831512,7.7300134,5.852246,3
154590338786160,9432732548,-0.1160519,7.7213397,5.834599,3
154590341286160,9435232548,-0.13339986,7.7234335,5.833103,3
154590343786160,9437732548,-0.12502499,7.7216387,5.814858,3
154590346286160,9440232548,-0.12622139,7.7330046,5.81097,3
154590348786160,9442732548,-0.13519448,7.726723,5.8061843,3
154590351286160,9445232548,-0.12143575,7.7210402,5.7786665,3
154590353786160,9447732548,-0.14536397,7.7350984,5.8076797,3
154590356286160,9450232548,-0.15553348,7.7347994,5.788537,3
154590358786160,9452732548,-0.16271193,7.7446694,5.787939,3
154590361286160,9455232548,-0.17377874,7.7389865,5.779564,3
154590363786160,9457732548,-0.18155542,7.7386875,5.779265,3
154590366286160,9460232548,-0.17407785,7.7330046,5.7951174,3
154590368786160,9462732548,-0.17826529,7.728219,5.791528,3
154590371286160,9465232548,-0.17108682,7.7383885,5.8208404,3
154590373786160,9467732548,-0.16959131,7.7243304,5.836992,3
154590376286160,9470232548,-0.17288144,7.7291164,5.86092,3
154590378786160,9472732548,-0.1576272,7.725228,5.8803616,3
154590381286160,9475232548,-0.14895321,7.7276206,5.9001026,3
154590383786160,9477732548,-0.13938192,7.722237,5.930611,3
154590386286160,9480232548,-0.14267205,7.7207413,5.9635124,3
154590388786160,9482732548,-0.13758731,7.711768,5.9820566,3
154590391286160,9485232548,-0.13339986,7.710572,5.998208,3
154590393786160,9487732548,-0.1274178,7.7087774,6.0155563,3
154590396286160,9490232548,-0.13220344,7.7090764,6.023632,3
154590398786160,9492732548,-0.12622139,7.70459,6.017949,3
154590401286160,9495232548,-0.1369891,7.7063847,6.0248284,3
154590403786160,9497732548,-0.13310076,7.708179,6.0284176,3
154590406286160,9500232548,-0.13489537,7.705786,6.0116677,3
154590408786160,9502732548,-0.15224335,7.7165537,6.024529,3
154590411286160,9505232548,-0.1594218,7.718947,6.0155563,3
154590413786160,9507732548,-0.1594218,7.7300134,5.9988065,3
154590416286160,9510232548,-0.18843478,7.7204423,6.015257,3
154590418786160,9512732548,-0.19800608,7.728219,6.003891,3
154590421286160,9515232548,-0.20518455,7.739286,5.994918,3
154590423786160,9517732548,-0.21475583,7.7479596,5.986842,3
154590426286160,9520232548,-0.2108675,7.7473617,5.955436,3
154590428786160,9522732548,-0.21206391,7.743174,5.9440703,3
154590431286160,9525232548,-0.23090738,7.7404823,5.93091,3
154590433786160,9527732548,-0.2204388,7.760223,5.938687,3
154590436286160,9530232548,-0.21684955,7.763812,5.914459,3
154590438786160,9532732548,-0.21864417,7.7650084,5.9057856,3
154590441286160,9535232548,-0.22941187,7.765906,5.9001026,3
154590443786160,9537732548,-0.22642085,7.7668033,5.884848,3
154590446286160,9540232548,-0.22313072,7.7760754,5.8728843,3
154590448786160,9542732548,-0.23001008,7.7742805,5.8740807,3
154590451286160,9545232548,-0.20757736,7.78774,5.8797636,3
154590453786160,9547732548,-0.21834506,7.7880397,5.8950176,3
154590456286160,9550232548,-0.19800608,7.793423,5.884848,3
154590458786160,9552732548,-0.18723837,7.792227,5.9057856,3
154590461286160,9555232548,-0.1797608,7.8000035,5.918348,3
154590463786160,9557732548,-0.17617157,7.7994056,5.9246287,3
154590466286160,9560232548,-0.16061822,7.8020973,5.9318075,3
154590468786160,9562732548,-0.16031912,7.794919,5.9521465,3
154590471286160,9565232548,-0.14267205,7.7907314,5.9602222,3
154590473786160,9567732548,-0.13459627,7.789236,5.9733825,3
154590476286160,9570232548,-0.14117654,7.7883387,5.979365,3
154590478786160,9572732548,-0.14745769,7.772785,5.988936,3
154590481286160,9575232548,-0.14536397,7.760522,5.992226,3
154590483786160,9577732548,-0.14506488,7.766205,6.008976,3
154590486286160,9580232548,-0.14087744,7.7572317,6.021837,3
154590488786160,9582732548,-0.14895321,7.75454,6.026324,3
154590491286160,9585232548,-0.15493527,7.7413793,6.0311093,3
154590493786160,9587732548,-0.14895321,7.731509,6.0323057,3
154590496286160,9590232548,-0.15373886,7.7261252,6.0523458,3
154590498786160,9592732548,-0.14566308,7.7300134,6.0771713,3
154590501286160,9595232548,-0.13160525,7.7333035,6.061618,3
154590503786160,9597732548,-0.13908282,7.7129645,6.0457654,3
154590506286160,9600232548,-0.14566308,7.699206,6.0430737,3
154590508786160,9602732548,-0.15403795,7.698907,6.025726,3
154590511286160,9605232548,-0.15194423,7.705786,6.0227346,3
154590513786160,9607732548,-0.17078772,7.6941214,6.0290155,3
154590516286160,9610232548,-0.15972091,7.7015986,6.005985,3
154590518786160,9612732548,-0.16360925,7.6974115,5.9913287,3
154590521286160,9615232548,-0.16660027,7.702496,6.000003,3
154590523786160,9617732548,-0.18454644,7.71117,5.9694943,3
154590526286160,9620232548,-0.17916259,7.719844,5.939584,3
154590528786160,9622732548,-0.1680958,7.711768,5.919843,3
154590531286160,9625232548,-0.1576272,7.713563,5.920142,3
154590533786160,9627732548,-0.12891331,7.7213397,5.9114685,3
154590536286160,9630232548,-0.10917253,7.7243304,5.918348,3
154590538786160,9632732548,-0.08344969,7.72463,5.914459,3
154590541286160,9635232548,-0.055334024,7.7210402,5.904589,3
154590543786160,9637732548,-0.03888337,7.7153573,5.9171515,3
154590546286160,9640232548,5.9820566E-4,7.7243304,5.916254,3
154590548786160,9642732548,0.0080757765,7.7443705,5.912964,3
154590551286160,9645232548,0.009571291,7.724929,5.9117675,3
154590553786160,9647732548,0.0047856453,7.7312098,5.90758,3
154590556286160,9650232548,0.010169496,7.7327056,5.9093747,3
154590558786160,9652732548,0.005383851,7.7407813,5.9081783,3
154590561286160,9655232548,-0.009272188,7.7404823,5.925227,3
154590563786160,9657732548,-0.0134596275,7.7353973,5.9228344,3
154590566286160,9660232548,-0.020937199,7.7410803,5.901598,3
154590568786160,9662732548,-0.049052864,7.7476606,5.922535,3
154590571286160,9665232548,-0.06729814,7.7413793,5.907281,3
154590573786160,9667732548,-0.08793623,7.745268,5.9084773,3
154590576286160,9670232548,-0.10767702,7.7617183,5.9192452,3
154590578786160,9672732548,-0.11784652,7.7703924,5.903692,3
154590581286160,9675232548,-0.14057833,7.792825,5.898906,3
154590583786160,9677732548,-0.15284155,7.7940216,5.9066825,3
154590586286160,9680232548,-0.16181463,7.7925262,5.9027944,3
154590588786160,9682732548,-0.1797608,7.797312,5.8833528,3
154590591286160,9685232548,-0.18813568,7.7883387,5.877969,3
154590593786160,9687732548,-0.18125631,7.7811604,5.8675003,3
154590596286160,9690232548,-0.18993029,7.780562,5.8561344,3
154590598786160,9692732548,-0.18783657,7.7796645,5.879165,3
154590601286160,9695232548,-0.18394823,7.7679996,5.884549,3
154590603786160,9697732548,-0.17497516,7.754241,5.8558354,3
154590606286160,9700232548,-0.15553348,7.747062,5.8561344,3
154590608786160,9702732548,-0.13160525,7.748857,5.8594246,3
154590611286160,9705232548,-0.11306087,7.7494555,5.8543396,3
154590613786160,9707732548,-0.08015956,7.7276206,5.8692946,3
154590616286160,9710232548,-0.05892326,7.7123666,5.846563,3
154590618786160,9712732548,-0.04875376,7.7072816,5.8651075,3
154590621286160,9715232548,-0.0424726,7.704291,5.849853,3
154590623786160,9717732548,-0.03260221,7.7010007,5.852844,3
154590626286160,9720232548,-0.025124637,7.6998043,5.8483577,3
154590628786160,9722732548,-0.046061836,7.68784,5.784649,3
154590631286160,9725232548,-0.03708875,7.685447,5.7894344,3
154590633786160,9727732548,-0.030209387,7.687242,5.8097734,3
154590636286160,9730232548,-0.023030918,7.6830544,5.8133626,3
154590638786160,9732732548,-0.020338992,7.68455,5.8594246,3
154590641286160,9735232548,-0.0080757765,7.692925,5.8797636,3
154590643786160,9737732548,0.0023928226,7.6947193,5.905187,3
154590646286160,9740232548,-0.0062811594,7.6851482,5.940182,3
154590648786160,9742732548,-0.0041874396,7.6944203,5.968298,3
154590651286160,9745232548,0.0071784677,7.6920276,5.9641104,3
154590653786160,9747732548,0.011365907,7.689635,5.9727845,3
154590656286160,9750232548,0.011066805,7.7012997,5.951847,3
154590658786160,9752732548,-0.005084748,7.7063847,5.962914,3
154590661286160,9755232548,-0.07507481,7.7087774,6.0137615,3
154590663786160,9757732548,-0.20727827,7.728817,6.0696936,3
154590666286160,9760232548,-0.2111666,7.7333035,6.0170517,3
154590668786160,9762732548,-0.21984059,7.724929,5.9805613,3
154590671286160,9765232548,-0.21026929,7.698907,5.9153566,3
154590673786160,9767732548,-0.16869399,7.666903,5.907879,3
154590676286160,9770232548,-0.1274178,7.6737823,5.9024954,3
154590678786160,9772732548,-0.12113664,7.68455,5.959923,3
154590681286160,9775232548,-0.117547415,7.6806617,6.0083776,3
154590683786160,9777732548,-0.13579269,7.7039914,6.034998,3
154590686286160,9780232548,-0.13579269,7.7219377,6.0302124,3
154590688786160,9782732548,-0.13399807,7.733902,6.027221,3
154590691286160,9785232548,-0.12412767,7.7437725,6.0119667,3
154590693786160,9787732548,-0.12592229,7.756335,6.040681,3
154590696286160,9790232548,-0.13250256,7.765308,6.06431,3
154590698786160,9792732548,-0.122931264,7.7560353,6.0729837,3
154590701286160,9795232548,-0.1061815,7.7494555,6.0894346,3
154590703786160,9797732548,-0.097806625,7.7383885,6.0894346,3
154590706286160,9800232548,-0.104985096,7.731808,6.0957155,3
154590708786160,9802732548,-0.10677971,7.730313,6.0975103,3
154590711286160,9805232548,-0.09930214,7.7204423,6.0861444,3
154590713786160,9807732548,-0.0951147,7.711768,6.111568,3
154590716286160,9810232548,-0.12053844,7.7120676,6.1187468,3
154590718786160,9812732548,-0.12472588,7.7147593,6.122336,3
154590721286160,9815232548,-0.13848461,7.719246,6.1214385,3
154590723786160,9817732548,-0.14955142,7.7030945,6.1085773,3
154590726286160,9820232548,-0.14297116,7.7039914,6.120541,3
154590728786160,9822732548,-0.16151553,7.7012997,6.1181483,3
154590731286160,9825232548,-0.15643078,7.7123666,6.1121664,3
154590733786160,9827732548,-0.15074782,7.700701,6.105885,3
154590736286160,9830232548,-0.15343975,7.696514,6.100202,3
154590738786160,9832732548,-0.15613168,7.687541,6.090332,3
154590741286160,9835232548,-0.13998012,7.6806617,6.0918274,3
154590743786160,9837732548,-0.15314065,7.696813,6.101698,3
154590746286160,9840232548,-0.18544376,7.6926255,6.152246,3
154590748786160,9842732548,-0.22671995,7.6920276,6.166304,3
154590751286160,9845232548,-0.24556342,7.687242,6.209674,3
154590753786160,9847732548,-0.25992036,7.685746,6.229714,3
154590756286160,9850232548,-0.26979074,7.696514,6.221638,3
154590758786160,9852732548,-0.25603202,7.685447,6.207879,3
154590761286160,9855232548,-0.25244278,7.6743803,6.1995044,3
154590763786160,9857732548,-0.24675983,7.6606216,6.194719,3
154590766286160,9860232548,-0.24227329,7.655836,6.1648083,3
154590768786160,9862732548,-0.24765715,7.665407,6.1396837,3
154590771286160,9865232548,-0.24586253,7.666903,6.146264,3
154590773786160,9867732548,-0.24107689,7.6660056,6.104988,3
154590776286160,9870232548,-0.23090738,7.6755767,6.1378894,3
154590778786160,9872732548,-0.2216352,7.6797643,6.1331034,3
154590781286160,9875232548,-0.21684955,7.693224,6.1085773,3
154590783786160,9877732548,-0.21206391,7.7147593,6.122336,3
154590786286160,9880232548,-0.21385853,7.7240314,6.131309,3
154590788786160,9882732548,-0.23330021,7.7330046,6.1103716,3
154590791286160,9885232548,-0.22701904,7.7330046,6.0744796,3
154590793786160,9887732548,-0.2216352,7.7368927,6.061917,3
154590796286160,9890232548,-0.2416751,7.733603,6.0451674,3
154590798786160,9892732548,-0.2536392,7.7362947,6.026623,3
154590801286160,9895232548,-0.24945176,7.7389865,5.986543,3
154590803786160,9897732548,-0.25214368,7.7276206,5.9581285,3
154590806286160,9900232548,-0.253041,7.676474,5.9324055,3
154590808786160,9902732548,-0.28594232,7.6477604,5.9521465,3
154590811286160,9905232548,-0.27756742,7.6166534,5.981159,3
154590813786160,9907732548,-0.2856432,7.610073,6.017949,3
154590816286160,9910232548,-0.28983065,7.616953,6.055337,3
154590818786160,9912732548,-0.27696922,7.6331043,6.053542,3
154590821286160,9915232548,-0.26021945,7.6217384,6.0583277,3
154590823786160,9917732548,-0.2623132,7.6387873,6.0774703,3
154590826286160,9920232548,-0.2635096,7.632506,6.075676,3
154590828786160,9922732548,-0.27008986,7.6345997,6.072386,3
154590831286160,9925232548,-0.27188447,7.63789,6.0717874,3
154590833786160,9927732548,-0.27188447,7.650153,6.092725,3
154590836286160,9930232548,-0.27188447,7.666903,6.085546,3
154590838786160,9932732548,-0.26799613,7.6770725,6.0933228,3
154590841286160,9935232548,-0.2847459,7.670492,6.0948186,3
154590843786160,9937732548,-0.31016964,7.6680994,6.0933228,3
154590846286160,9940232548,-0.33439696,7.6836524,6.1013985,3
154590848786160,9942732548,-0.3400799,7.693224,6.0948186,3
154590851286160,9945232548,-0.32542387,7.673184,6.0867424,3
154590853786160,9947732548,-0.32183465,7.665407,6.076573,3
154590856286160,9950232548,-0.3269194,7.6495547,6.075676,3
154590858786160,9952732548,-0.32004002,7.643274,6.1064835,3
154590861286160,9955232548,-0.33379877,7.6387873,6.1103716,3
154590863786160,9957732548,-0.32303107,7.6510506,6.1178493,3
154590866286160,9960232548,-0.32153556,7.670492,6.108278,3
154590868786160,9962732548,-0.28743783,7.679166,6.073881,3
154590871286160,9965232548,-0.26171497,7.673483,6.04427,3
154590873786160,9967732548,-0.232702,7.6657066,6.003891,3
154590876286160,9970232548,-0.19890338,7.6606216,5.939883,3
154590878786160,9972732548,-0.14297116,7.6348987,5.889933,3
154590881286160,9975232548,-0.11515459,7.6011004,5.837291,3
154590883786160,9977732548,-0.08883354,7.587641,5.808577,3
154590886286160,9980232548,-0.060717873,7.5903325,5.8019967,3
154590888786160,9982732548,-0.03798606,7.5846496,5.779863,3
154590891286160,9985232548,-0.0065802624,7.5921273,5.733203,3
154590893786160,9987732548,0.032901313,7.5906315,5.68415,3
154590896286160,9990232548,0.05802595,7.576873,5.6321063,3
154590898786160,9992732548,0.08703893,7.568498,5.5893345,3
154590901286160,9995232548,0.15702899,7.534101,5.532804,3
154590903786160,9997732548,0.22701904,7.5269227,5.413462,3
154590906286160,10000232548,0.24795625,7.562815,5.3772707,3
154590908786160,10002732548,0.26261228,7.6130643,5.4373903,3
154590911286160,10005232548,0.2653042,7.643274,5.449055,3
154590913786160,10007732548,0.2868396,7.676773,5.4200425,3
154590916286160,10010232548,0.3275176,7.7039914,5.3590255,3
154590918786160,10012732548,0.3610171,7.730911,5.3886366,3
154590921286160,10015232548,0.37597227,7.7422767,5.482256,3
154590923786160,10017732548,0.37298122,7.7345,5.5133624,3
154590926286160,10020232548,0.38344982,7.713563,5.488836,3
154590928786160,10022732548,0.38165522,7.7156568,5.469095,3
154590931286160,10025232548,0.37597227,7.7297144,5.4843497,3
154590933786160,10027732548,0.36161533,7.7446694,5.4960146,3
154590936286160,10030232548,0.33379877,7.747062,5.5630136,3
154590938786160,10032732548,0.30269206,7.7587276,5.625526,3
154590941286160,10035232548,0.25633112,7.7533436,5.721239,3
154590943786160,10037732548,0.22402802,7.763513,5.786443,3
154590946286160,10040232548,0.18454644,7.766205,5.871688,3
154590948786160,10042732548,0.1468595,7.7473617,5.9464636,3
154590951286160,10045232548,0.09990034,7.7243304,5.9973106,3
154590953786160,10047732548,0.06131608,7.711469,6.0690956,3
154590956286160,10050232548,0.0080757765,7.707581,6.1381884,3
154590958786160,10052732548,-0.046061836,7.7126656,6.194719,3
154590961286160,10055232548,-0.07507481,7.705188,6.2309103,3
154590963786160,10057732548,-0.12921242,7.70788,6.2605214,3
154590966286160,10060232548,-0.19381863,7.685746,6.250352,3
154590968786160,10062732548,-0.24376881,7.6543407,6.247959,3
154590971286160,10065232548,-0.2632105,7.6363945,6.2512493,3
154590973786160,10067732548,-0.33888352,7.631908,6.2940207,3
154590976286160,10070232548,-0.4019942,7.665407,6.3738813,3
154590978786160,10072732548,-0.37686956,7.672885,6.3215384,3
154590981286160,10075232548,-0.3717848,7.655537,6.2584276,3
154590983786160,10077732548,-0.38554356,7.648957,6.2030935,3
154590986286160,10080232548,-0.38464624,7.6070824,6.136992,3
154590988786160,10082732548,-0.3589234,7.554141,6.087042,3
154590991286160,10085232548,-0.3397808,7.5382886,6.1028943,3
154590993786160,10087732548,-0.3173481,7.5203424,6.1127644,3
154590996286160,10090232548,-0.3173481,7.516454,6.142376,3
154590998786160,10092732548,-0.31375888,7.515557,6.213562,3
154591001286160,10095232548,-0.31256247,7.5364943,6.250651,3
154591003786160,10097732548,-0.34666017,7.533204,6.259624,3
154591006286160,10100232548,-0.35862428,7.5571322,6.2958155,3
154591008786160,10102732548,-0.36311084,7.5550385,6.2976103,3
154591011286160,10105232548,-0.36281174,7.545168,6.3068824,3
154591013786160,10107732548,-0.36281174,7.545467,6.2997036,3
154591016286160,10110232548,-0.36909288,7.5379896,6.309275,3
154591018786160,10112732548,-0.349053,7.5203424,6.305686,3
154591021286160,10115232548,-0.35413775,7.495517,6.322436,3
154591023786160,10117732548,-0.32422748,7.4739814,6.3475604,3
154591026286160,10120232548,-0.31106696,7.4566336,6.3891354,3
154591028786160,10122732548,-0.31435707,7.448857,6.4366927,3
154591031286160,10125232548,-0.33110684,7.4563346,6.480362,3
154591033786160,10127732548,-0.3278167,7.472785,6.509375,3
154591036286160,10130232548,-0.36191443,7.4796643,6.556035,3
154591038786160,10132732548,-0.39481574,7.4853473,6.5943203,3
154591041286160,10135232548,-0.43818563,7.484151,6.6969123,3
154591043786160,10137732548,-0.4660022,7.4937224,6.9613194,3
154591046286160,10140232548,-0.47228336,7.4904323,7.186544,3
154591048786160,10142732548,-0.46899325,7.47458,7.327122,3
154591051286160,10145232548,-0.47048876,7.455736,7.37438,3
154591053786160,10147732548,-0.45942193,7.422835,7.353144,3
154591056286160,10150232548,-0.44506502,7.4249287,7.318149,3
154591058786160,10152732548,-0.42532423,7.405188,7.254141,3
154591061286160,10155232548,-0.39750767,7.3917284,7.178767,3
154591063786160,10157732548,-0.37238303,7.3923264,7.090831,3
154591066286160,10160232548,-0.3481557,7.3953176,7.0022964,3
154591068786160,10162732548,-0.30957142,7.4216385,6.929016,3
154591071286160,10165232548,-0.29132617,7.420143,6.856633,3
154591073786160,10167732548,-0.26919255,7.442576,6.7678,3
154591076286160,10170232548,-0.25872394,7.4736824,6.704091,3
154591078786160,10172732548,-0.23988047,7.4808607,6.643373,3
154591081286160,10175232548,-0.19561325,7.4536424,6.547062,3
154591083786160,10177732548,-0.13190435,7.4880395,6.323931,3
154591086286160,10180232548,-0.12592229,7.536195,6.2793646,3
154591088786160,10182732548,-0.12532409,7.5792656,6.213562,3
154591091286160,10185232548,-0.12053844,7.615158,6.1357956,3
154591093786160,10187732548,-0.11216356,7.6280193,6.0583277,3
154591096286160,10190232548,-0.09661021,7.652546,5.9781685,3
154591098786160,10192732548,-0.05802595,7.6630144,5.9285173,3
154591101286160,10195232548,-0.028115666,7.6609206,5.8818574,3
154591103786160,10197732548,-0.026919255,7.6570325,5.8636117,3
154591106286160,10200232548,-0.011066805,7.650452,5.8097734,3
154591108786160,10202732548,-0.008973085,7.648957,5.837889,3
154591111286160,10205232548,-0.017647067,7.624729,5.837889,3
154591113786160,10207732548,-0.022731815,7.61127,5.832505,3
154591116286160,10210232548,-0.01375873,7.6202426,5.871688,3
154591118786160,10212732548,-0.020638095,7.6013994,5.9030933,3
154591121286160,10215232548,-0.023629123,7.6085777,5.9844494,3
154591123786160,10217732548,-0.023928227,7.622636,6.0804615,3
154591126286160,10220232548,-0.018843478,7.61785,6.1642103,3
154591128786160,10222732548,-0.018843478,7.614859,6.24766,3
154591131286160,10225232548,-0.014057833,7.6199436,6.3385873,3
154591133786160,10227732548,-0.01794617,7.609176,6.4121666,3
154591136286160,10230232548,-0.0071784677,7.5849485,6.477072,3
154591138786160,10232732548,-5.9820566E-4,7.5699935,6.513263,3
154591141286160,10235232548,-5.9820566E-4,7.54128,6.570691,3
154591143786160,10237732548,-0.0014955142,7.530213,6.606284,3
154591146286160,10240232548,-0.0056829536,7.5068827,6.6538415,3
154591148786160,10242732548,0.014656039,7.482057,6.6948185,3
154591151286160,10245232548,0.015553347,7.495218,6.7112694,3
154591153786160,10247732548,0.016749758,7.4940214,6.7334027,3
154591156286160,10250232548,0.016151553,7.508079,6.7178497,3
154591158786160,10252732548,0.016151553,7.5317082,6.710372,3
154591161286160,10255232548,-0.015553347,7.550552,6.710372,3
154591163786160,10257732548,-0.04516453,7.568498,6.6858454,3
154591166286160,10260232548,-0.07238288,7.5702925,6.6559353,3
154591168786160,10262732548,-0.0948156,7.5759754,6.6299133,3
154591171286160,10265232548,-0.10917253,7.5753775,6.6020966,3
154591173786160,10267732548,-0.13579269,7.560123,6.5688963,3
154591176286160,10270232548,-0.15732808,7.5550385,6.5201426,3
154591178786160,10272732548,-0.18664017,7.5556364,6.4666033,3
154591181286160,10275232548,-0.22372891,7.5179496,6.4184475,3
154591183786160,10277732548,-0.27128628,7.5173516,6.396613,3
154591186286160,10280232548,-0.3077768,7.530512,6.3795643,3
154591188786160,10282732548,-0.3472584,7.5173516,6.361319,3
154591191286160,10285232548,-0.3792624,7.5140615,6.3332033,3
154591193786160,10287732548,-0.389731,7.5053873,6.3143597,3
154591196286160,10290232548,-0.39780676,7.5116687,6.305985,3
154591198786160,10292732548,-0.39032918,7.5197444,6.2694945,3
154591201286160,10295232548,-0.4103691,7.5236325,6.270691,3
154591203786160,10297732548,-0.41874397,7.5364943,6.296414,3
154591206286160,10300232548,-0.4229314,7.541579,6.3275204,3
154591208786160,10302732548,-0.42831525,7.5460653,6.36102,3
154591211286160,10305232548,-0.41994038,7.542177,6.4064837,3
154591213786160,10307732548,-0.41306102,7.536793,6.4013987,3
154591216286160,10310232548,-0.42562333,7.550552,6.346663,3
154591218786160,10312732548,-0.39661035,7.5637126,6.361319,3
154591221286160,10315232548,-0.38524446,7.55773,6.4351974,3
154591223786160,10317732548,-0.37567315,7.5269227,6.4495544,3
154591226286160,10320232548,-0.3822534,7.478169,6.3738813,3
154591228786160,10322732548,-0.40857446,7.4237323,6.0801625,3
154591231286160,10325232548,-0.47168517,7.3340015,5.6297135,3
154591233786160,10327732548,-0.48424748,7.3313093,5.4349976,3
154591236286160,10330232548,-0.44775695,7.4620175,5.645865,3
154591238786160,10332732548,-0.35533416,7.6462646,6.0634127,3
154591241286160,10335232548,-0.2434697,7.82124,6.419644,3
154591243786160,10337732548,-0.13220344,7.969296,6.637989,3
154591246286160,10340232548,0.016151553,8.024331,6.8467627,3
154591248786160,10342732548,0.17647067,7.998608,6.8712893,3
154591251286160,10345232548,0.26799613,7.8296146,6.8745794,3
154591253786160,10347732548,0.30299118,7.641778,6.776773,3
154591256286160,10350232548,0.33320054,7.457531,6.72772,3
154591258786160,10352732548,0.33469605,7.2993054,6.6308107,3
154591261286160,10355232548,0.30957142,7.2122664,6.582655,3
154591263786160,10357732548,0.30089745,7.202097,6.497411,3
154591266286160,10360232548,0.33559337,7.2792654,6.3125653,3
154591268786160,10362732548,0.28175488,7.3214393,6.148059,3
154591271286160,10365232548,0.24915266,7.373782,5.961119,3
154591273786160,10367732548,0.23060828,7.4620175,5.8546386,3
154591276286160,10370232548,0.26679972,7.574181,5.7987065,3
154591278786160,10372732548,0.31136605,7.6794653,5.750551,3
154591281286160,10375232548,0.33110684,7.718947,5.7819567,3
154591283786160,10377732548,0.36909288,7.7940216,5.866304,3
154591286286160,10380232548,0.35712877,7.795218,5.9380884,3
154591288786160,10382732548,0.35443684,7.7925262,5.9724855,3
154591291286160,10385232548,0.35623148,7.7799635,5.944669,3
154591293786160,10387732548,0.37477586,7.760522,5.8818574,3
154591296286160,10390232548,0.40677986,7.710572,5.7951174,3
154591298786160,10392732548,0.4881358,7.745268,5.6706905,3
154591301286160,10395232548,0.4749753,7.6513495,5.5710893,3
154591303786160,10397732548,0.4962116,7.598408,5.509175,3
154591306286160,10400232548,0.5306084,7.631908,5.5205407,3
154591308786160,10402732548,0.46630132,7.574779,5.6446686,3
154591311286160,10405232548,0.40528435,7.496414,5.7927246,3
154591313786160,10407732548,0.3589234,7.4904323,5.942575,3
154591316286160,10410232548,0.29312077,7.507182,6.0891356,3
154591318786160,10412732548,0.2108675,7.5418777,6.2198434,3
154591321286160,10415232548,0.12532409,7.5900335,6.384051,3
154591323786160,10417732548,0.03619144,7.598707,6.550651,3
154591326286160,10420232548,-0.011066805,7.5921273,6.708278,3
154591328786160,10422732548,-0.048155557,7.5846496,6.800701,3
154591331286160,10425232548,-0.05742774,7.54457,6.8150578,3
154591333786160,10427732548,-0.03708875,7.4829545,6.7639112,3
154591336286160,10430232548,-0.025722843,7.44108,6.797411,3
154591338786160,10432732548,-0.008673982,7.408478,6.835397,3
154591341286160,10435232548,0.0077766734,7.3779697,6.843772,3
154591343786160,10437732548,0.015254244,7.366903,6.8222365,3
154591346286160,10440232548,0.048454657,7.338488,6.7926254,3
154591348786160,10442732548,0.07926225,7.339086,6.7633133,3
154591351286160,10445232548,0.102592275,7.3322067,6.723233,3
154591353786160,10447732548,0.14147563,7.318149,6.672685,3
154591356286160,10450232548,0.20039889,7.2933235,6.6358953,3
154591358786160,10452732548,0.25124636,7.2326055,6.619744,3
154591361286160,10455232548,0.30149564,7.1970124,6.6308107,3
154591363786160,10457732548,0.32183465,7.129415,6.6188464,3
154591366286160,10460232548,0.31286156,7.109076,6.5425754,3
154591368786160,10462732548,0.2757728,7.123134,6.4208403,3
154591371286160,10465232548,0.23778675,7.1473613,6.2512493,3
154591373786160,10467732548,0.21595225,7.16441,6.040681,3
154591376286160,10470232548,0.15882361,7.1730843,5.805885,3
154591378786160,10472732548,0.040677983,7.161419,5.1293144,3
154591381286160,10475232548,-0.08584251,7.2472615,4.6028934,3
154591383786160,10477732548,-0.1797608,7.446464,4.587041,3
154591386286160,10480232548,-0.26650062,7.900502,4.735396,3
154591388786160,10482732548,-0.56350976,7.9857464,5.046164,3
154591391286160,10485232548,-0.770788,7.8577304,5.408377,3
154591393786160,10487732548,-0.72352976,7.900203,5.7080784,3
154591396286160,10490232548,-0.70977104,7.7832537,6.001797,3
154591398786160,10492732548,-0.6619146,7.65793,6.216254,3
154591401286160,10495232548,-0.52941203,7.5604224,6.323034,3
154591403786160,10497732548,-0.357727,7.3552375,6.2204413,3
154591406286160,10500232548,-0.20727827,7.3011003,6.215656,3
154591408786160,10502732548,-0.10438689,7.373782,6.3604217,3
154591411286160,10505232548,-0.096909314,7.3516483,6.4259253,3
154591413786160,10507732548,-0.070289165,7.3953176,6.4471617,3
154591416286160,10510232548,-0.07148558,7.4356966,6.483652,3
154591418786160,10512732548,-0.10857433,7.42792,6.558129,3
154591421286160,10515232548,-0.09930214,7.4419775,6.6825557,3
154591423786160,10517732548,-0.110368945,7.425826,6.815955,3
154591426286160,10520232548,-0.14327025,7.359126,6.893722,3
154591428786160,10522732548,-0.15314065,7.342675,6.9481587,3
154591431286160,10525232548,-0.19262223,7.3085775,6.9556365,3
154591433786160,10527732548,-0.2548356,7.2957163,6.9741807,3
154591436286160,10530232548,-0.31585258,7.2658057,6.965806,3
154591438786160,10532732548,-0.3681956,7.239186,6.946065,3
154591441286160,10535232548,-0.46121657,7.256833,6.922735,3
154591443786160,10537732548,-0.5288138,7.3049884,6.9481587,3
154591446286160,10540232548,-0.6329016,7.301698,6.9481587,3
154591448786160,10542732548,-0.75224364,7.3253274,6.9131637,3
154591451286160,10545232548,-0.8234301,7.3666034,6.870392,3
154591453786160,10547732548,-0.8889336,7.3989067,6.8168526,3
154591456286160,10550232548,-0.9412766,7.4602227,6.801,3
154591458786160,10552732548,-1.0079765,7.4470625,6.745965,3
154591461286160,10555232548,-1.0941181,7.4709907,6.7145596,3
154591463786160,10557732548,-1.1623136,7.5047894,6.6831536,3
154591466286160,10560232548,-1.2418749,7.516454,6.646962,3
154591468786160,10562732548,-1.3268201,7.515856,6.619445,3
154591471286160,10565232548,-1.4380864,7.513164,6.6224356,3
154591473786160,10567732548,-1.50688,7.5200434,6.573383,3
154591476286160,10570232548,-1.5741782,7.5344005,6.5958157,3
154591478786160,10572732548,-1.6283158,7.537391,6.556334,3
154591481286160,10575232548,-1.7105691,7.498209,6.5644097,3
154591483786160,10577732548,-1.7341982,7.4979095,6.559624,3
154591486286160,10580232548,-1.7518452,7.489535,6.5578294,3
154591488786160,10582732548,-1.7668004,7.503892,6.5898337,3
154591491286160,10585232548,-1.7485552,7.501499,6.6020966,3
154591493786160,10587732548,-1.7102699,7.517052,6.641279,3
154591496286160,10590232548,-1.6477575,7.5409803,6.6852474,3
154591498786160,10592732548,-1.6043876,7.5230346,6.6948185,3
154591501286160,10595232548,-1.5218352,7.522137,6.7002025,3
154591503786160,10597732548,-1.4410775,7.5068827,6.708278,3
154591506286160,10600232548,-1.3698909,7.467401,6.745666,3
154591508786160,10602732548,-1.2969099,7.4856467,6.72772,3
154591511286160,10605232548,-1.2317054,7.4470625,6.724729,3
154591513786160,10607732548,-1.1979069,7.4219375,6.7390857,3
154591516286160,10610232548,-1.1494522,7.415058,6.7375903,3
154591518786160,10612732548,-1.0998011,7.4234333,6.7109704,3
154591521286160,10615232548,-1.0746765,7.408777,6.6870418,3
154591523786160,10617732548,-1.0420742,7.390532,6.665806,3
154591526286160,10620232548,-0.98554385,7.416853,6.680462,3
154591528786160,10622732548,-0.9708878,7.423134,6.684649,3
154591531286160,10625232548,-0.9562318,7.4153576,6.695716,3
154591533786160,10627732548,-0.951147,7.4030943,6.690033,3
154591536286160,10630232548,-0.9448658,7.420741,6.6720867,3
154591538786160,10632732548,-0.9343972,7.405188,6.6329045,3
154591541286160,10635232548,-0.9071789,7.419844,6.5835524,3
154591543786160,10637732548,-0.8922237,7.420143,6.506683,3
154591546286160,10640232548,-0.90119684,7.4192457,6.445367,3
154591548786160,10642732548,-0.9170493,7.432107,6.4091754,3
154591551286160,10645232548,-0.9290134,7.4533434,6.3676,3
154591553786160,10647732548,-0.93649095,7.4733834,6.337989,3
154591556286160,10650232548,-0.94426763,7.4709907,6.303592,3
154591558786160,10652732548,-0.9454641,7.4850483,6.271289,3
154591561286160,10655232548,-0.94636136,7.495517,6.2114687,3
154591563786160,10657732548,-0.9314062,7.522436,6.152246,3
154591566286160,10660232548,-0.9245269,7.5499535,6.079564,3
154591568786160,10662732548,-0.91495556,7.578368,6.022136,3
154591571286160,10665232548,-0.92303133,7.603792,6.003592,3
154591573786160,10667732548,-0.962812,7.619046,5.9530435,3
154591576286160,10670232548,-1.0211371,7.632506,5.921638,3
154591578786160,10672732548,-1.067498,7.626225,5.8767724,3
154591581286160,10675232548,-1.0902299,7.637292,5.840282,3
154591583786160,10677732548,-1.1051849,7.632506,5.832505,3
154591586286160,10680232548,-1.1204392,7.629814,5.82742,3
154591588786160,10682732548,-1.1338989,7.620542,5.8624153,3
154591591286160,10685232548,-1.1467602,7.628618,5.89083,3
154591593786160,10687732548,-1.1772687,7.652247,5.9057856,3
154591596286160,10690232548,-1.2074782,7.6716886,5.914459,3
154591598786160,10692732548,-1.2496517,7.6953177,5.910571,3
154591601286160,10695232548,-1.3097713,7.709974,5.9177494,3
154591603786160,10697732548,-1.3561323,7.7425756,5.927919,3
154591606286160,10700232548,-1.3830515,7.7685976,5.9694943,3
154591608786160,10702732548,-1.4177474,7.7868433,6.034998,3
154591611286160,10705232548,-1.4608182,7.8089767,6.088537,3
154591613786160,10707732548,-1.5131612,7.8263245,6.10768,3
154591616286160,10710232548,-1.5819548,7.8496547,6.1477594,3
154591618786160,10712732548,-1.6334006,7.861619,6.183951,3
154591621286160,10715232548,-1.6489539,7.8744802,6.2440705,3
154591623786160,10717732548,-1.654936,7.872985,6.2937217,3
154591626286160,10720232548,-1.622932,7.8520474,6.3622165,3
154591628786160,10722732548,-1.5807585,7.8278203,6.404091,3
154591631286160,10725232548,-1.5050855,7.7880397,6.444769,3
154591633786160,10727732548,-1.4249259,7.745268,6.474679,3
154591636286160,10730232548,-1.352543,7.71117,6.4851475,3
154591638786160,10732732548,-1.2831511,7.7108707,6.4923263,3
154591641286160,10735232548,-1.2122638,7.690831,6.472585,3
154591643786160,10737732548,-1.1476575,7.685746,6.452545,3
154591646286160,10740232548,-1.0956137,7.700701,6.419046,3
154591648786160,10742732548,-1.0432707,7.7004023,6.361319,3
154591651286160,10745232548,-0.99690974,7.7126656,6.283552,3
154591653786160,10747732548,-0.95473623,7.7129645,6.213263,3
154591656286160,10750232548,-0.9056834,7.7123666,6.168697,3
154591658786160,10752732548,-0.85483587,7.7350984,6.1399827,3
154591661286160,10755232548,-0.8021938,7.7345,6.157331,3
154591663786160,10757732548,-0.74506515,7.7500534,6.1435723,3
154591666286160,10760232548,-0.6855437,7.7569327,6.1208405,3
154591668786160,10762732548,-0.63948184,7.768897,6.1139607,3
154591671286160,10765232548,-0.5844469,7.77787,6.101698,3
154591673786160,10767732548,-0.54287165,7.7685976,6.04098,3
154591676286160,10770232548,-0.49082774,7.77129,5.9952173,3
154591678786160,10772732548,-0.43698925,7.7668033,5.9524455,3
154591681286160,10775232548,-0.3789633,7.7593255,5.907281,3
154591683786160,10777732548,-0.31585258,7.772486,5.851349,3
154591686286160,10780232548,-0.27188447,7.7572317,5.8247285,3
154591688786160,10782732548,-0.21595225,7.7853475,5.8022957,3
154591691286160,10785232548,-0.16719848,7.786544,5.8019967,3
154591693786160,10787732548,-0.12023934,7.798508,5.8190455,3
154591696286160,10790232548,-0.06819545,7.793423,5.8594246,3
154591698786160,10792732548,-0.0065802624,7.7671022,5.883054,3
154591701286160,10795232548,0.041874398,7.7353973,5.866304,3
154591703786160,10797732548,0.06281159,7.7404823,5.797211,3
154591706286160,10800232548,0.04007978,7.7479596,5.727819,3
154591708786160,10802732548,0.0035892338,7.760223,5.640182,3
154591711286160,10805232548,-0.04007978,7.778169,5.605486,3
154591713786160,10807732548,-0.06610172,7.799106,5.5869417,3
154591716286160,10810232548,-0.0529412,7.8314095,5.5920267,3
154591718786160,10812732548,-0.039780676,7.8278203,5.660521,3
154591721286160,10815232548,-0.02841477,7.8463645,5.6850476,3
154591723786160,10817732548,0.018245272,7.8592257,5.7379885,3
154591726286160,10820232548,0.054137614,7.8514495,5.783153,3
154591728786160,10822732548,0.08823533,7.839485,5.812166,3
154591731286160,10825232548,0.11724831,7.829914,5.8564334,3
154591733786160,10827732548,0.12532409,7.7997046,5.884848,3
154591736286160,10830232548,0.12143575,7.789834,5.910571,3
154591738786160,10832732548,0.09661021,7.7679996,5.9560347,3
154591741286160,10835232548,0.06819545,7.750652,5.977869,3
154591743786160,10837732548,0.030508488,7.7389865,5.9934225,3
154591746286160,10840232548,-0.020338992,7.725228,6.000302,3
154591748786160,10842732548,-0.048454657,7.732406,6.021837,3
154591751286160,10845232548,-0.0637089,7.7425756,6.051748,3
154591753786160,10847732548,-0.08225328,7.745866,6.079265,3
154591756286160,10850232548,-0.08015956,7.746763,6.1031933,3
154591758786160,10852732548,-0.086141616,7.75454,6.1103716,3
154591761286160,10855232548,-0.091525465,7.751848,6.109175,3
154591763786160,10857732548,0.021535404,7.8759756,6.1654067,3
154591766286160,10860232548,0.116351,8.021339,6.216852,3
154591768786160,10862732548,0.02961118,7.9746795,6.08764,3
154591771286160,10865232548,-0.07477571,7.919645,5.99761,3
154591773786160,10867732548,-0.11964113,7.8780694,5.9844494,3
154591776286160,10870232548,-0.10109676,7.8367934,5.9805613,3
154591778786160,10872732548,-0.035593238,7.77458,5.9784675,3
154591781286160,10875232548,0.06520442,7.7365937,5.925825,3
154591783786160,10877732548,0.14117654,7.70788,5.919843,3
154591786286160,10880232548,0.20428723,7.725228,5.8950176,3
154591788786160,10882732548,0.22253251,7.7560353,5.8947186,3
154591791286160,10885232548,0.21864417,7.799106,5.9039907,3
154591793786160,10887732548,0.19591236,7.8442707,5.927321,3
154591796286160,10890232548,0.15433706,7.9011,5.9656057,3
154591798786160,10892732548,0.1683949,8.01117,5.9910297,3
154591801286160,10895232548,0.15194423,8.148159,6.0457654,3
154591803786160,10897732548,0.012861421,8.181061,5.9991055,3
154591806286160,10900232548,-0.08315059,8.152048,5.990731,3
154591808786160,10902732548,-0.1372882,8.102695,6.0137615,3
154591811286160,10905232548,-0.16091733,8.065607,6.0308104,3
154591813786160,10907732548,-0.13489537,8.028817,6.032605,3
154591816286160,10910232548,-0.09421739,7.9854474,6.0661044,3
154591818786160,10912732548,-0.055334024,7.9597244,6.0951176,3
154591821286160,10915232548,-0.026021946,7.9651084,6.1477594,3
154591823786160,10917732548,-0.023629123,7.9390864,6.2267227,3
154591826286160,10920232548,-0.016749758,7.925029,6.290731,3
154591828786160,10922732548,0.011066805,7.919944,6.3493547,3
154591831286160,10925232548,0.061615184,7.9076805,6.3999033,3
154591833786160,10927732548,0.112761766,7.908279,6.439086,3
154591836286160,10930232548,0.17856438,7.8930244,6.451349,3
154591838786160,10932732548,0.21355942,7.8897343,6.4812593,3
154591841286160,10935232548,0.22791636,7.8613195,6.4594245,3
154591843786160,10937732548,0.20937198,7.819445,6.4295144,3
154591846286160,10940232548,0.22462623,7.7754774,6.445367,3
154591848786160,10942732548,0.23688944,7.730612,6.389435,3
154591851286160,10945232548,0.23479572,7.6983085,6.3607206,3
154591853786160,10947732548,0.25004998,7.644171,6.32094,3
154591856286160,10950232548,0.25842485,7.6136627,6.2991056,3
154591858786160,10952732548,0.13758731,7.5637126,6.302396,3
154591861286160,10955232548,-0.28295127,7.4270225,6.393622,3
154591863786160,10957732548,-0.3361916,7.3666034,6.465108,3
154591866286160,10960232548,-0.19262223,7.370791,6.4348984,3
154591868786160,10962732548,0.08344969,7.4234333,6.425028,3
154591871286160,10965232548,0.2973082,7.4943204,6.4666033,3
154591873786160,10967732548,0.43728834,7.5753775,6.5252275,3
154591876286160,10970232548,0.49322057,7.676773,6.6000032,3
154591878786160,10972732548,0.50069815,7.749156,6.6574306,3
154591881286160,10975232548,0.5279165,7.8020973,6.599704,3
154591883786160,10977732548,0.5392824,7.841579,6.489634,3
154591886286160,10980232548,0.5554339,7.853244,6.3517475,3
154591888786160,10982732548,0.57876396,7.876574,6.2350974,3
154591891286160,10985232548,0.6113662,7.904989,6.12772,3
154591893786160,10987732548,0.67058855,7.9226356,6.044868,3
154591896286160,10990232548,0.701097,7.936095,5.988338,3
154591898786160,10992732548,0.6801598,7.931908,5.9347982,3
154591901286160,10995232548,0.68823564,7.9346,5.858228,3
154591903786160,10997732548,0.7160522,7.9408813,5.753243,3
154591906286160,11000232548,0.73429745,7.9564342,5.682954,3
154591908786160,11002732548,0.77407813,7.9280195,5.6410794,3
154591911286160,11005232548,0.8129615,7.860123,5.569295,3
154591913786160,11007732548,0.88295156,7.845168,5.5707903,3
154591916286160,11010232548,0.9305089,7.8236327,5.5950174,3
154591918786160,11012732548,0.9167502,7.826624,5.6240306,3
154591921286160,11015232548,0.90448695,7.8403826,5.6614184,3
154591923786160,11017732548,0.8880363,7.8460655,5.672186,3
154591926286160,11020232548,0.8817552,7.8577304,5.6946187,3
154591928786160,11022732548,0.8422736,7.888239,5.7149577,3
154591931286160,11025232548,0.81625164,7.891529,5.803193,3
154591933786160,11027732548,0.77018976,7.943573,5.8334026,3
154591936286160,11030232548,0.7259226,7.969894,5.8615184,3
154591938786160,11032732548,0.70648086,7.967202,5.8770714,3
154591941286160,11035232548,0.7181459,7.986943,5.8525453,3
154591943786160,11037732548,0.698106,8.046165,5.8483577,3
154591946286160,11040232548,0.6942177,8.033902,5.814559,3
154591948786160,11042732548,0.6978069,7.978568,5.808876,3
154591951286160,11045232548,0.71665037,7.945368,5.7924256,3
154591953786160,11047732548,0.7223333,7.939984,5.7783675,3
154591956286160,11050232548,0.73369926,7.918149,5.784948,3
154591958786160,11052732548,0.7797611,7.8744802,5.743971,3
154591961286160,11055232548,0.78693956,7.834101,5.6946187,3
154591963786160,11057732548,0.8279166,7.860123,5.656633,3
154591966286160,11060232548,0.8350951,7.9112697,5.5534425,3
154591968786160,11062732548,0.8428718,7.946863,5.495416,3
154591971286160,11065232548,0.82612205,7.9887376,5.4664035,3
154591973786160,11067732548,0.8350951,8.014161,5.433801,3
154591976286160,11070232548,0.8129615,7.9944205,5.42752,3
154591978786160,11072732548,0.733101,8.12124,5.3799624,3
154591981286160,11075232548,0.67148584,8.155039,5.433502,3
154591983786160,11077732548,0.5279165,8.334201,5.406583,3
154591986286160,11080232548,-0.17676978,9.54467,5.0506506,3
154591988786160,11082732548,-0.5766702,10.208678,4.9058847,3
154591991286160,11085232548,-0.47886363,9.878469,4.898108,3
154591993786160,11087732548,-0.39361933,9.520742,4.8415775,3
154591996286160,11090232548,-0.30957142,9.18156,4.9953165,3
154591998786160,11092732548,-0.24795625,8.908778,5.1326046,3
154592001286160,11095232548,-0.14536397,8.655437,5.302794,3
154592003786160,11097732548,-0.049052864,8.475677,5.4320064,3
154592006286160,11100232548,0.034695927,8.351849,5.5462637,3
154592008786160,11102732548,0.08075777,8.273483,5.5660048,3
154592011286160,11105232548,0.13160525,8.22473,5.5298133,3
154592013786160,11107732548,0.1698904,8.221141,5.4439707,3
154592016286160,11110232548,0.20967108,8.227122,5.4592247,3
154592018786160,11112732548,0.26081768,8.225627,5.5516477,3
154592021286160,11115232548,0.30388847,8.259127,5.5833526,3
154592023786160,11117732548,0.33320054,8.294122,5.6001024,3
154592026286160,11120232548,0.34097722,8.345268,5.5477595,3
154592028786160,11122732548,0.35563326,8.348259,5.491827,3
154592031286160,11125232548,0.37836507,8.341081,5.419444,3
154592033786160,11127732548,0.4109673,8.322536,5.341079,3
154592036286160,11130232548,0.43609193,8.318349,5.288138,3
154592038786160,11132732548,0.4660022,8.2914295,5.2462635,3
154592041286160,11135232548,0.51116675,8.253144,5.215157,3
154592043786160,11137732548,0.59611195,8.204091,5.2046885,3
154592046286160,11140232548,0.6873383,8.155337,5.159524,3
154592048786160,11142732548,0.8117651,8.080861,5.1442695,3
154592051286160,11145232548,1.0010972,7.9800634,5.151149,3
154592053786160,11147732548,1.1216356,7.91785,5.122435,3
154592056286160,11150232548,1.114158,7.918149,5.0392847,3
154592058786160,11152732548,1.0935199,7.906484,4.8852468,3
154592061286160,11155232548,1.0722836,7.8840513,4.784449,3
154592063786160,11157732548,1.061815,7.8948193,4.709374,3
154592066286160,11160232548,1.1001002,7.894221,4.639085,3
154592068786160,11162732548,1.1527423,7.9016986,4.618148,3
154592071286160,11165232548,1.2113664,7.936095,4.5505505,3
154592073786160,11167732548,1.2786646,7.9779696,4.4841495,3
154592076286160,11170232548,1.3271192,7.9797645,4.488636,3
154592078786160,11172732548,1.352543,8.013264,4.4518466,3
154592081286160,11175232548,1.3393825,8.055437,4.3743787,3
154592083786160,11177732548,1.2909278,8.087142,4.301398,3
154592086286160,11180232548,1.2424731,8.122437,4.2744784,3
154592088786160,11182732548,1.2116655,8.140681,4.2969112,3
154592091286160,11185232548,1.1685947,8.16461,4.3737807,3
154592093786160,11187732548,1.1087742,8.194819,4.4207397,3
154592096286160,11190232548,1.041476,8.247461,4.5062833,3
154592098786160,11192732548,0.9729815,8.313264,4.566104,3
154592101286160,11195232548,0.87966144,8.376076,4.555635,3
154592103786160,11197732548,0.77766734,8.434401,4.5478587,3
154592106286160,11200232548,0.69212395,8.499007,4.4982076,3
154592108786160,11202732548,0.61704916,8.541479,4.4446683,3
154592111286160,11205232548,0.56440705,8.609376,4.44736,3
154592113786160,11207732548,0.52342993,8.66142,4.4449673,3
154592116286160,11210232548,0.50009996,8.702995,4.4548373,3
154592118786160,11212732548,0.4872385,8.743972,4.4255257,3
154592121286160,11215232548,0.5054838,8.792427,4.430012,3
154592123786160,11217732548,0.50189453,8.81785,4.3875394,3
154592126286160,11220232548,0.46630132,8.851649,4.282554,3
154592128786160,11222732548,0.40857446,8.904591,4.133302,3
154592131286160,11225232548,0.31465617,8.976375,3.8557346,3
154592133786160,11227732548,0.21804596,9.066704,3.5294135,3
154592136286160,11230232548,0.12801601,9.164211,3.158526,3
154592138786160,11232732548,0.059820566,9.293723,2.649752,3
154592141286160,11235232548,0.009571291,9.428319,2.143969,3
154592143786160,11237732548,-0.015553347,9.563514,1.8200407,3
154592146286160,11240232548,-0.020638095,9.657731,1.6334006,3
154592148786160,11242732548,-0.01375873,9.727721,1.6118652,3
154592151286160,11245232548,0.023030918,9.767203,1.7515461,3
154592153786160,11247732548,0.055633128,9.744172,2.047658,3
154592156286160,11250232548,0.17706887,9.679565,2.3919253,3
154592158786160,11252732548,0.3493521,9.591331,2.7678976,3
154592161286160,11255232548,0.57936215,9.47827,3.1360931,3
154592163786160,11257732548,0.8039884,9.367303,3.458227,3
154592166286160,11260232548,1.0334003,9.232706,3.7453656,3
154592168786160,11262732548,1.2308081,9.084052,3.95055,3
154592171286160,11265232548,1.4054842,8.94467,4.091428,3
154592173786160,11267732548,1.5170496,8.802896,4.148556,3
154592176286160,11270232548,1.6100706,8.653344,4.1315074,3
154592178786160,11272732548,1.6516458,8.506484,4.095615,3
154592181286160,11275232548,1.669592,8.372786,4.0570307,3
154592183786160,11277732548,1.6561323,8.249854,4.0348973,3
154592186286160,11280232548,1.6022938,8.174181,4.0067816,3
154592188786160,11282732548,1.5275182,8.118847,3.9526439,3
154592191286160,11285232548,1.4153546,8.086544,3.9391842,3
154592193786160,11287732548,1.2933207,8.075776,3.9813578,3
154592196286160,11290232548,1.1670992,8.083553,4.0301113,3
154592198786160,11292732548,1.058525,8.100303,4.0516467,3
154592201286160,11295232548,0.9726824,8.119744,4.080361,3
154592203786160,11297732548,0.91136634,8.146066,4.1386857,3
154592206286160,11300232548,0.8599206,8.1891365,4.22064,3
154592208786160,11302732548,0.8446664,8.2253275,4.3316073,3
154592211286160,11305232548,0.8491529,8.26122,4.455137,3
154592213786160,11307732548,0.8530413,8.313563,4.543372,3
154592216286160,11310232548,0.8431709,8.376076,4.636393,3
154592218786160,11312732548,0.8341978,8.405686,4.749454,3
154592221286160,11315232548,0.8246265,8.436495,4.738088,3
154592223786160,11317732548,0.7725826,8.443374,4.843073,3
154592226286160,11320232548,0.6577271,8.460722,4.944469,3
154592228786160,11322732548,0.5703891,8.462815,5.0126643,3
154592231286160,11325232548,0.5102694,8.454441,5.0309095,3
154592233786160,11327732548,0.4552345,8.452047,5.0620165,3
154592236286160,11330232548,0.4106682,8.44128,5.0847483,3
154592238786160,11332732548,0.36221352,8.437691,5.122136,3
154592241286160,11335232548,0.3382853,8.408678,5.157729,3
154592243786160,11337732548,0.30897322,8.37129,5.2019963,3
154592246286160,11340232548,0.30209386,8.325827,5.2238307,3
154592248786160,11342732548,0.30209386,8.300103,5.234,3
154592251286160,11345232548,0.3065804,8.256434,5.2962136,3
154592253786160,11347732548,0.32273194,8.222636,5.366503,3
154592256286160,11350232548,0.35413775,8.208878,5.4056854,3
154592258786160,11352732548,0.38823548,8.2011,5.4762735,3
154592261286160,11355232548,0.40887356,8.195417,5.5456657,3
154592263786160,11357732548,0.41694933,8.187342,5.602794,3
154592266286160,11360232548,0.43130627,8.2011,5.658726,3
154592268786160,11362732548,0.4408776,8.213364,5.7203417,3
154592271286160,11365232548,0.45822555,8.232805,5.7373905,3
154592273786160,11367732548,0.46331027,8.235497,5.770591,3
154592276286160,11370232548,0.45553362,8.257032,5.802595,3
154592278786160,11372732548,0.43070808,8.287242,5.8343,3
154592281286160,11375232548,0.4004987,8.343174,5.835197,3
154592283786160,11377732548,0.3714857,8.40479,5.8337016,3
154592286286160,11380232548,0.3367898,8.456235,5.8426747,3
154592288786160,11382732548,0.3152544,8.520842,5.8740807,3
154592291286160,11385232548,0.31196424,8.574381,5.91087,3
154592293786160,11387732548,0.29850462,8.615059,5.9192452,3
154592296286160,11390232548,0.3149553,8.660522,5.8938212,3
154592298786160,11392732548,0.35533416,8.699107,5.8244295,3
154592301286160,11395232548,0.4016951,8.743972,5.7188463,3
154592303786160,11397732548,0.4651049,8.768798,5.588138,3
154592306286160,11400232548,0.5162515,8.804091,5.424529,3
154592308786160,11402732548,0.54257256,8.810074,5.2546387,3
154592311286160,11405232548,0.5667999,8.793324,5.0979085,3
154592313786160,11407732548,0.5694918,8.769396,4.9776692,3
154592316286160,11410232548,0.5593223,8.751151,4.9103713,3
154592318786160,11412732548,0.55064833,8.735896,4.8616176,3
154592321286160,11415232548,0.5449654,8.745169,4.792824,3
154592323786160,11417732548,0.5512465,8.735896,4.7392845,3
154592326286160,11420232548,0.5596214,8.72782,4.6872406,3
154592328786160,11422732548,0.5599205,8.708977,4.633402,3
154592331286160,11425232548,0.5623133,8.703893,4.5909295,3
154592333786160,11427732548,0.56530434,8.692527,4.5969114,3
154592336286160,11430232548,0.53988063,8.689535,4.60738,3
154592338786160,11432732548,0.54257256,8.685348,4.597809,3
154592341286160,11435232548,0.54646087,8.676973,4.5942197,3
154592343786160,11437732548,0.54287165,8.674581,4.590331,3
154592346286160,11440232548,0.50368917,8.679067,4.596014,3
154592348786160,11442732548,0.45673,8.6802635,4.640281,3
154592351286160,11445232548,0.38135612,8.698808,4.6845484,3
154592353786160,11447732548,0.29222345,8.690732,4.7602215,3
154592356286160,11450232548,0.2000998,8.700004,4.8358946,3
154592358786160,11452732548,0.13040884,8.7164545,4.894818,3
154592361286160,11455232548,0.091525465,8.720044,4.983053,3
154592363786160,11457732548,0.0840479,8.71466,5.093123,3
154592366286160,11460232548,0.112761766,8.702098,5.212465,3
154592368786160,11462732548,0.18005991,8.693125,5.325825,3
154592371286160,11465232548,0.25752753,8.6757765,5.459823,3
154592373786160,11467732548,0.32841492,8.644969,5.584848,3
154592376286160,11470232548,0.4103691,8.618947,5.669793,3
154592378786160,11472732548,0.49142596,8.582756,5.73081,3
154592381286160,11475232548,0.5599205,8.551051,5.745466,3
154592383786160,11477732548,0.67387867,8.520542,5.7352967,3
154592386286160,11480232548,0.7827521,8.486146,5.672186,3
154592388786160,11482732548,0.90807617,8.456834,5.5944195,3
154592391286160,11485232548,1.0169497,8.413763,5.508876,3
154592393786160,11487732548,1.1156535,8.368,5.40419,3
154592396286160,11490232548,1.215853,8.313563,5.311468,3
154592398786160,11492732548,1.3130615,8.278867,5.258228,3
154592401286160,11495232548,1.4147564,8.2304125,5.1909294,3
154592403786160,11497732548,1.4964114,8.1738825,5.163113,3
154592406286160,11500232548,1.5798612,8.125427,5.102395,3
154592408786160,11502732548,1.6627127,8.07458,5.0386863,3
154592411286160,11505232548,1.7321045,8.014759,4.959723,3
154592413786160,11507732548,1.7841483,7.98784,4.854738,3
154592416286160,11510232548,1.8137596,7.980961,4.7563334,3
154592418786160,11512732548,1.8445672,7.9686975,4.6414776,3
154592421286160,11515232548,1.8484555,7.970193,4.5092745,3
154592423786160,11517732548,1.8442681,7.9944205,4.4108696,3
154592426286160,11520232548,1.8364913,8.019246,4.3268213,3
154592428786160,11522732548,1.8433708,8.042576,4.255336,3
154592431286160,11525232548,1.8478572,8.084151,4.1865425,3
154592433786160,11527732548,1.8508483,8.116454,4.112963,3
154592436286160,11530232548,1.8771694,8.146963,4.086044,3
154592438786160,11532732548,1.9181465,8.181359,4.0612183,3
154592441286160,11535232548,1.9648064,8.214859,4.0390844,3
154592443786160,11537732548,2.0024934,8.257032,3.9999022,3
154592446286160,11540232548,1.9974087,8.277371,4.002594,3
154592448786160,11542732548,1.9785652,8.308179,4.0151563,3
154592451286160,11545232548,1.9573289,8.327322,4.045067,3
154592453786160,11547732548,1.9157536,8.338688,4.0698924,3
154592456286160,11550232548,1.873281,8.338388,4.118646,3
154592458786160,11552732548,1.835594,8.335697,4.179962,3
154592461286160,11555232548,1.8203398,8.323434,4.2574296,3
154592463786160,11557732548,1.837987,8.314161,4.33071,3
154592466286160,11560232548,1.8538394,8.300403,4.4482574,3
154592468786160,11562732548,1.9049859,8.298907,4.5451665,3
154592471286160,11565232548,1.951646,8.283354,4.647759,3
154592473786160,11567732548,1.9890338,8.274979,4.74736,3
154592476286160,11570232548,2.0324037,8.276474,4.8394837,3
154592478786160,11572732548,2.076671,8.274081,4.895117,3
154592481286160,11575232548,2.1044874,8.2660055,4.9468617,3
154592483786160,11577732548,2.1505494,8.256434,4.9896336,3
154592486286160,11580232548,2.172683,8.227422,5.002794,3
154592488786160,11582732548,2.199004,8.199605,5.002196,3
154592491286160,11585232548,2.2139592,8.184649,5.021039,3
154592493786160,11587732548,2.2202404,8.165507,5.0246286,3
154592496286160,11590232548,2.2187448,8.165807,5.008776,3
154592498786160,11592732548,2.2223341,8.179864,4.9429736,3
154592501286160,11595232548,2.1942184,8.195717,4.881059,3
154592503786160,11597732548,2.167,8.213962,4.796712,3
154592506286160,11600232548,2.1448665,8.241778,4.732704,3
154592508786160,11602732548,2.1155543,8.279166,4.6779685,3
154592511286160,11605232548,2.0778673,8.298907,4.642674,3
154592513786160,11607732548,2.0629122,8.306684,4.598407,3
154592516286160,11610232548,2.059323,8.338987,4.5798626,3
154592518786160,11612732548,2.0527427,8.363513,4.556832,3
154592521286160,11615232548,2.0422742,8.391031,4.5505505,3
154592523786160,11617732548,2.0491536,8.397312,4.558327,3
154592526286160,11620232548,2.0700908,8.389834,4.5972104,3
154592528786160,11622732548,2.0964117,8.367103,4.6471605,3
154592531286160,11625232548,2.1622143,8.341679,4.7018967,3
154592533786160,11627732548,2.2091734,8.292626,4.730012,3
154592536286160,11630232548,2.265405,8.243873,4.7566323,3
154592538786160,11632732548,2.3117657,8.219944,4.7775693,3
154592541286160,11635232548,2.3347967,8.207083,4.7709894,3
154592543786160,11637732548,2.3623142,8.221739,4.74736,3
154592546286160,11640232548,2.3745773,8.23131,4.6878386,3
154592548786160,11642732548,2.3847468,8.272885,4.651647,3
154592551286160,11645232548,2.3865414,8.27468,4.636094,3
154592553786160,11647732548,2.3742783,8.281858,4.5936213,3
154592556286160,11650232548,2.376671,8.2914295,4.5690947,3
154592558786160,11652732548,2.370689,8.303095,4.5538406,3
154592561286160,11655232548,2.3599212,8.333304,4.5373898,3
154592563786160,11657732548,2.3476582,8.3428755,4.551149,3
154592566286160,11660232548,2.3234308,8.372786,4.529015,3
154592568786160,11662732548,2.2902303,8.392227,4.5059843,3
154592571286160,11665232548,2.2594228,8.426923,4.476672,3
154592573786160,11667732548,2.216352,8.455637,4.452744,3
154592576286160,11670232548,2.1912274,8.501998,4.4024944,3
154592578786160,11672732548,2.1664019,8.525927,4.3537407,3
154592581286160,11675232548,2.1361923,8.579166,4.2951164,3
154592583786160,11677732548,2.1122642,8.618649,4.246662,3
154592586286160,11680232548,2.0985055,8.669795,4.191627,3
154592588786160,11682732548,2.0802603,8.7113695,4.121637,3
154592591286160,11685232548,2.0691934,8.753244,4.0528436,3
154592593786160,11687732548,2.0919251,8.766405,3.984947,3
154592596286160,11690232548,2.094318,8.776574,3.9170506,3
154592598786160,11692732548,2.129313,8.7882395,3.8778682,3
154592601286160,11695232548,2.1592233,8.777172,3.8413777,3
154592603786160,11697732548,2.198705,8.768798,3.8204405,3
154592606286160,11700232548,2.2420747,8.75474,3.8324046,3
154592608786160,11702732548,2.2827528,8.743374,3.8515472,3
154592611286160,11705232548,2.309074,8.740981,3.8868413,3
154592613786160,11707732548,2.3327029,8.749356,3.9290147,3
154592616286160,11710232548,2.3327029,8.740981,3.970291,3
154592618786160,11712732548,2.3072793,8.741281,4.023232,3
154592621286160,11715232548,2.2878375,8.7367935,4.0716867,3
154592623786160,11717732548,2.245365,8.749356,4.0971107,3
154592626286160,11720232548,2.2354946,8.747262,4.128217,3
154592628786160,11722732548,2.2046869,8.756235,4.1347976,3
154592631286160,11725232548,2.1804597,8.743074,4.1479583,3
154592633786160,11727732548,2.1738794,8.744271,4.1644087,3
154592636286160,11730232548,2.1631117,8.730213,4.174578,3
154592638786160,11732732548,2.1484556,8.705388,4.193721,3
154592641286160,11735232548,2.1400807,8.699406,4.217649,3
154592643786160,11737732548,2.1218355,8.699107,4.2595234,3
154592646286160,11740232548,2.1017957,8.693723,4.2885365,3
154592648786160,11742732548,2.0844476,8.689237,4.3181477,3
154592651286160,11745232548,2.077269,8.711071,4.339982,3
154592653786160,11747732548,2.0668006,8.739186,4.354339,3
154592656286160,11750232548,2.0670996,8.741281,4.362415,3
154592658786160,11752732548,2.0488544,8.737691,4.3579283,3
154592661286160,11755232548,2.0294127,8.744571,4.3501515,3
154592663786160,11757732548,1.9986051,8.756834,4.319045,3
154592666286160,11760232548,1.9827527,8.765806,4.26401,3
154592668786160,11762732548,1.9743778,8.780462,4.202694,3
154592671286160,11765232548,1.9695921,8.78136,4.1383867,3
154592673786160,11767732548,1.9674984,8.789735,4.0504503,3
154592676286160,11770232548,1.9764715,8.783454,3.9720855,3
154592678786160,11772732548,1.9980069,8.785547,3.8913279,3
154592681286160,11775232548,2.0036898,8.786445,3.8150566,3
154592683786160,11777732548,2.0294127,8.782856,3.7552361,3
154592686286160,11780232548,2.0482562,8.780164,3.673581,3
154592688786160,11782732548,2.0754745,8.778668,3.5946178,3
154592691286160,11785232548,2.0991037,8.766405,3.522833,3
154592693786160,11787732548,2.1299112,8.772088,3.449553,3
154592696286160,11790232548,2.1661026,8.775976,3.3696926,3
154592698786160,11792732548,2.213361,8.782557,3.2856445,3
154592701286160,11795232548,2.260021,8.793324,3.1953156,3
154592703786160,11797732548,2.2848465,8.800801,3.1133614,3
154592706286160,11800232548,2.332404,8.826823,3.019443,3
154592708786160,11802732548,2.3832514,8.807681,2.928516,3
154592711286160,11805232548,2.4164517,8.816355,2.8725836,3
154592713786160,11807732548,2.4828527,8.820244,2.7972097,3
154592716286160,11810232548,2.545365,8.810373,2.7361927,3
154592718786160,11812732548,2.5950162,8.795418,2.670689,3
154592721286160,11815232548,2.6476583,8.790333,2.6458635,3
154592723786160,11817732548,2.6973093,8.785547,2.6279175,3
154592726286160,11820232548,2.716452,8.784351,2.5896323,3
154592728786160,11822732548,2.7179475,8.772985,2.55374,3
154592731286160,11825232548,2.7155547,8.755937,2.5486553,3
154592733786160,11827732548,2.6928227,8.745169,2.5489542,3
154592736286160,11830232548,2.6623142,8.7367935,2.5839493,3
154592738786160,11832732548,2.6144578,8.739784,2.6099713,3
154592741286160,11835232548,2.5648067,8.748757,2.6835506,3
154592743786160,11837732548,2.5229323,8.767601,2.731108,3
154592746286160,11840232548,2.48704,8.783454,2.8205397,3
154592748786160,11842732548,2.4625137,8.799605,2.9306095,3
154592751286160,11845232548,2.4487548,8.802596,3.0290143,3
154592753786160,11847732548,2.4335005,8.816954,3.161517,3
154592756286160,11850232548,2.4122643,8.802298,3.272484,3
154592758786160,11852732548,2.382354,8.805886,3.4013975,3
154592761286160,11855232548,2.3718855,8.804391,3.5084763,3
154592763786160,11857732548,2.3581266,8.8085785,3.6086757,3
154592766286160,11860232548,2.3374887,8.796315,3.6906297,3
154592768786160,11862732548,2.333002,8.783454,3.749553,3
154592771286160,11865232548,2.3581266,8.776276,3.801896,3
154592773786160,11867732548,2.3584259,8.771191,3.8413777,3
154592776286160,11870232548,2.4041886,8.745467,3.8733816,3
154592778786160,11872732548,2.4409783,8.740682,3.888337,3
154592781286160,11875232548,2.481656,8.718847,3.9188452,3
154592783786160,11877732548,2.5169504,8.694022,3.9245281,3
154592786286160,11880232548,2.5615165,8.648559,3.9305103,3
154592788786160,11882732548,2.6006992,8.612965,3.9290147,3
154592791286160,11885232548,2.5121646,8.559725,3.8416767,3
154592793786160,11887732548,2.6135604,8.548957,3.7803607,3
154592796286160,11890232548,2.7562325,8.524132,3.7196429,3
154592798786160,11892732548,2.8435707,8.502297,3.6580276,3
154592801286160,11895232548,2.8734808,8.484949,3.6436708,3
154592803786160,11897732548,2.9033911,8.488239,3.6849468,3
154592806286160,11900232548,2.8926234,8.498408,3.6846478,3
154592808786160,11902732548,2.8860433,8.500801,3.6729827,3
154592811286160,11905232548,2.894418,8.517551,3.6403806,3
154592813786160,11907732548,2.8959136,8.531908,3.566203,3
154592816286160,11910232548,2.902494,8.542078,3.4995031,3
154592818786160,11912732548,2.8950162,8.550452,3.4600215,3
154592821286160,11915232548,2.8962128,8.553444,3.4052858,3
154592823786160,11917732548,2.9249265,8.560922,3.3750763,3
154592826286160,11920232548,2.948855,8.579466,3.3445678,3
154592828786160,11922732548,2.9790642,8.590532,3.318845,3
154592831286160,11925232548,2.9997022,8.591729,3.2964122,3
154592833786160,11927732548,3.0245278,8.599206,3.280859,3
154592836286160,11930232548,3.0499516,8.605786,3.2653055,3
154592838786160,11932732548,3.0705895,8.610572,3.2653055,3
154592841286160,11935232548,3.0738797,8.635398,3.2482567,3
154592843786160,11937732548,3.0729825,8.649157,3.2389846,3
154592846286160,11940232548,3.0762727,8.659027,3.2333016,3
154592848786160,11942732548,3.103491,8.656036,3.219842,3
154592851286160,11945232548,3.1172497,8.656036,3.2368908,3
154592853786160,11947732548,3.12054,8.682656,3.2644083,3
154592856286160,11950232548,3.112464,8.676674,3.2676985,3
154592858786160,11952732548,3.1070802,8.665308,3.3008988,3
154592861286160,11955232548,3.1040893,8.652746,3.3260236,3
154592863786160,11957732548,3.0993035,8.650054,3.3544383,3
154592866286160,11960232548,3.0897322,8.647362,3.3699915,3
154592868786160,11962732548,3.1004999,8.635697,3.3900316,3
154592871286160,11965232548,3.1106694,8.653643,3.4100714,3
154592873786160,11967732548,3.1052856,8.651549,3.437888,3
154592876286160,11970232548,3.0987053,8.656335,3.4483566,3
154592878786160,11972732548,3.1022944,8.65813,3.423531,3
154592881286160,11975232548,3.1019955,8.638688,3.3891342,3
154592883786160,11977732548,3.0930223,8.613862,3.3236306,3
154592886286160,11980232548,3.1112676,8.581859,3.2829528,3
154592888786160,11982732548,3.1357942,8.562716,3.2279177,3
154592891286160,11985232548,3.170789,8.527422,3.1666017,3
154592893786160,11987732548,3.1977084,8.486444,3.1277182,3
154592896286160,11990232548,3.2222347,8.45803,3.0705895,3
154592898786160,11992732548,3.2509487,8.423334,3.022434,3
154592901286160,11995232548,3.2772696,8.399107,2.9910283,3
154592903786160,11997732548,3.2994034,8.371888,2.925824,3
154592906286160,12000232548,3.3227334,8.370991,2.8800611,3
154592908786160,12002732548,3.35384,8.365906,2.8313074,3
154592911286160,12005232548,3.3741791,8.367701,2.797808,3
154592913786160,12007732548,3.4076786,8.366205,2.7729824,3
154592916286160,12010232548,3.437888,8.373085,2.768795,3
154592918786160,12012732548,3.4782667,8.361719,2.768795,3
154592921286160,12015232548,3.5410783,8.349156,2.7502506,3
154592923786160,12017732548,3.577569,8.339884,2.7349963,3
154592926286160,12020232548,3.6032917,8.324032,2.7065816,3
154592928786160,12022732548,3.6403806,8.311469,2.678765,3
154592931286160,12025232548,3.6574295,8.293822,2.6452653,3
154592933786160,12027732548,3.6861434,8.272287,2.6240292,3
154592936286160,12030232548,3.6903307,8.2681,2.5806592,3
154592938786160,12032732548,3.6990047,8.2609215,2.5579274,3
154592941286160,12035232548,3.7247276,8.257332,2.5501506,3
154592943786160,12037732548,3.7265222,8.245069,2.5674987,3
154592946286160,12040232548,3.7160535,8.236095,2.5818555,3
154592948786160,12042732548,3.7097723,8.2456665,2.603391,3
154592951286160,12045232548,3.6924245,8.247163,2.6159534,3
154592953786160,12047732548,3.685545,8.246265,2.6039891,3
154592956286160,12050232548,3.6687953,8.263912,2.5986054,3
154592958786160,12052732548,3.6553357,8.267501,2.5896323,3
154592961286160,12055232548,3.6490545,8.280363,2.5755744,3
154592963786160,12057732548,3.6484563,8.29113,2.5546372,3
154592966286160,12060232548,3.6583266,8.290532,2.5423741,3
154592968786160,12062732548,3.679862,8.313862,2.5411777,3
154592971286160,12065232548,3.6990047,8.311171,2.5118656,3
154592973786160,12067732548,3.7064822,8.32134,2.5205395,3
154592976286160,12070232548,3.7091742,8.335098,2.5316064,3
154592978786160,12072732548,3.7247276,8.355737,2.5345974,3
154592981286160,12075232548,3.7369907,8.345567,2.5366912,3
154592983786160,12077732548,3.7645082,8.347661,2.5609183,3
154592986286160,12080232548,3.7746778,8.341679,2.556432,3
154592988786160,12082732548,3.7953157,8.335098,2.565704,3
154592991286160,12085232548,3.8060834,8.33809,2.5689943,3
154592993786160,12087732548,3.7953157,8.34138,2.571686,3
154592996286160,12090232548,3.778865,8.351849,2.5776682,3
154592998786160,12092732548,3.7761734,8.354839,2.541776,3
154593001286160,12095232548,3.7770705,8.368598,2.539383,3
154593003786160,12097732548,3.7893338,8.386544,2.5381866,3
154593006286160,12100232548,3.8108692,8.396415,2.5328028,3
154593008786160,12102732548,3.8398821,8.396714,2.5205395,3
154593011286160,12105232548,3.8760736,8.392227,2.5064816,3
154593013786160,12107732548,3.9155552,8.392825,2.4933212,3
154593016286160,12110232548,3.9658043,8.40479,2.469393,3
154593018786160,12112732548,3.9990048,8.390134,2.4355943,3
154593021286160,12115232548,4.0513477,8.368598,2.4041886,3
154593023786160,12117732548,4.074977,8.360522,2.361716,3
154593026286160,12120232548,4.092624,8.36471,2.3398814,3
154593028786160,12122732548,4.0911283,8.35454,2.2881367,3
154593031286160,12125232548,4.0851464,8.34796,2.2761726,3
154593033786160,12127732548,4.0845485,8.341978,2.242374,3
154593036286160,12130232548,4.0776687,8.3345,2.2378874,3
154593038786160,12132732548,4.061816,8.33809,2.228316,3
154593041286160,12135232548,4.046263,8.3530445,2.2169502,3
154593043786160,12137732548,4.0423746,8.368,2.2154546,3
154593046286160,12140232548,4.0211387,8.369196,2.2100708,3
154593048786160,12142732548,3.9711883,8.381161,2.2522442,3
154593051286160,12145232548,3.915256,8.387442,2.2534406,3
154593053786160,12147732548,3.844967,8.410771,2.2755744,3
154593056286160,12150232548,3.76391,8.43111,2.303391,3
154593058786160,12152732548,3.700201,8.448758,2.3285155,3
154593061286160,12155232548,3.638586,8.464311,2.3488545,3
154593063786160,12157732548,3.591627,8.490034,2.3641088,3
154593066286160,12160232548,3.5359936,8.50798,2.382055,3
154593068786160,12162732548,3.4947174,8.535796,2.4158535,3
154593071286160,12165232548,3.4549367,8.56122,2.4439692,3
154593073786160,12167732548,3.4301112,8.595617,2.4699912,3
154593076286160,12170232548,3.4043884,8.628818,2.4759731,3
154593078786160,12172732548,3.3918262,8.645268,2.48704,3
154593081286160,12175232548,3.3693933,8.661719,2.4439692,3
154593083786160,12177732548,3.356233,8.685946,2.4412773,3
154593086286160,12180232548,3.3167512,8.713762,2.4038894,3
154593088786160,12182732548,3.266203,8.72782,2.3808584,3
154593091286160,12185232548,3.2102706,8.75474,2.3539393,3
154593093786160,12187732548,3.1663027,8.784949,2.321337,3
154593096286160,12190232548,3.1133614,8.819944,2.3282163,3
154593098786160,12192732548,3.0873394,8.844172,2.3225334,3
154593101286160,12195232548,3.0717862,8.879765,2.3087747,3
154593103786160,12197732548,3.0933216,8.902496,2.32702,3
154593106286160,12200232548,3.1319058,8.905488,2.3509483,3
154593108786160,12202732548,3.1666017,8.889935,2.3787649,3
154593111286160,12205232548,3.1836505,8.892327,2.4011974,3
154593113786160,12207732548,3.2336006,8.887542,2.4050858,3
154593116286160,12210232548,3.2515469,8.855837,2.3898315,3
154593118786160,12212732548,3.275475,8.83161,2.3847468,3
154593121286160,12215232548,3.3140593,8.814261,2.3769703,3
154593123786160,12217732548,3.3547373,8.797213,2.3611178,3
154593126286160,12220232548,3.3699915,8.786445,2.350051,3
154593128786160,12222732548,3.426522,8.781061,2.373082,3
154593131286160,12225232548,3.4477584,8.764012,2.3383858,3
154593133786160,12227732548,3.4579277,8.739784,2.37368,3
154593136286160,12230232548,3.4390843,8.718847,2.376671,3
154593138786160,12232732548,3.4005,8.708977,2.4044876,3
154593141286160,12235232548,3.3493536,8.719446,2.4179473,3
154593143786160,12237732548,3.2961133,8.725428,2.4326034,3
154593146286160,12240232548,3.2482567,8.731111,2.4511478,3
154593148786160,12242732548,3.2027931,8.753244,2.4616163,3
154593151286160,12245232548,3.205186,8.769695,2.4798615,3
154593153786160,12247732548,3.1794631,8.79153,2.4975085,3
154593156286160,12250232548,3.1773694,8.800503,2.4999015,3
154593158786160,12252732548,3.1627133,8.842976,2.4960132,3
154593161286160,12255232548,3.1522448,8.859426,2.4711876,3
154593163786160,12257732548,3.1402807,8.880961,2.4236302,3
154593166286160,12260232548,3.1420753,8.899206,2.3605196,3
154593168786160,12262732548,3.1310084,8.913862,2.2866411,3
154593171286160,12265232548,3.1322048,8.934501,2.2175484,3
154593173786160,12267732548,3.140879,8.92134,2.1394825,3
154593176286160,12270232548,3.1507492,8.946166,2.0659032,3
154593178786160,12272732548,3.1857443,8.943174,1.9905293,3
154593181286160,12275232548,3.2081769,8.9362955,1.9552352,3
154593183786160,12277732548,3.2380872,8.930911,1.9292133,3
154593186286160,12280232548,3.2437701,8.926724,1.9187447,3
154593188786160,12282732548,3.2356944,8.9210415,1.9453648,3
154593191286160,12285232548,3.228815,8.91476,1.9648064,3
154593193786160,12287732548,3.2306097,8.901001,1.9926231,3
154593196286160,12290232548,3.2138598,8.909675,2.044667,3
154593198786160,12292732548,3.23719,8.885747,2.082653,3
154593201286160,12295232548,3.269792,8.871988,2.1352952,3
154593203786160,12297732548,3.306881,8.855238,2.1738794,3
154593206286160,12300232548,3.3349965,8.831011,2.2301106,3
154593208786160,12302732548,3.3640096,8.800503,2.3021946,3
154593211286160,12305232548,3.3846476,8.789137,2.3709881,3
154593213786160,12307732548,3.4037902,8.748159,2.4221346,3
154593216286160,12310232548,3.4019957,8.714361,2.4831517,3
154593218786160,12312732548,3.3897324,8.69462,2.521437,3
154593221286160,12315232548,3.3747773,8.684451,2.5645077,3
154593223786160,12317732548,3.3400812,8.686544,2.5989046,3
154593226286160,12320232548,3.301497,8.666803,2.6225336,3
154593228786160,12322732548,3.2638102,8.671589,2.656033,3
154593231286160,12325232548,3.2389846,8.697013,2.6916263,3
154593233786160,12327732548,3.2144582,8.705986,2.7203403,3
154593236286160,12330232548,3.1812577,8.726923,2.7658038,3
154593238786160,12332732548,3.1728828,8.738289,2.8002007,3
154593241286160,12335232548,3.1372895,8.767601,2.8390841,3
154593243786160,12337732548,3.112165,8.790932,2.8893332,3
154593246286160,12340232548,3.0732815,8.812167,2.9042885,3
154593248786160,12342732548,3.0317063,8.843274,2.9225338,3
154593251286160,12345232548,3.0000014,8.8681,2.925824,3
154593253786160,12347732548,2.975774,8.894421,2.9138598,3
154593256286160,12350232548,2.9578278,8.899506,2.9312077,3
154593258786160,12352732548,2.9327033,8.911769,2.9297123,3
154593261286160,12355232548,2.9111679,8.912666,2.9449666,3
154593263786160,12357732548,2.87378,8.939586,2.9599216,3
154593266286160,12360232548,2.8405795,8.958429,2.978466,3
154593268786160,12362732548,2.8172495,8.980562,2.975475,3
154593271286160,12365232548,2.7927232,9.002397,2.96381,3
154593273786160,12367732548,2.7667012,9.029017,2.9647074,3
154593276286160,12370232548,2.7583263,9.039784,2.9751759,3
154593278786160,12372732548,2.7361927,9.054142,2.9778678,3
154593281286160,12375232548,2.7565317,9.043972,2.9838498,3
154593283786160,12377732548,2.7702904,9.035598,3.0095727,3
154593286286160,12380232548,2.7822545,9.020942,3.0290143,3
154593288786160,12382732548,2.8034909,9.001799,3.0415766,3
154593291286160,12385232548,2.8142586,8.996116,3.0490541,3
154593293786160,12387732548,2.8396823,8.971589,3.0637102,3
154593296286160,12390232548,2.8722844,8.941679,3.0897322,3
154593298786160,12392732548,2.894418,8.918349,3.1088748,3
154593301286160,12395232548,2.9108686,8.912666,3.1145577,3
154593303786160,12397732548,2.9395826,8.921639,3.1256247,3
154593306286160,12400232548,2.9548368,8.911469,3.1280174,3
154593308786160,12402732548,2.9820552,8.903095,3.1462626,3
154593311286160,12405232548,2.984149,8.908479,3.1289146,3
154593313786160,12407732548,3.0005996,8.885747,3.1456645,3
154593316286160,12410232548,3.0092735,8.878867,3.153142,3
154593318786160,12412732548,3.0059834,8.874979,3.1746774,3
154593321286160,12415232548,3.0000014,8.859725,3.2165518,3
154593323786160,12417732548,2.98714,8.868998,3.2398818,3
154593326286160,12420232548,2.9937203,8.858828,3.2350962,3
154593328786160,12422732548,3.0146575,8.849854,3.245864,3
154593331286160,12425232548,3.034099,8.836694,3.2416766,3
154593333786160,12427732548,3.0699914,8.83131,3.237489,3
154593336286160,12430232548,3.1046875,8.808877,3.228217,3
154593338786160,12432732548,3.1301112,8.797811,3.1986058,3
154593341286160,12435232548,3.1573296,8.773284,3.1860433,3
154593343786160,12437732548,3.1746774,8.760722,3.1462626,3
154593346286160,12440232548,3.1848469,8.741281,3.1274192,3
154593348786160,12442732548,3.1962128,8.725727,3.0825539,3
154593351286160,12445232548,3.2060833,8.709874,3.0358937,3
154593353786160,12447732548,3.2150564,8.708079,2.981457,3
154593356286160,12450232548,3.2395828,8.702098,2.9333014,3
154593358786160,12452732548,3.2775688,8.685946,2.8827531,3
154593361286160,12455232548,3.2946177,8.6599245,2.8686953,3
154593363786160,12457732548,3.3203406,8.660522,2.83041,3
154593366286160,12460232548,3.3340993,8.646464,2.8016963,3
154593368786160,12462732548,3.3430724,8.623733,2.7939196,3
154593371286160,12465232548,3.3412778,8.609675,2.7672994,3
154593373786160,12467732548,3.33051,8.612068,2.7520452,3
154593376286160,12470232548,3.3074791,8.586345,2.690131,3
154593378786160,12472732548,3.287439,8.586345,2.6593232,3
154593381286160,12475232548,3.2820554,8.596515,2.6183462,3
154593383786160,12477732548,3.2784662,8.608479,2.594717,3
154593386286160,12480232548,3.2823544,8.620742,2.5785656,3
154593388786160,12482732548,3.2973096,8.627621,2.5546372,3
154593391286160,12485232548,3.324528,8.62822,2.5513473,3
154593393786160,12487732548,3.353541,8.63121,2.5600212,3
154593396286160,12490232548,3.3909287,8.6192465,2.5878377,3
154593398786160,12492732548,3.432205,8.606983,2.589034,3
154593401286160,12495232548,3.4585261,8.597412,2.597409,3
154593403786160,12497732548,3.4947174,8.583354,2.6443682,3
154593406286160,12500232548,3.5036905,8.570193,2.661417,3
154593408786160,12502732548,3.507878,8.568398,2.7122645,3
154593411286160,12505232548,3.5102708,8.576176,2.7364917,3
154593413786160,12507732548,3.5177484,8.594122,2.7999015,3
154593416286160,12510232548,3.5129628,8.60459,2.8639095,3
154593418786160,12512732548,3.5183465,8.621639,2.9198418,3
154593421286160,12515232548,3.510869,8.625228,2.966502,3
154593423786160,12517732548,3.5126636,8.643773,3.0098717,3
154593426286160,12520232548,3.5072799,8.644371,3.0598218,3
154593428786160,12522732548,3.4986057,8.658429,3.074478,3
154593431286160,12525232548,3.4890344,8.662616,3.095415,3
154593433786160,12527732548,3.4695928,8.682955,3.114857,3
154593436286160,12530232548,3.4501512,8.683554,3.1247272,3
154593438786160,12532732548,3.4387853,8.688638,3.1289146,3
154593441286160,12535232548,3.4313076,8.708977,3.1429725,3
154593443786160,12537732548,3.4163525,8.714062,3.1292138,3
154593446286160,12540232548,3.4199417,8.720942,3.1426735,3
154593448786160,12542732548,3.4372897,8.718549,3.124129,3
154593451286160,12545232548,3.4372897,8.722437,3.1055846,3
154593453786160,12547732548,3.4363923,8.7164545,3.1088748,3
154593456286160,12550232548,3.4160535,8.717052,3.1145577,3
154593458786160,12552732548,3.3843486,8.705388,3.1250265,3
154593461286160,12555232548,3.3484561,8.702995,3.1456645,3
154593463786160,12557732548,3.3113675,8.700004,3.1591241,3
154593466286160,12560232548,3.286542,8.704191,3.1803603,3
154593468786160,12562732548,3.2488549,8.715259,3.1944182,3
154593471286160,12565232548,3.219842,8.727222,3.2018957,3
154593473786160,12567732548,3.1977084,8.7577305,3.1989048,3
154593476286160,12570232548,3.1929228,8.771789,3.1959138,3
154593478786160,12572732548,3.179164,8.796615,3.1746774,3
154593481286160,12575232548,3.1669009,8.816654,3.1591241,3
154593483786160,12577732548,3.159423,8.841479,3.132803,3
154593486286160,12580232548,3.1357942,8.845368,3.1187453,3
154593488786160,12582732548,3.1319058,8.862118,3.1082766,3
154593491286160,12585232548,3.1145577,8.860622,3.1235309,3
154593493786160,12587732548,3.12712,8.860323,3.1316066,3
154593496286160,12590232548,3.1313076,8.875876,3.1342986,3
154593498786160,12592732548,3.1372895,8.867501,3.1477582,3
154593501286160,12595232548,3.1313076,8.860024,3.1755748,3
154593503786160,12597732548,3.1450663,8.859725,3.188137,3
154593506286160,12600232548,3.1537402,8.8651085,3.1887352,3
154593508786160,12602732548,3.1630125,8.875577,3.1875389,3
154593511286160,12605232548,3.164807,8.877671,3.1914272,3
154593513786160,12607732548,3.1701908,8.87797,3.1926236,3
154593516286160,12610232548,3.1773694,8.876474,3.1872396,3
154593518786160,12612732548,3.1944182,8.869596,3.1830523,3
154593521286160,12615232548,3.2105699,8.851949,3.205485,3
154593523786160,12617732548,3.2368908,8.842976,3.2063823,3
154593526286160,12620232548,3.2488549,8.831011,3.202195,3
154593528786160,12622732548,3.2706895,8.822637,3.2126634,3
154593531286160,12625232548,3.3035908,8.8238325,3.2099717,3
154593533786160,12627732548,3.3314073,8.802596,3.2222347,3
154593536286160,12630232548,3.3634114,8.790034,3.1974092,3
154593538786160,12632732548,3.391527,8.781061,3.191128,3
154593541286160,12635232548,3.4354951,8.76132,3.173182,3
154593543786160,12637732548,3.4633117,8.750552,3.1627133,3
154593546286160,12640232548,3.4860435,8.732008,3.1486554,3
154593548786160,12642732548,3.4851463,8.694022,3.1627133,3
154593551286160,12645232548,3.4749768,8.69462,3.1755748,3
154593553786160,12647732548,3.487838,8.691629,3.1785657,3
154593556286160,12650232548,3.4767714,8.666803,3.1977084,3
154593558786160,12652732548,3.4764721,8.652746,3.1899316,3
154593561286160,12655232548,3.472883,8.655437,3.1926236,3
154593563786160,12657732548,3.4651062,8.643773,3.2231321,3
154593566286160,12660232548,3.4501512,8.622237,3.2524443,3
154593568786160,12662732548,3.426223,8.635697,3.278167,3
154593571286160,12665232548,3.4133615,8.653643,3.3173494,3
154593573786160,12667732548,3.3981073,8.666505,3.3493536,3
154593576286160,12670232548,3.3702908,8.68804,3.3529427,3
154593578786160,12672732548,3.356831,8.704191,3.3472598,3
154593581286160,12675232548,3.3352957,8.7164545,3.3517463,3
154593583786160,12677732548,3.3290145,8.720942,3.3577285,3
154593586286160,12680232548,3.324827,8.727522,3.313162,3
154593588786160,12682732548,3.3323047,8.719147,3.2964122,3
154593591286160,12685232548,3.3493536,8.708977,3.2653055,3
154593593786160,12687732548,3.3586257,8.707481,3.2353954,3
154593596286160,12690232548,3.3664024,8.690433,3.2177482,3
154593598786160,12692732548,3.3631122,8.676374,3.173182,3
154593601286160,12695232548,3.3646078,8.665607,3.1375887,3
154593603786160,12697732548,3.3628132,8.663215,3.0897322,3
154593606286160,12700232548,3.3699915,8.674281,3.0466614,3
154593608786160,12702732548,3.3879378,8.687741,2.9982069,3
154593611286160,12705232548,3.4022946,8.7012005,2.9539394,3
154593613786160,12707732548,3.4429727,8.708079,2.9473593,3
154593616286160,12710232548,3.4719856,8.720642,2.922833,3
154593618786160,12712732548,3.4770703,8.726026,2.908177,3
154593621286160,12715232548,3.493521,8.717352,2.9048867,3
154593623786160,12717732548,3.4911282,8.7215395,2.8923244,3
154593626286160,12720232548,3.4863427,8.729017,2.8893332,3
154593628786160,12722732548,3.4800615,8.730513,2.8791637,3
154593631286160,12725232548,3.455535,8.7347,2.887838,3
154593633786160,12727732548,3.4465618,8.738289,2.905485,3
154593636286160,12730232548,3.4522448,8.748757,2.9021947,3
154593638786160,12732732548,3.4423745,8.760722,2.9186454,3
154593641286160,12735232548,3.429214,8.769994,2.9659038,3
154593643786160,12737732548,3.4286158,8.7622175,2.9919257,3
154593646286160,12740232548,3.4193435,8.771191,3.030809,3
154593648786160,12742732548,3.429214,8.752347,3.0442686,3
154593651286160,12745232548,3.4226336,8.749655,3.068496,3
154593653786160,12747732548,3.417848,8.7469635,3.080759,3
154593656286160,12750232548,3.4408789,8.733803,3.0876386,3
154593658786160,12752732548,3.4432719,8.724232,3.12054,3
154593661286160,12755232548,3.4504502,8.703593,3.1280174,3
154593663786160,12757732548,3.4576287,8.697013,3.1519456,3
154593666286160,12760232548,3.4621153,8.690134,3.1537402,3
154593668786160,12762732548,3.4486556,8.68804,3.1776686,3
154593671286160,12765232548,3.4360933,8.666803,3.17049,3
154593673786160,12767732548,3.4232318,8.657532,3.150151,3
154593676286160,12770232548,3.414857,8.660223,3.135196,3
154593678786160,12772732548,3.4025939,8.657232,3.1130621,3
154593681286160,12775232548,3.414857,8.651549,3.0924242,3
154593683786160,12777732548,3.4157543,8.646464,3.0681968,3
154593686286160,12780232548,3.4360933,8.65813,3.051148,3
154593688786160,12782732548,3.4390843,8.650951,3.033501,3
154593691286160,12785232548,3.4307094,8.647362,3.013162,3
154593693786160,12787732548,3.4232318,8.649157,3.01376,3
154593696286160,12790232548,3.4199417,8.642576,3.0026934,3
154593698786160,12792732548,3.409174,8.652147,2.9769704,3
154593701286160,12795232548,3.3951163,8.661719,2.9644082,3
154593703786160,12797732548,3.405884,8.665308,2.9446673,3
154593706286160,12800232548,3.4199417,8.663215,2.9386854,3
154593708786160,12802732548,3.4390843,8.666803,2.935096,3
154593711286160,12805232548,3.4680972,8.660822,2.922833,3
154593713786160,12807732548,3.4914274,8.658728,2.9033911,3
154593716286160,12810232548,3.5428731,8.65813,2.902494,3
154593718786160,12812732548,3.5904303,8.656933,2.8962128,3
154593721286160,12815232548,3.6391842,8.649456,2.8848467,3
154593723786160,12817732548,3.6903307,8.622237,2.8666015,3
154593726286160,12820232548,3.7328033,8.603095,2.842075,3
154593728786160,12822732548,3.792923,8.579166,2.8076782,3
154593731286160,12825232548,3.8416767,8.551949,2.7939196,3
154593733786160,12827732548,3.859623,8.525328,2.7684958,3
154593736286160,12830232548,3.8838503,8.509476,2.7499514,3
154593738786160,12832732548,3.8952162,8.5067835,2.725425,3
154593741286160,12835232548,3.9038901,8.487641,2.6928227,3
154593743786160,12837732548,3.9170506,8.489435,2.6569304,3
154593746286160,12840232548,3.929314,8.486444,2.6518457,3
154593748786160,12842732548,3.935595,8.493324,2.6374888,3
154593751286160,12845232548,3.9457645,8.502895,2.6476583,3
154593753786160,12847732548,3.9553359,8.496016,2.6386852,3
154593756286160,12850232548,3.9649072,8.506186,2.6428726,3
154593758786160,12852732548,3.972983,8.503793,2.6665018,3
154593761286160,12855232548,3.9747775,8.487641,2.6473591,3
154593763786160,12857732548,3.9894335,8.498408,2.6491537,3
154593766286160,12860232548,3.993621,8.495717,2.6347969,3
154593768786160,12862732548,4.0037904,8.478369,2.6042883,3
154593771286160,12865232548,4.028616,8.472686,2.5893333,3
154593773786160,12867732548,4.0531425,8.47119,2.5728827,3
154593776286160,12870232548,4.066303,8.449356,2.554039,3
154593778786160,12872732548,4.072883,8.440981,2.542075,3
154593781286160,12875232548,4.1057844,8.416454,2.4912274,3
154593783786160,12877732548,4.115954,8.392825,2.4684956,3
154593786286160,12880232548,4.1051865,8.370393,2.44367,3
154593788786160,12882732548,4.0905304,8.350054,2.411367,3
154593791286160,12885232548,4.074977,8.339884,2.3838496,3
154593793786160,12887732548,4.0420756,8.335996,2.3814569,3
154593796286160,12890232548,4.0160537,8.337193,2.3479571,3
154593798786160,12892732548,4.0202413,8.36142,2.3425734,3
154593801286160,12895232548,3.9990048,8.379066,2.3285155,3
154593803786160,12897732548,3.9927237,8.380562,2.326721,3
154593806286160,12900232548,3.9741793,8.40808,2.3060827,3
154593808786160,12902732548,3.9673,8.42124,2.309672,3
154593811286160,12905232548,3.9556348,8.429017,2.2956142,3
154593813786160,12907732548,3.944269,8.461619,2.2944179,3
154593816286160,12910232548,3.9349968,8.487042,2.2818556,3
154593818786160,12912732548,3.9311085,8.496913,2.2722843,3
154593821286160,12915232548,3.9203408,8.500801,2.265704,3
154593823786160,12917732548,3.920939,8.510074,2.248057,3
154593826286160,12920232548,3.9200418,8.514859,2.2408783,3
154593828786160,12922732548,3.9388852,8.532506,2.2345972,3
154593831286160,12925232548,3.9433718,8.511569,2.219044,3
154593833786160,12927732548,3.9717865,8.50798,2.210669,3
154593836286160,12930232548,4.011866,8.483154,2.1978076,3
154593838786160,12932732548,4.052245,8.4655075,2.1927228,3
154593841286160,12935232548,4.095615,8.440383,2.1951156,3
154593843786160,12937732548,4.132704,8.39821,2.1951156,3
154593846286160,12940232548,4.167699,8.377272,2.1984057,3
154593848786160,12942732548,4.1922255,8.364112,2.1804597,3
154593851286160,12945232548,4.2017965,8.35125,2.178665,3
154593853786160,12947732548,4.221537,8.333902,2.1768703,3
154593856286160,12950232548,4.2308097,8.320144,2.169692,3
154593858786160,12952732548,4.255037,8.323434,2.1861427,3
154593861286160,12955232548,4.2535415,8.324331,2.2031915,3
154593863786160,12957732548,4.260122,8.304291,2.1942184,3
154593866286160,12960232548,4.2370906,8.325527,2.2229323,3
154593868786160,12962732548,4.2164526,8.339585,2.2205393,3
154593871286160,12965232548,4.174877,8.34467,2.210968,3
154593873786160,12967732548,4.1518464,8.359326,2.21366,3
154593876286160,12970232548,4.1518464,8.3835535,2.2118654,3
154593878786160,12972732548,4.141976,8.386844,2.2259233,3
154593881286160,12975232548,4.137789,8.402995,2.2289143,3
154593883786160,12977732548,4.1350965,8.395817,2.2411776,3
154593886286160,12980232548,4.1315074,8.391629,2.265405,3
154593888786160,12982732548,4.124329,8.396415,2.2929223,3
154593891286160,12985232548,4.107579,8.408977,2.3288147,3
154593893786160,12987732548,4.108177,8.400602,2.3380868,3
154593896286160,12990232548,4.099204,8.411071,2.3679972,3
154593898786160,12992732548,4.099204,8.432307,2.3883362,3
154593901286160,12995232548,4.0980077,8.4349985,2.3898315,3
154593903786160,12997732548,4.1018963,8.432905,2.3904297,3
154593906286160,13000232548,4.112066,8.435597,2.3952155,3
154593908786160,13002732548,4.1207395,8.452945,2.3670998,3
154593911286160,13005232548,4.0905304,8.443374,2.3697917,3
154593913786160,13007732548,4.074379,8.438888,2.3569303,3
154593916286160,13010232548,4.0495534,8.432307,2.3485553,3
154593918786160,13012732548,4.0151563,8.436195,2.3395824,3
154593921286160,13015232548,3.9783669,8.456534,2.3255246,3
154593923786160,13017732548,3.9415772,8.47149,2.3150558,3
154593926286160,13020232548,3.9269211,8.484052,2.3150558,3
154593928786160,13022732548,3.8967116,8.513064,2.2935205,3
154593931286160,13025232548,3.8940198,8.52144,2.300998,3
154593933786160,13027732548,3.8958144,8.526525,2.3111675,3
154593936286160,13030232548,3.8850467,8.545368,2.3255246,3
154593938786160,13032732548,3.885645,8.548957,2.333301,3
154593941286160,13035232548,3.912564,8.548658,2.352743,3
154593943786160,13037732548,3.9203408,8.549256,2.3599212,3
154593946286160,13040232548,3.9349968,8.537591,2.3697917,3
154593948786160,13042732548,3.938586,8.525328,2.3691936,3
154593951286160,13045232548,3.9610188,8.507681,2.3727827,3
154593953786160,13047732548,3.9717865,8.492127,2.3629124,3
154593956286160,13050232548,3.9924245,8.477771,2.3668008,3
154593958786160,13052732548,4.023232,8.451749,2.3551357,3
154593961286160,13055232548,4.0366917,8.438588,2.3581266,3
154593963786160,13057732548,4.0761733,8.440383,2.3635106,3
154593966286160,13060232548,4.1288157,8.434401,2.359024,3
154593968786160,13062732548,4.151248,8.420044,2.3700907,3
154593971286160,13065232548,4.1904306,8.402696,2.4068804,3
154593973786160,13067732548,4.2311087,8.381161,2.420041,3
154593976286160,13070232548,4.2681975,8.3733835,2.437389,3
154593978786160,13072732548,4.295715,8.355139,2.4323041,3
154593981286160,13075232548,4.3178487,8.336594,2.4367907,3
154593983786160,13077732548,4.334598,8.327322,2.4415765,3
154593986286160,13080232548,4.3483567,8.325527,2.4592235,3
154593988786160,13082732548,4.3704906,8.312666,2.4672992,3
154593991286160,13085232548,4.3468614,8.3174515,2.4705894,3
154593993786160,13087732548,4.328018,8.329715,2.469692,3
154593996286160,13090232548,4.3005004,8.341679,2.4505496,3
154593998786160,13092732548,4.2649074,8.357532,2.4293132,3
154594001286160,13095232548,4.232604,8.379665,2.4065814,3
154594003786160,13097732548,4.193422,8.386245,2.3847468,3
154594006286160,13100232548,4.156632,8.422137,2.367399,3
154594008786160,13102732548,4.1288157,8.438888,2.3709881,3
154594011286160,13105232548,4.110271,8.452347,2.3446672,3
154594013786160,13107732548,4.074977,8.4813595,2.3198416,3
154594016286160,13110232548,4.0384865,8.4909315,2.312065,3
154594018786160,13112732548,4.008277,8.50469,2.312065,3
154594021286160,13115232548,3.9613178,8.512466,2.3054845,3
154594023786160,13117732548,3.894917,8.528917,2.3312075,3
154594026286160,13120232548,3.8554354,8.528618,2.3380868,3
154594028786160,13122732548,3.8333018,8.554341,2.3611178,3
154594031286160,13125232548,3.8099718,8.568398,2.3742783,3
154594033786160,13127732548,3.7950168,8.567501,2.4008985,3
154594036286160,13130232548,3.7890346,8.555239,2.4284158,3
154594038786160,13132732548,3.7812579,8.560622,2.4559333,3
154594041286160,13135232548,3.8072798,8.546864,2.4652054,3
154594043786160,13137732548,3.845565,8.529217,2.498406,3
154594046286160,13140232548,3.8629131,8.518449,2.5169504,3
154594048786160,13142732548,3.9020956,8.508279,2.5289145,3
154594051286160,13145232548,3.9397824,8.4909315,2.5408785,3
154594053786160,13147732548,3.9661036,8.482257,2.5507488,3
154594056286160,13150232548,3.9852462,8.456834,2.548356,3
154594058786160,13152732548,4.0235314,8.44128,2.5399811,3
154594061286160,13155232548,4.0504503,8.429615,2.545664,3
154594063786160,13157732548,4.0776687,8.422137,2.559423,3
154594066286160,13160232548,4.1165524,8.395517,2.5707889,3
154594068786160,13162732548,4.132106,8.380263,2.5956144,3
154594071286160,13165232548,4.1497526,8.381161,2.606681,3
154594073786160,13167732548,4.182654,8.369196,2.6377878,3
154594076286160,13170232548,4.208975,8.357232,2.6766713,3
154594078786160,13172732548,4.232604,8.345866,2.6862426,3
154594081286160,13175232548,4.256532,8.331808,2.6979074,3
154594083786160,13177732548,4.2711883,8.330911,2.7242286,3
154594086286160,13180232548,4.2538404,8.315358,2.7511477,3
154594088786160,13182732548,4.2314076,8.303693,2.7825537,3
154594091286160,13185232548,4.205984,8.320742,2.7762725,3
154594093786160,13187732548,4.1644087,8.330014,2.7843482,3
154594096286160,13190232548,4.1228333,8.346166,2.7714868,3
154594098786160,13192732548,4.093521,8.366803,2.746063,3
154594101286160,13195232548,4.0627136,8.392227,2.74038,3
154594103786160,13197732548,4.0510488,8.43141,2.7711878,3
154594106286160,13200232548,4.025625,8.426624,2.7565317,3
154594108786160,13202732548,4.0268216,8.429017,2.7756743,3
154594111286160,13205232548,4.0148573,8.437391,2.7592237,3
154594113786160,13207732548,4.0064826,8.451449,2.7412775,3
154594116286160,13210232548,4.004688,8.467003,2.74038,3
154594118786160,13212732548,3.9810586,8.481061,2.7203403,3
154594121286160,13215232548,3.9634116,8.506186,2.725425,3
154594123786160,13217732548,3.9448671,8.518747,2.7248268,3
154594126286160,13220232548,3.9370906,8.537591,2.7379873,3
154594128786160,13222732548,3.9146578,8.545667,2.728117,3
154594131286160,13225232548,3.9101713,8.552845,2.7296124,3
154594133786160,13227732548,3.9143589,8.561818,2.757728,3
154594136286160,13230232548,3.9056847,8.579466,2.7640092,3
154594138786160,13232732548,3.912265,8.55135,2.742773,3
154594141286160,13235232548,3.906283,8.551051,2.7562325,3
154594143786160,13237732548,3.9006,8.541779,2.7538397,3
154594146286160,13240232548,3.9137604,8.52772,2.7385855,3
154594148786160,13242732548,3.9254255,8.513064,2.73709,3
154594151286160,13245232548,3.9314077,8.492427,2.7469604,3
154594153786160,13247732548,3.9610188,8.5014,2.7272196,3
154594156286160,13250232548,3.9675992,8.501998,2.737389,3
154594158786160,13252732548,3.9777687,8.487042,2.734697,3
154594161286160,13255232548,3.9780676,8.492725,2.740081,3
154594163786160,13257732548,3.9885364,8.488539,2.7451658,3
154594166286160,13260232548,3.9837506,8.5112705,2.7472596,3
154594168786160,13262732548,3.9484565,8.518149,2.7475586,3
154594171286160,13265232548,3.935296,8.547162,2.7376883,3
154594173786160,13267732548,3.9041893,8.566903,2.746063,3
154594176286160,13270232548,3.8754754,8.580662,2.7394829,3
154594178786160,13272732548,3.8638103,8.597711,2.7478578,3
154594181286160,13275232548,3.8500516,8.615059,2.7266214,3
154594183786160,13277732548,3.8344984,8.620442,2.7098715,3
154594186286160,13280232548,3.825226,8.620742,2.7155547,3
154594188786160,13282732548,3.8150566,8.651549,2.7014968,3
154594191286160,13285232548,3.8240297,8.665906,2.679064,3
154594193786160,13287732548,3.830909,8.662018,2.6659036,3
154594196286160,13290232548,3.8327036,8.672486,2.6593232,3
154594198786160,13292732548,3.8231323,8.679964,2.65035,3
154594201286160,13295232548,3.8141594,8.682656,2.6282165,3
154594203786160,13297732548,3.7890346,8.6910305,2.6315067,3
154594206286160,13300232548,3.7716868,8.704191,2.5860431,3
154594208786160,13302732548,3.7441692,8.722137,2.5435705,3
154594211286160,13305232548,3.7235312,8.742476,2.5322046,3
154594213786160,13307732548,3.7088752,8.765208,2.5172493,3
154594216286160,13310232548,3.6978083,8.782257,2.513062,3
154594218786160,13312732548,3.6777685,8.781959,2.4975085,3
154594221286160,13315232548,3.693621,8.789735,2.4616163,3
154594223786160,13317732548,3.6960137,8.783752,2.4592235,3
154594226286160,13320232548,3.72054,8.784052,2.4672992,3
154594228786160,13322732548,3.7552361,8.773883,2.481058,3
154594231286160,13325232548,3.780959,8.758628,2.4864419,3
154594233786160,13327732548,3.8030925,8.7469635,2.5058835,3
154594236286160,13330232548,3.827918,8.727522,2.5034907,3
154594238786160,13332732548,3.845565,8.708379,2.5283163,3
154594241286160,13335232548,3.8515472,8.684451,2.5438695,3
154594243786160,13337732548,3.8638103,8.666205,2.5630121,3
154594246286160,13340232548,3.8784664,8.640781,2.5872395,3
154594248786160,13342732548,3.8748772,8.62134,2.605784,3
154594251286160,13345232548,3.8817565,8.582157,2.6392834,3
154594253786160,13347732548,3.8605201,8.576774,2.6371896,3
154594256286160,13350232548,3.848257,8.5576315,2.6506493,3
154594258786160,13352732548,3.822235,8.552247,2.6599214,3
154594261286160,13355232548,3.8027935,8.5681,2.6611178,3
154594263786160,13357732548,3.7917266,8.577073,2.6446671,3
154594266286160,13360232548,3.766901,8.591729,2.5971098,3
154594268786160,13362732548,3.7749767,8.593225,2.5962126,3
154594271286160,13365232548,3.7651064,8.591729,2.5722845,3
154594273786160,13367732548,3.7594235,8.60459,2.5432713,3
154594276286160,13370232548,3.760321,8.624032,2.5118656,3
154594278786160,13372732548,3.7594235,8.64138,2.4759731,3
154594281286160,13375232548,3.7618163,8.635398,2.4430718,3
154594283786160,13377732548,3.775276,8.648857,2.3958137,3
154594286286160,13380232548,3.7905302,8.652147,2.3682961,3
154594288786160,13382732548,3.7938204,8.668299,2.352743,3
154594291286160,13385232548,3.7989051,8.677871,2.326721,3
154594293786160,13387732548,3.8210387,8.678169,2.3138595,3
154594296286160,13390232548,3.8431723,8.673384,2.3165514,3
154594298786160,13392732548,3.8700914,8.658728,2.295315,3
154594301286160,13395232548,3.8877387,8.659326,2.2902303,3
154594303786160,13397732548,3.8967116,8.650652,2.289034,3
154594306286160,13400232548,3.906582,8.652746,2.2917259,3
154594308786160,13402732548,3.917948,8.647063,2.2992034,3
154594311286160,13405232548,3.9146578,8.645866,2.3177478,3
154594313786160,13407732548,3.9056847,8.635398,2.3309083,3
154594316286160,13410232548,3.9056847,8.628818,2.3309083,3
154594318786160,13412732548,3.9323049,8.620442,2.350051,3
154594321286160,13415232548,3.950251,8.617751,2.3611178,3
154594323786160,13417732548,3.9628134,8.606385,2.376372,3
154594326286160,13420232548,3.9870408,8.58784,2.3814569,3
154594328786160,13422732548,4.0214376,8.583952,2.3751755,3
154594331286160,13425232548,4.051946,8.57468,2.3623142,3
154594333786160,13427732548,4.0672,8.564211,2.3608186,3
154594336286160,13430232548,4.066602,8.544769,2.3488545,3
154594338786160,13432732548,4.0776687,8.535498,2.3455644,3
154594341286160,13435232548,4.0824547,8.534301,2.335096,3
154594343786160,13437732548,4.0881376,8.519047,2.3264217,3
154594346286160,13440232548,4.078267,8.519645,2.3243282,3
154594348786160,13442732548,4.0827537,8.504091,2.32373,3
154594351286160,13445232548,4.0881376,8.510373,2.3428724,3
154594353786160,13447732548,4.089932,8.506186,2.350051,3
154594356286160,13450232548,4.0788655,8.509176,2.352743,3
154594358786160,13452732548,4.0552363,8.50469,2.3458636,3
154594361286160,13455232548,4.0298123,8.507381,2.3285155,3
154594363786160,13457732548,4.0244284,8.517851,2.315355,3
154594366286160,13460232548,4.002295,8.529217,2.3344977,3
154594368786160,13462732548,3.9804604,8.535198,2.3201406,3
154594371286160,13465232548,3.9640098,8.558229,2.3003998,3
154594373786160,13467732548,3.9481573,8.582457,2.2899313,3
154594376286160,13470232548,3.9242291,8.58784,2.2863421,3
154594378786160,13472732548,3.905984,8.605188,2.2857437,3
154594381286160,13475232548,3.9014974,8.622537,2.297708,3
154594383786160,13477732548,3.8904305,8.619844,2.2986052,3
154594386286160,13480232548,3.8898323,8.620144,2.321337,3
154594388786160,13482732548,3.885645,8.630911,2.3464618,3
154594391286160,13485232548,3.8817565,8.628518,2.359024,3
154594393786160,13487732548,3.8665023,8.616854,2.3709881,3
154594396286160,13490232548,3.8593237,8.6294155,2.3982065,3
154594398786160,13492732548,3.8353956,8.612666,2.4047868,3
154594401286160,13495232548,3.8153558,8.61805,2.449353,3
154594403786160,13497732548,3.8001015,8.613264,2.472384,3
154594406286160,13500232548,3.789932,8.621041,2.5091736,3
154594408786160,13502732548,3.7818563,8.62134,2.5821548,3
154594411286160,13505232548,3.790231,8.613564,2.635694,3
154594413786160,13507732548,3.81057,8.597711,2.6889346,3
154594416286160,13510232548,3.813262,8.603693,2.7475586,3
154594418786160,13512732548,3.8135612,8.587542,2.7990043,3
154594421286160,13515232548,3.8303108,8.59143,2.8337002,3
154594423786160,13517732548,3.8416767,8.582756,2.8686953,3
154594426286160,13520232548,3.8497524,8.574979,2.9192436,3
154594428786160,13522732548,3.8602211,8.577073,2.9362924,3
154594431286160,13525232548,3.8721852,8.565707,2.9985058,3
154594433786160,13527732548,3.886243,8.560024,3.004787,3
154594436286160,13530232548,3.8982072,8.57139,3.03709,3
154594438786160,13532732548,3.9053857,8.585747,3.0678978,3
154594441286160,13535232548,3.909274,8.603394,3.0810583,3
154594443786160,13537732548,3.92393,8.608479,3.0780673,3
154594446286160,13540232548,3.8943188,8.626425,3.0649066,3
154594448786160,13542732548,3.8682969,8.641081,3.0753753,3
154594451286160,13545232548,3.8081772,8.666803,3.0613174,3
154594453786160,13547732548,3.7734814,8.688937,3.0296125,3
154594456286160,13550232548,3.7348971,8.711071,3.0029924,3
154594458786160,13552732548,3.7106698,8.722437,2.9733813,3
154594461286160,13555232548,3.6915271,8.764311,2.9509485,3
154594463786160,13557732548,3.6661034,8.771789,2.9455647,3
154594466286160,13560232548,3.6646078,8.776874,2.928516,3
154594468786160,13562732548,3.6601214,8.781959,2.9069805,3
154594471286160,13565232548,3.6652062,8.787043,2.8974092,3
154594473786160,13567732548,3.6762729,8.792128,2.8815567,3
154594476286160,13570232548,3.6780674,8.772088,2.8746774,3
154594478786160,13572732548,3.6831522,8.774181,2.8674989,3
154594481286160,13575232548,3.712165,8.742776,2.8525436,3
154594483786160,13577732548,3.7402809,8.736495,2.8546374,3
154594486286160,13580232548,3.7567315,8.708977,2.8298118,3
154594488786160,13582732548,3.7758741,8.69492,2.8163524,3
154594491286160,13585232548,3.81057,8.679665,2.821138,3
154594493786160,13587732548,3.8413777,8.653045,2.8028927,3
154594496286160,13590232548,3.8545382,8.629117,2.806781,3
154594498786160,13592732548,3.8748772,8.611469,2.7939196,3
154594501286160,13595232548,3.9101713,8.590532,2.789433,3
154594503786160,13597732548,3.923631,8.566605,2.8037899,3
154594506286160,13600232548,3.9418762,8.556734,2.7954152,3
154594508786160,13602732548,3.9484565,8.539685,2.7930222,3
154594511286160,13605232548,3.953242,8.52443,2.7906294,3
154594513786160,13607732548,3.9714873,8.503195,2.8172495,3
154594516286160,13610232548,3.9738803,8.502297,2.8453653,3
154594518786160,13612732548,3.9738803,8.496614,2.856432,3
154594521286160,13615232548,3.9661036,8.484949,2.859124,3
154594523786160,13617732548,3.973581,8.469096,2.8492537,3
154594526286160,13620232548,3.9744785,8.45773,2.8671997,3
154594528786160,13622732548,3.9628134,8.453544,2.868097,3
154594531286160,13625232548,3.9550366,8.452347,2.8704898,3
154594533786160,13627732548,3.953242,8.455338,2.8600214,3
154594536286160,13630232548,3.9517467,8.445766,2.8435707,3
154594538786160,13632732548,3.9397824,8.434102,2.8405795,3
154594541286160,13635232548,3.92722,8.436195,2.8178477,3
154594543786160,13637732548,3.912265,8.435298,2.7655048,3
154594546286160,13640232548,3.9284165,8.445766,2.7424738,3
154594548786160,13642732548,3.932903,8.445766,2.694019,3
154594551286160,13645232548,3.9424744,8.455637,2.631806,3
154594553786160,13647732548,3.9538403,8.453842,2.594717,3
154594556286160,13650232548,3.9577286,8.442178,2.5561328,3
154594558786160,13652732548,3.9981074,8.432905,2.5268207,3
154594561286160,13655232548,4.048955,8.416454,2.501397,3
154594563786160,13657732548,4.0920258,8.4347,2.457429,3
154594566286160,13660232548,4.1437707,8.43141,2.4427729,3
154594568786160,13662732548,4.2000017,8.421839,2.4415765,3
154594571286160,13665232548,4.253242,8.417651,2.4361925,3
154594573786160,13667732548,4.28734,8.389236,2.4320052,3
154594576286160,13670232548,4.3244286,8.387142,2.434398,3
154594578786160,13672732548,4.3414774,8.392227,2.4424736,3
154594581286160,13675232548,4.343272,8.376375,2.4571297,3
154594583786160,13677732548,4.357031,8.376674,2.4598217,3
154594586286160,13680232548,4.356433,8.390732,2.4768705,3
154594588786160,13682732548,4.3468614,8.4038925,2.4864419,3
154594591286160,13685232548,4.339683,8.428419,2.5091736,3
154594593786160,13687732548,4.31067,8.424232,2.5283163,3
154594596286160,13690232548,4.2888355,8.452945,2.541776,3
154594598786160,13692732548,4.2702913,8.449356,2.5468607,3
154594601286160,13695232548,4.246961,8.456834,2.5513473,3
154594603786160,13697732548,4.2302113,8.456834,2.5612175,3
154594606286160,13700232548,4.221537,8.46461,2.554039,3
154594608786160,13702732548,4.2110686,8.449655,2.5749762,3
154594611286160,13705232548,4.188337,8.429316,2.565704,3
154594613786160,13707732548,4.1778684,8.429017,2.542673,3
154594616286160,13710232548,4.1778684,8.425129,2.5259235,3
154594618786160,13712732548,4.160221,8.436195,2.501995,3
154594621286160,13715232548,4.1368914,8.444869,2.4858437,3
154594623786160,13717732548,4.1234317,8.446364,2.4628127,3
154594626286160,13720232548,4.1237307,8.45773,2.4586253,3
154594628786160,13722732548,4.121039,8.466405,2.4508486,3
154594631286160,13725232548,4.136293,8.474779,2.4352953,3
154594633786160,13727732548,4.1374893,8.482556,2.4245276,3
154594636286160,13730232548,4.138985,8.475976,2.429014,3
154594638786160,13732732548,4.1374893,8.486146,2.4293132,3
154594641286160,13735232548,4.141378,8.483154,2.42034,3
154594643786160,13737732548,4.13061,8.480164,2.4068804,3
154594646286160,13740232548,4.1162534,8.4858465,2.4185455,3
154594648786160,13742732548,4.1108694,8.4858465,2.4266212,3
154594651286160,13745232548,4.094718,8.487042,2.419443,3
154594653786160,13747732548,4.0812583,8.478069,2.4451656,3
154594656286160,13750232548,4.0564327,8.469396,2.44367,3
154594658786160,13752732548,4.0558343,8.459525,2.4451656,3
154594661286160,13755232548,4.0441694,8.449057,2.451746,3
154594663786160,13757732548,4.0441694,8.454142,2.4496522,3
154594666286160,13760232548,4.0363927,8.465807,2.4478576,3
154594668786160,13762732548,4.0360937,8.4679,2.472085,3
154594671286160,13765232548,4.0277185,8.4604225,2.4541388,3
154594673786160,13767732548,4.020839,8.467003,2.4562325,3
154594676286160,13770232548,4.019643,8.462217,2.4430718,3
154594678786160,13772732548,3.9975092,8.458628,2.44038,3
154594681286160,13775232548,3.9783669,8.46102,2.4263222,3
154594683786160,13777732548,3.9583268,8.477771,2.4281168,3
154594686286160,13780232548,3.9448671,8.509774,2.414657,3
154594688786160,13782732548,3.938586,8.518149,2.4071796,3
154594691286160,13785232548,3.9269211,8.531011,2.4355943,3
154594693786160,13787732548,3.920939,8.544471,2.423032,3
154594696286160,13790232548,3.9257247,8.542676,2.4535406,3
154594698786160,13792732548,3.929314,8.548658,2.478067,3
154594701286160,13795232548,3.953242,8.545069,2.5058835,3
154594703786160,13797732548,3.978965,8.529815,2.5271199,3
154594706286160,13800232548,3.987938,8.522636,2.5591238,3
154594708786160,13802732548,4.0031924,8.508578,2.5971098,3
154594711286160,13805232548,4.0235314,8.495717,2.6072793,3
154594713786160,13807732548,4.03729,8.476873,2.632404,3
154594716286160,13810232548,4.060321,8.47149,2.6470602,3
154594718786160,13812732548,4.0701914,8.446066,2.649453,3
154594721286160,13815232548,4.0974097,8.447861,2.652145,3
154594723786160,13817732548,4.1108694,8.444571,2.6533413,3
154594726286160,13820232548,4.112365,8.455936,2.6470602,3
154594728786160,13822732548,4.1090746,8.450552,2.6276183,3
154594731286160,13825232548,4.098307,8.452945,2.608775,3
154594733786160,13827732548,4.0995035,8.457432,2.5869403,3
154594736286160,13830232548,4.106383,8.474181,2.5639095,3
154594738786160,13832732548,4.1105704,8.475378,2.536392,3
154594741286160,13835232548,4.12732,8.487042,2.5310082,3
154594743786160,13837732548,4.1374893,8.507083,2.5106692,3
154594746286160,13840232548,4.1461635,8.522337,2.4765713,3
154594748786160,13842732548,4.1644087,8.536096,2.4284158,3
154594751286160,13845232548,4.1751766,8.549854,2.4215364,3
154594753786160,13847732548,4.1982074,8.548059,2.3709881,3
154594756286160,13850232548,4.2164526,8.537591,2.344368,3
154594758786160,13852732548,4.2329035,8.536395,2.3001008,3
154594761286160,13855232548,4.261318,8.518449,2.2737796,3
154594763786160,13857732548,4.272983,8.48465,2.2483559,3
154594766286160,13860232548,4.2891345,8.450552,2.2202404,3
154594768786160,13862732548,4.3094735,8.434102,2.2025933,3
154594771286160,13865232548,4.325326,8.409575,2.2139592,3
154594773786160,13867732548,4.3331027,8.377871,2.2229323,3
154594776286160,13870232548,4.334598,8.371888,2.21366,3
154594778786160,13872732548,4.336991,8.349754,2.2244277,3
154594781286160,13875232548,4.339683,8.328518,2.2354946,3
154594783786160,13877732548,4.34746,8.3345,2.2552354,3
154594786286160,13880232548,4.3504505,8.341978,2.2947168,3
154594788786160,13882732548,4.3555355,8.325228,2.2869403,3
154594791286160,13885232548,4.375276,8.320442,2.300998,3
154594793786160,13887732548,4.3755755,8.312666,2.2965117,3
154594796286160,13890232548,4.3758745,8.308778,2.292324,3
154594798786160,13892732548,4.3905306,8.323134,2.2713869,3
154594801286160,13895232548,4.3794637,8.307581,2.259722,3
154594803786160,13897732548,4.403093,8.310871,2.2501507,3
154594806286160,13900232548,4.4201417,8.320144,2.2196422,3
154594808786160,13902732548,4.429115,8.315657,2.2127628,3
154594811286160,13905232548,4.4374895,8.317152,2.202294,3
154594813786160,13907732548,4.4485564,8.311769,2.1879373,3
154594816286160,13910232548,4.444369,8.2965145,2.143969,3
154594818786160,13912732548,4.4374895,8.283354,2.1355941,3
154594821286160,13915232548,4.4524446,8.290532,2.0949163,3
154594823786160,13917732548,4.453641,8.292027,2.0575283,3
154594826286160,13920232548,4.4425745,8.279466,2.0365913,3
154594828786160,13922732548,4.443771,8.282456,1.9905293,3
154594831286160,13925232548,4.4401817,8.296813,1.9609182,3
154594833786160,13927732548,4.441378,8.299805,1.9277177,3
154594836286160,13930232548,4.456034,8.306086,1.9253249,3
154594838786160,13932732548,4.470989,8.30459,1.9088743,3
154594841286160,13935232548,4.4718866,8.316554,1.8924236,3
154594843786160,13937732548,4.4742794,8.316554,1.8726828,3
154594846286160,13940232548,4.495815,8.307581,1.8637097,3
154594848786160,13942732548,4.516453,8.29801,1.8343977,3
154594851286160,13945232548,4.519444,8.288737,1.8134605,3
154594853786160,13947732548,4.543372,8.300403,1.7952151,3
154594856286160,13950232548,4.542176,8.303095,1.774278,3
154594858786160,13952732548,4.5430727,8.306983,1.7398812,3
154594861286160,13955232548,4.5409794,8.306086,1.7261224,3
154594863786160,13957732548,4.551747,8.312666,1.7060826,3
154594866286160,13960232548,4.5562334,8.32134,1.6833507,3
154594868786160,13962732548,4.5592246,8.333603,1.6513467,3
154594871286160,13965232548,4.5613184,8.342576,1.6271194,3
154594873786160,13967732548,4.552943,8.365009,1.5987046,3
154594876286160,13970232548,4.5361934,8.387442,1.5858432,3
154594878786160,13972732548,4.5131626,8.4248295,1.5661024,3
154594881286160,13975232548,4.491029,8.438289,1.5302101,3
154594883786160,13977732548,4.4668016,8.460124,1.5149559,3
154594886286160,13980232548,4.451248,8.496614,1.5119648,3
154594888786160,13982732548,4.4410787,8.509176,1.524228,3
154594891286160,13985232548,4.4279184,8.539685,1.5352948,3
154594893786160,13987732548,4.4150567,8.546266,1.570888,3
154594896286160,13990232548,4.4007,8.549854,1.5924234,3
154594898786160,13992732548,4.3890347,8.565108,1.6109679,3
154594901286160,13995232548,4.3869414,8.587242,1.66361,3
154594903786160,13997732548,4.388437,8.589934,1.7030915,3
154594906286160,14000232548,4.3728833,8.5983095,1.7434704,3
154594908786160,14002732548,4.3537407,8.611769,1.7877376,3
154594911286160,14005232548,4.3301115,8.610273,1.8302102,3
154594913786160,14007732548,4.319942,8.615059,1.847259,3
154594916286160,14010232548,4.2942195,8.592028,1.8777676,3
154594918786160,14012732548,4.2720857,8.595617,1.9328024,3
154594921286160,14015232548,4.2508492,8.586345,1.969293,3
154594923786160,14017732548,4.2341,8.583653,2.0090737,3
154594926286160,14020232548,4.2302113,8.57468,2.018645,3
154594928786160,14022732548,4.214957,8.571689,2.0479572,3
154594931286160,14025232548,4.195216,8.574979,2.053939,3
154594933786160,14027732548,4.1844487,8.570193,2.056033,3
154594936286160,14030232548,4.154538,8.568698,2.0350957,3
154594938786160,14032732548,4.121039,8.56122,2.0153549,3
154594941286160,14035232548,4.0848475,8.557332,1.9905293,3
154594943786160,14037732548,4.0414777,8.556435,1.9531415,3
154594946286160,14040232548,4.025625,8.577671,1.9286151,3
154594948786160,14042732548,3.9960139,8.571988,1.8972093,3
154594951286160,14045232548,3.9924245,8.603693,1.8433708,3
154594953786160,14047732548,4.004389,8.628518,1.8167506,3
154594956286160,14050232548,4.008576,8.650951,1.7952151,3
154594958786160,14052732548,4.01396,8.666803,1.788934,3
154594961286160,14055232548,4.025625,8.6706915,1.7802601,3
154594963786160,14057732548,4.025027,8.677871,1.7787645,3
154594966286160,14060232548,4.048656,8.706285,1.7844474,3
154594968786160,14062732548,4.0680976,8.722137,1.7419748,3
154594971286160,14065232548,4.072883,8.746664,1.6917256,3
154594973786160,14067732548,4.0310087,8.779566,1.7267207,3
154594976286160,14070232548,3.9658043,8.809774,1.8595223,3
154594978786160,14072732548,3.918247,8.831908,1.9698912,3
154594981286160,14075232548,3.9604206,8.8136635,1.9833509,3
154594983786160,14077732548,4.007978,8.79811,1.9244276,3
154594986286160,14080232548,4.089932,8.747561,1.855634,3
154594988786160,14082732548,4.141677,8.689535,1.7844474,3
154594991286160,14085232548,4.158427,8.65454,1.7252251,3
154594993786160,14087732548,4.173382,8.633005,1.6411772,3
154594996286160,14090232548,4.1638107,8.622835,1.5804594,3
154594998786160,14092732548,4.1494536,8.629117,1.5702899,3
154595001286160,14095232548,4.112066,8.644371,1.5960127,3
154595003786160,14097732548,4.0854454,8.674281,1.637588,3
154595006286160,14100232548,4.0776687,8.695518,1.6567305,3
154595008786160,14102732548,4.0923247,8.719446,1.643271,3
154595011286160,14105232548,4.1144586,8.734401,1.6396817,3
154595013786160,14107732548,4.1578283,8.734101,1.5960127,3
154595016286160,14110232548,4.1754756,8.748757,1.5158532,3
154595018786160,14112732548,4.188337,8.741281,1.4760724,3
154595021286160,14115232548,4.2035913,8.752347,1.4407784,3
154595023786160,14117732548,4.2044883,8.755338,1.4333007,3
154595026286160,14120232548,4.188038,8.756535,1.4380864,3
154595028786160,14122732548,4.1925244,8.766405,1.474577,3
154595031286160,14125232548,4.1904306,8.7682,1.4497514,3
154595033786160,14127732548,4.2188454,8.771789,1.4156537,3
154595036286160,14130232548,4.1688952,8.789137,1.4177474,3
154595038786160,14132732548,4.051946,8.78794,1.6283158,3
154595041286160,14135232548,4.011866,8.782557,1.7572291,3
154595043786160,14137732548,4.0480576,8.774181,1.7691933,3
154595046286160,14140232548,4.08724,8.729915,1.7620147,3
154595048786160,14142732548,4.162016,8.683254,1.7530417,3
154595051286160,14145232548,4.211667,8.656634,1.7057835,3
154595053786160,14147732548,4.21735,8.637791,1.7168503,3
154595056286160,14150232548,4.1871405,8.619545,1.7955143,3
154595058786160,14152732548,4.1294136,8.629715,1.928316,3
154595061286160,14155232548,4.0827537,8.646764,2.0605195,3
154595063786160,14157732548,4.0268216,8.676674,2.1945174,3
154595066286160,14160232548,3.9783669,8.703593,2.3150558,3
154595068786160,14162732548,3.9290147,8.726325,2.414059,3
154595071286160,14165232548,3.9008992,8.749954,2.4858437,3
154595073786160,14167732548,3.8796628,8.781061,2.5109682,3
154595076286160,14170232548,3.8548372,8.78794,2.5351956,3
154595078786160,14172732548,3.8497524,8.778668,2.551048,3
154595081286160,14175232548,3.8231323,8.812467,2.5498517,3
154595083786160,14177732548,3.845266,8.805288,2.5983062,3
154595086286160,14180232548,3.8036907,8.803194,2.6105695,3
154595088786160,14182732548,3.8096728,8.807681,2.484049,3
154595091286160,14185232548,3.8213377,8.79452,2.4017956,3
154595093786160,14187732548,3.8288152,8.807083,2.3721845,3
154595096286160,14190232548,3.8201413,8.817252,2.4020948,3
154595098786160,14192732548,3.7854455,8.82802,2.4738796,3
154595101286160,14195232548,3.7384863,8.849555,2.501098,3
154595103786160,14197732548,3.685545,8.863315,2.5064816,3
154595106286160,14200232548,3.6589248,8.870493,2.501098,3
154595108786160,14202732548,3.6478581,8.873783,2.490031,3
154595111286160,14205232548,3.62722,8.894421,2.4323041,3
154595113786160,14207732548,3.6517465,8.878569,2.4059832,3
154595116286160,14210232548,3.6699917,8.861818,2.3802602,3
154595118786160,14212732548,3.705585,8.843574,2.3225334,3
154595121286160,14215232548,3.772584,8.819944,2.2271197,3
154595123786160,14217732548,3.8258243,8.799605,2.1311076,3
154595126286160,14220232548,3.9221354,8.756834,2.0515463,3
154595128786160,14222732548,3.9960139,8.729017,1.9495523,3
154595131286160,14225232548,4.0737805,8.682955,1.8810577,3
154595133786160,14227732548,4.165007,8.638688,1.8014964,3
154595136286160,14230232548,4.2218366,8.597412,1.7563318,3
154595138786160,14232732548,4.2448673,8.571689,1.7297117,3
154595141286160,14235232548,4.2631125,8.569894,1.7347964,3
154595143786160,14237732548,4.290032,8.603095,1.7697915,3
154595146286160,14240232548,4.2795634,8.623434,1.8215362,3
154595148786160,14242732548,4.260421,8.637193,1.9025931,3
154595151286160,14245232548,4.2511487,8.671888,1.9785652,3
154595153786160,14247732548,4.24397,8.678469,2.0398812,3
154595156286160,14250232548,4.240381,8.669496,2.114657,3
154595158786160,14252732548,4.2308097,8.644371,2.1735802,3
154595161286160,14255232548,4.2394834,8.614461,2.2172494,3
154595163786160,14257732548,4.2505503,8.573184,2.2669003,3
154595166286160,14260232548,4.261617,8.545667,2.2989044,3
154595168786160,14262732548,4.2535415,8.520542,2.3081765,3
154595171286160,14265232548,4.241577,8.486444,2.291427,3
154595173786160,14267732548,4.213761,8.4705925,2.2728825,3
154595176286160,14270232548,4.1811585,8.456235,2.2214367,3
154595178786160,14272732548,4.160221,8.4679,2.1287148,3
154595181286160,14275232548,4.162315,8.469695,2.0662024,3
154595183786160,14277732548,4.191627,8.480164,1.9992033,3
154595186286160,14280232548,4.2110686,8.507083,1.9073788,3
154595188786160,14282732548,4.254439,8.49482,1.8909281,3
154595191286160,14285232548,4.264309,8.5271225,1.7497516,3
154595193786160,14287732548,4.2948174,8.53161,1.6827525,3
154595196286160,14290232548,4.3058844,8.531908,1.6393826,3
154595198786160,14292732548,4.31067,8.543274,1.582553,3
154595201286160,14295232548,4.333701,8.539086,1.52692,3
154595203786160,14297732548,4.369593,8.50798,1.4338989,3
154595206286160,14300232548,4.409972,8.503195,1.3528421,3
154595208786160,14302732548,4.4724846,8.498408,1.2619148,3
154595211286160,14305232548,4.5095735,8.472088,1.1934203,3
154595213786160,14307732548,4.5469613,8.46102,1.1189437,3
154595216286160,14310232548,4.560421,8.452646,1.0486546,3
154595218786160,14312732548,4.578068,8.453544,0.9819546,3
154595221286160,14315232548,4.572385,8.45474,0.89401835,3
154595223786160,14317732548,4.5681977,8.460124,0.8428718,3
154595226286160,14320232548,4.54068,8.474779,0.770788,3
154595228786160,14322732548,4.5008993,8.497212,0.7118647,3
154595231286160,14325232548,4.4721856,8.524132,0.69541407,3
154595233786160,14327732548,4.4431725,8.555239,0.6801598,3
154595236286160,14330232548,4.4231324,8.592028,0.6628119,3
154595238786160,14332732548,4.4021955,8.616854,0.6589235,3
154595241286160,14335232548,4.412365,8.64467,0.68075806,3
154595243786160,14337732548,4.4108696,8.676674,0.718445,3
154595246286160,14340232548,4.4264226,8.689535,0.7429714,3
154595248786160,14342732548,4.444369,8.699107,0.76689965,3
154595251286160,14345232548,4.4575295,8.692825,0.8252247,3
154595253786160,14347732548,4.4892344,8.684152,0.87367934,3
154595256286160,14350232548,4.5035915,8.672786,0.9056834,3
154595258786160,14352732548,4.508676,8.632108,0.9490533,3
154595261286160,14355232548,4.517649,8.609675,0.9921241,3
154595263786160,14357732548,4.5266223,8.581559,1.0226326,3
154595266286160,14360232548,4.5248275,8.573184,1.0157533,3
154595268786160,14362732548,4.5332026,8.562118,1.0055838,3
154595271286160,14365232548,4.545765,8.549256,0.9810573,3
154595273786160,14367732548,4.551448,8.548658,0.95802635,3
154595276286160,14370232548,4.552046,8.549256,0.9523434,3
154595278786160,14372732548,4.5565324,8.556734,0.91435736,3
154595281286160,14375232548,4.5714874,8.571988,0.86949193,3
154595283786160,14377732548,4.571787,8.577372,0.84406817,3
154595286286160,14380232548,4.578367,8.585447,0.82612205,3
154595288786160,14382732548,4.577769,8.592028,0.7686943,3
154595291286160,14385232548,4.5798626,8.612965,0.7432705,3
154595293786160,14387732548,4.5732822,8.616854,0.7106683,3
154595296286160,14390232548,4.5852466,8.623135,0.666102,3
154595298786160,14392732548,4.5876393,8.620144,0.6481558,3
154595301286160,14395232548,4.5885367,8.617152,0.63858455,3
154595303786160,14397732548,4.5852466,8.63121,0.59940207,3
154595306286160,14400232548,4.57747,8.625228,0.5982057,3
154595308786160,14402732548,4.5969114,8.6294155,0.6128617,3
154595311286160,14405232548,4.5936213,8.643773,0.61854464,3
154595313786160,14407732548,4.6058846,8.650652,0.64217377,3
154595316286160,14410232548,4.6028934,8.643773,0.6586244,3
154595318786160,14412732548,4.582854,8.6395855,0.67148584,3
154595321286160,14415232548,4.584947,8.632407,0.6900302,3
154595323786160,14417732548,4.587041,8.626125,0.6843473,3
154595326286160,14420232548,4.5675993,8.61805,0.6795616,3
154595328786160,14422732548,4.5595236,8.600103,0.689432,3
154595331286160,14425232548,4.551448,8.575278,0.715454,3
154595333786160,14427732548,4.5275197,8.5576315,0.7292127,3
154595336286160,14430232548,4.4982076,8.539984,0.77766734,3
154595338786160,14432732548,4.465904,8.538189,0.8213364,3
154595341286160,14435232548,4.4398823,8.502596,0.84735835,3
154595343786160,14437732548,4.412365,8.48794,0.84855473,3
154595346286160,14440232548,4.3836513,8.479266,0.81655073,3
154595348786160,14442732548,4.354339,8.49452,0.79471624,3
154595351286160,14445232548,4.325326,8.488539,0.7513463,3
154595353786160,14447732548,4.295416,8.489137,0.6873383,3
154595356286160,14450232548,4.284648,8.5118685,0.6517451,3
154595358786160,14452732548,4.263711,8.541779,0.60059845,3
154595361286160,14455232548,4.2445683,8.577671,0.5383851,3
154595363786160,14457732548,4.2218366,8.607581,0.4848457,3
154595366286160,14460232548,4.1958146,8.636295,0.45553362,3
154595368786160,14462732548,4.199105,8.67129,0.38344982,3
154595371286160,14465232548,4.206582,8.697611,0.31405798,3
154595373786160,14467732548,4.2038903,8.730513,0.2440679,3
154595376286160,14470232548,4.2050867,8.759227,0.1689931,3
154595378786160,14472732548,4.2131624,8.787342,0.0951147,3
154595381286160,14475232548,4.226622,8.80469,0.025124637,3
154595383786160,14477732548,4.2577286,8.830113,-0.049351968,3
154595386286160,14480232548,4.286144,8.842976,-0.102592275,3
154595388786160,14482732548,4.3208394,8.836993,-0.16061822,3
154595391286160,14485232548,4.367799,8.822935,-0.1893321,3
154595393786160,14487732548,4.4018965,8.822935,-0.21894327,3
154595396286160,14490232548,4.4467616,8.802298,-0.23688944,3
154595398786160,14492732548,4.495815,8.770593,-0.23569304,3
154595401286160,14495232548,4.51735,8.752646,-0.20428723,3
154595403786160,14497732548,4.558925,8.756535,-0.17467605,3
154595406286160,14500232548,4.597809,8.745467,-0.13310076,3
154595408786160,14502732548,4.639384,8.719147,-0.10797612,3
154595411286160,14505232548,4.647759,8.705089,-0.056530435,3
154595413786160,14507732548,4.6501517,8.666205,-0.0038883367,3
154595416286160,14510232548,4.645366,8.651549,0.034695927,3
154595418786160,14512732548,4.642375,8.620442,0.061615184,3
154595421286160,14515232548,4.633701,8.62134,0.1061815,3
154595423786160,14517732548,4.619344,8.612367,0.12203395,3
154595426286160,14520232548,4.6007996,8.610871,0.12113664,3
154595428786160,14522732548,4.587041,8.610871,0.085244305,3
154595431286160,14525232548,4.5882373,8.606983,0.06460621,3
154595433786160,14527732548,4.571787,8.610572,0.027218357,3
154595436286160,14530232548,4.575974,8.624331,-0.010767702,3
154595438786160,14532732548,4.56401,8.638987,-0.06669993,3
154595441286160,14535232548,4.583153,8.649755,-0.11096715,3
154595443786160,14537732548,4.595416,8.682955,-0.13848461,3
154595446286160,14540232548,4.610072,8.69133,-0.18604197,3
154595448786160,14542732548,4.619942,8.727222,-0.20817557,3
154595451286160,14545232548,4.618447,8.733205,-0.23898315,3
154595453786160,14547732548,4.6112685,8.75444,-0.2868396,3
154595456286160,14550232548,4.6151567,8.752945,-0.34247273,3
154595458786160,14552732548,4.6208396,8.748459,-0.40588254,3
154595461286160,14555232548,4.610969,8.734999,-0.43758744,3
154595463786160,14557732548,4.5969114,8.72812,-0.45044887,3
154595466286160,14560232548,4.578666,8.716754,-0.453739,3
154595468786160,14562732548,4.543671,8.71795,-0.45942193,3
154595471286160,14565232548,4.4868417,8.714361,-0.47347978,3
154595473786160,14567732548,4.4488554,8.717052,-0.4962116,3
154595476286160,14570232548,4.3965125,8.7266245,-0.5063811,3
154595478786160,14572732548,4.3504505,8.732905,-0.53359944,3
154595481286160,14575232548,4.351348,8.761918,-0.58594245,3
154595483786160,14577732548,4.321438,8.775677,-0.61435723,3
154595486286160,14580232548,4.302893,8.773284,-0.64636123,3
154595488786160,14582732548,4.3058844,8.800503,-0.69272214,3
154595491286160,14585232548,4.322335,8.816355,-0.70947194,3
154595493786160,14587732548,4.3552365,8.825927,-0.7256235,3
154595496286160,14590232548,4.3857446,8.843872,-0.7223333,3
154595498786160,14592732548,4.4341993,8.827422,-0.74177504,3
154595501286160,14595232548,4.4674,8.805886,-0.73549384,3
154595503786160,14597732548,4.5155554,8.768798,-0.72741807,3
154595506286160,14600232548,4.5565324,8.745767,-0.7109674,3
154595508786160,14602732548,4.601099,8.714062,-0.6903293,3
154595511286160,14605232548,4.642674,8.670393,-0.6586244,3
154595513786160,14607732548,4.685446,8.63809,-0.62482584,3
154595516286160,14610232548,4.70728,8.579466,-0.60358953,3
154595518786160,14612732548,4.7339005,8.556734,-0.56859446,3
154595521286160,14615232548,4.784449,8.519944,-0.55483574,3
154595523786160,14617732548,4.802395,8.497512,-0.5422734,3
154595526286160,14620232548,4.84068,8.4813595,-0.52193445,3
154595528786160,14622732548,4.883751,8.480762,-0.4848457,3
154595531286160,14625232548,4.8822556,8.474779,-0.43908295,3
154595533786160,14627732548,4.8849473,8.483154,-0.39541394,3
154595536286160,14630232548,4.837091,8.5014,-0.35353956,3
154595538786160,14632732548,4.785047,8.526525,-0.30957142,3
154595541286160,14635232548,4.743771,8.547162,-0.30927232,3
154595543786160,14637732548,4.709075,8.579166,-0.29880372,3
154595546286160,14640232548,4.6585264,8.595617,-0.3077768,3
154595548786160,14642732548,4.627121,8.615956,-0.33888352,3
154595551286160,14645232548,4.5894337,8.627322,-0.3484548,3
154595553786160,14647732548,4.6600223,8.586046,-0.67208403,3
154595556286160,14650232548,4.795815,8.52772,-1.5179468,3
154595558786160,14652732548,4.8212385,8.560922,-1.887638,3
154595561286160,14655232548,4.8714876,8.596215,-2.14696,3
154595563786160,14657732548,4.892724,8.626425,-2.1155543,3
154595566286160,14660232548,4.915456,8.622537,-2.0264218,3
154595568786160,14662732548,4.9193444,8.588439,-1.8448663,3
154595571286160,14665232548,4.898108,8.566006,-1.5723835,3
154595573786160,14667732548,4.8358946,8.57468,-1.3076776,3
154595576286160,14670232548,4.8188457,8.551949,-1.0666007,3
154595578786160,14672732548,4.8026943,8.508279,-0.86919284,3
154595581286160,14675232548,4.7799625,8.486146,-0.72053874,3
154595583786160,14677732548,4.7416773,8.471788,-0.60329044,3
154595586286160,14680232548,4.7285166,8.454441,-0.6098707,3
154595588786160,14682732548,4.709374,8.438588,-0.625424,3
154595591286160,14685232548,4.692325,8.4400835,-0.66341007,3
154595593786160,14687732548,4.670192,8.443374,-0.71425754,3
154595596286160,14690232548,4.6618166,8.438888,-0.72382885,3
154595598786160,14692732548,4.673482,8.416454,-0.7319046,3
154595601286160,14695232548,4.6746783,8.433205,-0.6795616,3
154595603786160,14697732548,4.672285,8.441579,-0.5937191,3
154595606286160,14700232548,4.659723,8.444571,-0.50099725,3
154595608786160,14702732548,4.6325045,8.43141,-0.44027936,3
154595611286160,14705232548,4.6064825,8.422437,-0.3900301,3
154595613786160,14707732548,4.5822554,8.397312,-0.34516466,3
154595616286160,14710232548,4.571787,8.379964,-0.3185445,3
154595618786160,14712732548,4.586443,8.369196,-0.31136605,3
154595621286160,14715232548,4.5837507,8.362018,-0.28025934,3
154595623786160,14717732548,4.613362,8.356634,-0.26650062,3
154595626286160,14720232548,4.630411,8.365906,-0.25842485,3
154595628786160,14722732548,4.6259246,8.4012,-0.28025934,3
154595631286160,14725232548,4.623831,8.408977,-0.28055847,3
154595633786160,14727732548,4.634897,8.416754,-0.28713873,3
154595636286160,14730232548,4.6612186,8.402696,-0.28025934,3
154595638786160,14732732548,4.686044,8.414959,-0.28893334,3
154595641286160,14735232548,4.685147,8.4347,-0.26470602,3
154595643786160,14737732548,4.699504,8.446963,-0.24915266,3
154595646286160,14740232548,4.7539406,8.422137,-0.2117648,3
154595648786160,14742732548,4.8065825,8.427522,-0.20817557,3
154595651286160,14745232548,4.8266225,8.43141,-0.20877378,3
154595653786160,14747732548,4.8619165,8.417352,-0.20608185,3
154595656286160,14750232548,4.9136615,8.4012,-0.19860429,3
154595658786160,14752732548,4.9516473,8.398508,-0.16420746,3
154595661286160,14755232548,4.994718,8.400303,-0.14087744,3
154595663786160,14757732548,5.052146,8.392527,-0.1378864,3
154595666286160,14760232548,5.0679984,8.383852,-0.1268196,3
154595668786160,14762732548,5.098507,8.367701,-0.16869399,3
154595671286160,14765232548,5.1083775,8.356634,-0.20338993,3
154595673786160,14767732548,5.1146584,8.371589,-0.24586253,3
154595676286160,14770232548,5.1287165,8.368299,-0.27667013,3
154595678786160,14772732548,5.0940204,8.385946,-0.2940181,3
154595681286160,14775232548,5.070092,8.385348,-0.31914273,3
154595683786160,14777732548,5.029713,8.394022,-0.34426737,3
154595686286160,14780232548,4.9881377,8.395517,-0.3505485,3
154595688786160,14782732548,4.94088,8.411071,-0.3711866,3
154595691286160,14785232548,4.8583274,8.440681,-0.38434714,3
154595693786160,14787732548,4.79073,8.459525,-0.38673997,3
154595696286160,14790232548,4.712664,8.493324,-0.38763726,3
154595698786160,14792732548,4.711169,8.50469,-0.36759737,3
154595701286160,14795232548,4.67408,8.545368,-0.32422748,3
154595703786160,14797732548,4.6301117,8.563314,-0.26470602,3
154595706286160,14800232548,4.6118665,8.5779705,-0.2330011,3
154595708786160,14802732548,4.621737,8.590233,-0.1698904,3
154595711286160,14805232548,4.6372905,8.598608,-0.08973085,3
154595713786160,14807732548,4.4572306,8.667701,0.06819545,3
154595716286160,14810232548,4.456034,8.685647,0.07776674,3
154595718786160,14812732548,4.8038907,8.626425,-0.096909314,3
154595721286160,14815232548,4.8230333,8.606684,-0.26141587,3
154595723786160,14817732548,4.834698,8.567501,-0.48963133,3
154595726286160,14820232548,4.8637114,8.5423765,-0.6242276,3
154595728786160,14822732548,4.9007998,8.522935,-0.72382885,3
154595731286160,14825232548,4.950451,8.506186,-0.6652047,3
154595733786160,14827732548,5.000401,8.490632,-0.57487565,3
154595736286160,14830232548,5.023731,8.472686,-0.47138608,3
154595738786160,14832732548,5.0192447,8.473284,-0.33379877,3
154595741286160,14835232548,4.996812,8.464012,-0.2219343,3
154595743786160,14837732548,4.9642096,8.45803,-0.1680958,3
154595746286160,14840232548,4.9292145,8.4682,-0.14416756,3
154595748786160,14842732548,4.918447,8.469695,-0.14267205,3
154595751286160,14845232548,4.921139,8.45773,-0.1582254,3
154595753786160,14847732548,4.9145584,8.470891,-0.18454644,3
154595756286160,14850232548,4.9064827,8.464311,-0.21804596,3
154595758786160,14852732548,4.855037,8.467003,-0.26291138,3
154595761286160,14855232548,4.8496532,8.448159,-0.2835495,3
154595763786160,14857732548,4.796413,8.447561,-0.2548356,3
154595766286160,14860232548,4.7282176,8.448758,-0.1902294,3
154595768786160,14862732548,4.5915275,8.466703,0.0056829536,3
154595771286160,14865232548,4.6749773,8.420941,0.13040884,3
154595773786160,14867732548,5.0715876,8.29442,0.090628155,3
154595776286160,14870232548,5.130511,8.273184,-0.18843478,3
154595778786160,14872732548,5.0045886,8.26122,-0.3505485,3
154595781286160,14875232548,4.9432726,8.235198,-0.5775676,3
154595783786160,14877732548,4.898407,8.2507515,-0.76600236,3
154595786286160,14880232548,4.8879385,8.285447,-0.73369926,3
154595788786160,14882732548,4.877769,8.305786,-0.65264237,3
154595791286160,14885232548,4.8029933,8.355437,-0.45822555,3
154595793786160,14887732548,4.698307,8.423334,-0.19531415,3
154595796286160,14890232548,4.5855455,8.467302,0.1369891,3
154595798786160,14892732548,4.4485564,8.518747,0.49950173,3
154595801286160,14895232548,4.3522453,8.540881,0.9385847,3
154595803786160,14897732548,4.3378882,8.545667,1.3719847,3
154595806286160,14900232548,4.423432,8.518747,1.6351951,3
154595808786160,14902732548,4.497609,8.487042,1.57358,3
154595811286160,14905232548,4.523332,8.439785,1.2439687,3
154595813786160,14907732548,4.5059843,8.410771,0.8449655,3
154595816286160,14910232548,4.532604,8.376375,0.5386842,3
154595818786160,14912732548,4.6546383,8.349456,0.34307095,3
154595821286160,14915232548,4.8209395,8.327023,0.21385853,3
154595823786160,14917732548,4.9935217,8.286943,0.16480567,3
154595826286160,14920232548,5.113761,8.271988,0.1477568,3
154595828786160,14922732548,5.2016973,8.219047,0.11694921,3
154595831286160,14925232548,5.2606206,8.193623,0.14626129,3
154595833786160,14927732548,5.293821,8.175676,0.21655045,3
154595836286160,14930232548,5.343173,8.146066,0.29162526,3
154595838786160,14932732548,5.3940206,8.113763,0.36729828,3
154595841286160,14935232548,5.445466,8.081161,0.42981076,3
154595843786160,14937732548,5.4816575,8.060522,0.4971089,3
154595846286160,14940232548,5.4930234,8.045268,0.50039905,3
154595848786160,14942732548,5.460421,8.038987,0.45762733,3
154595851286160,14945232548,5.4200425,8.043773,0.36610186,3
154595853786160,14947732548,5.3793645,8.043773,0.24735804,3
154595856286160,14950232548,5.3419766,8.055437,0.1265205,3
154595858786160,14952732548,5.311468,8.067102,0.024526432,3
154595861286160,14955232548,5.2884374,8.083553,-0.09960124,3
154595863786160,14957732548,5.279165,8.098209,-0.21475583,3
154595866286160,14960232548,5.2695937,8.110771,-0.30329028,3
154595868786160,14962732548,5.2663035,8.119146,-0.45044887,3
154595871286160,14965232548,5.2944193,8.13111,-0.56410795,3
154595873786160,14967732548,5.3009996,8.12782,-0.721436,3
154595876286160,14970232548,5.319544,8.136793,-0.83718884,3
154595878786160,14972732548,5.3479586,8.145168,-0.93738824,3
154595881286160,14975232548,5.3769717,8.151449,-1.1105688,3
154595883786160,14977732548,5.418846,8.1484585,-1.3426726,3
154595886286160,14980232548,5.4439707,8.155936,-1.6603198,3
154595888786160,14982732548,5.4649076,8.170293,-2.0647068,3
154595891286160,14985232548,5.5094743,8.187042,-2.4481566,3
154595893786160,14987732548,5.5316076,8.229815,-2.8749764,3
154595896286160,14990232548,5.526822,8.268398,-3.1941192,3
154595898786160,14992732548,5.5046883,8.312965,-3.31047,3
154595901286160,14995232548,5.4810596,8.367701,-3.2321053,3
154595903786160,14997732548,5.4559345,8.412866,-2.975774,3
154595906286160,15000232548,5.3997035,8.448459,-2.454737,3
154595908786160,15002732548,5.319843,8.456235,-1.8885353,3
154595911286160,15005232548,5.2477593,8.463413,-1.3435699,3
154595913786160,15007732548,5.1729836,8.455039,-0.90508515,3
154595916286160,15010232548,5.113761,8.417352,-0.58265233,3
154595918786160,15012732548,5.0656056,8.379665,-0.39870408,3
154595921286160,15015232548,5.0099726,8.34138,-0.3188436,3
154595923786160,15017732548,4.980062,8.29472,-0.32632118,3
154595926286160,15020232548,4.9588256,8.2678,-0.41575295,3
154595928786160,15022732548,4.9342995,8.244171,-0.5240282,3
154595931286160,15025232548,4.909175,8.227422,-0.61914283,3
154595933786160,15027732548,4.9088755,8.218449,-0.6729814,3
154595936286160,15030232548,4.919045,8.192725,-0.7109674,3
154595938786160,15032732548,4.9375896,8.189436,-0.66699934,3
154595941286160,15035232548,4.966902,8.181061,-0.6122635,3
154595943786160,15037732548,5.0123653,8.172985,-0.51086766,3
154595946286160,15040232548,5.0530434,8.170592,-0.40618163,3
154595948786160,15042732548,5.0970116,8.177771,-0.31345975,3
154595951286160,15045232548,5.1266227,8.192127,-0.2641078,3
154595953786160,15047732548,5.1421757,8.213064,-0.23659034,3
154595956286160,15050232548,5.1406803,8.220542,-0.20458634,3
154595958786160,15052732548,5.1071806,8.248059,-0.22462623,3
154595961286160,15055232548,5.08744,8.295318,-0.25812575,3
154595963786160,15057732548,5.052744,8.328219,-0.3188436,3
154595966286160,15060232548,5.0015974,8.373683,-0.4127619,3
154595968786160,15062732548,4.9570312,8.418249,-0.4971089,3
154595971286160,15065232548,4.930411,8.469695,-0.56500524,3
154595973786160,15067732548,4.901996,8.474181,-0.5913263,3
154595976286160,15070232548,4.8792644,8.487042,-0.5919245,3
154595978786160,15072732548,4.866104,8.492725,-0.573081,3
154595981286160,15075232548,4.8601217,8.497512,-0.56530434,3
154595983786160,15077732548,4.859225,8.495717,-0.5404788,3
154595986286160,15080232548,4.8625145,8.493623,-0.51864433,3
154595988786160,15082732548,4.8649077,8.477771,-0.50069815,3
154595991286160,15085232548,4.8649077,8.479266,-0.4758726,3
154595993786160,15087732548,4.859524,8.472686,-0.47078785,3
154595996286160,15090232548,4.854439,8.472088,-0.4648058,3
154595998786160,15092732548,4.8391848,8.449356,-0.46121657,3
154596001286160,15095232548,4.8379884,8.458329,-0.45882374,3
154596003786160,15097732548,4.81406,8.467601,-0.48125646,3
154596006286160,15100232548,4.8032923,8.471788,-0.51086766,3
154596008786160,15102732548,4.8006005,8.483752,-0.53988063,3
154596011286160,15105232548,4.7856455,8.490034,-0.56799626,3
154596013786160,15107732548,4.778766,8.500203,-0.5802595,3
154596016286160,15110232548,4.790431,8.509476,-0.587438,3
154596018786160,15112732548,4.7955155,8.50798,-0.5712864,3
154596021286160,15115232548,4.8266225,8.50798,-0.5629115,3
154596023786160,15117732548,4.846662,8.503195,-0.5697909,3
154596026286160,15120232548,4.8637114,8.490333,-0.55812585,3
154596028786160,15122732548,4.8915277,8.477471,-0.5554339,3
154596031286160,15125232548,4.9139605,8.455338,-0.5602196,3
154596033786160,15127732548,4.949853,8.443972,-0.55483574,3
154596036286160,15130232548,4.971089,8.4451685,-0.5566304,3
154596038786160,15132732548,4.983053,8.437093,-0.55812585,3
154596041286160,15135232548,4.983352,8.444571,-0.5688936,3
154596043786160,15137732548,4.9929237,8.450552,-0.57188463,3
154596046286160,15140232548,4.9899325,8.440981,-0.56440705,3
154596048786160,15142732548,4.9953165,8.452047,-0.55393845,3
154596051286160,15145232548,4.9989057,8.448459,-0.52133626,3
154596053786160,15147732548,4.987241,8.452646,-0.5063811,3
154596056286160,15150232548,4.974379,8.452646,-0.4959125,3
154596058786160,15152732548,4.970491,8.465208,-0.47138608,3
154596061286160,15155232548,4.9579287,8.470293,-0.44985065,3
154596063786160,15157732548,4.922335,8.469096,-0.43639103,3
154596066286160,15160232548,4.8912287,8.478369,-0.42382872,3
154596068786160,15162732548,4.8879385,8.466405,-0.43609193,3
154596071286160,15165232548,4.870291,8.449356,-0.4636094,3
154596073786160,15167732548,4.853542,8.430213,-0.45673,3
154596076286160,15170232548,4.8454657,8.426923,-0.4528417,3
154596078786160,15172732548,4.828118,8.430512,-0.4648058,3
154596081286160,15175232548,4.8394837,8.419147,-0.43788654,3
154596083786160,15177732548,4.8269215,8.4146595,-0.43429732,3
154596086286160,15180232548,4.8302116,8.417651,-0.41934216,3
154596088786160,15182732548,4.84068,8.42453,-0.40977088,3
154596091286160,15185232548,4.8490553,8.430512,-0.39930227,3
154596093786160,15187732548,4.868497,8.4248295,-0.3906283,3
154596096286160,15190232548,4.8936214,8.420044,-0.3801597,3
154596098786160,15192732548,4.9136615,8.421539,-0.39032918,3
154596101286160,15195232548,4.9492545,8.406285,-0.38644084,3
154596103786160,15197732548,4.965107,8.384451,-0.38374892,3
154596106286160,15200232548,4.9899325,8.377871,-0.37298122,3
154596108786160,15202732548,5.006084,8.360223,-0.36041892,3
154596111286160,15205232548,5.0213385,8.332407,-0.37088752,3
154596113786160,15207732548,5.049454,8.310273,-0.38255253,3
154596116286160,15210232548,5.03749,8.283653,-0.36789647,3
154596118786160,15212732548,5.0473604,8.263314,-0.401396,3
154596121286160,15215232548,5.046762,8.257032,-0.40408793,3
154596123786160,15217732548,5.0368915,8.257332,-0.4142574,3
154596126286160,15220232548,5.046762,8.258229,-0.43639103,3
154596128786160,15222732548,5.037191,8.263314,-0.4441677,3
154596131286160,15225232548,5.0216374,8.274979,-0.4657031,3
154596133786160,15227732548,5.0386863,8.283054,-0.45613182,3
154596136286160,15230232548,5.0626144,8.316854,-0.45852464,3
154596138786160,15232732548,5.0718865,8.314759,-0.4636094,3
154596141286160,15235232548,5.0790653,8.330014,-0.45224348,3
154596143786160,15237732548,5.0883374,8.351849,-0.4408776,3
154596146286160,15240232548,5.0802617,8.361719,-0.43280178,3
154596148786160,15242732548,5.0919266,8.362018,-0.4322036,3
154596151286160,15245232548,5.0805607,8.376973,-0.42502514,3
154596153786160,15247732548,5.076373,8.379665,-0.42622152,3
154596156286160,15250232548,5.0599227,8.374281,-0.42741793,3
154596158786160,15252732548,5.050052,8.378768,-0.41784665,3
154596161286160,15255232548,5.04078,8.3835535,-0.40737805,3
154596163786160,15257732548,5.0330033,8.392227,-0.41874397,3
154596166286160,15260232548,5.0102715,8.407781,-0.41515473,3
154596168786160,15262732548,4.9956155,8.412866,-0.4139583,3
154596171286160,15265232548,4.9722853,8.408379,-0.41336012,3
154596173786160,15267732548,4.95404,8.413164,-0.40079778,3
154596176286160,15270232548,4.9268217,8.428419,-0.40917268,3
154596178786160,15272732548,4.898108,8.423035,-0.4034897,3
154596181286160,15275232548,4.8699923,8.429017,-0.40797627,3
154596183786160,15277732548,4.848158,8.432008,-0.4429713,3
154596186286160,15280232548,4.8287163,8.4347,-0.46899325,3
154596188786160,15282732548,4.8095737,8.43141,-0.49142596,3
154596191286160,15285232548,4.8032923,8.432905,-0.5273183,3
154596193786160,15287732548,4.8122654,8.437391,-0.5488537,3
154596196286160,15290232548,4.8059845,8.453842,-0.5605187,3
154596198786160,15292732548,4.8068814,8.454142,-0.5524429,3
154596201286160,15295232548,4.8379884,8.434401,-0.5273183,3
154596203786160,15297732548,4.8601217,8.410473,-0.52283174,3
154596206286160,15300232548,4.8909297,8.389236,-0.51445687,3
154596208786160,15302732548,4.9292145,8.365607,-0.50129634,3
154596211286160,15305232548,4.959125,8.345268,-0.48454657,3
154596213786160,15307732548,4.9938207,8.326425,-0.50368917,3
154596216286160,15310232548,5.0186462,8.314161,-0.49920264,3
154596218786160,15312732548,5.0234323,8.29771,-0.49112684,3
154596221286160,15315232548,5.0327044,8.286345,-0.5051847,3
154596223786160,15317732548,5.065007,8.2681,-0.5096712,3
154596226286160,15320232548,5.0946183,8.259725,-0.4971089,3
154596228786160,15322732548,5.108078,8.26122,-0.49830532,3
154596231286160,15325232548,5.135596,8.261519,-0.48364928,3
154596233786160,15327732548,5.1418767,8.2609215,-0.46839502,3
154596236286160,15330232548,5.142774,8.263613,-0.46271208,3
154596238786160,15332732548,5.143372,8.274979,-0.4872385,3
154596241286160,15335232548,5.117051,8.278269,-0.49980083,3
154596243786160,15337732548,5.102395,8.288439,-0.520738,3
154596246286160,15340232548,5.0826545,8.330612,-0.5087739,3
154596248786160,15342732548,5.05753,8.342576,-0.5306084,3
154596251286160,15345232548,5.035097,8.377871,-0.5183452,3
154596253786160,15347732548,5.0180483,8.415258,-0.47168517,3
154596256286160,15350232548,5.0108695,8.444869,-0.4546363,3
154596258786160,15352732548,5.0138607,8.454142,-0.45164528,3
154596261286160,15355232548,5.0045886,8.461918,-0.4423731,3
154596263786160,15357732548,5.0099726,8.448758,-0.4339982,3
154596266286160,15360232548,4.9899325,8.422137,-0.4642076,3
154596268786160,15362732548,4.961518,8.411968,-0.50009996,3
154596271286160,15365232548,4.949853,8.403593,-0.5341976,3
154596273786160,15367732548,4.9435716,8.380562,-0.5667999,3
154596276286160,15370232548,4.93729,8.381759,-0.5940182,3
154596278786160,15372732548,4.924728,8.388339,-0.62093747,3
154596281286160,15375232548,4.9202414,8.373981,-0.63170516,3
154596283786160,15377732548,4.9022956,8.394919,-0.6559325,3
154596286286160,15380232548,4.886742,8.407781,-0.66729844,3
154596288786160,15382732548,4.8825545,8.418249,-0.66999036,3
154596291286160,15385232548,4.878068,8.435896,-0.6945168,3
154596293786160,15387732548,4.8768716,8.432008,-0.69571316,3
154596296286160,15390232548,4.8655057,8.451749,-0.7399804,3
154596298786160,15392732548,4.875376,8.464012,-0.7328019,3
154596301286160,15395232548,4.8936214,8.460124,-0.7393822,3
154596303786160,15397732548,4.913063,8.470293,-0.75344,3
154596306286160,15400232548,4.9462633,8.4858465,-0.7959126,3
154596308786160,15402732548,4.9842496,8.480762,-0.8060821,3
154596311286160,15405232548,5.0108695,8.469695,-0.7959126,3
154596313786160,15407732548,5.0473604,8.436195,-0.779462,3
154596316286160,15410232548,5.072784,8.468798,-0.73489565,3
154596318786160,15412732548,5.0479584,8.53131,-0.72472614,3
154596321286160,15415232548,5.0309095,8.570493,-0.70977104,3
154596323786160,15417732548,5.035396,8.585149,-0.64636123,3
154596326286160,15420232548,5.0482574,8.569296,-0.59342,3
154596328786160,15422732548,5.055436,8.548359,-0.56769717,3
154596331286160,15425232548,5.0482574,8.504989,-0.5162515,3
154596333786160,15427732548,5.052146,8.455039,-0.453739,3
154596336286160,15430232548,5.0336018,8.412267,-0.37806597,3
154596338786160,15432732548,5.0270214,8.373981,-0.3047858,3
154596341286160,15435232548,5.009673,8.356335,-0.24765715,3
154596343786160,15437732548,4.9869413,8.328518,-0.18574286,3
154596346286160,15440232548,4.9519463,8.328817,-0.12801601,3
154596348786160,15442732548,4.9235315,8.314461,-0.11156536,3
154596351286160,15445232548,4.8882375,8.309376,-0.092422776,3
154596353786160,15447732548,4.855037,8.324032,-0.08135597,3
154596356286160,15450232548,4.8323054,8.329715,-0.09990034,3
154596358786160,15452732548,4.808975,8.348259,-0.097806625,3
154596361286160,15455232548,4.79073,8.354241,-0.09332009,3
154596363786160,15457732548,4.7602215,8.374879,-0.10767702,3
154596366286160,15460232548,4.7602215,8.370991,-0.13160525,3
154596368786160,15462732548,4.7626143,8.363812,-0.15074782,3
154596371286160,15465232548,4.7688956,8.356634,-0.15134603,3
154596373786160,15467732548,4.7922254,8.367402,-0.15403795,3
154596376286160,15470232548,4.8026943,8.36441,-0.17377874,3
154596378786160,15472732548,4.8215375,8.365607,-0.21744776,3
154596381286160,15475232548,4.854439,8.369495,-0.22881366,3
154596383786160,15477732548,4.892126,8.36112,-0.253041,3
154596386286160,15480232548,4.939085,8.35125,-0.28863424,3
154596388786160,15482732548,4.97408,8.344071,-0.30717862,3
154596391286160,15485232548,5.035097,8.327322,-0.35174492,3
154596393786160,15487732548,5.0805607,8.309675,-0.35234314,3
154596396286160,15490232548,5.1197433,8.315657,-0.37387854,3
154596398786160,15492732548,5.1436715,8.327621,-0.3792624,3
154596401286160,15495232548,5.1613183,8.322237,-0.34546378,3
154596403786160,15497732548,5.177769,8.3123665,-0.32512477,3
154596406286160,15500232548,5.1990056,8.323732,-0.3364907,3
154596408786160,15502732548,5.2022953,8.314161,-0.32452658,3
154596411286160,15505232548,5.211568,8.303393,-0.30717862,3
154596413786160,15507732548,5.20409,8.295917,-0.32153556,3
154596416286160,15510232548,5.186144,8.292626,-0.32841492,3
154596418786160,15512732548,5.169394,8.285149,-0.3185445,3
154596421286160,15515232548,5.151149,8.27139,-0.29820552,3
154596423786160,15517732548,5.1493545,8.264212,-0.26021945,3
154596426286160,15520232548,5.136792,8.276474,-0.24675983,3
154596428786160,15522732548,5.1239305,8.25793,-0.22342981,3
154596431286160,15525232548,5.110172,8.270791,-0.17736799,3
154596433786160,15527732548,5.0919266,8.285447,-0.14536397,3
154596436286160,15530232548,5.072485,8.283952,-0.13369897,3
154596438786160,15532732548,5.061717,8.274979,-0.10857433,3
154596441286160,15535232548,5.046762,8.278269,-0.10438689,3
154596443786160,15537732548,5.055436,8.280961,-0.12352947,3
154596446286160,15540232548,5.055137,8.2965145,-0.12203395,3
154596448786160,15542732548,5.055735,8.301001,-0.13549358,3
154596451286160,15545232548,5.031807,8.309675,-0.16779669,3
154596453786160,15547732548,5.006084,8.319844,-0.22432712,3
154596456286160,15550232548,4.996812,8.338987,-0.2650051,3
154596458786160,15552732548,4.989334,8.335996,-0.30388847,3
154596461286160,15555232548,5.014758,8.37129,-0.34277186,3
154596463786160,15557732548,5.0072803,8.392527,-0.36041892,3
154596466286160,15560232548,5.026124,8.4015,-0.39361933,3
154596468786160,15562732548,5.048856,8.400303,-0.40588254,3
154596471286160,15565232548,5.0539403,8.385946,-0.4139583,3
154596473786160,15567732548,5.0802617,8.378768,-0.4106682,3
154596476286160,15570232548,5.109574,8.379366,-0.4118646,3
154596478786160,15572732548,5.131707,8.364112,-0.4322036,3
154596481286160,15575232548,5.155935,8.340183,-0.43429732,3
154596483786160,15577732548,5.177769,8.320144,-0.43100718,3
154596486286160,15580232548,5.2016973,8.301898,-0.421735,3
154596488786160,15582732548,5.2226343,8.297412,-0.38913277,3
154596491286160,15585232548,5.247161,8.292925,-0.37387854,3
154596493786160,15587732548,5.2680984,8.2710905,-0.33409786,3
154596496286160,15590232548,5.267799,8.272586,-0.31226337,3
154596498786160,15592732548,5.2516475,8.253444,-0.29012975,3
154596501286160,15595232548,5.252844,8.246564,-0.27786654,3
154596503786160,15597732548,5.2348976,8.239086,-0.28265217,3
154596506286160,15600232548,5.2019963,8.242376,-0.25244278,3
154596508786160,15602732548,5.172385,8.2507515,-0.23748764,3
154596511286160,15605232548,5.1646085,8.268997,-0.24556342,3
154596513786160,15607732548,5.113761,8.292925,-0.2431706,3
154596516286160,15610232548,5.0748777,8.306684,-0.24675983,3
154596518786160,15612732548,5.0566325,8.316554,-0.2222334,3
154596521286160,15615232548,5.0359945,8.316554,-0.19890338,3
154596523786160,15617732548,5.02403,8.318947,-0.16390835,3
154596526286160,15620232548,5.0102715,8.316854,-0.14476576,3
154596528786160,15622732548,4.996513,8.306684,-0.15613168,3
154596531286160,15625232548,4.989334,8.302197,-0.14925231,3
154596533786160,15627732548,4.97079,8.297112,-0.16540386,3
154596536286160,15630232548,4.9588256,8.307282,-0.16061822,3
154596538786160,15632732548,4.953442,8.306983,-0.1689931,3
154596541286160,15635232548,4.9438705,8.309376,-0.19381863,3
154596543786160,15637732548,4.9325047,8.323732,-0.2117648,3
154596546286160,15640232548,4.9310093,8.331808,-0.18783657,3
154596548786160,15642732548,4.916652,8.340183,-0.20249261,3
154596551286160,15645232548,4.9064827,8.354241,-0.22462623,3
154596553786160,15647732548,4.898706,8.361719,-0.21984059,3
154596556286160,15650232548,4.9079785,8.371589,-0.23898315,3
154596558786160,15652732548,4.909175,8.376973,-0.25244278,3
154596561286160,15655232548,4.909773,8.392227,-0.26979074,3
154596563786160,15657732548,4.9199424,8.393424,-0.28205398,3
154596566286160,15660232548,4.9471607,8.394022,-0.27337998,3
154596568786160,15662732548,4.9719863,8.382955,-0.26919255,3
154596571286160,15665232548,4.9917274,8.371589,-0.24556342,3
154596573786160,15667732548,5.00758,8.358429,-0.23958136,3
154596576286160,15670232548,5.0249276,8.353344,-0.22851457,3
154596578786160,15672732548,5.0476594,8.352746,-0.22372891,3
154596581286160,15675232548,5.0679984,8.336594,-0.2009971,3
154596583786160,15677732548,5.066503,8.341679,-0.19441684,3
154596586286160,15680232548,5.070092,8.331808,-0.18394823,3
154596588786160,15682732548,5.066802,8.314759,-0.1692922,3
154596591286160,15685232548,5.072485,8.318349,-0.15044872,3
154596593786160,15687732548,5.0653067,8.306684,-0.14356937,3
154596596286160,15690232548,5.069494,8.298309,-0.11874382,3
154596598786160,15692732548,5.072186,8.284849,-0.090628155,3
154596601286160,15695232548,5.0587263,8.282756,-0.06011967,3
154596603786160,15697732548,5.063512,8.292626,-0.027218357,3
154596606286160,15700232548,5.063811,8.282456,0.014656039,3
154596608786160,15702732548,5.052445,8.290234,0.023928227,3
154596611286160,15705232548,5.052445,8.288139,0.026021946,3
154596613786160,15707732548,5.050351,8.286943,0.03708875,3
154596616286160,15710232548,5.052445,8.286046,0.053539407,3
154596618786160,15712732548,5.0515475,8.296813,0.055932228,3
154596621286160,15715232548,5.048557,8.304291,0.054137614,3
154596623786160,15717732548,5.037789,8.303393,0.029910283,3
154596626286160,15720232548,5.011169,8.319844,0.008673982,3
154596628786160,15722732548,4.9920263,8.330014,-0.009272188,3
154596631286160,15725232548,4.976174,8.325827,-0.0038883367,3
154596633786160,15727732548,4.968397,8.33809,-0.023629123,3
154596636286160,15730232548,4.970192,8.328817,-0.025722843,3
154596638786160,15732732548,4.9636116,8.344969,-0.04366901,3
154596641286160,15735232548,4.942375,8.353344,-0.050847482,3
154596643786160,15737732548,4.942375,8.355737,-0.05623133,3
154596646286160,15740232548,4.9402814,8.35454,-0.08943175,3
154596648786160,15742732548,4.9310093,8.3632145,-0.08733802,3
154596651286160,15745232548,4.949853,8.35783,-0.14117654,3
154596653786160,15747732548,4.9229336,8.367402,-0.18125631,3
154596656286160,15750232548,4.927121,8.381759,-0.18335004,3
154596658786160,15752732548,4.923831,8.398508,-0.1896312,3
154596661286160,15755232548,4.933402,8.393723,-0.21744776,3
154596663786160,15757732548,4.9519463,8.402995,-0.23060828,3
154596666286160,15760232548,4.9809594,8.394919,-0.27696922,3
154596668786160,15762732548,5.011169,8.39791,-0.2644069,3
154596671286160,15765232548,5.032106,8.387442,-0.25692934,3
154596673786160,15767732548,5.0799623,8.376674,-0.24227329,3
154596676286160,15770232548,5.1158547,8.352746,-0.2440679,3
154596678786160,15772732548,5.126323,8.345866,-0.25094727,3
154596681286160,15775232548,5.12423,8.341978,-0.23001008,3
154596683786160,15777732548,5.1412787,8.333902,-0.23958136,3
154596686286160,15780232548,5.13739,8.323434,-0.26620153,3
154596688786160,15782732548,5.125127,8.323732,-0.27726832,3
154596691286160,15785232548,5.09073,8.333005,-0.27337998,3
154596693786160,15787732548,5.083552,8.338388,-0.27936205,3
154596696286160,15790232548,5.0536413,8.359326,-0.2844468,3
154596698786160,15792732548,5.029414,8.366803,-0.32153556,3
154596701286160,15795232548,5.024329,8.388339,-0.34366915,3
154596703786160,15797732548,4.989035,8.379665,-0.34516466,3
154596706286160,15800232548,4.99412,8.3835535,-0.3481557,3
154596708786160,15802732548,4.9728837,8.387142,-0.35353956,3
154596711286160,15805232548,4.9606204,8.396714,-0.33290145,3
154596713786160,15807732548,4.9588256,8.391031,-0.32482567,3
154596716286160,15810232548,4.97408,8.397312,-0.31076783,3
154596718786160,15812732548,4.97408,8.370393,-0.3580261,3
154596721286160,15815232548,4.968995,8.378768,-0.39212382,3
154596723786160,15817732548,4.98754,8.375478,-0.4408776,3
154596726286160,15820232548,4.994718,8.382656,-0.48006004,3
154596728786160,15822732548,5.000102,8.387142,-0.5099703,3
154596731286160,15825232548,5.026423,8.386245,-0.5596214,3
154596733786160,15827732548,5.03749,8.39821,-0.590429,3
154596736286160,15830232548,5.0479584,8.413464,-0.6134599,3
154596738786160,15832732548,5.0563335,8.415557,-0.59312093,3
154596741286160,15835232548,5.0736814,8.412267,-0.58265233,3
154596743786160,15837732548,5.1086764,8.40479,-0.605085,3
154596746286160,15840232548,5.1341,8.379066,-0.6164509,3
154596748786160,15842732548,5.1442695,8.342277,-0.625424,3
154596751286160,15845232548,5.148756,8.329117,-0.5886344,3
154596753786160,15847732548,5.1610193,8.309974,-0.5940182,3
154596756286160,15850232548,5.1610193,8.295917,-0.5814559,3
154596758786160,15852732548,5.150551,8.281858,-0.573081,3
154596761286160,15855232548,5.1296134,8.273783,-0.5554339,3
154596763786160,15857732548,5.1215377,8.275278,-0.54735816,3
154596766286160,15860232548,5.1254263,8.263912,-0.53988063,3
154596768786160,15862732548,5.1032925,8.260323,-0.5419743,3
154596771286160,15865232548,5.0769715,8.2678,-0.53180486,3
154596773786160,15867732548,5.077869,8.2710905,-0.5246264,3
154596776286160,15870232548,5.072485,8.2710905,-0.5455636,3
154596778786160,15872732548,5.0605206,8.278867,-0.54287165,3
154596781286160,15875232548,5.0449677,8.301001,-0.5554339,3
154596783786160,15877732548,5.030012,8.310273,-0.54735816,3
154596786286160,15880232548,5.028218,8.316554,-0.549751,3
154596788786160,15882732548,5.0306106,8.315657,-0.5554339,3
154596791286160,15885232548,5.048557,8.307581,-0.5736792,3
154596793786160,15887732548,5.052146,8.32792,-0.5703891,3
154596796286160,15890232548,5.0805607,8.317152,-0.5706882,3
154596798786160,15892732548,5.102395,8.323434,-0.56859446,3
154596801286160,15895232548,5.126323,8.312965,-0.57427746,3
154596803786160,15897732548,5.1400824,8.315059,-0.5709873,3
154596806286160,15900232548,5.1493545,8.306983,-0.56859446,3
154596808786160,15902732548,5.1529436,8.309974,-0.55812585,3
154596811286160,15905232548,5.162814,8.309974,-0.55453664,3
154596813786160,15907732548,5.1822557,8.293523,-0.53599226,3
154596816286160,15910232548,5.171488,8.297412,-0.52283174,3
154596818786160,15912732548,5.178367,8.316554,-0.49232325,3
154596821286160,15915232548,5.186443,8.309675,-0.4438686,3
154596823786160,15917732548,5.189135,8.303992,-0.41156548,3
154596826286160,15920232548,5.178367,8.301898,-0.3915256,3
154596828786160,15922732548,5.148457,8.295617,-0.39481574,3
154596831286160,15925232548,5.127819,8.283054,-0.37686956,3
154596833786160,15927732548,5.113163,8.287242,-0.3684947,3
154596836286160,15930232548,5.0769715,8.296813,-0.36759737,3
154596838786160,15932732548,5.057829,8.312666,-0.34965122,3
154596841286160,15935232548,5.038088,8.309376,-0.32422748,3
154596843786160,15937732548,5.0066824,8.315059,-0.32632118,3
154596846286160,15940232548,4.9896336,8.314461,-0.33379877,3
154596848786160,15942732548,4.957629,8.327322,-0.3278167,3
154596851286160,15945232548,4.94417,8.340781,-0.33379877,3
154596853786160,15947732548,4.907679,8.359924,-0.33170503,3
154596856286160,15950232548,4.8855457,8.372188,-0.35383865,3
154596858786160,15952732548,4.87418,8.378169,-0.36520454,3
154596861286160,15955232548,4.859524,8.387142,-0.34426737,3
154596863786160,15957732548,4.862814,8.402696,-0.37746778,3
154596866286160,15960232548,4.8714876,8.3943205,-0.38883367,3
154596868786160,15962732548,4.883153,8.3835535,-0.39780676,3
154596871286160,15965232548,4.894818,8.393125,-0.4019942,3
154596873786160,15967732548,4.9106703,8.3994055,-0.40827537,3
154596876286160,15970232548,4.9232326,8.40479,-0.4022933,3
154596878786160,15972732548,4.9316072,8.402995,-0.4124628,3
154596881286160,15975232548,4.9582276,8.425129,-0.39332023,3
154596883786160,15977732548,4.9917274,8.425129,-0.4124628,3
154596886286160,15980232548,5.0312085,8.409575,-0.42382872,3
154596888786160,15982732548,5.050351,8.398808,-0.42652065,3
154596891286160,15985232548,5.076074,8.391928,-0.41754755,3
154596893786160,15987732548,5.1014977,8.4015,-0.43609193,3
154596896286160,15990232548,5.123033,8.373981,-0.4339982,3
154596898786160,15992732548,5.1203413,8.37458,-0.4211368,3
154596901286160,15995232548,5.133801,8.371589,-0.41994038,3
154596903786160,15997732548,5.142475,8.36441,-0.4022933,3
154596906286160,16000232548,5.1323056,8.369795,-0.39690945,3
154596908786160,16002732548,5.1260242,8.379366,-0.38703907,3
154596911286160,16005232548,5.1006007,8.369795,-0.37507495,3
154596913786160,16007732548,5.0889354,8.393125,-0.35144582,3
154596916286160,16010232548,5.0751767,8.390134,-0.33110684,3
154596918786160,16012732548,5.0458646,8.382058,-0.31615168,3
154596921286160,16015232548,5.029414,8.385049,-0.33529428,3
154596923786160,16017732548,4.9992046,8.39133,-0.34366915,3
154596926286160,16020232548,4.985147,8.407781,-0.36670008,3
154596928786160,16022732548,4.981558,8.402995,-0.36610186,3
154596931286160,16025232548,4.9639106,8.415258,-0.39661035,3
154596933786160,16027732548,4.9639106,8.441878,-0.41006997,3
154596936286160,16030232548,4.968995,8.449356,-0.4226323,3
154596938786160,16032732548,4.9567323,8.439785,-0.4034897,3
154596941286160,16035232548,4.97079,8.449356,-0.392722,3
154596943786160,16037732548,4.9956155,8.42782,-0.36610186,3
154596946286160,16040232548,5.000401,8.388339,-0.37208393,3
154596948786160,16042732548,5.0183473,8.405088,-0.35084763,3
154596951286160,16045232548,5.0383873,8.386844,-0.36281174,3
154596953786160,16047732548,5.0330033,8.373085,-0.36311084,3
154596956286160,16050232548,5.0159545,8.363513,-0.34546378,3
154596958786160,16052732548,5.009075,8.336594,-0.32452658,3
154596961286160,16055232548,5.009075,8.325228,-0.33170503,3
154596963786160,16057732548,5.02074,8.3013,-0.33140594,3
154596966286160,16060232548,4.997111,8.2965145,-0.31974092,3
154596968786160,16062732548,4.989334,8.293822,-0.31375888,3
154596971286160,16065232548,4.9956155,8.286345,-0.3278167,3
154596973786160,16067732548,4.9989057,8.283054,-0.35234314,3
154596976286160,16070232548,4.9989057,8.273783,-0.34187454,3
154596978786160,16072732548,5.0162535,8.274381,-0.34636107,3
154596981286160,16075232548,5.022834,8.280064,-0.35443684,3
154596983786160,16077732548,5.0401816,8.2812605,-0.37716866,3
154596986286160,16080232548,5.052445,8.288139,-0.39661035,3
154596988786160,16082732548,5.055137,8.298907,-0.38285163,3
154596991286160,16085232548,5.0626144,8.300103,-0.37716866,3
154596993786160,16087732548,5.075775,8.311171,-0.37657046,3
154596996286160,16090232548,5.0859447,8.293822,-0.36131623,3
154596998786160,16092732548,5.10748,8.270791,-0.35712877,3
154597001286160,16095232548,5.130511,8.25793,-0.33529428,3
154597003786160,16097732548,5.137689,8.252846,-0.30538398,3
154597006286160,16100232548,5.139484,8.241778,-0.2970091,3
154597008786160,16102732548,5.1332026,8.256135,-0.28175488,3
154597011286160,16105232548,5.109574,8.245069,-0.3065804,3
154597013786160,16107732548,5.087141,8.253742,-0.2955136,3
154597016286160,16110232548,5.051847,8.279166,-0.2976073,3
154597018786160,16112732548,5.0216374,8.306983,-0.30029923,3
154597021286160,16115232548,4.989035,8.359326,-0.31076783,3
154597023786160,16117732548,4.9692945,8.386844,-0.32362926,3
154597026286160,16120232548,4.9674997,8.40808,-0.34576288,3
154597028786160,16122732548,4.9543395,8.42782,-0.34785658,3
154597031286160,16125232548,4.9456654,8.439186,-0.3717848,3
154597033786160,16127732548,4.9546385,8.425427,-0.38673997,3
154597036286160,16130232548,4.9713883,8.4146595,-0.37657046,3
154597038786160,16132732548,4.9899325,8.398808,-0.3699902,3
154597041286160,16135232548,5.014758,8.384151,-0.36759737,3
154597043786160,16137732548,5.0359945,8.354839,-0.38554356,3
154597046286160,16140232548,5.0620165,8.351549,-0.3930211,3
154597048786160,16142732548,5.0676994,8.330612,-0.3801597,3
154597051286160,16145232548,5.078766,8.330911,-0.38853458,3
154597053786160,16147732548,5.055137,8.353344,-0.4109673,3
154597056286160,16150232548,5.072186,8.348857,-0.421735,3
154597058786160,16152732548,5.085645,8.333304,-0.40737805,3
154597061286160,16155232548,5.1050873,8.330014,-0.381057,3
154597063786160,16157732548,5.1421757,8.304889,-0.3475575,3
154597066286160,16160232548,5.178367,8.281858,-0.3290131,3
154597068786160,16162732548,5.1957154,8.2681,-0.29042885,3
154597071286160,16165232548,5.1939206,8.265408,-0.29252258,3
154597073786160,16167732548,5.1673007,8.2710905,-0.29790643,3
154597076286160,16170232548,5.148457,8.283952,-0.33050862,3
154597078786160,16172732548,5.115556,8.310273,-0.35084763,3
154597081286160,16175232548,5.081159,8.3219385,-0.37597227,3
154597083786160,16177732548,5.0440702,8.344371,-0.38315073,3
154597086286160,16180232548,5.0069814,8.369495,-0.39780676,3
154597088786160,16182732548,4.994718,8.401798,-0.41365921,3
154597091286160,16185232548,4.966902,8.427522,-0.45702913,3
154597093786160,16187732548,4.9528437,8.4451685,-0.46989053,3
154597096286160,16190232548,4.9639106,8.45474,-0.44865423,3
154597098786160,16192732548,4.970192,8.474779,-0.45822555,3
154597101286160,16195232548,4.968696,8.500801,-0.44955155,3
154597103786160,16197732548,4.9289155,8.558229,-0.5129613,3
154597106286160,16200232548,4.9522457,8.565707,-0.56470615,3
154597108786160,16202732548,4.9713883,8.571091,-0.5608178,3
154597111286160,16205232548,4.989035,8.549556,-0.5512465,3
154597113786160,16207732548,5.0306106,8.50469,-0.5054838,3
154597116286160,16210232548,5.047061,8.465807,-0.4435695,3
154597118786160,16212732548,5.015356,8.449356,-0.44027936,3
154597121286160,16215232548,5.006084,8.409874,-0.40977088,3
154597123786160,16217732548,4.987241,8.383254,-0.38733816,3
154597126286160,16220232548,4.94088,8.368299,-0.34157544,3
154597128786160,16222732548,4.9262238,8.355437,-0.3059822,3
154597131286160,16225232548,4.892126,8.373981,-0.29910284,3
154597133786160,16227732548,4.854738,8.375478,-0.28773692,3
154597136286160,16230232548,4.8586264,8.3530445,-0.27038896,3
154597138786160,16232732548,4.8299127,8.398808,-0.30179477,3
154597141286160,16235232548,4.831408,8.406883,-0.32213375,3
154597143786160,16237732548,4.8475595,8.386544,-0.3044867,3
154597146286160,16240232548,4.8705907,8.382058,-0.293719,3
154597148786160,16242732548,4.9115677,8.365607,-0.2757728,3
154597151286160,16245232548,4.921139,8.345567,-0.28773692,3
154597153786160,16247732548,4.9543395,8.35125,-0.29341987,3
154597156286160,16250232548,5.0165524,8.320144,-0.33320054,3
154597158786160,16252732548,5.044369,8.297412,-0.31196424,3
154597161286160,16255232548,5.0952168,8.286345,-0.28414768,3
154597163786160,16257732548,5.137689,8.265108,-0.2742773,3
154597166286160,16260232548,5.151149,8.257631,-0.2748755,3
154597168786160,16262732548,5.174479,8.2348995,-0.2428715,3
154597171286160,16265232548,5.148158,8.246863,-0.25692934,3
154597173786160,16267732548,5.148457,8.249854,-0.2635096,3
154597176286160,16270232548,5.1553364,8.249256,-0.276371,3
154597178786160,16272732548,5.157131,8.234002,-0.27816564,3
154597181286160,16275232548,5.15414,8.241479,-0.2548356,3
154597183786160,16277732548,5.1260242,8.277371,-0.2727818,3
154597186286160,16280232548,5.124828,8.289635,-0.2620141,3
154597188786160,16282732548,5.1176496,8.309675,-0.23718855,3
154597191286160,16285232548,5.105984,8.308778,-0.2632105,3
154597193786160,16287732548,5.1179485,8.2965145,-0.26261228,3
154597196286160,16290232548,5.124529,8.295019,-0.2644069,3
154597198786160,16292732548,5.1296134,8.295019,-0.2527419,3
154597201286160,16295232548,5.1269217,8.283354,-0.24436702,3
154597203786160,16297732548,5.139783,8.2761755,-0.2641078,3
154597206286160,16300232548,5.1592245,8.261519,-0.22372891,3
154597208786160,16302732548,5.157729,8.246863,-0.21744776,3
154597211286160,16305232548,5.154439,8.244769,-0.21864417,3
154597213786160,16307732548,5.1613183,8.242376,-0.22941187,3
154597216286160,16310232548,5.146662,8.245368,-0.25124636,3
154597218786160,16312732548,5.1421757,8.249256,-0.26620153,3
154597221286160,16315232548,5.1296134,8.2761755,-0.29850462,3
154597223786160,16317732548,5.1125646,8.282157,-0.3068795,3
154597226286160,16320232548,5.0943193,8.289635,-0.32183465,3
154597228786160,16322732548,5.06411,8.3013,-0.32392836,3
154597231286160,16325232548,5.044369,8.312666,-0.33559337,3
154597233786160,16327732548,5.026722,8.331808,-0.34426737,3
154597236286160,16330232548,5.0180483,8.33809,-0.37627137,3
154597238786160,16332732548,5.015057,8.338987,-0.35264224,3
154597241286160,16335232548,5.00758,8.344071,-0.3610171,3
154597243786160,16337732548,5.0030932,8.34467,-0.3487539,3
154597246286160,16340232548,5.0141597,8.344371,-0.35443684,3
154597248786160,16342732548,5.0198426,8.33151,-0.34965122,3
154597251286160,16345232548,5.022535,8.328518,-0.3502494,3
154597253786160,16347732548,5.032106,8.328219,-0.34157544,3
154597256286160,16350232548,5.0306106,8.32463,-0.3499503,3
154597258786160,16352732548,5.0530434,8.33121,-0.36161533,3
154597261286160,16355232548,5.073083,8.340781,-0.36131623,3
154597263786160,16357732548,5.074579,8.335697,-0.349053,3
154597266286160,16360232548,5.1008997,8.336893,-0.34247273,3
154597268786160,16362732548,5.1206403,8.33809,-0.32482567,3
154597271286160,16365232548,5.1296134,8.318349,-0.30179477,3
154597273786160,16367732548,5.1460643,8.328219,-0.28295127,3
154597276286160,16370232548,5.1604214,8.320442,-0.29341987,3
154597278786160,16372732548,5.1592245,8.318947,-0.3059822,3
154597281286160,16375232548,5.152046,8.313563,-0.29880372,3
154597283786160,16377732548,5.1496534,8.318349,-0.31286156,3
154597286286160,16380232548,5.1326046,8.328219,-0.30418757,3
154597288786160,16382732548,5.1236315,8.315956,-0.32333016,3
154597291286160,16385232548,5.103891,8.305488,-0.32063824,3
154597293786160,16387732548,5.089534,8.324929,-0.33379877,3
154597296286160,16390232548,5.0802617,8.32463,-0.32452658,3
154597298786160,16392732548,5.066503,8.317751,-0.3179463,3
154597301286160,16395232548,5.049454,8.32134,-0.33349967,3
154597303786160,16397732548,5.0252266,8.32463,-0.3499503,3
154597306286160,16400232548,5.002495,8.335098,-0.35204405,3
154597308786160,16402732548,4.975875,8.345268,-0.3610171,3
154597311286160,16405232548,4.962116,8.350951,-0.35443684,3
154597313786160,16407732548,4.9438705,8.387142,-0.3574279,3
154597316286160,16410232548,4.9432726,8.406584,-0.3385844,3
154597318786160,16412732548,4.9453664,8.426025,-0.3394817,3
154597321286160,16415232548,4.9340005,8.413164,-0.31286156,3
154597323786160,16417732548,4.9510493,8.406584,-0.32004002,3
154597326286160,16420232548,4.965406,8.397611,-0.33050862,3
154597328786160,16422732548,4.9806604,8.392527,-0.3379862,3
154597331286160,16425232548,5.0030932,8.381161,-0.34127632,3
154597333786160,16427732548,5.0108695,8.3530445,-0.3505485,3
154597336286160,16430232548,5.0368915,8.352746,-0.36041892,3
154597338786160,16432732548,5.0548377,8.333902,-0.3574279,3
154597341286160,16435232548,5.0718865,8.321639,-0.3592225,3
154597343786160,16437732548,5.092525,8.310273,-0.37986058,3
154597346286160,16440232548,5.11735,8.306385,-0.36670008,3
154597348786160,16442732548,5.118846,8.285447,-0.36670008,3
154597351286160,16445232548,5.119444,8.283354,-0.33469605,3
154597353786160,16447732548,5.135895,8.284551,-0.34546378,3
154597356286160,16450232548,5.1412787,8.277073,-0.33559337,3
154597358786160,16452732548,5.152046,8.273783,-0.31944183,3
154597361286160,16455232548,5.1421757,8.2678,-0.30269206,3
154597363786160,16457732548,5.1472607,8.2678,-0.26979074,3
154597366286160,16460232548,5.1400824,8.275876,-0.3044867,3
154597368786160,16462732548,5.124529,8.275278,-0.32123643,3
154597371286160,16465232548,5.089235,8.287541,-0.35084763,3
154597373786160,16467732548,5.047061,8.308778,-0.36281174,3
154597376286160,16470232548,4.996513,8.345866,-0.37986058,3
154597378786160,16472732548,4.9417768,8.371589,-0.38614175,3
154597381286160,16475232548,4.912465,8.391629,-0.38853458,3
154597383786160,16477732548,4.8738804,8.436195,-0.38883367,3
154597386286160,16480232548,4.8637114,8.478967,-0.38255253,3
154597388786160,16482732548,4.859225,8.509476,-0.36311084,3
154597391286160,16485232548,4.866403,8.517551,-0.35413775,3
154597393786160,16487732548,4.874479,8.508578,-0.36759737,3
154597396286160,16490232548,4.8942194,8.489735,-0.36670008,3
154597398786160,16492732548,4.9289155,8.465208,-0.36520454,3
154597401286160,16495232548,4.963312,8.437093,-0.3786642,3
154597403786160,16497732548,4.999803,8.405986,-0.38913277,3
154597406286160,16500232548,5.01745,8.376973,-0.38793638,3
154597408786160,16502732548,5.0330033,8.346764,-0.3807579,3
154597411286160,16505232548,5.052146,8.3327055,-0.35712877,3
154597413786160,16507732548,5.0736814,8.330911,-0.35712877,3
154597416286160,16510232548,5.0952168,8.306684,-0.3385844,3
154597418786160,16512732548,5.1122656,8.299206,-0.2955136,3
154597421286160,16515232548,5.130212,8.293224,-0.26679972,3
154597423786160,16517732548,5.139484,8.289635,-0.24705894,3
154597426286160,16520232548,5.1469617,8.274979,-0.23509483,3
154597428786160,16522732548,5.1406803,8.271688,-0.2219343,3
154597431286160,16525232548,5.102096,8.280662,-0.24975087,3
154597433786160,16527732548,5.0736814,8.282756,-0.26021945,3
154597436286160,16530232548,5.0383873,8.28784,-0.27936205,3
154597438786160,16532732548,4.9929237,8.309076,-0.28713873,3
154597441286160,16535232548,4.9606204,8.322835,-0.31166515,3
154597443786160,16537732548,4.9322057,8.344969,-0.35413775,3
154597446286160,16540232548,4.9049873,8.36112,-0.38883367,3
154597448786160,16542732548,4.9028935,8.38804,-0.40887356,3
154597451286160,16545232548,4.901099,8.386544,-0.4214359,3
154597453786160,16547732548,4.9193444,8.405986,-0.42652065,3
154597456286160,16550232548,4.939384,8.417651,-0.41306102,3
154597458786160,16552732548,4.9666023,8.423334,-0.40797627,3
154597461286160,16555232548,4.9812584,8.432008,-0.39780676,3
154597463786160,16557732548,5.0129633,8.39821,-0.37956148,3
154597466286160,16560232548,5.0341997,8.392527,-0.39631125,3
154597468786160,16562732548,5.061418,8.366205,-0.36251262,3
154597471286160,16565232548,5.0790653,8.3348,-0.3475575,3
154597473786160,16567732548,5.108078,8.307282,-0.34217364,3
154597476286160,16570232548,5.1293144,8.285447,-0.33379877,3
154597478786160,16572732548,5.1568317,8.258827,-0.3272185,3
154597481286160,16575232548,5.1852465,8.243873,-0.29970104,3
154597483786160,16577732548,5.1909294,8.228917,-0.28773692,3
154597486286160,16580232548,5.2199426,8.220542,-0.2739782,3
154597488786160,16582732548,5.221438,8.221141,-0.26291138,3
154597491286160,16585232548,5.214858,8.232207,-0.2425724,3
154597493786160,16587732548,5.1957154,8.24118,-0.25603202,3
154597496286160,16590232548,5.159524,8.247163,-0.27876383,3
154597498786160,16592732548,5.1296134,8.282756,-0.3062813,3
154597501286160,16595232548,5.0862436,8.3015995,-0.30897322,3
154597503786160,16597732548,5.040481,8.326425,-0.33409786,3
154597506286160,16600232548,4.9923253,8.342576,-0.3367898,3
154597508786160,16602732548,4.959125,8.345268,-0.36789647,3
154597511286160,16605232548,4.9250274,8.362915,-0.36400816,3
154597513786160,16607732548,4.886443,8.395517,-0.3807579,3
154597516286160,16610232548,4.8846483,8.397611,-0.40289152,3
154597518786160,16612732548,4.877769,8.408678,-0.41515473,3
154597521286160,16615232548,4.9025946,8.417352,-0.39541394,3
154597523786160,16617732548,4.9142594,8.42453,-0.3786642,3
154597526286160,16620232548,4.9432726,8.426624,-0.36490545,3
154597528786160,16622732548,4.9866424,8.417053,-0.35563326,3
154597531286160,16625232548,5.0132627,8.422736,-0.36251262,3
154597533786160,16627732548,5.031807,8.416754,-0.34247273,3
154597536286160,16630232548,5.0593243,8.423035,-0.33260235,3
154597538786160,16632732548,5.08744,8.431708,-0.33349967,3
154597541286160,16635232548,5.0847483,8.436195,-0.33708888,3
154597543786160,16637732548,5.0958147,8.425129,-0.3278167,3
154597546286160,16640232548,5.092824,8.42782,-0.3272185,3
154597548786160,16642732548,5.096712,8.407183,-0.3293122,3
154597551286160,16645232548,5.083851,8.388937,-0.3173481,3
154597553786160,16647732548,5.0676994,8.363812,-0.30358937,3
154597556286160,16650232548,5.0536413,8.3581295,-0.33260235,3
154597558786160,16652732548,5.0392847,8.363812,-0.36251262,3
154597561286160,16655232548,5.003691,8.350054,-0.36520454,3
154597563786160,16657732548,4.976473,8.355437,-0.3789633,3
154597566286160,16660232548,4.974379,8.342277,-0.38673997,3
154597568786160,16662732548,4.9543395,8.340183,-0.38404804,3
154597571286160,16665232548,4.961219,8.332108,-0.3807579,3
154597573786160,16667732548,4.957629,8.336594,-0.389731,3
154597576286160,16670232548,4.9603214,8.333902,-0.41814575,3
154597578786160,16672732548,4.9770713,8.333304,-0.42652065,3
154597581286160,16675232548,5.006383,8.3327055,-0.4459623,3
154597583786160,16677732548,5.028517,8.329117,-0.43489552,3
154597586286160,16680232548,5.0542397,8.33121,-0.41665024,3
154597588786160,16682732548,5.086842,8.338987,-0.4034897,3
154597591286160,16685232548,5.119444,8.326425,-0.38913277,3
154597593786160,16687732548,5.144868,8.318947,-0.3699902,3
154597596286160,16690232548,5.1738806,8.304291,-0.35712877,3
154597598786160,16692732548,5.196912,8.293523,-0.35174492,3
154597601286160,16695232548,5.218447,8.272287,-0.3385844,3
154597603786160,16697732548,5.239384,8.249256,-0.31944183,3
154597606286160,16700232548,5.238487,8.246265,-0.31286156,3
154597608786160,16702732548,5.2313085,8.223234,-0.31016964,3
154597611286160,16705232548,5.2028937,8.2304125,-0.33379877,3
154597613786160,16707732548,5.176573,8.2348995,-0.32662028,3
154597616286160,16710232548,5.137091,8.260622,-0.3155535,3
154597618786160,16712732548,5.089534,8.280961,-0.3167499,3
154597621286160,16715232548,5.0548377,8.296215,-0.30179477,3
154597623786160,16717732548,5.0183473,8.316554,-0.29820552,3
154597626286160,16720232548,4.979763,8.335697,-0.31016964,3
154597628786160,16722732548,4.95075,8.315059,-0.31106696,3
154597631286160,16725232548,4.933103,8.3123665,-0.3173481,3
154597633786160,16727732548,4.9259243,8.303095,-0.31944183,3
154597636286160,16730232548,4.9226346,8.300702,-0.31465617,3
154597638786160,16732732548,4.9142594,8.306086,-0.31914273,3
154597641286160,16735232548,4.912764,8.313862,-0.3397808,3
154597643786160,16737732548,4.9175496,8.310871,-0.34337005,3
154597646286160,16740232548,4.918148,8.33121,-0.34606197,3
154597648786160,16742732548,4.9283175,8.34138,-0.3589234,3
154597651286160,16745232548,4.9492545,8.336594,-0.3711866,3
154597653786160,16747732548,5.0255256,8.29442,-0.6305088,3
154597656286160,16750232548,5.058427,8.321041,-0.7322037,3
154597658786160,16752732548,5.044369,8.357232,-0.69272214,3
154597661286160,16755232548,5.1346984,8.345866,-0.5727819,3
154597663786160,16757732548,5.165207,8.329715,-0.48364928,3
154597666286160,16760232548,5.13081,8.337491,-0.45882374,3
154597668786160,16762732548,5.0829535,8.332407,-0.44685963,3
154597671286160,16765232548,5.0422754,8.333304,-0.4331009,3
154597673786160,16767732548,5.034798,8.359924,-0.45194438,3
154597676286160,16770232548,5.0177493,8.375776,-0.43280178,3
154597678786160,16772732548,5.049454,8.370393,-0.4645067,3
154597681286160,16775232548,5.076074,8.374879,-0.46660042,3
154597683786160,16777732548,5.1000023,8.382955,-0.49351966,3
154597686286160,16780232548,5.1182475,8.379964,-0.51236314,3
154597688786160,16782732548,5.117051,8.392825,-0.52223355,3
154597691286160,16785232548,5.118547,8.393125,-0.5303093,3
154597693786160,16787732548,5.116752,8.4012,-0.53330034,3
154597696286160,16790232548,5.109574,8.412566,-0.5404788,3
154597698786160,16792732548,5.11735,8.435597,-0.5072784,3
154597701286160,16795232548,5.1290154,8.449356,-0.49202415,3
154597703786160,16797732548,5.15743,8.445468,-0.4863412,3
154597706286160,16800232548,5.168497,8.42124,-0.4959125,3
154597708786160,16802732548,5.174479,8.42812,-0.5072784,3
154597711286160,16805232548,5.1810594,8.415258,-0.517747,3
154597713786160,16807732548,5.1625147,8.420044,-0.51116675,3
154597716286160,16810232548,5.1514482,8.420642,-0.4959125,3
154597718786160,16812732548,5.1323056,8.407481,-0.48275197,3
154597721286160,16815232548,5.1176496,8.395218,-0.47377887,3
154597723786160,16817732548,5.0850472,8.366803,-0.49920264,3
154597726286160,16820232548,5.0805607,8.368,-0.5386842,3
154597728786160,16822732548,5.0653067,8.369495,-0.56799626,3
154597731286160,16825232548,5.0539403,8.356335,-0.5877371,3
154597733786160,16827732548,5.0644093,8.34796,-0.60687965,3
154597736286160,16830232548,5.052146,8.341679,-0.6409774,3
154597738786160,16832732548,5.0422754,8.356036,-0.605085,3
154597741286160,16835232548,5.028218,8.361719,-0.5913263,3
154597743786160,16837732548,5.0330033,8.362018,-0.6008976,3
154597746286160,16840232548,5.032405,8.359027,-0.5985048,3
154597748786160,16842732548,5.031807,8.345567,-0.6128617,3
154597751286160,16845232548,5.0336018,8.352746,-0.6155536,3
154597753786160,16847732548,5.0249276,8.348857,-0.5796613,3
154597756286160,16850232548,5.0419765,8.3428755,-0.5922236,3
154597758786160,16852732548,5.047061,8.3345,-0.58953166,3
154597761286160,16855232548,5.064708,8.32792,-0.59641105,3
154597763786160,16857732548,5.0775695,8.322835,-0.57936215,3
154597766286160,16860232548,5.085645,8.3174515,-0.59282184,3
154597768786160,16862732548,5.091029,8.316554,-0.5919245,3
154597771286160,16865232548,5.0922256,8.312068,-0.6146563,3
154597773786160,16867732548,5.1140604,8.310871,-0.6329016,3
154597776286160,16870232548,5.1212387,8.297412,-0.69242305,3
154597778786160,16872732548,5.143372,8.296813,-0.73489565,3
154597781286160,16875232548,5.1610193,8.306983,-0.7537391,3
154597783786160,16877732548,5.197211,8.318648,-0.7576275,3
154597786286160,16880232548,5.2259245,8.303393,-0.7926225,3
154597788786160,16882732548,5.2692947,8.297412,-0.8365906,3
154597791286160,16885232548,5.2869415,8.285447,-0.8467601,3
154597793786160,16887732548,5.3276196,8.255537,-0.8679964,3
154597796286160,16890232548,5.381159,8.240283,-0.88295156,3
154597798786160,16892732548,5.4616175,8.221141,-0.84167534,3
154597801286160,16895232548,5.543572,8.190931,-0.7217351,3
154597803786160,16897732548,5.587839,8.162815,-0.5479564,3
154597806286160,16900232548,5.5396833,8.14457,-0.44985065,3
154597808786160,16902732548,5.4520464,8.146066,-0.57009,3
154597811286160,16905232548,5.3904314,8.149954,-0.7007979,3
154597813786160,16907732548,5.3443694,8.170592,-0.7573284,3
154597816286160,16910232548,5.3213387,8.200502,-0.814457,3
154597818786160,16912732548,5.304888,8.217252,-0.83958167,3
154597821286160,16915232548,5.2833524,8.237591,-0.8991031,3
154597823786160,16917732548,5.2740803,8.238488,-0.94725865,3
154597826286160,16920232548,5.254339,8.249256,-0.95473623,3
154597828786160,16922732548,5.224429,8.262715,-0.9302098,3
154597831286160,16925232548,5.194519,8.279466,-0.89102733,3
154597833786160,16927732548,5.1873403,8.292027,-0.77318084,3
154597836286160,16930232548,5.1675997,8.303992,-0.6358926,3
154597838786160,16932732548,5.1323056,8.310572,-0.54646087,3
154597841286160,16935232548,5.09073,8.296215,-0.4977071,3
154597843786160,16937732548,5.041079,8.295617,-0.5132605,3
154597846286160,16940232548,5.006084,8.292027,-0.5602196,3
154597848786160,16942732548,4.983053,8.297412,-0.62093747,3
154597851286160,16945232548,4.9609194,8.306385,-0.651446,3
154597853786160,16947732548,4.9579287,8.319246,-0.6667002,3
154597856286160,16950232548,4.9453664,8.342576,-0.6789634,3
154597858786160,16952732548,4.9677987,8.347362,-0.68255264,3
154597861286160,16955232548,4.975875,8.372188,-0.6936195,3
154597863786160,16957732548,4.985745,8.395517,-0.6843473,3
154597866286160,16960232548,5.021039,8.391629,-0.6756733,3
154597868786160,16962732548,5.063512,8.388339,-0.62901324,3
154597871286160,16965232548,5.092525,8.417352,-0.56590253,3
154597873786160,16967732548,5.128417,8.422437,-0.4444668,3
154597876286160,16970232548,5.165506,8.432307,-0.33170503,3
154597878786160,16972732548,5.1867423,8.426025,-0.24017957,3
154597881286160,16975232548,5.198108,8.42453,-0.18335004,3
154597883786160,16977732548,5.2082777,8.412267,-0.16540386,3
154597886286160,16980232548,5.2163534,8.400602,-0.12831512,3
154597888786160,16982732548,5.2052865,8.410173,-0.13489537,3
154597891286160,16985232548,5.19751,8.4146595,-0.104087785,3
154597893786160,16987732548,5.19751,8.432008,-0.049052864,3
154597896286160,16990232548,5.194519,8.453244,-0.0020937198,3
154597898786160,16992732548,5.1870413,8.472686,0.069391854,3
154597901286160,16995232548,5.176573,8.492725,0.1477568,3
154597903786160,16997732548,5.1529436,8.499605,0.22432712,3
154597906286160,17000232548,5.131707,8.5067835,0.3173481,3
154597908786160,17002732548,5.0940204,8.496913,0.37776688,3
154597911286160,17005232548,5.052744,8.491829,0.42981076,3
154597913786160,17007732548,4.9992046,8.478069,0.4872385,3
154597916286160,17010232548,4.968098,8.462217,0.5279165,3
154597918786160,17012732548,4.948357,8.438588,0.5925227,3
154597921286160,17015232548,4.9196434,8.437691,0.64247286,3
154597923786160,17017732548,4.8738804,8.422736,0.7049854,3
154597926286160,17020232548,4.836792,8.416156,0.75972116,3
154597928786160,17022732548,4.79073,8.390732,0.80997044,3
154597931286160,17025232548,4.7306104,8.388638,0.8108678,3
154597933786160,17027732548,4.6761737,8.377272,0.8321041,3
154597936286160,17030232548,4.6432724,8.349156,0.8449655,3
154597938786160,17032732548,4.6232324,8.358429,0.83718884,3
154597941286160,17035232548,4.6007996,8.341978,0.8246265,3
154597943786160,17037732548,4.5858445,8.325228,0.8255238,3
154597946286160,17040232548,4.58734,8.315657,0.8168498,3
154597948786160,17042732548,4.5858445,8.30788,0.7893324,3
154597951286160,17045232548,4.601697,8.321041,0.7704889,3
154597953786160,17047732548,4.604987,8.3013,0.7199405,3
154597956286160,17050232548,4.6286163,8.29113,0.6693921,3
154597958786160,17052732548,4.660919,8.270193,0.6364908,3
154597961286160,17055232548,4.7102714,8.258529,0.619442,3
154597963786160,17057732548,4.77398,8.260622,0.61764735,3
154597966286160,17060232548,4.8176494,8.248059,0.6023931,3
154597968786160,17062732548,4.871787,8.239685,0.61016977,3
154597971286160,17065232548,4.948058,8.232805,0.5799604,3
154597973786160,17067732548,5.0165524,8.219346,0.5721837,3
154597976286160,17070232548,5.072485,8.208878,0.5419743,3
154597978786160,17072732548,5.1293144,8.2011,0.49830532,3
154597981286160,17075232548,5.1867423,8.199605,0.45972106,3
154597983786160,17077732548,5.2342997,8.192427,0.4749753,3
154597986286160,17080232548,5.28754,8.2049885,0.4971089,3
154597988786160,17082732548,5.328218,8.22473,0.56470615,3
154597991286160,17085232548,5.374878,8.222337,0.63170516,3
154597993786160,17087732548,5.3961143,8.209774,0.6789634,3
154597996286160,17090232548,5.4086766,8.190034,0.73130643,3
154597998786160,17092732548,5.421837,8.162517,0.7471589,3
154598001286160,17095232548,5.4502516,8.139485,0.7292127,3
154598003786160,17097732548,5.4409795,8.1347,0.73429745,3
154598006286160,17100232548,5.436194,8.115557,0.7372885,3
154598008786160,17102732548,5.425127,8.1179495,0.7689934,3
154598011286160,17105232548,5.408078,8.118249,0.77677006,3
154598013786160,17107732548,5.392824,8.113463,0.80518484,3
154598016286160,17110232548,5.354838,8.129914,0.7959126,3
154598018786160,17112732548,5.3306108,8.131709,0.82043904,3
154598021286160,17115232548,5.2941203,8.148159,0.8249256,3
154598023786160,17117732548,5.253143,8.169395,0.80877405,3
154598026286160,17120232548,5.2025948,8.182257,0.78753775,3
154598028786160,17122732548,5.1664033,8.198708,0.779462,3
154598031286160,17125232548,5.1140604,8.235796,0.77407813,3
154598033786160,17127732548,5.077869,8.237292,0.75254273,3
154598036286160,17130232548,5.029115,8.272287,0.7540382,3
154598038786160,17132732548,4.9932227,8.26451,0.74446696,3
154598041286160,17135232548,4.9546385,8.2660055,0.7426723,3
154598043786160,17137732548,4.9286165,8.255239,0.7223333,3
154598046286160,17140232548,4.9226346,8.249854,0.7262217,3
154598048786160,17142732548,4.9007998,8.256734,0.70169526,3
154598051286160,17145232548,4.901996,8.247163,0.68225354,3
154598053786160,17147732548,4.9088755,8.241778,0.6436693,3
154598056286160,17150232548,4.9232326,8.260323,0.63170516,3
154598058786160,17152732548,4.9459643,8.269296,0.62841505,3
154598061286160,17155232548,4.981558,8.278867,0.61884373,3
154598063786160,17157732548,5.00758,8.292027,0.6227321,3
154598066286160,17160232548,5.029713,8.29442,0.6367899,3
154598068786160,17162732548,5.0712886,8.286644,0.68135625,3
154598071286160,17165232548,5.0979085,8.282157,0.7220342,3
154598073786160,17167732548,5.131408,8.27797,0.77318084,3
154598076286160,17170232548,5.168497,8.255239,0.8102696,3
154598078786160,17172732548,5.1933227,8.245069,0.84406817,3
154598081286160,17175232548,5.2283173,8.230113,0.87278205,3
154598083786160,17177732548,5.2196436,8.213962,0.90538424,3
154598086286160,17180232548,5.2181478,8.198408,0.93320084,3
154598088786160,17182732548,5.226224,8.184949,0.95413804,3
154598091286160,17185232548,5.212166,8.176574,0.99661064,3
154598093786160,17187732548,5.19751,8.169097,1.0345967,3
154598096286160,17190232548,5.1906304,8.154739,1.0779666,3
154598098786160,17192732548,5.165207,8.152945,1.0716854,3
154598101286160,17195232548,5.1535416,8.137392,1.122533,3
154598103786160,17197732548,5.133801,8.120044,1.128515,3
154598106286160,17200232548,5.1143594,8.121539,1.1425728,3
154598108786160,17202732548,5.104489,8.122137,1.1620145,3
154598111286160,17205232548,5.0850472,8.13111,1.1916257,3
154598113786160,17207732548,5.092824,8.144271,1.2164512,3
154598116286160,17210232548,5.111069,8.143673,1.2975081,3
154598118786160,17212732548,5.091328,8.151449,1.2969099,3
154598121286160,17215232548,5.0566325,8.156235,1.2574283,3
154598123786160,17217732548,5.0123653,8.165807,1.21017,3
154598126286160,17220232548,4.983651,8.179864,1.2005987,3
154598128786160,17222732548,4.9773703,8.203195,1.2592229,3
154598131286160,17225232548,4.939384,8.218747,1.2843475,3
154598133786160,17227732548,4.9160542,8.248059,1.3052847,3
154598136286160,17230232548,4.901398,8.272287,1.2729816,3
154598138786160,17232732548,4.9109693,8.274979,1.2532408,3
154598141286160,17235232548,4.9064827,8.263912,1.2469597,3
154598143786160,17237732548,4.886443,8.26122,1.2116655,3
154598146286160,17240232548,4.8568316,8.257032,1.2000005,3
154598148786160,17242732548,4.8269215,8.266305,1.131506,3
154598151286160,17245232548,4.799404,8.278269,1.0806586,3
154598153786160,17247732548,4.7952166,8.284251,1.0205388,3
154598156286160,17250232548,4.8182473,8.296215,0.9418748,3
154598158786160,17252732548,4.8681974,8.304291,0.85214394,3
154598161286160,17255232548,4.918148,8.306983,0.8039884,3
154598163786160,17257732548,4.965107,8.303693,0.7683952,3
154598166286160,17260232548,5.0012984,8.315358,0.7369894,3
154598168786160,17262732548,5.011169,8.303693,0.7079764,3
154598171286160,17265232548,5.0333023,8.292626,0.6858428,3
154598173786160,17267732548,5.0515475,8.292626,0.66011995,3
154598176286160,17270232548,5.087739,8.292626,0.62901324,3
154598178786160,17272732548,5.1352963,8.295019,0.6538388,3
154598181286160,17275232548,5.146662,8.297112,0.64576304,3
154598183786160,17277732548,5.176872,8.3174515,0.62871414,3
154598186286160,17280232548,5.181957,8.326125,0.64217377,3
154598188786160,17282732548,5.18076,8.348857,0.66969126,3
154598191286160,17285232548,5.1705904,8.353344,0.68524456,3
154598193786160,17287732548,5.168796,8.352447,0.69900334,3
154598196286160,17290232548,5.168796,8.3632145,0.71336025,3
154598198786160,17292732548,5.172684,8.35125,0.7513463,3
154598201286160,17295232548,5.181957,8.354839,0.76271224,3
154598203786160,17297732548,5.172385,8.36441,0.7848458,3
154598206286160,17300232548,5.1732826,8.357532,0.8069794,3
154598208786160,17302732548,5.1759744,8.342277,0.8497511,3
154598211286160,17305232548,5.1879387,8.347661,0.9062816,3
154598213786160,17307732548,5.1879387,8.344071,0.9296116,3
154598216286160,17310232548,5.178068,8.32792,0.94277215,3
154598218786160,17312732548,5.154439,8.340483,0.93649095,3
154598221286160,17315232548,5.1385865,8.32792,0.9098708,3
154598223786160,17317732548,5.111667,8.325827,0.90059865,3
154598226286160,17320232548,5.0697927,8.321639,0.88683987,3
154598228786160,17322732548,5.0530434,8.313264,0.8817552,3
154598231286160,17325232548,5.028218,8.303393,0.8850453,3
154598233786160,17327732548,5.030012,8.304889,0.87637126,3
154598236286160,17330232548,5.020441,8.300702,0.8668,3
154598238786160,17332732548,5.007879,8.299805,0.8650054,3
154598241286160,17335232548,4.9977093,8.289635,0.88354975,3
154598243786160,17337732548,4.974379,8.284849,0.8668,3
154598246286160,17340232548,4.955536,8.2660055,0.86171526,3
154598248786160,17342732548,4.9363933,8.252846,0.87367934,3
154598251286160,17345232548,4.922335,8.249556,0.8635099,3
154598253786160,17347732548,4.9112687,8.251051,0.83778703,3
154598256286160,17350232548,4.897809,8.250154,0.8180462,3
154598258786160,17352732548,4.909773,8.254341,0.8030911,3
154598261286160,17355232548,4.918447,8.259425,0.7890333,3
154598263786160,17357732548,4.9253263,8.284251,0.78813595,3
154598266286160,17360232548,4.9342995,8.29472,0.76689965,3
154598268786160,17362732548,4.948058,8.290532,0.7600203,3
154598271286160,17365232548,4.9719863,8.289037,0.7516454,3
154598273786160,17367732548,5.024329,8.302795,0.72442704,3
154598276286160,17370232548,5.055137,8.276474,0.6792625,3
154598278786160,17372732548,5.092525,8.287541,0.64875406,3
154598281286160,17375232548,5.131707,8.286345,0.64277196,3
154598283786160,17377732548,5.1640105,8.28784,0.6373881,3
154598286286160,17380232548,5.1933227,8.295617,0.66011995,3
154598288786160,17382732548,5.2055855,8.319246,0.72711897,3
154598291286160,17385232548,5.25075,8.3123665,0.79112697,3
154598293786160,17387732548,5.2680984,8.328518,0.8676973,3
154598296286160,17390232548,5.276174,8.326724,0.9502497,3
154598298786160,17392732548,5.267201,8.314161,0.98584294,3
154598301286160,17395232548,5.2576294,8.301898,1.0313065,3
154598303786160,17397732548,5.2402816,8.29801,1.0483555,3
154598306286160,17400232548,5.235795,8.295318,1.0893325,3
154598308786160,17402732548,5.2136617,8.290234,1.1611172,3
154598311286160,17405232548,5.2008,8.290234,1.2152548,3
154598313786160,17407732548,5.189135,8.278269,1.2529417,3
154598316286160,17410232548,5.1613183,8.277073,1.2954143,3
154598318786160,17412732548,5.1212387,8.272885,1.3208381,3
154598321286160,17415232548,5.08744,8.282456,1.3163515,3
154598323786160,17417732548,5.0341997,8.29472,1.2984054,3
154598326286160,17420232548,4.981857,8.295617,1.294517,3
154598328786160,17422732548,4.92742,8.305188,1.2675978,3
154598331286160,17425232548,4.8565326,8.320144,1.2559328,3
154598333786160,17427732548,4.8041897,8.325527,1.2394822,3
154598336286160,17430232548,4.770092,8.338987,1.2230315,3
154598338786160,17432732548,4.723731,8.364112,1.2191432,3
154598341286160,17435232548,4.723432,8.379366,1.2224332,3
154598343786160,17437732548,4.7114677,8.390732,1.1997014,3
154598346286160,17440232548,4.6911287,8.400303,1.1862419,3
154598348786160,17442732548,4.6950173,8.4038925,1.1395818,3
154598351286160,17445232548,4.69412,8.413763,1.0884352,3
154598353786160,17447732548,4.694419,8.4248295,1.0357931,3
154598356286160,17450232548,4.7042894,8.424232,1.0043873,3
154598358786160,17452732548,4.721936,8.428718,0.9520443,3
154598361286160,17455232548,4.7371907,8.429316,0.90418786,3
154598363786160,17457732548,4.779065,8.437391,0.88354975,3
154598366286160,17460232548,4.8248277,8.438588,0.8668,3
154598368786160,17462732548,4.854439,8.440383,0.84047896,3
154598371286160,17465232548,4.906782,8.430213,0.83778703,3
154598373786160,17467732548,4.95733,8.426624,0.8383852,3
154598376286160,17470232548,4.995017,8.423334,0.83748794,3
154598378786160,17472732548,5.0306106,8.412566,0.8542377,3
154598381286160,17475232548,5.078168,8.4015,0.90089774,3
154598383786160,17477732548,5.122435,8.379066,0.95054877,3
154598386286160,17480232548,5.1717873,8.359027,1.0232308,3
154598388786160,17482732548,5.2109694,8.341081,1.1042876,3
154598391286160,17485232548,5.2426744,8.30459,1.1668001,3
154598393786160,17487732548,5.2812586,8.26122,1.2110673,3
154598396286160,17490232548,5.297111,8.219645,1.2490535,3
154598398786160,17492732548,5.303093,8.189436,1.2831511,3
154598401286160,17495232548,5.316852,8.157731,1.2738789,3
154598403786160,17497732548,5.2809596,8.151151,1.3031911,3
154598406286160,17500232548,5.2642097,8.14457,1.3603196,3
154598408786160,17502732548,5.258527,8.146365,1.3743775,3
154598411286160,17505232548,5.235795,8.128717,1.4072788,3
154598413786160,17507732548,5.209175,8.111968,1.4126626,3
154598416286160,17510232548,5.188836,8.1012,1.416551,3
154598418786160,17512732548,5.1673007,8.098807,1.4216357,3
154598421286160,17515232548,5.1592245,8.07787,1.4338989,3
154598423786160,17517732548,5.126323,8.062017,1.434198,3
154598426286160,17520232548,5.1035914,8.052446,1.4267205,3
154598428786160,17522732548,5.072485,8.041678,1.4150555,3
154598431286160,17525232548,5.05753,8.030612,1.404886,3
154598433786160,17527732548,5.037191,8.031808,1.3911272,3
154598436286160,17530232548,5.01745,8.025826,1.343869,3
154598438786160,17532732548,5.0303116,8.026724,1.3142579,3
154598441286160,17535232548,5.0392847,8.022237,1.2628121,3
154598443786160,17537732548,5.0674,8.026724,1.2397813,3
154598446286160,17540232548,5.0997033,8.001599,1.2050853,3
154598448786160,17542732548,5.15743,7.9944205,1.1757733,3
154598451286160,17545232548,5.1906304,7.980662,1.1670992,3
154598453786160,17547732548,5.2462635,7.979166,1.1195419,3
154598456286160,17550232548,5.283951,7.958827,1.1012967,3
154598458786160,17552732548,5.3102717,7.96451,1.0950154,3
154598461286160,17555232548,5.3476596,7.9680996,1.0743774,3
154598463786160,17557732548,5.382056,7.978867,1.0552348,3
154598466286160,17560232548,5.4263234,7.9767733,1.0549357,3
154598468786160,17562732548,5.432605,7.9854474,1.0689936,3
154598471286160,17565232548,5.4649076,8.003693,1.1051849,3
154598473786160,17567732548,5.5019965,8.011469,1.1371889,3
154598476286160,17570232548,5.5226345,8.019546,1.189831,3
154598478786160,17572732548,5.546862,8.029415,1.2469597,3
154598481286160,17575232548,5.5713882,8.027022,1.3106686,3
154598483786160,17577732548,5.582156,8.016853,1.3444673,3
154598486286160,17580232548,5.598906,7.998907,1.3432708,3
154598488786160,17582732548,5.5929236,8.003095,1.3833506,3
154598491286160,17585232548,5.6063833,7.9983087,1.3944174,3
154598493786160,17587732548,5.590531,7.989635,1.393221,3
154598496286160,17590232548,5.595915,7.993523,1.4156537,3
154598498786160,17592732548,5.593522,7.993523,1.4578272,3
154598501286160,17595232548,5.5815578,7.987242,1.5041882,3
154598503786160,17597732548,5.584549,7.978568,1.564906,3
154598506286160,17600232548,5.5710893,7.96451,1.593919,3
154598508786160,17602732548,5.549554,7.9633136,1.611267,3
154598511286160,17605232548,5.5334024,7.9624166,1.6328024,3
154598513786160,17607732548,5.5220366,7.948957,1.6328024,3
154598516286160,17610232548,5.508577,7.943274,1.6067804,3
154598518786160,17612732548,5.482555,7.9573317,1.585245,3
154598521286160,17615232548,5.4320064,7.9630146,1.5699908,3
154598523786160,17617732548,5.386543,7.972885,1.5209379,3
154598526286160,17620232548,5.3273206,7.993822,1.4635102,3
154598528786160,17622732548,5.2552366,8.008778,1.4042878,3
154598531286160,17625232548,5.1795635,8.032407,1.3354942,3
154598533786160,17627732548,5.1122656,8.067102,1.2783655,3
154598536286160,17630232548,5.047061,8.098508,1.2248261,3
154598538786160,17632732548,5.0030932,8.138887,1.1446666,3
154598541286160,17635232548,4.950451,8.17478,1.0519446,3
154598543786160,17637732548,4.914858,8.210671,0.9945169,3
154598546286160,17640232548,4.8879385,8.236993,0.94426763,3
154598548786160,17642732548,4.85743,8.274081,0.8997013,3
154598551286160,17645232548,4.81077,8.306385,0.8745767,3
154598553786160,17647732548,4.7691946,8.326425,0.8327023,3
154598556286160,17650232548,4.753342,8.3327055,0.82971126,3
154598558786160,17652732548,4.7458644,8.355737,0.8350951,3
154598561286160,17655232548,4.7419763,8.381459,0.83120674,3
154598563786160,17657732548,4.7428737,8.399107,0.8365906,3
154598566286160,17660232548,4.7341995,8.411369,0.8425727,3
154598568786160,17662732548,4.735695,8.434102,0.8599206,3
154598571286160,17665232548,4.7392845,8.437093,0.8593224,3
154598573786160,17667732548,4.7524447,8.433205,0.8644072,3
154598576286160,17670232548,4.756034,8.43111,0.8964112,3
154598578786160,17672732548,4.7676992,8.433205,0.9197412,3
154598581286160,17675232548,4.8032923,8.428419,0.9499506,3
154598583786160,17677732548,4.8239303,8.407781,0.9720842,3
154598586286160,17680232548,4.8619165,8.402098,0.96849495,3
154598588786160,17682732548,4.897809,8.398508,0.991825,3
154598591286160,17685232548,4.9262238,8.391928,1.0124631,3
154598593786160,17687732548,4.9657054,8.382656,1.0411769,3
154598596286160,17690232548,4.9959145,8.3835535,1.0974083,3
154598598786160,17692732548,5.020441,8.372786,1.1437693,3
154598601286160,17695232548,5.035396,8.37129,1.1775678,3
154598603786160,17697732548,5.0473604,8.36441,1.2137593,3
154598606286160,17700232548,5.0587263,8.350353,1.2484552,3
154598608786160,17702732548,5.0697927,8.330313,1.2550355,3
154598611286160,17705232548,5.068896,8.310871,1.2771691,3
154598613786160,17707732548,5.055436,8.322835,1.285843,3
154598616286160,17710232548,5.035097,8.326125,1.3046865,3
154598618786160,17712732548,4.983352,8.342277,1.2894323,3
154598621286160,17715232548,4.950152,8.340183,1.2978072,3
154598623786160,17717732548,4.903492,8.356933,1.294517,3
154598626286160,17720232548,4.8625145,8.367402,1.2834502,3
154598628786160,17722732548,4.825725,8.376973,1.2804592,3
154598631286160,17725232548,4.7778687,8.398508,1.2723835,3
154598633786160,17727732548,4.7452664,8.400602,1.2586247,3
154598636286160,17730232548,4.697709,8.410173,1.2445669,3
154598638786160,17732732548,4.6549373,8.439785,1.2409776,3
154598641286160,17735232548,4.618746,8.458927,1.2352947,3
154598643786160,17737732548,4.584648,8.47149,1.2379866,3
154598646286160,17740232548,4.5658045,8.470891,1.2284154,3
154598648786160,17742732548,4.5538406,8.483752,1.2329018,3
154598651286160,17745232548,4.551747,8.482257,1.2125629,3
154598653786160,17747732548,4.5708895,8.490632,1.2233306,3
154598656286160,17750232548,4.5885367,8.492127,1.2005987,3
154598658786160,17752732548,4.624728,8.483154,1.2047862,3
154598661286160,17755232548,4.6654058,8.47149,1.2032907,3
154598663786160,17757732548,4.706084,8.465208,1.2062817,3
154598666286160,17760232548,4.740481,8.445766,1.1919248,3
154598668786160,17762732548,4.7802615,8.439486,1.2251252,3
154598671286160,17765232548,4.8116674,8.423334,1.2556337,3
154598673786160,17767732548,4.843073,8.422437,1.2789637,3
154598676286160,17770232548,4.8675995,8.407481,1.306182,3
154598678786160,17772732548,4.8879385,8.385049,1.3504493,3
154598681286160,17775232548,4.9052863,8.362317,1.378864,3
154598683786160,17777732548,4.9319067,8.3530445,1.4090735,3
154598686286160,17780232548,4.9510493,8.33809,1.4509479,3
154598688786160,17782732548,4.9692945,8.3174515,1.4790635,3
154598691286160,17785232548,4.975875,8.305488,1.5176477,3
154598693786160,17787732548,4.9731827,8.286644,1.5460626,3
154598696286160,17790232548,4.961518,8.278568,1.5798612,3
154598698786160,17792732548,4.948357,8.263015,1.6007984,3
154598701286160,17795232548,4.94417,8.249556,1.6262221,3
154598703786160,17797732548,4.9348974,8.246863,1.649253,3
154598706286160,17800232548,4.921737,8.238788,1.6698911,3
154598708786160,17802732548,4.9028935,8.238488,1.6953149,3
154598711286160,17805232548,4.8822556,8.224132,1.7129619,3
154598713786160,17807732548,4.8412786,8.223234,1.7282162,3
154598716286160,17810232548,4.8245287,8.22443,1.7359928,3
154598718786160,17812732548,4.8137608,8.222636,1.7380866,3
154598721286160,17815232548,4.8083773,8.235497,1.7108682,3
154598723786160,17817732548,4.782056,8.239984,1.7129619,3
154598726286160,17820232548,4.7715874,8.263015,1.6639091,3
154598728786160,17822732548,4.7539406,8.295019,1.6319051,3
154598731286160,17825232548,4.741079,8.312965,1.5975082,3
154598733786160,17827732548,4.746164,8.329715,1.5634105,3
154598736286160,17830232548,4.7458644,8.34138,1.5110675,3
154598738786160,17832732548,4.74736,8.357532,1.4593227,3
154598741286160,17835232548,4.740481,8.367701,1.4117653,3
154598743786160,17837732548,4.7566323,8.379665,1.3761721,3
154598746286160,17840232548,4.7596235,8.385946,1.3504493,3
154598748786160,17842732548,4.7913284,8.371888,1.3094722,3
154598751286160,17845232548,4.8155556,8.385647,1.2702898,3
154598753786160,17847732548,4.8397827,8.379964,1.2320045,3
154598756286160,17850232548,4.8646083,8.379665,1.1946167,3
154598758786160,17852732548,4.8885365,8.380562,1.1859428,3
154598761286160,17855232548,4.922036,8.363812,1.1745768,3
154598763786160,17857732548,4.9342995,8.379964,1.1751751,3
154598766286160,17860232548,4.973781,8.36112,1.1629118,3
154598768786160,17862732548,4.995017,8.35454,1.1617154,3
154598771286160,17865232548,5.0141597,8.339884,1.1742777,3
154598773786160,17867732548,5.041378,8.330911,1.1874382,3
154598776286160,17870232548,5.052744,8.328817,1.2170494,3
154598778786160,17872732548,5.0682974,8.302496,1.2260225,3
154598781286160,17875232548,5.073083,8.280961,1.2266207,3
154598783786160,17877732548,5.0679984,8.278867,1.2571292,3
154598786286160,17880232548,5.0476594,8.268698,1.2604194,3
154598788786160,17882732548,5.029713,8.270193,1.2831511,3
154598791286160,17885232548,5.0123653,8.283952,1.2918252,3
154598793786160,17887732548,4.979763,8.28784,1.2927225,3
154598796286160,17890232548,4.961518,8.29771,1.2876377,3
154598798786160,17892732548,4.941179,8.304291,1.3073785,3
154598801286160,17895232548,4.9310093,8.312666,1.2978072,3
154598803786160,17897732548,4.9256253,8.319246,1.3097713,3
154598806286160,17900232548,4.912465,8.320442,1.3031911,3
154598808786160,17902732548,4.9139605,8.337193,1.3142579,3
154598811286160,17905232548,4.9055853,8.3428755,1.2978072,3
154598813786160,17907732548,4.9136615,8.328219,1.3151551,3
154598816286160,17910232548,4.9178486,8.238488,1.5786648,3
154598818786160,17912732548,4.883153,8.3345,1.774278,3
154598821286160,17915232548,4.8011985,8.557033,1.7647067,3
154598823786160,17917732548,4.747659,8.789735,1.4419748,3
154598826286160,17920232548,4.7602215,8.921639,0.8575278,3
154598828786160,17922732548,4.825725,8.923434,0.2527419,3
154598831286160,17925232548,4.9226346,8.787043,-0.18574286,3
154598833786160,17927732548,5.0165524,8.619545,-0.38524446,3
154598836286160,17930232548,5.090431,8.477771,-0.35234314,3
154598838786160,17932732548,5.1176496,8.360522,-0.15224335,3
154598841286160,17935232548,5.122435,8.282456,0.1061815,3
154598843786160,17937732548,5.1209397,8.237591,0.33320054,3
154598846286160,17940232548,5.1068816,8.229815,0.4941179,3
154598848786160,17942732548,5.1014977,8.244471,0.57637113,3
154598851286160,17945232548,5.0826545,8.254341,0.6227321,3
154598853786160,17947732548,5.0536413,8.267501,0.6583253,3
154598856286160,17950232548,5.027919,8.29801,0.6520442,3
154598858786160,17952732548,5.0030932,8.33121,0.6337989,3
154598861286160,17955232548,5.002196,8.336594,0.663111,3
154598863786160,17957732548,5.0138607,8.312666,0.69571316,3
154598866286160,17960232548,5.014758,8.293523,0.73340017,3
154598868786160,17962732548,5.009374,8.252247,0.7468598,3
154598871286160,17965232548,5.009374,8.204091,0.8009974,3
154598873786160,17967732548,5.0007,8.140083,0.83778703,3
154598876286160,17970232548,4.9989057,8.096415,0.89342016,3
154598878786160,17972732548,5.0339007,8.049456,0.9637093,3
154598881286160,17975232548,5.061119,8.017451,1.0070792,3
154598883786160,17977732548,5.11077,7.993822,1.0797613,3
154598886286160,17980232548,5.15085,7.9689965,1.1419746,3
154598888786160,17982732548,5.174778,7.940582,1.2164512,3
154598891286160,17985232548,5.198108,7.9184484,1.2993027,3
154598893786160,17987732548,5.191229,7.9091763,1.3923237,3
154598896286160,17990232548,5.168497,7.8957167,1.5215361,3
154598898786160,17992732548,5.151149,7.865507,1.6411772,3
154598901286160,17995232548,5.144569,7.806883,1.7368901,3
154598903786160,17997732548,5.128417,7.7533436,1.8257236,3
154598906286160,18000232548,5.1050873,7.75454,1.9085752,3
154598908786160,18002732548,5.0754757,7.768897,1.9917258,3
154598911286160,18005232548,5.0596237,7.815258,2.0195422,3
154598913786160,18007732548,5.0365925,7.864012,2.0359929,3
154598916286160,18010232548,5.0389853,7.905886,2.0138593,3
154598918786160,18012732548,5.072784,7.9151583,1.9725832,3
154598921286160,18015232548,5.1149573,7.9133635,1.9238294,3
154598923786160,18017732548,5.1963134,7.8966136,1.8750757,3
154598926286160,18020232548,5.264808,7.876873,1.8323039,3
154598928786160,18022732548,5.337191,7.823035,1.8134605,3
154598931286160,18025232548,5.401498,7.784151,1.8050855,3
154598933786160,18027732548,5.4640107,7.7362947,1.8158532,3
154598936286160,18030232548,5.510371,7.7033935,1.841277,3
154598938786160,18032732548,5.5244293,7.6722865,1.8640088,3
