sensor_timestamp_ns,relative_to_audio_start_ns,x_m_s2,y_m_s2,z_m_s2,accuracy
155581236285899,-2237748,5.118547,7.053443,4.491926,3
155581238785899,262252,5.118547,7.053443,4.491926,3
155581241285899,2762252,5.118547,7.053443,4.491926,3
155581243785899,5262252,5.234,7.047461,4.356732,3
155581246285899,7762252,5.3512487,7.0325055,4.282255,3
155581248785899,10262252,5.42752,7.0115685,4.281358,3
155581251285899,12762252,5.4687963,6.9999037,4.282255,3
155581253785899,15262252,5.5106707,6.9906316,4.314259,3
155581256285899,17762252,5.5372906,6.986743,4.2870407,3
155581258785899,20262252,5.5944195,6.940382,4.2308097,3
155581261285899,22762252,5.761917,6.84766,4.1294136,3
155581263785899,25262252,5.940182,6.7989063,4.008576,3
155581266285899,27762252,6.107979,6.7755766,3.9026937,3
155581268785899,30262252,6.1968126,6.7558355,3.8605201,3
155581271285899,32762252,6.1585274,6.762416,3.8733816,3
155581273785899,35262252,6.0568323,6.7555366,3.9107695,3
155581276285899,37762252,5.9150577,6.7579293,3.9828532,3
155581278785899,40262252,5.76431,6.7651076,4.098307,3
155581281285899,42762252,5.6189456,6.788737,4.194917,3
155581283785899,45262252,5.4634123,6.8042903,4.3277187,3
155581286285899,47762252,5.3497534,6.820741,4.449753,3
155581288785899,50262252,5.2486563,6.803393,4.5487556,3
155581291285899,52762252,5.1720862,6.7782683,4.6639104,3
155581293785899,55262252,5.11077,6.748956,4.770092,3
155581296285899,57762252,5.061418,6.7199435,4.872385,3
155581298785899,60262252,5.0419765,6.6792655,4.918148,3
155581301285899,62762252,5.031508,6.632007,4.9513483,3
155581303785899,65262252,5.0042896,6.599106,4.959424,3
155581306285899,67762252,5.003691,6.5703917,4.9603214,3
155581308785899,70262252,4.989035,6.5605216,4.968995,3
155581311285899,72762252,4.9782677,6.5754766,4.9698925,3
155581313785899,75262252,4.959424,6.579664,4.968098,3
155581316285899,77762252,4.9289155,6.5904317,4.9525447,3
155581318785899,80262252,4.889434,6.626324,4.968696,3
155581321285899,82762252,4.8341,6.641279,4.9842496,3
155581323785899,85262252,4.773382,6.6705914,5.009075,3
155581326285899,87762252,4.7024946,6.707381,5.0273204,3
155581328785899,90262252,4.641777,6.7432733,5.0530434,3
155581331285899,92762252,4.6669016,6.7498536,5.069195,3
155581333785899,95262252,4.7216372,6.7728844,5.1176496,3
155581336285899,97762252,4.827819,6.7701926,5.15743,3
155581338785899,100262252,4.9196434,6.7707906,5.1957154,3
155581341285899,102762252,4.996513,6.7686973,5.209773,3
155581343785899,105262252,5.055137,6.7642107,5.2070813,3
155581346285899,107762252,5.081757,6.7704916,5.229813,3
155581348785899,110262252,5.051847,6.776773,5.198108,3
155581351285899,112762252,4.9923253,6.7890363,5.1403813,3
155581353785899,115262252,4.909474,6.806384,5.137091,3
155581356285899,117762252,4.8173504,6.8285174,5.1035914,3
155581358785899,120262252,4.7216372,6.8464637,5.0919266,3
155581361285899,122762252,4.618746,6.879066,5.0775695,3
155581363785899,125262252,4.51406,6.902994,5.0709896,3
155581366285899,127762252,4.4246283,6.9248285,5.076373,3
155581368785899,130262252,4.3259244,6.971788,5.0620165,3
155581371285899,132762252,4.2592244,7.007381,5.0515475,3
155581373785899,135262252,4.2047877,7.045965,5.0419765,3
155581376285899,137762252,4.158128,7.092326,5.0425744,3
155581378785899,140262252,4.135994,7.103393,5.0195436,3
155581381285899,142762252,4.136293,7.118348,5.0120664,3
155581383785899,145262252,4.151248,7.129415,4.9986067,3
155581386285899,147762252,4.1775694,7.146165,4.988736,3
155581388785899,150262252,4.2254257,7.1473613,4.95733,3
155581391285899,152762252,4.2801614,7.149754,4.9262238,3
155581393785899,155262252,4.3471603,7.1345,4.8993044,3
155581396285899,157762252,4.4060836,7.1413794,4.8762736,3
155581398785899,160262252,4.441677,7.123433,4.842475,3
155581401285899,162762252,4.490132,7.1219373,4.820341,3
155581403785899,165262252,4.5044885,7.129415,4.7913284,3
155581406285899,167762252,4.525426,7.1306114,4.7895336,3
155581408785899,170262252,4.543671,7.126125,4.792525,3
155581411285899,172762252,4.562515,7.1138616,4.7727838,3
155581413785899,175262252,4.577171,7.1228347,4.7365923,3
155581416285899,177762252,4.5741796,7.128817,4.7165527,3
155581418785899,180262252,4.58076,7.1446695,4.7162533,3
155581421285899,182762252,4.5795636,7.145866,4.7359943,3
155581423785899,185262252,4.577171,7.1473613,4.7581277,3
155581426285899,187762252,4.569394,7.1425757,4.787739,3
155581428785899,190262252,4.5218368,7.1617184,4.781757,3
155581431285899,192762252,4.47727,7.1841507,4.8011985,3
155581433785899,195262252,4.432704,7.181758,4.8341,3
155581436285899,197762252,4.391727,7.1955166,4.855336,3
155581438785899,200262252,4.3411784,7.2248287,4.8658047,3
155581441285899,202762252,4.293621,7.242775,4.8846483,3
155581443785899,205262252,4.290331,7.2583284,4.918447,3
155581446285899,207762252,4.28405,7.2496543,4.94088,3
155581448785899,210262252,4.274778,7.2499533,4.9456654,3
155581451285899,212762252,4.295715,7.245766,4.9716873,3
155581453785899,215262252,4.3148575,7.240382,4.9725847,3
155581456285899,217762252,4.3483567,7.2266235,4.959125,3
155581458785899,220262252,4.3764725,7.2149587,4.961817,3
155581461285899,222762252,4.403392,7.227521,4.963013,3
155581463785899,225262252,4.41416,7.212865,4.9579287,3
155581466285899,227762252,4.429414,7.21436,4.9585266,3
155581468785899,230262252,4.4258246,7.2266235,4.95733,3
155581471285899,232762252,4.4132624,7.2355967,4.9528437,3
155581473785899,235262252,4.398008,7.2475605,4.959424,3
155581476285899,237762252,4.377669,7.26102,4.944768,3
155581478785899,240262252,4.3836513,7.2622166,4.941179,3
155581481285899,242762252,4.386642,7.2705917,4.933103,3
155581483785899,245262252,4.403691,7.268797,4.9214377,3
155581486285899,247762252,4.4186463,7.2508507,4.9079785,3
155581488785899,250262252,4.4407797,7.2361946,4.912465,3
155581491285899,252762252,4.4482574,7.2137623,4.92413,3
155581493785899,255262252,4.456333,7.199405,4.898407,3
155581496285899,257762252,4.467998,7.201499,4.892724,3
155581498785899,260262252,4.456632,7.173682,4.896014,3
155581501285899,262762252,4.443771,7.158727,4.892724,3
155581503785899,265262252,4.4371905,7.153044,4.881358,3
155581506285899,267762252,4.4312086,7.1398835,4.872684,3
155581508785899,270262252,4.424927,7.1416783,4.881358,3
155581511285899,272762252,4.403691,7.1249285,4.88734,3
155581513785899,275262252,4.410271,7.14108,4.9007998,3
155581516285899,277762252,4.4174495,7.138388,4.9232326,3
155581518785899,280262252,4.421637,7.133004,4.9396834,3
155581521285899,282762252,4.433302,7.11775,4.964509,3
155581523785899,285262252,4.4407797,7.1300135,4.957629,3
155581526285899,287762252,4.4662037,7.0989065,4.9866424,3
155581528785899,290262252,4.490431,7.099804,4.976772,3
155581531285899,292762252,4.493422,7.096215,4.971089,3
155581533785899,295262252,4.520341,7.0878396,4.970192,3
155581536285899,297762252,4.545466,7.090831,4.9510493,3
155581538785899,300262252,4.5634117,7.085447,4.912465,3
155581541285899,302762252,4.5795636,7.0935225,4.8990054,3
155581543785899,305262252,4.598407,7.110871,4.861318,3
155581546285899,307762252,4.6112685,7.1099734,4.822734,3
155581548785899,310262252,4.6151567,7.1153574,4.785047,3
155581551285899,312762252,4.6292143,7.129116,4.7709894,3
155581553785899,315262252,4.636991,7.14108,4.7742796,3
155581556285899,317762252,4.6438704,7.1632137,4.7635117,3
155581558785899,320262252,4.6498528,7.1617184,4.7599225,3
155581561285899,322762252,4.659125,7.183254,4.7659044,3
155581563785899,325262252,4.6486564,7.1952176,4.7709894,3
155581566285899,327762252,4.639982,7.199106,4.7659044,3
155581568785899,330262252,4.6202416,7.2065835,4.7715874,3
155581571285899,332762252,4.6040897,7.2140613,4.7841496,3
155581573785899,335262252,4.5948176,7.2089763,4.770092,3
155581576285899,337762252,4.5708895,7.2233334,4.7976093,3
155581578785899,340262252,4.5673003,7.219744,4.8116674,3
155581581285899,342762252,4.546363,7.2101727,4.8038907,3
155581583785899,345262252,4.5352964,7.2266235,4.81077,3
155581586285899,347762252,4.5269213,7.2152576,4.822136,3
155581588785899,350262252,4.525127,7.1835527,4.8472605,3
155581591285899,352762252,4.5215373,7.16441,4.831408,3
155581593785899,355262252,4.4964128,7.181459,4.8209395,3
155581596285899,357762252,4.506881,7.1416783,4.799703,3
155581598785899,360262252,4.4988055,7.13121,4.8029933,3
155581601285899,362762252,4.4718866,7.1252275,4.8059845,3
155581603785899,365262252,4.449454,7.1285176,4.781159,3
155581606285899,367762252,4.4117665,7.153044,4.7602215,3
155581608785899,370262252,4.386044,7.1629148,4.7775693,3
155581611285899,372762252,4.386044,7.165008,4.785346,3
155581613785899,375262252,4.3932223,7.179365,4.784748,3
155581616285899,377762252,4.4054856,7.1823564,4.8041897,3
155581618785899,380262252,4.426722,7.2029943,4.8137608,3
155581621285899,382762252,4.4401817,7.2044897,4.829314,3
155581623785899,385262252,4.4285164,7.231708,4.8095737,3
155581626285899,387762252,4.4054856,7.2670026,4.800002,3
155581628785899,390262252,4.3755755,7.300203,4.790132,3
155581631285899,392762252,4.339683,7.3345995,4.7563334,3
155581633785899,395262252,4.319344,7.3627152,4.7377887,3
155581636285899,397762252,4.2918267,7.37109,4.7288156,3
155581638785899,400262252,4.2858443,7.3806615,4.7216372,3
155581641285899,402762252,4.2777686,7.393224,4.6953163,3
155581643785899,405262252,4.287639,7.401898,4.7117667,3
155581646285899,407762252,4.293023,7.4162545,4.7048874,3
155581648785899,410262252,4.310969,7.420442,4.7132626,3
155581651285899,412762252,4.3414774,7.423134,4.7174497,3
155581653785899,415262252,4.3737807,7.4069824,4.6956153,3
155581656285899,417762252,4.3929234,7.4069824,4.700102,3
155581658785899,420262252,4.4341993,7.3920274,4.6953163,3
155581661285899,422762252,4.4539404,7.3719873,4.6767716,3
155581663785899,425262252,4.4856453,7.359425,4.6749773,3
155581666285899,427762252,4.5098724,7.353144,4.679165,3
155581668785899,430262252,4.5155554,7.344171,4.6639104,3
155581671285899,432762252,4.543372,7.333702,4.6755753,3
155581673785899,435262252,4.5502515,7.3100734,4.6959143,3
155581676285899,437762252,4.5559344,7.3139615,4.6704907,3
155581678785899,440262252,4.553242,7.303792,4.6818566,3
155581681285899,442762252,4.552943,7.3109703,4.706981,3
155581683785899,445262252,4.538586,7.334899,4.720441,3
155581686285899,447762252,4.519743,7.342675,4.761717,3
155581688785899,450262252,4.5003014,7.365407,4.779065,3
155581691285899,452762252,4.476373,7.3896346,4.7862434,3
155581693785899,455262252,4.426722,7.3980093,4.8026943,3
155581696285899,457762252,4.3740797,7.4063845,4.805386,3
155581698785899,460262252,4.322634,7.4129643,4.821837,3
155581701285899,462762252,4.295715,7.426424,4.8032923,3
155581703785899,465262252,4.246662,7.4476604,4.8188457,3
155581706285899,467762252,4.206283,7.448259,4.8358946,3
155581708785899,470262252,4.178766,7.4730844,4.855037,3
155581711285899,472762252,4.1635113,7.4826555,4.872385,3
155581713785899,475262252,4.162016,7.4700933,4.883452,3
155581716285899,477762252,4.174877,7.472486,4.8966126,3
155581718785899,480262252,4.193422,7.4679995,4.8643093,3
155581721285899,482762252,4.185645,7.440781,4.8376894,3
155581723785899,485262252,4.193422,7.4356966,4.812864,3
155581726285899,487762252,4.200899,7.42433,4.796413,3
155581728785899,490262252,4.211667,7.41117,4.793123,3
155581731285899,492762252,4.2038903,7.393822,4.7742796,3
155581733785899,495262252,4.2011986,7.391429,4.755137,3
155581736285899,497762252,4.2068815,7.3719873,4.7548375,3
155581738785899,500262252,4.202694,7.3585277,4.7336016,3
155581741285899,502762252,4.208377,7.335497,4.734798,3
155581743785899,505262252,4.2095733,7.3304124,4.7371907,3
155581746285899,507762252,4.2011986,7.3250284,4.750052,3
155581748785899,510262252,4.19731,7.320841,4.74736,3
155581751285899,512762252,4.208078,7.32114,4.7623153,3
155581753785899,515262252,4.206283,7.307381,4.772186,3
155581756285899,517762252,4.1925244,7.313064,4.784748,3
155581758785899,520262252,4.1985064,7.3100734,4.801797,3
155581761285899,522762252,4.2104707,7.313064,4.7898326,3
155581763785899,525262252,4.2245283,7.309475,4.8011985,3
155581766285899,527762252,4.2367916,7.2990065,4.8272204,3
155581768785899,530262252,4.2705903,7.292725,4.8176494,3
155581771285899,532762252,4.2828536,7.2843504,4.808078,3
155581773785899,535262252,4.2975097,7.274779,4.812864,3
155581776285899,537762252,4.304688,7.26102,4.809274,3
155581778785899,540262252,4.3145585,7.245766,4.795815,3
155581781285899,542762252,4.3354955,7.2346992,4.795815,3
155581783785899,545262252,4.345067,7.228418,4.7934217,3
155581786285899,547762252,4.3672004,7.2041907,4.816453,3
155581788785899,550262252,4.3761735,7.205387,4.8083773,3
155581791285899,552762252,4.406682,7.199106,4.8239303,3
155581793785899,555262252,4.42732,7.1883383,4.838886,3
155581796285899,557762252,4.4575295,7.1745796,4.8442693,3
155581798785899,560262252,4.493422,7.166504,4.8355956,3
155581801285899,562762252,4.5338006,7.149455,4.8433723,3
155581803785899,565262252,4.5397825,7.144071,4.827819,3
155581806285899,567762252,4.557131,7.1309104,4.838886,3
155581808785899,570262252,4.5505505,7.1342006,4.840082,3
155581811285899,572762252,4.532604,7.1246295,4.836792,3
155581813785899,575262252,4.499404,7.126424,4.8382874,3
155581816285899,577762252,4.4721856,7.1339016,4.842774,3
155581818785899,580262252,4.4431725,7.1446695,4.8711886,3
155581821285899,582762252,4.388736,7.1542406,4.8993044,3
155581823785899,585262252,4.3731823,7.158727,4.92084,3
155581826285899,587762252,4.369892,7.1620173,4.9453664,3
155581828785899,590262252,4.3800616,7.1706915,4.9513483,3
155581831285899,592762252,4.3995037,7.179365,4.9531426,3
155581833785899,595262252,4.428816,7.1919274,4.9677987,3
155581836285899,597762252,4.452744,7.1859455,4.976174,3
155581838785899,600262252,4.4721856,7.1934233,4.9531426,3
155581841285899,602762252,4.5008993,7.1970124,4.95733,3
155581843785899,605262252,4.5212383,7.1898336,4.933103,3
155581846285899,607762252,4.5502515,7.183254,4.901697,3
155581848785899,610262252,4.5909295,7.1715884,4.8918266,3
155581851285899,612762252,4.6097727,7.1626153,4.86072,3
155581853785899,615262252,4.6319065,7.153044,4.861318,3
155581856285899,617762252,4.6698923,7.1569324,4.8397827,3
155581858785899,620262252,4.694419,7.1476603,4.831109,3
155581861285899,622762252,4.7231326,7.1434727,4.808975,3
155581863785899,625262252,4.7626143,7.132406,4.8068814,3
155581866285899,627762252,4.7620163,7.1135626,4.833502,3
155581868785899,630262252,4.7934217,7.112366,4.801797,3
155581871285899,632762252,4.809274,7.1063843,4.7823553,3
155581873785899,635262252,4.805386,7.1021967,4.761119,3
155581876285899,637762252,4.805386,7.0950184,4.7195435,3
155581878785899,640262252,4.796712,7.100103,4.6986065,3
155581881285899,642762252,4.7865424,7.0950184,4.686343,3
155581883785899,645262252,4.7829533,7.099505,4.665705,3
155581886285899,647762252,4.770391,7.105188,4.6522455,3
155581888785899,650262252,4.750052,7.0992055,4.6468616,3
155581891285899,652762252,4.744369,7.1171517,4.6378884,3
155581893785899,655262252,4.738686,7.1282187,4.621737,3
155581896285899,657762252,4.7392845,7.1356964,4.5741796,3
155581898785899,660262252,4.747659,7.1512494,4.532903,3
155581901285899,662762252,4.7368917,7.1629148,4.4895334,3
155581903785899,665262252,4.733302,7.1434727,4.441378,3
155581906285899,667762252,4.7485566,7.1470623,4.4147577,3
155581908785899,670262252,4.7626143,7.149455,4.391727,3
155581911285899,672762252,4.79073,7.1485577,4.3707895,3
155581913785899,675262252,4.821837,7.1491556,4.356433,3
155581916285899,677762252,4.8601217,7.1485577,4.328018,3
155581918785899,680262252,4.9061837,7.1398835,4.3097725,3
155581921285899,682762252,4.9519463,7.131509,4.2951164,3
155581923785899,685262252,5.0009995,7.1222367,4.28734,3
155581926285899,687762252,5.0389853,7.1171517,4.2738805,3
155581928785899,690262252,5.068896,7.0959153,4.249055,3
155581931285899,692762252,5.0823555,7.0821567,4.229015,3
155581933785899,695262252,5.139783,7.0618176,4.2092743,3
155581936285899,697762252,5.152046,7.045666,4.1907296,3
155581938785899,700262252,5.1553364,7.0525455,4.191029,3
155581941285899,702762252,5.1649075,7.0471616,4.197609,3
155581943785899,705262252,5.1813583,7.0462646,4.1904306,3
155581946285899,707762252,5.1810594,7.043872,4.211966,3
155581948785899,710262252,5.18405,7.023533,4.223332,3
155581951285899,712762252,5.200501,7.0154567,4.2535415,3
155581953785899,715262252,5.217251,7.021738,4.2795634,3
155581956285899,717762252,5.233701,6.9894347,4.3124647,3
155581958785899,720262252,5.234,6.9759755,4.3501515,3
155581961285899,722762252,5.246862,6.966404,4.359723,3
155581963785899,725262252,5.250152,6.9388866,4.388736,3
155581966285899,727762252,5.2683973,6.923333,4.3785663,3
155581968785899,730262252,5.261518,6.9128647,4.383053,3
155581971285899,732762252,5.2429733,6.8925257,4.421637,3
155581973785899,735262252,5.2199426,6.877271,4.438088,3
155581976285899,737762252,5.1924253,6.873383,4.4545383,3
155581978785899,740262252,5.1526446,6.8805614,4.4608197,3
155581981285899,742762252,5.113163,6.875776,4.486542,3
155581983785899,745262252,5.070391,6.895816,4.51735,3
155581986285899,747762252,5.0548377,6.8910303,4.5541396,3
155581988785899,750262252,5.043173,6.908677,4.59063,3
155581991285899,752762252,5.0401816,6.916454,4.6298127,3
155581993785899,755262252,5.0395837,6.9212394,4.6725845,3
155581996285899,757762252,5.058427,6.9170523,4.7210393,3
155581998785899,760262252,5.0476594,6.9299135,4.7359943,3
155582001285899,762762252,5.0416775,6.9373913,4.738088,3
155582003785899,765262252,5.031508,6.9418774,4.7431726,3
155582006285899,767762252,5.0072803,6.949056,4.7371907,3
155582008785899,770262252,5.000102,6.9583282,4.74078,3
155582011285899,772762252,4.9812584,6.975377,4.738686,3
155582013785899,775262252,4.9489555,6.963712,4.738088,3
155582016285899,777762252,4.914858,6.978069,4.735695,3
155582018785899,780262252,4.8771706,6.9816585,4.7512484,3
155582021285899,782762252,4.8436713,7.0011,4.7748775,3
155582023785899,785262252,4.8003016,7.0259256,4.77398,3
155582026285899,787762252,4.755735,7.044171,4.779364,3
155582028785899,790262252,4.733302,7.043872,4.779065,3
155582031285899,792762252,4.698307,7.0558357,4.761418,3
155582033785899,795262252,4.670192,7.0678,4.755137,3
155582036285899,797762252,4.653442,7.0618176,4.761119,3
155582038785899,800262252,4.634897,7.0749784,4.775775,3
155582041285899,802762252,4.6292143,7.1010003,4.7838507,3
155582043785899,805262252,4.6325045,7.1102724,4.7751765,3
155582046285899,807762252,4.631009,7.135397,4.7581277,3
155582048785899,810262252,4.642076,7.14437,4.7605205,3
155582051285899,812762252,4.6549373,7.14437,4.7282176,3
155582053785899,815262252,4.6752763,7.135397,4.7132626,3
155582056285899,817762252,4.6971107,7.125826,4.724329,3
155582058785899,820262252,4.7222357,7.135098,4.706383,3
155582061285899,822762252,4.7524447,7.12762,4.683352,3
155582063785899,825262252,4.7566323,7.128817,4.645665,3
155582066285899,827762252,4.770391,7.124031,4.6325045,3
155582068785899,830262252,4.778766,7.1243305,4.619344,3
155582071285899,832762252,4.7727838,7.129116,4.598407,3
155582073785899,835262252,4.752744,7.1309104,4.569693,3
155582076285899,837762252,4.7542396,7.151848,4.5678983,3
155582078785899,840262252,4.761119,7.172187,4.564309,3
155582081285899,842762252,4.715057,7.192526,4.5732822,3
155582083785899,845262252,4.694718,7.2101727,4.572385,3
155582086285899,847762252,4.67408,7.2352977,4.5822554,3
155582088785899,850262252,4.6465626,7.251748,4.5972104,3
155582091285899,852762252,4.613362,7.2753773,4.6136613,3
155582093785899,855262252,4.6112685,7.2900333,4.618746,3
155582096285899,857762252,4.584648,7.301997,4.6208396,3
155582098785899,860262252,4.5975094,7.3112698,4.599005,3
155582101285899,862762252,4.598108,7.2990065,4.6094737,3
155582103785899,865262252,4.6145587,7.2897344,4.6235313,3
155582106285899,867762252,4.631009,7.274779,4.6169515,3
155582108785899,870262252,4.634897,7.27777,4.5915275,3
155582111285899,872762252,4.6600223,7.2678995,4.607679,3
155582113785899,875262252,4.6749773,7.257431,4.6175494,3
155582116285899,877762252,4.690531,7.2436724,4.6202416,3
155582118785899,880262252,4.712963,7.220043,4.6319065,3
155582121285899,882762252,4.7285166,7.19791,4.631308,3
155582123785899,885262252,4.7306104,7.2003026,4.6408796,3
155582126285899,887762252,4.735695,7.196713,4.618746,3
155582128785899,890262252,4.746762,7.1835527,4.6489553,3
155582131285899,892762252,4.74078,7.1694946,4.6639104,3
155582133785899,895262252,4.7368917,7.1596246,4.6372905,3
155582136285899,897762252,4.7246284,7.1620173,4.633103,3
155582138785899,900262252,4.720142,7.1682982,4.6654058,3
155582141285899,902762252,4.701298,7.1682982,4.671388,3
155582143785899,905262252,4.671687,7.1539416,4.668098,3
155582146285899,907762252,4.6468616,7.1578298,4.6845484,3
155582148785899,910262252,4.636991,7.161419,4.6845484,3
155582151285899,912762252,4.6354957,7.1599236,4.6929235,3
155582153785899,915262252,4.623831,7.1677003,4.6836514,3
155582156285899,917762252,4.610969,7.166504,4.688736,3
155582158785899,920262252,4.6136613,7.1751776,4.685745,3
155582161285899,922762252,4.5969114,7.1563344,4.6956153,3
155582163785899,925262252,4.5894337,7.1706915,4.692325,3
155582166285899,927762252,4.599304,7.173981,4.668696,3
155582168785899,930262252,4.5948176,7.170392,4.6471605,3
155582171285899,932762252,4.601398,7.1638117,4.6612186,3
155582173785899,935262252,4.5951166,7.1656065,4.6642094,3
155582176285899,937762252,4.601099,7.1635127,4.6642094,3
155582178785899,940262252,4.596313,7.1685977,4.666303,3
155582181285899,942762252,4.6064825,7.1766734,4.673781,3
155582183785899,945262252,4.6148577,7.172785,4.6749773,3
155582186285899,947762252,4.6244287,7.175477,4.6710887,3
155582188785899,950262252,4.664808,7.1449685,4.658826,3
155582191285899,952762252,4.699803,7.1488566,4.6615176,3
155582193785899,955262252,4.7159543,7.138687,4.644469,3
155582196285899,957762252,4.7321057,7.136893,4.6372905,3
155582198785899,960262252,4.753043,7.135098,4.636991,3
155582201285899,962762252,4.772485,7.1216383,4.6154556,3
155582203785899,965262252,4.7955155,7.1273212,4.6022954,3
155582206285899,967762252,4.8047876,7.14108,4.584349,3
155582208785899,970262252,4.814658,7.118348,4.5675993,3
155582211285899,972762252,4.812864,7.126125,4.5559344,3
155582213785899,975262252,4.8044887,7.1359954,4.5412784,3
155582216285899,977762252,4.7898326,7.1359954,4.540381,3
155582218785899,980262252,4.7694936,7.137192,4.540082,3
155582221285899,982762252,4.766503,7.133004,4.545466,3
155582223785899,985262252,4.77398,7.160821,4.5469613,3
155582226285899,987762252,4.764409,7.1434727,4.56072,3
155582228785899,990262252,4.7599225,7.144071,4.5744786,3
155582231285899,992762252,4.779663,7.1539416,4.599603,3
155582233785899,995262252,4.7805605,7.146464,4.6262236,3
155582236285899,997762252,4.7730827,7.1455665,4.625027,3
155582238785899,1000262252,4.7715874,7.1243305,4.6546383,3
155582241285899,1002762252,4.7656054,7.1156564,4.664808,3
155582243785899,1005262252,4.7524447,7.1132636,4.6654058,3
155582246285899,1007762252,4.7428737,7.097411,4.6549373,3
155582248785899,1010262252,4.72074,7.096215,4.6731825,3
155582251285899,1012762252,4.709075,7.1024957,4.6785665,3
155582253785899,1015262252,4.6989055,7.1012993,4.686642,3
155582256285899,1017762252,4.6779685,7.103393,4.714459,3
155582258785899,1020262252,4.659125,7.09442,4.731508,3
155582261285899,1022762252,4.64417,7.100103,4.7455654,3
155582263785899,1025262252,4.6319065,7.103692,4.753342,3
155582266285899,1027762252,4.6211386,7.1018977,4.769793,3
155582268785899,1030262252,4.6202416,7.109076,4.7742796,3
155582271285899,1032762252,4.596313,7.119844,4.7563334,3
155582273785899,1035262252,4.599005,7.1249285,4.7653065,3
155582276285899,1037762252,4.601099,7.1210403,4.764708,3
155582278785899,1040262252,4.6136613,7.108777,4.7401814,3
155582281285899,1042762252,4.616353,7.102795,4.7359943,3
155582283785899,1045262252,4.6235313,7.11775,4.7222357,3
155582286285899,1047762252,4.6319065,7.137192,4.698307,3
155582288785899,1050262252,4.628018,7.1395845,4.683053,3
155582291285899,1052762252,4.636393,7.1581287,4.6618166,3
155582293785899,1055262252,4.651647,7.169794,4.6408796,3
155582296285899,1057762252,4.6824546,7.177571,4.6507497,3
155582298785899,1060262252,4.6965127,7.203593,4.6561337,3
155582301285899,1062762252,4.7048874,7.2215385,4.63071,3
155582303785899,1065262252,4.706981,7.22782,4.657031,3
155582306285899,1067762252,4.71087,7.2412796,4.6435714,3
155582308785899,1070262252,4.723731,7.2565336,4.627719,3
155582311285899,1072762252,4.7117667,7.2562346,4.6295137,3
155582313785899,1075262252,4.6965127,7.2565336,4.622036,3
155582316285899,1077762252,4.692026,7.286743,4.6283174,3
155582318785899,1080262252,4.671986,7.2969127,4.6375895,3
155582321285899,1082762252,4.6639104,7.300203,4.64746,3
155582323785899,1085262252,4.66062,7.3268228,4.663013,3
155582326285899,1087762252,4.6576295,7.3292155,4.691727,3
155582328785899,1090262252,4.6672006,7.323832,4.7222357,3
155582331285899,1092762252,4.683352,7.3304124,4.723432,3
155582333785899,1095262252,4.6803613,7.3432736,4.7341995,3
155582336285899,1097762252,4.660321,7.3360953,4.740481,3
155582338785899,1100262252,4.648357,7.3175507,4.769793,3
155582341285899,1102762252,4.6340003,7.3049884,4.7491546,3
155582343785899,1105262252,4.6202416,7.2993054,4.753043,3
155582346285899,1107762252,4.6226344,7.277172,4.7766724,3
155582348785899,1110262252,4.631308,7.2532434,4.787739,3
155582351285899,1112762252,4.6265225,7.2346992,4.7865424,3
155582353785899,1115262252,4.632804,7.2158556,4.8006005,3
155582356285899,1117762252,4.641777,7.199405,4.8047876,3
155582358785899,1120262252,4.653442,7.1691957,4.802096,3
155582361285899,1122762252,4.666004,7.1455665,4.801498,3
155582363785899,1125262252,4.666602,7.1377897,4.808975,3
155582366285899,1127762252,4.677071,7.120143,4.7991047,3
155582368785899,1130262252,4.671687,7.108777,4.7799625,3
155582371285899,1132762252,4.6710887,7.1063843,4.7515473,3
155582373785899,1135262252,4.6669016,7.109076,4.738985,3
155582376285899,1137762252,4.6465626,7.105487,4.735396,3
155582378785899,1140262252,4.6498528,7.1015987,4.7341995,3
155582381285899,1142762252,4.6462636,7.0965137,4.7225347,3
155582383785899,1145262252,4.6316075,7.1045895,4.686044,3
155582386285899,1147762252,4.641777,7.108478,4.671388,3
155582388785899,1150262252,4.6151567,7.108777,4.668397,3
155582391285899,1152762252,4.631308,7.0989065,4.6498528,3
155582393785899,1155262252,4.636094,7.090831,4.625027,3
155582396285899,1157762252,4.6447678,7.0821567,4.6058846,3
155582398785899,1160262252,4.665705,7.065108,4.5966125,3
155582401285899,1162762252,4.689035,7.0695944,4.5834517,3
155582403785899,1165262252,4.7096734,7.045965,4.5619164,3
155582406285899,1167762252,4.738088,7.0450683,4.5427737,3
155582408785899,1170262252,4.759324,7.0357957,4.525127,3
155582411285899,1172762252,4.7838507,7.025626,4.49402,3
155582413785899,1175262252,4.8176494,7.018149,4.464708,3
155582416285899,1177762252,4.851448,6.998109,4.456632,3
155582418785899,1180262252,4.87747,7.0028944,4.479663,3
155582421285899,1182762252,4.910072,6.9936223,4.470989,3
155582423785899,1185262252,4.9229336,6.9711895,4.470391,3
155582426285899,1187762252,4.933103,6.9684978,4.4928236,3
155582428785899,1190262252,4.9322057,6.974779,4.5044885,3
155582431285899,1192762252,4.933402,6.9942207,4.5155554,3
155582433785899,1195262252,4.9229336,7.0005016,4.5158544,3
155582436285899,1197762252,4.918148,7.0169525,4.5323052,3
155582438785899,1200262252,4.8990054,7.0169525,4.5361934,3
155582441285899,1202762252,4.8786664,7.036394,4.552046,3
155582443785899,1205262252,4.845765,7.0555367,4.553242,3
155582446285899,1207762252,4.805087,7.0782685,4.5804605,3
155582448785899,1210262252,4.7808595,7.111469,4.6148577,3
155582451285899,1212762252,4.742275,7.1449685,4.64746,3
155582453785899,1215262252,4.720441,7.1730843,4.6558347,3
155582456285899,1217762252,4.685446,7.192825,4.660919,3
155582458785899,1220262252,4.6639104,7.218249,4.668696,3
155582461285899,1222762252,4.663013,7.240382,4.6752763,3
155582463785899,1225262252,4.662116,7.2622166,4.67737,3
155582466285899,1227762252,4.666004,7.2957163,4.6965127,3
155582468785899,1230262252,4.679165,7.3025956,4.685147,3
155582471285899,1232762252,4.688437,7.3082786,4.7084765,3
155582473785899,1235262252,4.6881375,7.318747,4.723432,3
155582476285899,1237762252,4.6962137,7.3217382,4.7231326,3
155582478785899,1240262252,4.685745,7.3112698,4.7141595,3
155582481285899,1242762252,4.6971107,7.3011003,4.718048,3
155582483785899,1245262252,4.6899323,7.301997,4.738387,3
155582486285899,1247762252,4.683352,7.298408,4.7485566,3
155582488785899,1250262252,4.6911287,7.2861447,4.761418,3
155582491285899,1252762252,4.7045884,7.2711897,4.764409,3
155582493785899,1255262252,4.7099724,7.259525,4.7769713,3
155582496285899,1257762252,4.7135615,7.227521,4.791029,3
155582498785899,1260262252,4.725526,7.2092757,4.8230333,3
155582501285899,1262762252,4.7174497,7.2041907,4.8364925,3
155582503785899,1265262252,4.724329,7.1766734,4.8361936,3
155582506285899,1267762252,4.733003,7.154839,4.831109,3
155582508785899,1270262252,4.733302,7.137192,4.820341,3
155582511285899,1272762252,4.726124,7.1192455,4.8029933,3
155582513785899,1275262252,4.705187,7.103094,4.813163,3
155582516285899,1277762252,4.7210393,7.07438,4.7832522,3
155582518785899,1280262252,4.709075,7.0543404,4.767101,3
155582521285899,1282762252,4.699803,7.0262246,4.7596235,3
155582523785899,1285262252,4.703392,7.0259256,4.74078,3
155582526285899,1287762252,4.7007003,7.0208406,4.721936,3
155582528785899,1290262252,4.69412,7.0115685,4.6932225,3
155582531285899,1292762252,4.699504,6.9966135,4.6881375,3
155582533785899,1295262252,4.7045884,6.980761,4.6585264,3
155582536285899,1297762252,4.7075796,6.9705915,4.631009,3
155582538785899,1300262252,4.712664,6.9580293,4.6169515,3
155582541285899,1302762252,4.7165527,6.9580293,4.596014,3
155582543785899,1305262252,4.721936,6.963413,4.6091747,3
155582546285899,1307762252,4.723432,6.9732833,4.6058846,3
155582548785899,1310262252,4.7165527,6.9768724,4.615755,3
155582551285899,1312762252,4.7195435,6.9783683,4.6064825,3
155582553785899,1315262252,4.7285166,6.9825554,4.6112685,3
155582556285899,1317762252,4.7141595,6.998408,4.601996,3
155582558785899,1320262252,4.709374,7.0028944,4.6002016,3
155582561285899,1322762252,4.699803,7.0286174,4.610969,3
155582563785899,1325262252,4.7018967,7.0411797,4.597809,3
155582566285899,1327762252,4.692325,7.0615187,4.62413,3
155582568785899,1330262252,4.689035,7.09442,4.651049,3
155582571285899,1332762252,4.6764727,7.1195445,4.66062,3
155582573785899,1335262252,4.6654058,7.1581287,4.670192,3
155582576285899,1337762252,4.6471605,7.175477,4.6749773,3
155582578785899,1340262252,4.6546383,7.2006016,4.6842494,3
155582581285899,1342762252,4.647759,7.19791,4.681258,3
155582583785899,1345262252,4.662116,7.225427,4.6899323,3
155582586285899,1347762252,4.6447678,7.2418776,4.688437,3
155582588785899,1350262252,4.648357,7.2565336,4.671388,3
155582591285899,1352762252,4.6519465,7.268498,4.6758747,3
155582593785899,1355262252,4.6654058,7.2753773,4.6842494,3
155582596285899,1357762252,4.6779685,7.259824,4.662714,3
155582598785899,1360262252,4.6839504,7.263114,4.65733,3
155582601285899,1362762252,4.6779685,7.259824,4.644469,3
155582603785899,1365262252,4.698307,7.266703,4.6468616,3
155582606285899,1367762252,4.712066,7.2556367,4.6342993,3
155582608785899,1370262252,4.7192445,7.2565336,4.642076,3
155582611285899,1372762252,4.7359943,7.2505517,4.6600223,3
155582613785899,1375262252,4.750052,7.2562346,4.6618166,3
155582616285899,1377762252,4.752146,7.2442703,4.6612186,3
155582618785899,1380262252,4.7772703,7.237391,4.6498528,3
155582621285899,1382762252,4.7895336,7.2269225,4.651049,3
155582623785899,1385262252,4.8032923,7.222436,4.6489553,3
155582626285899,1387762252,4.8155556,7.2149587,4.668696,3
155582628785899,1390262252,4.8239303,7.181459,4.6576295,3
155582631285899,1392762252,4.8302116,7.1623163,4.651647,3
155582633785899,1395262252,4.8583274,7.1506515,4.645964,3
155582636285899,1397762252,4.8681974,7.1306114,4.6435714,3
155582638785899,1400262252,4.877769,7.112665,4.6381874,3
155582641285899,1402762252,4.894519,7.0950184,4.627719,3
155582643785899,1405262252,4.892425,7.082755,4.6151567,3
155582646285899,1407762252,4.9025946,7.0609207,4.601996,3
155582648785899,1410262252,4.886443,7.0669026,4.604688,3
155582651285899,1412762252,4.878068,7.0549383,4.6028934,3
155582653785899,1415262252,4.8529434,7.0606213,4.5912285,3
155582656285899,1417762252,4.8385863,7.0612197,4.5933223,3
155582658785899,1420262252,4.814957,7.070193,4.618447,3
155582661285899,1422762252,4.786842,7.0678,4.6025944,3
155582663785899,1425262252,4.765007,7.0639114,4.6316075,3
155582666285899,1427762252,4.747958,7.0764737,4.6342993,3
155582668785899,1430262252,4.729414,7.0929246,4.6136613,3
155582671285899,1432762252,4.7198424,7.0899334,4.606782,3
155582673785899,1435262252,4.7171507,7.0749784,4.604987,3
155582676285899,1437762252,4.72074,7.0725856,4.621438,3
155582678785899,1440262252,4.7288156,7.0603223,4.6178484,3
155582681285899,1442762252,4.738387,7.0582285,4.65404,3
155582683785899,1445262252,4.747659,7.051349,4.6564326,3
155582686285899,1447762252,4.746463,7.036693,4.680959,3
155582688785899,1450262252,4.7659044,7.0343003,4.6992044,3
155582691285899,1452762252,4.7563334,7.042077,4.7018967,3
155582693785899,1455262252,4.7524447,7.045965,4.7024946,3
155582696285899,1457762252,4.753641,7.048059,4.703392,3
155582698785899,1460262252,4.74407,7.045666,4.671388,3
155582701285899,1462762252,4.746762,7.04776,4.6615176,3
155582703785899,1465262252,4.747958,7.0465636,4.668397,3
155582706285899,1467762252,4.7482576,7.0519476,4.6731825,3
155582708785899,1470262252,4.76082,7.0555367,4.6522455,3
155582711285899,1472762252,4.7623153,7.0528445,4.6325045,3
155582713785899,1475262252,4.7730827,7.044769,4.6235313,3
155582716285899,1477762252,4.792525,7.0450683,4.6292143,3
155582718785899,1480262252,4.811069,7.0402822,4.6351967,3
155582721285899,1482762252,4.818547,7.04776,4.633701,3
155582723785899,1485262252,4.8248277,7.027421,4.6316075,3
155582726285899,1487762252,4.861318,7.0337024,4.6283174,3
155582728785899,1490262252,4.8637114,7.01785,4.613362,3
155582731285899,1492762252,4.8855457,7.018448,4.619045,3
155582733785899,1495262252,4.8819566,7.0172515,4.604987,3
155582736285899,1497762252,4.8915277,7.018448,4.601996,3
155582738785899,1500262252,4.8936214,7.0280194,4.6040897,3
155582741285899,1502762252,4.904389,7.012466,4.6002016,3
155582743785899,1505262252,4.896014,7.030412,4.6112685,3
155582746285899,1507762252,4.8969116,7.045965,4.604389,3
155582748785899,1510262252,4.9007998,7.0337024,4.599304,3
155582751285899,1512762252,4.9007998,7.0399833,4.592425,3
155582753785899,1515262252,4.896014,7.0549383,4.5882373,3
155582756285899,1517762252,4.901398,7.059425,4.5948176,3
155582758785899,1520262252,4.886742,7.076773,4.583153,3
155582761285899,1522762252,4.894818,7.0779696,4.581657,3
155582763785899,1525262252,4.886443,7.1015987,4.5918264,3
155582766285899,1527762252,4.88734,7.1072817,4.6085763,3
155582768785899,1530262252,4.8903313,7.103094,4.619344,3
155582771285899,1532762252,4.8858447,7.1045895,4.625027,3
155582773785899,1535262252,4.8861437,7.1102724,4.636692,3
155582776285899,1537762252,4.859524,7.11117,4.6447678,3
155582778785899,1540262252,4.8451667,7.120442,4.642076,3
155582781285899,1542762252,4.826024,7.125527,4.6489553,3
155582783785899,1545262252,4.7988057,7.1431737,4.6522455,3
155582786285899,1547762252,4.7778687,7.1626153,4.668098,3
155582788785899,1550262252,4.7563334,7.172187,4.6755753,3
155582791285899,1552762252,4.7359943,7.1823564,4.692325,3
155582793785899,1555262252,4.7336016,7.2023964,4.6785665,3
155582796285899,1557762252,4.7162533,7.207182,4.6965127,3
155582798785899,1560262252,4.70728,7.20778,4.6959143,3
155582801285899,1562762252,4.700401,7.2119675,4.683352,3
155582803785899,1565262252,4.693821,7.219445,4.6839504,3
155582806285899,1567762252,4.692624,7.2209406,4.6728835,3
155582808785899,1570262252,4.6908298,7.216155,4.66062,3
155582811285899,1572762252,4.697709,7.2149587,4.6465626,3
155582813785899,1575262252,4.6953163,7.211369,4.6582274,3
155582816285899,1577762252,4.6935215,7.2149587,4.645964,3
155582818785899,1580262252,4.6845484,7.210472,4.640281,3
155582821285899,1582762252,4.683352,7.2122664,4.6519465,3
155582823785899,1585262252,4.6689954,7.2065835,4.64058,3
155582826285899,1587762252,4.65733,7.203593,4.6064825,3
155582828785899,1590262252,4.6561337,7.2023964,4.6357946,3
155582831285899,1592762252,4.639085,7.205088,4.63071,3
155582833785899,1595262252,4.636692,7.205088,4.6375895,3
155582836285899,1597762252,4.6447678,7.2092757,4.6498528,3
155582838785899,1600262252,4.6492543,7.2068825,4.6585264,3
155582841285899,1602762252,4.6501517,7.2029943,4.670192,3
155582843785899,1605262252,4.666004,7.185347,4.6968117,3
155582846285899,1607762252,4.684848,7.172486,4.7075796,3
155582848785899,1610262252,4.705187,7.1596246,4.686941,3
155582851285899,1612762252,4.729414,7.146464,4.679165,3
155582853785899,1615262252,4.7431726,7.120143,4.6755753,3
155582856285899,1617762252,4.7662034,7.103692,4.666602,3
155582858785899,1620262252,4.767998,7.100103,4.634897,3
155582861285899,1622762252,4.7742796,7.0758758,4.6208396,3
155582863785899,1625262252,4.770092,7.0788665,4.6088758,3
155582866285899,1627762252,4.7715874,7.0812597,4.622036,3
155582868785899,1630262252,4.7913284,7.088139,4.642674,3
155582871285899,1632762252,4.7892346,7.1066833,4.6498528,3
155582873785899,1635262252,4.787739,7.1267233,4.662415,3
155582876285899,1637762252,4.779364,7.1129646,4.673781,3
155582878785899,1640262252,4.788935,7.102795,4.673781,3
155582881285899,1642762252,4.791029,7.1024957,4.6612186,3
155582883785899,1645262252,4.7955155,7.0875406,4.6528435,3
155582886285899,1647762252,4.7916274,7.085447,4.636692,3
155582888785899,1650262252,4.800002,7.077371,4.6211386,3
155582891285899,1652762252,4.8047876,7.0836525,4.5744786,3
155582893785899,1655262252,4.792525,7.079764,4.5732822,3
155582896285899,1657762252,4.793123,7.0764737,4.5882373,3
155582898785899,1660262252,4.779663,7.076773,4.5894337,3
155582901285899,1662762252,4.764409,7.088737,4.5894337,3
155582903785899,1665262252,4.7638106,7.100402,4.5987062,3
155582906285899,1667762252,4.7428737,7.1252275,4.595416,3
155582908785899,1670262252,4.7401814,7.12762,4.6058846,3
155582911285899,1672762252,4.7228336,7.138687,4.6142592,3
155582913785899,1675262252,4.705486,7.1455665,4.6175494,3
155582916285899,1677762252,4.6956153,7.155437,4.6145587,3
155582918785899,1680262252,4.686642,7.166504,4.601996,3
155582921285899,1682762252,4.685446,7.158727,4.599603,3
155582923785899,1685262252,4.688437,7.152147,4.6079783,3
155582926285899,1687762252,4.699504,7.1563344,4.599005,3
155582928785899,1690262252,4.7252264,7.1476603,4.587041,3
155582931285899,1692762252,4.7341995,7.1285176,4.5933223,3
155582933785899,1695262252,4.7623153,7.1282187,4.5966125,3
155582936285899,1697762252,4.758427,7.1102724,4.607679,3
155582938785899,1700262252,4.8041897,7.105188,4.6115675,3
155582941285899,1702762252,4.7949176,7.0896344,4.6121655,3
155582943785899,1705262252,4.814359,7.0812597,4.6094737,3
155582946285899,1707762252,4.82064,7.0746794,4.623831,3
155582948785899,1710262252,4.812864,7.065108,4.6345983,3
155582951285899,1712762252,4.8158545,7.0669026,4.6414776,3
155582953785899,1715262252,4.8098726,7.053443,4.6615176,3
155582956285899,1717762252,4.805685,7.073782,4.686642,3
155582958785899,1720262252,4.809274,7.0669026,4.7048874,3
155582961285899,1722762252,4.8008995,7.0654073,4.741079,3
155582963785899,1725262252,4.7772703,7.0782685,4.7545385,3
155582966285899,1727762252,4.750351,7.09771,4.766503,3
155582968785899,1730262252,4.7365923,7.116554,4.747659,3
155582971285899,1732762252,4.6989055,7.1425757,4.7662034,3
155582973785899,1735262252,4.6821556,7.155437,4.792525,3
155582976285899,1737762252,4.665705,7.1679993,4.7946186,3
155582978785899,1740262252,4.64417,7.196414,4.80748,3
155582981285899,1742762252,4.631308,7.204789,4.8439703,3
155582983785899,1745262252,4.636393,7.2137623,4.857131,3
155582986285899,1747762252,4.6471605,7.22782,4.848457,3
155582988785899,1750262252,4.642674,7.2439713,4.8008995,3
155582991285899,1752762252,4.6468616,7.2529445,4.781458,3
155582993785899,1755262252,4.6519465,7.246364,4.7569313,3
155582996285899,1757762252,4.66062,7.25115,4.734798,3
155582998785899,1760262252,4.664509,7.2439713,4.6971107,3
155583001285899,1762762252,4.6836514,7.2442703,4.6815577,3
155583003785899,1765262252,4.700401,7.2619176,4.6674995,3
155583006285899,1767762252,4.7099724,7.2341013,4.645964,3
155583008785899,1770262252,4.7135615,7.2248287,4.622335,3
155583011285899,1772762252,4.7165527,7.2173514,4.6055856,3
155583013785899,1775262252,4.7198424,7.218548,4.5837507,3
155583016285899,1777762252,4.70728,7.192227,4.581358,3
155583018785899,1780262252,4.7021956,7.185048,4.5969114,3
155583021285899,1782762252,4.691727,7.1509504,4.619344,3
155583023785899,1785262252,4.7018967,7.120442,4.619942,3
155583026285899,1787762252,4.7081776,7.109375,4.5822554,3
155583028785899,1790262252,4.735695,7.084849,4.545466,3
155583031285899,1792762252,4.7578287,7.082755,4.5263233,3
155583033785899,1795262252,4.7859445,7.0669026,4.502993,3
155583036285899,1797762252,4.813163,7.0462646,4.4964128,3
155583038785899,1800262252,4.829314,7.0486574,4.5281177,3
155583041285899,1802762252,4.842176,7.045965,4.5481577,3
155583043785899,1805262252,4.8469615,7.0414786,4.57747,3
155583046285899,1807762252,4.845765,7.044769,4.5942197,3
155583048785899,1810262252,4.831707,7.0540414,4.6292143,3
155583051285899,1812762252,4.814658,7.053443,4.6495533,3
155583053785899,1815262252,4.790431,7.0558357,4.6642094,3
155583056285899,1817762252,4.7575297,7.0722866,4.671986,3
155583058785899,1820262252,4.729115,7.079465,4.6959143,3
155583061285899,1822762252,4.6953163,7.090831,4.699504,3
155583063785899,1825262252,4.6806602,7.0965137,4.7141595,3
155583066285899,1827762252,4.6561337,7.0986075,4.7213383,3
155583068785899,1830262252,4.6501517,7.099505,4.7279186,3
155583071285899,1832762252,4.6211386,7.11117,4.7141595,3
155583073785899,1835262252,4.6028934,7.125826,4.705785,3
155583076285899,1837762252,4.5852466,7.1398835,4.7162533,3
155583078785899,1840262252,4.557131,7.152446,4.7371907,3
155583081285899,1842762252,4.5469613,7.1742806,4.7491546,3
155583083785899,1845262252,4.525127,7.1919274,4.776373,3
155583086285899,1847762252,4.508377,7.1862445,4.7778687,3
155583088785899,1850262252,4.508377,7.2041907,4.8003016,3
155583091285899,1852762252,4.5116673,7.1883383,4.822734,3
155583093785899,1855262252,4.5242295,7.1694946,4.831707,3
155583096285899,1857762252,4.5445685,7.1677003,4.817051,3
155583098785899,1860262252,4.555635,7.146165,4.788337,3
155583101285899,1862762252,4.56401,7.134799,4.758427,3
155583103785899,1865262252,4.5711884,7.129714,4.7362933,3
155583106285899,1867762252,4.5885367,7.108478,4.715057,3
155583108785899,1870262252,4.625326,7.0959153,4.6932225,3
155583111285899,1872762252,4.6501517,7.103094,4.6881375,3
155583113785899,1875262252,4.680959,7.0983086,4.670192,3
155583116285899,1877762252,4.7165527,7.0989065,4.657031,3
155583118785899,1880262252,4.7569313,7.1063843,4.6468616,3
155583121285899,1882762252,4.775775,7.097112,4.6411786,3
155583123785899,1885262252,4.79402,7.105487,4.633103,3
155583126285899,1887762252,4.811069,7.108777,4.6301117,3
155583128785899,1890262252,4.8305106,7.111469,4.6154556,3
155583131285899,1892762252,4.8248277,7.1042905,4.584947,3
155583133785899,1895262252,4.831109,7.1015987,4.581059,3
155583136285899,1897762252,4.828118,7.108478,4.5622153,3
155583138785899,1900262252,4.821837,7.1129646,4.5714874,3
155583141285899,1902762252,4.791029,7.1279197,4.575077,3
155583143785899,1905262252,4.7596235,7.1428747,4.57747,3
155583146285899,1907762252,4.752146,7.1446695,4.566104,3
155583148785899,1910262252,4.735695,7.1682982,4.5852466,3
155583151285899,1912762252,4.718646,7.186843,4.5891347,3
155583153785899,1915262252,4.7288156,7.196115,4.6031923,3
155583156285899,1917762252,4.7225347,7.19103,4.625027,3
155583158785899,1920262252,4.72732,7.1886373,4.64417,3
155583161285899,1922762252,4.72732,7.1877403,4.660919,3
155583163785899,1925262252,4.735097,7.173981,4.666303,3
155583166285899,1927762252,4.7638106,7.175477,4.666602,3
155583168785899,1930262252,4.7578287,7.177571,4.6935215,3
155583171285899,1932762252,4.7662034,7.1838517,4.6788654,3
155583173785899,1935262252,4.779065,7.1709905,4.6486564,3
155583176285899,1937762252,4.779364,7.172785,4.662116,3
155583178785899,1940262252,4.7808595,7.173682,4.671687,3
155583181285899,1942762252,4.7691946,7.1823564,4.6689954,3
155583183785899,1945262252,4.7569313,7.173981,4.681258,3
155583186285899,1947762252,4.7398825,7.179365,4.700401,3
155583188785899,1950262252,4.7344985,7.183254,4.718646,3
155583191285899,1952762252,4.717749,7.200003,4.7279186,3
155583193785899,1955262252,4.6902313,7.1934233,4.7341995,3
155583196285899,1957762252,4.680959,7.205387,4.718048,3
155583198785899,1960262252,4.6752763,7.2006016,4.694718,3
155583201285899,1962762252,4.6669016,7.187441,4.699504,3
155583203785899,1965262252,4.662415,7.1886373,4.718347,3
155583206285899,1967762252,4.6639104,7.1976104,4.7102714,3
155583208785899,1970262252,4.6522455,7.1862445,4.7084765,3
155583211285899,1972762252,4.65733,7.1742806,4.6761737,3
155583213785899,1975262252,4.668696,7.1563344,4.683053,3
155583216285899,1977762252,4.6764727,7.1509504,4.674379,3
155583218785899,1980262252,4.69412,7.1228347,4.664808,3
155583221285899,1982762252,4.70399,7.1171517,4.6432724,3
155583223785899,1985262252,4.717749,7.103393,4.6462636,3
155583226285899,1987762252,4.727021,7.0932236,4.6351967,3
155583228785899,1990262252,4.7419763,7.0672016,4.633103,3
155583231285899,1992762252,4.7602215,7.056733,4.64058,3
155583233785899,1995262252,4.7712884,7.066005,4.642076,3
155583236285899,1997762252,4.79073,7.0606213,4.638786,3
155583238785899,2000262252,4.8006005,7.055238,4.651348,3
155583241285899,2002762252,4.7976093,7.039086,4.6528435,3
155583243785899,2005262252,4.807779,7.0280194,4.6704907,3
155583246285899,2007762252,4.8098726,7.043872,4.6806602,3
155583248785899,2010262252,4.8233323,7.0576305,4.659125,3
155583251285899,2012762252,4.8299127,7.0654073,4.6471605,3
155583253785899,2015262252,4.8323054,7.0672016,4.6408796,3
155583256285899,2017762252,4.837091,7.0764737,4.632804,3
155583258785899,2020262252,4.834399,7.086643,4.6148577,3
155583261285899,2022762252,4.833801,7.082456,4.624728,3
155583263785899,2025262252,4.8188457,7.0899334,4.607679,3
155583266285899,2027762252,4.809274,7.1010003,4.6202416,3
155583268785899,2030262252,4.7946186,7.1159554,4.6268215,3
155583271285899,2032762252,4.7805605,7.12762,4.6295137,3
155583273785899,2035262252,4.7694936,7.12762,4.6372905,3
155583276285899,2037762252,4.7545385,7.1377897,4.642375,3
155583278785899,2040262252,4.752146,7.1419773,4.666303,3
155583281285899,2042762252,4.738387,7.1539416,4.66062,3
155583283785899,2045262252,4.729414,7.1539416,4.653143,3
155583286285899,2047762252,4.733302,7.158428,4.6519465,3
155583288785899,2050262252,4.7282176,7.166504,4.6725845,3
155583291285899,2052762252,4.712365,7.1626153,4.694419,3
155583293785899,2055262252,4.7114677,7.1742806,4.686343,3
155583296285899,2057762252,4.7210393,7.159325,4.682754,3
155583298785899,2060262252,4.717749,7.170392,4.6779685,3
155583301285899,2062762252,4.7198424,7.1829543,4.671388,3
155583303785899,2065262252,4.7231326,7.185347,4.6707897,3
155583306285899,2067762252,4.7189455,7.2032933,4.6896334,3
155583308785899,2070262252,4.69412,7.219146,4.684848,3
155583311285899,2072762252,4.7021956,7.234998,4.69741,3
155583313785899,2075262252,4.69412,7.2329044,4.6908298,3
155583316285899,2077762252,4.694718,7.2493553,4.683053,3
155583318785899,2080262252,4.694419,7.2658057,4.6881375,3
155583321285899,2082762252,4.692026,7.271788,4.6881375,3
155583323785899,2085262252,4.691727,7.2711897,4.6992044,3
155583326285899,2087762252,4.6968117,7.286743,4.7159543,3
155583328785899,2090262252,4.6929235,7.294221,4.712066,3
155583331285899,2092762252,4.6956153,7.2900333,4.717749,3
155583333785899,2095262252,4.6950173,7.2915287,4.7306104,3
155583336285899,2097762252,4.698307,7.2909307,4.7309093,3
155583338785899,2100262252,4.691727,7.2957163,4.715057,3
155583341285899,2102762252,4.6818566,7.2909307,4.7198424,3
155583343785899,2105262252,4.6875396,7.299904,4.700102,3
155583346285899,2107762252,4.6639104,7.305587,4.706383,3
155583348785899,2110262252,4.660919,7.299904,4.6746783,3
155583351285899,2112762252,4.6555357,7.283752,4.6710887,3
155583353785899,2115262252,4.647759,7.2678995,4.6654058,3
155583356285899,2117762252,4.636692,7.264909,4.6612186,3
155583358785899,2120262252,4.612764,7.2436724,4.6435714,3
155583361285899,2122762252,4.6094737,7.248159,4.6178484,3
155583363785899,2125262252,4.6142592,7.2299137,4.6121655,3
155583366285899,2127762252,4.6136613,7.200003,4.607081,3
155583368785899,2130262252,4.632804,7.178767,4.601099,3
155583371285899,2132762252,4.645665,7.1691957,4.6025944,3
155583373785899,2135262252,4.6576295,7.155437,4.5999026,3
155583376285899,2137762252,4.666602,7.1249285,4.6115675,3
155583378785899,2140262252,4.677669,7.114759,4.612764,3
155583381285899,2142762252,4.6932225,7.0932236,4.6145587,3
155583383785899,2145262252,4.706981,7.085447,4.6169515,3
155583386285899,2147762252,4.7198424,7.092326,4.6005006,3
155583388785899,2150262252,4.732405,7.0959153,4.595715,3
155583391285899,2152762252,4.744668,7.0761747,4.590331,3
155583393785899,2155262252,4.7515473,7.085148,4.5741796,3
155583396285899,2157762252,4.7626143,7.094121,4.5834517,3
155583398785899,2160262252,4.7542396,7.103094,4.5861435,3
155583401285899,2162762252,4.7512484,7.108777,4.5930233,3
155583403785899,2165262252,4.7506504,7.117451,4.6055856,3
155583406285899,2167762252,4.747958,7.1099734,4.5882373,3
155583408785899,2170262252,4.735396,7.132406,4.6091747,3
155583411285899,2172762252,4.726124,7.1398835,4.6118665,3
155583413785899,2175262252,4.718048,7.1339016,4.62413,3
155583416285899,2177762252,4.7225347,7.137192,4.633402,3
155583418785899,2180262252,4.720441,7.145866,4.6025944,3
155583421285899,2182762252,4.7252264,7.1482587,4.6208396,3
155583423785899,2185262252,4.7306104,7.133004,4.630411,3
155583426285899,2187762252,4.7339005,7.123433,4.6148577,3
155583428785899,2190262252,4.744668,7.1072817,4.619942,3
155583431285899,2192762252,4.7602215,7.0956163,4.6139603,3
155583433785899,2195262252,4.761717,7.0857463,4.6211386,3
155583436285899,2197762252,4.769793,7.0782685,4.6055856,3
155583438785899,2200262252,4.77398,7.0582285,4.5891347,3
155583441285899,2202762252,4.776074,7.07438,4.616054,3
155583443785899,2205262252,4.7623153,7.0606213,4.610072,3
155583446285899,2207762252,4.764409,7.0558357,4.5987062,3
155583448785899,2210262252,4.7575297,7.062416,4.5933223,3
155583451285899,2212762252,4.7377887,7.0857463,4.596313,3
155583453785899,2215262252,4.732704,7.0950184,4.5834517,3
155583456285899,2217762252,4.726423,7.1010003,4.584947,3
155583458785899,2220262252,4.7225347,7.0965137,4.6022954,3
155583461285899,2222762252,4.7374897,7.117451,4.60738,3
155583463785899,2225262252,4.7548375,7.111469,4.612465,3
155583466285899,2227762252,4.764708,7.118049,4.605286,3
155583468785899,2230262252,4.766802,7.1102724,4.587041,3
155583471285899,2232762252,4.7835517,7.1138616,4.5909295,3
155583473785899,2235262252,4.8098726,7.1222367,4.5681977,3
155583476285899,2237762252,4.818547,7.103692,4.5535417,3
155583478785899,2240262252,4.8385863,7.1042905,4.526024,3
155583481285899,2242762252,4.853841,7.100103,4.5215373,3
155583483785899,2245262252,4.872684,7.090831,4.5284166,3
155583486285899,2247762252,4.8825545,7.0929246,4.537689,3
155583488785899,2250262252,4.8861437,7.0893354,4.5418763,3
155583491285899,2252762252,4.8966126,7.0803623,4.5335016,3
155583493785899,2255262252,4.8996034,7.0836525,4.5451665,3
155583496285899,2257762252,4.8909297,7.0788665,4.555037,3
155583498785899,2260262252,4.879863,7.0788665,4.5523453,3
155583501285899,2262762252,4.8768716,7.0818577,4.5631127,3
155583503785899,2265262252,4.8601217,7.082456,4.58734,3
155583506285899,2267762252,4.8502517,7.0869427,4.590032,3
155583508785899,2270262252,4.8358946,7.0893354,4.601099,3
155583511285899,2272762252,4.8209395,7.0956163,4.6139603,3
155583513785899,2275262252,4.8086762,7.100103,4.622036,3
155583516285899,2277762252,4.7919264,7.096215,4.624728,3
155583518785899,2280262252,4.7859445,7.108478,4.616353,3
155583521285899,2282762252,4.770092,7.1129646,4.627719,3
155583523785899,2285262252,4.746164,7.1159554,4.623831,3
155583526285899,2287762252,4.7153563,7.1228347,4.625625,3
155583528785899,2290262252,4.712066,7.1270223,4.6175494,3
155583531285899,2292762252,4.7021956,7.1309104,4.61067,3
155583533785899,2295262252,4.705785,7.1509504,4.610072,3
155583536285899,2297762252,4.7007003,7.160522,4.601099,3
155583538785899,2300262252,4.6956153,7.146464,4.5969114,3
155583541285899,2302762252,4.7099724,7.138089,4.5951166,3
155583543785899,2305262252,4.709374,7.131509,4.589733,3
155583546285899,2307762252,4.7321057,7.126424,4.5861435,3
155583548785899,2310262252,4.7482576,7.116554,4.5894337,3
155583551285899,2312762252,4.7563334,7.1228347,4.583153,3
155583553785899,2315262252,4.7458644,7.1228347,4.5690947,3
155583556285899,2317762252,4.7455654,7.1282187,4.5741796,3
155583558785899,2320262252,4.7470613,7.133303,4.598108,3
155583561285899,2322762252,4.755137,7.128817,4.5876393,3
155583563785899,2325262252,4.7691946,7.126125,4.5888357,3
155583566285899,2327762252,4.7778687,7.118049,4.575974,3
155583568785899,2330262252,4.7916274,7.1303124,4.560421,3
155583571285899,2332762252,4.7892346,7.1252275,4.5472603,3
155583573785899,2335262252,4.813163,7.1279197,4.557729,3
155583576285899,2337762252,4.828417,7.1273212,4.5684967,3
155583578785899,2340262252,4.8397827,7.129714,4.572086,3
155583581285899,2342762252,4.8397827,7.1339016,4.578367,3
155583583785899,2345262252,4.8418765,7.1359954,4.5891347,3
155583586285899,2347762252,4.866104,7.144071,4.5945187,3
155583588785899,2350262252,4.8586264,7.1485577,4.607081,3
155583591285899,2352762252,4.8681974,7.1398835,4.613362,3
155583593785899,2355262252,4.8708897,7.1285176,4.625625,3
155583596285899,2357762252,4.8598228,7.138089,4.6229334,3
155583598785899,2360262252,4.8559346,7.135397,4.6259246,3
155583601285899,2362762252,4.8511486,7.1303124,4.6265225,3
155583603785899,2365262252,4.8379884,7.143772,4.6447678,3
155583606285899,2367762252,4.8251266,7.132406,4.6432724,3
155583608785899,2370262252,4.814359,7.1339016,4.6495533,3
155583611285899,2372762252,4.8003016,7.138388,4.6354957,3
155583613785899,2375262252,4.79402,7.1377897,4.6555357,3
155583616285899,2377762252,4.775775,7.1485577,4.6779685,3
155583618785899,2380262252,4.753043,7.151549,4.6692944,3
155583621285899,2382762252,4.7515473,7.1569324,4.7018967,3
155583623785899,2385262252,4.74407,7.161419,4.6779685,3
155583626285899,2387762252,4.731508,7.1581287,4.685147,3
155583628785899,2390262252,4.724329,7.166504,4.705785,3
155583631285899,2392762252,4.718048,7.1688967,4.7084765,3
155583633785899,2395262252,4.6908298,7.178767,4.703093,3
155583636285899,2397762252,4.6821556,7.1706915,4.6902313,3
155583638785899,2400262252,4.6546383,7.1730843,4.6842494,3
155583641285899,2402762252,4.631009,7.173682,4.666303,3
155583643785899,2405262252,4.622036,7.179066,4.6618166,3
155583646285899,2407762252,4.623831,7.187142,4.6695933,3
155583648785899,2410262252,4.6121655,7.1838517,4.6698923,3
155583651285899,2412762252,4.6226344,7.1916285,4.6896334,3
155583653785899,2415262252,4.616353,7.1913295,4.672285,3
155583656285899,2417762252,4.619643,7.186843,4.6815577,3
155583658785899,2420262252,4.618148,7.1889367,4.6821556,3
155583661285899,2422762252,4.6208396,7.193124,4.6642094,3
155583663785899,2425262252,4.6226344,7.192227,4.660919,3
155583666285899,2427762252,4.631308,7.1898336,4.668397,3
155583668785899,2430262252,4.63071,7.187441,4.663013,3
155583671285899,2432762252,4.639384,7.1883383,4.6372905,3
155583673785899,2435262252,4.645964,7.181758,4.64417,3
155583676285899,2437762252,4.6758747,7.1802626,4.6354957,3
155583678785899,2440262252,4.698008,7.1769724,4.6172504,3
155583681285899,2442762252,4.7078786,7.1677003,4.619344,3
155583683785899,2445262252,4.7371907,7.179664,4.5909295,3
155583686285899,2447762252,4.738686,7.1563344,4.601996,3
155583688785899,2450262252,4.7455654,7.161419,4.581358,3
155583691285899,2452762252,4.7566323,7.1763744,4.5708895,3
155583693785899,2455262252,4.7662034,7.179066,4.5804605,3
155583696285899,2457762252,4.7778687,7.1784678,4.5768714,3
155583698785899,2460262252,4.78744,7.165008,4.5732822,3
155583701285899,2462762252,4.805685,7.159026,4.583153,3
155583703785899,2465262252,4.8194437,7.1706915,4.596014,3
155583706285899,2467762252,4.8212385,7.1712894,4.6088758,3
155583708785899,2470262252,4.8194437,7.1656065,4.592126,3
155583711285899,2472762252,4.8287163,7.166504,4.575675,3
155583713785899,2475262252,4.828417,7.1629148,4.582854,3
155583716285899,2477762252,4.808078,7.1563344,4.5945187,3
155583718785899,2480262252,4.8182473,7.1632137,4.58734,3
155583721285899,2482762252,4.805087,7.159026,4.5852466,3
155583723785899,2485262252,4.796114,7.1578298,4.5852466,3
155583726285899,2487762252,4.796114,7.166205,4.5795636,3
155583728785899,2490262252,4.7895336,7.16112,4.584349,3
155583731285899,2492762252,4.7862434,7.1413794,4.583153,3
155583733785899,2495262252,4.775775,7.1539416,4.610371,3
155583736285899,2497762252,4.7635117,7.151848,4.592724,3
155583738785899,2500262252,4.7491546,7.150053,4.618148,3
155583741285899,2502762252,4.746463,7.154839,4.624728,3
155583743785899,2505262252,4.7246284,7.1473613,4.6345983,3
155583746285899,2507762252,4.721936,7.140781,4.642076,3
155583748785899,2510262252,4.7306104,7.137192,4.665705,3
155583751285899,2512762252,4.720142,7.137192,4.6669016,3
155583753785899,2515262252,4.723731,7.1195445,4.671687,3
155583756285899,2517762252,4.7138605,7.1189466,4.6815577,3
155583758785899,2520262252,4.712365,7.1189466,4.682754,3
155583761285899,2522762252,4.7075796,7.1195445,4.6896334,3
155583763785899,2525262252,4.7048874,7.120442,4.688437,3
155583766285899,2527762252,4.706682,7.1129646,4.70728,3
155583768785899,2530262252,4.705187,7.112665,4.705187,3
155583771285899,2532762252,4.72074,7.1306114,4.692624,3
155583773785899,2535262252,4.7371907,7.140781,4.69412,3
155583776285899,2537762252,4.743771,7.166504,4.677669,3
155583778785899,2540262252,4.7213383,7.147959,4.6543393,3
155583781285899,2542762252,4.6815577,7.125527,4.6522455,3
155583783785899,2545262252,4.6707897,7.1434727,4.653741,3
155583786285899,2547762252,4.682754,7.153044,4.6546383,3
155583788785899,2550262252,4.692624,7.160821,4.6316075,3
155583791285899,2552762252,4.706981,7.1730843,4.6342993,3
155583793785899,2555262252,4.686044,7.1677003,4.6354957,3
155583796285899,2557762252,4.6914277,7.157232,4.6226344,3
155583798785899,2560262252,4.6746783,7.152147,4.6139603,3
155583801285899,2562762252,4.6543393,7.166803,4.6226344,3
155583803785899,2565262252,4.6501517,7.167102,4.6438704,3
155583806285899,2567762252,4.6316075,7.187441,4.632804,3
155583808785899,2570262252,4.6265225,7.1937222,4.636094,3
155583811285899,2572762252,4.6208396,7.1880393,4.659723,3
155583813785899,2575262252,4.634897,7.19432,4.6546383,3
155583816285899,2577762252,4.631308,7.187441,4.6779685,3
155583818785899,2580262252,4.6381874,7.190731,4.659424,3
155583821285899,2582762252,4.6429734,7.201499,4.664509,3
155583823785899,2585262252,4.6498528,7.1970124,4.6615176,3
155583826285899,2587762252,4.6519465,7.183254,4.651049,3
155583828785899,2590262252,4.664808,7.186544,4.6669016,3
155583831285899,2592762252,4.6710887,7.1898336,4.647759,3
155583833785899,2595262252,4.6710887,7.192526,4.6555357,3
155583836285899,2597762252,4.677071,7.2023964,4.6549373,3
155583838785899,2600262252,4.686642,7.2092757,4.6289153,3
155583841285899,2602762252,4.679165,7.213463,4.613063,3
155583843785899,2605262252,4.691727,7.2329044,4.625625,3
155583846285899,2607762252,4.699803,7.218847,4.618746,3
155583848785899,2610262252,4.712963,7.2092757,4.6148577,3
155583851285899,2612762252,4.7377887,7.198209,4.5933223,3
155583853785899,2615262252,4.7428737,7.2059855,4.6061835,3
155583856285899,2617762252,4.7455654,7.2041907,4.6142592,3
155583858785899,2620262252,4.7620163,7.2026954,4.6055856,3
155583861285899,2622762252,4.7581277,7.1823564,4.6235313,3
155583863785899,2625262252,4.7524447,7.1919274,4.6286163,3
155583866285899,2627762252,4.753043,7.186843,4.636393,3
155583868785899,2630262252,4.7575297,7.1883383,4.6489553,3
155583871285899,2632762252,4.758427,7.1946197,4.6522455,3
155583873785899,2635262252,4.7515473,7.1895347,4.6698923,3
155583876285899,2637762252,4.746164,7.1973114,4.6522455,3
155583878785899,2640262252,4.740481,7.1805615,4.6707897,3
155583881285899,2642762252,4.738387,7.18445,4.664509,3
155583883785899,2645262252,4.7398825,7.179066,4.683352,3
155583886285899,2647762252,4.738088,7.1715884,4.685446,3
155583888785899,2650262252,4.7365923,7.1715884,4.673781,3
155583891285899,2652762252,4.735695,7.1599236,4.671388,3
155583893785899,2655262252,4.7398825,7.1452675,4.6692944,3
155583896285899,2657762252,4.738387,7.138089,4.6522455,3
155583898785899,2660262252,4.7458644,7.11446,4.651647,3
155583901285899,2662762252,4.749454,7.111469,4.6462636,3
155583903785899,2665262252,4.756034,7.1105714,4.640281,3
155583906285899,2667762252,4.7596235,7.116554,4.653143,3
155583908785899,2670262252,4.747659,7.1162543,4.639384,3
155583911285899,2672762252,4.7288156,7.110871,4.642375,3
155583913785899,2675262252,4.7267222,7.1018977,4.662116,3
155583916285899,2677762252,4.718048,7.103094,4.642076,3
155583918785899,2680262252,4.727619,7.106982,4.616054,3
155583921285899,2682762252,4.738686,7.128817,4.6037908,3
155583923785899,2685262252,4.735097,7.134799,4.5912285,3
155583926285899,2687762252,4.7267222,7.1389866,4.581059,3
155583928785899,2690262252,4.7078786,7.1419773,4.605286,3
155583931285899,2692762252,4.72074,7.1455665,4.58076,3
155583933785899,2695262252,4.7216372,7.1578298,4.5765724,3
155583936285899,2697762252,4.7285166,7.152446,4.586443,3
155583938785899,2700262252,4.7374897,7.152147,4.590032,3
155583941285899,2702762252,4.744369,7.151848,4.597809,3
155583943785899,2705262252,4.750052,7.1560354,4.58076,3
155583946285899,2707762252,4.77069,7.151549,4.592724,3
155583948785899,2710262252,4.784748,7.152147,4.5888357,3
155583951285899,2712762252,4.796413,7.1527452,4.599603,3
155583953785899,2715262252,4.8032923,7.136893,4.575974,3
155583956285899,2717762252,4.799703,7.1419773,4.5684967,3
155583958785899,2720262252,4.802096,7.14437,4.5619164,3
155583961285899,2722762252,4.8266225,7.138687,4.5658045,3
155583963785899,2725262252,4.8266225,7.16112,4.5616174,3
155583966285899,2727762252,4.8176494,7.1539416,4.572385,3
155583968785899,2730262252,4.7988057,7.1342006,4.5762734,3
155583971285899,2732762252,4.793721,7.125826,4.561019,3
155583973785899,2735262252,4.7952166,7.1252275,4.566702,3
155583976285899,2737762252,4.793123,7.132107,4.566104,3
155583978785899,2740262252,4.7952166,7.1491556,4.578367,3
155583981285899,2742762252,4.8003016,7.146763,4.596014,3
155583983785899,2745262252,4.810471,7.140781,4.592126,3
155583986285899,2747762252,4.8155556,7.1395845,4.584349,3
155583988785899,2750262252,4.8116674,7.1285176,4.592425,3
155583991285899,2752762252,4.8119664,7.1425757,4.5861435,3
155583993785899,2755262252,4.8101716,7.1252275,4.6055856,3
155583996285899,2757762252,4.817051,7.129714,4.592425,3
155583998785899,2760262252,4.8269215,7.135397,4.6064825,3
155584001285899,2762762252,4.8496532,7.134799,4.6112685,3
155584003785899,2765262252,4.8472605,7.138687,4.61067,3
155584006285899,2767762252,4.8493543,7.129415,4.6295137,3
155584008785899,2770262252,4.8361936,7.146464,4.604688,3
155584011285899,2772762252,4.8242297,7.1216383,4.5999026,3
155584013785899,2775262252,4.805685,7.119844,4.636991,3
155584016285899,2777762252,4.7922254,7.1362944,4.6468616,3
155584018785899,2780262252,4.788337,7.14437,4.6357946,3
155584021285899,2782762252,4.779364,7.14437,4.640281,3
155584023785899,2785262252,4.747958,7.13121,4.6295137,3
155584026285899,2787762252,4.7279186,7.1389866,4.638487,3
155584028785899,2790262252,4.714758,7.1362944,4.6462636,3
155584031285899,2792762252,4.692624,7.146464,4.6498528,3
155584033785899,2795262252,4.6731825,7.157531,4.651647,3
155584036285899,2797762252,4.6728835,7.164111,4.6525445,3
155584038785899,2800262252,4.673781,7.1638117,4.651049,3
155584041285899,2802762252,4.6615176,7.1419773,4.6615176,3
155584043785899,2805262252,4.628018,7.1300135,4.653741,3
155584046285899,2807762252,4.6552362,7.132107,4.6411786,3
155584048785899,2810262252,4.6585264,7.132705,4.6435714,3
155584051285899,2812762252,4.671986,7.128817,4.6408796,3
155584053785899,2815262252,4.679464,7.135397,4.62742,3
155584056285899,2817762252,4.691727,7.1282187,4.610072,3
155584058785899,2820262252,4.7141595,7.1416783,4.6235313,3
155584061285899,2822762252,4.7195435,7.1452675,4.62413,3
155584063785899,2825262252,4.738985,7.1638117,4.619643,3
155584066285899,2827762252,4.735396,7.1674013,4.618447,3
155584068785899,2830262252,4.7374897,7.164709,4.6112685,3
155584071285899,2832762252,4.7344985,7.153044,4.6091747,3
155584073785899,2835262252,4.735695,7.170392,4.601996,3
155584076285899,2837762252,4.7434716,7.178767,4.6002016,3
155584078785899,2840262252,4.7374897,7.1877403,4.5804605,3
155584081285899,2842762252,4.752146,7.200003,4.5523453,3
155584083785899,2845262252,4.7659044,7.2065835,4.551747,3
155584086285899,2847762252,4.7751765,7.2083783,4.558327,3
155584088785899,2850262252,4.7829533,7.21107,4.5565324,3
155584091285899,2852762252,4.7730827,7.2062845,4.540082,3
155584093785899,2855262252,4.790132,7.205088,4.545765,3
155584096285899,2857762252,4.7946186,7.205088,4.525725,3
155584098785899,2860262252,4.8101716,7.2029943,4.4811587,3
155584101285899,2862762252,4.8212385,7.198209,4.476971,3
155584103785899,2865262252,4.8361936,7.192526,4.4781675,3
155584106285899,2867762252,4.8266225,7.1826553,4.491926,3
155584108785899,2870262252,4.827819,7.19103,4.5006003,3
155584111285899,2872762252,4.8182473,7.179066,4.5158544,3
155584113785899,2875262252,4.8086762,7.1679993,4.543372,3
155584116285899,2877762252,4.8044887,7.1602225,4.552046,3
155584118785899,2880262252,4.8026943,7.1539416,4.5658045,3
155584121285899,2882762252,4.8248277,7.1560354,4.59063,3
155584123785899,2885262252,4.8095737,7.153044,4.5801616,3
155584126285899,2887762252,4.805386,7.14108,4.606782,3
155584128785899,2890262252,4.7988057,7.1398835,4.6085763,3
155584131285899,2892762252,4.784748,7.152446,4.6088758,3
155584133785899,2895262252,4.751847,7.152446,4.598407,3
155584136285899,2897762252,4.7288156,7.1578298,4.606782,3
155584138785899,2900262252,4.7045884,7.1635127,4.5948176,3
155584141285899,2902762252,4.685446,7.1862445,4.6169515,3
155584143785899,2905262252,4.6803613,7.2092757,4.6232324,3
155584146285899,2907762252,4.6633124,7.216155,4.627121,3
155584148785899,2910262252,4.6522455,7.2233334,4.62742,3
155584151285899,2912762252,4.6495533,7.231708,4.6244287,3
155584153785899,2915262252,4.6340003,7.248159,4.627719,3
155584156285899,2917762252,4.6486564,7.234998,4.6375895,3
155584158785899,2920262252,4.6414776,7.231708,4.6342993,3
155584161285899,2922762252,4.658826,7.2215385,4.633402,3
155584163785899,2925262252,4.670192,7.198209,4.636393,3
155584166285899,2927762252,4.685147,7.187441,4.6286163,3
155584168785899,2930262252,4.706383,7.1709905,4.627719,3
155584171285899,2932762252,4.7213383,7.1632137,4.6139603,3
155584173785899,2935262252,4.72074,7.1482587,4.597809,3
155584176285899,2937762252,4.746463,7.114161,4.5975094,3
155584178785899,2940262252,4.753641,7.106085,4.5876393,3
155584181285899,2942762252,4.7419763,7.1075807,4.5891347,3
155584183785899,2945262252,4.730012,7.1213393,4.5678983,3
155584186285899,2947762252,4.7153563,7.1096745,4.590032,3
155584188785899,2950262252,4.7024946,7.1303124,4.584648,3
155584191285899,2952762252,4.7021956,7.1356964,4.5795636,3
155584193785899,2955262252,4.6950173,7.1413794,4.595416,3
155584196285899,2957762252,4.697709,7.14437,4.621737,3
155584198785899,2960262252,4.7081776,7.1374907,4.6522455,3
155584201285899,2962762252,4.717749,7.120442,4.72074,3
155584203785899,2965262252,4.726124,7.1129646,4.709374,3
155584206285899,2967762252,4.7228336,7.102795,4.6555357,3
155584208785899,2970262252,4.7189455,7.1039915,4.5882373,3
155584211285899,2972762252,4.7189455,7.123433,4.5505505,3
155584213785899,2975262252,4.7279186,7.1365933,4.528716,3
155584216285899,2977762252,4.735097,7.1560354,4.5332026,3
155584218785899,2980262252,4.7512484,7.2009006,4.52393,3
155584221285899,2982762252,4.7676992,7.170392,4.51406,3
155584223785899,2985262252,4.782056,7.1659055,4.5535417,3
155584226285899,2987762252,4.7985067,7.157531,4.5858445,3
155584228785899,2990262252,4.7955155,7.154839,4.6148577,3
155584231285899,2992762252,4.807181,7.143772,4.64417,3
155584233785899,2995262252,4.8059845,7.135397,4.664509,3
155584236285899,2997762252,4.7955155,7.146464,4.6881375,3
155584238785899,3000262252,4.793123,7.132705,4.683053,3
155584241285899,3002762252,4.7766724,7.1362944,4.671986,3
155584243785899,3005262252,4.7578287,7.1339016,4.6749773,3
155584246285899,3007762252,4.7431726,7.1246295,4.660919,3
155584248785899,3010262252,4.734798,7.1246295,4.6546383,3
155584251285899,3012762252,4.71087,7.149455,4.6345983,3
155584253785899,3015262252,4.7210393,7.166504,4.6414776,3
155584256285899,3017762252,4.7195435,7.177571,4.625326,3
155584258785899,3020262252,4.729414,7.192526,4.618148,3
155584261285899,3022762252,4.7336016,7.213164,4.6118665,3
155584263785899,3025262252,4.735695,7.210771,4.610969,3
155584266285899,3027762252,4.747958,7.2044897,4.6139603,3
155584268785899,3030262252,4.7715874,7.2230344,4.6211386,3
155584271285899,3032762252,4.791029,7.2212396,4.616353,3
155584273785899,3035262252,4.8041897,7.219445,4.6115675,3
155584276285899,3037762252,4.8026943,7.202097,4.599603,3
155584278785899,3040262252,4.7952166,7.1892357,4.589733,3
155584281285899,3042762252,4.811368,7.176075,4.566403,3
155584283785899,3045262252,4.8035913,7.1706915,4.5744786,3
155584286285899,3047762252,4.813462,7.18116,4.5595236,3
155584288785899,3050262252,4.799703,7.1949186,4.5188456,3
155584291285899,3052762252,4.7970114,7.1955166,4.5242295,3
155584293785899,3055262252,4.7862434,7.1772714,4.54068,3
155584296285899,3057762252,4.7653065,7.1712894,4.557729,3
155584298785899,3060262252,4.753342,7.172486,4.5837507,3
155584301285899,3062762252,4.733003,7.17787,4.590032,3
155584303785899,3065262252,4.7018967,7.1937222,4.6002016,3
155584306285899,3067762252,4.666602,7.1763744,4.610371,3
155584308785899,3070262252,4.636991,7.1946197,4.6325045,3
155584311285899,3072762252,4.6151567,7.19432,4.636692,3
155584313785899,3075262252,4.612465,7.1949186,4.634897,3
155584316285899,3077762252,4.6115675,7.196713,4.62413,3
155584318785899,3080262252,4.604389,7.1838517,4.642674,3
155584321285899,3082762252,4.6058846,7.192825,4.640281,3
155584323785899,3085262252,4.604389,7.1829543,4.6340003,3
155584326285899,3087762252,4.619942,7.187441,4.619643,3
155584328785899,3090262252,4.633402,7.1823564,4.604987,3
155584331285899,3092762252,4.6375895,7.190432,4.596014,3
155584333785899,3095262252,4.659125,7.17787,4.5876393,3
155584336285899,3097762252,4.667799,7.1952176,4.587041,3
155584338785899,3100262252,4.685147,7.1976104,4.581358,3
155584341285899,3102762252,4.703392,7.1946197,4.5732822,3
155584343785899,3105262252,4.7171507,7.185347,4.5655055,3
155584346285899,3107762252,4.7374897,7.1745796,4.5649076,3
155584348785899,3110262252,4.7449675,7.1685977,4.5726843,3
155584351285899,3112762252,4.7524447,7.1578298,4.583153,3
155584353785899,3115262252,4.7799625,7.151549,4.5822554,3
155584356285899,3117762252,4.7916274,7.1476603,4.56401,3
155584358785899,3120262252,4.795815,7.1339016,4.5613184,3
155584361285899,3122762252,4.784449,7.124031,4.5729833,3
155584363785899,3125262252,4.764409,7.128817,4.5595236,3
155584366285899,3127762252,4.776074,7.129714,4.551747,3
155584368785899,3130262252,4.755137,7.125527,4.557131,3
155584371285899,3132762252,4.7428737,7.129714,4.55743,3
155584373785899,3135262252,4.7336016,7.132406,4.5526443,3
155584376285899,3137762252,4.727021,7.1359954,4.5655055,3
155584378785899,3140262252,4.699803,7.1545396,4.5765724,3
155584381285899,3142762252,4.692624,7.149455,4.5891347,3
155584383785899,3145262252,4.699803,7.1691957,4.601099,3
155584386285899,3147762252,4.7027936,7.175477,4.592425,3
155584388785899,3150262252,4.714758,7.16112,4.5912285,3
155584391285899,3152762252,4.724329,7.158428,4.592724,3
155584393785899,3155262252,4.7455654,7.1545396,4.582854,3
155584396285899,3157762252,4.758726,7.1455665,4.5882373,3
155584398785899,3160262252,4.7859445,7.1345,4.5801616,3
155584401285899,3162762252,4.791029,7.12762,4.569394,3
155584403785899,3165262252,4.8155556,7.1434727,4.52393,3
155584406285899,3167762252,4.822734,7.1491556,4.49073,3
155584408785899,3170262252,4.8305106,7.1285176,4.513761,3
155584411285899,3172762252,4.833203,7.129116,4.5502515,3
155584413785899,3175262252,4.8451667,7.132406,4.5768714,3
155584416285899,3177762252,4.829314,7.154839,4.57747,3
155584418785899,3180262252,4.8290153,7.1617184,4.5948176,3
155584421285899,3182762252,4.8137608,7.1503525,4.605286,3
155584423785899,3185262252,4.81077,7.1446695,4.622335,3
155584426285899,3187762252,4.8029933,7.1398835,4.6354957,3
155584428785899,3190262252,4.8065825,7.149455,4.640281,3
155584431285899,3192762252,4.7859445,7.1300135,4.6522455,3
155584433785899,3195262252,4.7856455,7.132705,4.6600223,3
155584436285899,3197762252,4.785047,7.132406,4.679464,3
155584438785899,3200262252,4.787141,7.1228347,4.672285,3
155584441285899,3202762252,4.784449,7.1270223,4.6845484,3
155584443785899,3205262252,4.779663,7.1246295,4.693821,3
155584446285899,3207762252,4.769793,7.1362944,4.668098,3
155584448785899,3210262252,4.7674,7.1285176,4.6767716,3
155584451285899,3212762252,4.753043,7.1359954,4.6561337,3
155584453785899,3215262252,4.7581277,7.129415,4.645964,3
155584456285899,3217762252,4.7482576,7.138687,4.6504507,3
155584458785899,3220262252,4.7452664,7.152446,4.64058,3
155584461285899,3222762252,4.749454,7.170392,4.590032,3
155584463785899,3225262252,4.752146,7.1632137,4.5930233,3
155584466285899,3227762252,4.7452664,7.1566334,4.6202416,3
155584468785899,3230262252,4.747659,7.159325,4.6202416,3
155584471285899,3232762252,4.7548375,7.1691957,4.601996,3
155584473785899,3235262252,4.7632127,7.176075,4.607081,3
155584476285899,3237762252,4.759324,7.1772714,4.598108,3
155584478785899,3240262252,4.7799625,7.1527452,4.5834517,3
155584481285899,3242762252,4.7898326,7.143772,4.5655055,3
155584483785899,3245262252,4.7979083,7.143772,4.5601215,3
155584486285899,3247762252,4.7865424,7.1542406,4.551448,3
155584488785899,3250262252,4.796114,7.1446695,4.5418763,3
155584491285899,3252762252,4.7985067,7.154839,4.5397825,3
155584493785899,3255262252,4.802096,7.1485577,4.5502515,3
155584496285899,3257762252,4.790431,7.1560354,4.5451665,3
155584498785899,3260262252,4.7829533,7.1506515,4.566104,3
155584501285899,3262762252,4.7898326,7.1569324,4.5613184,3
155584503785899,3265262252,4.7823553,7.1560354,4.572086,3
155584506285899,3267762252,4.7778687,7.1539416,4.58076,3
155584508785899,3270262252,4.7691946,7.1629148,4.5795636,3
155584511285899,3272762252,4.755436,7.1659055,4.616652,3
155584513785899,3275262252,4.7524447,7.178767,4.613362,3
155584516285899,3277762252,4.72732,7.1748786,4.628018,3
155584518785899,3280262252,4.7401814,7.171888,4.613063,3
155584521285899,3282762252,4.828118,7.11775,4.517948,3
155584523785899,3285262252,4.759324,7.1682982,4.3983073,3
155584526285899,3287762252,4.5281177,7.2550383,4.5361934,3
155584528785899,3290262252,4.488038,7.2379894,4.9082775,3
155584531285899,3292762252,4.61067,7.1626153,5.076373,3
155584533785899,3295262252,4.6585264,7.1210403,5.0482574,3
155584536285899,3297762252,4.7491546,7.075577,4.9546385,3
155584538785899,3300262252,4.8622155,7.02443,4.7336016,3
155584541285899,3302762252,4.9202414,7.0151577,4.453342,3
155584543785899,3305262252,4.8906302,7.053742,4.348656,3
155584546285899,3307762252,4.7973104,7.0806613,4.418347,3
155584548785899,3310262252,4.74078,7.110871,4.590032,3
155584551285899,3312762252,4.7778687,7.131808,4.709075,3
155584553785899,3315262252,4.7988057,7.192227,4.598407,3
155584556285899,3317762252,4.7856455,7.2750783,4.452744,3
155584558785899,3320262252,4.741378,7.332805,4.3998027,3
155584561285899,3322762252,4.6875396,7.3863444,4.430909,3
155584563785899,3325262252,4.6674995,7.3977103,4.4760737,3
155584566285899,3327762252,4.618148,7.397112,4.5209394,3
155584568785899,3330262252,4.5861435,7.402496,4.549354,3
155584571285899,3332762252,4.590032,7.4066834,4.490132,3
155584573785899,3335262252,4.639085,7.38784,4.3941197,3
155584576285899,3337762252,4.686044,7.37438,4.3588257,3
155584578785899,3340262252,4.688736,7.3369923,4.412664,3
155584581285899,3342762252,4.7279186,7.281359,4.577769,3
155584583785899,3345262252,4.781458,7.230811,4.680062,3
155584586285899,3347762252,4.8490553,7.172486,4.6764727,3
155584588785899,3350262252,4.9115677,7.123134,4.6082773,3
155584591285899,3352762252,4.9899325,7.0603223,4.5352964,3
155584593785899,3355262252,5.0309095,7.0280194,4.4542394,3
155584596285899,3357762252,5.0536413,6.988538,4.4072804,3
155584598785899,3360262252,5.0344987,6.9783683,4.409075,3
155584601285899,3362762252,5.006084,6.988538,4.4353957,3
155584603785899,3365262252,4.9995036,7.0019975,4.447958,3
155584606285899,3367762252,5.003691,7.0112696,4.429115,3
155584608785899,3370262252,5.006084,7.0492554,4.438686,3
155584611285899,3372762252,4.976473,7.0609207,4.444369,3
155584613785899,3375262252,4.933103,7.0965137,4.4539404,3
155584616285899,3377762252,4.8598228,7.1398835,4.4781675,3
155584618785899,3380262252,4.8006005,7.1799636,4.491926,3
155584621285899,3382762252,4.755137,7.220043,4.511069,3
155584623785899,3385262252,4.732704,7.2469625,4.513761,3
155584626285899,3387762252,4.6992044,7.2673016,4.511069,3
155584628785899,3390262252,4.6836514,7.2912297,4.5155554,3
155584631285899,3392762252,4.6674995,7.2879395,4.5430727,3
155584633785899,3395262252,4.6447678,7.285547,4.595715,3
155584636285899,3397762252,4.6375895,7.2750783,4.6642094,3
155584638785899,3400262252,4.6414776,7.2658057,4.700102,3
155584641285899,3402762252,4.663013,7.2409806,4.7231326,3
155584643785899,3405262252,4.665107,7.2155566,4.741378,3
155584646285899,3407762252,4.6875396,7.190133,4.7306104,3
155584648785899,3410262252,4.7231326,7.1685977,4.734798,3
155584651285899,3412762252,4.730012,7.136893,4.7362933,3
155584653785899,3415262252,4.731209,7.0965137,4.7488556,3
155584656285899,3417762252,4.7539406,7.069894,4.7781677,3
155584658785899,3420262252,4.784449,7.0408807,4.7685966,3
155584661285899,3422762252,4.80748,7.031309,4.7458644,3
155584663785899,3425262252,4.8137608,7.029515,4.731508,3
155584666285899,3427762252,4.8194437,7.0259256,4.72403,3
155584668785899,3430262252,4.8158545,7.0286174,4.725526,3
155584671285899,3432762252,4.809274,7.022037,4.7374897,3
155584673785899,3435262252,4.805386,7.022037,4.7222357,3
155584676285899,3437762252,4.7859445,7.008877,4.6779685,3
155584678785899,3440262252,4.805087,7.016055,4.6486564,3
155584681285899,3442762252,4.816154,7.01785,4.6145587,3
155584683785899,3445262252,4.836792,7.016354,4.604987,3
155584686285899,3447762252,4.8532424,7.0226355,4.6091747,3
155584688785899,3450262252,4.8619165,7.0205417,4.6154556,3
155584691285899,3452762252,4.8529434,7.043872,4.592425,3
155584693785899,3455262252,4.848756,7.042675,4.598108,3
155584696285899,3457762252,4.8376894,7.039086,4.605286,3
155584698785899,3460262252,4.8242297,7.047461,4.612764,3
155584701285899,3462762252,4.8122654,7.0666037,4.6265225,3
155584703785899,3465262252,4.7865424,7.0666037,4.638786,3
155584706285899,3467762252,4.7581277,7.0860453,4.651647,3
155584708785899,3470262252,4.723731,7.1168528,4.6639104,3
155584711285899,3472762252,4.6971107,7.1300135,4.6495533,3
155584713785899,3475262252,4.6689954,7.135098,4.6639104,3
155584716285899,3477762252,4.653741,7.1365933,4.6582274,3
155584718785899,3480262252,4.6325045,7.155437,4.662714,3
155584721285899,3482762252,4.6172504,7.1715884,4.6707897,3
155584723785899,3485262252,4.5942197,7.1856465,4.6525445,3
155584726285899,3487762252,4.589733,7.2006016,4.6654058,3
155584728785899,3490262252,4.5837507,7.2098737,4.6728835,3
155584731285899,3492762252,4.5670013,7.2122664,4.6785665,3
155584733785899,3495262252,4.5562334,7.2263246,4.6746783,3
155584736285899,3497762252,4.549952,7.231409,4.686941,3
155584738785899,3500262252,4.5535417,7.253543,4.6764727,3
155584741285899,3502762252,4.558028,7.2673016,4.6492543,3
155584743785899,3505262252,4.5565324,7.277172,4.64417,3
155584746285899,3507762252,4.5684967,7.279565,4.6435714,3
155584748785899,3510262252,4.575376,7.283752,4.647759,3
155584751285899,3512762252,4.5876393,7.2807612,4.656732,3
155584753785899,3515262252,4.590032,7.2846494,4.633701,3
155584756285899,3517762252,4.616353,7.2993054,4.653143,3
155584758785899,3520262252,4.624728,7.2915287,4.6262236,3
155584761285899,3522762252,4.6322055,7.287042,4.633701,3
155584763785899,3525262252,4.6447678,7.2879395,4.618447,3
155584766285899,3527762252,4.6576295,7.2789664,4.6226344,3
155584768785899,3530262252,4.665107,7.2930245,4.618447,3
155584771285899,3532762252,4.6501517,7.306783,4.6139603,3
155584773785899,3535262252,4.6450667,7.306185,4.5948176,3
155584776285899,3537762252,4.6639104,7.3196445,4.590032,3
155584778785899,3540262252,4.672285,7.318149,4.571787,3
155584781285899,3542762252,4.688736,7.3253274,4.549653,3
155584783785899,3545262252,4.712066,7.333104,4.534399,3
155584786285899,3547762252,4.714758,7.3310103,4.5281177,3
155584788785899,3550262252,4.733302,7.342675,4.5014977,3
155584791285899,3552762252,4.7365923,7.3399835,4.497609,3
155584793785899,3555262252,4.751847,7.342376,4.473681,3
155584796285899,3557762252,4.7659044,7.329515,4.4605207,3
155584798785899,3560262252,4.7826543,7.3292155,4.4336014,3
155584801285899,3562762252,4.7919264,7.3250284,4.415356,3
155584803785899,3565262252,4.79073,7.3190465,4.429115,3
155584806285899,3567762252,4.7895336,7.288837,4.4446683,3
155584808785899,3570262252,4.801797,7.2879395,4.441976,3
155584811285899,3572762252,4.816453,7.3049884,4.4751763,3
155584813785899,3575262252,4.8176494,7.289435,4.4931226,3
155584816285899,3577762252,4.8038907,7.2876406,4.484748,3
155584818785899,3580262252,4.802395,7.2643104,4.4799623,3
155584821285899,3582762252,4.8044887,7.25444,4.471288,3
155584823785899,3585262252,4.793123,7.2508507,4.493721,3
155584826285899,3587762252,4.790431,7.2323065,4.516154,3
155584828785899,3590262252,4.773681,7.2245297,4.5191445,3
155584831285899,3592762252,4.768297,7.2209406,4.519743,3
155584833785899,3595262252,4.7656054,7.2125654,4.499404,3
155584836285899,3597762252,4.7575297,7.1973114,4.4967117,3
155584838785899,3600262252,4.7602215,7.1808605,4.4674,3
155584841285899,3602762252,4.764409,7.1802626,4.4638104,3
155584843785899,3605262252,4.764409,7.165008,4.47069,3
155584846285899,3607762252,4.7629137,7.1566334,4.4817567,3
155584848785899,3610262252,4.7709894,7.1413794,4.4952164,3
155584851285899,3612762252,4.77398,7.1306114,4.505386,3
155584853785899,3615262252,4.7745786,7.123134,4.467699,3
155584856285899,3617762252,4.785346,7.128817,4.4982076,3
155584858785899,3620262252,4.7748775,7.119844,4.4808593,3
155584861285899,3622762252,4.7799625,7.1213393,4.482056,3
155584863785899,3625262252,4.786842,7.1186476,4.4599223,3
155584866285899,3627762252,4.7982078,7.1222367,4.4611187,3
155584868785899,3630262252,4.7979083,7.1249285,4.444369,3
155584871285899,3632762252,4.8176494,7.1039915,4.458427,3
155584873785899,3635262252,4.8418765,7.109375,4.456333,3
155584876285899,3637762252,4.8589253,7.109375,4.453342,3
155584878785899,3640262252,4.883751,7.0932236,4.461717,3
155584881285899,3642762252,4.8936214,7.0803623,4.4799623,3
155584883785899,3645262252,4.913063,7.0836525,4.484748,3
155584886285899,3647762252,4.9471607,7.0585275,4.4718866,3
155584888785899,3650262252,4.9642096,7.0618176,4.4946184,3
155584891285899,3652762252,4.988736,7.044171,4.4949174,3
155584893785899,3655262252,5.014758,7.0265236,4.504788,3
155584896285899,3657762252,5.0395837,7.0076804,4.512564,3
155584898785899,3660262252,5.0590253,6.9972115,4.520042,3
155584901285899,3662762252,5.072784,6.9795647,4.523033,3
155584903785899,3665262252,5.0901318,6.9708905,4.5065823,3
155584906285899,3667762252,5.0916276,6.966105,4.5038905,3
155584908785899,3670262252,5.081458,6.966404,4.5320063,3
155584911285899,3672762252,5.063512,6.966703,4.5544386,3
155584913785899,3675262252,5.0336018,6.971489,4.58405,3
155584916285899,3677762252,5.0339007,6.9891357,4.6007996,3
155584918785899,3680262252,5.0138607,6.9987073,4.640281,3
155584921285899,3682762252,4.977968,7.006484,4.685446,3
155584923785899,3685262252,4.9429736,7.0223365,4.709374,3
155584926285899,3687762252,4.9109693,7.0357957,4.699803,3
155584928785899,3690262252,4.8675995,7.066304,4.7048874,3
155584931285899,3692762252,4.8191447,7.089036,4.7156553,3
155584933785899,3695262252,4.7676992,7.117451,4.70728,3
155584936285899,3697762252,4.718048,7.120741,4.740481,3
155584938785899,3700262252,4.6704907,7.12762,4.733302,3
155584941285899,3702762252,4.6292143,7.138388,4.7279186,3
155584943785899,3705262252,4.6088758,7.1413794,4.7431726,3
155584946285899,3707762252,4.6040897,7.160522,4.7569313,3
155584948785899,3710262252,4.6040897,7.1506515,4.7488556,3
155584951285899,3712762252,4.613362,7.1488566,4.805386,3
155584953785899,3715262252,4.6145587,7.1431737,4.807181,3
155584956285899,3717762252,4.6378884,7.125527,4.7991047,3
155584958785899,3720262252,4.65733,7.1129646,4.787141,3
155584961285899,3722762252,4.690531,7.0953174,4.7748775,3
155584963785899,3725262252,4.691727,7.0953174,4.781458,3
155584966285899,3727762252,4.6902313,7.079764,4.753043,3
155584968785899,3730262252,4.693821,7.0678,4.7488556,3
155584971285899,3732762252,4.699504,7.071987,4.7371907,3
155584973785899,3735262252,4.692624,7.0863442,4.7288156,3
155584976285899,3737762252,4.69412,7.100103,4.7228336,3
155584978785899,3740262252,4.6914277,7.1096745,4.7117667,3
155584981285899,3742762252,4.6836514,7.1195445,4.7009993,3
155584983785899,3745262252,4.6710887,7.1428747,4.7018967,3
155584986285899,3747762252,4.6731825,7.155138,4.6911287,3
155584988785899,3750262252,4.6815577,7.157531,4.6761737,3
155584991285899,3752762252,4.686941,7.1620173,4.6636114,3
155584993785899,3755262252,4.6902313,7.1563344,4.6295137,3
155584996285899,3757762252,4.7021956,7.1602225,4.606782,3
155584998785899,3760262252,4.706981,7.172785,4.5972104,3
155585001285899,3762762252,4.721936,7.1482587,4.572086,3
155585003785899,3765262252,4.7398825,7.1620173,4.566702,3
155585006285899,3767762252,4.72403,7.166205,4.5673003,3
155585008785899,3770262252,4.6881375,7.1682982,4.5631127,3
155585011285899,3772762252,4.6468616,7.1766734,4.584648,3
155585013785899,3775262252,4.6112685,7.17787,4.6142592,3
155585016285899,3777762252,4.590331,7.2095747,4.636991,3
155585018785899,3780262252,4.5601215,7.220342,4.6618166,3
155585021285899,3782762252,4.545466,7.219445,4.674379,3
155585023785899,3785262252,4.523033,7.228418,4.705187,3
155585026285899,3787762252,4.493721,7.236793,4.735695,3
155585028785899,3790262252,4.4548373,7.2376904,4.7455654,3
155585031285899,3792762252,4.436592,7.242177,4.7620163,3
155585033785899,3795262252,4.421936,7.240382,4.7395835,3
155585036285899,3797762252,4.4192443,7.240083,4.7635117,3
155585038785899,3800262252,4.4186463,7.230811,4.7841496,3
155585041285899,3802762252,4.430012,7.240083,4.7952166,3
155585043785899,3805262252,4.453043,7.245766,4.79402,3
155585046285899,3807762252,4.508377,7.2490563,4.8086762,3
155585048785899,3810262252,4.555635,7.2352977,4.828118,3
155585051285899,3812762252,4.5855455,7.2385874,4.807779,3
155585053785899,3815262252,4.6139603,7.231409,4.7919264,3
155585056285899,3817762252,4.6507497,7.218548,4.7805605,3
155585058785899,3820262252,4.685147,7.218249,4.747958,3
155585061285899,3822762252,4.7228336,7.2080793,4.724329,3
155585063785899,3825262252,4.735695,7.1970124,4.6953163,3
155585066285899,3827762252,4.752146,7.1973114,4.6746783,3
155585068785899,3830262252,4.778766,7.2029943,4.653442,3
155585071285899,3832762252,4.7775693,7.222137,4.619045,3
155585073785899,3835262252,4.779364,7.2409806,4.6283174,3
155585076285899,3837762252,4.7829533,7.252047,4.615755,3
155585078785899,3840262252,4.7880383,7.263114,4.606782,3
155585081285899,3842762252,4.796712,7.274181,4.5891347,3
155585083785899,3845262252,4.7805605,7.287042,4.6082773,3
155585086285899,3847762252,4.7823553,7.2906313,4.5918264,3
155585088785899,3850262252,4.788337,7.2930245,4.569992,3
155585091285899,3852762252,4.788337,7.3022966,4.532604,3
155585093785899,3855262252,4.790431,7.3025956,4.534698,3
155585096285899,3857762252,4.8003016,7.3235326,4.523033,3
155585098785899,3860262252,4.805087,7.3160553,4.5023947,3
155585101285899,3862762252,4.8236313,7.2990065,4.4871407,3
155585103785899,3865262252,4.8391848,7.286444,4.473681,3
155585106285899,3867762252,4.863412,7.2792654,4.4745784,3
155585108785899,3870262252,4.892724,7.2556367,4.4727836,3
155585111285899,3872762252,4.918148,7.2493553,4.453043,3
155585113785899,3875262252,4.935795,7.2086773,4.4312086,3
155585116285899,3877762252,4.962415,7.2032933,4.4207397,3
155585118785899,3880262252,4.9935217,7.1892357,4.4132624,3
155585121285899,3882762252,5.0213385,7.179664,4.408776,3
155585123785899,3885262252,5.040481,7.1488566,4.401298,3
155585126285899,3887762252,5.0626144,7.129116,4.397709,3
155585128785899,3890262252,5.0754757,7.1132636,4.4057846,3
155585131285899,3892762252,5.0796633,7.112366,4.3782673,3
155585133785899,3895262252,5.090431,7.1075807,4.3686957,3
155585136285899,3897762252,5.096712,7.106085,4.368995,3
155585138785899,3900262252,5.0958147,7.0986075,4.380959,3
155585141285899,3902762252,5.0940204,7.1048884,4.359723,3
155585143785899,3905262252,5.099105,7.0950184,4.35075,3
155585146285899,3907762252,5.1119666,7.0860453,4.368098,3
155585148785899,3910262252,5.1212387,7.0806613,4.3519464,3
155585151285899,3912762252,5.145167,7.0878396,4.3674994,3
155585153785899,3915262252,5.171189,7.0821567,4.362714,3
155585156285899,3917762252,5.1900325,7.085447,4.3815575,3
155585158785899,3920262252,5.215755,7.084849,4.3869414,3
155585161285899,3922762252,5.235795,7.0678,4.3722854,3
155585163785899,3925262252,5.2546387,7.0678,4.3944187,3
155585166285899,3927762252,5.2755756,7.0528445,4.3947177,3
155585168785899,3930262252,5.3033924,7.0471616,4.3743787,3
155585171285899,3932762252,5.3386865,7.0396843,4.3528433,3
155585173785899,3935262252,5.366503,7.0211396,4.3316073,3
155585176285899,3937762252,5.4095736,7.0019975,4.322335,3
155585178785899,3940262252,5.471787,6.980761,4.3384867,3
155585181285899,3942762252,5.528617,6.9649086,4.351049,3
155585183785899,3945262252,5.582156,6.943672,4.321737,3
155585186285899,3947762252,5.6581283,6.9376903,4.3181477,3
155585188785899,3950262252,5.7260246,6.908976,4.3112683,3
155585191285899,3952762252,5.779564,6.8799634,4.328915,3
155585193785899,3955262252,5.843572,6.8665037,4.302893,3
155585196285899,3957762252,5.886942,6.8312097,4.2978086,3
155585198785899,3960262252,5.9300127,6.8249283,4.284648,3
155585201285899,3962762252,5.9898334,6.792326,4.2352962,3
155585203785899,3965262252,6.058926,6.7579293,4.2056847,3
155585206285899,3967762252,6.1307106,6.728617,4.208377,3
155585208785899,3970262252,6.204589,6.70768,4.1985064,3
155585211285899,3972762252,6.2691956,6.7011,4.212265,3
155585213785899,3975262252,6.326922,6.7002025,4.22064,3
155585216285899,3977762252,6.364908,6.707381,4.2370906,3
155585218785899,3980262252,6.4271216,6.699006,4.2299123,3
155585221285899,3982762252,6.4812593,6.6801624,4.21735,3
155585223785899,3985262252,6.5347986,6.6442704,4.2188454,3
155585226285899,3987762252,6.587441,6.6032934,4.2047877,3
155585228785899,3990262252,6.5985074,6.5635123,4.193721,3
155585231285899,3992762252,6.608079,6.532406,4.1638107,3
155585233785899,3995262252,6.591329,6.503692,4.1225343,3
155585236285899,3997762252,6.54766,6.4965134,4.093521,3
155585238785899,4000262252,6.5015984,6.4815583,4.0677986,3
155585241285899,4002762252,6.431907,6.472286,4.0301113,3
155585243785899,4005262252,6.3658056,6.451947,4.0088754,3
155585246285899,4007762252,6.305985,6.4414787,4.007679,3
155585248785899,4010262252,6.230312,6.4295144,3.9975092,3
155585251285899,4012762252,6.125925,6.4259253,4.0067816,3
155585253785899,4015262252,6.0134625,6.4411793,4.0100718,3
155585256285899,4017762252,5.8947186,6.466005,4.057629,3
155585258785899,4020262252,5.7900324,6.498607,4.0995035,3
155585261285899,4022762252,5.677271,6.5401826,4.1288157,3
155585263785899,4025262252,5.582455,6.585945,4.178766,3
155585266285899,4027762252,5.485845,6.634699,4.210171,3
155585268785899,4030262252,5.380262,6.6741805,4.2275195,3
155585271285899,4032762252,5.298906,6.7256265,4.2589254,3
155585273785899,4035262252,5.2145586,6.788737,4.296014,3
155585276285899,4037762252,5.153841,6.852745,4.3268213,3
155585278785899,4040262252,5.0850472,6.8892355,4.3851466,3
155585281285899,4042762252,5.041079,6.908378,4.397709,3
155585283785899,4045262252,5.0219364,6.9242306,4.3968115,3
155585286285899,4047762252,4.996513,6.926025,4.4132624,3
155585288785899,4050262252,4.989334,6.923632,4.430012,3
155585291285899,4052762252,4.982156,6.904789,4.434499,3
155585293785899,4055262252,4.9809594,6.88116,4.444369,3
155585296285899,4057762252,4.9959145,6.8542404,4.4485564,3
155585298785899,4060262252,5.029115,6.8521466,4.4350967,3
155585301285899,4062762252,5.0593243,6.8572316,4.436592,3
155585303785899,4065262252,5.0886364,6.853343,4.4321055,3
155585306285899,4067762252,5.139185,6.8479595,4.445565,3
155585308785899,4070262252,5.1942196,6.834799,4.508676,3
155585311285899,4072762252,5.220541,6.84766,4.572086,3
155585313785899,4075262252,5.2420764,6.835098,4.6298127,3
155585316285899,4077762252,5.218746,6.8339014,4.679464,3
155585318785899,4080262252,5.183452,6.84437,4.701597,3
155585321285899,4082762252,5.08744,6.8395844,4.692026,3
155585323785899,4085262252,4.99083,6.8449683,4.6731825,3
155585326285899,4087762252,4.8996034,6.8428745,4.62742,3
155585328785899,4090262252,4.7988057,6.8539414,4.592425,3
155585331285899,4092762252,4.7081776,6.8545394,4.5391846,3
155585333785899,4095262252,4.6298127,6.855736,4.5041895,3
155585336285899,4097762252,4.569992,6.864111,4.4674,3
155585338785899,4100262252,4.5116673,6.895816,4.4339004,3
155585341285899,4102762252,4.4614177,6.9281187,4.4581275,3
155585343785899,4105262252,4.4135613,6.97777,4.511966,3
155585346285899,4107762252,4.3701916,7.030711,4.5391846,3
155585348785899,4110262252,4.304688,7.0857463,4.5565324,3
155585351285899,4112762252,4.2071805,7.1303124,4.592126,3
155585353785899,4115262252,4.15394,7.1709905,4.6471605,3
155585356285899,4117762252,4.098606,7.199704,4.6908298,3
155585358785899,4120262252,4.0498524,7.230811,4.7288156,3
155585361285899,4122762252,4.011866,7.245467,4.7745786,3
155585363785899,4125262252,3.9816568,7.2472615,4.801498,3
155585366285899,4127762252,3.9553359,7.260721,4.825725,3
155585368785899,4130262252,3.9302113,7.2705917,4.872086,3
155585371285899,4132762252,3.9224346,7.2756763,4.9109693,3
155585373785899,4135262252,3.914957,7.3025956,4.929813,3
155585376285899,4137762252,3.8584266,7.3028946,4.9549375,3
155585378785899,4140262252,3.8129628,7.292127,4.9657054,3
155585381285899,4142762252,3.7672002,7.300203,4.9896336,3
155585383785899,4145262252,3.7489548,7.3046894,5.01745,3
155585386285899,4147762252,3.7166517,7.3232336,5.0587263,3
155585388785899,4150262252,3.6792638,7.3142605,5.1266227,3
155585391285899,4152762252,3.588935,7.313363,5.1759744,3
155585393785899,4155262252,3.5159538,7.295118,5.226822,3
155585396285899,4157762252,3.4435709,7.2822566,5.2806606,3
155585398785899,4160262252,3.3870404,7.2643104,5.3186464,3
155585401285899,4162762252,3.3263226,7.2496543,5.383851,3
155585403785899,4165262252,3.2671003,7.2269225,5.4053864,3
155585406285899,4167762252,3.2204401,7.2305117,5.458328,3
155585408785899,4170262252,3.1812577,7.2095747,5.5205407,3
155585411285899,4172762252,3.1366913,7.2026954,5.588138,3
155585413785899,4175262252,3.0885358,7.1937222,5.631209,3
155585416285899,4177762252,3.0738797,7.1730843,5.655137,3
155585418785899,4180262252,3.0753753,7.1694946,5.6781683,3
155585421285899,4182762252,3.1046875,7.153343,5.698208,3
155585423785899,4185262252,3.1573296,7.1309104,5.7400823,3
155585426285899,4187762252,3.2027931,7.1252275,5.7966127,3
155585428785899,4190262252,3.2407792,7.1135626,5.835197,3
155585431285899,4192762252,3.2748768,7.099505,5.907879,3
155585433785899,4195262252,3.3110683,7.0875406,5.9730835,3
155585436285899,4197762252,3.3284163,7.068697,6.0050874,3
155585438785899,4200262252,3.347858,7.057032,6.0308104,3
155585441285899,4202762252,3.3693933,7.0522466,6.02423,3
155585443785899,4205262252,3.3723843,7.0669026,5.981458,3
155585446285899,4207762252,3.3819556,7.0618176,5.9521465,3
155585448785899,4210262252,3.3675988,7.0585275,5.8854465,3
155585451285899,4212762252,3.3370903,7.041778,5.8193445,3
155585453785899,4215262252,3.309573,7.0196443,5.74756,3
155585456285899,4217762252,3.2943187,7.0136623,5.715855,3
155585458785899,4220262252,3.2904303,7.0055866,5.6760745,3
155585461285899,4222762252,3.3203406,7.004091,5.706882,3
155585463785899,4225262252,3.3143585,6.995716,5.7343993,3
155585466285899,4227762252,3.2940195,6.975377,5.7394843,3
155585468785899,4230262252,3.2769706,6.972087,5.7541404,3
155585471285899,4232762252,3.2784662,7.0151577,5.72423,3
155585473785899,4235262252,3.2455647,7.018149,5.7553368,3
155585476285899,4237762252,3.2177482,7.0337024,5.7786665,3
155585478785899,4240262252,3.1962128,7.0612197,5.7517476,3
155585481285899,4242762252,3.165106,7.0902324,5.768198,3
155585483785899,4245262252,3.1465619,7.1485577,5.802595,3
155585486285899,4247762252,3.1109686,7.178767,5.8013983,3
155585488785899,4250262252,3.103491,7.226025,5.833103,3
155585491285899,4252762252,3.0921252,7.281359,5.8286166,3
155585493785899,4255262252,3.0855448,7.3375907,5.8630137,3
155585496285899,4257762252,3.106781,7.376175,5.9303117,3
155585498785899,4260262252,3.0903304,7.41117,5.9769716,3
155585501285899,4262762252,3.0622149,7.4440713,6.0415783,3
155585503785899,4265262252,2.9808588,7.4769726,6.111568,3
155585506285899,4267762252,2.9004002,7.484151,6.1184473,3
155585508785899,4270262252,2.8663025,7.510173,6.1232333,3
155585511285899,4272762252,2.8573294,7.5418777,6.111568,3
155585513785899,4275262252,2.8166513,7.5670023,6.1292152,3
155585516285899,4277762252,2.781058,7.597511,6.1477594,3
155585518785899,4280262252,2.7287152,7.6343007,6.1639113,3
155585521285899,4282762252,2.6404798,7.6193457,6.129813,3
155585523785899,4285262252,2.5423741,7.622636,6.0062838,3
155585526285899,4287762252,2.5124638,7.626225,5.8770714,3
155585528785899,4290262252,2.5283163,7.6423764,5.799305,3
155585531285899,4292762252,2.501995,7.6277204,5.775676,3
155585533785899,4295262252,2.541776,7.61127,5.753841,3
155585536285899,4297762252,2.5833511,7.629515,5.71077,3
155585538785899,4300262252,2.629413,7.623832,5.6988063,3
155585541285899,4302762252,2.7041886,7.6292157,5.6964135,3
155585543785899,4305262252,2.7735806,7.6337023,5.702994,3
155585546285899,4307762252,2.7918258,7.619046,5.6416774,3
155585548785899,4310262252,2.7759733,7.5903325,5.4906306,3
155585551285899,4312762252,2.8543384,7.5457664,5.391927,3
155585553785899,4315262252,2.9306095,7.533802,5.325227,3
155585556285899,4317762252,3.0299118,7.5349984,5.2884374,3
155585558785899,4320262252,3.1163523,7.5532436,5.243273,3
155585561285899,4322762252,3.1923244,7.565208,5.2405806,3
155585563785899,4325262252,3.2527432,7.574779,5.2660046,3
155585566285899,4327762252,3.2527432,7.579565,5.2103715,3
155585568785899,4330262252,3.2671003,7.6316085,5.2031927,3
155585571285899,4332762252,3.2638102,7.735996,5.2232327,3
155585573785899,4335262252,3.2249267,7.8517485,5.276174,3
155585576285899,4337762252,3.1669009,7.882855,5.2902317,3
155585578785899,4340262252,3.1163523,7.8128653,5.18076,3
155585581285899,4342762252,3.1127632,7.6893353,4.9974103,3
155585583785899,4345262252,3.086442,7.5532436,4.929514,3
155585586285899,4347762252,3.0622149,7.381858,5.005486,3
155585588785899,4350262252,3.0326035,7.2586274,5.0542397,3
155585591285899,4352762252,2.992823,7.199405,5.1014977,3
155585593785899,4355262252,2.9856443,7.1841507,5.1816573,3
155585596285899,4357762252,2.9662027,7.18116,5.2498527,3
155585598785899,4360262252,2.9078777,7.196115,5.2666025,3
155585601285899,4362762252,2.856133,7.2092757,5.238786,3
155585603785899,4365262252,2.8474588,7.218548,5.2660046,3
155585606285899,4367762252,2.8516464,7.2526455,5.311468,3
155585608785899,4370262252,2.8695927,7.3106713,5.406882,3
155585611285899,4372762252,2.8525436,7.36451,5.526822,3
155585613785899,4375262252,2.7798617,7.40788,5.590531,3
155585616285899,4377762252,2.7128627,7.4509506,5.5794644,3
155585618785899,4380262252,2.6799614,7.4733834,5.53071,3
155585621285899,4382762252,2.6976085,7.518847,5.408078,3
155585623785899,4385262252,2.7580273,7.5924263,5.349454,3
155585626285899,4387762252,2.8229325,7.6680994,5.358427,3
155585628785899,4390262252,2.9033911,7.731509,5.387739,3
155585631285899,4392762252,2.949453,7.7904325,5.409873,3
155585633785899,4395262252,3.0005996,7.8059855,5.4436717,3
155585636285899,4397762252,3.028117,7.792825,5.4035916,3
155585638785899,4400262252,3.0672996,7.7677007,5.322535,3
155585641285899,4402762252,3.0837502,7.7234335,5.2220364,3
155585643785899,4405262252,3.1250265,7.663912,5.113462,3
155585646285899,4407762252,3.181856,7.615158,5.0162535,3
155585648785899,4410262252,3.2186456,7.5978103,4.9375896,3
155585651285899,4412762252,3.2156546,7.5643106,4.88734,3
155585653785899,4415262252,3.2004004,7.519445,4.8445687,3
155585656285899,4417762252,3.1959138,7.4937224,4.8041897,3
155585658785899,4420262252,3.205784,7.4802628,4.8026943,3
155585661285899,4422762252,3.2096725,7.467102,4.840381,3
155585663785899,4425262252,3.190829,7.469495,4.8598228,3
155585666285899,4427762252,3.181856,7.4730844,4.892126,3
155585668785899,4430262252,3.1489546,7.4853473,4.918447,3
155585671285899,4432762252,3.1208389,7.5029945,4.9322057,3
155585673785899,4435262252,3.0903304,7.522436,4.955835,3
155585676285899,4437762252,3.0613174,7.5293155,5.002794,3
155585678785899,4440262252,3.0604203,7.5442705,5.085645,3
155585681285899,4442762252,3.0643084,7.5702925,5.1667023,3
155585683785899,4445262252,3.0299118,7.579565,5.239384,3
155585686285899,4447762252,3.0185459,7.597212,5.2815576,3
155585688785899,4450262252,3.0095727,7.5903325,5.3126645,3
155585691285899,4452762252,2.9766715,7.5571322,5.3213387,3
155585693785899,4455262252,2.9703903,7.54128,5.313562,3
155585696285899,4457762252,2.9632118,7.527521,5.3333025,3
155585698785899,4460262252,2.9300113,7.5104723,5.338088,3
155585701285899,4462762252,2.8989046,7.4856467,5.31416,3
155585703785899,4465262252,2.9138598,7.463812,5.299205,3
155585706285899,4467762252,2.952444,7.4527454,5.2896338,3
155585708785899,4470262252,3.0008986,7.4473615,5.311468,3
155585711285899,4472762252,3.0236306,7.4566336,5.317151,3
155585713785899,4475262252,3.0795627,7.459625,5.3007,3
155585716285899,4477762252,3.1366913,7.4449687,5.300102,3
155585718785899,4480262252,3.1971102,7.4246297,5.280361,3
155585721285899,4482762252,3.226123,7.4120674,5.2863436,3
155585723785899,4485262252,3.2300115,7.4138618,5.2983074,3
155585726285899,4487762252,3.2036905,7.391429,5.308776,3
155585728785899,4490262252,3.1740792,7.3788667,5.3102717,3
155585731285899,4492762252,3.1226335,7.361519,5.3183475,3
155585733785899,4495262252,3.0942187,7.3776703,5.3386865,3
155585736285899,4497762252,3.05384,7.379166,5.3904314,3
155585738785899,4500262252,3.0000014,7.387541,5.4164534,3
155585741285899,4502762252,2.9889345,7.406085,5.45414,3
155585743785899,4505262252,2.96381,7.435397,5.4999027,3
155585746285899,4507762252,2.9315069,7.450053,5.5716877,3
155585748785899,4510262252,2.932404,7.493423,5.643173,3
155585751285899,4512762252,2.9482565,7.5116687,5.6129637,3
155585753785899,4515262252,2.8325038,7.545168,5.5746784,3
155585756285899,4517762252,2.6739793,7.550253,5.6042895,3
155585758785899,4520262252,2.623431,7.5029945,5.570192,3
155585761285899,4522762252,2.7364917,7.4240313,5.473283,3
155585763785899,4525262252,2.7672994,7.368398,5.4317074,3
155585766285899,4527762252,2.74038,7.325926,5.421837,3
155585768785899,4530262252,2.7475586,7.30768,5.4020963,3
155585771285899,4532762252,2.7670002,7.279864,5.393721,3
155585773785899,4535262252,2.777469,7.246364,5.3479586,3
155585776285899,4537762252,2.7846475,7.246065,5.316852,3
155585778785899,4540262252,2.8549366,7.2490563,5.3365927,3
155585781285899,4542762252,2.908177,7.242775,5.3943195,3
155585783785899,4545262252,2.9336007,7.2296147,5.4050875,3
155585786285899,4547762252,2.966801,7.19791,5.3889356,3
155585788785899,4550262252,2.989832,7.1674013,5.377869,3
155585791285899,4552762252,2.9949167,7.1246295,5.3913283,3
155585793785899,4555262252,3.0170503,7.0899334,5.389235,3
155585796285899,4557762252,3.0296125,7.0322065,5.3766723,3
155585798785899,4560262252,3.0900314,6.977471,5.341378,3
155585801285899,4562762252,3.1402807,6.917949,5.255835,3
155585803785899,4565262252,2.986841,6.922137,5.2112684,3
155585806285899,4567762252,2.7948167,6.9206414,5.2049875,3
155585808785899,4570262252,2.7317061,6.9044895,5.163711,3
155585811285899,4572762252,2.7448666,6.871588,5.238188,3
155585813785899,4575262252,2.7445676,6.8162546,5.2456656,3
155585816285899,4577762252,2.7472596,6.7893353,5.287839,3
155585818785899,4580262252,2.7233312,6.820741,5.309973,3
155585821285899,4582762252,2.6997023,6.884151,5.3204412,3
155585823785899,4585262252,2.7005994,6.955337,5.393422,3
155585826285899,4587762252,2.71376,7.0019975,5.505885,3
155585828785899,4590262252,2.699403,7.059126,5.613861,3
155585831285899,4592762252,2.6769702,7.0968127,5.7451673,3
155585833785899,4595262252,2.638386,7.105188,5.901598,3
155585836285899,4597762252,2.545664,7.165008,5.9380884,3
155585838785899,4600262252,2.4496522,7.2619176,5.94766,3
155585841285899,4602762252,2.3455644,7.3112698,6.032904,3
155585843785899,4605262252,2.2929223,7.376773,6.081359,3
155585846285899,4607762252,2.2477577,7.3923264,6.155835,3
155585848785899,4610262252,2.2307088,7.4195447,6.198607,3
155585851285899,4612762252,2.2232313,7.4401827,6.18096,3
155585853785899,4615262252,2.2115662,7.4823565,6.168996,3
155585856285899,4617762252,2.2130618,7.4979095,6.1250277,3
155585858785899,4620262252,2.2067807,7.533204,6.0696936,3
155585861285899,4622762252,2.2561326,7.5523467,5.99761,3
155585863785899,4625262252,2.3273191,7.561918,5.9703918,3
155585866285899,4627762252,2.3808584,7.5693955,5.884549,3
155585868785899,4630262252,2.4445674,7.600502,5.768497,3
155585871285899,4632762252,2.4858437,7.635796,5.6853466,3
155585873785899,4635262252,2.513062,7.6289167,5.64766,3
155585876285899,4637762252,2.559722,7.629814,5.5719867,3
155585878785899,4640262252,2.5860431,7.6271224,5.532206,3
155585881285899,4642762252,2.6078775,7.6259255,5.4535418,3
155585883785899,4645262252,2.6198416,7.6250286,5.4053864,3
155585886285899,4647762252,2.635694,7.6292157,5.357829,3
155585888785899,4650262252,2.653042,7.6085777,5.3033924,3
155585891285899,4652762252,2.6916263,7.5990067,5.2537413,3
155585893785899,4655262252,2.6925237,7.6124663,5.241777,3
155585896285899,4657762252,2.678765,7.5930243,5.2749777,3
155585898785899,4660262252,2.6961129,7.5933237,5.3036914,3
155585901285899,4662762252,2.6766713,7.6019974,5.340481,3
155585903785899,4665262252,2.5600212,7.632207,5.4200425,3
155585906285899,4667762252,2.4735804,7.665407,5.491229,3
155585908785899,4670262252,2.439782,7.687242,5.4849477,3
155585911285899,4672762252,2.3551357,7.730911,5.506184,3
155585913785899,4675262252,2.4442682,7.7494555,6.314659,3
155585916285899,4677762252,2.755036,7.865507,7.295118,3
155585918785899,4680262252,2.7343981,8.06112,7.1952176,3
155585921285899,4682762252,2.6455646,8.102397,7.3079796,3
155585923785899,4685262252,2.5435705,8.094321,7.585248,3
155585926285899,4687762252,2.4427729,8.087142,7.6280193,3
155585928785899,4690262252,2.417349,8.029117,7.6348987,3
155585931285899,4692762252,2.4909284,7.8699937,7.533503,3
155585933785899,4695262252,2.565106,7.774879,7.550851,3
155585936285899,4697762252,2.510071,7.7871423,7.698608,3
155585938785899,4700262252,2.4672992,7.7682986,7.713862,3
155585941285899,4702762252,2.4634109,7.7404823,7.605886,3
155585943785899,4705262252,2.4732814,7.7015986,7.429415,3
155585946285899,4707762252,2.4858437,7.6570325,7.181459,3
155585948785899,4710262252,2.446362,7.6331043,6.8521466,3
155585951285899,4712762252,2.3344977,7.6073813,6.4325056,3
155585953785899,4715262252,2.2175484,7.5472617,6.1378894,3
155585956285899,4717762252,2.1314068,7.513164,5.944669,3
155585958785899,4720262252,1.9995024,7.4880395,5.7194443,3
155585961285899,4722762252,1.89362,7.4437723,5.610272,3
155585963785899,4725262252,1.7614166,7.46112,5.4445686,3
155585966285899,4727762252,1.4766706,7.8053875,4.9226346,3
155585968785899,4730262252,1.2140584,8.030313,4.6148577,3
155585971285899,4732762252,1.1910275,7.9543405,4.867001,3
155585973785899,4735262252,1.1380863,7.905886,4.907081,3
155585976285899,4737762252,1.1551352,7.7853475,4.851448,3
155585978785899,4740262252,1.178166,7.655537,4.8239303,3
155585981285899,4742762252,1.2146566,7.528119,4.7727838,3
155585983785899,4745262252,1.2541381,7.4153576,4.735695,3
155585986285899,4747762252,1.2999009,7.330113,4.7569313,3
155585988785899,4750262252,1.3660027,7.2670026,4.7575297,3
155585991285899,4752762252,1.4521443,7.19791,4.7488556,3
155585993785899,4755262252,1.5424733,7.129415,4.76411,3
155585996285899,4757762252,1.6265212,7.0821567,4.790431,3
155585998785899,4760262252,1.7123637,7.0546393,4.7970114,3
155586001285899,4762762252,1.8008982,7.0154567,4.7835517,3
155586003785899,4765262252,1.8975084,6.977172,4.779065,3
155586006285899,4767762252,1.9869401,6.9412794,4.703392,3
155586008785899,4770262252,2.0814567,6.9044895,4.6746783,3
155586011285899,4772762252,2.1867409,6.862017,4.638786,3
155586013785899,4775262252,2.2791636,6.81775,4.6211386,3
155586016285899,4777762252,2.3524437,6.777072,4.604688,3
155586018785899,4780262252,2.4311078,6.7322063,4.5987062,3
155586021285899,4782762252,2.5238297,6.68764,4.6232324,3
155586023785899,4785262252,2.6288147,6.6370916,4.662116,3
155586026285899,4787762252,2.7287152,6.5832534,4.6839504,3
155586028785899,4790262252,2.8088746,6.5333033,4.7321057,3
155586031285899,4792762252,2.8719854,6.4827547,4.747958,3
155586033785899,4795262252,2.952743,6.4567327,4.7826543,3
155586036285899,4797762252,3.00718,6.4351974,4.8083773,3
155586038785899,4800262252,3.0403802,6.428617,4.8418765,3
155586041285899,4802762252,3.054139,6.4274206,4.8568316,3
155586043785899,4805262252,3.0409784,6.4259253,4.874479,3
155586046285899,4807762252,2.9913275,6.430711,4.9031925,3
155586048785899,4810262252,2.9063823,6.4594245,4.938786,3
155586051285899,4812762252,2.7906294,6.477072,4.976473,3
155586053785899,4815262252,2.6742785,6.4908304,5.0344987,3
155586056285899,4817762252,2.5549364,6.5365934,5.1343994,3
155586058785899,4820262252,2.4149563,6.6089764,5.2256255,3
155586061285899,4822762252,2.2752752,6.6765733,5.3240304,3
155586063785899,4825262252,2.1367905,6.7740808,5.439484,3
155586066285899,4827762252,2.00698,6.88445,5.5773706,3
155586068785899,4830262252,1.9073788,7.001399,5.7227345,3
155586071285899,4832762252,1.7967107,7.118049,5.849255,3
155586073785899,4835262252,1.6947167,7.204789,6.001797,3
155586076285899,4837762252,1.5831513,7.288837,6.1992054,3
155586078785899,4840262252,1.4961123,7.3399835,6.3774705,3
155586081285899,4842762252,1.4030914,7.3719873,6.538089,3
155586083785899,4845262252,1.3304094,7.393224,6.6819572,3
155586086285899,4847762252,1.2810575,7.388438,6.823732,3
155586088785899,4850262252,1.2406785,7.402496,6.943971,3
155586091285899,4852762252,1.2134602,7.3666034,7.0522466,3
155586093785899,4855262252,1.2098709,7.339086,7.150053,3
155586096285899,4857762252,1.2239288,7.304091,7.2352977,3
155586098785899,4860262252,1.2469597,7.2646093,7.3226357,3
155586101285899,4862762252,1.2960125,7.2062845,7.4007015,3
155586103785899,4865262252,1.343869,7.1659055,7.4641113,3
155586106285899,4867762252,1.3983058,7.1249285,7.5122666,3
155586108785899,4870262252,1.4611173,7.0842505,7.5463643,3
155586111285899,4872762252,1.5257236,7.0432734,7.5693955,3
155586113785899,4875262252,1.5897316,6.984649,7.598707,3
155586116285899,4877762252,1.6483557,6.9556365,7.619046,3
155586118785899,4880262252,1.6920247,6.943373,7.6426754,3
155586121285899,4882762252,1.7177476,6.925128,7.641479,3
155586123785899,4885262252,1.7330018,6.9278197,7.626823,3
155586126285899,4887762252,1.7497516,6.923632,7.5921273,3
155586128785899,4890262252,1.7437695,6.926025,7.548159,3
155586131285899,4892762252,1.721935,6.931409,7.520642,3
155586133785899,4895262252,1.6875381,6.949056,7.46112,3
155586136285899,4897762252,1.6334006,6.9726853,7.4455667,3
155586138785899,4900262252,1.5732809,6.988538,7.4186473,3
155586141285899,4902762252,1.5071791,7.023533,7.3749785,3
155586143785899,4905262252,1.4306089,7.0555367,7.365108,3
155586146285899,4907762252,1.3600205,7.092326,7.344769,3
155586148785899,4910262252,1.2780664,7.1279197,7.3022966,3
155586151285899,4912762252,1.2044871,7.1632137,7.264909,3
155586153785899,4915262252,1.1282159,7.2068825,7.2344003,3
155586156285899,4917762252,1.0713863,7.2341013,7.198508,3
155586158785899,4920262252,1.006182,7.2711897,7.1937222,3
155586161285899,4922762252,0.9693923,7.300203,7.1712894,3
155586163785899,4925262252,0.94366944,7.314859,7.132705,3
155586166285899,4927762252,0.9343972,7.318747,7.1081786,3
155586168785899,4930262252,0.9451649,7.3178496,7.083054,3
155586171285899,4932762252,0.9732806,7.305587,7.0492554,3
155586173785899,4935262252,1.0073783,7.3011003,7.0262246,3
155586176285899,4937762252,1.049851,7.286444,7.003194,3
155586178785899,4940262252,1.1039885,7.268797,6.9705915,3
155586181285899,4942762252,1.1542379,7.255337,6.9469624,3
155586183785899,4945262252,1.1946167,7.240083,6.96102,3
155586186285899,4947762252,1.2400804,7.2263246,6.9373913,3
155586188785899,4950262252,1.2640085,7.2215385,6.9170523,3
155586191285899,4952762252,1.2903296,7.198209,6.895517,3
155586193785899,4955262252,1.2873386,7.1916285,6.8856463,3
155586196285899,4957762252,1.3022938,7.1766734,6.8653073,3
155586198785899,4960262252,1.3004991,7.166205,6.8650084,3
155586201285899,4962762252,1.2813566,7.1632137,6.8706913,3
155586203785899,4965262252,1.2532408,7.157232,6.8784676,3
155586206285899,4967762252,1.2236297,7.1422763,6.882356,3
155586208785899,4970262252,1.1973087,7.145866,6.8979096,3
155586211285899,4972762252,1.1641082,7.146464,6.91436,3
155586213785899,4975262252,1.1276177,7.1300135,6.9466634,3
155586216285899,4977762252,1.1036894,7.1012993,7.0112696,3
155586218785899,4980262252,1.0911272,7.1024957,7.068099,3
155586221285899,4982762252,1.07348,7.0815587,7.1216383,3
155586223785899,4985262252,1.0767702,7.068099,7.1862445,3
155586226285899,4987762252,1.0920244,7.0411797,7.2496543,3
155586228785899,4990262252,1.1150553,7.009176,7.3085775,3
155586231285899,4992762252,1.1270195,6.992127,7.359724,3
155586233785899,4995262252,1.1751751,6.955038,7.428817,3
155586236285899,4997762252,1.2089736,6.9170523,7.4862447,3
155586238785899,5000262252,1.2675978,6.8682985,7.54786,3
155586241285899,5002762252,1.334896,6.8249283,7.5885377,3
155586243785899,5005262252,1.4177474,6.7851477,7.6343007,3
155586246285899,5007762252,1.4961123,6.7387867,7.6657066,3
155586248785899,5010262252,1.570589,6.682256,7.676474,3
155586251285899,5012762252,1.6438692,6.6481586,7.7234335,3
155586253785899,5015262252,1.7156538,6.5886374,7.7165537,3
155586256285899,5017762252,1.8056837,6.5318074,7.693523,3
155586258785899,5020262252,1.8978075,6.480362,7.7066836,3
155586261285899,5022762252,1.974976,6.425327,7.7001033,3
155586263785899,5025262252,2.0488544,6.361319,7.6866436,3
155586266285899,5027762252,2.1364915,6.300003,7.6803627,3
155586268785899,5030262252,2.1655045,6.267102,7.637292,3
155586271285899,5032762252,2.207678,6.224031,7.589435,3
155586273785899,5035262252,2.2085752,6.192625,7.524231,3
155586276285899,5037762252,2.1768703,6.1770716,7.455736,3
155586278785899,5040262252,2.123331,6.18096,7.3698936,3
155586281285899,5042762252,2.036292,6.1995044,7.3196445,3
155586283785899,5045262252,1.9465612,6.2512493,7.268797,3
155586286285899,5047762252,1.8080766,6.298208,7.25444,3
155586288785899,5050262252,1.6854445,6.3939214,7.252047,3
155586291285899,5052762252,1.5684953,6.5018973,7.233802,3
155586293785899,5055262252,1.4476577,6.6095743,7.2248287,3
155586296285899,5057762252,1.355235,6.710073,7.213164,3
155586298785899,5060262252,1.2580265,6.8252273,7.190133,3
155586301285899,5062762252,1.1769696,6.914061,7.178767,3
155586303785899,5065262252,1.0989038,6.997511,7.1626153,3
155586306285899,5067762252,1.0274183,7.0561347,7.1476603,3
155586308785899,5070262252,0.9508479,7.114759,7.153044,3
155586311285899,5072762252,0.919143,7.1581287,7.1635127,3
155586313785899,5075262252,0.9077771,7.177571,7.166803,3
155586316285899,5077762252,0.9179466,7.1742806,7.157531,3
155586318785899,5080262252,0.9302098,7.159026,7.146165,3
155586321285899,5082762252,0.9619147,7.1192455,7.1691957,3
155586323785899,5085262252,1.0127622,7.064809,7.157232,3
155586326285899,5087762252,1.0809577,7.018149,7.153642,3
155586328785899,5090262252,1.1590235,6.9655066,7.1413794,3
155586331285899,5092762252,1.2352947,6.899704,7.1581287,3
155586333785899,5095262252,1.3058829,6.855736,7.172486,3
155586336285899,5097762252,1.3938192,6.7989063,7.1916285,3
155586338785899,5100262252,1.4721842,6.7441707,7.2272215,3
155586341285899,5102762252,1.5580267,6.687939,7.256833,3
155586343785899,5105262252,1.6372889,6.6445694,7.2822566,3
155586346285899,5107762252,1.719243,6.5958157,7.300801,3
155586348785899,5110262252,1.7880367,6.556334,7.313363,3
155586351285899,5112762252,1.8631115,6.518049,7.309176,3
155586353785899,5115262252,1.9172492,6.4791656,7.2900333,3
155586356285899,5117762252,1.9666011,6.4594245,7.273882,3
155586358785899,5120262252,1.9875383,6.43101,7.246065,3
155586361285899,5122762252,1.9911275,6.4151573,7.185048,3
155586363785899,5125262252,1.9809581,6.4002023,7.1476603,3
155586366285899,5127762252,1.9441684,6.3972116,7.0968127,3
155586368785899,5130262252,1.9115661,6.39093,7.0812597,3
155586371285899,5132762252,1.8574286,6.3981085,7.0749784,3
155586373785899,5135262252,1.817947,6.4052873,7.071389,3
155586376285899,5137762252,1.7518452,6.4238315,7.076773,3
155586378785899,5140262252,1.7207385,6.4289165,7.073483,3
155586381285899,5142762252,1.7030915,6.437291,7.088139,3
155586383785899,5145262252,1.6701902,6.4417777,7.1225357,3
155586386285899,5147762252,1.6603198,6.431608,7.1425757,3
155586388785899,5150262252,1.6669,6.419644,7.1482587,3
155586391285899,5152762252,1.6618153,6.3999033,7.16112,3
155586393785899,5155262252,1.6881363,6.3774705,7.1799636,3
155586396285899,5157762252,1.7123637,6.3427744,7.175477,3
155586398785899,5160262252,1.7485552,6.3158555,7.196713,3
155586401285899,5162762252,1.7641085,6.296713,7.2125654,3
155586403785899,5165262252,1.7793628,6.2844496,7.201798,3
155586406285899,5167762252,1.7907287,6.2730837,7.2089763,3
155586408785899,5170262252,1.7928224,6.2811594,7.196115,3
155586411285899,5172762252,1.7946169,6.295217,7.207481,3
155586413785899,5175262252,1.7632111,6.3236322,7.2041907,3
155586416285899,5177762252,1.7395821,6.35773,7.193124,3
155586418785899,5180262252,1.7129619,6.390033,7.1799636,3
155586421285899,5182762252,1.692922,6.4175506,7.1688967,3
155586423785899,5185262252,1.6648064,6.435796,7.1431737,3
155586426285899,5187762252,1.6339988,6.4698935,7.1446695,3
155586428785899,5190262252,1.5903298,6.4968123,7.125826,3
155586431285899,5192762252,1.5433706,6.5371914,7.126125,3
155586433785899,5195262252,1.5050855,6.5757756,7.13121,3
155586436285899,5197762252,1.4778671,6.6134624,7.1285176,3
155586438785899,5200262252,1.4497514,6.6538415,7.131808,3
155586441285899,5202762252,1.4518452,6.6738815,7.1416783,3
155586443785899,5205262252,1.434198,6.6969123,7.147959,3
155586446285899,5207762252,1.4440684,6.7019973,7.1653075,3
155586448785899,5210262252,1.4548361,6.696015,7.1706915,3
155586451285899,5212762252,1.4506488,6.6948185,7.199405,3
155586453785899,5215262252,1.4682958,6.6711893,7.2355967,3
155586456285899,5217762252,1.4808581,6.6445694,7.2655067,3
155586458785899,5220262252,1.4772689,6.6032934,7.3082786,3
155586461285899,5222762252,1.4596218,6.5964136,7.365108,3
155586463785899,5225262252,1.4536397,6.59103,7.4234333,3
155586466285899,5227762252,1.463211,6.5739813,7.4937224,3
155586468785899,5230262252,1.4853446,6.5578294,7.5436726,3
155586471285899,5232762252,1.512563,6.54766,7.576873,3
155586473785899,5235262252,1.5427724,6.5234327,7.5996046,3
155586476285899,5237762252,1.5732809,6.5147586,7.5954175,3
155586478785899,5240262252,1.5966109,6.4968123,7.602895,3
155586481285899,5242762252,1.6133606,6.469594,7.5433736,3
155586483785899,5245262252,1.634597,6.4731836,7.516454,3
155586486285899,5247762252,1.66361,6.467201,7.466504,3
155586488785899,5250262252,1.6827525,6.4591255,7.4183483,3
155586491285899,5252762252,1.7033906,6.4666033,7.372287,3
155586493785899,5255262252,1.7027924,6.474679,7.3345995,3
155586496285899,5257762252,1.7347964,6.4594245,7.2708907,3
155586498785899,5260262252,1.7449659,6.472585,7.240681,3
155586501285899,5262762252,1.7533408,6.4878397,7.200003,3
155586503785899,5265262252,1.7578273,6.489335,7.1632137,3
155586506285899,5267762252,1.7341982,6.509375,7.1168528,3
155586508785899,5270262252,1.7252251,6.5225353,7.0878396,3
155586511285899,5272762252,1.6914265,6.5371914,7.07767,3
155586513785899,5275262252,1.6597216,6.55095,7.043872,3
155586516285899,5277762252,1.625923,6.55424,7.044769,3
155586518785899,5280262252,1.5837495,6.584151,7.0286174,3
155586521285899,5282762252,1.5421742,6.600601,7.041778,3
155586523785899,5285262252,1.5071791,6.6146593,7.0585275,3
155586526285899,5287762252,1.4608182,6.643971,7.0582285,3
155586528785899,5290262252,1.4353945,6.669395,7.092027,3
155586531285899,5292762252,1.4006985,6.695118,7.092027,3
155586533785899,5295262252,1.3878372,6.715756,7.100402,3
155586536285899,5297762252,1.3737793,6.7334027,7.1063843,3
155586538785899,5300262252,1.3501502,6.741778,7.123732,3
155586541285899,5302762252,1.3334004,6.7498536,7.14108,3
155586543785899,5305262252,1.3319049,6.760621,7.1677003,3
155586546285899,5307762252,1.3133606,6.765407,7.18116,3
155586548785899,5310262252,1.3049856,6.7707906,7.1820574,3
155586551285899,5312762252,1.2882359,6.7890363,7.2065835,3
155586553785899,5315262252,1.2909278,6.783054,7.211369,3
155586556285899,5317762252,1.297209,6.7851477,7.2346992,3
155586558785899,5320262252,1.3106686,6.7704916,7.223932,3
155586561285899,5322762252,1.3480564,6.7642107,7.2678995,3
155586563785899,5325262252,1.3842479,6.7609205,7.2789664,3
155586566285899,5327762252,1.4174483,6.7447686,7.282855,3
155586568785899,5330262252,1.4458631,6.726823,7.2912297,3
155586571285899,5332762252,1.4697913,6.702595,7.2786674,3
155586573785899,5335262252,1.515255,6.700801,7.268797,3
155586576285899,5337762252,1.5197415,6.671489,7.237092,3
155586578785899,5340262252,1.5424733,6.6759753,7.233802,3
155586581285899,5342762252,1.5463617,6.665806,7.2041907,3
155586583785899,5345262252,1.5595222,6.658328,7.1712894,3
155586586285899,5347762252,1.585245,6.6571317,7.1542406,3
155586588785899,5350262252,1.5918252,6.6652074,7.1228347,3
155586591285899,5352762252,1.6061822,6.6517477,7.0435724,3
155586593785899,5355262252,1.6265212,6.658029,7.01785,3
155586596285899,5357762252,1.6241283,6.6681986,6.95444,3
155586598785899,5360262252,1.6226329,6.690332,6.903293,3
155586601285899,5362762252,1.6363916,6.704988,6.8575306,3
155586603785899,5365262252,1.6292131,6.7316084,6.8021965,3
155586606285899,5367762252,1.6322042,6.7785673,6.7561345,3
155586608785899,5370262252,1.6244274,6.7929244,6.7118673,3
155586611285899,5372762252,1.634896,6.8189464,6.6921268,3
155586613785899,5375262252,1.6088741,6.833004,6.663413,3
155586616285899,5377762252,1.5873387,6.8614187,6.646962,3
155586618785899,5380262252,1.5726827,6.885048,6.6278195,3
155586621285899,5382762252,1.5610176,6.9041905,6.623632,3
155586623785899,5385262252,1.5541383,6.914659,6.6038914,3
155586626285899,5387762252,1.5358931,6.922137,6.585646,3
155586628785899,5390262252,1.5302101,6.9373913,6.585646,3
155586631285899,5392762252,1.5206388,6.943971,6.5647087,3
155586633785899,5395262252,1.5191432,6.960422,6.5551376,3
155586636285899,5397762252,1.5098711,6.9646096,6.562316,3
155586638785899,5400262252,1.4916258,6.9619174,6.5548387,3
155586641285899,5402762252,1.4988043,6.945766,6.5757756,3
155586643785899,5405262252,1.4760724,6.9415784,6.58445,3
155586646285899,5407762252,1.466202,6.9394846,6.597311,3
155586648785899,5410262252,1.4533406,6.942476,6.62094,3
155586651285899,5412762252,1.4521443,6.9332037,6.649056,3
155586653785899,5415262252,1.4575281,6.929016,6.666105,3
155586656285899,5417762252,1.4754742,6.934101,6.6705914,3
155586658785899,5420262252,1.480559,6.93111,6.689734,3
155586661285899,5422762252,1.4739788,6.9158554,6.719345,3
155586663785899,5425262252,1.4617156,6.9158554,6.734599,3
155586666285899,5427762252,1.4413766,6.9065833,6.721439,3
155586668785899,5430262252,1.4195421,6.8919272,6.72114,3
155586671285899,5432762252,1.4045869,6.902396,6.7118673,3
155586673785899,5435262252,1.3848461,6.8988066,6.702595,3
155586676285899,5437762252,1.3716856,6.8979096,6.7031937,3
155586678785899,5440262252,1.372882,6.914659,6.6774707,3
155586681285899,5442762252,1.3677973,6.9248285,6.6705914,3
155586683785899,5445262252,1.3725829,6.9305115,6.6541405,3
155586686285899,5447762252,1.3716856,6.9358954,6.643074,3
155586688785899,5450262252,1.3836497,6.949056,6.632605,3
155586691285899,5452762252,1.3908281,6.9595246,6.6092753,3
155586693785899,5455262252,1.4069797,6.9678993,6.6092753,3
155586696285899,5457762252,1.4180465,6.9678993,6.594021,3
155586698785899,5460262252,1.4413766,6.95773,6.570691,3
155586701285899,5462762252,1.4563317,6.955337,6.5724854,3
155586703785899,5465262252,1.4826528,6.9526453,6.5515485,3
155586706285899,5467762252,1.5074782,6.9499536,6.5455666,3
155586708785899,5470262252,1.5209379,6.9472613,6.5398836,3
155586711285899,5472762252,1.5427724,6.942177,6.5374904,3
155586713785899,5475262252,1.547259,6.940083,6.5350976,3
155586716285899,5477762252,1.5517455,6.9448686,6.5234327,3
155586718785899,5480262252,1.532902,6.9502525,6.520741,3
155586721285899,5482762252,1.5314065,6.9652076,6.5201426,3
155586723785899,5485262252,1.5284154,6.955038,6.5198436,3
155586726285899,5487762252,1.532902,6.9732833,6.5222363,3
155586728785899,5490262252,1.532902,6.98435,6.5138617,3
155586731285899,5492762252,1.5337993,6.977471,6.512366,3
155586733785899,5495262252,1.5215361,6.9744797,6.5048885,3
155586736285899,5497762252,1.5197415,6.984649,6.5015984,3
155586738785899,5500262252,1.5062819,6.9993052,6.5001025,3
155586741285899,5502762252,1.4793626,7.007381,6.4878397,3
155586743785899,5505262252,1.4709877,7.0211396,6.476474,3
155586746285899,5507762252,1.4596218,7.0316086,6.471389,3
155586748785899,5510262252,1.4461622,7.042077,6.4740806,3
155586751285899,5512762252,1.4249259,7.043872,6.454639,3
155586753785899,5515262252,1.4096717,7.0633135,6.468996,3
155586756285899,5517762252,1.3830515,7.0722866,6.477969,3
155586758785899,5520262252,1.3561323,7.085447,6.495018,3
155586761285899,5522762252,1.3283156,7.0869427,6.5144596,3
155586763785899,5525262252,1.2879368,7.097411,6.53779,3
155586766285899,5527762252,1.250848,7.0926256,6.563812,3
155586768785899,5530262252,1.2370893,7.09771,6.5955167,3
155586771285899,5532762252,1.2191432,7.0761747,6.6077795,3
155586773785899,5535262252,1.2140584,7.0666037,6.628418,3
155586776285899,5537762252,1.2257234,7.049555,6.6655064,3
155586778785899,5540262252,1.218844,7.0357957,6.68106,3
155586781285899,5542762252,1.2074782,7.029814,6.7052875,3
155586783785899,5545262252,1.204188,7.0085773,6.71426,3
155586786285899,5547762252,1.1991032,6.995716,6.748059,3
155586788785899,5550262252,1.198505,6.995417,6.776773,3
155586791285899,5552762252,1.2008978,6.9894347,6.8201427,3
155586793785899,5555262252,1.2119647,6.975676,6.843473,3
155586796285899,5557762252,1.2385849,6.9819574,6.8784676,3
155586798785899,5560262252,1.2490535,6.9711895,6.89761,3
155586801285899,5562762252,1.2669996,6.962516,6.9116683,3
155586803785899,5565262252,1.2816557,6.957132,6.926025,3
155586806285899,5567762252,1.2969099,6.9352975,6.902994,3
155586808785899,5570262252,1.2999009,6.9263244,6.8988066,3
155586811285899,5572762252,1.3157533,6.9113693,6.890133,3
155586813785899,5575262252,1.3220345,6.9092755,6.8871417,3
155586816285899,5577762252,1.326222,6.905088,6.8775706,3
155586818785899,5580262252,1.3247265,6.916155,6.8688965,3
155586821285899,5582762252,1.3357933,6.9299135,6.88445,3
155586823785899,5585262252,1.3426726,6.943672,6.896414,3
155586826285899,5587762252,1.3301103,6.9532437,6.893722,3
155586828785899,5590262252,1.3085749,6.969395,6.9006014,3
155586831285899,5592762252,1.2960125,6.980761,6.8691955,3
155586833785899,5595262252,1.2466606,7.003493,6.8668027,3
155586836285899,5597762252,1.2299109,7.013064,6.8461647,3
155586838785899,5600262252,1.2212368,7.0211396,6.8201427,3
155586841285899,5602762252,1.2281163,7.0343003,6.800402,3
155586843785899,5605262252,1.227518,7.036693,6.769594,3
155586846285899,5607762252,1.2454642,7.042376,6.7516484,3
155586848785899,5610262252,1.2472588,7.0414786,6.7226353,3
155586851285899,5612762252,1.2604194,7.033403,6.6969123,3
155586853785899,5615262252,1.268196,7.042376,6.6825557,3
155586856285899,5617762252,1.2580265,7.0462646,6.6589265,3
155586858785899,5620262252,1.2472588,7.068398,6.6364937,3
155586861285899,5622762252,1.2598212,7.082456,6.623632,3
155586863785899,5625262252,1.2403795,7.0929246,6.6020966,3
155586866285899,5627762252,1.2427722,7.0893354,6.593722,3
155586868785899,5630262252,1.2496517,7.098009,6.574878,3
155586871285899,5632762252,1.2619148,7.1219373,6.5778694,3
155586873785899,5635262252,1.2714862,7.114161,6.567102,3
155586876285899,5637762252,1.2807583,7.1132636,6.561419,3
155586878785899,5640262252,1.2792628,7.1156564,6.5691953,3
155586881285899,5642762252,1.2876377,7.106085,6.545267,3
155586883785899,5645262252,1.3127624,7.106982,6.535696,3
155586886285899,5647762252,1.3103695,7.0926256,6.538388,3
155586888785899,5650262252,1.3405789,7.079465,6.5455666,3
155586891285899,5652762252,1.3654044,7.070791,6.559026,3
155586893785899,5655262252,1.3938192,7.0558357,6.5572314,3
155586896285899,5657762252,1.4219348,7.042675,6.5632133,3
155586898785899,5660262252,1.4617156,7.016055,6.573084,3
155586901285899,5662762252,1.4934205,6.9891357,6.57099,3
155586903785899,5665262252,1.5245271,6.9676003,6.5814586,3
155586906285899,5667762252,1.5493526,6.943971,6.5742803,3
155586908785899,5670262252,1.5879369,6.916155,6.5404816,3
155586911285899,5672762252,1.6148561,6.890133,6.5279193,3
155586913785899,5675262252,1.6486548,6.8578296,6.5279193,3
155586916285899,5677762252,1.6893328,6.838388,6.500402,3
155586918785899,5680262252,1.7204394,6.833004,6.4878397,3
155586921285899,5682762252,1.7306089,6.8150578,6.465108,3
155586923785899,5685262252,1.7162521,6.8078794,6.4462643,3
155586926285899,5687762252,1.6977077,6.7986073,6.4208403,3
155586928785899,5690262252,1.6731812,6.797411,6.4151573,3
155586931285899,5692762252,1.66361,6.7932234,6.4325056,3
155586933785899,5695262252,1.6639091,6.806384,6.434001,3
155586936285899,5697762252,1.6677973,6.815656,6.42443,3
155586938785899,5700262252,1.6764714,6.826424,6.43101,3
155586941285899,5702762252,1.6740786,6.841379,6.425028,3
155586943785899,5705262252,1.6818552,6.855138,6.4163537,3
155586946285899,5707762252,1.6875381,6.8712893,6.37089,3
155586948785899,5710262252,1.6860427,6.8805614,6.358627,3
155586951285899,5712762252,1.6902301,6.882356,6.315257,3
155586953785899,5715262252,1.6863418,6.895816,6.256334,3
155586956285899,5717762252,1.6788642,6.9000034,6.209375,3
155586958785899,5720262252,1.6588243,6.914061,6.1444693,3
155586961285899,5722762252,1.6238292,6.9538417,6.1067824,3
155586963785899,5725262252,1.6037893,6.9783683,6.0577297,3
155586966285899,5727762252,1.5565311,7.016055,6.026025,3
155586968785899,5730262252,1.5170496,7.071389,5.9709897,3
155586971285899,5732762252,1.4614165,7.123732,5.9383874,3
155586973785899,5735262252,1.4081762,7.1805615,5.9039907,3
155586976285899,5737762252,1.3639089,7.2305117,5.9024954,3
155586978785899,5740262252,1.352543,7.3103724,5.8824553,3
155586981285899,5742762252,1.3645071,7.346564,5.905187,3
155586983785899,5745262252,1.3857434,7.414759,5.8896337,3
155586986285899,5747762252,1.416551,7.45783,5.8920264,3
155586988785899,5750262252,1.4569299,7.4787674,5.875277,3
155586991285899,5752762252,1.5080764,7.489834,5.849554,3
155586993785899,5755262252,1.5634105,7.4802628,5.793622,3
155586996285899,5757762252,1.5873387,7.4626155,5.7260246,3
155586998785899,5760262252,1.6342978,7.461718,5.6736817,3
155587001285899,5762762252,1.6588243,7.4452677,5.629115,3
155587003785899,5765262252,1.654936,7.4386873,5.586344,3
155587006285899,5767762252,1.6420746,7.4506516,5.554938,3
155587008785899,5770262252,1.6175481,7.4533434,5.535795,3
155587011285899,5772762252,1.5873387,7.4506516,5.534898,3
155587013785899,5775262252,1.5556338,7.453942,5.5298133,3
155587016285899,5777762252,1.5287145,7.468897,5.531907,3
155587018785899,5780262252,1.4958133,7.454241,5.5453663,3
155587021285899,5782762252,1.4835501,7.461419,5.563612,3
155587023785899,5785262252,1.4563317,7.4709907,5.573183,3
155587026285899,5787762252,1.4264214,7.437192,5.5429735,3
155587028785899,5790262252,1.4141582,7.434799,5.5429735,3
155587031285899,5792762252,1.3941183,7.408777,5.5522456,3
155587033785899,5795262252,1.3531412,7.376773,5.532206,3
155587036285899,5797762252,1.3345969,7.348358,5.5166526,3
155587038785899,5800262252,1.3244274,7.3193455,5.535496,3
155587041285899,5802762252,1.3055838,7.285248,5.5648084,3
155587043785899,5805262252,1.2762718,7.2523465,5.608776,3
155587046285899,5807762252,1.2517453,7.1949186,5.682954,3
155587048785899,5810262252,1.2296118,7.1581287,5.7583275,3
155587051285899,5812762252,1.2044871,7.1132636,5.8354964,3
155587053785899,5815262252,1.1913266,7.0666037,5.925825,3
155587056285899,5817762252,1.1796615,7.0169525,6.0514483,3
155587058785899,5820262252,1.1581261,6.9858456,6.1851473,3
155587061285899,5822762252,1.1246266,6.9278197,6.285646,3
155587063785899,5825262252,1.1105688,6.9056864,6.398408,3
155587066285899,5827762252,1.0755738,6.8685975,6.5105715,3
155587068785899,5830262252,1.0399805,6.8392854,6.620641,3
155587071285899,5832762252,1.0190433,6.83091,6.7127647,3
155587073785899,5835262252,1.0169497,6.8195443,6.8368926,3
155587076285899,5837762252,1.0247263,6.821339,6.945766,3
155587078785899,5840262252,1.0342976,6.8201427,7.0558357,3
155587081285899,5842762252,1.0794622,6.8162546,7.190731,3
155587083785899,5845262252,1.1105688,6.8201427,7.295118,3
155587086285899,5847762252,1.1581261,6.817451,7.408478,3
155587088785899,5850262252,1.1937194,6.8165536,7.5035925,3
155587091285899,5852762252,1.2367902,6.8099732,7.5646095,3
155587093785899,5855262252,1.27687,6.8057857,7.6492558,3
155587096285899,5857762252,1.2927225,6.782755,7.7150583,3
155587098785899,5860262252,1.3085749,6.748657,7.778468,3
155587101285899,5862762252,1.2918252,6.7058854,7.8424764,3
155587103785899,5865262252,1.2816557,6.6622167,7.8957167,3
155587106285899,5867762252,1.2690933,6.631708,7.9351983,3
155587108785899,5870262252,1.2499508,6.596713,7.9893355,3
155587111285899,5872762252,1.230509,6.5491557,8.043773,3
155587113785899,5875262252,1.2104691,6.515357,8.059924,3
155587116285899,5877762252,1.1895319,6.4737816,8.083852,3
155587118785899,5880262252,1.1527423,6.430113,8.106285,3
155587121285899,5882762252,1.1219348,6.391229,8.112865,3
155587123785899,5885262252,1.0941181,6.352645,8.118249,3
155587126285899,5887762252,1.0785648,6.30419,8.103293,3
155587128785899,5890262252,1.0624132,6.261718,8.085049,3
155587131285899,5892762252,1.0570294,6.2147584,8.065009,3
155587133785899,5895262252,1.0459626,6.1806607,8.023732,3
155587136285899,5897762252,1.0546366,6.1531434,7.980961,3
155587138785899,5900262252,1.0486546,6.1360946,7.919645,3
155587141285899,5902762252,1.0319048,6.113064,7.8538423,3
155587143785899,5905262252,1.0097711,6.122635,7.8035927,3
155587146285899,5907762252,0.9765707,6.1118674,7.7497544,3
155587148785899,5910262252,0.9610174,6.114858,7.6797643,3
155587151285899,5912762252,0.93738824,6.125925,7.617551,3
155587153785899,5915262252,0.93260264,6.133403,7.5807614,3
155587156285899,5917762252,0.91615194,6.1387863,7.57119,3
155587158785899,5920262252,0.8967103,6.157929,7.530512,3
155587161285899,5922762252,0.8778668,6.189634,7.530213,3
155587163785899,5925262252,0.8569296,6.2180486,7.520941,3
155587166285899,5927762252,0.8341978,6.242276,7.515856,3
155587168785899,5930262252,0.8153543,6.2730837,7.519445,3
155587171285899,5932762252,0.80757767,6.290731,7.517052,3
155587173785899,5935262252,0.8141579,6.3140607,7.511369,3
155587176285899,5937762252,0.7935198,6.32423,7.541579,3
155587178785899,5940262252,0.8003992,6.3161545,7.5472617,3
155587181285899,5942762252,0.8246265,6.321239,7.54457,3
155587183785899,5945262252,0.8452646,6.316753,7.536793,3
155587186285899,5947762252,0.8470592,6.2919273,7.5376906,3
155587188785899,5950262252,0.8676973,6.276374,7.5266237,3
155587191285899,5952762252,0.88683987,6.262914,7.543074,3
155587193785899,5955262252,0.90119684,6.25095,7.5215387,3
155587196285899,5957762252,0.9077771,6.2398834,7.5176506,3
155587198785899,5960262252,0.8991031,6.235995,7.524231,3
155587201285899,5962762252,0.8964112,6.2144594,7.555936,3
155587203785899,5965262252,0.8874381,6.183951,7.5720873,3
155587206285899,5967762252,0.8739785,6.1680984,7.595118,3
155587208785899,5970262252,0.8557332,6.1534424,7.632506,3
155587211285899,5972762252,0.8276175,6.1504517,7.6552377,3
155587213785899,5975262252,0.799801,6.1477594,7.706085,3
155587216285899,5977762252,0.78454673,6.1627145,7.7560353,3
155587218785899,5980262252,0.770788,6.172884,7.8074813,3
155587221285899,5982762252,0.7686943,6.1905313,7.864012,3
155587223785899,5985262252,0.7402795,6.2051873,7.9091763,3
155587226285899,5987762252,0.74147594,6.2228346,7.9516487,3
155587228785899,5990262252,0.73399836,6.2312093,7.9884386,3
155587231285899,5992762252,0.7190432,6.2404814,8.016554,3
155587233785899,5995262252,0.7181459,6.2521462,8.033304,3
155587236285899,5997762252,0.70678,6.274579,8.031509,3
155587238785899,6000262252,0.71365935,6.278168,8.03779,3
155587241285899,6002762252,0.7163513,6.3047886,8.058727,3
155587243785899,6005262252,0.71007013,6.340681,8.06441,3
155587246285899,6007762252,0.7289136,6.3714886,8.058727,3
155587248785899,6010262252,0.7471589,6.4238315,8.065308,3
155587251285899,6012762252,0.7618149,6.480661,8.062616,3
155587253785899,6015262252,0.7728817,6.535397,8.065906,3
155587256285899,6017762252,0.80847496,6.6329045,8.06471,3
155587258785899,6020262252,0.8605189,6.6825557,8.035697,3
155587261285899,6022762252,0.9083753,6.748956,7.9917283,3
155587263785899,6025262252,0.974477,6.818348,7.9408813,3
155587266285899,6027762252,1.0342976,6.882356,7.8831544,3
155587268785899,6030262252,1.0854442,6.9361944,7.8290167,3
155587271285899,6032762252,1.1276177,6.9768724,7.7623167,3
155587273785899,6035262252,1.1527423,7.0154567,7.678269,3
155587276285899,6037762252,1.1919248,7.049854,7.580462,3
155587278785899,6040262252,1.2098709,7.0752773,7.495218,3
155587281285899,6042762252,1.2242279,7.0863442,7.388737,3
155587283785899,6045262252,1.2194422,7.0956163,7.301399,3
155587286285899,6047762252,1.2251252,7.085447,7.179664,3
155587288785899,6050262252,1.2047862,7.089036,7.116554,3
155587291285899,6052762252,1.1805589,7.0555367,7.047461,3
155587293785899,6055262252,1.1500504,7.030412,6.97777,3
155587296285899,6057762252,1.1147562,6.9966135,6.91107,3
155587298785899,6060262252,1.0743774,6.9508505,6.858727,3
155587301285899,6062762252,1.0280164,6.895517,6.838687,3
155587303785899,6065262252,1.0055838,6.8614187,6.8246293,3
155587306285899,6067762252,0.9774681,6.7968125,6.843772,3
155587308785899,6070262252,0.94277215,6.742376,6.864111,3
155587311285899,6072762252,0.93529457,6.6909304,6.8910303,3
155587313785899,6075262252,0.93649095,6.6278195,6.9296145,3
155587316285899,6077762252,0.9502497,6.5458655,6.9951177,3
155587318785899,6080262252,0.9508479,6.4869423,7.05105,3
155587321285899,6082762252,0.96430755,6.405885,7.0932236,3
155587323785899,6085262252,0.98524475,6.326025,7.1153574,3
155587326285899,6087762252,0.991825,6.2521462,7.185048,3
155587328785899,6090262252,1.0013963,6.166902,7.2341013,3
155587331285899,6092762252,1.0124631,6.0834527,7.2783685,3
155587333785899,6095262252,1.0253245,6.0137615,7.325926,3
155587336285899,6097762252,1.0513464,5.9353967,7.4036922,3
155587338785899,6100262252,1.070489,5.8618174,7.436893,3
155587341285899,6102762252,1.1207383,5.812166,7.492526,3
155587343785899,6105262252,1.1602199,5.7658052,7.5269227,3
155587346285899,6107762252,1.1949158,5.715556,7.559226,3
155587348785899,6110262252,1.2290136,5.6874404,7.620542,3
155587351285899,6112762252,1.2643076,5.6446686,7.666903,3
155587353785899,6115262252,1.2747762,5.621638,7.7416787,3
155587356285899,6117762252,1.2873386,5.605486,7.784151,3
155587358785899,6120262252,1.2903296,5.5908303,7.830213,3
155587361285899,6122762252,1.2897314,5.5926247,7.8717885,3
155587363785899,6125262252,1.2882359,5.606683,7.876873,3
155587366285899,6127762252,1.2903296,5.6171513,7.9013996,3
155587368785899,6130262252,1.3091731,5.641977,7.899007,3
155587371285899,6132762252,1.2951152,5.658726,7.9076805,3
155587373785899,6135262252,1.3094722,5.6706905,7.8909307,3
155587376285899,6137762252,1.3166506,5.7077794,7.880163,3
155587378785899,6140262252,1.3250256,5.735895,7.8520474,3
155587381285899,6142762252,1.3175479,5.770292,7.8320074,3
155587383785899,6145262252,1.3256238,5.811568,7.8003025,3
155587386285899,6147762252,1.3115659,5.8420763,7.7677007,3
155587388785899,6150262252,1.3064811,5.8896337,7.7177505,3
155587391285899,6152762252,1.2909278,5.9297137,7.685447,3
155587393785899,6155262252,1.2807583,5.9784675,7.646863,3
155587396285899,6157762252,1.2756736,5.9985075,7.5870423,3
155587398785899,6160262252,1.2735798,6.0457654,7.5604224,3
155587401285899,6162762252,1.256531,6.070292,7.4922266,3
155587403785899,6165262252,1.2403795,6.105885,7.4913297,3
155587406285899,6167762252,1.227518,6.1360946,7.493124,3
155587408785899,6170262252,1.212862,6.1591253,7.4802628,3
155587411285899,6172762252,1.1952149,6.1884375,7.48774,3
155587413785899,6175262252,1.1766706,6.221638,7.4997044,3
155587416285899,6177762252,1.1730813,6.2638116,7.5107713,3
155587418785899,6180262252,1.1835499,6.3011994,7.5314093,3
155587421285899,6182762252,1.1976078,6.3236322,7.5547395,3
155587423785899,6185262252,1.2272189,6.3547387,7.6136627,3
155587426285899,6187762252,1.2553346,6.4142604,7.658528,3
155587428785899,6190262252,1.2786646,6.5742803,7.7742805,3
155587431285899,6192762252,1.2813566,6.86441,8.154141,3
155587433785899,6195262252,1.3654044,7.09113,8.463115,3
155587436285899,6197762252,1.4318053,7.0453672,8.388339,3
155587438785899,6200262252,1.4721842,6.902994,8.012366,3
155587441285899,6202762252,1.4817554,6.7645097,7.584051,3
155587443785899,6205262252,1.5000007,6.693323,7.253842,3
155587446285899,6207762252,1.5200406,6.6858454,7.051349,3
155587448785899,6210262252,1.5314065,6.712167,6.9735823,3
155587451285899,6212762252,1.5520446,6.7591257,6.9930243,3
155587453785899,6215262252,1.5894325,6.8135624,7.066304,3
155587456285899,6217762252,1.6163517,6.8539414,7.123732,3
155587458785899,6220262252,1.6336997,6.8739815,7.1222367,3
155587461285899,6222762252,1.6292131,6.8671017,7.134799,3
155587463785899,6225262252,1.625624,6.8333035,7.159026,3
155587466285899,6227762252,1.5810575,6.767501,7.1688967,3
155587468785899,6230262252,1.5182459,6.704988,7.1491556,3
155587471285899,6232762252,1.4614165,6.619744,7.0675006,3
155587473785899,6235262252,1.3947165,6.550651,7.0118675,3
155587476285899,6237762252,1.3085749,6.4851475,6.998408,3
155587478785899,6240262252,1.2340983,6.430113,7.029515,3
155587481285899,6242762252,1.1599208,6.376573,7.103094,3
155587483785899,6245262252,1.0851451,6.341279,7.199704,3
155587486285899,6247762252,1.0564312,6.2979093,7.2990065,3
155587488785899,6250262252,1.0193424,6.2644095,7.3573313,3
155587491285899,6252762252,1.0058829,6.235397,7.370492,3
155587493785899,6255262252,0.9984053,6.198906,7.349854,3
155587496285899,6257762252,1.0046864,6.1645093,7.3169527,3
155587498785899,6260262252,0.9915259,6.131608,7.3100734,3
155587501285899,6262762252,1.0001999,6.1100726,7.2954173,3
155587503785899,6265262252,1.009472,6.113064,7.2903323,3
155587506285899,6267762252,1.0196415,6.109175,7.3136625,3
155587508785899,6270262252,1.0393823,6.1154566,7.3199434,3
155587511285899,6272762252,1.0519446,6.1325054,7.342675,3
155587513785899,6275262252,1.0716854,6.1504517,7.3869424,3
155587516285899,6277762252,1.0812567,6.1917276,7.4183483,3
155587518785899,6280262252,1.0983056,6.221937,7.493423,3
155587521285899,6282762252,1.1147562,6.25424,7.517052,3
155587523785899,6285262252,1.1380863,6.2676997,7.5257263,3
155587526285899,6287762252,1.1772687,6.2934227,7.520642,3
155587528785899,6290262252,1.2083755,6.303891,7.474879,3
155587531285899,6292762252,1.2266207,6.316753,7.3950186,3
155587533785899,6295262252,1.2586247,6.326324,7.3325057,3
155587536285899,6297762252,1.2610176,6.320342,7.2912297,3
155587538785899,6300262252,1.2439687,6.326025,7.262516,3
155587541285899,6302762252,1.2284154,6.326623,7.240681,3
155587543785899,6305262252,1.2080764,6.328418,7.2409806,3
155587546285899,6307762252,1.1883355,6.3511496,7.24786,3
155587548785899,6310262252,1.1793624,6.3481584,7.238887,3
155587551285899,6312762252,1.1647065,6.3744793,7.240382,3
155587553785899,6315262252,1.1398809,6.3801622,7.22782,3
155587556285899,6317762252,1.1234303,6.3831534,7.2122664,3
155587558785899,6320262252,1.1042876,6.4085774,7.205387,3
155587561285899,6322762252,1.0947163,6.4088764,7.192227,3
155587563785899,6325262252,1.0920244,6.4217377,7.1632137,3
155587566285899,6327762252,1.0956137,6.422635,7.1195445,3
155587568785899,6330262252,1.0815558,6.4384875,7.1243305,3
155587571285899,6332762252,1.090529,6.4537416,7.0953174,3
155587573785899,6335262252,1.1042876,6.4755764,7.0968127,3
155587576285899,6337762252,1.1027921,6.503991,7.1063843,3
155587578785899,6340262252,1.0968101,6.5261245,7.1252275,3
155587581285899,6342762252,1.0983056,6.5422764,7.1563344,3
155587583785899,6345262252,1.1132607,6.6020966,7.204789,3
155587586285899,6347762252,1.1252248,6.646962,7.260422,3
155587588785899,6350262252,1.1596217,6.6981087,7.307381,3
155587591285899,6352762252,1.195514,6.7483582,7.34776,3
155587593785899,6355262252,1.2544373,6.801,7.3893356,3
155587596285899,6357762252,1.2846466,6.860821,7.4306116,3
155587598785899,6360262252,1.3301103,6.913762,7.4446692,3
155587601285899,6362762252,1.3462619,6.9673014,7.4356966,3
155587603785899,6365262252,1.3821542,7.0169525,7.453942,3
155587606285899,6367762252,1.4213367,7.0606213,7.4389863,3
155587608785899,6370262252,1.4569299,7.0821567,7.4267235,3
155587611285899,6372762252,1.4784653,7.109375,7.4045897,3
155587613785899,6375262252,1.4916258,7.1222367,7.3920274,3
155587616285899,6377762252,1.4931214,7.120442,7.3247294,3
155587618785899,6380262252,1.4934205,7.1195445,7.2783685,3
155587621285899,6382762252,1.486541,7.096215,7.2068825,3
155587623785899,6385262252,1.4706886,7.079764,7.1132636,3
155587626285899,6387762252,1.4380864,7.0561347,7.045965,3
155587628785899,6390262252,1.4039887,7.0262246,6.9882383,3
155587631285899,6392762252,1.3594223,7.003194,6.9373913,3
155587633785899,6395262252,1.306182,7.003194,6.8775706,3
155587636285899,6397762252,1.259522,6.996015,6.8129644,3
155587638785899,6400262252,1.2143575,6.9933233,6.7576303,3
155587641285899,6402762252,1.1715858,7.003493,6.702894,3
155587643785899,6405262252,1.1291132,7.0169525,6.647261,3
155587646285899,6407762252,1.0974083,7.012466,6.6185474,3
155587648785899,6410262252,1.0516455,7.007082,6.5635123,3
155587651285899,6412762252,1.0037891,6.98435,6.512067,3
155587653785899,6415262252,0.9735797,6.960721,6.4585276,3
155587656285899,6417762252,0.9290134,6.919445,6.4055862,3
155587658785899,6420262252,0.8772686,6.8838515,6.349953,3
155587661285899,6422762252,0.881456,6.775277,6.075975,3
155587663785899,6425262252,0.8703892,6.8255267,5.7897334,3
155587666285899,6427762252,0.77647096,7.213463,6.24108,3
155587668785899,6430262252,0.7399804,7.3977103,6.9391856,3
155587671285899,6432762252,0.69960153,7.3250284,7.008877,3
155587673785899,6435262252,0.64576304,7.159325,6.587441,3
155587676285899,6437762252,0.6119644,7.0175505,6.0774703,3
155587678785899,6440262252,0.6029913,6.896414,5.7409797,3
155587681285899,6442762252,0.62452674,6.8258257,5.584848,3
155587683785899,6445262252,0.6652047,6.728019,5.5980086,3
155587686285899,6447762252,0.72442704,6.6394844,5.6410794,3
155587688785899,6450262252,0.80787677,6.571289,5.643472,3
155587691285899,6452762252,0.92572325,6.5344996,5.61087,3
155587693785899,6455262252,1.0304092,6.4968123,5.5944195,3
155587696285899,6457762252,1.1353943,6.4501524,5.6611195,3
155587698785899,6460262252,1.2329018,6.4028945,5.723632,3
155587701285899,6462762252,1.3166506,6.3451676,5.7610197,3
155587703785899,6465262252,1.384547,6.2814584,5.7577295,3
155587706285899,6467762252,1.4312071,6.2324057,5.732904,3
155587708785899,6470262252,1.4318053,6.230013,5.758627,3
155587711285899,6472762252,1.4063815,6.2380886,5.819644,3
155587713785899,6475262252,1.3890336,6.2416778,5.8800626,3
155587716285899,6477762252,1.3615161,6.236892,5.9748783,3
155587718785899,6480262252,1.3558332,6.22433,6.075676,3
155587721285899,6482762252,1.3531412,6.2111692,6.196513,3
155587723785899,6485262252,1.3609179,6.200402,6.2515483,3
155587726285899,6487762252,1.3573287,6.1944194,6.276673,3
155587728785899,6490262252,1.355235,6.198009,6.276075,3
155587731285899,6492762252,1.3334004,6.233004,6.2922263,3
155587733785899,6495262252,1.3214363,6.2697935,6.3161545,3
155587736285899,6497762252,1.3094722,6.3191457,6.3341007,3
155587738785899,6500262252,1.2936198,6.3858457,6.3544397,3
155587741285899,6502762252,1.2765709,6.4531436,6.376573,3
155587743785899,6505262252,1.2352947,6.541379,6.409774,3
155587746285899,6507762252,1.1916257,6.619744,6.491429,3
155587748785899,6510262252,1.1494522,6.7169523,6.556334,3
155587751285899,6512762252,1.0956137,6.8054867,6.6364937,3
155587753785899,6515262252,1.0564312,6.8952174,6.7229342,3
155587756285899,6517762252,1.0232308,6.9595246,6.821638,3
155587758785899,6520262252,0.9984053,7.012765,6.875477,3
155587761285899,6522762252,0.99661064,7.0788665,6.8895345,3
155587763785899,6525262252,0.9984053,7.123433,6.896115,3
155587766285899,6527762252,1.0019945,7.16112,6.88445,3
155587768785899,6530262252,1.0118649,7.1784678,6.889834,3
155587771285899,6532762252,1.0229317,7.2080793,6.9056864,3
155587773785899,6535262252,1.0295119,7.246065,6.9475603,3
155587776285899,6537762252,1.035494,7.2918277,6.989734,3
155587778785899,6540262252,1.0477573,7.3564343,7.0579295,3
155587781285899,6542762252,1.067498,7.4509506,7.138687,3
155587783785899,6545262252,1.0923235,7.5670023,7.217052,3
155587786285899,6547762252,1.1120644,7.6746798,7.2696943,3
155587788785899,6550262252,1.128515,7.793124,7.322037,3
155587791285899,6552762252,1.1560324,7.9163547,7.3926253,3
155587793785899,6555262252,1.204188,8.024929,7.415058,3
155587796285899,6557762252,1.2230315,8.12453,7.4156566,3
155587798785899,6560262252,1.2352947,8.227422,7.408179,3
155587801285899,6562762252,1.2164512,8.309974,7.368099,3
155587803785899,6565262252,1.1916257,8.353942,7.3163543,3
155587806285899,6567762252,1.1596217,8.3943205,7.2732835,3
155587808785899,6570262252,1.1467602,8.336594,7.246065,3
155587811285899,6572762252,1.1213365,8.268997,7.194021,3
155587813785899,6575262252,1.0836495,8.181958,7.1629148,3
155587816285899,6577762252,1.0447662,8.087741,7.1159554,3
155587818785899,6580262252,1.0055838,7.9998045,7.0845494,3
155587821285899,6582762252,0.97896355,7.9217386,7.059126,3
155587823785899,6585262252,0.92482597,7.8281193,7.0935225,3
