sensor_timestamp_ns,relative_to_audio_start_ns,x_m_s2,y_m_s2,z_m_s2,accuracy
161826856283519,5271597513,1.4243277,9.587143,2.0587249,3
161826858783519,5274097513,1.4243277,9.587143,2.0587249,3
161826861283519,5276597513,1.4243277,9.587143,2.0587249,3
161826863783519,5279097513,1.4243277,9.587143,2.0587249,3
161826866283519,-920662,1.4243277,9.587143,2.0587249,3
161826868783519,1579338,1.6803597,9.462418,2.3189442,3
161826871283519,4079338,1.9980069,9.321838,2.699403,3
161826873783519,6579338,2.059622,9.313464,2.8354948,3
161826876283519,9079338,2.1197417,9.305089,2.9676983,3
161826878783519,11579338,2.1323042,9.29163,3.0885358,3
161826881283519,14079338,2.1589243,9.299406,3.1782668,3
161826883783519,16579338,2.1804597,9.279964,3.1998022,3
161826886283519,19079338,2.1951156,9.244072,3.182454,3
161826888783519,21579338,2.2100708,9.201001,3.1145577,3
161826891283519,24079338,2.2178476,9.160921,3.022135,3
161826893783519,26579338,2.228017,9.122637,2.9129624,3
161826896283519,29079338,2.2205393,9.099008,2.7637103,3
161826898783519,31579338,2.2172494,9.080164,2.635395,3
161826901283519,34079338,2.2103698,9.067901,2.524727,3
161826903783519,36579338,2.2007985,9.083753,2.4281168,3
161826906283519,39079338,2.1822543,9.114262,2.350051,3
161826908783519,41579338,2.1577277,9.160921,2.298007,3
161826911283519,44079338,2.1400807,9.197711,2.2360928,3
161826913783519,46579338,2.1110678,9.237791,2.1795623,3
161826916283519,49079338,2.07368,9.28475,2.1164517,3
161826918783519,51579338,2.0500507,9.32124,2.0775683,3
161826921283519,54079338,2.0111675,9.342177,2.0267208,3
161826923783519,56579338,1.9881365,9.354142,1.9713868,3
161826926283519,59079338,1.9597218,9.364611,1.9193429,3
161826928783519,61579338,1.9280169,9.378669,1.8906289,3
161826931283519,64079338,1.905285,9.4019985,1.8394824,3
161826933783519,66579338,1.8831514,9.402896,1.7985053,3
161826936283519,69079338,1.8541385,9.410972,1.7668004,3
161826938783519,71579338,1.837987,9.417253,1.7024933,3
161826941283519,74079338,1.8290138,9.442079,1.6540387,3
161826943783519,76579338,1.8170497,9.442677,1.5699908,3
161826946283519,79079338,1.817947,9.436994,1.50359,3
161826948783519,81579338,1.8239291,9.445069,1.4497514,3
161826951283519,84079338,1.8610178,9.442079,1.4168501,3
161826953783519,86579338,1.8942182,9.434301,1.3860425,3
161826956283519,89079338,1.9295124,9.431609,1.3833506,3
161826958783519,91579338,1.9558334,9.431609,1.3836497,3
161826961283519,94079338,1.9839491,9.434301,1.3722838,3
161826963783519,96579338,1.9905293,9.447462,1.3761721,3
161826966283519,99079338,1.9830518,9.45494,1.3666009,3
161826968783519,101579338,1.9743778,9.4636135,1.3866407,3
161826971283519,104079338,1.9716859,9.460623,1.3968102,3
161826973783519,106579338,1.98365,9.446864,1.4386846,3
161826976283519,109079338,1.9797616,9.432806,1.509572,3
161826978783519,111579338,1.9830518,9.419645,1.5514464,3
161826981283519,114079338,1.9818554,9.421141,1.5951154,3
161826983783519,116579338,1.9746768,9.42473,1.6453646,3
161826986283519,119079338,1.9695921,9.417253,1.6794624,3
161826988783519,121579338,1.9797616,9.425328,1.7207385,3
161826991283519,124079338,1.9887347,9.462418,1.7623138,3
161826993783519,126579338,1.9839491,9.458828,1.7883358,3
161826996283519,129079338,1.9860427,9.480962,1.8239291,3
161826998783519,131579338,1.9800607,9.505189,1.8421743,3
161827001283519,134079338,1.9944177,9.529716,1.8329022,3
161827003783519,136579338,1.9962122,9.559326,1.8275183,3
161827006283519,139079338,2.0027926,9.585947,1.8083757,3
161827008783519,141579338,1.9992033,9.629316,1.815255,3
161827011283519,144079338,2.027319,9.654142,1.8038892,3
161827013783519,146579338,2.0359929,9.689436,1.8155541,3
161827016283519,149079338,2.059622,9.702297,1.8394824,3
161827018783519,151579338,2.0781665,9.716355,1.884946,3
161827021283519,154079338,2.0865414,9.733404,1.9229321,3
161827023783519,156579338,2.09701,9.725926,1.9519451,3
161827026283519,159079338,2.11705,9.727721,2.00698,3
161827028783519,161579338,2.1355941,9.721141,2.0599213,3
161827031283519,164079338,2.1385853,9.70469,2.1149561,3
161827033783519,166579338,2.1427727,9.68495,2.1843479,3
161827036283519,169079338,2.1388843,9.672387,2.2465613,3
161827038783519,171579338,2.11705,9.679865,2.3001008,3
161827041283519,174079338,2.0712872,9.71157,2.3557339,3
161827043783519,176579338,2.0195422,9.743873,2.388037,3
161827046283519,179079338,1.9435701,9.785448,2.39701,3
161827048783519,181579338,1.8541385,9.822836,2.3832514,3
161827051283519,184079338,1.7679968,9.865907,2.3461626,3
161827053783519,186579338,1.687239,9.90808,2.2839491,3
161827056283519,189079338,1.5661024,9.92483,2.225624,3
161827058783519,191579338,1.4665012,9.946665,2.1999013,3
161827061283519,194079338,1.3564314,9.974482,2.1520448,3
161827063783519,196579338,1.2391831,9.9909315,2.0874386,3
161827066283519,199079338,1.146162,10.021739,1.9929222,3
161827068783519,201579338,1.0746765,10.048958,1.8604196,3
161827071283519,204079338,1.0360922,10.05823,1.7117655,3
161827073783519,206579338,1.0031909,10.060922,1.5702899,3
161827076283519,209079338,0.98524475,10.058529,1.4321043,3
161827078783519,211579338,0.9951151,10.039087,1.3208381,3
161827081283519,214079338,1.0082756,10.018748,1.2152548,3
161827083783519,216579338,1.0319048,10.002896,1.122533,3
161827086283519,219079338,1.0615159,10.0011015,1.0597214,3
161827088783519,221579338,1.0588241,10.013365,0.9882358,3
161827091283519,224079338,1.0836495,10.028021,0.9550353,3
161827093783519,226579338,1.1117653,10.038489,0.9526425,3
161827096283519,229079338,1.1222339,10.052248,0.9454641,3
161827098783519,231579338,1.1539388,10.061221,0.9939187,3
161827101283519,234079338,1.1919248,10.057931,1.0357931,3
161827103783519,236579338,1.2221341,10.085448,1.0779666,3
161827106283519,239079338,1.2553346,10.087543,1.0950154,3
161827108783519,241579338,1.2951152,10.092029,1.1297114,3
161827111283519,244079338,1.3402798,10.0830555,1.1512468,3
161827113783519,246579338,1.384547,10.068997,1.1754742,3
161827116283519,249079338,1.4362918,10.054341,1.2385849,3
161827118783519,251579338,1.4964114,10.025927,1.308874,3
161827121283519,254079338,1.5640087,9.98824,1.3734802,3
161827123783519,256579338,1.6052849,9.950852,1.4569299,3
161827126283519,259079338,1.634597,9.911072,1.5248263,3
161827128783519,261579338,1.6680965,9.863813,1.5861423,3
161827131283519,264079338,1.7084754,9.835997,1.6525432,3
161827133783519,266579338,1.7353946,9.790234,1.7129619,3
161827136283519,269079338,1.7536399,9.769596,1.7575282,3
161827138783519,271579338,1.774278,9.70828,1.8329022,3
161827141283519,274079338,1.7593229,9.668798,1.8559331,3
161827143783519,276579338,1.7545372,9.626026,1.89362,3
161827146283519,279079338,1.753939,9.589237,1.928316,3
161827148783519,281579338,1.7644076,9.558429,1.9645073,3
161827151283519,284079338,1.7850457,9.516255,1.9998015,3
161827153783519,286579338,1.7814565,9.47827,2.0380867,3
161827156283519,289079338,1.8044873,9.423833,2.0952153,3
161827158783519,291579338,1.8071793,9.38794,2.14367,3
161827161283519,294079338,1.8317057,9.346066,2.1789641,3
161827163783519,296579338,1.8768703,9.300901,2.1774685,3
161827166283519,299079338,1.9235303,9.285947,2.1798615,3
161827168783519,301579338,1.9564316,9.260822,2.1355941,3
161827171283519,304079338,2.018645,9.25454,2.0685952,3
161827173783519,306579338,2.0548365,9.262318,1.9992033,3
161827176283519,309079338,2.0823538,9.283554,1.9465612,3
161827178783519,311579338,2.105983,9.295518,1.8834505,3
161827181283519,314079338,2.115255,9.324232,1.8343977,3
161827183783519,316579338,2.1302104,9.341579,1.8131614,3
161827186283519,319079338,2.1424735,9.345468,1.8053846,3
161827188783519,321579338,2.161616,9.346964,1.8194425,3
161827191283519,324079338,2.1906292,9.323035,1.8161523,3
161827193783519,326579338,2.2064817,9.291928,1.8155541,3
161827196283519,329079338,2.2145574,9.268299,1.8080766,3
161827198783519,331579338,2.2181466,9.227921,1.8116659,3
161827201283519,334079338,2.2322044,9.19143,1.7964116,3
161827203783519,336579338,2.2328026,9.153444,1.7892331,3
161827206283519,339079338,2.2534406,9.1211405,1.7413766,3
161827208783519,341579338,2.2764716,9.09153,1.6776677,3
161827211283519,344079338,2.318346,9.057432,1.6127625,3
161827213783519,346579338,2.3665016,9.019445,1.5571294,3
161827216283519,349079338,2.4355943,8.989535,1.4880366,3
161827218783519,351579338,2.5079772,8.964411,1.451247,3
161827221283519,354079338,2.6069803,8.932706,1.4653047,3
161827223783519,356579338,2.6907291,8.899506,1.4796617,3
161827226283519,359079338,2.7750762,8.875577,1.483251,3
161827228783519,361579338,2.8549366,8.856135,1.4757733,3
161827231283519,364079338,2.9150562,8.833703,1.4895321,3
161827233783519,366579338,2.9563324,8.819645,1.5029917,3
161827236283519,369079338,3.0005996,8.788837,1.5248263,3
161827238783519,371579338,3.0185459,8.790333,1.5209379,3
161827241283519,374079338,3.0242288,8.764012,1.524228,3
161827243783519,376579338,3.0272198,8.755637,1.5194423,3
161827246283519,379079338,3.0146575,8.730513,1.567598,3
161827248783519,381579338,3.0065815,8.729316,1.5544374,3
161827251283519,384079338,2.9341989,8.720642,1.6360924,3
161827253783519,386579338,2.9401808,8.710174,1.6803597,3
161827256283519,389079338,2.9437702,8.704191,1.698904,3
161827258783519,391579338,2.937788,8.702995,1.7419748,3
161827261283519,394079338,2.9180472,8.718549,1.8164514,3
161827263783519,396579338,2.8812575,8.749057,1.9076779,3
161827266283519,399079338,2.8606195,8.774779,2.0015962,3
161827268783519,401579338,2.8145576,8.799605,2.0368903,3
161827271283519,404079338,2.7616165,8.851649,2.0832512,3
161827273783519,406579338,2.7230322,8.889635,2.097309,3
161827276283519,409079338,2.708077,8.907282,2.0946171,3
161827278783519,411579338,2.6823542,8.923434,2.0584257,3
161827281283519,414079338,2.667399,8.922537,2.0003998,3
161827283783519,416579338,2.681756,8.913862,1.922633,3
161827286283519,419079338,2.7338,8.879765,1.8305093,3
161827288783519,421579338,2.7705896,8.862118,1.7117655,3
161827291283519,424079338,2.8091738,8.856435,1.5840486,3
161827293783519,426579338,2.847758,8.865408,1.4793626,3
161827296283519,429079338,2.8866415,8.8854475,1.3710874,3
161827298783519,431579338,2.922833,8.895318,1.2936198,3
161827301283519,434079338,2.9539394,8.917751,1.1790633,3
161827303783519,436579338,2.989832,8.946465,1.0881361,3
161827306283519,439079338,3.024827,8.967103,1.0331012,3
161827308783519,441579338,3.0619156,8.997611,1.0037891,3
161827311283519,444079338,3.1187453,9.01137,0.98674023,3
161827313783519,446579338,3.1746774,9.037991,0.98614204,3
161827316283519,449079338,3.2270205,9.0347,1.0109676,3
161827318783519,451579338,3.2763724,9.042477,1.0244272,3
161827321283519,454079338,3.319144,9.045467,1.0432707,3
161827323783519,456579338,3.3499517,9.047562,1.0773684,3
161827326283519,459079338,3.3822548,9.040383,1.1249257,3
161827328783519,461579338,3.4316068,9.026625,1.180858,3
161827331283519,464079338,3.4549367,9.013464,1.2445669,3
161827333783519,466579338,3.49053,9.016455,1.3378869,3
161827336283519,469079338,3.5374892,9.0015,1.4099708,3
161827338783519,471579338,3.5988052,8.975179,1.4901303,3
161827341283519,474079338,3.656532,8.945867,1.5897316,3
161827343783519,476579338,3.702893,8.91805,1.669592,3
161827346283519,479079338,3.7555351,8.88485,1.7440686,3
161827348783519,481579338,3.8054852,8.839984,1.8299111,3
161827351283519,484079338,3.8270206,8.813962,1.8768703,3
161827353783519,486579338,3.862315,8.772088,1.9127626,3
161827356283519,489079338,3.8955152,8.722437,1.9220347,3
161827358783519,491579338,3.9146578,8.7012005,1.931606,3
161827361283519,494079338,3.9275193,8.666505,1.9247267,3
161827363783519,496579338,3.9451663,8.642876,1.8972093,3
161827366283519,499079338,3.9478583,8.634201,1.8559331,3
161827368783519,501579338,3.9604206,8.62822,1.8089739,3
161827371283519,504079338,3.952345,8.635996,1.7482561,3
161827373783519,506579338,3.9305103,8.652447,1.6477575,3
161827376283519,509079338,3.8994036,8.672486,1.5439688,3
161827378783519,511579338,3.8724844,8.688339,1.4679967,3
161827381283519,514079338,3.8380876,8.711669,1.3875381,3
161827383783519,516579338,3.8264225,8.72124,1.3384851,3
161827386283519,519079338,3.8168511,8.723334,1.2969099,3
161827388783519,521579338,3.8276188,8.719745,1.247857,3
161827391283519,524079338,3.8443687,8.708379,1.1919248,3
161827393783519,526579338,3.8751762,8.711669,1.1069796,3
161827396283519,529079338,3.906582,8.679665,1.0214362,3
161827398783519,531579338,3.949653,8.641978,0.92931247,3
161827401283519,534079338,4.011567,8.592627,0.80548394,3
161827403783519,536579338,4.067499,8.543274,0.7193423,3
161827406283519,539079338,4.128516,8.487641,0.65982085,3
161827408783519,541579338,4.176373,8.446364,0.62153566,3
161827411283519,544079338,4.2128634,8.413164,0.61764735,3
161827413783519,546579338,4.240979,8.380861,0.63858455,3
161827416283519,549079338,4.262215,8.365607,0.6903293,3
161827418783519,551579338,4.290032,8.358727,0.7962117,3
161827421283519,554079338,4.339384,8.339585,0.94606227,3
161827423783519,556579338,4.4007,8.309076,1.0654043,3
161827426283519,559079338,4.5218368,8.30788,1.1629118,3
161827428783519,561579338,4.680959,8.323134,1.2212368,3
161827431283519,564079338,4.7563334,8.385049,1.2598212,3
161827433783519,566579338,4.6971107,8.445468,1.2963116,3
161827436283519,569079338,4.544269,8.478668,1.3543376,3
161827438783519,571579338,4.38395,8.497212,1.41356,3
161827441283519,574079338,4.249653,8.514859,1.4742779,3
161827443783519,576579338,4.1665025,8.555837,1.4934205,3
161827446283519,579079338,4.063312,8.612367,1.4889339,3
161827448783519,581579338,3.9526439,8.677571,1.480559,3
161827451283519,584079338,3.8246279,8.742476,1.4635102,3
161827453783519,586579338,3.7211382,8.775677,1.474577,3
161827456283519,589079338,3.6278183,8.81785,1.4874383,3
161827458783519,591579338,3.565904,8.851051,1.428216,3
161827461283519,594079338,3.5036905,8.875278,1.3534403,3
161827463783519,596579338,3.4612179,8.903394,1.2463615,3
161827466283519,599079338,3.4169507,8.914162,1.1159526,3
161827468783519,601579338,3.3837504,8.923733,1.0429716,3
161827471283519,604079338,3.3672996,8.931808,0.9906286,3
161827473783519,606579338,3.3547373,8.94796,0.95443714,3
161827476283519,609079338,3.3400812,8.963215,0.9735797,3
161827478783519,611579338,3.3409786,8.988638,1.0085747,3
161827481283519,614079338,3.3517463,8.982357,1.0277174,3
161827483783519,616579338,3.3574293,8.975478,1.0728818,3
161827486283519,619079338,3.3574293,8.973384,1.1084751,3
161827488783519,621579338,3.368197,8.962018,1.1467602,3
161827491283519,624079338,3.3684962,8.938688,1.1919248,3
161827493783519,626579338,3.353541,8.933903,1.2840484,3
161827496283519,629079338,3.3460634,8.912367,1.3992031,3
161827498783519,631579338,3.3466616,8.885149,1.50359,3
161827501283519,634079338,3.3349965,8.857033,1.6567305,3
161827503783519,636579338,3.333501,8.852845,1.8221345,3
161827506283519,639079338,3.330211,8.85135,2.0003998,3
161827508783519,641579338,3.3203406,8.8543415,2.1634107,3
161827511283519,644079338,3.3379877,8.8746805,2.3039892,3
161827513783519,646579338,3.3206396,8.897113,2.437688,3
161827516283519,649079338,3.2880373,8.924331,2.5205395,3
161827518783519,651579338,3.2359936,8.961121,2.5845475,3
161827521283519,654079338,3.182454,9.007183,2.6063821,3
161827523783519,656579338,3.1217363,9.018549,2.6222346,3
161827526283519,659079338,3.0496526,9.051749,2.6096723,3
161827528783519,661579338,2.969792,9.061021,2.5830522,3
161827531283519,664079338,2.899802,9.065508,2.5848467,3
161827533783519,666579338,2.8657043,9.070593,2.5600212,3
161827536283519,669079338,2.8298118,9.070593,2.5169504,3
161827538783519,671579338,2.7903304,9.065806,2.477768,3
161827541283519,674079338,2.751746,9.050552,2.4089742,3
161827543783519,676579338,2.7179475,9.067901,2.3425734,3
161827546283519,679079338,2.6859434,9.068199,2.3135605,3
161827548783519,681579338,2.6338995,9.086445,2.2618155,3
161827551283519,684079338,2.586342,9.105886,2.2145574,3
161827553783519,686579338,2.5354948,9.141181,2.164009,3
161827556283519,689079338,2.495415,9.171689,2.114657,3
161827558783519,691579338,2.4457638,9.186943,2.0584257,3
161827561283519,694079338,2.411068,9.220742,1.9935204,3
161827563783519,696579338,2.3769703,9.223733,1.931606,3
161827566283519,699079338,2.356033,9.242577,1.8610178,3
161827568783519,701579338,2.3309083,9.255139,1.797608,3
161827571283519,704079338,2.32702,9.266206,1.7252251,3
161827573783519,706579338,2.3222344,9.277272,1.6420746,3
161827576283519,709079338,2.3312075,9.288638,1.591227,3
161827578783519,711579338,2.3288147,9.309875,1.547259,3
161827581283519,714079338,2.3392832,9.315259,1.4820545,3
161827583783519,716579338,2.3679972,9.327521,1.4548361,3
161827586283519,719079338,2.379662,9.341281,1.416551,3
161827588783519,721579338,2.3889344,9.356833,1.4054842,3
161827591283519,724079338,2.400001,9.346066,1.4054842,3
161827593783519,726579338,2.4032912,9.352945,1.4204394,3
161827596283519,729079338,2.4038894,9.340084,1.4554343,3
161827598783519,731579338,2.4011974,9.343674,1.5116657,3
161827601283519,734079338,2.431706,9.324232,1.5987046,3
161827603783519,736579338,2.4598217,9.305388,1.6845472,3
161827606283519,739079338,2.4714868,9.306286,1.7736797,3
161827608783519,741579338,2.484348,9.285049,1.8717855,3
161827611283519,744079338,2.4948168,9.265308,1.96361,3
161827613783519,746579338,2.5292134,9.245567,2.0739791,3
161827616283519,749079338,2.565405,9.230613,2.1586251,3
161827618783519,751579338,2.5956144,9.197113,2.2351954,3
161827621283519,754079338,2.6303103,9.174979,2.306382,3
161827623783519,756579338,2.6647072,9.131908,2.3605196,3
161827626283519,759079338,2.6826532,9.099306,2.4427729,3
161827628783519,761579338,2.7332017,9.077172,2.4945176,3
161827631283519,764079338,2.7846475,9.057133,2.5791638,3
161827633783519,766579338,2.842374,9.043374,2.6425736,3
161827636283519,769079338,2.887838,9.037392,2.7008986,3
161827638783519,771579338,2.9210382,9.047262,2.737389,3
161827641283519,774079338,2.948855,9.056535,2.7209384,3
161827643783519,776579338,2.9614172,9.080762,2.7017958,3
161827646283519,779079338,2.981158,9.090333,2.6554348,3
161827648783519,781579338,2.996113,9.109775,2.588735,3
161827651283519,784079338,3.012863,9.125926,2.5286152,3
161827653783519,786579338,3.0215368,9.139686,2.4795625,3
161827656283519,789079338,3.0499516,9.1465645,2.4221346,3
161827658783519,791579338,3.074478,9.173783,2.3748765,3
161827661283519,794079338,3.0921252,9.208179,2.3114667,3
161827663783519,796579338,3.1013973,9.250952,2.1966112,3
161827666283519,799079338,3.0957143,9.302098,2.0931215,3
161827668783519,801579338,3.077768,9.326625,1.9920249,3
161827671283519,804079338,3.076871,9.355937,1.8604196,3
161827673783519,806579338,3.0723844,9.350553,1.7204394,3
161827676283519,809079338,3.0586255,9.364909,1.6070795,3
161827678783519,811579338,3.0505497,9.361918,1.4967105,3
161827681283519,814079338,3.0478578,9.359825,1.422533,3
161827683783519,816579338,3.0400813,9.369994,1.3746766,3
161827686283519,819079338,3.0412776,9.385248,1.3235301,3
161827688783519,821579338,3.039483,9.3975115,1.2640085,3
161827691283519,824079338,3.0122645,9.42174,1.2397813,3
161827693783519,826579338,3.0032916,9.436694,1.2017952,3
161827696283519,829079338,2.98714,9.435498,1.1413764,3
161827698783519,831579338,2.9748766,9.430114,1.0737791,3
161827701283519,834079338,2.9626136,9.406485,1.0319048,3
161827703783519,836579338,2.9748766,9.362516,0.983151,3
161827706283519,839079338,3.0014968,9.323035,0.9490533,3
161827708783519,841579338,3.0239296,9.287143,0.9765707,3
161827711283519,844079338,3.0681968,9.244072,1.0214362,3
161827713783519,846579338,3.091826,9.217452,1.0881361,3
161827716283519,849079338,3.1202407,9.192626,1.1766706,3
161827718783519,851579338,3.1339993,9.167801,1.2523435,3
161827721283519,854079338,3.1396823,9.154342,1.3444673,3
161827723783519,856579338,3.1348968,9.129216,1.4703895,3
161827726283519,859079338,3.140879,9.117252,1.5487545,3
161827728783519,861579338,3.1666017,9.086445,1.6384853,3
161827731283519,864079338,3.1956146,9.065508,1.7243278,3
161827733783519,866579338,3.2398818,9.044571,1.7985053,3
161827736283519,869079338,3.2880373,9.036794,1.8888344,3
161827738783519,871579338,3.3323047,9.020044,1.9728823,3
161827741283519,874079338,3.3714871,9.025128,2.074278,3
161827743783519,876579338,3.394219,9.035896,2.1804597,3
161827746283519,879079338,3.414857,9.034401,2.2734807,3
161827748783519,881579338,3.4417763,9.026625,2.3805594,3
161827751283519,884079338,3.458227,9.020343,2.457728,3
161827753783519,886579338,3.4672,9.042776,2.4999015,3
161827756283519,889079338,3.4911282,9.037691,2.5337,3
161827758783519,891579338,3.5231323,9.040682,2.527718,3
161827761283519,894079338,3.5237305,9.035896,2.5375884,3
161827763783519,896579338,3.5267215,9.025128,2.5226333,3
161827766283519,899079338,3.5279179,9.025128,2.484049,3
161827768783519,901579338,3.5446677,9.004191,2.4705894,3
161827771283519,904079338,3.539583,8.995218,2.4652054,3
161827773783519,906579338,3.5521452,8.96471,2.4592235,3
161827776283519,909079338,3.5715868,8.9521475,2.4592235,3
161827778783519,911579338,3.5907295,8.94467,2.4595225,3
161827781283519,914079338,3.6131623,8.920144,2.4439692,3
161827783783519,916579338,3.6439698,8.880961,2.4299114,3
161827786283519,919079338,3.6723845,8.869596,2.4086752,3
161827788783519,921579338,3.6891344,8.843574,2.4003003,3
161827791283519,924079338,3.7238302,8.827422,2.4074786,3
161827793783519,926579338,3.740879,8.821739,2.385345,3
161827796283519,929079338,3.7615173,8.82443,2.3688943,3
161827798783519,931579338,3.7860436,8.845966,2.359323,3
161827801283519,934079338,3.792624,8.882157,2.3431716,3
161827803783519,936579338,3.8123646,8.905488,2.3138595,3
161827806283519,939079338,3.8204405,8.914162,2.2947168,3
161827808783519,941579338,3.821936,8.921938,2.2648067,3
161827811283519,944079338,3.8359938,8.920742,2.2274187,3
161827813783519,946579338,3.828217,8.913264,2.2103698,3
161827816283519,949079338,3.8356948,8.894421,2.2007985,3
161827818783519,951579338,3.8246279,8.879466,2.1445673,3
161827821283519,954079338,3.8476589,8.866006,2.079961,3
161827823783519,956579338,3.8488553,8.839386,2.0491536,3
161827826283519,959079338,3.8587255,8.82473,2.0054846,3
161827828783519,961579338,3.862614,8.802596,1.9695921,3
161827831283519,964079338,3.8682969,8.783454,1.9414765,3
161827833783519,966579338,3.8611186,8.774181,1.9088743,3
161827836283519,969079338,3.8644085,8.768498,1.8729819,3
161827838783519,971579338,3.8584266,8.760423,1.8278174,3
161827841283519,974079338,3.856632,8.748159,1.7928224,3
161827843783519,976579338,3.841976,8.740084,1.7572291,3
161827846283519,979079338,3.8353956,8.708678,1.7123637,3
161827848783519,981579338,3.8374894,8.703294,1.6627127,3
161827851283519,984079338,3.8270206,8.672188,1.5945172,3
161827853783519,986579338,3.8123646,8.67129,1.5239289,3
161827856283519,989079338,3.813262,8.630313,1.468894,3
161827858783519,991579338,3.8108692,8.607881,1.4359927,3
161827861283519,994079338,3.8246279,8.580363,1.4234303,3
161827863783519,996579338,3.842275,8.559425,1.4174483,3
161827866283519,999079338,3.839284,8.556135,1.4467604,3
161827868783519,1001579338,3.8431723,8.534301,1.4820545,3
161827871283519,1004079338,3.8380876,8.529515,1.5511472,3
161827873783519,1006579338,3.8183467,8.535198,1.5900307,3
161827876283519,1009079338,3.786941,8.548658,1.66361,3
161827878783519,1011579338,3.7558343,8.563613,1.7626129,3
161827881283519,1014079338,3.7360935,8.583653,1.8457636,3
161827883783519,1016579338,3.6918263,8.62134,1.963311,3
161827886283519,1019079338,3.6520455,8.632407,2.038984,3
161827888783519,1021579338,3.6248271,8.667701,2.1131616,3
161827891283519,1024079338,3.5787654,8.671888,2.1921246,3
161827893783519,1026579338,3.5413775,8.687142,2.2268205,3
161827896283519,1029079338,3.502494,8.700901,2.239682,3
161827898783519,1031579338,3.4767714,8.695817,2.2471595,3
161827901283519,1034079338,3.4313076,8.685348,2.1936202,3
161827903783519,1036579338,3.411866,8.688339,2.1517458,3
161827906283519,1039079338,3.3819556,8.678469,2.0898316,3
161827908783519,1041579338,3.3634114,8.663513,2.0240288,3
161827911283519,1044079338,3.3559337,8.640781,1.9582262,3
161827913783519,1046579338,3.347559,8.616854,1.8942182,3
161827916283519,1049079338,3.3547373,8.610871,1.8311075,3
161827918783519,1051579338,3.3768709,8.580662,1.7805592,3
161827921283519,1054079338,3.3957145,8.567203,1.7653049,3
161827923783519,1056579338,3.405884,8.563314,1.7386848,3
161827926283519,1059079338,3.4226336,8.555239,1.7467605,3
161827928783519,1061579338,3.4420755,8.551051,1.7760726,3
161827931283519,1064079338,3.4612179,8.517252,1.8089739,3
161827933783519,1066579338,3.484847,8.517252,1.8454645,3
161827936283519,1069079338,3.5039897,8.508578,1.9187447,3
161827938783519,1071579338,3.5419757,8.499306,2.000998,3
161827941283519,1074079338,3.5608191,8.49482,2.0715861,3
161827943783519,1076579338,3.5814574,8.488837,2.158027,3
161827946283519,1079079338,3.600899,8.494222,2.2507489,3
161827948783519,1081579338,3.6176488,8.498408,2.30369,3
161827951283519,1084079338,3.630211,8.504091,2.3718855,3
161827953783519,1086579338,3.6424742,8.540583,2.3862424,3
161827956283519,1089079338,3.6373894,8.579466,2.373082,3
161827958783519,1091579338,3.6346977,8.606983,2.3276181,3
161827961283519,1094079338,3.6308093,8.621639,2.289632,3
161827963783519,1096579338,3.6367912,8.635697,2.2307088,3
161827966283519,1099079338,3.6376886,8.643773,2.1780667,3
161827968783519,1101579338,3.6454654,8.630911,2.108974,3
161827971283519,1104079338,3.6598222,8.638688,2.0611176,3
161827973783519,1106579338,3.6637106,8.625228,2.013261,3
161827976283519,1109079338,3.667898,8.629117,1.9791634,3
161827978783519,1111579338,3.682255,8.618947,1.9348962,3
161827981283519,1114079338,3.6783667,8.601898,1.9178474,3
161827983783519,1116579338,3.6726837,8.619545,1.9058832,3
161827986283519,1119079338,3.6667016,8.635697,1.9070797,3
161827988783519,1121579338,3.656233,8.653643,1.9085752,3
161827991283519,1124079338,3.650849,8.670094,1.9028922,3
161827993783519,1126579338,3.6658044,8.682058,1.9151554,3
161827996283519,1129079338,3.6583266,8.699705,1.9369899,3
161827998783519,1131579338,3.6610186,8.717052,1.9402801,3
161828001283519,1134079338,3.649952,8.742178,1.9764715,3
161828003783519,1136579338,3.6469607,8.774181,1.9980069,3
161828006283519,1139079338,3.6206398,8.815457,2.0108683,3
161828008783519,1141579338,3.5883367,8.858528,2.0060828,3
161828011283519,1144079338,3.568596,8.885149,2.0108683,3
161828013783519,1146579338,3.542574,8.906983,1.9809581,3
161828016283519,1149079338,3.5333018,8.932108,1.9375881,3
161828018783519,1151579338,3.5072799,8.934201,1.9474585,3
161828021283519,1154079338,3.5147574,8.935099,1.9438694,3
161828023783519,1156579338,3.5201411,8.956036,1.907977,3
161828026283519,1159079338,3.5150564,8.973683,1.8693926,3
161828028783519,1161579338,3.5004005,8.981161,1.8454645,3
161828031283519,1164079338,3.505485,8.995218,1.8131614,3
161828033783519,1166579338,3.4929228,9.031111,1.7814565,3
161828036283519,1169079338,3.484847,9.040981,1.7784654,3
161828038783519,1171579338,3.4842489,9.05474,1.7620147,3
161828041283519,1174079338,3.4995031,9.073284,1.7766708,3
161828043783519,1176579338,3.505485,9.099306,1.7997017,3
161828046283519,1179079338,3.531208,9.119945,1.8349959,3
161828048783519,1181579338,3.557529,9.145069,1.8801605,3
161828051283519,1184079338,3.5751762,9.148658,1.8933209,3
161828053783519,1186579338,3.592524,9.152845,1.9085752,3
161828056283519,1189079338,3.5799618,9.155538,1.9250258,3
161828058783519,1191579338,3.5745778,9.156734,1.9447666,3
161828061283519,1194079338,3.5668013,9.158828,1.9612173,3
161828063783519,1196579338,3.5706897,9.158528,1.9830518,3
161828066283519,1199079338,3.5796626,9.152845,2.01027,3
161828068783519,1201579338,3.5931222,9.167501,2.0341983,3
161828071283519,1204079338,3.6050863,9.158828,2.0416758,3
161828073783519,1206579338,3.6110685,9.153145,2.0590239,3
161828076283519,1209079338,3.615555,9.140582,2.076372,3
161828078783519,1211579338,3.6113675,9.12802,2.0754745,3
161828081283519,1214079338,3.6263227,9.122337,2.0632114,3
161828083783519,1216579338,3.6397824,9.115458,2.0404794,3
161828086283519,1219079338,3.6610186,9.099306,2.0279171,3
161828088783519,1221579338,3.667898,9.074481,2.033301,3
161828091283519,1224079338,3.6762729,9.055039,2.0341983,3
161828093783519,1226579338,3.6568313,9.063713,2.0324037,3
161828096283519,1229079338,3.629912,9.071789,2.0225334,3
161828098783519,1231579338,3.6164522,9.107981,2.021636,3
161828101283519,1234079338,3.5727832,9.113962,2.030908,3
161828103783519,1236579338,3.5201411,9.126525,2.030908,3
161828106283519,1239079338,3.4767714,9.145069,2.0204396,3
161828108783519,1241579338,3.4244282,9.14477,2.0081763,3
161828111283519,1244079338,3.3664024,9.15823,1.9851454,3
161828113783519,1246579338,3.3149567,9.163613,1.9677975,3
161828116283519,1249079338,3.2715867,9.16481,1.9271195,3
161828118783519,1251579338,3.228217,9.174381,1.9016958,3
161828121283519,1254079338,3.1893334,9.171689,1.8741783,3
161828123783519,1256579338,3.1435707,9.174082,1.8424734,3
161828126283519,1259079338,3.1157541,9.173783,1.8191434,3
161828128783519,1261579338,3.0840492,9.156136,1.7856439,3
161828131283519,1264079338,3.0699914,9.141181,1.7748762,3
161828133783519,1266579338,3.0801609,9.101101,1.7557336,3
161828136283519,1269079338,3.0909286,9.067601,1.750948,3
161828138783519,1271579338,3.1172497,9.025128,1.765604,3
161828141283519,1274079338,3.1510484,8.989535,1.8197416,3
161828143783519,1276579338,3.181856,8.984152,1.8681962,3
161828146283519,1279079338,3.2102706,8.964411,1.931307,3
161828148783519,1281579338,3.2413774,8.942876,2.0015962,3
161828151283519,1284079338,3.275475,8.925827,2.0865414,3
161828153783519,1286579338,3.3224342,8.903693,2.1595225,3
161828156283519,1289079338,3.359523,8.897412,2.2121646,3
161828158783519,1291579338,3.3927233,8.8701935,2.2767708,3
161828161283519,1294079338,3.4190445,8.86122,2.2956142,3
161828163783519,1296579338,3.460919,8.837293,2.3072793,3
161828166283519,1299079338,3.481258,8.809176,2.3494527,3
161828168783519,1301579338,3.4953158,8.779266,2.3889344,3
161828171283519,1304079338,3.531208,8.746664,2.4077778,3
161828173783519,1306579338,3.5533416,8.738289,2.4394827,3
161828176283519,1309079338,3.5886357,8.709874,2.469393,3
161828178783519,1311579338,3.611966,8.69821,2.4951158,3
161828181283519,1314079338,3.6320057,8.700004,2.4852455,3
161828183783519,1316579338,3.6789649,8.685647,2.4672992,3
161828186283519,1319079338,3.7007992,8.688339,2.4358935,3
161828188783519,1321579338,3.726223,8.69791,2.4125633,3
161828191283519,1324079338,3.7268212,8.703893,2.365006,3
161828193783519,1326579338,3.7474594,8.71466,2.3012972,3
161828196283519,1329079338,3.7429729,8.7367935,2.2621148,3
161828198783519,1331579338,3.7184465,8.763713,2.2010977,3
161828201283519,1334079338,3.69721,8.775976,2.1203399,3
161828203783519,1336579338,3.6789649,8.778967,2.0321047,3
161828206283519,1339079338,3.6544385,8.795418,1.9477576,3
161828208783519,1341579338,3.633202,8.822935,1.8741783,3
161828211283519,1344079338,3.626921,8.816056,1.8418752,3
161828213783519,1346579338,3.5958142,8.811869,1.8086748,3
161828216283519,1349079338,3.5688949,8.810971,1.7808583,3
161828218783519,1351579338,3.5509489,8.803793,1.771287,3
161828221283519,1354079338,3.5383866,8.8085785,1.7745771,3
161828223783519,1356579338,3.5069807,8.822637,1.7802601,3
161828226283519,1359079338,3.4938202,8.833404,1.8047864,3
161828228783519,1361579338,3.4890344,8.837293,1.8002999,3
161828231283519,1364079338,3.4770703,8.850752,1.806282,3
161828233783519,1366579338,3.4639099,8.859725,1.8026928,3
161828236283519,1369079338,3.461816,8.889037,1.8050855,3
161828238783519,1371579338,3.4633117,8.907581,1.7952151,3
161828241283519,1374079338,3.4606197,8.916854,1.8278174,3
161828243783519,1376579338,3.464508,8.906086,1.837987,3
161828246283519,1379079338,3.478566,8.913564,1.8795621,3
161828248783519,1381579338,3.4809587,8.919247,1.9094725,3
161828251283519,1384079338,3.4794633,8.919247,1.9304097,3
161828253783519,1386579338,3.490231,8.922537,1.9624137,3
161828256283519,1389079338,3.504588,8.926425,1.9848464,3
161828258783519,1391579338,3.5225341,8.932407,1.9791634,3
161828261283519,1394079338,3.5240295,8.955737,1.9671993,3
161828263783519,1396579338,3.5306098,8.974281,1.9627128,3
161828266283519,1399079338,3.528516,8.978169,1.9543378,3
161828268783519,1401579338,3.524927,8.989535,1.9477576,3
161828271283519,1404079338,3.5153556,8.997013,1.9363917,3
161828273783519,1406579338,3.5153556,9.019445,1.9295124,3
161828276283519,1409079338,3.5111682,9.020343,1.9076779,3
161828278783519,1411579338,3.508177,9.02453,1.8840487,3
161828281283519,1414079338,3.501597,9.025428,1.855634,3
161828283783519,1416579338,3.5177484,9.025727,1.8239291,3
161828286283519,1419079338,3.528516,9.027821,1.815255,3
161828288783519,1421579338,3.551547,9.010174,1.8125632,3
161828291283519,1424079338,3.5757744,9.0015,1.8176479,3
161828293783519,1426579338,3.589533,9.014361,1.8373886,3
161828296283519,1429079338,3.600899,8.999106,1.8604196,3
161828298783519,1431579338,3.6014972,8.993723,1.8681962,3
161828301283519,1434079338,3.5976088,9.000901,1.8813568,3
161828303783519,1436579338,3.5910287,9.017352,1.8969102,3
161828306283519,1439079338,3.5548372,9.026923,1.905285,3
161828308783519,1441579338,3.5252259,9.031111,1.8999012,3
161828311283519,1444079338,3.5021951,9.026026,1.89362,3
161828313783519,1446579338,3.4773695,9.020343,1.8810577,3
161828316283519,1449079338,3.4597225,9.022138,1.8774685,3
161828318783519,1451579338,3.4432719,9.023035,1.8882362,3
161828321283519,1454079338,3.4283166,9.015857,1.9142581,3
161828323783519,1456579338,3.4157543,8.9979105,1.9462621,3
161828326283519,1459079338,3.4250264,8.987442,1.9495523,3
161828328783519,1461579338,3.4085758,8.985947,1.969293,3
161828331283519,1464079338,3.4064822,8.99492,1.9938195,3
161828333783519,1466579338,3.4013975,9.002397,2.0003998,3
161828336283519,1469079338,3.3849468,8.994022,2.0001006,3
161828338783519,1471579338,3.3792639,8.993723,1.9872392,3
161828341283519,1474079338,3.37717,8.99133,1.9683957,3
161828343783519,1476579338,3.3586257,8.99133,1.9396819,3
161828346283519,1479079338,3.3349965,8.989237,1.9310079,3
161828348783519,1481579338,3.3254254,8.98804,1.8879371,3
161828351283519,1484079338,3.3017962,8.983554,1.8496519,3
161828353783519,1486579338,3.2844481,8.981759,1.8113668,3
161828356283519,1489079338,3.2647073,8.985947,1.7554345,3
161828358783519,1491579338,3.2703903,8.978767,1.7069799,3
161828361283519,1494079338,3.269194,8.987442,1.6462619,3
161828363783519,1496579338,3.281158,8.99492,1.6121643,3
161828366283519,1499079338,3.2913275,9.002397,1.5714862,3
161828368783519,1501579338,3.2889347,8.993423,1.5248263,3
161828371283519,1504079338,3.2952158,8.99133,1.4970096,3
161828373783519,1506579338,3.293122,9.002696,1.4503496,3
161828376283519,1509079338,3.2979078,8.988937,1.43689,3
161828378783519,1511579338,3.2976086,9.0131645,1.410569,3
161828381283519,1514079338,3.2742786,9.022736,1.3881363,3
161828383783519,1516579338,3.260819,9.038888,1.3654044,3
161828386283519,1519079338,3.2509487,9.061021,1.3603196,3
161828388783519,1521579338,3.2398818,9.068798,1.3887345,3
161828391283519,1524079338,3.2279177,9.086145,1.4437693,3
161828393783519,1526579338,3.225226,9.091828,1.4997016,3
161828396283519,1529079338,3.2309089,9.091828,1.5744773,3
161828398783519,1531579338,3.2395828,9.085547,1.6722839,3
161828401283519,1534079338,3.2560334,9.082257,1.7560327,3
161828403783519,1536579338,3.2826536,9.068199,1.8550358,3
161828406283519,1539079338,3.3209388,9.055637,1.9378872,3
161828408783519,1541579338,3.3409786,9.05474,2.004288,3
161828411283519,1544079338,3.3619158,9.06132,2.0835502,3
161828413783519,1546579338,3.3786657,9.06132,2.126621,3
161828416283519,1549079338,3.397509,9.052945,2.184946,3
161828418783519,1551579338,3.4432719,9.057432,2.1999013,3
161828421283519,1554079338,3.460919,9.072088,2.2184458,3
161828423783519,1556579338,3.4761732,9.063115,2.216651,3
161828426283519,1559079338,3.4965122,9.065508,2.2262223,3
161828428783519,1561579338,3.5096726,9.062816,2.1972094,3
161828431283519,1564079338,3.5004005,9.057432,2.1664019,3
161828433783519,1566579338,3.495914,9.052347,2.105983,3
161828436283519,1569079338,3.4660037,9.05115,2.0644078,3
161828438783519,1571579338,3.429513,9.06132,2.006681,3
161828441283519,1574079338,3.400201,9.080762,1.966003,3
161828443783519,1576579338,3.356233,9.073284,1.9199411,3
161828446283519,1579079338,3.3338,9.073584,1.8744774,3
161828448783519,1581579338,3.3008988,9.08794,1.84696,3
161828451283519,1584079338,3.277868,9.089735,1.8047864,3
161828453783519,1586579338,3.2560334,9.0798645,1.7410775,3
161828456283519,1589079338,3.2279177,9.08136,1.7042879,3
161828458783519,1591579338,3.2102706,9.068199,1.6716857,3
161828461283519,1594079338,3.2177482,9.038888,1.6384853,3
161828463783519,1596579338,3.2123644,9.017652,1.6381862,3
161828466283519,1599079338,3.2267213,8.993125,1.6265212,3
161828468783519,1601579338,3.2285159,8.974879,1.6417755,3
161828471283519,1604079338,3.2356944,8.95125,1.6420746,3
161828473783519,1606579338,3.2413774,8.933304,1.6633109,3
161828476283519,1609079338,3.255136,8.920443,1.6827525,3
161828478783519,1611579338,3.2745779,8.900702,1.6995022,3
161828481283519,1614079338,3.3029926,8.878867,1.7252251,3
161828483783519,1616579338,3.3224342,8.882756,1.7521443,3
161828486283519,1619079338,3.35384,8.8681,1.806282,3
161828488783519,1621579338,3.3762727,8.849555,1.8415761,3
161828491283519,1624079338,3.397808,8.857332,1.8927227,3
161828493783519,1626579338,3.4151561,8.873184,1.9310079,3
161828496283519,1629079338,3.4133615,8.909077,1.9645073,3
161828498783519,1631579338,3.4076786,8.9566345,1.9588244,3
161828501283519,1634079338,3.379862,8.995218,1.9462621,3
161828503783519,1636579338,3.3517463,9.049356,1.9214365,3
161828506283519,1639079338,3.3086755,9.074182,1.8981066,3
161828508783519,1641579338,3.2886357,9.0951185,1.8765712,3
161828511283519,1644079338,3.269493,9.115458,1.8281165,3
161828513783519,1646579338,3.263212,9.13131,1.7736797,3
161828516283519,1649079338,3.2554352,9.11785,1.7533408,3
161828518783519,1651579338,3.2416766,9.1002035,1.7255242,3
161828521283519,1654079338,3.2676985,9.073882,1.7156538,3
161828523783519,1656579338,3.280859,9.060722,1.7273189,3
161828526283519,1659079338,3.3026934,9.049655,1.7440686,3
161828528783519,1661579338,3.3454652,9.047262,1.7802601,3
161828531283519,1664079338,3.3822548,9.041281,1.8248264,3
161828533783519,1666579338,3.437589,9.050852,1.8592232,3
161828536283519,1669079338,3.467499,9.050552,1.8553349,3
161828538783519,1671579338,3.4893336,9.06162,1.8511474,3
161828541283519,1674079338,3.516552,9.056235,1.8490537,3
161828543783519,1676579338,3.5303106,9.046365,1.852942,3
161828546283519,1679079338,3.5356946,9.034401,1.8427725,3
161828548783519,1681579338,3.5327036,9.0233345,1.8257236,3
161828551283519,1684079338,3.5105698,9.0029955,1.8134605,3
161828553783519,1686579338,3.5030923,8.994022,1.8349959,3
161828556283519,1689079338,3.4839497,8.982357,1.8182461,3
161828558783519,1691579338,3.4663026,8.96471,1.8158532,3
161828561283519,1694079338,3.4627135,8.950652,1.8257236,3
161828563783519,1696579338,3.4570305,8.950353,1.8346968,3
161828566283519,1699079338,3.4393835,8.936594,1.8314066,3
161828568783519,1701579338,3.4399817,8.939884,1.8445672,3
161828571283519,1704079338,3.4504502,8.934201,1.852942,3
161828573783519,1706579338,3.44716,8.936893,1.8475581,3
161828576283519,1709079338,3.426522,8.933005,1.8421743,3
161828578783519,1711579338,3.4055848,8.928518,1.837987,3
161828581283519,1714079338,3.3984063,8.907282,1.8490537,3
161828583783519,1716579338,3.411866,8.924032,1.8418752,3
161828586283519,1719079338,3.4025939,8.913264,1.8646071,3
161828588783519,1721579338,3.4214373,8.895318,1.8885353,3
161828591283519,1724079338,3.4549367,8.886046,1.9097716,3
161828593783519,1726579338,3.4884362,8.879765,1.934298,3
161828596283519,1729079338,3.5123646,8.874979,1.9558334,3
161828598783519,1731579338,3.5551362,8.878867,1.9698912,3
161828601283519,1734079338,3.5790644,8.861818,1.9869401,3
161828603783519,1736579338,3.6080775,8.843574,1.9914266,3
161828606283519,1739079338,3.6308093,8.845368,2.0003998,3
161828608783519,1741579338,3.6625142,8.84806,2.018944,3
161828611283519,1744079338,3.676871,8.848359,2.0312073,3
161828613783519,1746579338,3.7061832,8.862716,2.044966,3
161828616283519,1749079338,3.7304106,8.838788,2.0467606,3
161828618783519,1751579338,3.772584,8.849555,2.0518453,3
161828621283519,1754079338,3.802195,8.835498,2.062613,3
161828623783519,1756579338,3.8294137,8.833404,2.0524435,3
161828626283519,1759079338,3.8560338,8.829515,2.0315065,3
161828628783519,1761579338,3.8703907,8.820244,2.0192432,3
161828631283519,1764079338,3.8835511,8.8238325,1.992324,3
161828633783519,1766579338,3.8814573,8.808877,1.9869401,3
161828636283519,1769079338,3.8608193,8.79482,1.9615164,3
161828638783519,1771579338,3.8398821,8.811869,1.9331015,3
161828641283519,1774079338,3.8081772,8.816056,1.9190438,3
161828643783519,1776579338,3.7651064,8.82443,1.931606,3
161828646283519,1779079338,3.7310088,8.839087,1.8915263,3
161828648783519,1781579338,3.700201,8.854042,1.8771694,3
161828651283519,1784079338,3.6553357,8.882457,1.8765712,3
161828653783519,1786579338,3.611966,8.8956175,1.8427725,3
161828656283519,1789079338,3.5736806,8.893225,1.8263218,3
161828658783519,1791579338,3.5339,8.892327,1.8065811,3
161828661283519,1794079338,3.5009987,8.901001,1.7865412,3
161828663783519,1796579338,3.4567313,8.893523,1.7856439,3
161828666283519,1799079338,3.4202409,8.895318,1.7557336,3
161828668783519,1801579338,3.3864422,8.891729,1.7476579,3
161828671283519,1804079338,3.3616166,8.893523,1.7560327,3
161828673783519,1806579338,3.3343983,8.907581,1.7736797,3
161828676283519,1809079338,3.3140593,8.903394,1.7805592,3
161828678783519,1811579338,3.309573,8.889635,1.7982062,3
161828681283519,1814079338,3.2937205,8.9057865,1.8562322,3
161828683783519,1816579338,3.3083763,8.91476,1.8753748,3
161828686283519,1819079338,3.3137603,8.915657,1.8957137,3
161828688783519,1821579338,3.3317065,8.9108715,1.9178474,3
161828691283519,1824079338,3.3553355,8.916255,1.9334008,3
161828693783519,1826579338,3.3658042,8.909974,1.9543378,3
161828696283519,1829079338,3.3834512,8.902796,1.9558334,3
161828698783519,1831579338,3.4366915,8.875577,1.9773688,3
161828701283519,1834079338,3.482155,8.863015,1.9848464,3
161828703783519,1836579338,3.5288153,8.845667,2.0141585,3
161828706283519,1839079338,3.5715868,8.8346,2.0231316,3
161828708783519,1841579338,3.5943186,8.830413,2.0078773,3
161828711283519,1844079338,3.618247,8.833105,1.9842482,3
161828713783519,1846579338,3.6050863,8.83131,1.96032,3
161828716283519,1849079338,3.6230326,8.837591,1.907977,3
161828718783519,1851579338,3.6275191,8.837591,1.8589242,3
161828721283519,1854079338,3.6338003,8.839386,1.8188443,3
161828723783519,1856579338,3.6248271,8.8238325,1.7769699,3
161828726283519,1859079338,3.6188452,8.820542,1.7545372,3
161828728783519,1861579338,3.6137605,8.800503,1.7383857,3
161828731283519,1864079338,3.5814574,8.807083,1.7330018,3
161828733783519,1866579338,3.586243,8.809176,1.7177476,3
161828736283519,1869079338,3.5766716,8.812167,1.7401803,3
161828738783519,1871579338,3.5682967,8.803793,1.7599211,3
161828741283519,1874079338,3.572185,8.810672,1.8017955,3
161828743783519,1876579338,3.577569,8.807681,1.8493528,3
161828746283519,1879079338,3.5823545,8.80469,1.8762721,3
161828748783519,1881579338,3.5844483,8.806186,1.9127626,3
161828751283519,1884079338,3.5937204,8.812766,1.934298,3
161828753783519,1886579338,3.6053855,8.811869,1.9728823,3
161828756283519,1889079338,3.6134613,8.807981,2.009971,3
161828758783519,1891579338,3.6134613,8.819047,2.0144575,3
161828761283519,1894079338,3.6463625,8.826225,2.0225334,3
161828763783519,1896579338,3.638885,8.815159,2.0386848,3
161828766283519,1899079338,3.6314075,8.815159,2.0386848,3
161828768783519,1901579338,3.6320057,8.8136635,2.0479572,3
161828771283519,1904079338,3.633202,8.82114,2.0380867,3
161828773783519,1906579338,3.6409788,8.812467,2.0198414,3
161828776283519,1909079338,3.635894,8.820542,2.0219352,3
161828778783519,1911579338,3.632604,8.8238325,1.9884356,3
161828781283519,1914079338,3.6317065,8.825927,1.969293,3
161828783783519,1916579338,3.629613,8.839386,1.9295124,3
161828786283519,1919079338,3.6254253,8.852547,1.905285,3
161828788783519,1921579338,3.60389,8.867801,1.8966111,3
161828791283519,1924079338,3.600899,8.883952,1.8622142,3
161828793783519,1926579338,3.5874393,8.897711,1.8200407,3
161828796283519,1929079338,3.5491543,8.911469,1.7721843,3
161828798783519,1931579338,3.5318062,8.936893,1.7694924,3
161828801283519,1934079338,3.5261233,8.940782,1.7344973,3
161828803783519,1936579338,3.5174494,8.941978,1.704587,3
161828806283519,1939079338,3.5177484,8.941081,1.701596,3
161828808783519,1941579338,3.5072799,8.934501,1.7063817,3
161828811283519,1944079338,3.499204,8.952746,1.6797615,3
161828813783519,1946579338,3.5102708,8.946166,1.7024933,3
161828816283519,1949079338,3.522235,8.935996,1.687239,3
161828818783519,1951579338,3.5273197,8.930313,1.6890336,3
161828821283519,1954079338,3.5201411,8.938688,1.6926229,3
161828823783519,1956579338,3.5001013,8.947362,1.6830516,3
161828826283519,1959079338,3.4869409,8.981161,1.7228323,3
161828828783519,1961579338,3.469892,9.002397,1.704587,3
161828831283519,1964079338,3.4639099,8.999406,1.6893328,3
161828833783519,1966579338,3.4420755,9.004789,1.6782659,3
161828836283519,1969079338,3.4127634,9.009276,1.6674982,3
161828838783519,1971579338,3.3927233,9.004491,1.6363916,3
161828841283519,1974079338,3.3565319,9.007482,1.6124634,3
161828843783519,1976579338,3.3436706,9.004491,1.5714862,3
161828846283519,1979079338,3.3502507,8.983254,1.5409778,3
161828848783519,1981579338,3.3469608,8.969795,1.5089738,3
161828851283519,1984079338,3.339483,8.944371,1.4778671,3
161828853783519,1986579338,3.3367913,8.929715,1.4757733,3
161828856283519,1989079338,3.3499517,8.9108715,1.4814563,3
161828858783519,1991579338,3.3574293,8.886345,1.5101702,3
161828861283519,1994079338,3.3813574,8.872287,1.5251254,3
161828863783519,1996579338,3.4214373,8.876474,1.5652051,3
161828866283519,1999079338,3.4531422,8.875278,1.6082759,3
161828868783519,2001579338,3.4836507,8.875577,1.6450655,3
161828871283519,2004079338,3.5033915,8.863913,1.6968104,3
161828873783519,2006579338,3.5231323,8.872586,1.7246269,3
161828876283519,2009079338,3.55723,8.871689,1.7703897,3
161828878783519,2011579338,3.580261,8.86122,1.8047864,3
161828881283519,2014079338,3.6000016,8.82832,1.8610178,3
161828883783519,2016579338,3.633202,8.813962,1.8708882,3
161828886283519,2019079338,3.6664026,8.793324,1.9307088,3
161828888783519,2021579338,3.6954155,8.766106,2.0075781,3
161828891283519,2024079338,3.7396827,8.738289,2.0413768,3
161828893783519,2026579338,3.7977087,8.718847,2.0691934,3
161828896283519,2029079338,3.836592,8.717352,2.1104696,3
161828898783519,2031579338,3.8709888,8.70479,2.1323042,3
161828901283519,2034079338,3.9023945,8.710772,2.1472592,3
161828903783519,2036579338,3.9406798,8.7113695,2.1490538,3
161828906283519,2039079338,3.9747775,8.69821,2.1625135,3
161828908783519,2041579338,3.9924245,8.711071,2.1577277,3
161828911283519,2044079338,4.0100718,8.704191,2.1804597,3
161828913783519,2046579338,4.025027,8.711968,2.207678,3
161828916283519,2049079338,4.0214376,8.7367935,2.216651,3
161828918783519,2051579338,4.009773,8.743972,2.2235305,3
161828921283519,2054079338,3.9861434,8.766106,2.2217357,3
161828923783519,2056579338,3.9610188,8.761918,2.242374,3
161828926283519,2059079338,3.9481573,8.800503,2.2277179,3
161828928783519,2061579338,3.8991046,8.822637,2.2103698,3
161828931283519,2064079338,3.8548372,8.834301,2.2115662,3
161828933783519,2066579338,3.8207395,8.839685,2.1951156,3
161828936283519,2069079338,3.7773697,8.844172,2.1684954,3
161828938783519,2071579338,3.725924,8.832506,2.1463618,3
161828941283519,2074079338,3.6744783,8.838189,2.102992,3
161828943783519,2076579338,3.6430724,8.839087,2.0781665,3
161828946283519,2079079338,3.5937204,8.840283,2.0294127,3
161828948783519,2081579338,3.5688949,8.845667,1.9872392,3
161828951283519,2084079338,3.5440695,8.846864,1.9594226,3
161828953783519,2086579338,3.5231323,8.839087,1.9235303,3
161828956283519,2089079338,3.5084763,8.838189,1.9103698,3
161828958783519,2091579338,3.487838,8.841479,1.8765712,3
161828961283519,2094079338,3.4740794,8.845667,1.8586249,3
161828963783519,2096579338,3.4594233,8.839386,1.8508483,3
161828966283519,2099079338,3.460919,8.826823,1.8457636,3
161828968783519,2101579338,3.464508,8.819047,1.8583258,3
161828971283519,2104079338,3.460919,8.799605,1.8927227,3
161828973783519,2106579338,3.4743786,8.778369,1.9202402,3
161828976283519,2109079338,3.4722848,8.783454,1.937289,3
161828978783519,2111579338,3.4944184,8.797213,1.9905293,3
161828981283519,2114079338,3.5048869,8.807083,2.0365913,3
161828983783519,2116579338,3.51386,8.806186,2.0844476,3
161828986283519,2119079338,3.5279179,8.820542,2.134996,3
161828988783519,2121579338,3.5416765,8.819047,2.1798615,3
161828991283519,2124079338,3.5521452,8.817552,2.2274187,3
161828993783519,2126579338,3.5706897,8.807083,2.2770698,3
161828996283519,2129079338,3.5688949,8.807083,2.315355,3
161828998783519,2131579338,3.5901313,8.7984085,2.3512473,3
161829001283519,2134079338,3.6179478,8.780164,2.3955145,3
161829003783519,2136579338,3.636193,8.771789,2.431407,3
161829006283519,2139079338,3.6963127,8.783752,2.4601207,3
161829008783519,2141579338,3.723232,8.789735,2.48704,3
161829011283519,2144079338,3.7528431,8.779266,2.4744778,3
161829013783519,2146579338,3.7743785,8.787043,2.4759731,3
161829016283519,2149079338,3.8004005,8.794222,2.4508486,3
161829018783519,2151579338,3.8072798,8.804989,2.39372,3
161829021283519,2154079338,3.7839499,8.809476,2.3581266,3
161829023783519,2156579338,3.7680974,8.797511,2.2944179,3
161829026283519,2159079338,3.7591243,8.806186,2.2594228,3
161829028783519,2161579338,3.7480576,8.793922,2.1906292,3
161829031283519,2164079338,3.7241294,8.800801,2.1137598,3
161829033783519,2166579338,3.6918263,8.797511,2.0662024,3
161829036283519,2169079338,3.667898,8.788539,2.021636,3
161829038783519,2171579338,3.6439698,8.775976,1.9899311,3
161829041283519,2174079338,3.6346977,8.774181,1.9609182,3
161829043783519,2176579338,3.6275191,8.769695,1.9558334,3
161829046283519,2179079338,3.62722,8.764311,1.9728823,3
161829048783519,2181579338,3.6382868,8.776874,1.9746768,3
161829051283519,2184079338,3.65384,8.778668,1.9740787,3
161829053783519,2186579338,3.6520455,8.775976,1.9842482,3
161829056283519,2189079338,3.636193,8.775677,1.963311,3
161829058783519,2191579338,3.6346977,8.794222,1.9375881,3
161829061283519,2194079338,3.6137605,8.812766,1.8861425,3
161829063783519,2196579338,3.6140594,8.816654,1.8409779,3
161829066283519,2199079338,3.6140594,8.802298,1.8155541,3
161829068783519,2201579338,3.6200416,8.801998,1.7751753,3
161829071283519,2204079338,3.6367912,8.819346,1.7919251,3
161829073783519,2206579338,3.6284165,8.82832,1.7847466,3
161829076283519,2209079338,3.6275191,8.838489,1.8311075,3
161829078783519,2211579338,3.6194434,8.855537,1.8634106,3
161829081283519,2214079338,3.615854,8.871689,1.9187447,3
161829083783519,2216579338,3.6179478,8.907881,1.9962122,3
161829086283519,2219079338,3.6206398,8.921938,2.0437696,3
161829088783519,2221579338,3.6203406,8.933903,2.0937197,3
161829091283519,2224079338,3.6218362,8.942576,2.1062822,3
161829093783519,2226579338,3.6376886,8.930313,2.1176481,3
161829096283519,2229079338,3.6382868,8.922835,2.1400807,3
161829098783519,2231579338,3.650849,8.915359,2.1514466,3
161829101283519,2234079338,3.667599,8.886644,2.1475582,3
161829103783519,2236579338,3.6819558,8.877372,2.146661,3
161829106283519,2239079338,3.708277,8.857332,2.178665,3
161829108783519,2241579338,3.7334015,8.851051,2.1885355,3
161829111283519,2244079338,3.7417765,8.842976,2.1996021,3
161829113783519,2246579338,3.743571,8.846864,2.2217357,3
161829116283519,2249079338,3.7307096,8.847761,2.2094727,3
161829118783519,2251579338,3.7070804,8.859426,2.19033,3
161829121283519,2254079338,3.6750765,8.886644,2.1433709,3
161829123783519,2256579338,3.633202,8.890832,2.138286,3
161829126283519,2259079338,3.6056845,8.896215,2.0985055,3
161829128783519,2261579338,3.574877,8.899805,2.0581267,3
161829131283519,2264079338,3.536891,8.8854475,2.027319,3
161829133783519,2266579338,3.4884362,8.885747,1.9965113,3
161829136283519,2269079338,3.4402807,8.877073,2.000998,3
161829138783519,2271579338,3.3807592,8.88485,1.9974087,3
161829141283519,2274079338,3.3281171,8.877073,2.0045872,3
161829143783519,2276579338,3.2937205,8.898608,2.0321047,3
161829146283519,2279079338,3.2614172,8.909974,2.0871396,3
161829148783519,2281579338,3.2479577,8.913862,2.1379871,3
161829151283519,2284079338,3.2240293,8.933603,2.1681964,3
161829153783519,2286579338,3.2231321,8.9348,2.1936202,3
161829156283519,2289079338,3.228815,8.930911,2.2348964,3
161829158783519,2291579338,3.246462,8.92493,2.2660031,3
161829161283519,2294079338,3.260819,8.901001,2.2785654,3
161829163783519,2296579338,3.2787652,8.889037,2.2794626,3
161829166283519,2299079338,3.3047872,8.860024,2.3072793,3
161829168783519,2301579338,3.3155549,8.848359,2.3231318,3
161829171283519,2304079338,3.339483,8.820542,2.3479571,3
161829173783519,2306579338,3.3705897,8.809476,2.3781667,3
161829176283519,2309079338,3.394817,8.795118,2.4020948,3
161829178783519,2311579338,3.4136605,8.802596,2.419443,3
161829181283519,2314079338,3.4337006,8.7831545,2.429014,3
161829183783519,2316579338,3.4339995,8.799605,2.417648,3
161829186283519,2319079338,3.4360933,8.804391,2.425724,3
161829188783519,2321579338,3.437589,8.792128,2.4038894,3
161829191283519,2324079338,3.4429727,8.799007,2.4032912,3
161829193783519,2326579338,3.437589,8.793623,2.373381,3
161829196283519,2329079338,3.4363923,8.792726,2.3336003,3
161829198783519,2331579338,3.414857,8.792726,2.2851455,3
161829201283519,2334079338,3.4190445,8.771789,2.2334008,3
161829203783519,2336579338,3.4103706,8.774779,2.187339,3
161829206283519,2339079338,3.4214373,8.75803,2.1317058,3
161829208783519,2341579338,3.4345977,8.744571,2.099702,3
161829211283519,2344079338,3.4274194,8.726325,2.0629122,3
161829213783519,2346579338,3.4136605,8.705089,2.0374885,3
161829216283519,2349079338,3.388835,8.704191,2.013261,3
161829218783519,2351579338,3.3646078,8.696713,1.9624137,3
161829221283519,2354079338,3.3613176,8.698808,1.9612173,3
161829223783519,2356579338,3.3496525,8.705687,1.969293,3
161829226283519,2359079338,3.3628132,8.719147,1.9932213,3
161829228783519,2361579338,3.3723843,8.730513,2.0072792,3
161829231283519,2364079338,3.408875,8.723932,2.0518453,3
161829233783519,2366579338,3.4328032,8.733205,2.076671,3
161829236283519,2369079338,3.4531422,8.7418785,2.0928226,3
161829238783519,2371579338,3.4770703,8.7577305,2.0802603,3
161829241283519,2374079338,3.5004005,8.76162,2.068296,3
161829243783519,2376579338,3.5237305,8.759227,2.0518453,3
161829246283519,2379079338,3.5578282,8.760722,2.0222342,3
161829248783519,2381579338,3.5799618,8.759227,1.9848464,3
161829251283519,2384079338,3.6137605,8.753544,1.9764715,3
161829253783519,2386579338,3.6523447,8.748757,1.9447666,3
161829256283519,2389079338,3.6828532,8.750852,1.9157536,3
161829258783519,2391579338,3.7088752,8.746664,1.9154545,3
161829261283519,2394079338,3.7417765,8.752048,1.910968,3
161829263783519,2396579338,3.7803607,8.758927,1.9013968,3
161829266283519,2399079338,3.7893338,8.777172,1.8912272,3
161829268783519,2401579338,3.8090746,8.795418,1.8903298,3
161829271283519,2404079338,3.8072798,8.812766,1.8801605,3
161829273783519,2406579338,3.8030925,8.835198,1.8726828,3
161829276283519,2409079338,3.7950168,8.847761,1.8664017,3
161829278783519,2411579338,3.7863426,8.871988,1.8631115,3
161829281283519,2414079338,3.7764723,8.888439,1.8601205,3
161829283783519,2416579338,3.7468612,8.889935,1.8637097,3
161829286283519,2419079338,3.7363925,8.904291,1.8741783,3
161829288783519,2421579338,3.7157545,8.927023,1.8921245,3
161829291283519,2424079338,3.6963127,8.940483,1.9136599,3
161829293783519,2426579338,3.6750765,8.939884,1.9136599,3
161829296283519,2429079338,3.6580276,8.958429,1.9148563,3
161829298783519,2431579338,3.6206398,8.962616,1.9411774,3
161829301283519,2434079338,3.6134613,8.966206,1.9378872,3
161829303783519,2436579338,3.5850465,8.982955,1.9414765,3
161829306283519,2439079338,3.5443685,8.999106,1.9456639,3
161829308783519,2441579338,3.513561,9.006286,1.9244276,3
161829311283519,2444079338,3.4683964,9.019745,1.9094725,3
161829313783519,2446579338,3.4342988,9.027223,1.8984057,3
161829316283519,2449079338,3.4022946,9.022437,1.8858434,3
161829318783519,2451579338,3.3631122,9.037392,1.8882362,3
161829321283519,2454079338,3.3382866,9.043374,1.9013968,3
161829323783519,2456579338,3.3149567,9.043075,1.9040886,3
161829326283519,2459079338,3.3035908,9.035598,1.8921245,3
161829328783519,2461579338,3.2961133,9.036494,1.9040886,3
161829331283519,2464079338,3.2856445,9.039784,1.9205393,3
161829333783519,2466579338,3.2853456,9.016156,1.9277177,3
161829336283519,2469079338,3.2859437,9.017352,1.919642,3
161829338783519,2471579338,3.2994034,9.010174,1.9124635,3
161829341283519,2474079338,3.3137603,9.003294,1.8972093,3
161829343783519,2476579338,3.3388848,8.998808,1.911267,3
161829346283519,2479079338,3.3574293,8.988937,1.8843478,3
161829348783519,2481579338,3.3693933,8.963813,1.9034904,3
161829351283519,2484079338,3.3918262,8.957232,1.9091734,3
161829353783519,2486579338,3.4274194,8.943474,1.928316,3
161829356283519,2489079338,3.461517,8.932108,1.9471594,3
161829358783519,2491579338,3.493521,8.932108,1.9528424,3
161829361283519,2494079338,3.5294135,8.913862,1.9773688,3
161829363783519,2496579338,3.5709887,8.909675,1.977967,3
161829366283519,2499079338,3.618546,8.906385,1.9881365,3
161829368783519,2501579338,3.653541,8.900104,1.9764715,3
161829371283519,2504079338,3.6762729,8.881559,1.9642082,3
161829373783519,2506579338,3.7007992,8.867801,1.9570298,3
161829376283519,2509079338,3.7253258,8.858828,1.9612173,3
161829378783519,2511579338,3.7426736,8.845368,1.9462621,3
161829381283519,2514079338,3.7459638,8.842976,1.9492532,3
161829383783519,2516579338,3.751946,8.820842,1.9746768,3
161829386283519,2519079338,3.754937,8.825029,1.9959131,3
161829388783519,2521579338,3.746562,8.823533,2.021636,3
161829391283519,2524079338,3.751946,8.827422,2.0491536,3
161829393783519,2526579338,3.7570307,8.821739,2.0865414,3
161829396283519,2529079338,3.766901,8.833703,2.111666,3
161829398783519,2531579338,3.7674992,8.836993,2.1532412,3
161829401283519,2534079338,3.7645082,8.836993,2.169991,3
161829403783519,2536579338,3.7588253,8.842976,2.1975086,3
161829406283519,2539079338,3.7384863,8.839685,2.2214367,3
161829408783519,2541579338,3.7211382,8.844172,2.2235305,3
161829411283519,2544079338,3.7187455,8.838189,2.1927228,3
161829413783519,2546579338,3.6894333,8.837293,2.178665,3
161829416283519,2549079338,3.670291,8.857632,2.1664019,3
161829418783519,2551579338,3.6287155,8.85793,2.1478574,3
161829421283519,2554079338,3.6149569,8.868998,2.1125634,3
161829423783519,2556579338,3.5910287,8.873484,2.0877378,3
161829426283519,2559079338,3.58056,8.871988,2.0452652,3
161829428783519,2561579338,3.577868,8.869894,2.0437696,3
161829431283519,2564079338,3.5781672,8.875278,2.0048864,3
161829433783519,2566579338,3.563212,8.870791,1.9929222,3
161829436283519,2569079338,3.5596228,8.859127,1.971985,3
161829438783519,2571579338,3.5527434,8.848659,1.9716859,3
161829441283519,2574079338,3.5273197,8.861818,1.9609182,3
161829443783519,2576579338,3.5084763,8.850154,1.9606191,3
161829446283519,2579079338,3.5201411,8.859426,1.9671993,3
161829448783519,2581579338,3.505186,8.857332,1.9695921,3
161829451283519,2584079338,3.5066817,8.859426,1.9938195,3
161829453783519,2586579338,3.5033915,8.850452,2.0222342,3
161829456283519,2589079338,3.4986057,8.846564,2.0500507,3
161829458783519,2591579338,3.505186,8.823533,2.07368,3
161829461283519,2594079338,3.5150564,8.830413,2.1167507,3
161829463783519,2596579338,3.5129628,8.822637,2.161317,3
161829466283519,2599079338,3.5294135,8.816355,2.1750758,3
161829468783519,2601579338,3.5557344,8.79482,2.2082763,3
161829471283519,2604079338,3.5754752,8.777172,2.2088745,3
161829473783519,2606579338,3.5901313,8.775079,2.2118654,3
161829476283519,2609079338,3.5991044,8.747561,2.2498515,3
161829478783519,2611579338,3.612564,8.729017,2.2800608,3
161829481283519,2614079338,3.6394832,8.718847,2.289034,3
161829483783519,2616579338,3.6439698,8.710473,2.3024936,3
161829486283519,2619079338,3.641876,8.700901,2.3273191,3
161829488783519,2621579338,3.6373894,8.700603,2.3757737,3
161829491283519,2624079338,3.6373894,8.695218,2.408376,3
161829493783519,2626579338,3.635894,8.6961155,2.4305096,3
161829496283519,2629079338,3.6424742,8.687741,2.4502504,3
161829498783519,2631579338,3.6433716,8.693424,2.4798615,3
161829501283519,2634079338,3.6490545,8.700303,2.4966114,3
161829503783519,2636579338,3.64726,8.7113695,2.501098,3
161829506283519,2639079338,3.6514473,8.719446,2.4792633,3
161829508783519,2641579338,3.6469607,8.708977,2.4607189,3
161829511283519,2644079338,3.6460636,8.715557,2.420041,3
161829513783519,2646579338,3.6613178,8.717052,2.3503501,3
161829516283519,2649079338,3.6672997,8.731709,2.2908285,3
161829518783519,2651579338,3.6454654,8.744571,2.2187448,3
161829521283519,2654079338,3.6397824,8.757432,2.1415763,3
161829523783519,2656579338,3.6311083,8.763713,2.0751755,3
161829526283519,2659079338,3.5913277,8.772985,2.0261226,3
161829528783519,2661579338,3.580261,8.802896,1.9725832,3
161829531283519,2664079338,3.569194,8.827721,1.96361,3
161829533783519,2666579338,3.5530424,8.838189,1.9618155,3
161829536283519,2669079338,3.542574,8.838189,1.9597218,3
161829538783519,2671579338,3.5479577,8.868399,1.9782661,3
161829541283519,2674079338,3.563212,8.866903,1.9701903,3
161829543783519,2676579338,3.5551362,8.876474,1.9872392,3
161829546283519,2679079338,3.5626137,8.87797,1.9905293,3
161829548783519,2681579338,3.5533416,8.88455,1.998306,3
161829551283519,2684079338,3.554538,8.883952,1.9962122,3
161829553783519,2686579338,3.566502,8.857632,1.989632,3
161829556283519,2689079338,3.5856447,8.845667,2.0024934,3
161829558783519,2691579338,3.6026936,8.833703,2.0659032,3
161829561283519,2694079338,3.6194434,8.835498,2.1023939,3
161829563783519,2696579338,3.6248271,8.826225,2.1191435,3
161829566283519,2699079338,3.63051,8.823533,2.138286,3
161829568783519,2701579338,3.6409788,8.822935,2.129014,3
161829571283519,2704079338,3.6526437,8.819944,2.1167507,3
161829573783519,2706579338,3.656532,8.831011,2.09701,3
161829576283519,2709079338,3.6424742,8.82473,2.0614166,3
161829578783519,2711579338,3.6275191,8.8136635,2.0276182,3
161829581283519,2714079338,3.6140594,8.800503,1.9917258,3
161829583783519,2716579338,3.603591,8.794222,1.9689939,3
161829586283519,2719079338,3.583252,8.784052,1.9561325,3
161829588783519,2721579338,3.5668013,8.789435,1.9402801,3
161829591283519,2724079338,3.5392838,8.790932,1.9770697,3
161829593783519,2726579338,3.5347972,8.800801,2.0081763,3
161829596283519,2729079338,3.5174494,8.810971,2.0410776,3
161829598783519,2731579338,3.499802,8.82473,2.0901306,3
161829601283519,2734079338,3.4887354,8.85135,2.1134605,3
161829603783519,2736579338,3.4782667,8.859426,2.143072,3
161829606283519,2739079338,3.4938202,8.857332,2.1708884,3
161829608783519,2741579338,3.4890344,8.850752,2.1738794,3
161829611283519,2744079338,3.5060835,8.841181,2.1795623,3
161829613783519,2746579338,3.5288153,8.833105,2.193321,3
161829616283519,2749079338,3.56381,8.815457,2.1999013,3
161829618783519,2751579338,3.5961134,8.790034,2.2199411,3
161829621283519,2754079338,3.6433716,8.776574,2.2546372,3
161829623783519,2756579338,3.6583266,8.775378,2.274677,3
161829626283519,2759079338,3.6831522,8.7673025,2.3216362,3
161829628783519,2761579338,3.7031922,8.75803,2.3476582,3
161829631283519,2764079338,3.7079778,8.759825,2.362015,3
161829633783519,2766579338,3.708576,8.759825,2.3817558,3
161829636283519,2769079338,3.7133617,8.75474,2.3623142,3
161829638783519,2771579338,3.71396,8.747262,2.3718855,3
161829641283519,2774079338,3.705884,8.776276,2.3368905,3
161829643783519,2776579338,3.690929,8.787043,2.3072793,3
161829646283519,2779079338,3.6634114,8.810373,2.2752752,3
161829648783519,2781579338,3.6278183,8.815757,2.2337,3
161829651283519,2784079338,3.5874393,8.829515,2.198705,3
161829653783519,2786579338,3.551547,8.844471,2.1684954,3
161829656283519,2789079338,3.502494,8.863613,2.1574287,3
161829658783519,2791579338,3.4492538,8.88126,2.1367905,3
161829661283519,2794079338,3.406183,8.887542,2.1394825,3
161829663783519,2796579338,3.3658042,8.900702,2.1275184,3
161829666283519,2799079338,3.3323047,8.922537,2.1140587,3
161829668783519,2801579338,3.2979078,8.927322,2.1011975,3
161829671283519,2804079338,3.2763724,8.929117,2.108675,3
161829673783519,2806579338,3.2790644,8.934501,2.0775683,3
161829676283519,2809079338,3.2676985,8.922835,2.0581267,3
161829678783519,2811579338,3.269792,8.922835,2.0422742,3
161829681283519,2814079338,3.2790644,8.920742,2.0282164,3
161829683783519,2816579338,3.295814,8.915359,2.0117657,3
161829686283519,2819079338,3.3044882,8.910274,2.0282164,3
161829688783519,2821579338,3.3227334,8.89502,2.0057836,3
161829691283519,2824079338,3.3424742,8.88784,2.0291135,3
161829693783519,2826579338,3.3756745,8.878867,2.0306091,3
161829696283519,2829079338,3.4076786,8.859127,2.0605195,3
161829698783519,2831579338,3.4462628,8.844172,2.0862422,3
161829701283519,2834079338,3.4965122,8.842676,2.1227329,3
161829703783519,2836579338,3.5416765,8.842976,2.1541386,3
161829706283519,2839079338,3.591627,8.819346,2.21366,3
161829708783519,2841579338,3.63051,8.804091,2.245365,3
161829711283519,2844079338,3.6747773,8.800801,2.2818556,3
161829713783519,2846579338,3.708277,8.793025,2.3315065,3
161829716283519,2849079338,3.7468612,8.774481,2.3608186,3
161829718783519,2851579338,3.7812579,8.771191,2.4023938,3
161829721283519,2854079338,3.8156548,8.790034,2.4116662,3
161829723783519,2856579338,3.8261235,8.815457,2.423331,3
161829726283519,2859079338,3.8123646,8.826225,2.4003003,3
161829728783519,2861579338,3.798606,8.858828,2.3455644,3
161829731283519,2864079338,3.7764723,8.886345,2.3021946,3
161829733783519,2866579338,3.7307096,8.902796,2.2674985,3
161829736283519,2869079338,3.6831522,8.912367,2.1879373,3
161829738783519,2871579338,3.6340995,8.92493,2.1260228,3
161829741283519,2874079338,3.5847473,8.932706,2.0805593,3
161829743783519,2876579338,3.5300117,8.939884,2.0201404,3
161829746283519,2879079338,3.4857445,8.951849,1.977967,3
161829748783519,2881579338,3.4369907,8.947362,1.9274186,3
161829751283519,2884079338,3.391527,8.9566345,1.8909281,3
161829753783519,2886579338,3.371188,8.943474,1.8888344,3
161829756283519,2889079338,3.359523,8.940184,1.8906289,3
161829758783519,2891579338,3.3523445,8.932706,1.8729819,3
161829761283519,2894079338,3.3577285,8.925827,1.8544376,3
161829763783519,2896579338,3.3714871,8.908179,1.8550358,3
161829766283519,2899079338,3.3705897,8.889037,1.8487546,3
161829768783519,2901579338,3.4028928,8.876474,1.8314066,3
161829771283519,2904079338,3.4196427,8.8651085,1.8696918,3
161829773783519,2906579338,3.4519458,8.845368,1.8798612,3
161829776283519,2909079338,3.478566,8.818449,1.9040886,3
161829778783519,2911579338,3.5291142,8.800203,1.9319052,3
161829781283519,2914079338,3.5769708,8.759525,1.9890338,3
161829783783519,2916579338,3.6245282,8.745169,2.0452652,3
161829786283519,2919079338,3.6672997,8.711968,2.1254246,3
161829788783519,2921579338,3.7190447,8.716754,2.1900308,3
161829791283519,2924079338,3.7633119,8.7012005,2.2360928,3
161829793783519,2926579338,3.7965121,8.686245,2.2956142,3
161829796283519,2929079338,3.8231323,8.679067,2.3446672,3
161829798783519,2931579338,3.8431723,8.663215,2.3751755,3
161829801283519,2934079338,3.859922,8.665906,2.3862424,3
161829803783519,2936579338,3.8718863,8.668,2.4092734,3
161829806283519,2939079338,3.8778682,8.66142,2.41376,3
161829808783519,2941579338,3.8877387,8.660522,2.4077778,3
161829811283519,2944079338,3.8838503,8.662018,2.414657,3
161829813783519,2946579338,3.8838503,8.669196,2.3973093,3
161829816283519,2949079338,3.868596,8.662018,2.3581266,3
161829818783519,2951579338,3.8587255,8.665607,2.3252254,3
161829821283519,2954079338,3.8724844,8.662317,2.2965117,3
161829823783519,2956579338,3.8706896,8.66142,2.2624137,3
161829826283519,2959079338,3.8584266,8.669795,2.248655,3
161829828783519,2961579338,3.8312082,8.668,2.201696,3
161829831283519,2964079338,3.8177485,8.6599245,2.1837497,3
161829833783519,2966579338,3.7977087,8.644371,2.1278176,3
161829836283519,2969079338,3.7689948,8.665308,2.0874386,3
161829838783519,2971579338,3.749553,8.671888,2.0350957,3
161829841283519,2974079338,3.7247276,8.663513,1.9869401,3
161829843783519,2976579338,3.7076788,8.663513,1.9441684,3
161829846283519,2979079338,3.7067814,8.670991,1.9366908,3
161829848783519,2981579338,3.711268,8.668598,1.9034904,3
161829851283519,2984079338,3.717549,8.665308,1.8912272,3
161829853783519,2986579338,3.731906,8.655737,1.9199411,3
161829856283519,2989079338,3.7384863,8.6548395,1.9136599,3
161829858783519,2991579338,3.7402809,8.659027,1.9124635,3
161829861283519,2994079338,3.746263,8.656036,1.91695,3
161829863783519,2996579338,3.757928,8.684451,1.9319052,3
161829866283519,2999079338,3.7498522,8.699406,1.9223338,3
161829868783519,3001579338,3.7420754,8.715857,1.9325033,3
161829871283519,3004079338,3.7363925,8.7266245,1.9307088,3
161829873783519,3006579338,3.7253258,8.72782,1.9262222,3
161829876283519,3009079338,3.7106698,8.752048,1.9543378,3
161829878783519,3011579338,3.7106698,8.771489,1.9782661,3
161829881283519,3014079338,3.6963127,8.7469635,2.0063818,3
161829883783519,3016579338,3.685545,8.770891,2.024627,3
161829886283519,3019079338,3.6831522,8.769096,2.0578275,3
161829888783519,3021579338,3.674179,8.777472,2.0928226,3
161829891283519,3024079338,3.671188,8.782557,2.120938,3
161829893783519,3026579338,3.6664026,8.811271,2.1559331,3
161829896283519,3029079338,3.67059,8.825627,2.1738794,3
161829898783519,3031579338,3.6780674,8.838189,2.2067807,3
161829901283519,3034079338,3.6664026,8.848659,2.2007985,3
161829903783519,3036579338,3.675974,8.845667,2.1939192,3
161829906283519,3039079338,3.6661034,8.856135,2.2007985,3
161829908783519,3041579338,3.6616168,8.856435,2.1927228,3
161829911283519,3044079338,3.6699917,8.846265,2.1891336,3
161829913783519,3046579338,3.6580276,8.840881,2.1969104,3
161829916283519,3049079338,3.6681972,8.847761,2.1912274,3
161829918783519,3051579338,3.6693935,8.846564,2.2046869,3
161829921283519,3054079338,3.6867416,8.848659,2.2073789,3
161829923783519,3056579338,3.6840496,8.860024,2.2142582,3
161829926283519,3059079338,3.6696925,8.867203,2.2130618,3
161829928783519,3061579338,3.6517465,8.879466,2.1954148,3
161829931283519,3064079338,3.6493537,8.88126,2.1684954,3
161829933783519,3066579338,3.6173496,8.892626,2.1296122,3
161829936283519,3069079338,3.5880375,8.904889,2.082952,3
161829938783519,3071579338,3.5521452,8.907881,2.0608184,3
161829941283519,3074079338,3.5201411,8.900702,2.021636,3
161829943783519,3076579338,3.493521,8.905488,1.9857436,3
161829946283519,3079079338,3.4603207,8.907581,1.9839491,3
161829948783519,3081579338,3.4558342,8.907581,1.9845473,3
161829951283519,3084079338,3.4546378,8.911469,1.9833509,3
161829953783519,3086579338,3.4435709,8.918648,1.9740787,3
161829956283519,3089079338,3.4396825,8.918947,1.9755741,3
161829958783519,3091579338,3.4531422,8.921639,1.9995024,3
161829961283519,3094079338,3.4564323,8.929715,2.0078773,3
161829963783519,3096579338,3.4486556,8.921938,2.0108683,3
161829966283519,3099079338,3.4680972,8.92493,2.0261226,3
161829968783519,3101579338,3.481258,8.910274,2.0368903,3
161829971283519,3104079338,3.484847,8.901599,2.0347965,3
161829973783519,3106579338,3.493222,8.899805,2.0321047,3
161829976283519,3109079338,3.5006995,8.894421,2.0443678,3
161829978783519,3111579338,3.5213375,8.899805,2.0401804,3
161829981283519,3114079338,3.531507,8.898908,2.0611176,3
161829983783519,3116579338,3.5243287,8.909974,2.0605195,3
161829986283519,3119079338,3.5216367,8.909077,2.05693,3
161829988783519,3121579338,3.5216367,8.898608,2.068296,3
161829991283519,3124079338,3.5210385,8.909077,2.0739791,3
161829993783519,3126579338,3.5099716,8.901001,2.099702,3
161829996283519,3129079338,3.4965122,8.893225,2.1185453,3
161829998783519,3131579338,3.5102708,8.896813,2.1520448,3
161830001283519,3134079338,3.508177,8.898908,2.1900308,3
161830003783519,3136579338,3.501597,8.884252,2.2175484,3
161830006283519,3139079338,3.4896326,8.873484,2.2202404,3
161830008783519,3141579338,3.4591243,8.88455,2.2360928,3
161830011283519,3144079338,3.4486556,8.888439,2.2292135,3
161830013783519,3146579338,3.4304104,8.881559,2.2238295,3
161830016283519,3149079338,3.411866,8.88485,2.2259233,3
161830018783519,3151579338,3.3879378,8.88784,2.2334008,3
161830021283519,3154079338,3.3789647,8.896813,2.2334008,3
161830023783519,3156579338,3.3658042,8.893823,2.225325,3
161830026283519,3159079338,3.359822,8.89113,2.2301106,3
161830028783519,3161579338,3.359822,8.886046,2.1948166,3
161830031283519,3164079338,3.3445678,8.874082,2.1762722,3
161830033783519,3166579338,3.3367913,8.867203,2.169991,3
161830036283519,3169079338,3.339184,8.880064,2.143969,3
161830038783519,3171579338,3.3469608,8.882756,2.126322,3
161830041283519,3174079338,3.3314073,8.8854475,2.1134605,3
161830043783519,3176579338,3.3463624,8.897113,2.1155543,3
161830046283519,3179079338,3.3346975,8.919545,2.096711,3
161830048783519,3181579338,3.350849,8.923434,2.0659032,3
161830051283519,3184079338,3.3664024,8.941081,2.0548365,3
161830053783519,3186579338,3.376572,8.9521475,2.05035,3
161830056283519,3189079338,3.3732817,8.960523,2.0297117,3
161830058783519,3191579338,3.3658042,8.970692,2.024328,3
161830061283519,3194079338,3.3526437,8.986545,2.030011,3
161830063783519,3196579338,3.333202,8.990134,2.0416758,3
161830066283519,3199079338,3.3311083,8.999106,2.07697,3
161830068783519,3201579338,3.3266218,9.007781,2.1140587,3
161830071283519,3204079338,3.333501,9.008977,2.1622143,3
161830073783519,3206579338,3.3463624,9.000603,2.1978076,3
161830076283519,3209079338,3.3613176,8.998508,2.2465613,3
161830078783519,3211579338,3.3634114,8.979665,2.2555344,3
161830081283519,3214079338,3.382853,8.985348,2.295315,3
161830083783519,3216579338,3.4085758,8.98804,2.3021946,3
161830086283519,3219079338,3.4211383,8.98146,2.2827528,3
161830088783519,3221579338,3.4313076,8.971889,2.2761726,3
161830091283519,3224079338,3.4483566,8.961719,2.2558336,3
161830093783519,3226579338,3.4725838,8.948259,2.245066,3
161830096283519,3229079338,3.4920256,8.946764,2.2274187,3
161830098783519,3231579338,3.4938202,8.925827,2.1882362,3
161830101283519,3234079338,3.5027933,8.925528,2.1687946,3
161830103783519,3236579338,3.5129628,8.923733,2.1478574,3
161830106283519,3239079338,3.4983068,8.914461,2.1370897,3
161830108783519,3241579338,3.5117664,8.912367,2.115255,3
161830111283519,3244079338,3.5021951,8.897711,2.117947,3
161830113783519,3246579338,3.4908292,8.893823,2.1370897,3
161830116283519,3249079338,3.5063825,8.893823,2.1379871,3
161830118783519,3251579338,3.505485,8.889635,2.155335,3
161830121283519,3254079338,3.5111682,8.881859,2.1646073,3
161830123783519,3256579338,3.5153556,8.866604,2.1843479,3
161830126283519,3259079338,3.5300117,8.859426,2.20708,3
161830128783519,3261579338,3.5407794,8.833404,2.2268205,3
161830131283519,3264079338,3.5730824,8.838489,2.233999,3
161830133783519,3266579338,3.6149569,8.8136635,2.245963,3
161830136283519,3269079338,3.656532,8.800801,2.248057,3
161830138783519,3271579338,3.6951163,8.790632,2.2378874,3
161830141283519,3274079338,3.728915,8.769994,2.2334008,3
161830143783519,3276579338,3.757928,8.765806,2.2031915,3
161830146283519,3279079338,3.7701912,8.759227,2.184946,3
161830148783519,3281579338,3.7866418,8.761021,2.158027,3
161830151283519,3284079338,3.790231,8.75474,2.1134605,3
161830153783519,3286579338,3.7657046,8.743972,2.079064,3
161830156283519,3289079338,3.7489548,8.76491,2.0440688,3
161830158783519,3291579338,3.7235312,8.76162,2.0057836,3
161830161283519,3294079338,3.7094734,8.764012,2.0001006,3
161830163783519,3296579338,3.6777685,8.767003,1.9932213,3
161830166283519,3299079338,3.6523447,8.776874,2.003989,3
161830168783519,3301579338,3.6421752,8.771789,2.0312073,3
161830171283519,3304079338,3.6311083,8.78136,2.0673988,3
161830173783519,3306579338,3.621238,8.785547,2.1155543,3
161830176283519,3309079338,3.6511483,8.775079,2.1460629,3
161830178783519,3311579338,3.6481571,8.767601,2.1714866,3
161830181283519,3314079338,3.6610186,8.776874,2.207977,3
161830183783519,3316579338,3.667599,8.780462,2.2124636,3
161830186283519,3319079338,3.6693935,8.757432,2.2229323,3
161830188783519,3321579338,3.676871,8.747561,2.2154546,3
161830191283519,3324079338,3.6831522,8.744869,2.216352,3
161830193783519,3326579338,3.7097723,8.732606,2.1963122,3
161830196283519,3329079338,3.7193437,8.720942,2.1571295,3
161830198783519,3331579338,3.728915,8.72453,2.1364915,3
161830201283519,3334079338,3.7241294,8.715857,2.1218355,3
161830203783519,3336579338,3.731607,8.714959,2.1137598,3
161830206283519,3339079338,3.7220356,8.705089,2.1047866,3
161830208783519,3341579338,3.7067814,8.707183,2.1212373,3
161830211283519,3344079338,3.6804602,8.713164,2.1191435,3
161830213783519,3346579338,3.6747773,8.714062,2.0964117,3
161830216283519,3349079338,3.6610186,8.713464,2.0934207,3
161830218783519,3351579338,3.6550367,8.708977,2.1077776,3
161830221283519,3354079338,3.656233,8.713164,2.1155543,3
161830223783519,3356579338,3.630211,8.725727,2.1161525,3
161830226283519,3359079338,3.632604,8.709276,2.1311076,3
161830228783519,3361579338,3.638885,8.707481,2.14038,3
161830231283519,3364079338,3.6607196,8.692527,2.1574287,3
161830233783519,3366579338,3.679862,8.682058,2.1595225,3
161830236283519,3369079338,3.7094734,8.670991,2.1714866,3
161830238783519,3371579338,3.7677984,8.62822,2.1780667,3
161830241283519,3374079338,3.7905302,8.627322,2.2025933,3
161830243783519,3376579338,3.822534,8.629117,2.2342982,3
161830246283519,3379079338,3.8500516,8.630612,2.224727,3
161830248783519,3381579338,3.8554354,8.622537,2.2004995,3
161830251283519,3384079338,3.8644085,8.635098,2.1822543,3
161830253783519,3386579338,3.8650067,8.635098,2.169692,3
161830256283519,3389079338,3.8551364,8.641978,2.14696,3
161830258783519,3391579338,3.836293,8.633903,2.1355941,3
161830261283519,3394079338,3.8069808,8.632407,2.1433709,3
161830263783519,3396579338,3.784249,8.642876,2.1281166,3
161830266283519,3399079338,3.7534413,8.65813,2.1182463,3
161830268783519,3401579338,3.735196,8.654242,2.1098714,3
161830271283519,3404079338,3.7109687,8.662616,2.1155543,3
161830273783519,3406579338,3.6807594,8.660822,2.1520448,3
161830276283519,3409079338,3.6783667,8.682656,2.160719,3
161830278783519,3411579338,3.6601214,8.684451,2.1795623,3
161830281283519,3414079338,3.6672997,8.69133,2.2004995,3
161830283783519,3416579338,3.6831522,8.69791,2.225624,3
161830286283519,3419079338,3.6873398,8.697312,2.2345972,3
161830288783519,3421579338,3.6903307,8.701798,2.2594228,3
161830291283519,3424079338,3.7145581,8.7015,2.236691,3
161830293783519,3426579338,3.7067814,8.699406,2.2531416,3
161830296283519,3429079338,3.708277,8.699406,2.2420747,3
161830298783519,3431579338,3.702893,8.696415,2.2196422,3
161830301283519,3434079338,3.6891344,8.69821,2.2211375,3
161830303783519,3436579338,3.6831522,8.708379,2.2169502,3
161830306283519,3439079338,3.6885362,8.717651,2.1999013,3
161830308783519,3441579338,3.6708891,8.733503,2.2010977,3
161830311283519,3444079338,3.6672997,8.742776,2.1954148,3
161830313783519,3446579338,3.650849,8.758329,2.1861427,3
161830316283519,3449079338,3.62722,8.775079,2.1720848,3
161830318783519,3451579338,3.626921,8.784949,2.1502502,3
161830321283519,3454079338,3.6110685,8.785547,2.137389,3
161830323783519,3456579338,3.5964124,8.78465,2.126621,3
161830326283519,3459079338,3.5907295,8.806186,2.126621,3
161830328783519,3461579338,3.583551,8.811869,2.1044874,3
161830331283519,3464079338,3.5772698,8.8187475,2.0838494,3
161830333783519,3466579338,3.5727832,8.832506,2.0554347,3
161830336283519,3469079338,3.55723,8.837891,2.035694,3
161830338783519,3471579338,3.5757744,8.836096,2.0057836,3
161830341283519,3474079338,3.58056,8.840582,1.9767706,3
161830343783519,3476579338,3.5871403,8.846265,1.9600209,3
161830346283519,3479079338,3.5997026,8.857632,1.9420747,3
161830348783519,3481579338,3.5973098,8.87139,1.9381863,3
161830351283519,3484079338,3.6005998,8.862118,1.9492532,3
161830353783519,3486579338,3.618247,8.869296,1.9510478,3
161830356283519,3489079338,3.615854,8.865408,1.9561325,3
161830358783519,3491579338,3.615854,8.866903,1.9737796,3
161830361283519,3494079338,3.618247,8.863315,1.9911275,3
161830363783519,3496579338,3.6191442,8.864511,2.0147567,3
161830366283519,3499079338,3.60718,8.8681,2.0282164,3
161830368783519,3501579338,3.5973098,8.860323,2.0210378,3
161830371283519,3504079338,3.5928233,8.880662,2.0542383,3
161830373783519,3506579338,3.5763726,8.878269,2.062613,3
161830376283519,3509079338,3.5653057,8.892626,2.0724835,3
161830378783519,3511579338,3.548556,8.907581,2.070689,3
161830381283519,3514079338,3.5356946,8.915359,2.0814567,3
161830383783519,3516579338,3.5506496,8.912666,2.0850458,3
161830386283519,3519079338,3.5270207,8.917152,2.1017957,3
161830388783519,3521579338,3.5087752,8.923434,2.117947,3
161830391283519,3524079338,3.5156546,8.930014,2.1302104,3
161830393783519,3526579338,3.5009987,8.92792,2.143072,3
161830396283519,3529079338,3.4800615,8.935099,2.1487548,3
161830398783519,3531579338,3.4639099,8.942277,2.137688,3
161830401283519,3534079338,3.4426737,8.936594,2.1329024,3
161830403783519,3536579338,3.426223,8.9312105,2.123331,3
161830406283519,3539079338,3.4190445,8.925528,2.1278176,3
161830408783519,3541579338,3.4217365,8.914461,2.1370897,3
161830411283519,3544079338,3.4226336,8.902796,2.1517458,3
161830413783519,3546579338,3.431906,8.899506,2.158027,3
161830416283519,3549079338,3.4402807,8.89801,2.1547368,3
161830418783519,3551579338,3.4462628,8.8956175,2.1619153,3
161830421283519,3554079338,3.4516466,8.902796,2.1894326,3
161830423783519,3556579338,3.4624143,8.902796,2.2115662,3
161830426283519,3559079338,3.4704902,8.898309,2.2142582,3
161830428783519,3561579338,3.4686956,8.89472,2.2208385,3
161830431283519,3564079338,3.4686956,8.886345,2.2298117,3
161830433783519,3566579338,3.469892,8.85464,2.2331018,3
161830436283519,3569079338,3.475575,8.845368,2.2259233,3
161830438783519,3571579338,3.482155,8.839386,2.2528424,3
161830441283519,3574079338,3.4824543,8.815757,2.2677977,3
161830443783519,3576579338,3.4980075,8.803194,2.2935205,3
161830446283519,3579079338,3.5111682,8.789735,2.3174486,3
161830448783519,3581579338,3.5318062,8.797811,2.352743,3
161830451283519,3584079338,3.5611184,8.797213,2.3653052,3
161830453783519,3586579338,3.5808592,8.778668,2.3946173,3
161830456283519,3589079338,3.5991044,8.788837,2.400001,3
161830458783519,3591579338,3.6107693,8.784052,2.4119651,3
161830461283519,3594079338,3.6167514,8.769994,2.4104698,3
161830463783519,3596579338,3.621537,8.759227,2.419443,3
161830466283519,3599079338,3.6209388,8.757133,2.429014,3
161830468783519,3601579338,3.6191442,8.741281,2.4101706,3
161830471283519,3604079338,3.6266217,8.749655,2.4038894,3
161830473783519,3606579338,3.6278183,8.744271,2.3829522,3
161830476283519,3609079338,3.6376886,8.746066,2.3709881,3
161830478783519,3611579338,3.6466618,8.751749,2.3539393,3
161830481283519,3614079338,3.653541,8.7831545,2.3321047,3
161830483783519,3616579338,3.673581,8.7882395,2.3165514,3
161830486283519,3619079338,3.6816568,8.80469,2.2725832,3
161830488783519,3621579338,3.6996028,8.819645,2.2447667,3
161830491283519,3624079338,3.6996028,8.827422,2.2064817,3
161830493783519,3626579338,3.7010984,8.83161,2.175674,3
161830496283519,3629079338,3.7019958,8.833404,2.1367905,3
161830498783519,3631579338,3.699902,8.842377,2.1011975,3
161830501283519,3634079338,3.6981075,8.832806,2.0611176,3
161830503783519,3636579338,3.6810586,8.825627,2.0515463,3
161830506283519,3639079338,3.6708891,8.829515,2.0087745,3
161830508783519,3641579338,3.6532419,8.830113,1.989632,3
161830511283519,3644079338,3.6379876,8.832208,1.992324,3
161830513783519,3646579338,3.6433716,8.837891,1.9902302,3
161830516283519,3649079338,3.6230326,8.824132,1.9944177,3
161830518783519,3651579338,3.6206398,8.844172,2.0168505,3
161830521283519,3654079338,3.6230326,8.86122,2.0377877,3
161830523783519,3656579338,3.6233318,8.859725,2.0635104,3
161830526283519,3659079338,3.6275191,8.862716,2.0865414,3
161830528783519,3661579338,3.6308093,8.857033,2.096711,3
161830531283519,3664079338,3.6281173,8.84806,2.105983,3
161830533783519,3666579338,3.6275191,8.838489,2.0760727,3
161830536283519,3669079338,3.6197424,8.841779,2.0563319,3
161830538783519,3671579338,3.6029928,8.844471,2.0395823,3
161830541283519,3674079338,3.5970106,8.844172,2.0078773,3
161830543783519,3676579338,3.6077783,8.842078,1.992324,3
161830546283519,3679079338,3.6275191,8.842676,1.9875383,3
161830548783519,3681579338,3.6329029,8.842676,1.9842482,3
161830551283519,3684079338,3.6451662,8.835796,1.9755741,3
161830553783519,3686579338,3.6723845,8.850752,1.9716859,3
161830556283519,3689079338,3.6813576,8.859725,1.9773688,3
161830558783519,3691579338,3.6831522,8.872586,1.974976,3
161830561283519,3694079338,3.6900315,8.88814,1.9917258,3
161830563783519,3696579338,3.687938,8.911171,2.0030916,3
161830566283519,3699079338,3.6933217,8.918947,2.001297,3
161830568783519,3701579338,3.6786656,8.913564,2.0321047,3
161830571283519,3704079338,3.6786656,8.920144,2.0509481,3
161830573783519,3706579338,3.6810586,8.917751,2.0479572,3
161830576283519,3709079338,3.6837504,8.902198,2.0440688,3
161830578783519,3711579338,3.691228,8.893823,2.0252252,3
161830581283519,3714079338,3.6708891,8.873783,2.0030916,3
161830583783519,3716579338,3.6658044,8.860024,1.9740787,3
161830586283519,3719079338,3.6526437,8.847162,1.9890338,3
161830588783519,3721579338,3.652943,8.845069,2.0036898,3
161830591283519,3724079338,3.6382868,8.841181,1.9974087,3
161830593783519,3726579338,3.6266217,8.8340025,2.0051854,3
161830596283519,3729079338,3.6143587,8.837891,2.012962,3
161830598783519,3731579338,3.5967116,8.82443,2.0425732,3
161830601283519,3734079338,3.5931222,8.828618,2.0775683,3
161830603783519,3736579338,3.5847473,8.811869,2.0979073,3
161830606283519,3739079338,3.5709887,8.8014,2.1329024,3
161830608783519,3741579338,3.565605,8.802896,2.1508484,3
161830611283519,3744079338,3.5554354,8.790034,2.1661026,3
161830613783519,3746579338,3.5464623,8.76162,2.1882362,3
161830616283519,3749079338,3.5413775,8.758329,2.2100708,3
161830618783519,3751579338,3.5339,8.7577305,2.228316,3
161830621283519,3754079338,3.5273197,8.738888,2.2411776,3
161830623783519,3756579338,3.5291142,8.740682,2.292324,3
161830626283519,3759079338,3.5105698,8.738588,2.3264217,3
161830628783519,3761579338,3.508177,8.737691,2.365006,3
161830631283519,3764079338,3.5309088,8.7469635,2.3904297,3
161830633783519,3766579338,3.5404801,8.746066,2.4329023,3
161830636283519,3769079338,3.539882,8.746664,2.4535406,3
161830638783519,3771579338,3.5521452,8.737093,2.4795625,3
161830641283519,3774079338,3.568596,8.729615,2.4825535,3
161830643783519,3776579338,3.5976088,8.734401,2.4837499,3
161830646283519,3779079338,3.5994034,8.739784,2.4846473,3
161830648783519,3781579338,3.6056845,8.729017,2.4885356,3
161830651283519,3784079338,3.6053855,8.753842,2.4891338,3
161830653783519,3786579338,3.610171,8.740383,2.4999015,3
161830656283519,3789079338,3.6062827,8.746664,2.4831517,3
161830658783519,3791579338,3.6044881,8.767601,2.5121646,3
161830661283519,3794079338,3.5949168,8.753244,2.504687,3
161830663783519,3796579338,3.5910287,8.765508,2.4801607,3
161830666283519,3799079338,3.5787654,8.753244,2.4792633,3
161830668783519,3801579338,3.566203,8.742476,2.4532413,3
161830671283519,3804079338,3.5566318,8.737093,2.4323041,3
161830673783519,3806579338,3.5428731,8.726026,2.396412,3
161830676283519,3809079338,3.5353954,8.708977,2.3467607,3
161830678783519,3811579338,3.5177484,8.69462,2.3162522,3
161830681283519,3814079338,3.5084763,8.700603,2.271985,3
161830683783519,3816579338,3.4947174,8.687741,2.2205393,3
161830686283519,3819079338,3.4740794,8.666205,2.179263,3
161830688783519,3821579338,3.4543386,8.669496,2.1275184,3
161830691283519,3824079338,3.44716,8.669795,2.111666,3
161830693783519,3826579338,3.434897,8.656933,2.091028,3
161830696283519,3829079338,3.429513,8.642277,2.0787647,3
161830698783519,3831579338,3.4363923,8.642576,2.0916262,3
161830701283519,3834079338,3.4528432,8.640183,2.0982063,3
161830703783519,3836579338,3.4663026,8.643174,2.097608,3
161830706283519,3839079338,3.4833515,8.631808,2.1227329,3
161830708783519,3841579338,3.5093734,8.646166,2.140679,3
161830711283519,3844079338,3.5279179,8.6395855,2.1281166,3
161830713783519,3846579338,3.5530424,8.645567,2.140978,3
161830716283519,3849079338,3.5814574,8.652447,2.1574287,3
161830718783519,3851579338,3.6152558,8.653942,2.178665,3
161830721283519,3854079338,3.65384,8.650951,2.2360928,3
161830723783519,3856579338,3.6643088,8.645268,2.25703,3
161830726283519,3859079338,3.6930227,8.644371,2.2863421,3
161830728783519,3861579338,3.7061832,8.653643,2.318047,3
161830731283519,3864079338,3.7193437,8.6706915,2.3353949,3
161830733783519,3866579338,3.72054,8.664411,2.3659034,3
161830736283519,3869079338,3.7390845,8.680562,2.3829522,3
161830738783519,3871579338,3.7277186,8.692227,2.390729,3
161830741283519,3874079338,3.7154553,8.702696,2.3895326,3
161830743783519,3876579338,3.6948173,8.723334,2.3916261,3
161830746283519,3879079338,3.687938,8.725129,2.4131618,3
161830748783519,3881579338,3.6717863,8.737691,2.3895326,3
161830751283519,3884079338,3.6589248,8.741579,2.3928227,3
161830753783519,3886579338,3.6484563,8.7367935,2.3898315,3
161830756283519,3889079338,3.621537,8.741579,2.3865414,3
161830758783519,3891579338,3.6003008,8.760423,2.3524437,3
161830761283519,3894079338,3.5733814,8.775079,2.3001008,3
161830763783519,3896579338,3.5548372,8.790932,2.2863421,3
161830766283519,3899079338,3.5434713,8.800801,2.2348964,3
161830768783519,3901579338,3.5216367,8.7984085,2.1867409,3
161830771283519,3904079338,3.4995031,8.813962,2.1517458,3
161830773783519,3906579338,3.4899318,8.815159,2.146661,3
161830776283519,3909079338,3.4914274,8.82144,2.120639,3
161830778783519,3911579338,3.481557,8.814261,2.1131616,3
161830781283519,3914079338,3.467499,8.82144,2.1000009,3
161830783783519,3916579338,3.464209,8.836993,2.1119652,3
161830786283519,3919079338,3.4543386,8.839685,2.126322,3
161830788783519,3921579338,3.44716,8.851949,2.1448665,3
161830791283519,3924079338,3.4166517,8.872886,2.160719,3
161830793783519,3926579338,3.4298122,8.889635,2.179263,3
161830796283519,3929079338,3.4345977,8.903992,2.1975086,3
161830798783519,3931579338,3.438486,8.922537,2.2319052,3
161830801283519,3934079338,3.4507494,8.932407,2.2298117,3
161830803783519,3936579338,3.449553,8.92822,2.236691,3
161830806283519,3939079338,3.4648073,8.922537,2.2387848,3
161830808783519,3941579338,3.4725838,8.909675,2.2378874,3
161830811283519,3944079338,3.484847,8.898309,2.2217357,3
161830813783519,3946579338,3.5066817,8.886943,2.1942184,3
161830816283519,3949079338,3.524927,8.871091,2.2031915,3
161830818783519,3951579338,3.539583,8.84806,2.1861427,3
161830821283519,3954079338,3.569194,8.835498,2.1870399,3
161830823783519,3956579338,3.5865421,8.815457,2.1765714,3
161830826283519,3959079338,3.6110685,8.800801,2.1708884,3
161830828783519,3961579338,3.6197424,8.786744,2.175375,3
161830831283519,3964079338,3.6625142,8.777472,2.1978076,3
161830833783519,3966579338,3.6876388,8.771489,2.2127628,3
161830836283519,3969079338,3.7256248,8.782257,2.236691,3
161830838783519,3971579338,3.7504504,8.802298,2.2552354,3
161830841283519,3974079338,3.784249,8.816654,2.286043,3
161830843783519,3976579338,3.8144584,8.817552,2.295016,3
161830846283519,3979079338,3.8168511,8.833404,2.2995026,3
161830848783519,3981579338,3.8195431,8.833404,2.312065,3
161830851283519,3984079338,3.8231323,8.824132,2.3198416,3
161830853783519,3986579338,3.8285162,8.819047,2.3108685,3
161830856283519,3989079338,3.8470607,8.787342,2.3051856,3
161830858783519,3991579338,3.8347974,8.79123,2.300699,3
161830861283519,3994079338,3.8234315,8.771789,2.2755744,3
161830863783519,3996579338,3.8090746,8.75803,2.236691,3
161830866283519,3999079338,3.7851462,8.755637,2.1939192,3
161830868783519,4001579338,3.7794633,8.747262,2.1765714,3
161830871283519,4004079338,3.7743785,8.7347,2.1634107,3
161830873783519,4006579338,3.752245,8.726026,2.146661,3
161830876283519,4009079338,3.746562,8.738289,2.1158533,3
161830878783519,4011579338,3.71396,8.727222,2.0874386,3
161830881283519,4014079338,3.6951163,8.725727,2.0718853,3
161830883783519,4016579338,3.6684961,8.738289,2.0521445,3
161830886283519,4019079338,3.6382868,8.744271,2.033002,3
161830888783519,4021579338,3.6122649,8.740383,2.0207388,3
161830891283519,4024079338,3.5943186,8.768498,2.012364,3
161830893783519,4026579338,3.5644085,8.763413,2.012663,3
161830896283519,4029079338,3.5413775,8.769994,2.0264218,3
161830898783519,4031579338,3.5347972,8.8034935,2.0234306,3
161830901283519,4034079338,3.51386,8.8136635,2.0548365,3
161830903783519,4036579338,3.5291142,8.820542,2.0928226,3
161830906283519,4039079338,3.5111682,8.833105,2.114358,3
161830908783519,4041579338,3.534199,8.827123,2.1535404,3
161830911283519,4044079338,3.5434713,8.826225,2.1837497,3
161830913783519,4046579338,3.5497525,8.819047,2.2028923,3
161830916283519,4049079338,3.5647075,8.807681,2.2411776,3
161830918783519,4051579338,3.5793636,8.811271,2.2447667,3
161830921283519,4054079338,3.5961134,8.807382,2.2698913,3
161830923783519,4056579338,3.6179478,8.787642,2.283052,3
161830926283519,4059079338,3.6448672,8.787342,2.2818556,3
161830928783519,4061579338,3.6744783,8.78794,2.2935205,3
161830931283519,4064079338,3.6933217,8.779566,2.2791636,3
161830933783519,4066579338,3.737589,8.785249,2.2728825,3
161830936283519,4069079338,3.7624145,8.7984085,2.2971098,3
161830938783519,4071579338,3.7794633,8.811569,2.2758734,3
161830941283519,4074079338,3.8174493,8.805588,2.265704,3
161830943783519,4076579338,3.8297126,8.813364,2.274677,3
161830946283519,4079079338,3.821936,8.82832,2.2549362,3
161830948783519,4081579338,3.8291144,8.838788,2.2447667,3
161830951283519,4084079338,3.845565,8.844471,2.2289143,3
161830953783519,4086579338,3.8479578,8.863613,2.2169502,3
161830956283519,4089079338,3.8440695,8.838788,2.1999013,3
161830958783519,4091579338,3.8270206,8.845368,2.1942184,3
161830961283519,4094079338,3.8126638,8.853444,2.164308,3
161830963783519,4096579338,3.7950168,8.84806,2.1690936,3
161830966283519,4099079338,3.769593,8.84806,2.158326,3
161830968783519,4101579338,3.7477584,8.856435,2.134996,3
161830971283519,4104079338,3.696911,8.854939,2.1457636,3
161830973783519,4106579338,3.6747773,8.853444,2.097309,3
161830976283519,4109079338,3.629613,8.870791,2.0961127,3
161830978783519,4111579338,3.5985062,8.875278,2.0979073,3
161830981283519,4114079338,3.5548372,8.864211,2.0865414,3
161830983783519,4116579338,3.5243287,8.876176,2.0697916,3
161830986283519,4119079338,3.499802,8.869894,2.1000009,3
161830988783519,4121579338,3.4740794,8.852247,2.0778673,3
161830991283519,4124079338,3.4695928,8.848957,2.0665014,3
161830993783519,4126579338,3.472883,8.842377,2.079961,3
161830996283519,4129079338,3.4686956,8.8340025,2.0739791,3
161830998783519,4131579338,3.4606197,8.822337,2.0904298,3
161831001283519,4134079338,3.4456646,8.829515,2.0778673,3
161831003783519,4136579338,3.4489548,8.842976,2.0775683,3
161831006283519,4139079338,3.4627135,8.836993,2.0712872,3
161831008783519,4141579338,3.4692938,8.839087,2.07697,3
161831011283519,4144079338,3.4866416,8.850154,2.074278,3
161831013783519,4146579338,3.4824543,8.843872,2.0757737,3
161831016283519,4149079338,3.4713874,8.8447695,2.0497518,3
161831018783519,4151579338,3.49053,8.856734,2.0464616,3
161831021283519,4154079338,3.493521,8.844172,2.0781665,3
161831023783519,4156579338,3.4890344,8.832208,2.0629122,3
161831026283519,4159079338,3.490231,8.828618,2.0838494,3
161831028783519,4161579338,3.4794633,8.821739,2.117349,3
161831031283519,4164079338,3.478566,8.823533,2.129014,3
161831033783519,4166579338,3.4549367,8.81785,2.14696,3
161831036283519,4169079338,3.4579277,8.833404,2.1667008,3
161831038783519,4171579338,3.4534414,8.835498,2.181357,3
161831041283519,4174079338,3.4429727,8.834301,2.207678,3
161831043783519,4176579338,3.4423745,8.840582,2.2286153,3
161831046283519,4179079338,3.4360933,8.849854,2.2375882,3
161831048783519,4181579338,3.4316068,8.848659,2.2603202,3
161831051283519,4184079338,3.4429727,8.850154,2.2779672,3
161831053783519,4186579338,3.4334013,8.8492565,2.2761726,3
161831056283519,4189079338,3.426223,8.841779,2.2812574,3
161831058783519,4191579338,3.4226336,8.845368,2.2935205,3
161831061283519,4194079338,3.4103706,8.838489,2.2878375,3
161831063783519,4196579338,3.3909287,8.829815,2.2842484,3
161831066283519,4199079338,3.3882368,8.82443,2.2731814,3
161831068783519,4201579338,3.3960135,8.819047,2.2878375,3
161831071283519,4204079338,3.4052858,8.818449,2.2761726,3
161831073783519,4206579338,3.4133615,8.802298,2.312364,3
161831076283519,4209079338,3.4136605,8.797511,2.3135605,3
161831078783519,4211579338,3.4342988,8.809774,2.306681,3
161831081283519,4214079338,3.4492538,8.812766,2.3150558,3
161831083783519,4216579338,3.4600215,8.820842,2.3192434,3
161831086283519,4219079338,3.4570305,8.817252,2.3111675,3
161831088783519,4221579338,3.4680972,8.822637,2.315654,3
161831091283519,4224079338,3.469892,8.826225,2.283052,3
161831093783519,4226579338,3.461816,8.835796,2.2525434,3
161831096283519,4229079338,3.460919,8.849854,2.2229323,3
161831098783519,4231579338,3.4689946,8.867203,2.1828525,3
161831101283519,4234079338,3.4558342,8.881559,2.1125634,3
161831103783519,4236579338,3.460919,8.89801,2.0688944,3
161831106283519,4239079338,3.4573295,8.919545,2.0171494,3
161831108783519,4241579338,3.4447672,8.918349,1.9585253,3
161831111283519,4244079338,3.449852,8.920144,1.9298115,3
161831113783519,4246579338,3.4474592,8.91805,1.9163518,3
161831116283519,4249079338,3.455236,8.921639,1.9151554,3
161831118783519,4251579338,3.4794633,8.915059,1.9082761,3
161831121283519,4254079338,3.4776685,8.917152,1.91695,3
161831123783519,4256579338,3.4872398,8.919247,1.9411774,3
161831126283519,4259079338,3.5246277,8.912367,1.96361,3
161831128783519,4261579338,3.5491543,8.898309,1.9935204,3
161831131283519,4264079338,3.5850465,8.903992,2.0141585,3
161831133783519,4266579338,3.621537,8.873184,2.0297117,3
161831136283519,4269079338,3.6625142,8.846864,2.033002,3
161831138783519,4271579338,3.7067814,8.857332,2.065006,3
161831141283519,4274079338,3.737589,8.830113,2.0668006,3
161831143783519,4276579338,3.7624145,8.808877,2.1000009,3
161831146283519,4279079338,3.7818563,8.799007,2.0985055,3
161831148783519,4281579338,3.7857444,8.786145,2.085345,3
161831151283519,4284079338,3.7863426,8.778369,2.1278176,3
161831153783519,4286579338,3.7660038,8.776574,2.1026928,3
161831156283519,4289079338,3.7450666,8.772088,2.0901306,3
161831158783519,4291579338,3.7256248,8.780462,2.0901306,3
161831161283519,4294079338,3.6993039,8.796016,2.0991037,3
161831163783519,4296579338,3.6756747,8.804091,2.1391835,3
161831166283519,4299079338,3.6433716,8.802896,2.181357,3
161831168783519,4301579338,3.5940197,8.832506,2.216651,3
161831171283519,4304079338,3.563212,8.851051,2.2429721,3
161831173783519,4306579338,3.5336008,8.859426,2.2686949,3
161831176283519,4309079338,3.5069807,8.868399,2.309074,3
161831178783519,4311579338,3.4857445,8.85793,2.333301,3
161831181283519,4314079338,3.4773695,8.854939,2.329413,3
161831183783519,4316579338,3.4648073,8.839087,2.3428724,3
161831186283519,4319079338,3.4782667,8.825029,2.3581266,3
161831188783519,4321579338,3.4764721,8.815457,2.3479571,3
161831191283519,4324079338,3.5039897,8.790932,2.3449662,3
161831193783519,4326579338,3.5362928,8.759525,2.3327029,3
161831196283519,4329079338,3.5440695,8.747861,2.3054845,3
161831198783519,4331579338,3.566203,8.72782,2.3114667,3
161831201283519,4334079338,3.5856447,8.7164545,2.2812574,3
161831203783519,4336579338,3.6000016,8.703294,2.2770698,3
161831206283519,4339079338,3.598207,8.69821,2.2788644,3
161831208783519,4341579338,3.5943186,8.69791,2.2645075,3
161831211283519,4344079338,3.5886357,8.716156,2.2525434,3
161831213783519,4346579338,3.5850465,8.714062,2.2271197,3
161831216283519,4349079338,3.5781672,8.717651,2.1661026,3
161831218783519,4351579338,3.5811582,8.703893,2.1448665,3
161831221283519,4354079338,3.58056,8.687741,2.1397817,3
161831223783519,4356579338,3.5754752,8.685049,2.1287148,3
161831226283519,4359079338,3.574877,8.678169,2.1326032,3
161831228783519,4361579338,3.5838501,8.690134,2.1415763,3
161831231283519,4364079338,3.5757744,8.6802635,2.158027,3
161831233783519,4366579338,3.5886357,8.686544,2.2100708,3
161831236283519,4369079338,3.5880375,8.708977,2.2582264,3
161831238783519,4371579338,3.5991044,8.720942,2.2845473,3
161831241283519,4374079338,3.60389,8.738888,2.3042881,3
161831243783519,4376579338,3.60389,8.762517,2.341377,3
161831246283519,4379079338,3.6017964,8.782257,2.3548367,3
161831248783519,4381579338,3.6176488,8.79153,2.385046,3
161831251283519,4384079338,3.6394832,8.799306,2.4003003,3
161831253783519,4386579338,3.6708891,8.793324,2.416751,3
161831256283519,4389079338,3.694518,8.786744,2.4263222,3
161831258783519,4391579338,3.6981075,8.761021,2.4364917,3
161831261283519,4394079338,3.7244284,8.750254,2.426023,3
161831263783519,4396579338,3.7411783,8.752048,2.4529424,3
161831266283519,4399079338,3.7683966,8.742178,2.4412773,3
161831268783519,4401579338,3.789932,8.710473,2.4508486,3
161831271283519,4404079338,3.8084764,8.702098,2.4592235,3
161831273783519,4406579338,3.8285162,8.689835,2.4538395,3
161831276283519,4409079338,3.845266,8.695518,2.4538395,3
161831278783519,4411579338,3.8754754,8.681161,2.46042,3
161831281283519,4414079338,3.8590248,8.692825,2.4337997,3
161831283783519,4416579338,3.8515472,8.699406,2.4251258,3
161831286283519,4419079338,3.848257,8.708678,2.402693,3
161831288783519,4421579338,3.8356948,8.718249,2.3629124,3
161831291283519,4424079338,3.8111682,8.737093,2.303391,3
161831293783519,4426579338,3.781557,8.740383,2.2818556,3
161831296283519,4429079338,3.7707894,8.754142,2.2130618,3
161831298783519,4431579338,3.7453656,8.749954,2.172982,3
161831301283519,4434079338,3.7220356,8.760123,2.1397817,3
161831303783519,4436579338,3.7046876,8.765208,2.091327,3
161831306283519,4439079338,3.679563,8.778369,2.0347965,3
161831308783519,4441579338,3.6382868,8.782557,2.001297,3
161831311283519,4444079338,3.598207,8.7831545,1.9369899,3
161831313783519,4446579338,3.566203,8.781659,1.9190438,3
161831316283519,4449079338,3.5204403,8.793324,1.8948164,3
161831318783519,4451579338,3.4746776,8.800203,1.8864416,3
161831321283519,4454079338,3.4483566,8.802896,1.8708882,3
161831323783519,4456579338,3.4223347,8.808877,1.8909281,3
161831326283519,4459079338,3.4169507,8.8136635,1.896312,3
161831328783519,4461579338,3.4055848,8.813364,1.9160527,3
161831331283519,4464079338,3.414857,8.788837,1.9522442,3
161831333783519,4466579338,3.4199417,8.793623,1.9686948,3
161831336283519,4469079338,3.4339995,8.781061,2.000998,3
161831338783519,4471579338,3.4558342,8.771191,2.03031,3
161831341283519,4474079338,3.4806597,8.7679,2.0527427,3
161831343783519,4476579338,3.5117664,8.752646,2.099702,3
161831346283519,4479079338,3.5365918,8.748757,2.149353,3
161831348783519,4481579338,3.5784662,8.741281,2.2151556,3
161831351283519,4484079338,3.5994034,8.739784,2.2579272,3
161831353783519,4486579338,3.611966,8.745169,2.3201406,3
161831356283519,4489079338,3.64726,8.7682,2.3715863,3
161831358783519,4491579338,3.6631124,8.7780695,2.4068804,3
161831361283519,4494079338,3.6810586,8.778967,2.4589243,3
161831363783519,4496579338,3.694518,8.797511,2.478665,3
161831366283519,4499079338,3.6861434,8.82144,2.4774687,3
161831368783519,4501579338,3.6720855,8.827422,2.4855444,3
161831371283519,4504079338,3.664907,8.83161,2.4891338,3
161831373783519,4506579338,3.6613178,8.848659,2.4930222,3
161831376283519,4509079338,3.6454654,8.84806,2.4939194,3
161831378783519,4511579338,3.6188452,8.837891,2.4625137,3
161831381283519,4514079338,3.600899,8.850452,2.4702902,3
161831383783519,4516579338,3.5799618,8.844172,2.437987,3
161831386283519,4519079338,3.5497525,8.849854,2.4143581,3
161831388783519,4521579338,3.5359936,8.860024,2.400001,3
161831391283519,4524079338,3.5156546,8.868698,2.3769703,3
161831393783519,4526579338,3.4938202,8.884252,2.3638096,3
161831396283519,4529079338,3.482155,8.895318,2.3246272,3
161831398783519,4531579338,3.4621153,8.89502,2.2905295,3
161831401283519,4534079338,3.4450665,8.912367,2.2680967,3
161831403783519,4536579338,3.4199417,8.907581,2.2345972,3
161831406283519,4539079338,3.4013975,8.903693,2.1891336,3
161831408783519,4541579338,3.4049866,8.895916,2.167,3
161831411283519,4544079338,3.3729825,8.912367,2.1335006,3
161831413783519,4546579338,3.3637104,8.910572,2.1182463,3
161831416283519,4549079338,3.3631122,8.910274,2.1122642,3
161831418783519,4551579338,3.356233,8.918648,2.1095722,3
161831421283519,4554079338,3.3499517,8.923135,2.0907288,3
161831423783519,4556579338,3.3544383,8.936893,2.0955145,3
161831426283519,4559079338,3.362514,8.946465,2.1008983,3
161831428783519,4561579338,3.365206,8.962915,2.07697,3
161831431283519,4564079338,3.3658042,8.971589,2.0659032,3
161831433783519,4566579338,3.3813574,8.984152,2.0635104,3
161831436283519,4569079338,3.3783665,8.990433,2.062314,3
161831438783519,4571579338,3.397808,8.976375,2.0659032,3
161831441283519,4574079338,3.3939197,8.974581,2.0659032,3
161831443783519,4576579338,3.4046874,8.982357,2.0892332,3
161831446283519,4579079338,3.4142587,8.985947,2.1077776,3
161831448783519,4581579338,3.4073794,8.985049,2.129313,3
161831451283519,4584079338,3.411567,8.986545,2.1556342,3
161831453783519,4586579338,3.4160535,8.986545,2.1759732,3
161831456283519,4589079338,3.4259238,8.971889,2.2037897,3
161831458783519,4591579338,3.4507494,8.959027,2.198705,3
161831461283519,4594079338,3.4531422,8.927322,2.2441685,3
161831463783519,4596579338,3.463611,8.917751,2.2594228,3
161831466283519,4599079338,3.4782667,8.901599,2.268994,3
161831468783519,4601579338,3.4836507,8.893225,2.269293,3
161831471283519,4604079338,3.5084763,8.866903,2.2815564,3
161831473783519,4606579338,3.522235,8.848359,2.2905295,3
161831476283519,4609079338,3.5159538,8.842676,2.2818556,3
161831478783519,4611579338,3.5240295,8.834899,2.2728825,3
161831481283519,4614079338,3.5327036,8.819944,2.265405,3
161831483783519,4616579338,3.5243287,8.814561,2.2417758,3
161831486283519,4619079338,3.521936,8.800801,2.2202404,3
161831488783519,4621579338,3.5204403,8.814261,2.2073789,3
161831491283519,4624079338,3.5132618,8.802298,2.1975086,3
161831493783519,4626579338,3.513561,8.79811,2.1936202,3
161831496283519,4629079338,3.5042887,8.784052,2.1789641,3
161831498783519,4631579338,3.4893336,8.79153,2.1816561,3
161831501283519,4634079338,3.4692938,8.794222,2.1954148,3
161831503783519,4636579338,3.455535,8.80469,2.207977,3
161831506283519,4639079338,3.434897,8.80469,2.195714,3
161831508783519,4641579338,3.4121652,8.821739,2.2444677,3
161831511283519,4644079338,3.4064822,8.8238325,2.2354946,3
161831513783519,4646579338,3.3981073,8.8289175,2.2414765,3
161831516283519,4649079338,3.3939197,8.837293,2.266302,3
161831518783519,4651579338,3.394219,8.825927,2.3114667,3
161831521283519,4654079338,3.382853,8.810971,2.303391,3
161831523783519,4656579338,3.3825538,8.809176,2.3602204,3
161831526283519,4659079338,3.411567,8.7984085,2.3670998,3
161831528783519,4661579338,3.4127634,8.797511,2.382354,3
161831531283519,4664079338,3.4244282,8.785547,2.3778675,3
161831533783519,4666579338,3.4486556,8.78465,2.370689,3
161831536283519,4669079338,3.4603207,8.773883,2.341676,3
161831538783519,4671579338,3.478865,8.752945,2.3291137,3
161831541283519,4674079338,3.4950166,8.758628,2.3171496,3
161831543783519,4676579338,3.507878,8.748757,2.321337,3
161831546283519,4679079338,3.5252259,8.7418785,2.3195424,3
161831548783519,4681579338,3.5350964,8.758628,2.315355,3
161831551283519,4684079338,3.5422747,8.766704,2.3246272,3
161831553783519,4686579338,3.5611184,8.78136,2.3075783,3
161831556283519,4689079338,3.56381,8.798708,2.3258235,3
161831558783519,4691579338,3.5787654,8.827123,2.303391,3
161831561283519,4694079338,3.6056845,8.82144,2.2800608,3
161831563783519,4696579338,3.6254253,8.827422,2.2633111,3
161831566283519,4699079338,3.649952,8.819346,2.2229323,3
161831568783519,4701579338,3.667599,8.817552,2.1870399,3
161831571283519,4704079338,3.6894333,8.800801,2.1622143,3
161831573783519,4706579338,3.7166517,8.805588,2.1361923,3
161831576283519,4709079338,3.7411783,8.790932,2.117947,3
161831578783519,4711579338,3.754937,8.779566,2.0907288,3
161831581283519,4714079338,3.775575,8.773883,2.0632114,3
161831583783519,4716579338,3.7962132,8.775976,2.0524435,3
161831586283519,4719079338,3.8063827,8.797213,2.015654,3
161831588783519,4721579338,3.8033917,8.781061,1.9857436,3
161831591283519,4724079338,3.818646,8.792128,1.9582262,3
161831593783519,4726579338,3.7920256,8.802298,1.9474585,3
161831596283519,4729079338,3.7821553,8.807083,1.9247267,3
161831598783519,4731579338,3.7630126,8.805588,1.9142581,3
161831601283519,4734079338,3.7393837,8.814261,1.8987048,3
161831603783519,4736579338,3.7079778,8.812167,1.8960128,3
161831606283519,4739079338,3.6786656,8.803194,1.910968,3
161831608783519,4741579338,3.6744783,8.808279,1.9175483,3
161831611283519,4744079338,3.6436708,8.806784,1.9244276,3
161831613783519,4746579338,3.6134613,8.816355,1.9492532,3
161831616283519,4749079338,3.5904303,8.826823,1.9815563,3
161831618783519,4751579338,3.5745778,8.809476,1.9998015,3
161831621283519,4754079338,3.5635111,8.811271,2.0440688,3
161831623783519,4756579338,3.569194,8.793324,2.1014965,3
161831626283519,4759079338,3.5626137,8.779864,2.1388843,3
161831628783519,4761579338,3.5512478,8.773583,2.1852453,3
161831631283519,4764079338,3.5527434,8.778369,2.2348964,3
161831633783519,4766579338,3.5605202,8.770593,2.2546372,3
161831636283519,4769079338,3.5724843,8.761918,2.277668,3
161831638783519,4771579338,3.5653057,8.753244,2.3111675,3
161831641283519,4774079338,3.5799618,8.761021,2.3288147,3
161831643783519,4776579338,3.5880375,8.759227,2.3479571,3
161831646283519,4779079338,3.6059837,8.763413,2.3659034,3
161831648783519,4781579338,3.6110685,8.775079,2.3826532,3
161831651283519,4784079338,3.6323047,8.774181,2.3775685,3
161831653783519,4786579338,3.6559339,8.790034,2.367399,3
161831656283519,4789079338,3.6323047,8.784052,2.364707,3
161831658783519,4791579338,3.6224344,8.78465,2.3458636,3
161831661283519,4794079338,3.6206398,8.781959,2.3264217,3
161831663783519,4796579338,3.609573,8.774481,2.3135605,3
161831666283519,4799079338,3.6257246,8.763115,2.3192434,3
161831668783519,4801579338,3.630211,8.747861,2.3147569,3
161831671283519,4804079338,3.6355948,8.743673,2.3138595,3
161831673783519,4806579338,3.6598222,8.721839,2.3455644,3
161831676283519,4809079338,3.6807594,8.731709,2.3548367,3
161831678783519,4811579338,3.7151563,8.7164545,2.361716,3
161831681283519,4814079338,3.7459638,8.7113695,2.3575284,3
161831683783519,4816579338,3.7692938,8.694321,2.3724837,3
161831686283519,4819079338,3.795914,8.687442,2.3668008,3
161831688783519,4821579338,3.8153558,8.685647,2.3575284,3
161831691283519,4824079338,3.8470607,8.684152,2.350051,3
161831693783519,4826579338,3.8515472,8.671888,2.3288147,3
161831696283519,4829079338,3.8497524,8.669196,2.3108685,3
161831698783519,4831579338,3.8437705,8.645567,2.3012972,3
161831701283519,4834079338,3.8270206,8.646464,2.3024936,3
161831703783519,4836579338,3.821637,8.630612,2.3024936,3
161831706283519,4839079338,3.8024943,8.616854,2.300699,3
161831708783519,4841579338,3.7965121,8.619545,2.306681,3
161831711283519,4844079338,3.7689948,8.61805,2.3246272,3
161831713783519,4846579338,3.7423747,8.624929,2.3264217,3
161831716283519,4849079338,3.7337005,8.63809,2.341377,3
161831718783519,4851579338,3.7088752,8.64467,2.3368905,3
161831721283519,4854079338,3.6960137,8.652447,2.3599212,3
161831723783519,4856579338,3.682255,8.65454,2.3679972,3
161831726283519,4859079338,3.6708891,8.657532,2.373381,3
161831728783519,4861579338,3.6628132,8.654242,2.3814569,3
161831731283519,4864079338,3.6544385,8.65125,2.3679972,3
161831733783519,4866579338,3.6517465,8.642277,2.3694925,3
161831736283519,4869079338,3.6403806,8.642576,2.359024,3
161831738783519,4871579338,3.6433716,8.626724,2.3665016,3
161831741283519,4874079338,3.6379876,8.61805,2.3718855,3
161831743783519,4876579338,3.6281173,8.623733,2.3841486,3
161831746283519,4879079338,3.6335013,8.622237,2.3844478,3
161831748783519,4881579338,3.6373894,8.63121,2.3862424,3
161831751283519,4884079338,3.63051,8.642277,2.3668008,3
161831753783519,4886579338,3.6290147,8.6548395,2.349752,3
161831756283519,4889079338,3.6161532,8.6757765,2.3147569,3
161831758783519,4891579338,3.6146576,8.69462,2.274976,3
161831761283519,4894079338,3.60718,8.699406,2.236691,3
161831763783519,4896579338,3.5871403,8.708977,2.210669,3
161831766283519,4899079338,3.5871403,8.697611,2.2046869,3
161831768783519,4901579338,3.5760734,8.702696,2.169991,3
161831771283519,4904079338,3.5620155,8.705089,2.1532412,3
161831773783519,4906579338,3.5566318,8.697611,2.1759732,3
161831776283519,4909079338,3.5467613,8.705986,2.1882362,3
161831778783519,4911579338,3.5416765,8.712566,2.216651,3
161831781283519,4914079338,3.5524442,8.71795,2.242673,3
161831783783519,4916579338,3.5653057,8.733205,2.2510478,3
161831786283519,4919079338,3.5551362,8.739486,2.2734807,3
161831788783519,4921579338,3.5530424,8.7418785,2.277369,3
161831791283519,4924079338,3.563212,8.750852,2.2857437,3
161831793783519,4926579338,3.572185,8.750552,2.2677977,3
161831796283519,4929079338,3.5727832,8.743972,2.2615166,3
161831798783519,4931579338,3.588935,8.740084,2.236691,3
161831801283519,4934079338,3.5919259,8.742178,2.219044,3
161831803783519,4936579338,3.5946178,8.757432,2.181357,3
161831806283519,4939079338,3.6056845,8.760123,2.1598215,3
161831808783519,4941579338,3.6068811,8.753244,2.1323042,3
161831811283519,4944079338,3.612863,8.749057,2.117947,3
161831813783519,4946579338,3.6032917,8.745467,2.1203399,3
161831816283519,4949079338,3.6011982,8.751749,2.1269202,3
161831818783519,4951579338,3.598207,8.748159,2.1077776,3
161831821283519,4954079338,3.6110685,8.764012,2.143072,3
161831823783519,4956579338,3.6014972,8.769994,2.1544378,3
161831826283519,4959079338,3.6014972,8.778967,2.1780667,3
161831828783519,4961579338,3.6077783,8.790932,2.2046869,3
161831831283519,4964079338,3.615555,8.804391,2.20708,3
161831833783519,4966579338,3.6424742,8.815159,2.2292135,3
161831836283519,4969079338,3.6526437,8.825328,2.2576282,3
161831838783519,4971579338,3.685545,8.834899,2.2713869,3
161831841283519,4974079338,3.7130625,8.822337,2.2770698,3
161831843783519,4976579338,3.731906,8.82832,2.2863421,3
161831846283519,4979079338,3.7654054,8.820542,2.3201406,3
161831848783519,4981579338,3.7749767,8.827721,2.318047,3
161831851283519,4984079338,3.8015969,8.8085785,2.3440688,3
161831853783519,4986579338,3.818646,8.815457,2.3727827,3
161831856283519,4989079338,3.8276188,8.805886,2.3922246,3
161831858783519,4991579338,3.824329,8.810373,2.3871398,3
161831861283519,4994079338,3.8096728,8.801699,2.396412,3
161831863783519,4996579338,3.7797625,8.827721,2.4284158,3
161831866283519,4999079338,3.7423747,8.83131,2.419443,3
161831868783519,5001579338,3.6933217,8.863315,2.3994029,3
161831871283519,5004079338,3.653541,8.913264,2.3452654,3
161831873783519,5006579338,3.6050863,8.946465,2.3039892,3
161831876283519,5009079338,3.5413775,8.965906,2.2331018,3
161831878783519,5011579338,3.493521,8.976076,2.1565313,3
161831881283519,5014079338,3.4390843,8.996415,2.0994027,3
161831883783519,5016579338,3.385545,9.004191,2.0395823,3
161831886283519,5019079338,3.3385859,9.004789,1.9806589,3
161831888783519,5021579338,3.2976086,9.002098,1.9351953,3
161831891283519,5024079338,3.2614172,8.999406,1.902294,3
161831893783519,5026579338,3.2303107,9.000004,1.8807586,3
161831896283519,5029079338,3.2237303,9.021839,1.8813568,3
161831898783519,5031579338,3.2144582,9.0029955,1.9004993,3
161831901283519,5034079338,3.19382,9.000901,1.9055841,3
161831903783519,5036579338,3.179164,9.005089,1.9265213,3
161831906283519,5039079338,3.1833515,8.9979105,1.9405792,3
161831908783519,5041579338,3.1869407,8.981759,1.9854445,3
161831911283519,5044079338,3.2069805,8.964411,2.0135603,3
161831913783519,5046579338,3.249453,8.942277,2.0383859,3
161831916283519,5049079338,3.298506,8.915657,2.0727825,3
161831918783519,5051579338,3.3427732,8.904889,2.1158533,3
161831921283519,5054079338,3.4067812,8.886046,2.161616,3
161831923783519,5056579338,3.4585261,8.865408,2.2058833,3
161831926283519,5059079338,3.4977086,8.849854,2.2674985,3
161831928783519,5061579338,3.56381,8.83161,2.3410778,3
161831931283519,5064079338,3.595216,8.822337,2.3614168,3
161831933783519,5066579338,3.6257246,8.812467,2.4185455,3
161831936283519,5069079338,3.6517465,8.813364,2.4616163,3
161831938783519,5071579338,3.6670008,8.801998,2.4879375,3
161831941283519,5074079338,3.679862,8.796913,2.5058835,3
161831943783519,5076579338,3.6873398,8.795418,2.4999015,3
161831946283519,5079079338,3.6729827,8.801101,2.4837499,3
161831948783519,5081579338,3.6643088,8.822038,2.4672992,3
161831951283519,5084079338,3.6637106,8.815159,2.4508486,3
161831953783519,5086579338,3.6469607,8.813065,2.4281168,3
161831956283519,5089079338,3.6335013,8.806186,2.3994029,3
161831958783519,5091579338,3.6152558,8.798708,2.3754747,3
161831961283519,5094079338,3.583252,8.793025,2.321038,3
161831963783519,5096579338,3.5617166,8.796913,2.289632,3
161831966283519,5099079338,3.5434713,8.772088,2.251646,3
161831968783519,5101579338,3.525824,8.7679,2.2372892,3
161831971283519,5104079338,3.5033915,8.780164,2.1975086,3
161831973783519,5106579338,3.4809587,8.786744,2.181955,3
161831976283519,5109079338,3.4540396,8.796615,2.1825533,3
161831978783519,5111579338,3.4387853,8.797811,2.158027,3
161831981283519,5114079338,3.4387853,8.806484,2.1370897,3
161831983783519,5116579338,3.4387853,8.817552,2.1308086,3
161831986283519,5119079338,3.437589,8.82144,2.1257238,3
161831988783519,5121579338,3.4381871,8.817552,2.123331,3
161831991283519,5124079338,3.452544,8.82443,2.1188445,3
161831993783519,5126579338,3.4417763,8.837891,2.1161525,3
161831996283519,5129079338,3.4597225,8.822637,2.1149561,3
161831998783519,5131579338,3.4923246,8.813065,2.126322,3
161832001283519,5134079338,3.5144582,8.801101,2.1248264,3
161832003783519,5136579338,3.5404801,8.797213,2.126322,3
161832006283519,5139079338,3.5694933,8.807681,2.137389,3
161832008783519,5141579338,3.5796626,8.820244,2.1251256,3
161832011283519,5144079338,3.6026936,8.821739,2.126322,3
161832013783519,5146579338,3.6290147,8.832506,2.149652,3
161832016283519,5149079338,3.6526437,8.856135,2.1735802,3
161832018783519,5151579338,3.6580276,8.869296,2.1891336,3
161832021283519,5154079338,3.6646078,8.876474,2.2217357,3
161832023783519,5156579338,3.6544385,8.89113,2.2277179,3
161832026283519,5159079338,3.6424742,8.911769,2.2447667,3
161832028783519,5161579338,3.635894,8.911171,2.2357936,3
161832031283519,5164079338,3.6188452,8.929715,2.2522442,3
161832033783519,5166579338,3.5892339,8.915359,2.2307088,3
161832036283519,5169079338,3.568596,8.91805,2.2187448,3
161832038783519,5171579338,3.5479577,8.903095,2.216651,3
161832041283519,5174079338,3.531208,8.900104,2.2268205,3
161832043783519,5176579338,3.5006995,8.878569,2.193321,3
161832046283519,5179079338,3.4896326,8.8701935,2.2073789,3
161832048783519,5181579338,3.4725838,8.864511,2.199004,3
161832051283519,5184079338,3.4483566,8.864511,2.198705,3
161832053783519,5186579338,3.441178,8.863015,2.201397,3
161832056283519,5189079338,3.4277184,8.8543415,2.2100708,3
161832058783519,5191579338,3.4130623,8.854939,2.2002003,3
161832061283519,5194079338,3.418147,8.8543415,2.178665,3
161832063783519,5196579338,3.4037902,8.847462,2.178366,3
161832066283519,5199079338,3.3933215,8.841479,2.1568305,3
161832068783519,5201579338,3.3807592,8.838788,2.1391835,3
161832071283519,5204079338,3.3753755,8.846265,2.120938,3
161832073783519,5206579338,3.3789647,8.845966,2.1245275,3
161832076283519,5209079338,3.3810585,8.849555,2.1251256,3
161832078783519,5211579338,3.3693933,8.838788,2.111666,3
161832081283519,5214079338,3.3840494,8.835198,2.1083758,3
161832083783519,5216579338,3.4100714,8.842976,2.1343977,3
161832086283519,5219079338,3.4166517,8.833404,2.1502502,3
161832088783519,5221579338,3.4316068,8.828618,2.1574287,3
161832091283519,5224079338,3.4387853,8.835498,2.1705892,3
161832093783519,5226579338,3.449852,8.827123,2.181357,3
161832096283519,5229079338,3.4797623,8.81785,2.167299,3
161832098783519,5231579338,3.4929228,8.82144,2.1649063,3
161832101283519,5234079338,3.5066817,8.83131,2.1649063,3
161832103783519,5236579338,3.528516,8.829216,2.1708884,3
161832106283519,5239079338,3.551846,8.819944,2.181955,3
161832108783519,5241579338,3.5709887,8.80469,2.1906292,3
161832111283519,5244079338,3.5853457,8.80469,2.2064817,3
161832113783519,5246579338,3.6113675,8.793324,2.2229323,3
161832116283519,5249079338,3.6293137,8.780462,2.2334008,3
161832118783519,5251579338,3.6646078,8.766405,2.251646,3
161832121283519,5254079338,3.7016966,8.750254,2.2761726,3
161832123783519,5256579338,3.7417765,8.731111,2.283351,3
161832126283519,5259079338,3.764209,8.73799,2.2878375,3
161832128783519,5261579338,3.8096728,8.73799,2.3012972,3
161832131283519,5264079338,3.8521454,8.7266245,2.297708,3
161832133783519,5266579338,3.868596,8.725428,2.297708,3
161832136283519,5269079338,3.897908,8.734101,2.297708,3
161832138783519,5271579338,3.912265,8.733205,2.3084757,3
161832141283519,5274079338,3.941278,8.7469635,2.3132613,3
161832143783519,5276579338,3.9460638,8.743972,2.332404,3
161832146283519,5279079338,3.9601214,8.7469635,2.3336003,3
161832148783519,5281579338,3.9397824,8.744869,2.3252254,3
161832151283519,5284079338,3.9197426,8.739186,2.3138595,3
161832153783519,5286579338,3.9131622,8.752945,2.3039892,3
161832156283519,5289079338,3.8778682,8.747561,2.2911277,3
161832158783519,5291579338,3.845565,8.752347,2.2701905,3
161832161283519,5294079338,3.8228333,8.758329,2.266302,3
161832163783519,5296579338,3.795914,8.768798,2.2259233,3
161832166283519,5299079338,3.7516468,8.770293,2.201397,3
161832168783519,5301579338,3.7220356,8.778369,2.213361,3
161832171283519,5304079338,3.6846478,8.787043,2.1954148,3
161832173783519,5306579338,3.6577284,8.790632,2.1939192,3
161832176283519,5309079338,3.632604,8.796016,2.2232313,3
161832178783519,5311579338,3.62393,8.803194,2.2435703,3
161832181283519,5314079338,3.6083765,8.805886,2.277668,3
161832183783519,5316579338,3.5904303,8.802298,2.3057837,3
161832186283519,5319079338,3.5757744,8.774779,2.3087747,3
161832188783519,5321579338,3.5635111,8.773583,2.333002,3
161832191283519,5324079338,3.5679977,8.763413,2.3431716,3
161832193783519,5326579338,3.545266,8.758628,2.3365912,3
161832196283519,5329079338,3.5309088,8.746365,2.309074,3
161832198783519,5331579338,3.5279179,8.732905,2.2926233,3
161832201283519,5334079338,3.505485,8.738289,2.251646,3
161832203783519,5336579338,3.4857445,8.707781,2.2316062,3
161832206283519,5339079338,3.4624143,8.7012005,2.231307,3
161832208783519,5341579338,3.455535,8.685946,2.2360928,3
161832211283519,5344079338,3.455535,8.6802635,2.2223341,3
161832213783519,5346579338,3.44716,8.674281,2.2334008,3
161832216283519,5349079338,3.44058,8.665009,2.2603202,3
161832218783519,5351579338,3.4549367,8.651849,2.2911277,3
161832221283519,5354079338,3.4603207,8.639884,2.309373,3
161832223783519,5356579338,3.4683964,8.635697,2.3407788,3
161832226283519,5359079338,3.4809587,8.639286,2.362015,3
161832228783519,5361579338,3.4995031,8.630313,2.3886352,3
161832231283519,5364079338,3.5006995,8.630313,2.4077778,3
161832233783519,5366579338,3.5111682,8.625228,2.4161527,3
161832236283519,5369079338,3.5261233,8.648559,2.4218357,3
161832238783519,5371579338,3.56381,8.62463,2.4152553,3
161832241283519,5374079338,3.580261,8.615059,2.3742783,3
161832243783519,5376579338,3.6251264,8.617452,2.3727827,3
161832246283519,5379079338,3.6523447,8.625228,2.3694925,3
161832248783519,5381579338,3.682255,8.6141615,2.3488545,3
161832251283519,5384079338,3.7019958,8.60459,2.3288147,3
161832253783519,5386579338,3.723232,8.62463,2.3054845,3
161832256283519,5389079338,3.751946,8.613862,2.2941186,3
161832258783519,5391579338,3.7546377,8.618649,2.266302,3
161832261283519,5394079338,3.7624145,8.623733,2.2606192,3
161832263783519,5396579338,3.7501514,8.637491,2.2549362,3
161832266283519,5399079338,3.7468612,8.667402,2.2447667,3
161832268783519,5401579338,3.7561333,8.677571,2.2579272,3
161832271283519,5404079338,3.7274194,8.693125,2.25703,3
161832273783519,5406579338,3.7130625,8.711968,2.2552354,3
161832276283519,5409079338,3.7154553,8.724232,2.2564318,3
161832278783519,5411579338,3.7118661,8.746066,2.2585254,3
161832281283519,5414079338,3.7091742,8.751151,2.254039,3
161832283783519,5416579338,3.7106698,8.765806,2.2579272,3
161832286283519,5419079338,3.7304106,8.773583,2.2594228,3
161832288783519,5421579338,3.7271204,8.776874,2.23699,3
161832291283519,5424079338,3.7390845,8.786445,2.2067807,3
161832293783519,5426579338,3.7411783,8.797213,2.1795623,3
161832296283519,5429079338,3.7247276,8.813962,2.1574287,3
161832298783519,5431579338,3.702893,8.816654,2.1299112,3
161832301283519,5434079338,3.6672997,8.83131,2.097309,3
161832303783519,5436579338,3.6412778,8.845368,2.0880368,3
161832306283519,5439079338,3.6167514,8.849854,2.0928226,3
161832308783519,5441579338,3.5781672,8.869596,2.059622,3
161832311283519,5444079338,3.548855,8.878867,2.0443678,3
161832313783519,5446579338,3.5234313,8.883654,2.05693,3
161832316283519,5449079338,3.499204,8.905189,2.0691934,3
161832318783519,5451579338,3.4824543,8.919247,2.103291,3
161832321283519,5454079338,3.473182,8.933005,2.0946171,3
161832323783519,5456579338,3.458825,8.932706,2.1215365,3
161832326283519,5459079338,3.4537404,8.9470625,2.1367905,3
161832328783519,5461579338,3.4633117,8.957232,2.1358933,3
161832331283519,5464079338,3.4794633,8.95783,2.1448665,3
161832333783519,5466579338,3.507878,8.953344,2.1511476,3
161832336283519,5469079338,3.5123646,8.959625,2.1296122,3
161832338783519,5471579338,3.5437703,8.948857,2.120041,3
161832341283519,5474079338,3.5566318,8.9470625,2.1343977,3
161832343783519,5476579338,3.571886,8.947362,2.117349,3
161832346283519,5479079338,3.5793636,8.949755,2.120041,3
161832348783519,5481579338,3.6017964,8.944371,2.134697,3
161832351283519,5484079338,3.6110685,8.943474,2.1305094,3
161832353783519,5486579338,3.6376886,8.935099,2.115255,3
161832356283519,5489079338,3.641876,8.940782,2.114657,3
161832358783519,5491579338,3.6406796,8.940184,2.1296122,3
161832361283519,5494079338,3.6257246,8.950952,2.1487548,3
161832363783519,5496579338,3.6206398,8.949456,2.1601207,3
161832366283519,5499079338,3.6206398,8.952447,2.1807587,3
161832368783519,5501579338,3.598207,8.958429,2.1939192,3
161832371283519,5504079338,3.5790644,8.966804,2.1801605,3
161832373783519,5506579338,3.5605202,8.962317,2.1948166,3
161832376283519,5509079338,3.5476587,8.95155,2.1939192,3
161832378783519,5511579338,3.531507,8.941081,2.1750758,3
161832381283519,5514079338,3.5150564,8.936594,2.1717856,3
161832383783519,5516579338,3.5084763,8.929416,2.138286,3
161832386283519,5519079338,3.505485,8.909077,2.111367,3
161832388783519,5521579338,3.501597,8.893225,2.1077776,3
161832391283519,5524079338,3.4953158,8.8681,2.0898316,3
161832393783519,5526579338,3.4926238,8.862716,2.076372,3
161832396283519,5529079338,3.4773695,8.852547,2.0841484,3
161832398783519,5531579338,3.4639099,8.863015,2.1044874,3
161832401283519,5534079338,3.455236,8.852547,2.1083758,3
161832403783519,5536579338,3.4465618,8.849854,2.0952153,3
161832406283519,5539079338,3.4354951,8.8346,2.0871396,3
161832408783519,5541579338,3.429214,8.840582,2.1077776,3
161832411283519,5544079338,3.4214373,8.829216,2.1176481,3
161832413783519,5546579338,3.4214373,8.839685,2.1379871,3
161832416283519,5549079338,3.4220355,8.85464,2.1702902,3
161832418783519,5551579338,3.4184463,8.823235,2.2061825,3
161832421283519,5554079338,3.4313076,8.8136635,2.1631117,3
161832423783519,5556579338,3.4504502,8.792427,2.1768703,3
161832426283519,5559079338,3.475874,8.767601,2.2357936,3
161832428783519,5561579338,3.5201411,8.756834,2.2737796,3
161832431283519,5564079338,3.5706897,8.743972,2.3285155,3
161832433783519,5566579338,3.6056845,8.716156,2.3419752,3
161832436283519,5569079338,3.6340995,8.712866,2.3644078,3
161832438783519,5571579338,3.638885,8.716754,2.3668008,3
161832441283519,5574079338,3.670291,8.718249,2.3515465,3
161832443783519,5576579338,3.6900315,8.712866,2.350649,3
161832446283519,5579079338,3.708277,8.7418785,2.3312075,3
161832448783519,5581579338,3.7489548,8.712267,2.312663,3
161832451283519,5584079338,3.74058,8.719745,2.3072793,3
161832453783519,5586579338,3.74058,8.708079,2.3198416,3
161832456283519,5589079338,3.734598,8.702696,2.3168504,3
161832458783519,5591579338,3.731906,8.71795,2.3362923,3
161832461283519,5594079338,3.7163527,8.709576,2.3461626,3
161832463783519,5596579338,3.6792638,8.723633,2.3694925,3
161832466283519,5599079338,3.6631124,8.720942,2.3961127,3
161832468783519,5601579338,3.6514473,8.7215395,2.39372,3
161832471283519,5604079338,3.6520455,8.725129,2.3829522,3
161832473783519,5606579338,3.652943,8.729316,2.3874388,3
161832476283519,5609079338,3.6607196,8.738588,2.3718855,3
161832478783519,5611579338,3.670291,8.716754,2.373082,3
161832481283519,5614079338,3.6684961,8.72782,2.3135605,3
161832483783519,5616579338,3.6876388,8.728718,2.3051856,3
161832486283519,5619079338,3.6897326,8.703893,2.263012,3
161832488783519,5621579338,3.7031922,8.70479,2.2354946,3
161832491283519,5624079338,3.7184465,8.703593,2.2199411,3
161832493783519,5626579338,3.7337005,8.694022,2.1969104,3
161832496283519,5629079338,3.7444685,8.705089,2.1861427,3
161832498783519,5631579338,3.7387853,8.703893,2.181058,3
161832501283519,5634079338,3.7528431,8.69492,2.19033,3
161832503783519,5636579338,3.7618163,8.679665,2.19033,3
161832506283519,5639079338,3.76391,8.676374,2.2100708,3
161832508783519,5641579338,3.7594235,8.667402,2.2411776,3
161832511283519,5644079338,3.757928,8.663813,2.2495525,3
161832513783519,5646579338,3.7477584,8.675179,2.2686949,3
161832516283519,5649079338,3.757928,8.6757765,2.292324,3
161832518783519,5651579338,3.7447674,8.685348,2.2875385,3
161832521283519,5654079338,3.7295132,8.693723,2.2743778,3
161832523783519,5656579338,3.7187455,8.69462,2.265405,3
161832526283519,5659079338,3.7043886,8.716754,2.245963,3
161832528783519,5661579338,3.6888351,8.705687,2.2295125,3
161832531283519,5664079338,3.6750765,8.716156,2.2226331,3
161832533783519,5666579338,3.6616168,8.715259,2.205285,3
161832536283519,5669079338,3.6427734,8.719147,2.2058833,3
161832538783519,5671579338,3.6349967,8.706285,2.2214367,3
161832541283519,5674079338,3.6287155,8.709874,2.2390838,3
161832543783519,5676579338,3.629912,8.698508,2.2609184,3
161832546283519,5679079338,3.630211,8.701798,2.2737796,3
161832548783519,5681579338,3.6311083,8.694022,2.2618155,3
161832551283519,5684079338,3.6236308,8.703893,2.2818556,3
161832553783519,5686579338,3.6293137,8.702396,2.2881367,3
161832556283519,5689079338,3.6335013,8.723334,2.2728825,3
161832558783519,5691579338,3.6230326,8.736495,2.245963,3
161832561283519,5694079338,3.6140594,8.752945,2.2208385,3
161832563783519,5696579338,3.6343985,8.750254,2.199004,3
161832566283519,5699079338,3.6203406,8.7577305,2.1822543,3
161832568783519,5701579338,3.6200416,8.75474,2.1789641,3
161832571283519,5704079338,3.6194434,8.764311,2.187638,3
161832573783519,5706579338,3.615854,8.772088,2.1637099,3
161832576283519,5709079338,3.609872,8.763713,2.1661026,3
161832578783519,5711579338,3.6086757,8.75444,2.1664019,3
161832581283519,5714079338,3.6266217,8.76461,2.1768703,3
161832583783519,5716579338,3.6245282,8.764012,2.1714866,3
161832586283519,5719079338,3.638885,8.758329,2.1834507,3
161832588783519,5721579338,3.650251,8.76491,2.204388,3
161832591283519,5724079338,3.667898,8.765806,2.2357936,3
161832593783519,5726579338,3.6667016,8.759825,2.2731814,3
161832596283519,5729079338,3.676572,8.759227,2.2731814,3
161832598783519,5731579338,3.6873398,8.759825,2.3048863,3
161832601283519,5734079338,3.6906297,8.772088,2.3261228,3
161832603783519,5736579338,3.6897326,8.775976,2.3195424,3
161832606283519,5739079338,3.6870406,8.776874,2.3315065,3
161832608783519,5741579338,3.6801612,8.781959,2.3440688,3
161832611283519,5744079338,3.673581,8.780762,2.3315065,3
161832613783519,5746579338,3.6589248,8.766106,2.321038,3
161832616283519,5749079338,3.641577,8.767601,2.3300111,3
161832618783519,5751579338,3.6281173,8.767601,2.3192434,3
161832621283519,5754079338,3.597908,8.762517,2.3225334,3
161832623783519,5756579338,3.5781672,8.762815,2.329413,3
161832626283519,5759079338,3.5751762,8.757432,2.3374887,3
161832628783519,5761579338,3.5712879,8.759227,2.3252254,3
161832631283519,5764079338,3.5389848,8.758628,2.341377,3
161832633783519,5766579338,3.5132618,8.765508,2.3321047,3
161832636283519,5769079338,3.5084763,8.770891,2.3488545,3
161832638783519,5771579338,3.5042887,8.7682,2.3494527,3
161832641283519,5774079338,3.4827533,8.765208,2.3291137,3
161832643783519,5776579338,3.4749768,8.771191,2.3171496,3
161832646283519,5779079338,3.4704902,8.773883,2.2905295,3
161832648783519,5781579338,3.464209,8.775976,2.2555344,3
161832651283519,5784079338,3.4752758,8.774779,2.2334008,3
161832653783519,5786579338,3.472883,8.776574,2.199004,3
161832656283519,5789079338,3.4782667,8.785547,2.1927228,3
161832658783519,5791579338,3.4773695,8.78794,2.2100708,3
161832661283519,5794079338,3.4776685,8.786445,2.175375,3
161832663783519,5796579338,3.4839497,8.797213,2.1702902,3
161832666283519,5799079338,3.4899318,8.784351,2.1765714,3
161832668783519,5801579338,3.5084763,8.790932,2.1601207,3
161832671283519,5804079338,3.5243287,8.792726,2.167299,3
161832673783519,5806579338,3.545565,8.793922,2.198705,3
161832676283519,5809079338,3.5653057,8.795118,2.202294,3
161832678783519,5811579338,3.5829527,8.786145,2.2028923,3
161832681283519,5814079338,3.603591,8.7882395,2.2103698,3
161832683783519,5816579338,3.6161532,8.7831545,2.2178476,3
161832686283519,5819079338,3.649952,8.787342,2.2235305,3
161832688783519,5821579338,3.6897326,8.784949,2.2375882,3
161832691283519,5824079338,3.7016966,8.789735,2.2295125,3
161832693783519,5826579338,3.7241294,8.789137,2.242673,3
161832696283519,5829079338,3.739982,8.773284,2.2435703,3
161832698783519,5831579338,3.7677984,8.775378,2.2669003,3
161832701283519,5834079338,3.7863426,8.772686,2.2752752,3
161832703783519,5836579338,3.8042889,8.7622175,2.2965117,3
161832706283519,5839079338,3.8153558,8.762517,2.3189442,3
161832708783519,5841579338,3.807579,8.759227,2.3336003,3
161832711283519,5844079338,3.8066816,8.773883,2.3315065,3
161832713783519,5846579338,3.7950168,8.776574,2.3602204,3
161832716283519,5849079338,3.758227,8.781659,2.3659034,3
161832718783519,5851579338,3.7256248,8.796913,2.373381,3
161832721283519,5854079338,3.7079778,8.808279,2.3712873,3
161832723783519,5856579338,3.6717863,8.822637,2.3611178,3
161832726283519,5859079338,3.6625142,8.830712,2.3542383,3
161832728783519,5861579338,3.6421752,8.829216,2.341676,3
161832731283519,5864079338,3.6343985,8.832806,2.3449662,3
161832733783519,5866579338,3.618247,8.833404,2.3312075,3
161832736283519,5869079338,3.598207,8.82443,2.3249264,3
161832738783519,5871579338,3.5937204,8.823533,2.3159533,3
161832741283519,5874079338,3.577868,8.842676,2.3027928,3
161832743783519,5876579338,3.5647075,8.850452,2.2704897,3
161832746283519,5879079338,3.5377884,8.858828,2.2130618,3
161832748783519,5881579338,3.5174494,8.881559,2.1445673,3
161832751283519,5884079338,3.49053,8.892327,2.0835502,3
161832753783519,5886579338,3.4483566,8.89502,2.009971,3
161832756283519,5889079338,3.391228,8.906385,1.9657038,3
161832758783519,5891579338,3.3631122,8.925228,1.9235303,3
161832761283519,5894079338,3.3314073,8.939586,1.9106688,3
161832763783519,5896579338,3.3119657,8.943474,1.9259231,3
161832766283519,5899079338,3.3086755,8.94467,1.9298115,3
161832768783519,5901579338,3.3065817,8.935996,1.9453648,3
161832771283519,5904079338,3.3227334,8.945269,1.9585253,3
161832773783519,5906579338,3.345166,8.941081,1.9911275,3
161832776283519,5909079338,3.3696926,8.936893,2.00698,3
161832778783519,5911579338,3.4097722,8.925228,2.0359929,3
161832781283519,5914079338,3.4489548,8.917751,2.0614166,3
161832783783519,5916579338,3.4872398,8.906684,2.0811574,3
161832786283519,5919079338,3.5383866,8.902796,2.1041884,3
161832788783519,5921579338,3.5949168,8.902796,2.1239293,3
161832791283519,5924079338,3.656233,8.866604,2.161616,3
161832793783519,5926579338,3.6951163,8.861818,2.202294,3
161832796283519,5929079338,3.7441692,8.844471,2.2331018,3
161832798783519,5931579338,3.7896328,8.831011,2.2767708,3
161832801283519,5934079338,3.8213377,8.822935,2.3045874,3
161832803783519,5936579338,3.8635113,8.799007,2.3344977,3
161832806283519,5939079338,3.9050865,8.790333,2.3315065,3
161832808783519,5941579338,3.8877387,8.793025,2.3461626,3
161832811283519,5944079338,3.8781674,8.808877,2.3368905,3
161832813783519,5946579338,3.8524444,8.812467,2.2905295,3
161832816283519,5949079338,3.8285162,8.822038,2.2522442,3
161832818783519,5951579338,3.790231,8.820244,2.2085752,3
161832821283519,5954079338,3.7591243,8.812467,2.149652,3
161832823783519,5956579338,3.7229328,8.811271,2.1538396,3
161832826283519,5959079338,3.671188,8.804091,2.1077776,3
161832828783519,5961579338,3.6463625,8.799605,2.09701,3
161832831283519,5964079338,3.6188452,8.796315,2.105983,3
161832833783519,5966579338,3.5967116,8.78465,2.0847468,3
161832836283519,5969079338,3.5820556,8.782257,2.0898316,3
161832838783519,5971579338,3.554239,8.792726,2.1203399,3
161832841283519,5974079338,3.5512478,8.779266,2.1101704,3
161832843783519,5976579338,3.542574,8.752945,2.1212373,3
161832846283519,5979079338,3.55723,8.744271,2.1269202,3
161832848783519,5981579338,3.5757744,8.732008,2.1457636,3
161832851283519,5984079338,3.5853457,8.710174,2.1771696,3
161832853783519,5986579338,3.6023946,8.68475,2.1894326,3
161832856283519,5989079338,3.6266217,8.652746,2.2034905,3
161832858783519,5991579338,3.641577,8.633005,2.2238295,3
161832861283519,5994079338,3.6382868,8.612666,2.2438695,3
161832863783519,5996579338,3.6556349,8.595019,2.2758734,3
161832866283519,5999079338,3.6640096,8.586944,2.3012972,3
161832868783519,6001579338,3.674179,8.596813,2.341377,3
161832871283519,6004079338,3.673282,8.584849,2.3811576,3
161832873783519,6006579338,3.6981075,8.580064,2.3883362,3
161832876283519,6009079338,3.7013974,8.598608,2.3994029,3
161832878783519,6011579338,3.7157545,8.605786,2.3916261,3
161832881283519,6014079338,3.7543387,8.620144,2.376372,3
161832883783519,6016579338,3.7719858,8.633005,2.344368,3
161832886283519,6019079338,3.7914274,8.667402,2.3231318,3
161832888783519,6021579338,3.7839499,8.6599245,2.309971,3
161832891283519,6024079338,3.7860436,8.682656,2.2767708,3
161832893783519,6026579338,3.7672002,8.696713,2.2785654,3
161832896283519,6029079338,3.7543387,8.711071,2.274976,3
161832898783519,6031579338,3.7369907,8.73799,2.2651057,3
161832901283519,6034079338,3.723232,8.746365,2.2519453,3
161832903783519,6036579338,3.7211382,8.763713,2.2477577,3
161832906283519,6039079338,3.714857,8.775378,2.2731814,3
161832908783519,6041579338,3.705884,8.7882395,2.2582264,3
161832911283519,6044079338,3.7157545,8.797213,2.271088,3
161832913783519,6046579338,3.7193437,8.802896,2.2863421,3
161832916283519,6049079338,3.7328033,8.810074,2.274976,3
161832918783519,6051579338,3.7423747,8.790034,2.268994,3
161832921283519,6054079338,3.7713876,8.799007,2.2639093,3
161832923783519,6056579338,3.775276,8.783752,2.2576282,3
161832926283519,6059079338,3.784548,8.772387,2.254338,3
161832928783519,6061579338,3.7797625,8.774481,2.2375882,3
161832931283519,6064079338,3.7860436,8.763115,2.2357936,3
161832933783519,6066579338,3.7863426,8.751151,2.228017,3
161832936283519,6069079338,3.778865,8.749655,2.2331018,3
161832938783519,6071579338,3.7411783,8.741579,2.2537398,3
161832941283519,6074079338,3.7208393,8.732606,2.2806592,3
161832943783519,6076579338,3.690929,8.735298,2.2938197,3
161832946283519,6079079338,3.6684961,8.751749,2.312364,3
161832948783519,6081579338,3.644568,8.759825,2.3291137,3
161832951283519,6084079338,3.615854,8.766106,2.3467607,3
161832953783519,6086579338,3.577569,8.779566,2.3494527,3
161832956283519,6089079338,3.5350964,8.801101,2.3291137,3
161832958783519,6091579338,3.5042887,8.8187475,2.2971098,3
161832961283519,6094079338,3.4983068,8.817252,2.2677977,3
161832963783519,6096579338,3.4704902,8.816056,2.248057,3
161832966283519,6099079338,3.4363923,8.801101,2.2223341,3
161832968783519,6101579338,3.4223347,8.769096,2.1999013,3
161832971283519,6104079338,3.4193435,8.759525,2.1667008,3
161832973783519,6106579338,3.4079776,8.750852,2.1248264,3
161832976283519,6109079338,3.429513,8.719147,2.1101704,3
161832978783519,6111579338,3.4543386,8.717052,2.0901306,3
161832981283519,6114079338,3.4719856,8.722735,2.0928226,3
161832983783519,6116579338,3.505485,8.729915,2.1119652,3
161832986283519,6119079338,3.516552,8.732008,2.1463618,3
161832988783519,6121579338,3.5347972,8.750852,2.178665,3
161832991283519,6124079338,3.5539398,8.741281,2.224727,3
161832993783519,6126579338,3.58056,8.737093,2.2492533,3
161832996283519,6129079338,3.5961134,8.716754,2.3021946,3
161832998783519,6131579338,3.6173496,8.705388,2.350051,3
161833001283519,6134079338,3.6514473,8.685348,2.364707,3
161833003783519,6136579338,3.6658044,8.66112,2.3979075,3
161833006283519,6139079338,3.696911,8.6395855,2.4311078,3
161833008783519,6141579338,3.7145581,8.615358,2.4505496,3
161833011283519,6144079338,3.740879,8.6192465,2.4789643,3
161833013783519,6146579338,3.7651064,8.624032,2.4939194,3
161833016283519,6149079338,3.7932222,8.622835,2.4963121,3
161833018783519,6151579338,3.7914274,8.654242,2.4936204,3
161833021283519,6154079338,3.7686956,8.660822,2.4909284,3
161833023783519,6156579338,3.749553,8.676374,2.4918256,3
161833026283519,6159079338,3.7181473,8.6961155,2.4819553,3
161833028783519,6161579338,3.6897326,8.7164545,2.44367,3
161833031283519,6164079338,3.650849,8.737391,2.4191437,3
161833033783519,6166579338,3.6137605,8.770891,2.4032912,3
161833036283519,6169079338,3.5901313,8.774779,2.3608186,3
161833038783519,6171579338,3.539882,8.8014,2.324029,3
161833041283519,6174079338,3.5012977,8.815457,2.297708,3
161833043783519,6176579338,3.4752758,8.82144,2.3001008,3
161833046283519,6179079338,3.4420755,8.829815,2.2639093,3
161833048783519,6181579338,3.4121652,8.8289175,2.265405,3
161833051283519,6184079338,3.4040892,8.844172,2.2429721,3
161833053783519,6186579338,3.3894334,8.859127,2.245066,3
161833056283519,6189079338,3.3960135,8.85464,2.243271,3
161833058783519,6191579338,3.3861432,8.848957,2.2441685,3
161833061283519,6194079338,3.385545,8.836395,2.2345972,3
161833063783519,6196579338,3.4022946,8.816954,2.2525434,3
161833066283519,6199079338,3.41725,8.802298,2.2357936,3
161833068783519,6201579338,3.441477,8.805288,2.2322044,3
161833071283519,6204079338,3.475874,8.797213,2.2740788,3
161833073783519,6206579338,3.498905,8.79811,2.292324,3
161833076283519,6209079338,3.519244,8.805886,2.2974088,3
161833078783519,6211579338,3.5359936,8.819645,2.3336003,3
161833081283519,6214079338,3.5524442,8.812766,2.3347967,3
161833083783519,6216579338,3.563212,8.833105,2.3222344,3
161833086283519,6219079338,3.56381,8.832208,2.2947168,3
161833088783519,6221579338,3.5673995,8.834899,2.268994,3
161833091283519,6224079338,3.5793636,8.842377,2.2301106,3
161833093783519,6226579338,3.58056,8.856734,2.2034905,3
161833096283519,6229079338,3.5856447,8.861818,2.1894326,3
161833098783519,6231579338,3.589533,8.862118,2.1664019,3
161833101283519,6234079338,3.5931222,8.88814,2.1972094,3
161833103783519,6236579338,3.6041892,8.887542,2.216352,3
161833106283519,6239079338,3.6170506,8.883354,2.2331018,3
161833108783519,6241579338,3.609573,8.871091,2.2447667,3
161833111283519,6244079338,3.609573,8.869296,2.2468605,3
161833113783519,6246579338,3.615555,8.85823,2.2911277,3
161833116283519,6249079338,3.630211,8.868399,2.2713869,3
161833118783519,6251579338,3.6335013,8.853444,2.268396,3
161833121283519,6254079338,3.6409788,8.848659,2.254338,3
161833123783519,6256579338,3.6400814,8.846265,2.2372892,3
161833126283519,6259079338,3.6595232,8.860921,2.2112672,3
161833128783519,6261579338,3.662215,8.847162,2.1966112,3
161833131283519,6264079338,3.6613178,8.854939,2.1879373,3
161833133783519,6266579338,3.6577284,8.857033,2.1777678,3
161833136283519,6269079338,3.6580276,8.854939,2.1735802,3
161833138783519,6271579338,3.6424742,8.857033,2.1675982,3
161833141283519,6274079338,3.6254253,8.854042,2.1532412,3
161833143783519,6276579338,3.6068811,8.86122,2.1427727,3
161833146283519,6279079338,3.5865421,8.85793,2.1335006,3
161833148783519,6281579338,3.5958142,8.843872,2.126621,3
161833151283519,6284079338,3.5808592,8.857033,2.134697,3
161833153783519,6286579338,3.5706897,8.863613,2.108675,3
161833156283519,6289079338,3.5647075,8.863315,2.1185453,3
161833158783519,6291579338,3.554239,8.871091,2.1095722,3
161833161283519,6294079338,3.5530424,8.886046,2.0868404,3
161833163783519,6296579338,3.5512478,8.876474,2.068296,3
161833166283519,6299079338,3.5491543,8.885149,2.0697916,3
161833168783519,6301579338,3.539882,8.891729,2.0572293,3
161833171283519,6304079338,3.5521452,8.889635,2.0715861,3
161833173783519,6306579338,3.5512478,8.883654,2.0512471,3
161833176283519,6309079338,3.5482569,8.882457,2.0407786,3
161833178783519,6311579338,3.5401812,8.874979,2.0374885,3
161833181283519,6314079338,3.5482569,8.877372,2.0644078,3
161833183783519,6316579338,3.5416765,8.86122,2.085644,3
161833186283519,6319079338,3.5497525,8.858828,2.117349,3
161833188783519,6321579338,3.5614173,8.855537,2.140978,3
161833191283519,6324079338,3.5769708,8.859725,2.1664019,3
161833193783519,6326579338,3.5940197,8.8492565,2.1891336,3
161833196283519,6329079338,3.6062827,8.826225,2.204388,3
161833198783519,6331579338,3.638885,8.838489,2.2172494,3
161833201283519,6334079338,3.662215,8.818449,2.207678,3
161833203783519,6336579338,3.6723845,8.830113,2.2103698,3
161833206283519,6339079338,3.7046876,8.816056,2.2002003,3
161833208783519,6341579338,3.7226338,8.789435,2.1762722,3
161833211283519,6344079338,3.7235312,8.7984085,2.1511476,3
161833213783519,6346579338,3.751946,8.786445,2.1693928,3
161833216283519,6349079338,3.7441692,8.793623,2.1765714,3
161833218783519,6351579338,3.7384863,8.776276,2.178366,3
161833221283519,6354079338,3.746263,8.775079,2.19033,3
161833223783519,6356579338,3.743571,8.777472,2.1951156,3
161833226283519,6359079338,3.7366917,8.769994,2.2456641,3
161833228783519,6361579338,3.7283168,8.766405,2.2666013,3
161833231283519,6364079338,3.7094734,8.775677,2.2824538,3
161833233783519,6366579338,3.7145581,8.774181,2.3102703,3
161833236283519,6369079338,3.720241,8.7682,2.3455644,3
161833238783519,6371579338,3.723232,8.746066,2.332404,3
161833241283519,6374079338,3.735196,8.719446,2.353341,3
161833243783519,6376579338,3.71396,8.715857,2.3401806,3
161833246283519,6379079338,3.7193437,8.712267,2.3452654,3
161833248783519,6381579338,3.7244284,8.69133,2.3485553,3
161833251283519,6384079338,3.7160535,8.672188,2.3670998,3
161833253783519,6386579338,3.711567,8.657532,2.3515465,3
161833256283519,6389079338,3.7049868,8.653045,2.3512473,3
161833258783519,6391579338,3.69392,8.661719,2.3509483,3
161833261283519,6394079338,3.6924245,8.649157,2.3623142,3
161833263783519,6396579338,3.6744783,8.646764,2.329413,3
161833266283519,6399079338,3.6604204,8.659027,2.3321047,3
161833268783519,6401579338,3.641577,8.656036,2.3273191,3
161833271283519,6404079338,3.6293137,8.663215,2.3207388,3
161833273783519,6406579338,3.6200416,8.667701,2.3144577,3
161833276283519,6409079338,3.6029928,8.655139,2.292324,3
161833278783519,6411579338,3.5892339,8.657532,2.2878375,3
161833281283519,6414079338,3.5820556,8.672188,2.2737796,3
161833283783519,6416579338,3.5727832,8.671589,2.2322044,3
161833286283519,6419079338,3.5742788,8.663813,2.2241287,3
161833288783519,6421579338,3.5736806,8.659326,2.2151556,3
161833291283519,6424079338,3.5850465,8.658429,2.1951156,3
161833293783519,6426579338,3.5943186,8.6706915,2.1972094,3
161833296283519,6429079338,3.6062827,8.670393,2.2037897,3
161833298783519,6431579338,3.618247,8.668299,2.2274187,3
161833301283519,6434079338,3.62393,8.669496,2.2504497,3
161833303783519,6436579338,3.630211,8.669196,2.2752752,3
161833306283519,6439079338,3.6505501,8.670094,2.2929223,3
161833308783519,6441579338,3.6523447,8.683852,2.3264217,3
161833311283519,6444079338,3.659224,8.685647,2.3374887,3
161833313783519,6446579338,3.6625142,8.696713,2.3539393,3
161833316283519,6449079338,3.667898,8.697013,2.365006,3
161833318783519,6451579338,3.6684961,8.700303,2.3653052,3
161833321283519,6454079338,3.667898,8.710473,2.3437698,3
161833323783519,6456579338,3.6807594,8.713164,2.3587248,3
161833326283519,6459079338,3.6756747,8.704191,2.3147569,3
161833328783519,6461579338,3.6658044,8.712566,2.3410778,3
161833331283519,6464079338,3.64726,8.711669,2.3312075,3
161833333783519,6466579338,3.6323047,8.723334,2.3383858,3
161833336283519,6469079338,3.6266217,8.72782,2.3249264,3
161833338783519,6471579338,3.6284165,8.723334,2.3255246,3
161833341283519,6474079338,3.6257246,8.736495,2.3288147,3
161833343783519,6476579338,3.6068811,8.750552,2.3368905,3
161833346283519,6479079338,3.6152558,8.7622175,2.34706,3
161833348783519,6481579338,3.6152558,8.767601,2.3431716,3
161833351283519,6484079338,3.6113675,8.778668,2.3485553,3
161833353783519,6486579338,3.6143587,8.79482,2.3709881,3
161833356283519,6489079338,3.609573,8.811869,2.3611178,3
161833358783519,6491579338,3.618247,8.8238325,2.3362923,3
161833361283519,6494079338,3.612863,8.839685,2.350649,3
161833363783519,6496579338,3.6116667,8.8492565,2.333301,3
161833366283519,6499079338,3.612863,8.865707,2.3108685,3
161833368783519,6501579338,3.5991044,8.887242,2.30369,3
161833371283519,6504079338,3.5814574,8.8854475,2.268994,3
161833373783519,6506579338,3.5557344,8.881559,2.2438695,3
161833376283519,6509079338,3.527619,8.904291,2.2181466,3
161833378783519,6511579338,3.522833,8.923733,2.1915264,3
161833381283519,6514079338,3.495914,8.921938,2.1272194,3
161833383783519,6516579338,3.490231,8.92822,2.0988045,3
161833386283519,6519079338,3.5057843,8.938987,2.0590239,3
161833388783519,6521579338,3.5009987,8.936893,2.0461624,3
161833391283519,6524079338,3.5129628,8.933903,2.0347965,3
161833393783519,6526579338,3.5264223,8.935996,2.0404794,3
161833396283519,6529079338,3.5353954,8.933304,2.0422742,3
161833398783519,6531579338,3.5479577,8.929416,2.033301,3
161833401283519,6534079338,3.5551362,8.922237,2.0404794,3
161833403783519,6536579338,3.5641093,8.9159565,2.0386848,3
161833406283519,6539079338,3.5679977,8.92134,2.0261226,3
161833408783519,6541579338,3.5847473,8.919845,2.059622,3
161833411283519,6544079338,3.5814574,8.921938,2.0575283,3
161833413783519,6546579338,3.5793636,8.920144,2.1005993,3
161833416283519,6549079338,3.5709887,8.917152,2.102992,3
161833418783519,6551579338,3.554239,8.907282,2.1212373,3
161833421283519,6554079338,3.5635111,8.898608,2.1664019,3
161833423783519,6556579338,3.5584264,8.893225,2.1711874,3
161833426283519,6559079338,3.5709887,8.889635,2.2214367,3
161833428783519,6561579338,3.5673995,8.875577,2.2399812,3
161833431283519,6564079338,3.5724843,8.857332,2.2686949,3
161833433783519,6566579338,3.5608191,8.852845,2.2905295,3
161833436283519,6569079338,3.5682967,8.842676,2.3054845,3
161833438783519,6571579338,3.5727832,8.816355,2.3318057,3
161833441283519,6574079338,3.5856447,8.815457,2.3419752,3
161833443783519,6576579338,3.595216,8.800503,2.3491535,3
161833446283519,6579079338,3.5913277,8.796913,2.3327029,3
161833448783519,6581579338,3.586841,8.786744,2.3461626,3
161833451283519,6584079338,3.5817564,8.783752,2.3362923,3
161833453783519,6586579338,3.5823545,8.777172,2.3207388,3
161833456283519,6589079338,3.5727832,8.76162,2.3383858,3
161833458783519,6591579338,3.5626137,8.756535,2.3159533,3
161833461283519,6594079338,3.5736806,8.756535,2.3105693,3
161833463783519,6596579338,3.577569,8.759525,2.315654,3
161833466283519,6599079338,3.5844483,8.756834,2.3165514,3
161833468783519,6601579338,3.583551,8.755039,2.3219352,3
161833471283519,6604079338,3.588935,8.756535,2.3285155,3
161833473783519,6606579338,3.5910287,8.749356,2.3467607,3
161833476283519,6609079338,3.583252,8.744869,2.3312075,3
161833478783519,6611579338,3.5943186,8.743074,2.341377,3
161833481283519,6614079338,3.5892339,8.738888,2.3392832,3
161833483783519,6616579338,3.5913277,8.72453,2.33031,3
161833486283519,6619079338,3.6104703,8.718549,2.312663,3
161833488783519,6621579338,3.6086757,8.708977,2.3288147,3
161833491283519,6624079338,3.5958142,8.717352,2.2926233,3
161833493783519,6626579338,3.6047873,8.700603,2.2806592,3
161833496283519,6629079338,3.6029928,8.706883,2.2884357,3
161833498783519,6631579338,3.5934215,8.711669,2.2872393,3
161833501283519,6634079338,3.5913277,8.712566,2.2863421,3
161833503783519,6636579338,3.5919259,8.709276,2.3234308,3
161833506283519,6639079338,3.5787654,8.691928,2.3455644,3
161833508783519,6641579338,3.5886357,8.68804,2.3476582,3
161833511283519,6644079338,3.5814574,8.680861,2.3635106,3
161833513783519,6646579338,3.592524,8.684451,2.3790638,3
161833516283519,6649079338,3.5919259,8.678169,2.391028,3
161833518783519,6651579338,3.6140594,8.660822,2.391028,3
161833521283519,6654079338,3.6349967,8.658728,2.3862424,3
161833523783519,6656579338,3.6221352,8.656036,2.3808584,3
161833526283519,6659079338,3.633202,8.652447,2.376073,3
161833528783519,6661579338,3.6397824,8.63809,2.3644078,3
161833531283519,6664079338,3.6412778,8.632706,2.3572295,3
161833533783519,6666579338,3.6349967,8.633603,2.3709881,3
161833536283519,6669079338,3.6370904,8.632407,2.3611178,3
161833538783519,6671579338,3.644568,8.623733,2.364707,3
161833541283519,6674079338,3.644568,8.630612,2.3662026,3
161833543783519,6676579338,3.650251,8.631808,2.3856442,3
161833546283519,6679079338,3.6655052,8.635398,2.3985057,3
161833548783519,6681579338,3.6777685,8.630014,2.3958137,3
161833551283519,6684079338,3.6867416,8.632108,2.405684,3
161833553783519,6686579338,3.71396,8.6395855,2.4077778,3
161833556283519,6689079338,3.72054,8.630313,2.3862424,3
161833558783519,6691579338,3.7441692,8.621041,2.3778675,3
161833561283519,6694079338,3.7498522,8.625527,2.3799613,3
161833563783519,6696579338,3.7627137,8.638987,2.3629124,3
161833566283519,6699079338,3.7764723,8.643773,2.34706,3
161833568783519,6701579338,3.7851462,8.650951,2.321038,3
161833571283519,6704079338,3.7953157,8.665607,2.3024936,3
161833573783519,6706579338,3.7977087,8.662317,2.2983062,3
161833576283519,6709079338,3.8030925,8.668598,2.2731814,3
161833578783519,6711579338,3.7977087,8.665308,2.2624137,3
161833581283519,6714079338,3.7920256,8.655437,2.2651057,3
161833583783519,6716579338,3.7803607,8.651849,2.2561326,3
161833586283519,6719079338,3.7713876,8.651549,2.2788644,3
161833588783519,6721579338,3.7531424,8.666803,2.2863421,3
161833591283519,6724079338,3.746562,8.671589,2.2875385,3
161833593783519,6726579338,3.7498522,8.676374,2.309074,3
161833596283519,6729079338,3.7468612,8.681759,2.3273191,3
161833598783519,6731579338,3.757928,8.679067,2.3494527,3
161833601283519,6734079338,3.7507496,8.682357,2.344368,3
161833603783519,6736579338,3.7692938,8.684451,2.3458636,3
161833606283519,6739079338,3.7707894,8.674581,2.3201406,3
161833608783519,6741579338,3.7689948,8.662616,2.303391,3
161833611283519,6744079338,3.7728832,8.656036,2.2651057,3
161833613783519,6746579338,3.7645082,8.653344,2.2342982,3
161833616283519,6749079338,3.7453656,8.645866,2.1816561,3
161833618783519,6751579338,3.7354953,8.641978,2.1732812,3
161833621283519,6754079338,3.7136607,8.646166,2.111666,3
161833623783519,6756579338,3.705585,8.646464,2.0928226,3
161833626283519,6759079338,3.6858442,8.660822,2.0751755,3
161833628783519,6761579338,3.661916,8.668898,2.0688944,3
161833631283519,6764079338,3.6278183,8.659625,2.0724835,3
161833633783519,6766579338,3.6164522,8.667402,2.0685952,3
161833636283519,6769079338,3.6023946,8.659625,2.0700908,3
161833638783519,6771579338,3.5883367,8.666205,2.0703897,3
161833641283519,6774079338,3.5946178,8.663513,2.0952153,3
161833643783519,6776579338,3.5988052,8.6706915,2.094318,3
161833646283519,6779079338,3.6086757,8.677272,2.1017957,3
161833648783519,6781579338,3.6188452,8.686245,2.1314068,3
161833651283519,6784079338,3.644568,8.69462,2.1352952,3
161833653783519,6786579338,3.6616168,8.717052,2.1448665,3
161833656283519,6789079338,3.6906297,8.725428,2.155335,3
161833658783519,6791579338,3.708576,8.738588,2.1649063,3
161833661283519,6794079338,3.7331023,8.745467,2.1765714,3
161833663783519,6796579338,3.7420754,8.764012,2.172982,3
161833666283519,6799079338,3.7561333,8.777771,2.1999013,3
161833668783519,6801579338,3.7594235,8.786145,2.184647,3
161833671283519,6804079338,3.7600217,8.792726,2.2124636,3
161833673783519,6806579338,3.7657046,8.792726,2.2492533,3
161833676283519,6809079338,3.7728832,8.795418,2.2785654,3
161833678783519,6811579338,3.775575,8.817552,2.2815564,3
161833681283519,6814079338,3.7803607,8.834301,2.3030918,3
161833683783519,6816579338,3.7737803,8.8238325,2.3072793,3
161833686283519,6819079338,3.777968,8.838788,2.309373,3
161833688783519,6821579338,3.764209,8.833105,2.3276181,3
161833691283519,6824079338,3.7701912,8.844172,2.3300111,3
161833693783519,6826579338,3.7713876,8.846864,2.3285155,3
161833696283519,6829079338,3.7660038,8.85135,2.3440688,3
161833698783519,6831579338,3.7597225,8.852547,2.341377,3
161833701283519,6834079338,3.7486558,8.867801,2.3336003,3
161833703783519,6836579338,3.7328033,8.873184,2.326721,3
161833706283519,6839079338,3.7181473,8.86152,2.3168504,3
161833708783519,6841579338,3.6951163,8.879466,2.300699,3
161833711283519,6844079338,3.6664026,8.879466,2.271088,3
161833713783519,6846579338,3.6122649,8.886644,2.2525434,3
161833716283519,6849079338,3.5847473,8.893225,2.2429721,3
161833718783519,6851579338,3.5288153,8.912367,2.2417758,3
161833721283519,6854079338,3.484548,8.906385,2.2268205,3
161833723783519,6856579338,3.4444683,8.921639,2.231008,3
161833726283519,6859079338,3.405884,8.925827,2.2151556,3
161833728783519,6861579338,3.3813574,8.928518,2.2031915,3
161833731283519,6864079338,3.347858,8.935697,2.202294,3
161833733783519,6866579338,3.3290145,8.94796,2.1897318,3
161833736283519,6869079338,3.3266218,8.946465,2.181357,3
161833738783519,6871579338,3.3110683,8.950952,2.1711874,3
161833741283519,6874079338,3.3056846,8.944969,2.1586251,3
161833743783519,6876579338,3.2976086,8.933005,2.1442683,3
161833746283519,6879079338,3.2973096,8.93151,2.1418753,3
161833748783519,6881579338,3.3143585,8.926724,2.1230319,3
161833751283519,6884079338,3.31047,8.927023,2.120639,3
161833753783519,6886579338,3.3317065,8.92822,2.1251256,3
161833756283519,6889079338,3.3430724,8.926724,2.1053848,3
161833758783519,6891579338,3.3580275,8.919247,2.1104696,3
161833761283519,6894079338,3.380161,8.907282,2.1254246,3
161833763783519,6896579338,3.4106696,8.900702,2.14367,3
161833766283519,6899079338,3.4417763,8.889935,2.1924238,3
161833768783519,6901579338,3.478865,8.880064,2.2244277,3
161833771283519,6904079338,3.504588,8.875577,2.2558336,3
161833773783519,6906579338,3.536891,8.859725,2.2827528,3
161833776283519,6909079338,3.5650067,8.862716,2.3285155,3
161833778783519,6911579338,3.5892339,8.852845,2.3437698,3
161833781283519,6914079338,3.6113675,8.833404,2.3697917,3
161833783783519,6916579338,3.6329029,8.831011,2.3745773,3
161833786283519,6919079338,3.6643088,8.817552,2.3685954,3
161833788783519,6921579338,3.6801612,8.813065,2.3805594,3
161833791283519,6924079338,3.691228,8.805886,2.3790638,3
161833793783519,6926579338,3.7172499,8.787342,2.3811576,3
161833796283519,6929079338,3.7235312,8.794222,2.3772693,3
161833798783519,6931579338,3.7190447,8.775677,2.3904297,3
161833801283519,6934079338,3.7160535,8.777472,2.3778675,3
161833803783519,6936579338,3.6960137,8.790932,2.3512473,3
161833806283519,6939079338,3.682255,8.793922,2.333002,3
161833808783519,6941579338,3.6708891,8.80469,2.3249264,3
161833811283519,6944079338,3.6583266,8.808877,2.3261228,3
161833813783519,6946579338,3.6469607,8.82144,2.3312075,3
161833816283519,6949079338,3.633202,8.830113,2.3105693,3
161833818783519,6951579338,3.603591,8.851649,2.2905295,3
161833821283519,6954079338,3.5907295,8.863913,2.259722,3
161833823783519,6956579338,3.566203,8.880064,2.2399812,3
161833826283519,6959079338,3.539583,8.880064,2.204986,3
161833828783519,6961579338,3.5213375,8.898908,2.1460629,3
161833831283519,6964079338,3.4830525,8.913564,2.140978,3
161833833783519,6966579338,3.4408789,8.903095,2.0964117,3
161833836283519,6969079338,3.4280176,8.906684,2.079662,3
161833838783519,6971579338,3.4157543,8.883654,2.0784655,3
161833841283519,6974079338,3.4067812,8.886644,2.070689,3
161833843783519,6976579338,3.4136605,8.878867,2.0715861,3
161833846283519,6979079338,3.4005,8.876474,2.0994027,3
161833848783519,6981579338,3.39721,8.881559,2.1014965,3
161833851283519,6984079338,3.3783665,8.8956175,2.1218355,3
161833853783519,6986579338,3.385545,8.898908,2.1499512,3
161833856283519,6989079338,3.3897324,8.902796,2.1822543,3
161833858783519,6991579338,3.3789647,8.895318,2.204388,3
161833861283519,6994079338,3.3924243,8.902198,2.2091734,3
161833863783519,6996579338,3.3891342,8.892925,2.2354946,3
161833866283519,6999079338,3.3918262,8.889635,2.2408783,3
161833868783519,7001579338,3.3882368,8.889337,2.248655,3
161833871283519,7004079338,3.3951163,8.873184,2.2447667,3
161833873783519,7006579338,3.411567,8.864511,2.257329,3
161833876283519,7009079338,3.4070804,8.856435,2.245365,3
161833878783519,7011579338,3.4127634,8.845368,2.2552354,3
161833881283519,7014079338,3.4307094,8.836694,2.300699,3
161833883783519,7016579338,3.4546378,8.827123,2.2794626,3
161833886283519,7019079338,3.4695928,8.826225,2.3102703,3
161833888783519,7021579338,3.481557,8.815159,2.3521447,3
161833891283519,7024079338,3.493521,8.8034935,2.3521447,3
161833893783519,7026579338,3.5075788,8.813364,2.370689,3
161833896283519,7029079338,3.536891,8.816355,2.3835504,3
161833898783519,7031579338,3.5318062,8.814261,2.3952155,3
161833901283519,7034079338,3.5264223,8.8187475,2.3584259,3
161833903783519,7036579338,3.5309088,8.819346,2.3407788,3
161833906283519,7039079338,3.524927,8.827123,2.3309083,3
161833908783519,7041579338,3.516552,8.82443,2.3102703,3
161833911283519,7044079338,3.5153556,8.8238325,2.2929223,3
161833913783519,7046579338,3.505186,8.8346,2.2743778,3
161833916283519,7049079338,3.510869,8.812766,2.2582264,3
161833918783519,7051579338,3.5012977,8.810373,2.2441685,3
161833921283519,7054079338,3.499204,8.82114,2.2325034,3
161833923783519,7056579338,3.4806597,8.816355,2.2259233,3
161833926283519,7059079338,3.4836507,8.812167,2.2082763,3
161833928783519,7061579338,3.4716866,8.805886,2.204388,3
161833931283519,7064079338,3.4657044,8.820244,2.1771696,3
161833933783519,7066579338,3.4686956,8.8238325,2.1723838,3
161833936283519,7069079338,3.4791641,8.8238325,2.1801605,3
161833938783519,7071579338,3.4917264,8.817252,2.1828525,3
161833941283519,7074079338,3.5001013,8.836694,2.178665,3
161833943783519,7076579338,3.5180476,8.826225,2.161616,3
161833946283519,7079079338,3.546163,8.834899,2.175375,3
161833948783519,7081579338,3.5584264,8.851051,2.1681964,3
161833951283519,7084079338,3.5757744,8.841779,2.181955,3
161833953783519,7086579338,3.6044881,8.843574,2.1747768,3
161833956283519,7089079338,3.6173496,8.839685,2.184049,3
161833958783519,7091579338,3.6451662,8.853743,2.1720848,3
161833961283519,7094079338,3.6613178,8.849854,2.1831515,3
161833963783519,7096579338,3.6963127,8.847761,2.1789641,3
161833966283519,7099079338,3.7429729,8.843872,2.1738794,3
161833968783519,7101579338,3.7657046,8.838189,2.2025933,3
161833971283519,7104079338,3.7857444,8.836395,2.207977,3
161833973783519,7106579338,3.8033917,8.825627,2.2064817,3
161833976283519,7109079338,3.7881374,8.82144,2.1900308,3
161833978783519,7111579338,3.7905302,8.81785,2.1798615,3
161833981283519,7114079338,3.7836509,8.813364,2.2157538,3
161833983783519,7116579338,3.766901,8.810971,2.2489543,3
161833986283519,7119079338,3.758227,8.812167,2.2474587,3
161833988783519,7121579338,3.749254,8.818449,2.2755744,3
161833991283519,7124079338,3.7633119,8.812467,2.2722843,3
161833993783519,7126579338,3.7737803,8.810373,2.2698913,3
161833996283519,7129079338,3.7749767,8.795118,2.2758734,3
161833998783519,7131579338,3.780959,8.789435,2.25703,3
161834001283519,7134079338,3.7830527,8.771489,2.2334008,3
161834003783519,7136579338,3.7989051,8.735298,2.2322044,3
161834006283519,7139079338,3.8168511,8.708977,2.2082763,3
161834008783519,7141579338,3.8096728,8.672786,2.2019951,3
161834011283519,7144079338,3.8081772,8.657232,2.1918256,3
161834013783519,7146579338,3.798606,8.65813,2.1966112,3
161834016283519,7149079338,3.8009987,8.643773,2.1981068,3
161834018783519,7151579338,3.8057845,8.630313,2.2115662,3
161834021283519,7154079338,3.795615,8.6294155,2.2384856,3
161834023783519,7156579338,3.792923,8.636594,2.2274187,3
161834026283519,7159079338,3.7672002,8.633005,2.2205393,3
161834028783519,7161579338,3.7719858,8.635398,2.2456641,3
161834031283519,7164079338,3.7552361,8.621041,2.2645075,3
161834033783519,7166579338,3.74058,8.623434,2.266302,3
161834036283519,7169079338,3.7328033,8.605786,2.3042881,3
161834038783519,7171579338,3.7118661,8.598608,2.321038,3
161834041283519,7174079338,3.7019958,8.582157,2.3362923,3
161834043783519,7176579338,3.6861434,8.580961,2.341377,3
161834046283519,7179079338,3.6693935,8.576474,2.34706,3
161834048783519,7181579338,3.671188,8.582157,2.3551357,3
161834051283519,7184079338,3.6616168,8.577073,2.373381,3
161834053783519,7186579338,3.6610186,8.581859,2.3596222,3
161834056283519,7189079338,3.6658044,8.589037,2.370689,3
161834058783519,7191579338,3.6604204,8.588439,2.379662,3
161834061283519,7194079338,3.6571302,8.580363,2.3844478,3
161834063783519,7196579338,3.67059,8.594122,2.3817558,3
161834066283519,7199079338,3.667599,8.595916,2.367698,3
161834068783519,7201579338,3.6634114,8.591729,2.3691936,3
161834071283519,7204079338,3.6634114,8.579466,2.35364,3
161834073783519,7206579338,3.6254253,8.574979,2.3811576,3
161834076283519,7209079338,3.621537,8.570493,2.3455644,3
161834078783519,7211579338,3.6104703,8.570193,2.3569303,3
161834081283519,7214079338,3.60389,8.566605,2.3485553,3
161834083783519,7216579338,3.6143587,8.563314,2.3440688,3
161834086283519,7219079338,3.6188452,8.569894,2.3455644,3
161834088783519,7221579338,3.6251264,8.5681,2.3479571,3
161834091283519,7224079338,3.6523447,8.56152,2.3548367,3
161834093783519,7226579338,3.6613178,8.57139,2.3521447,3
161834096283519,7229079338,3.6723845,8.574979,2.3548367,3
161834098783519,7231579338,3.6888351,8.567203,2.3518455,3
161834101283519,7234079338,3.7073796,8.567501,2.3629124,3
161834103783519,7236579338,3.7157545,8.580363,2.3467607,3
161834106283519,7239079338,3.714259,8.570193,2.3548367,3
161834108783519,7241579338,3.7295132,8.580064,2.329413,3
161834111283519,7244079338,3.7498522,8.595617,2.3276181,3
161834113783519,7246579338,3.760321,8.593225,2.3069801,3
161834116283519,7249079338,3.7833517,8.609376,2.2899313,3
161834118783519,7251579338,3.8153558,8.62463,2.2788644,3
161834121283519,7254079338,3.8350966,8.632108,2.254039,3
161834123783519,7256579338,3.8563328,8.648857,2.254338,3
161834126283519,7259079338,3.8730826,8.6706915,2.271088,3
161834128783519,7261579338,3.8940198,8.686544,2.2609184,3
161834131283519,7264079338,3.9020956,8.695518,2.2701905,3
161834133783519,7266579338,3.900301,8.712566,2.271985,3
161834136283519,7269079338,3.8982072,8.720942,2.277369,3
161834138783519,7271579338,3.8958144,8.749954,2.2740788,3
161834141283519,7274079338,3.8871403,8.766106,2.2917259,3
161834143783519,7276579338,3.8787656,8.765508,2.289632,3
161834146283519,7279079338,3.8515472,8.778967,2.309074,3
161834148783519,7281579338,3.8368912,8.793324,2.312663,3
161834151283519,7284079338,3.8213377,8.804391,2.3054845,3
161834153783519,7286579338,3.810271,8.802596,2.3341985,3
161834156283519,7289079338,3.7947176,8.79482,2.3027928,3
161834158783519,7291579338,3.7818563,8.820244,2.3300111,3
161834161283519,7294079338,3.7543387,8.826225,2.3309083,3
161834163783519,7296579338,3.7310088,8.815159,2.3291137,3
161834166283519,7299079338,3.705884,8.820244,2.312663,3
161834168783519,7301579338,3.6789649,8.811569,2.315355,3
161834171283519,7304079338,3.656532,8.807382,2.3192434,3
161834173783519,7306579338,3.6391842,8.821739,2.3105693,3
161834176283519,7309079338,3.6343985,8.799905,2.3135605,3
161834178783519,7311579338,3.6236308,8.795418,2.32373,3
161834181283519,7314079338,3.6044881,8.79482,2.3051856,3
161834183783519,7316579338,3.585944,8.7882395,2.2932215,3
161834186283519,7319079338,3.5733814,8.799007,2.274976,3
161834188783519,7321579338,3.5551362,8.79811,2.2507489,3
161834191283519,7324079338,3.5446677,8.802298,2.2331018,3
161834193783519,7326579338,3.5327036,8.796016,2.2178476,3
161834196283519,7329079338,3.5267215,8.79482,2.1909282,3
161834198783519,7331579338,3.5129628,8.785847,2.1675982,3
161834201283519,7334079338,3.5243287,8.770891,2.1508484,3
161834203783519,7336579338,3.5300117,8.756834,2.1424735,3
161834206283519,7339079338,3.5356946,8.763713,2.143969,3
161834208783519,7341579338,3.5401812,8.747262,2.1391835,3
161834211283519,7344079338,3.5506496,8.7469635,2.137688,3
161834213783519,7346579338,3.5700915,8.756535,2.1451654,3
161834216283519,7349079338,3.5784662,8.761021,2.1418753,3
161834218783519,7351579338,3.5754752,8.775079,2.1601207,3
161834221283519,7354079338,3.592524,8.789435,2.1705892,3
161834223783519,7356579338,3.5997026,8.805886,2.1702902,3
161834226283519,7359079338,3.6029928,8.810373,2.184049,3
161834228783519,7361579338,3.5970106,8.817252,2.1879373,3
161834231283519,7364079338,3.5907295,8.833404,2.198705,3
161834233783519,7366579338,3.5727832,8.842377,2.2268205,3
161834236283519,7369079338,3.5605202,8.837891,2.219343,3
161834238783519,7371579338,3.5404801,8.823533,2.236691,3
161834241283519,7374079338,3.5404801,8.82144,2.23699,3
161834243783519,7376579338,3.5204403,8.81815,2.2510478,3
161834246283519,7379079338,3.5009987,8.811271,2.2492533,3
161834248783519,7381579338,3.5033915,8.813364,2.2345972,3
161834251283519,7384079338,3.4947174,8.7984085,2.2420747,3
161834253783519,7386579338,3.4968112,8.790333,2.25703,3
161834256283519,7389079338,3.5009987,8.790333,2.263012,3
161834258783519,7391579338,3.5039897,8.793324,2.2743778,3
161834261283519,7394079338,3.505485,8.790932,2.2737796,3
161834263783519,7396579338,3.501896,8.790632,2.2998016,3
161834266283519,7399079338,3.4929228,8.786445,2.3261228,3
161834268783519,7401579338,3.484548,8.782856,2.3291137,3
161834271283519,7404079338,3.4950166,8.765508,2.3455644,3
161834273783519,7406579338,3.5087752,8.775976,2.3566313,3
161834276283519,7409079338,3.5318062,8.779566,2.3745773,3
161834278783519,7411579338,3.5422747,8.775378,2.3679972,3
161834281283519,7414079338,3.55723,8.766106,2.388037,3
161834283783519,7416579338,3.5856447,8.757133,2.3868406,3
161834286283519,7419079338,3.618546,8.778369,2.4095724,3
161834288783519,7421579338,3.6469607,8.775378,2.3802602,3
161834291283519,7424079338,3.6690943,8.7673025,2.3868406,3
161834293783519,7426579338,3.69392,8.767601,2.3724837,3
161834296283519,7429079338,3.7010984,8.788539,2.3575284,3
161834298783519,7431579338,3.6975093,8.793324,2.3368905,3
161834301283519,7434079338,3.7067814,8.795418,2.3165514,3
161834303783519,7436579338,3.7005002,8.816355,2.2932215,3
161834306283519,7439079338,3.7022948,8.814261,2.2752752,3
161834308783519,7441579338,3.69721,8.819944,2.277668,3
161834311283519,7444079338,3.6927235,8.832208,2.2609184,3
161834313783519,7446579338,3.688237,8.82443,2.2528424,3
161834316283519,7449079338,3.6876388,8.832806,2.2591236,3
161834318783519,7451579338,3.6684961,8.841181,2.2504497,3
161834321283519,7454079338,3.6672997,8.848359,2.2588246,3
161834323783519,7456579338,3.6610186,8.850154,2.2839491,3
161834326283519,7459079338,3.6646078,8.846265,2.3132613,3
161834328783519,7461579338,3.659224,8.84806,2.32702,3
161834331283519,7464079338,3.649952,8.858528,2.349752,3
161834333783519,7466579338,3.6804602,8.859426,2.3482563,3
161834336283519,7469079338,3.6726837,8.850752,2.3605196,3
161834338783519,7471579338,3.674179,8.864511,2.3539393,3
161834341283519,7474079338,3.6661034,8.865707,2.33031,3
161834343783519,7476579338,3.6604204,8.85793,2.321038,3
161834346283519,7479079338,3.6523447,8.863913,2.295016,3
161834348783519,7481579338,3.6541393,8.860024,2.2881367,3
161834351283519,7484079338,3.6343985,8.866305,2.2564318,3
161834353783519,7486579338,3.6278183,8.8651085,2.2259233,3
161834356283519,7489079338,3.6230326,8.874082,2.2271197,3
161834358783519,7491579338,3.606582,8.87797,2.2259233,3
161834361283519,7494079338,3.5874393,8.886345,2.2118654,3
161834363783519,7496579338,3.5617166,8.898908,2.2007985,3
161834366283519,7499079338,3.5464623,8.893523,2.1900308,3
161834368783519,7501579338,3.5377884,8.905189,2.1738794,3
161834371283519,7504079338,3.5339,8.903693,2.1661026,3
161834373783519,7506579338,3.5156546,8.902796,2.164009,3
161834376283519,7509079338,3.5084763,8.902198,2.1505494,3
161834378783519,7511579338,3.5021951,8.900403,2.1547368,3
161834381283519,7514079338,3.498905,8.88455,2.143072,3
161834383783519,7516579338,3.5001013,8.876774,2.1305094,3
161834386283519,7519079338,3.493222,8.851949,2.1311076,3
161834388783519,7521579338,3.5084763,8.82802,2.1400807,3
161834391283519,7524079338,3.5186458,8.807382,2.1628125,3
161834393783519,7526579338,3.5324044,8.79153,2.167299,3
161834396283519,7529079338,3.53719,8.7673025,2.1831515,3
161834398783519,7531579338,3.551846,8.759227,2.219343,3
161834401283519,7534079338,3.5733814,8.759227,2.2471595,3
161834403783519,7536579338,3.5799618,8.743374,2.2612174,3
161834406283519,7539079338,3.5826538,8.738888,2.2932215,3
161834408783519,7541579338,3.5904303,8.736495,2.3225334,3
161834411283519,7544079338,3.5877385,8.732905,2.3467607,3
161834413783519,7546579338,3.569194,8.730513,2.3641088,3
161834416283519,7549079338,3.5635111,8.732905,2.3718855,3
161834418783519,7551579338,3.56381,8.734101,2.3688943,3
161834421283519,7554079338,3.557529,8.732008,2.3605196,3
161834423783519,7556579338,3.557529,8.729915,2.3545375,3
161834426283519,7559079338,3.5584264,8.726923,2.3644078,3
161834428783519,7561579338,3.5626137,8.723334,2.3632114,3
161834431283519,7564079338,3.5847473,8.713464,2.3844478,3
161834433783519,7566579338,3.5886357,8.701798,2.4035904,3
161834436283519,7569079338,3.6143587,8.707481,2.4086752,3
161834438783519,7571579338,3.636193,8.695817,2.4068804,3
161834441283519,7574079338,3.6544385,8.712267,2.39372,3
161834443783519,7576579338,3.6670008,8.72483,2.3721845,3
161834446283519,7579079338,3.682255,8.732606,2.34706,3
161834448783519,7581579338,3.700201,8.757432,2.3051856,3
161834451283519,7584079338,3.702594,8.7682,2.274976,3
161834453783519,7586579338,3.694518,8.785547,2.242374,3
161834456283519,7589079338,3.6888351,8.799306,2.2202404,3
161834458783519,7591579338,3.694518,8.792726,2.2031915,3
161834461283519,7594079338,3.7034912,8.8085785,2.1978076,3
161834463783519,7596579338,3.7022948,8.802298,2.216651,3
161834466283519,7599079338,3.7091742,8.800203,2.225026,3
161834468783519,7601579338,3.708576,8.792726,2.2372892,3
161834471283519,7604079338,3.7103705,8.798708,2.2522442,3
161834473783519,7606579338,3.7064822,8.8014,2.2669003,3
161834476283519,7609079338,3.7019958,8.806186,2.2872393,3
161834478783519,7611579338,3.711268,8.795717,2.3042881,3
161834481283519,7614079338,3.7073796,8.809476,2.2938197,3
161834483783519,7616579338,3.691228,8.814261,2.297708,3
161834486283519,7619079338,3.6891344,8.828618,2.2761726,3
161834488783519,7621579338,3.6658044,8.819346,2.2387848,3
161834491283519,7624079338,3.6338003,8.810074,2.1969104,3
161834493783519,7626579338,3.5985062,8.809476,2.1646073,3
161834496283519,7629079338,3.5841491,8.811569,2.1251256,3
161834498783519,7631579338,3.5467613,8.79811,2.1000009,3
161834501283519,7634079338,3.531507,8.78794,2.091327,3
161834503783519,7636579338,3.5099716,8.7831545,2.0838494,3
161834506283519,7639079338,3.4971104,8.775677,2.0961127,3
161834508783519,7641579338,3.4944184,8.76162,2.123331,3
161834511283519,7644079338,3.4893336,8.76162,2.1370897,3
161834513783519,7646579338,3.4791641,8.767003,2.1744776,3
161834516283519,7649079338,3.4803605,8.772985,2.2232313,3
161834518783519,7651579338,3.4983068,8.782856,2.2821546,3
161834521283519,7654079338,3.5105698,8.785249,2.3165514,3
161834523783519,7656579338,3.5333018,8.775378,2.3431716,3
161834526283519,7659079338,3.5539398,8.7780695,2.356332,3
161834528783519,7661579338,3.577868,8.763713,2.3569303,3
161834531283519,7664079338,3.5814574,8.747861,2.3264217,3
161834533783519,7666579338,3.5919259,8.720942,2.3081765,3
161834536283519,7669079338,3.611966,8.707781,2.289632,3
161834538783519,7671579338,3.6140594,8.702995,2.251347,3
161834541283519,7674079338,3.612564,8.697611,2.2238295,3
161834543783519,7676579338,3.638586,8.692527,2.2304099,3
161834546283519,7679079338,3.6520455,8.689535,2.2375882,3
161834548783519,7681579338,3.6744783,8.690433,2.2387848,3
161834551283519,7684079338,3.676871,8.692527,2.265405,3
161834553783519,7686579338,3.6987057,8.68804,2.2917259,3
161834556283519,7689079338,3.7196429,8.687142,2.3138595,3
161834558783519,7691579338,3.7277186,8.672486,2.3192434,3
161834561283519,7694079338,3.7334015,8.675478,2.3368905,3
161834563783519,7696579338,3.7450666,8.6802635,2.3691936,3
161834566283519,7699079338,3.7450666,8.685946,2.3865414,3
161834568783519,7701579338,3.7450666,8.688937,2.400001,3
161834571283519,7704079338,3.7450666,8.689535,2.423032,3
161834573783519,7706579338,3.7489548,8.698508,2.4284158,3
161834576283519,7709079338,3.7657046,8.685946,2.440679,3
161834578783519,7711579338,3.784249,8.660822,2.4221346,3
161834581283519,7714079338,3.816253,8.653942,2.4382863,3
161834583783519,7716579338,3.8386858,8.632706,2.4251258,3
161834586283519,7719079338,3.859623,8.617452,2.4308088,3
161834588783519,7721579338,3.8665023,8.60459,2.402693,3
161834591283519,7724079338,3.8754754,8.595019,2.3952155,3
161834593783519,7726579338,3.862315,8.610871,2.3988047,3
161834596283519,7729079338,3.8563328,8.607282,2.416751,3
161834598783519,7731579338,3.851248,8.599805,2.4182463,3
161834601283519,7734079338,3.8300118,8.612666,2.4020948,3
161834603783519,7736579338,3.8204405,8.628518,2.4119651,3
161834606283519,7739079338,3.789932,8.642876,2.4236302,3
161834608783519,7741579338,3.7833517,8.642277,2.4293132,3
161834611283519,7744079338,3.7686956,8.644371,2.4242284,3
161834613783519,7746579338,3.7636108,8.641978,2.4101706,3
161834616283519,7749079338,3.7558343,8.630911,2.3826532,3
161834618783519,7751579338,3.7477584,8.617152,2.3691936,3
161834621283519,7754079338,3.7420754,8.610871,2.3542383,3
161834623783519,7756579338,3.7363925,8.602496,2.3300111,3
161834626283519,7759079338,3.728616,8.601599,2.312065,3
161834628783519,7761579338,3.7334015,8.6141615,2.3045874,3
161834631283519,7764079338,3.7211382,8.6141615,2.2875385,3
161834633783519,7766579338,3.7163527,8.611769,2.2636101,3
161834636283519,7769079338,3.7133617,8.619545,2.2375882,3
161834638783519,7771579338,3.7172499,8.62792,2.2238295,3
161834641283519,7774079338,3.7097723,8.64138,2.216651,3
161834643783519,7776579338,3.7229328,8.64467,2.1948166,3
161834646283519,7779079338,3.7157545,8.670094,2.1888344,3
161834648783519,7781579338,3.7100716,8.672486,2.1831515,3
161834651283519,7784079338,3.690929,8.667103,2.19033,3
161834653783519,7786579338,3.6720855,8.676076,2.1834507,3
161834656283519,7789079338,3.6580276,8.6802635,2.1888344,3
161834658783519,7791579338,3.6394832,8.691928,2.2046869,3
161834661283519,7794079338,3.6203406,8.686544,2.2058833,3
161834663783519,7796579338,3.5976088,8.708977,2.2139592,3
161834666283519,7799079338,3.5991044,8.722137,2.2235305,3
161834668783519,7801579338,3.5838501,8.732008,2.2208385,3
161834671283519,7804079338,3.5847473,8.742776,2.239383,3
161834673783519,7806579338,3.589533,8.742476,2.2384856,3
161834676283519,7809079338,3.5880375,8.743074,2.2582264,3
161834678783519,7811579338,3.6011982,8.75145,2.2507489,3
161834681283519,7814079338,3.6257246,8.75474,2.2695923,3
161834683783519,7816579338,3.6352959,8.750852,2.286043,3
161834686283519,7819079338,3.6478581,8.75145,2.309074,3
161834688783519,7821579338,3.6664026,8.741579,2.3207388,3
161834691283519,7824079338,3.6547375,8.744869,2.3503501,3
161834693783519,7826579338,3.6744783,8.746664,2.3503501,3
161834696283519,7829079338,3.6750765,8.750552,2.3584259,3
161834698783519,7831579338,3.6993039,8.743673,2.364707,3
161834701283519,7834079338,3.7193437,8.744869,2.3727827,3
161834703783519,7836579338,3.740879,8.758329,2.3757737,3
161834706283519,7839079338,3.7633119,8.76162,2.3859432,3
161834708783519,7841579338,3.7830527,8.767003,2.41705,3
161834711283519,7844079338,3.7866418,8.774181,2.4152553,3
161834713783519,7846579338,3.8024943,8.783752,2.4221346,3
161834716283519,7849079338,3.8120656,8.796615,2.414059,3
161834718783519,7851579338,3.8261235,8.809476,2.4062822,3
161834721283519,7854079338,3.8120656,8.816355,2.376372,3
161834723783519,7856579338,3.8333018,8.809774,2.376073,3
161834726283519,7859079338,3.8171504,8.816355,2.3467607,3
161834728783519,7861579338,3.804887,8.810373,2.3503501,3
161834731283519,7864079338,3.795615,8.813364,2.3300111,3
161834733783519,7866579338,3.7890346,8.810971,2.3276181,3
161834736283519,7869079338,3.7806597,8.799007,2.3165514,3
161834738783519,7871579338,3.7740796,8.799605,2.2758734,3
161834741283519,7874079338,3.7591243,8.810971,2.2821546,3
161834743783519,7876579338,3.73729,8.822637,2.2618155,3
161834746283519,7879079338,3.7339997,8.82802,2.2331018,3
161834748783519,7881579338,3.7130625,8.832506,2.2223341,3
161834751283519,7884079338,3.699902,8.822637,2.2019951,3
161834753783519,7886579338,3.682554,8.825627,2.1993032,3
161834756283519,7889079338,3.6849468,8.832806,2.1999013,3
161834758783519,7891579338,3.6717863,8.816056,2.210669,3
161834761283519,7894079338,3.673282,8.81815,2.225325,3
161834763783519,7896579338,3.676871,8.808279,2.248655,3
161834766283519,7899079338,3.6777685,8.800203,2.2809582,3
161834768783519,7901579338,3.6771703,8.781659,2.312663,3
161834771283519,7904079338,3.6849468,8.773883,2.335096,3
161834773783519,7906579338,3.6963127,8.748459,2.326721,3
161834776283519,7909079338,3.6846478,8.738289,2.333301,3
161834778783519,7911579338,3.6708891,8.739186,2.3455644,3
161834781283519,7914079338,3.6463625,8.734999,2.3485553,3
161834783783519,7916579338,3.6394832,8.7347,2.3503501,3
161834786283519,7919079338,3.621238,8.726923,2.3318057,3
161834788783519,7921579338,3.6011982,8.72124,2.344368,3
161834791283519,7924079338,3.5913277,8.730213,2.3805594,3
161834793783519,7926579338,3.5943186,8.716156,2.4005992,3
161834796283519,7929079338,3.571886,8.707781,2.4077778,3
161834798783519,7931579338,3.5476587,8.714959,2.4179473,3
161834801283519,7934079338,3.5416765,8.713464,2.4107687,3
161834803783519,7936579338,3.5440695,8.720343,2.3988047,3
161834806283519,7939079338,3.5428731,8.701798,2.3919253,3
161834808783519,7941579338,3.5069807,8.723334,2.3712873,3
161834811283519,7944079338,3.4914274,8.722437,2.3482563,3
161834813783519,7946579338,3.4761732,8.720942,2.3264217,3
161834816283519,7949079338,3.4579277,8.72782,2.2929223,3
161834818783519,7951579338,3.4531422,8.747262,2.2648067,3
161834821283519,7954079338,3.441178,8.756834,2.236691,3
161834823783519,7956579338,3.441178,8.757432,2.1885355,3
161834826283519,7959079338,3.441178,8.769695,2.1646073,3
161834828783519,7961579338,3.4447672,8.772387,2.1379871,3
161834831283519,7964079338,3.4483566,8.793623,2.1140587,3
161834833783519,7966579338,3.4579277,8.796615,2.108974,3
161834836283519,7969079338,3.4672,8.795118,2.1065812,3
161834838783519,7971579338,3.4983068,8.807981,2.126621,3
161834841283519,7974079338,3.5204403,8.814261,2.1424735,3
161834843783519,7976579338,3.5365918,8.809176,2.172683,3
161834846283519,7979079338,3.551547,8.806484,2.2058833,3
161834848783519,7981579338,3.5644085,8.804391,2.2334008,3
161834851283519,7984079338,3.580261,8.827422,2.2588246,3
161834853783519,7986579338,3.5991044,8.804989,2.3003998,3
161834856283519,7989079338,3.6044881,8.816954,2.3132613,3
161834858783519,7991579338,3.6382868,8.803793,2.3344977,3
161834861283519,7994079338,3.6613178,8.799905,2.3679972,3
161834863783519,7996579338,3.6729827,8.800801,2.3973093,3
161834866283519,7999079338,3.7010984,8.807681,2.408376,3
161834868783519,8001579338,3.7160535,8.800503,2.4284158,3
161834871283519,8004079338,3.7357943,8.810971,2.4559333,3
161834873783519,8006579338,3.7384863,8.802896,2.4792633,3
161834876283519,8009079338,3.7414773,8.809774,2.481357,3
161834878783519,8011579338,3.754937,8.807083,2.478665,3
161834881283519,8014079338,3.7471602,8.8034935,2.4864419,3
161834883783519,8016579338,3.7339997,8.810971,2.4661028,3
161834886283519,8019079338,3.7208393,8.800503,2.4451656,3
161834888783519,8021579338,3.7091742,8.82144,2.4089742,3
161834891283519,8024079338,3.6900315,8.842976,2.3670998,3
161834893783519,8026579338,3.676871,8.83131,2.3219352,3
161834896283519,8029079338,3.6687953,8.839087,2.271088,3
161834898783519,8031579338,3.6523447,8.854042,2.2121646,3
161834901283519,8034079338,3.6290147,8.854939,2.1678972,3
161834903783519,8036579338,3.603591,8.861818,2.129313,3
161834906283519,8039079338,3.5931222,8.855837,2.0961127,3
161834908783519,8041579338,3.566502,8.841479,2.0730817,3
161834911283519,8044079338,3.5401812,8.837293,2.0620148,3
161834913783519,8046579338,3.5159538,8.843274,2.0524435,3
161834916283519,8049079338,3.5063825,8.834899,2.0638096,3
161834918783519,8051579338,3.5004005,8.850154,2.0703897,3
161834921283519,8054079338,3.4752758,8.847462,2.0727825,3
161834923783519,8056579338,3.4683964,8.845368,2.111367,3
161834926283519,8059079338,3.4654055,8.840582,2.126621,3
161834928783519,8061579338,3.4621153,8.832806,2.1481566,3
161834931283519,8064079338,3.4591243,8.832806,2.1762722,3
161834933783519,8066579338,3.4672,8.833404,2.178366,3
161834936283519,8069079338,3.464508,8.810373,2.2331018,3
161834938783519,8071579338,3.482155,8.79123,2.2839491,3
161834941283519,8074079338,3.496213,8.760722,2.3401806,3
161834943783519,8076579338,3.5153556,8.727522,2.3982065,3
161834946283519,8079079338,3.5521452,8.709276,2.4511478,3
161834948783519,8081579338,3.5820556,8.708678,2.5007987,3
161834951283519,8084079338,3.609573,8.69462,2.545365,3
161834953783519,8086579338,3.6355948,8.699705,2.585744,3
161834956283519,8089079338,3.667898,8.712267,2.6129622,3
161834958783519,8091579338,3.6924245,8.719745,2.6434708,3
161834961283519,8094079338,3.702893,8.727222,2.6377878,3
161834963783519,8096579338,3.708277,8.733803,2.6252255,3
161834966283519,8099079338,3.711567,8.723932,2.5935206,3
161834968783519,8101579338,3.71396,8.7215395,2.5806592,3
161834971283519,8104079338,3.7151563,8.723334,2.5633113,3
161834973783519,8106579338,3.71396,8.714062,2.5354948,3
161834976283519,8109079338,3.7013974,8.718249,2.4909284,3
161834978783519,8111579338,3.6957145,8.718249,2.478067,3
161834981283519,8114079338,3.7073796,8.718249,2.4729822,3
161834983783519,8116579338,3.714259,8.72812,2.4415765,3
161834986283519,8119079338,3.7241294,8.729316,2.4367907,3
161834988783519,8121579338,3.7292142,8.739486,2.408077,3
161834991283519,8124079338,3.7390845,8.737691,2.4044876,3
161834993783519,8126579338,3.7645082,8.734401,2.3805594,3
161834996283519,8129079338,3.7513478,8.747262,2.352743,3
161834998783519,8131579338,3.7794633,8.733803,2.3548367,3
161835001283519,8134079338,3.7893338,8.718847,2.3264217,3
161835003783519,8136579338,3.7998023,8.698808,2.2947168,3
161835006283519,8139079338,3.804887,8.686844,2.3054845,3
161835008783519,8141579338,3.807579,8.674581,2.274976,3
161835011283519,8144079338,3.804588,8.670094,2.271985,3
161835013783519,8146579338,3.8150566,8.645567,2.2591236,3
161835016283519,8149079338,3.8312082,8.644371,2.2414765,3
161835018783519,8151579338,3.8303108,8.638688,2.271985,3
161835021283519,8154079338,3.8273199,8.638987,2.254039,3
161835023783519,8156579338,3.8231323,8.649157,2.2549362,3
161835026283519,8159079338,3.8153558,8.642277,2.2399812,3
161835028783519,8161579338,3.8165522,8.637193,2.231307,3
161835031283519,8164079338,3.8192441,8.62792,2.2561326,3
161835033783519,8166579338,3.8228333,8.626425,2.2435703,3
161835036283519,8169079338,3.813262,8.638389,2.2549362,3
161835038783519,8171579338,3.8120656,8.641081,2.2800608,3
161835041283519,8174079338,3.8213377,8.644969,2.3078775,3
161835043783519,8176579338,3.824927,8.650951,2.3446672,3
161835046283519,8179079338,3.8321054,8.647362,2.3425734,3
161835048783519,8181579338,3.8389847,8.6757765,2.3769703,3
161835051283519,8184079338,3.8521454,8.683254,2.3829522,3
161835053783519,8186579338,3.8288152,8.692227,2.376671,3
161835056283519,8189079338,3.8312082,8.6802635,2.3754747,3
161835058783519,8191579338,3.824329,8.685647,2.3668008,3
161835061283519,8194079338,3.8174493,8.685946,2.3599212,3
161835063783519,8196579338,3.8030925,8.662317,2.3279173,3
161835066283519,8199079338,3.7995033,8.665607,2.3192434,3
161835068783519,8201579338,3.7878382,8.663513,2.3132613,3
161835071283519,8204079338,3.7767715,8.664411,2.3015962,3
161835073783519,8206579338,3.7770705,8.664411,2.2989044,3
161835076283519,8209079338,3.7564325,8.667103,2.2839491,3
161835078783519,8211579338,3.7456648,8.685049,2.2555344,3
161835081283519,8214079338,3.7564325,8.682357,2.2399812,3
161835083783519,8216579338,3.7402809,8.673982,2.2184458,3
161835086283519,8219079338,3.734598,8.688937,2.1858435,3
161835088783519,8221579338,3.7199419,8.6910305,2.1508484,3
161835091283519,8224079338,3.7070804,8.685049,2.1140587,3
161835093783519,8226579338,3.6963127,8.680861,2.105983,3
161835096283519,8229079338,3.6789649,8.666505,2.1017957,3
161835098783519,8231579338,3.6556349,8.656933,2.0934207,3
161835101283519,8234079338,3.6661034,8.659326,2.1065812,3
161835103783519,8236579338,3.6601214,8.659027,2.1257238,3
161835106283519,8239079338,3.6559339,8.664411,2.14367,3
161835108783519,8241579338,3.6589248,8.663513,2.1690936,3
161835111283519,8244079338,3.6547375,8.648857,2.2118654,3
161835113783519,8246579338,3.675974,8.641679,2.2788644,3
161835116283519,8249079338,3.6726837,8.631808,2.289034,3
161835118783519,8251579338,3.653541,8.6395855,2.3051856,3
161835121283519,8254079338,3.664907,8.633603,2.324029,3
161835123783519,8256579338,3.6684961,8.627621,2.3679972,3
161835126283519,8259079338,3.693621,8.606385,2.4032912,3
161835128783519,8261579338,3.6996028,8.608179,2.405684,3
161835131283519,8264079338,3.7064822,8.603394,2.4445674,3
161835133783519,8266579338,3.7295132,8.598907,2.475076,3
161835136283519,8269079338,3.7504504,8.595617,2.495415,3
161835138783519,8271579338,3.766602,8.598608,2.5172493,3
161835141283519,8274079338,3.7740796,8.59472,2.536093,3
161835143783519,8276579338,3.7863426,8.612965,2.548057,3
161835146283519,8279079338,3.8027935,8.62822,2.5495524,3
161835148783519,8281579338,3.8117664,8.644969,2.5588248,3
161835151283519,8284079338,3.8344984,8.653344,2.5516462,3
161835153783519,8286579338,3.8491542,8.674281,2.5337,3
161835156283519,8289079338,3.8575292,8.684152,2.4951158,3
161835158783519,8291579338,3.859623,8.708079,2.469692,3
161835161283519,8294079338,3.8691943,8.720642,2.4424736,3
161835163783519,8296579338,3.8563328,8.745467,2.4017956,3
161835166283519,8299079338,3.8602211,8.7682,2.3464618,3
161835168783519,8301579338,3.8389847,8.769396,2.3117657,3
161835171283519,8304079338,3.8195431,8.790034,2.277369,3
161835173783519,8306579338,3.80399,8.810971,2.2483559,3
161835176283519,8309079338,3.7812579,8.812167,2.1918256,3
161835178783519,8311579338,3.7594235,8.800503,2.178366,3
161835181283519,8314079338,3.7498522,8.815159,2.117947,3
161835183783519,8316579338,3.712165,8.8085785,2.094019,3
161835186283519,8319079338,3.691228,8.822637,2.0670996,3
161835188783519,8321579338,3.6720855,8.835198,2.0694926,3
161835191283519,8324079338,3.6352959,8.835198,2.0575283,3
161835193783519,8326579338,3.6050863,8.842676,2.0721843,3
161835196283519,8329079338,3.5742788,8.843574,2.068296,3
161835198783519,8331579338,3.5554354,8.847162,2.0724835,3
161835201283519,8334079338,3.5243287,8.847462,2.1017957,3
161835203783519,8336579338,3.5132618,8.848659,2.1391835,3
161835206283519,8339079338,3.4977086,8.85464,2.1544378,3
161835208783519,8341579338,3.4854453,8.853145,2.2097716,3
161835211283519,8344079338,3.4680972,8.852247,2.231008,3
161835213783519,8346579338,3.4737802,8.842078,2.297708,3
161835216283519,8349079338,3.452544,8.827721,2.318346,3
161835218783519,8351579338,3.4603207,8.827422,2.3587248,3
161835221283519,8354079338,3.4543386,8.8238325,2.3817558,3
161835223783519,8356579338,3.4528432,8.829216,2.4224339,3
161835226283519,8359079338,3.4486556,8.828618,2.4478576,3
161835228783519,8361579338,3.4390843,8.826225,2.4939194,3
161835231283519,8364079338,3.4567313,8.807083,2.5061827,3
161835233783519,8366579338,3.4603207,8.804989,2.536392,3
161835236283519,8369079338,3.475575,8.787043,2.5459633,3
161835238783519,8371579338,3.4971104,8.772387,2.5423741,3
161835241283519,8374079338,3.5033915,8.758628,2.5645077,3
161835243783519,8376579338,3.5057843,8.76132,2.5486553,3
161835246283519,8379079338,3.5090744,8.752048,2.5405796,3
161835248783519,8381579338,3.5264223,8.755338,2.562414,3
161835251283519,8384079338,3.5189447,8.75444,2.5489542,3
161835253783519,8386579338,3.5273197,8.748757,2.5339992,3
161835256283519,8389079338,3.5413775,8.747861,2.522334,3
161835258783519,8391579338,3.5464623,8.749655,2.515754,3
161835261283519,8394079338,3.5512478,8.756235,2.4646072,3
161835263783519,8396579338,3.5641093,8.755338,2.455036,3
161835266283519,8399079338,3.5587256,8.760123,2.4361925,3
161835268783519,8401579338,3.557529,8.75444,2.4044876,3
161835271283519,8404079338,3.5617166,8.745767,2.387738,3
161835273783519,8406579338,3.542574,8.736196,2.3545375,3
161835276283519,8409079338,3.5416765,8.737691,2.3569303,3
161835278783519,8411579338,3.5389848,8.73799,2.3395824,3
161835281283519,8414079338,3.5300117,8.752945,2.3321047,3
161835283783519,8416579338,3.545266,8.771191,2.3336003,3
161835286283519,8419079338,3.5608191,8.780164,2.3542383,3
161835288783519,8421579338,3.5709887,8.770593,2.3700907,3
161835291283519,8424079338,3.5751762,8.775677,2.3629124,3
161835293783519,8426579338,3.5781672,8.783752,2.385046,3
161835296283519,8429079338,3.597908,8.784052,2.3928227,3
161835298783519,8431579338,3.5973098,8.774481,2.394318,3
161835301283519,8434079338,3.6083765,8.76491,2.4011974,3
161835303783519,8436579338,3.6170506,8.758628,2.4346972,3
161835306283519,8439079338,3.6290147,8.748757,2.437688,3
161835308783519,8441579338,3.6595232,8.7469635,2.437389,3
161835311283519,8444079338,3.6756747,8.737093,2.4565315,3
161835313783519,8446579338,3.6957145,8.737691,2.46042,3
161835316283519,8449079338,3.7043886,8.752048,2.4675984,3
161835318783519,8451579338,3.7022948,8.756834,2.4684956,3
161835321283519,8454079338,3.69721,8.750552,2.4690938,3
161835323783519,8456579338,3.69721,8.756535,2.461018,3
161835326283519,8459079338,3.7043886,8.749954,2.4625137,3
161835328783519,8461579338,3.696612,8.750254,2.4625137,3
161835331283519,8464079338,3.687938,8.753842,2.4595225,3
161835333783519,8466579338,3.6921253,8.759525,2.4556344,3
161835336283519,8469079338,3.6828532,8.759825,2.4589243,3
161835338783519,8471579338,3.693621,8.746664,2.4221346,3
161835341283519,8474079338,3.6792638,8.735298,2.3988047,3
161835343783519,8476579338,3.708576,8.7367935,2.405684,3
161835346283519,8479079338,3.7268212,8.72782,2.3919253,3
161835348783519,8481579338,3.737888,8.720942,2.3754747,3
161835351283519,8484079338,3.749254,8.717052,2.3670998,3
161835353783519,8486579338,3.7597225,8.715557,2.3557339,3
161835356283519,8489079338,3.7525442,8.70479,2.329712,3
161835358783519,8491579338,3.7444685,8.690732,2.289632,3
161835361283519,8494079338,3.740879,8.692527,2.2701905,3
161835363783519,8496579338,3.737589,8.682357,2.2202404,3
161835366283519,8499079338,3.7226338,8.685049,2.1843479,3
161835368783519,8501579338,3.7145581,8.674581,2.164308,3
161835371283519,8504079338,3.7118661,8.679067,2.1337996,3
161835373783519,8506579338,3.7019958,8.676076,2.108974,3
161835376283519,8509079338,3.699902,8.690732,2.1131616,3
161835378783519,8511579338,3.6918263,8.697013,2.120938,3
161835381283519,8514079338,3.7019958,8.708977,2.1257238,3
161835383783519,8516579338,3.7250266,8.713164,2.141277,3
161835386283519,8519079338,3.7429729,8.713164,2.1490538,3
161835388783519,8521579338,3.7268212,8.713762,2.1565313,3
161835391283519,8524079338,3.7513478,8.703893,2.1454647,3
161835393783519,8526579338,3.7525442,8.7012005,2.1705892,3
161835396283519,8529079338,3.7806597,8.689237,2.172683,3
161835398783519,8531579338,3.795914,8.689237,2.1894326,3
161835401283519,8534079338,3.8171504,8.688937,2.207977,3
161835403783519,8536579338,3.8344984,8.687142,2.1966112,3
161835406283519,8539079338,3.8341992,8.682656,2.2100708,3
161835408783519,8541579338,3.8536408,8.685946,2.2259233,3
161835411283519,8544079338,3.874279,8.695817,2.2211375,3
161835413783519,8546579338,3.8706896,8.712566,2.2202404,3
161835416283519,8549079338,3.8781674,8.721839,2.228316,3
161835418783519,8551579338,3.8584266,8.727222,2.228316,3
161835421283519,8554079338,3.8551364,8.746664,2.228316,3
161835423783519,8556579338,3.8327036,8.733503,2.2531416,3
161835426283519,8559079338,3.8072798,8.734401,2.2417758,3
161835428783519,8561579338,3.7950168,8.7266245,2.2555344,3
161835431283519,8564079338,3.7633119,8.730812,2.271985,3
161835433783519,8566579338,3.7348971,8.7469635,2.2827528,3
161835436283519,8569079338,3.7390845,8.734999,2.268994,3
161835438783519,8571579338,3.7235312,8.744271,2.274976,3
161835441283519,8574079338,3.720241,8.7347,2.298007,3
161835443783519,8576579338,3.7157545,8.748757,2.2899313,3
161835446283519,8579079338,3.7127635,8.735298,2.306382,3
161835448783519,8581579338,3.714857,8.723334,2.3084757,3
161835451283519,8584079338,3.726223,8.723035,2.300699,3
161835453783519,8586579338,3.7283168,8.718847,2.3117657,3
161835456283519,8589079338,3.7229328,8.713762,2.3057837,3
161835458783519,8591579338,3.7310088,8.713762,2.315355,3
161835461283519,8594079338,3.7280176,8.712866,2.3252254,3
161835463783519,8596579338,3.7459638,8.700303,2.3306093,3
161835466283519,8599079338,3.7447674,8.704491,2.3285155,3
161835468783519,8601579338,3.7426736,8.683554,2.333002,3
161835471283519,8604079338,3.7471602,8.684152,2.3479571,3
161835473783519,8606579338,3.7402809,8.661719,2.3428724,3
161835476283519,8609079338,3.7393837,8.655737,2.3380868,3
161835478783519,8611579338,3.737888,8.662317,2.355435,3
161835481283519,8614079338,3.7301114,8.650054,2.3521447,3
161835483783519,8616579338,3.7220356,8.64796,2.361716,3
161835486283519,8619079338,3.7005002,8.651549,2.3371894,3
161835488783519,8621579338,3.6774693,8.665607,2.35364,3
161835491283519,8624079338,3.6726837,8.662317,2.3721845,3
161835493783519,8626579338,3.661916,8.656634,2.362015,3
161835496283519,8629079338,3.650849,8.656634,2.373082,3
161835498783519,8631579338,3.649952,8.656933,2.3826532,3
161835501283519,8634079338,3.6580276,8.654242,2.4029922,3
161835503783519,8636579338,3.6667016,8.655437,2.414657,3
161835506283519,8639079338,3.6813576,8.636295,2.4003003,3
161835508783519,8641579338,3.6957145,8.640183,2.3814569,3
161835511283519,8644079338,3.7094734,8.637193,2.3994029,3
161835513783519,8646579338,3.7166517,8.637193,2.3769703,3
161835516283519,8649079338,3.71396,8.633304,2.3769703,3
161835518783519,8651579338,3.71396,8.62792,2.367698,3
161835521283519,8654079338,3.7187455,8.623733,2.3461626,3
161835523783519,8656579338,3.7304106,8.627322,2.3632114,3
161835526283519,8659079338,3.728616,8.620442,2.3599212,3
161835528783519,8661579338,3.74387,8.62463,2.3709881,3
161835531283519,8664079338,3.7444685,8.63809,2.3772693,3
161835533783519,8666579338,3.7387853,8.637791,2.4005992,3
161835536283519,8669079338,3.7567315,8.637193,2.4164517,3
161835538783519,8671579338,3.7498522,8.63809,2.443371,3
161835541283519,8674079338,3.7552361,8.64796,2.4565315,3
161835543783519,8676579338,3.7498522,8.653942,2.4882364,3
161835546283519,8679079338,3.7411783,8.656933,2.4963121,3
161835548783519,8681579338,3.749254,8.667103,2.481357,3
161835551283519,8684079338,3.7429729,8.663813,2.475076,3
161835553783519,8686579338,3.735196,8.687142,2.4409783,3
161835556283519,8689079338,3.7331023,8.702995,2.4044876,3
161835558783519,8691579338,3.7238302,8.718847,2.402693,3
161835561283519,8694079338,3.7031922,8.733803,2.3904297,3
161835563783519,8696579338,3.6813576,8.738289,2.3775685,3
161835566283519,8699079338,3.6586258,8.735896,2.361716,3
161835568783519,8701579338,3.62722,8.752646,2.352743,3
161835571283519,8704079338,3.6083765,8.765508,2.3503501,3
161835573783519,8706579338,3.5934215,8.772985,2.353042,3
161835576283519,8709079338,3.5763726,8.779566,2.3614168,3
161835578783519,8711579338,3.5703905,8.775378,2.3775685,3
161835581283519,8714079338,3.5688949,8.778967,2.3742783,3
161835583783519,8716579338,3.5727832,8.790034,2.3742783,3
161835586283519,8719079338,3.5682967,8.775976,2.3715863,3
161835588783519,8721579338,3.5880375,8.774779,2.3605196,3
161835591283519,8724079338,3.5937204,8.772088,2.3186452,3
161835593783519,8726579338,3.6062827,8.780462,2.2800608,3
161835596283519,8729079338,3.6146576,8.769695,2.2621148,3
161835598783519,8731579338,3.6203406,8.749057,2.242673,3
161835601283519,8734079338,3.6323047,8.756834,2.2229323,3
161835603783519,8736579338,3.626921,8.755937,2.2112672,3
161835606283519,8739079338,3.6430724,8.758329,2.2307088,3
161835608783519,8741579338,3.6338003,8.755637,2.2561326,3
161835611283519,8744079338,3.632604,8.752945,2.2722843,3
161835613783519,8746579338,3.6451662,8.747861,2.2983062,3
161835616283519,8749079338,3.6517465,8.749655,2.3258235,3
161835618783519,8751579338,3.6586258,8.7682,2.3419752,3
161835621283519,8754079338,3.661916,8.764012,2.35364,3
161835623783519,8756579338,3.6777685,8.761021,2.37368,3
161835626283519,8759079338,3.6930227,8.761021,2.3817558,3
161835628783519,8761579338,3.7109687,8.764012,2.382055,3
161835631283519,8764079338,3.7184465,8.759825,2.379662,3
161835633783519,8766579338,3.7100716,8.766106,2.3605196,3
161835636283519,8769079338,3.7265222,8.756235,2.3587248,3
161835638783519,8771579338,3.731906,8.743074,2.3285155,3
161835641283519,8774079338,3.7390845,8.735298,2.3300111,3
161835643783519,8776579338,3.7310088,8.709874,2.3273191,3
161835646283519,8779079338,3.7337005,8.7015,2.3347967,3
161835648783519,8781579338,3.726223,8.692527,2.3524437,3
161835651283519,8784079338,3.743571,8.677571,2.379662,3
161835653783519,8786579338,3.731906,8.688937,2.3715863,3
161835656283519,8789079338,3.7283168,8.6802635,2.3979075,3
161835658783519,8791579338,3.7229328,8.684451,2.4143581,3
161835661283519,8794079338,3.7223346,8.676973,2.4122643,3
161835663783519,8796579338,3.734299,8.668898,2.414657,3
161835666283519,8799079338,3.7450666,8.6706915,2.4164517,3
161835668783519,8801579338,3.7423747,8.673085,2.3946173,3
161835671283519,8804079338,3.7471602,8.669795,2.3898315,3
161835673783519,8806579338,3.7594235,8.657532,2.3742783,3
161835676283519,8809079338,3.764209,8.6548395,2.3521447,3
161835678783519,8811579338,3.7743785,8.652447,2.3389843,3
161835681283519,8814079338,3.7878382,8.64467,2.3129623,3
161835683783519,8816579338,3.7624145,8.632108,2.3141587,3
161835686283519,8819079338,3.76391,8.632706,2.3231318,3
161835688783519,8821579338,3.7561333,8.650951,2.3072793,3
161835691283519,8824079338,3.7534413,8.649157,2.3018954,3
161835693783519,8826579338,3.7453656,8.65125,2.2908285,3
161835696283519,8829079338,3.7277186,8.658429,2.2947168,3
161835698783519,8831579338,3.7322052,8.671589,2.2854447,3
161835701283519,8834079338,3.7106698,8.69462,2.277369,3
161835703783519,8836579338,3.6981075,8.706883,2.28036,3
161835706283519,8839079338,3.6876388,8.713762,2.25703,3
161835708783519,8841579338,3.674179,8.728718,2.2555344,3
161835711283519,8844079338,3.6753755,8.739186,2.2259233,3
161835713783519,8846579338,3.6849468,8.754142,2.2118654,3
161835716283519,8849079338,3.6861434,8.743972,2.1999013,3
161835718783519,8851579338,3.6744783,8.739784,2.1984057,3
161835721283519,8854079338,3.6762729,8.747861,2.1897318,3
161835723783519,8856579338,3.691228,8.756235,2.1984057,3
161835726283519,8859079338,3.693621,8.769695,2.233999,3
161835728783519,8861579338,3.6990047,8.775677,2.2576282,3
161835731283519,8864079338,3.7166517,8.78794,2.2938197,3
161835733783519,8866579338,3.7241294,8.79123,2.315654,3
161835736283519,8869079338,3.7354953,8.800503,2.3419752,3
161835738783519,8871579338,3.734299,8.790333,2.3518455,3
161835741283519,8874079338,3.7268212,8.792726,2.3584259,3
161835743783519,8876579338,3.7235312,8.79123,2.3503501,3
161835746283519,8879079338,3.714259,8.799605,2.3575284,3
161835748783519,8881579338,3.7229328,8.797811,2.376073,3
161835751283519,8884079338,3.714259,8.784351,2.3862424,3
161835753783519,8886579338,3.7010984,8.78794,2.3781667,3
161835756283519,8889079338,3.6885362,8.785249,2.39372,3
161835758783519,8891579338,3.6699917,8.78136,2.405385,3
161835761283519,8894079338,3.6511483,8.769994,2.3883362,3
161835763783519,8896579338,3.6451662,8.773583,2.39372,3
161835766283519,8899079338,3.6083765,8.772985,2.393421,3
161835768783519,8901579338,3.6011982,8.772088,2.382354,3
161835771283519,8904079338,3.589533,8.778369,2.3659034,3
161835773783519,8906579338,3.5808592,8.779864,2.3291137,3
161835776283519,8909079338,3.5620155,8.782257,2.3012972,3
161835778783519,8911579338,3.5817564,8.780762,2.2932215,3
161835781283519,8914079338,3.5682967,8.797213,2.295315,3
161835783783519,8916579338,3.568596,8.792427,2.2686949,3
161835786283519,8919079338,3.5560336,8.777172,2.2325034,3
161835788783519,8921579338,3.5437703,8.772088,2.2217357,3
161835791283519,8924079338,3.5506496,8.775976,2.2342982,3
161835793783519,8926579338,3.5324044,8.773883,2.2402802,3
161835796283519,8929079338,3.5539398,8.7682,2.2417758,3
161835798783519,8931579338,3.5596228,8.758628,2.2232313,3
161835801283519,8934079338,3.5650067,8.7622175,2.236691,3
161835803783519,8936579338,3.5850465,8.748459,2.2316062,3
161835806283519,8939079338,3.6173496,8.755338,2.2372892,3
161835808783519,8941579338,3.6254253,8.7577305,2.257329,3
161835811283519,8944079338,3.6672997,8.768498,2.2899313,3
161835813783519,8946579338,3.693621,8.762517,2.2989044,3
161835816283519,8949079338,3.7241294,8.749356,2.335096,3
161835818783519,8951579338,3.749254,8.742476,2.3790638,3
161835821283519,8954079338,3.7713876,8.745169,2.3982065,3
161835823783519,8956579338,3.7905302,8.750852,2.4263222,3
161835826283519,8959079338,3.7953157,8.747861,2.4340987,3
161835828783519,8961579338,3.7980077,8.744571,2.4466612,3
161835831283519,8964079338,3.8093736,8.742178,2.454737,3
161835833783519,8966579338,3.8213377,8.750552,2.4352953,3
161835836283519,8969079338,3.8120656,8.75444,2.4149563,3
161835838783519,8971579338,3.8120656,8.755338,2.4071796,3
161835841283519,8974079338,3.8120656,8.75444,2.400001,3
161835843783519,8976579338,3.8051863,8.747561,2.3727827,3
161835846283519,8979079338,3.8117664,8.738289,2.3787649,3
161835848783519,8981579338,3.8069808,8.738588,2.3748765,3
161835851283519,8984079338,3.7917266,8.723932,2.3715863,3
161835853783519,8986579338,3.7740796,8.712866,2.3799613,3
161835856283519,8989079338,3.760321,8.716156,2.3644078,3
161835858783519,8991579338,3.739982,8.727222,2.3425734,3
161835861283519,8994079338,3.7229328,8.731111,2.344368,3
161835863783519,8996579338,3.7067814,8.744869,2.315654,3
161835866283519,8999079338,3.6930227,8.758628,2.297708,3
161835868783519,9001579338,3.6717863,8.76162,2.2761726,3
161835871283519,9004079338,3.6637106,8.763115,2.2636101,3
161835873783519,9006579338,3.6583266,8.760423,2.245365,3
161835876283519,9009079338,3.6520455,8.759227,2.2498515,3
161835878783519,9011579338,3.6490545,8.767003,2.2567308,3
161835881283519,9014079338,3.6436708,8.768498,2.2791636,3
161835883783519,9016579338,3.6424742,8.759525,2.300998,3
161835886283519,9019079338,3.6406796,8.758329,2.2968106,3
161835888783519,9021579338,3.6221352,8.766405,2.2908285,3
161835891283519,9024079338,3.6053855,8.775378,2.2947168,3
161835893783519,9026579338,3.6003008,8.776276,2.2911277,3
161835896283519,9029079338,3.5760734,8.782557,2.3001008,3
161835898783519,9031579338,3.5653057,8.785847,2.3001008,3
161835901283519,9034079338,3.5647075,8.795118,2.2989044,3
161835903783519,9036579338,3.5650067,8.796615,2.2962124,3
161835906283519,9039079338,3.562913,8.797511,2.3012972,3
161835908783519,9041579338,3.5587256,8.795118,2.309672,3
161835911283519,9044079338,3.565605,8.775677,2.3362923,3
161835913783519,9046579338,3.5617166,8.771489,2.352743,3
161835916283519,9049079338,3.5533416,8.75803,2.356033,3
161835918783519,9051579338,3.565904,8.741579,2.3712873,3
161835921283519,9054079338,3.5781672,8.732307,2.4023938,3
161835923783519,9056579338,3.5715868,8.717651,2.4038894,3
161835926283519,9059079338,3.5874393,8.699107,2.42034,3
161835928783519,9061579338,3.5946178,8.6961155,2.4305096,3
161835931283519,9064079338,3.6083765,8.701798,2.4445674,3
161835933783519,9066579338,3.6245282,8.693125,2.4643083,3
161835936283519,9069079338,3.6487553,8.686544,2.4589243,3
161835938783519,9071579338,3.6723845,8.681459,2.4732814,3
161835941283519,9074079338,3.671188,8.689535,2.484348,3
161835943783519,9076579338,3.6993039,8.673085,2.4741786,3
161835946283519,9079079338,3.6981075,8.655139,2.4885356,3
161835948783519,9081579338,3.7049868,8.651549,2.487339,3
161835951283519,9084079338,3.7130625,8.653045,2.4681966,3
161835953783519,9086579338,3.7157545,8.648559,2.4759731,3
161835956283519,9089079338,3.714259,8.640483,2.4903302,3
161835958783519,9091579338,3.699902,8.62792,2.4744778,3
161835961283519,9094079338,3.7070804,8.627621,2.466402,3
161835963783519,9096579338,3.7208393,8.612068,2.4735804,3
161835966283519,9099079338,3.7271204,8.621639,2.4672992,3
161835968783519,9101579338,3.7387853,8.628518,2.4732814,3
161835971283519,9104079338,3.7510486,8.645866,2.4565315,3
161835973783519,9106579338,3.7360935,8.665607,2.423032,3
161835976283519,9109079338,3.725924,8.660223,2.399702,3
161835978783519,9111579338,3.7220356,8.67129,2.3862424,3
161835981283519,9114079338,3.696911,8.685647,2.3485553,3
161835983783519,9116579338,3.6613178,8.711669,2.3228326,3
161835986283519,9119079338,3.7010984,8.707781,2.3201406,3
161835988783519,9121579338,3.723232,8.680562,2.2956142,3
161835991283519,9124079338,3.7019958,8.6548395,2.297708,3
161835993783519,9126579338,3.700201,8.624331,2.3374887,3
161835996283519,9129079338,3.702893,8.613564,2.3476582,3
161835998783519,9131579338,3.7118661,8.623135,2.359024,3
161836001283519,9134079338,3.7109687,8.616554,2.3512473,3
161836003783519,9136579338,3.7304106,8.616854,2.3614168,3
161836006283519,9139079338,3.7214375,8.624929,2.3602204,3
161836008783519,9141579338,3.7354953,8.643773,2.3826532,3
161836011283519,9144079338,3.7322052,8.659027,2.3805594,3
161836013783519,9146579338,3.7163527,8.674281,2.3790638,3
161836016283519,9149079338,3.7295132,8.689237,2.3491535,3
161836018783519,9151579338,3.7683966,8.674281,2.3665016,3
161836021283519,9154079338,3.8063827,8.653344,2.3874388,3
161836023783519,9156579338,3.8147576,8.635398,2.4424736,3
161836026283519,9159079338,3.8198423,8.597711,2.464009,3
161836028783519,9161579338,3.8138602,8.586345,2.478067,3
161836031283519,9164079338,3.8051863,8.592925,2.4783661,3
161836033783519,9166579338,3.816253,8.591729,2.4708884,3
161836036283519,9169079338,3.8410785,8.612965,2.46371,3
161836038783519,9171579338,3.8410785,8.615657,2.458326,3
161836041283519,9174079338,3.8560338,8.618349,2.4481566,3
161836043783519,9176579338,3.886243,8.640483,2.457728,3
161836046283519,9179079338,3.9029927,8.652447,2.4415765,3
161836048783519,9181579338,3.9006,8.653643,2.4281168,3
161836051283519,9184079338,3.9053857,8.651549,2.4305096,3
161836053783519,9186579338,3.8991046,8.649456,2.4038894,3
161836056283519,9189079338,3.8928235,8.65783,2.4020948,3
161836058783519,9191579338,3.8757744,8.644072,2.3805594,3
161836061283519,9194079338,3.8581274,8.651549,2.370689,3
161836063783519,9196579338,3.8380876,8.656634,2.350051,3
161836066283519,9199079338,3.821637,8.664411,2.3344977,3
161836068783519,9201579338,3.7917266,8.673683,2.30369,3
161836071283519,9204079338,3.769593,8.691928,2.262713,3
161836073783519,9206579338,3.7540395,8.696415,2.2178476,3
161836076283519,9209079338,3.7160535,8.708977,2.1789641,3
161836078783519,9211579338,3.7070804,8.714361,2.1741784,3
161836081283519,9214079338,3.6846478,8.725129,2.1562324,3
161836083783519,9216579338,3.6637106,8.735298,2.172683,3
161836086283519,9219079338,3.6505501,8.72483,2.1762722,3
161836088783519,9221579338,3.6314075,8.707183,2.1601207,3
161836091283519,9224079338,3.6041892,8.716156,2.184647,3
161836093783519,9226579338,3.5847473,8.716156,2.207678,3
161836096283519,9229079338,3.5763726,8.7113695,2.2262223,3
161836098783519,9231579338,3.5874393,8.708079,2.2405794,3
161836101283519,9234079338,3.5904303,8.711071,2.2591236,3
161836103783519,9236579338,3.6083765,8.706584,2.2758734,3
161836106283519,9239079338,3.6266217,8.695817,2.2791636,3
161836108783519,9241579338,3.6583266,8.690732,2.309373,3
161836111283519,9244079338,3.6930227,8.697312,2.3312075,3
161836113783519,9246579338,3.7193437,8.69462,2.3261228,3
161836116283519,9249079338,3.7510486,8.687442,2.32702,3
161836118783519,9251579338,3.7917266,8.680861,2.3395824,3
161836121283519,9254079338,3.818646,8.670393,2.35364,3
161836123783519,9256579338,3.8524444,8.666803,2.3638096,3
161836126283519,9259079338,3.8757744,8.669795,2.3635106,3
161836128783519,9261579338,3.894917,8.673384,2.3901308,3
161836131283519,9264079338,3.9143589,8.689237,2.4032912,3
161836133783519,9266579338,3.9317067,8.704491,2.4038894,3
161836136283519,9269079338,3.9296129,8.713762,2.4029922,3
161836138783519,9271579338,3.935296,8.723035,2.3808584,3
161836141283519,9274079338,3.9394834,8.742476,2.4050858,3
161836143783519,9276579338,3.935595,8.748159,2.391028,3
161836146283519,9279079338,3.9394834,8.748757,2.367399,3
161836148783519,9281579338,3.914957,8.763413,2.364707,3
161836151283519,9284079338,3.8970108,8.78794,2.3327029,3
161836153783519,9286579338,3.8823547,8.786145,2.3201406,3
161836156283519,9289079338,3.8491542,8.793025,2.2905295,3
161836158783519,9291579338,3.815954,8.78465,2.2618155,3
161836161283519,9294079338,3.7998023,8.794222,2.2223341,3
161836163783519,9296579338,3.758526,8.812766,2.1909282,3
161836166283519,9299079338,3.7390845,8.82443,2.1604197,3
161836168783519,9301579338,3.7052858,8.828618,2.1355941,3
161836171283519,9304079338,3.6616168,8.838489,2.117349,3
161836173783519,9306579338,3.638885,8.842676,2.114657,3
161836176283519,9309079338,3.6044881,8.848957,2.1296122,3
161836178783519,9311579338,3.5715868,8.845966,2.1532412,3
161836181283519,9314079338,3.5482569,8.842976,2.1762722,3
161836183783519,9316579338,3.5291142,8.832208,2.1978076,3
161836186283519,9319079338,3.5270207,8.822337,2.2438695,3
161836188783519,9321579338,3.519543,8.832208,2.2660031,3
161836191283519,9324079338,3.5126636,8.819047,2.2941186,3
161836193783519,9326579338,3.5303106,8.811569,2.3255246,3
161836196283519,9329079338,3.545864,8.790333,2.3515465,3
161836198783519,9331579338,3.5668013,8.793025,2.3599212,3
161836201283519,9334079338,3.5844483,8.795118,2.3811576,3
161836203783519,9336579338,3.6080775,8.792128,2.3859432,3
161836206283519,9339079338,3.6080775,8.783752,2.393421,3
161836208783519,9341579338,3.6152558,8.7682,2.391028,3
161836211283519,9344079338,3.6167514,8.765806,2.4017956,3
161836213783519,9346579338,3.6278183,8.770593,2.3952155,3
161836216283519,9349079338,3.6107693,8.76461,2.3913271,3
161836218783519,9351579338,3.6074793,8.760123,2.3919253,3
161836221283519,9354079338,3.5871403,8.771191,2.4047868,3
161836223783519,9356579338,3.5871403,8.767003,2.4191437,3
161836226283519,9359079338,3.5871403,8.770891,2.4281168,3
161836228783519,9361579338,3.595216,8.76162,2.4430718,3
161836231283519,9364079338,3.5973098,8.771191,2.457429,3
161836233783519,9366579338,3.6320057,8.768798,2.4652054,3
161836236283519,9369079338,3.6323047,8.759227,2.4672992,3
161836238783519,9371579338,3.6379876,8.7469635,2.4478576,3
161836241283519,9374079338,3.6586258,8.753244,2.439782,3
161836243783519,9376579338,3.6628132,8.748757,2.417648,3
161836246283519,9379079338,3.6601214,8.734101,2.4131618,3
161836248783519,9381579338,3.6655052,8.728418,2.4065814,3
161836251283519,9384079338,3.667898,8.72812,2.3976083,3
161836253783519,9386579338,3.6586258,8.723633,2.3874388,3
161836256283519,9389079338,3.6687953,8.706584,2.39372,3
161836258783519,9391579338,3.6744783,8.706584,2.3754747,3
161836261283519,9394079338,3.682255,8.701798,2.3808584,3
161836263783519,9396579338,3.6753755,8.689535,2.3883362,3
161836266283519,9399079338,3.6780674,8.670991,2.3886352,3
161836268783519,9401579338,3.693621,8.675179,2.3928227,3
161836271283519,9404079338,3.7010984,8.653942,2.4065814,3
161836273783519,9406579338,3.708576,8.647362,2.414059,3
161836276283519,9409079338,3.7226338,8.645268,2.4185455,3
161836278783519,9411579338,3.7337005,8.632407,2.411367,3
161836281283519,9414079338,3.7486558,8.632108,2.4209383,3
161836283783519,9416579338,3.7600217,8.6348,2.4248266,3
161836286283519,9419079338,3.766602,8.632706,2.4266212,3
161836288783519,9421579338,3.7701912,8.626125,2.423032,3
161836291283519,9424079338,3.7686956,8.63151,2.4323041,3
161836293783519,9426579338,3.769892,8.636295,2.4487548,3
161836296283519,9429079338,3.7737803,8.635098,2.4251258,3
161836298783519,9431579338,3.7737803,8.623135,2.4481566,3
161836301283519,9434079338,3.7857444,8.636893,2.4595225,3
161836303783519,9436579338,3.7857444,8.625228,2.4607189,3
161836306283519,9439079338,3.7773697,8.639286,2.4394827,3
161836308783519,9441579338,3.76391,8.640483,2.420041,3
161836311283519,9444079338,3.7672002,8.635996,2.3958137,3
161836313783519,9446579338,3.7387853,8.656335,2.3715863,3
161836316283519,9449079338,3.7184465,8.632407,2.341377,3
161836318783519,9451579338,3.7127635,8.631808,2.35364,3
161836321283519,9454079338,3.708576,8.635398,2.3623142,3
161836323783519,9456579338,3.6948173,8.649456,2.365006,3
161836326283519,9459079338,3.6900315,8.658728,2.3769703,3
161836328783519,9461579338,3.6717863,8.665009,2.3811576,3
161836331283519,9464079338,3.6661034,8.665906,2.416751,3
161836333783519,9466579338,3.6598222,8.697013,2.431407,3
161836336283519,9469079338,3.6343985,8.69492,2.4323041,3
161836338783519,9471579338,3.6251264,8.694022,2.4337997,3
161836341283519,9474079338,3.6116667,8.706584,2.4269204,3
161836343783519,9476579338,3.6140594,8.709576,2.4251258,3
161836346283519,9479079338,3.618247,8.69821,2.42034,3
161836348783519,9481579338,3.6311083,8.680562,2.4005992,3
161836351283519,9484079338,3.6427734,8.688937,2.3946173,3
161836353783519,9486579338,3.6481571,8.691928,2.376372,3
161836356283519,9489079338,3.6604204,8.697312,2.3802602,3
161836358783519,9491579338,3.6693935,8.695218,2.37368,3
161836361283519,9494079338,3.6631124,8.679964,2.362015,3
161836363783519,9496579338,3.6708891,8.682656,2.329413,3
161836366283519,9499079338,3.673581,8.690134,2.3234308,3
161836368783519,9501579338,3.6777685,8.679366,2.3255246,3
161836371283519,9504079338,3.6777685,8.686844,2.3419752,3
161836373783519,9506579338,3.688237,8.700901,2.359024,3
161836376283519,9509079338,3.7049868,8.686844,2.3659034,3
161836378783519,9511579338,3.728616,8.678169,2.3670998,3
161836381283519,9514079338,3.735196,8.668598,2.3838496,3
161836383783519,9516579338,3.7627137,8.672786,2.382055,3
161836386283519,9519079338,3.7677984,8.677571,2.382354,3
161836388783519,9521579338,3.7971103,8.664411,2.3892334,3
161836391283519,9524079338,3.8267217,8.656335,2.3982065,3
161836393783519,9526579338,3.85394,8.648259,2.3844478,3
161836396283519,9529079338,3.8811584,8.630313,2.3862424,3
161836398783519,9531579338,3.905984,8.626425,2.3826532,3
161836401283519,9534079338,3.9323049,8.615956,2.3814569,3
161836403783519,9536579338,3.9550366,8.619545,2.3919253,3
161836406283519,9539079338,3.9649072,8.62134,2.4098716,3
161836408783519,9541579338,3.9855452,8.613862,2.4361925,3
161836411283519,9544079338,3.9894335,8.619844,2.452045,3
161836413783519,9546579338,3.9924245,8.625827,2.5049863,3
161836416283519,9549079338,4.0040894,8.634201,2.5328028,3
161836418783519,9551579338,3.9981074,8.640483,2.5531418,3
161836421283519,9554079338,3.9756749,8.655139,2.5749762,3
161836423783519,9556579338,3.9661036,8.65783,2.5839493,3
161836426283519,9559079338,3.953242,8.672786,2.5663023,3
161836428783519,9561579338,3.932006,8.6706915,2.5468607,3
161836431283519,9564079338,3.9044883,8.64796,2.5112674,3
161836433783519,9566579338,3.8775692,8.654242,2.4690938,3
161836436283519,9569079338,3.8431723,8.642876,2.4191437,3
161836438783519,9571579338,3.7962132,8.6348,2.3886352,3
161836441283519,9574079338,3.7432718,8.616854,2.3575284,3
161836443783519,9576579338,3.7178483,8.630313,2.3461626,3
161836446283519,9579079338,3.694518,8.627023,2.3078775,3
161836448783519,9581579338,3.6819558,8.620742,2.2713869,3
161836451283519,9584079338,3.653541,8.644072,2.242673,3
161836453783519,9586579338,3.6460636,8.653942,2.2331018,3
161836456283519,9589079338,3.6260235,8.664411,2.1945174,3
161836458783519,9591579338,3.5997026,8.666205,2.1502502,3
161836461283519,9594079338,3.5991044,8.679964,2.12363,3
161836463783519,9596579338,3.5985062,8.679067,2.1161525,3
161836466283519,9599079338,3.606582,8.685348,2.0844476,3
161836468783519,9601579338,3.6080775,8.682357,2.0778673,3
161836471283519,9604079338,3.6173496,8.682058,2.0862422,3
161836473783519,9606579338,3.6311083,8.696415,2.1011975,3
161836476283519,9609079338,3.6481571,8.693125,2.0844476,3
161836478783519,9611579338,3.676572,8.697013,2.0949163,3
161836481283519,9614079338,3.6894333,8.702098,2.0958135,3
161836483783519,9616579338,3.6984065,8.720044,2.07697,3
161836486283519,9619079338,3.7145581,8.726026,2.0676978,3
161836488783519,9621579338,3.731607,8.736196,2.0676978,3
161836491283519,9624079338,3.7474594,8.739784,2.0611176,3
161836493783519,9626579338,3.7663028,8.735298,2.0751755,3
161836496283519,9629079338,3.7905302,8.73799,2.117947,3
161836498783519,9631579338,3.7935212,8.725727,2.134697,3
161836501283519,9634079338,3.804588,8.72453,2.164009,3
161836503783519,9636579338,3.8198423,8.72483,2.2181466,3
161836506283519,9639079338,3.8410785,8.718549,2.2669003,3
161836508783519,9641579338,3.8608193,8.716156,2.315355,3
161836511283519,9644079338,3.8605201,8.720642,2.3273191,3
161836513783519,9646579338,3.868596,8.72124,2.3718855,3
161836516283519,9649079338,3.8778682,8.7418785,2.3754747,3
161836518783519,9651579338,3.8928235,8.756235,2.4003003,3
161836521283519,9654079338,3.9056847,8.758329,2.425724,3
161836523783519,9656579338,3.905984,8.752347,2.4275186,3
161836526283519,9659079338,3.8913279,8.759227,2.4601207,3
161836528783519,9661579338,3.9161534,8.753244,2.4484558,3
161836531283519,9664079338,3.906582,8.749655,2.4529424,3
161836533783519,9666579338,3.9020956,8.760423,2.4619155,3
161836536283519,9669079338,3.8991046,8.756235,2.454737,3
161836538783519,9671579338,3.8874395,8.745467,2.4508486,3
161836541283519,9674079338,3.8970108,8.753244,2.4355943,3
161836543783519,9676579338,3.8955152,8.757432,2.4337997,3
161836546283519,9679079338,3.8886359,8.762517,2.4224339,3
161836548783519,9681579338,3.8805602,8.755039,2.4003003,3
161836551283519,9684079338,3.8620157,8.763413,2.3799613,3
161836553783519,9686579338,3.8446677,8.770293,2.3581266,3
161836556283519,9689079338,3.822534,8.770891,2.3449662,3
161836558783519,9691579338,3.7908292,8.79482,2.3219352,3
161836561283519,9694079338,3.7570307,8.799306,2.318346,3
161836563783519,9696579338,3.7348971,8.793025,2.30369,3
161836566283519,9699079338,3.705585,8.789137,2.2965117,3
161836568783519,9701579338,3.685246,8.777472,2.3108685,3
161836571283519,9704079338,3.6553357,8.75803,2.3024936,3
161836573783519,9706579338,3.6427734,8.739186,2.2827528,3
161836576283519,9709079338,3.6146576,8.742178,2.2809582,3
161836578783519,9711579338,3.5967116,8.738289,2.2779672,3
161836581283519,9714079338,3.5880375,8.737391,2.2588246,3
161836583783519,9716579338,3.566502,8.732905,2.2489543,3
161836586283519,9719079338,3.5347972,8.736196,2.2408783,3
161836588783519,9721579338,3.504588,8.733803,2.2375882,3
161836591283519,9724079338,3.4773695,8.730513,2.2357936,3
161836593783519,9726579338,3.4528432,8.740383,2.2184458,3
161836596283519,9729079338,3.4474592,8.750552,2.2331018,3
161836598783519,9731579338,3.449553,8.728718,2.243271,3
161836601283519,9734079338,3.4540396,8.723932,2.2660031,3
161836603783519,9736579338,3.4522448,8.718549,2.2761726,3
161836606283519,9739079338,3.472883,8.72483,2.3222344,3
161836608783519,9741579338,3.4776685,8.716754,2.344368,3
161836611283519,9744079338,3.4887354,8.722437,2.362015,3
161836613783519,9746579338,3.5033915,8.716754,2.3668008,3
161836616283519,9749079338,3.5294135,8.720044,2.3814569,3
161836618783519,9751579338,3.5353954,8.711071,2.3919253,3
161836621283519,9754079338,3.5521452,8.702098,2.4107687,3
161836623783519,9756579338,3.5727832,8.69462,2.4149563,3
161836626283519,9759079338,3.5964124,8.706584,2.4481566,3
161836628783519,9761579338,3.6275191,8.712267,2.449054,3
161836631283519,9764079338,3.6493537,8.718249,2.4601207,3
161836633783519,9766579338,3.67388,8.726325,2.4652054,3
161836636283519,9769079338,3.687938,8.72124,2.4798615,3
161836638783519,9771579338,3.6987057,8.72483,2.4933212,3
161836641283519,9774079338,3.6876388,8.714959,2.4861426,3
161836643783519,9776579338,3.6897326,8.730513,2.481357,3
161836646283519,9779079338,3.694518,8.723334,2.4882364,3
161836648783519,9781579338,3.6915271,8.707481,2.4849463,3
161836651283519,9784079338,3.694219,8.6910305,2.4990041,3
161836653783519,9786579338,3.702893,8.687142,2.487339,3
161836656283519,9789079338,3.71396,8.677871,2.475076,3
161836658783519,9791579338,3.7100716,8.679366,2.472384,3
161836661283519,9794079338,3.7271204,8.673085,2.4717858,3
161836663783519,9796579338,3.7214375,8.668898,2.4711876,3
161836666283519,9799079338,3.7274194,8.662018,2.4681966,3
161836668783519,9801579338,3.725924,8.650353,2.4708884,3
161836671283519,9804079338,3.7193437,8.633603,2.4595225,3
161836673783519,9806579338,3.714259,8.638389,2.4888346,3
161836676283519,9809079338,3.7208393,8.622835,2.4861426,3
161836678783519,9811579338,3.731906,8.621938,2.4861426,3
161836681283519,9814079338,3.737888,8.620442,2.4735804,3
161836683783519,9816579338,3.7525442,8.617152,2.4670002,3
161836686283519,9819079338,3.7674992,8.609675,2.4634109,3
161836688783519,9821579338,3.7881374,8.61805,2.4699912,3
161836691283519,9824079338,3.78724,8.598907,2.46371,3
161836693783519,9826579338,3.798307,8.617452,2.4634109,3
161836696283519,9829079338,3.8006997,8.632108,2.4523442,3
161836698783519,9831579338,3.7896328,8.647362,2.4308088,3
161836701283519,9834079338,3.7911284,8.668598,2.408376,3
161836703783519,9836579338,3.7710886,8.677571,2.3814569,3
161836706283519,9839079338,3.7737803,8.703593,2.3745773,3
161836708783519,9841579338,3.7743785,8.7266245,2.3374887,3
161836711283519,9844079338,3.7707894,8.72453,2.3060827,3
161836713783519,9846579338,3.7555351,8.7215395,2.2845473,3
161836716283519,9849079338,3.7498522,8.723633,2.2695923,3
161836718783519,9851579338,3.7558343,8.726026,2.268396,3
161836721283519,9854079338,3.7501514,8.742178,2.2381866,3
161836723783519,9856579338,3.734299,8.719446,2.2372892,3
161836726283519,9859079338,3.7354953,8.707781,2.2468605,3
161836728783519,9861579338,3.7334015,8.694022,2.2483559,3
161836731283519,9864079338,3.7334015,8.691928,2.239383,3
161836733783519,9866579338,3.7387853,8.676374,2.2217357,3
161836736283519,9869079338,3.7339997,8.683852,2.2124636,3
161836738783519,9871579338,3.7277186,8.688638,2.2046869,3
161836741283519,9874079338,3.7127635,8.705986,2.2046869,3
161836743783519,9876579338,3.6978083,8.706883,2.2010977,3
161836746283519,9879079338,3.6873398,8.712566,2.204388,3
161836748783519,9881579338,3.6690943,8.725129,2.2118654,3
161836751283519,9884079338,3.6457644,8.720642,2.216651,3
161836753783519,9886579338,3.6209388,8.72812,2.2378874,3
161836756283519,9889079338,3.6014972,8.72812,2.2609184,3
161836758783519,9891579338,3.5988052,8.731709,2.2770698,3
161836761283519,9894079338,3.5877385,8.740084,2.3051856,3
161836763783519,9896579338,3.5838501,8.737093,2.333002,3
161836766283519,9899079338,3.5739796,8.738888,2.350649,3
161836768783519,9901579338,3.574877,8.73799,2.3814569,3
161836771283519,9904079338,3.5808592,8.742178,2.3994029,3
161836773783519,9906579338,3.5871403,8.736196,2.4185455,3
161836776283519,9909079338,3.583252,8.729615,2.43709,3
161836778783519,9911579338,3.6077783,8.729316,2.440679,3
161836781283519,9914079338,3.6260235,8.743673,2.457728,3
161836783783519,9916579338,3.6586258,8.741579,2.4427729,3
161836786283519,9919079338,3.6661034,8.730513,2.434398,3
161836788783519,9921579338,3.6652062,8.740981,2.4029922,3
161836791283519,9924079338,3.6885362,8.736495,2.385046,3
161836793783519,9926579338,3.7040894,8.746066,2.3778675,3
161836796283519,9929079338,3.7211382,8.752945,2.364707,3
161836798783519,9931579338,3.7393837,8.769695,2.349752,3
161836801283519,9934079338,3.7606199,8.775677,2.3479571,3
161836803783519,9936579338,3.7573297,8.787342,2.361716,3
161836806283519,9939079338,3.7683966,8.782856,2.355435,3
161836808783519,9941579338,3.7977087,8.7984085,2.3539393,3
161836811283519,9944079338,3.8123646,8.807981,2.3410778,3
161836813783519,9946579338,3.8327036,8.812766,2.3144577,3
161836816283519,9949079338,3.8467615,8.814561,2.3042881,3
161836818783519,9951579338,3.8527436,8.819047,2.2812574,3
161836821283519,9954079338,3.868596,8.819047,2.2645075,3
161836823783519,9956579338,3.8724844,8.812467,2.2408783,3
161836826283519,9959079338,3.8647077,8.799605,2.2142582,3
161836828783519,9961579338,3.8614175,8.789137,2.1996021,3
161836831283519,9964079338,3.8521454,8.778967,2.184647,3
161836833783519,9966579338,3.8527436,8.778369,2.196013,3
161836836283519,9969079338,3.8620157,8.771789,2.161317,3
161836838783519,9971579338,3.8581274,8.775079,2.1601207,3
161836841283519,9974079338,3.866203,8.766704,2.1556342,3
161836843783519,9976579338,3.8754754,8.76491,2.1460629,3
161836846283519,9979079338,3.8727834,8.751151,2.1397817,3
161836848783519,9981579338,3.8718863,8.743374,2.1511476,3
161836851283519,9984079338,3.8578284,8.72812,2.149652,3
161836853783519,9986579338,3.8641095,8.715857,2.167299,3
161836856283519,9989079338,3.8691943,8.705986,2.178366,3
161836858783519,9991579338,3.856632,8.682058,2.1945174,3
161836861283519,9994079338,3.856632,8.673982,2.2055843,3
161836863783519,9996579338,3.863212,8.673085,2.2277179,3
161836866283519,9999079338,3.8671005,8.675179,2.2375882,3
161836868783519,10001579338,3.8644085,8.672486,2.2639093,3
161836871283519,10004079338,3.8572302,8.665308,2.2926233,3
161836873783519,10006579338,3.8434713,8.6599245,2.3129623,3
161836876283519,10009079338,3.821936,8.655139,2.3344977,3
161836878783519,10011579338,3.798307,8.659625,2.3455644,3
161836881283519,10014079338,3.786941,8.650951,2.3659034,3
161836883783519,10016579338,3.7573297,8.637193,2.3862424,3
161836886283519,10019079338,3.73729,8.649755,2.426023,3
161836888783519,10021579338,3.7268212,8.645866,2.446362,3
161836891283519,10024079338,3.7160535,8.633005,2.4879375,3
161836893783519,10026579338,3.7079778,8.63809,2.5181468,3
161836896283519,10029079338,3.6960137,8.633603,2.542075,3
161836898783519,10031579338,3.7037904,8.645567,2.5728827,3
161836901283519,10034079338,3.711567,8.616854,2.5995028,3
161836903783519,10036579338,3.71396,8.602796,2.6075785,3
161836906283519,10039079338,3.7193437,8.602198,2.6315067,3
161836908783519,10041579338,3.7304106,8.595617,2.6374888,3
161836911283519,10044079338,3.7444685,8.589037,2.6228328,3
161836913783519,10046579338,3.7591243,8.58455,2.6362925,3
161836916283519,10049079338,3.7594235,8.589336,2.6282165,3
161836918783519,10051579338,3.775575,8.587242,2.623431,3
161836921283519,10054079338,3.772285,8.587242,2.6018956,3
161836923783519,10056579338,3.7824545,8.596515,2.5704896,3
161836926283519,10059079338,3.78724,8.621938,2.5351956,3
161836928783519,10061579338,3.7743785,8.6294155,2.487339,3
161836931283519,10064079338,3.7561333,8.645268,2.437688,3
161836933783519,10066579338,3.739982,8.640183,2.382055,3
161836936283519,10069079338,3.7298124,8.650353,2.3467607,3
161836938783519,10071579338,3.716951,8.65125,2.3141587,3
161836941283519,10074079338,3.711567,8.649456,2.3021946,3
161836943783519,10076579338,3.7208393,8.65813,2.295315,3
161836946283519,10079079338,3.7241294,8.665308,2.3054845,3
161836948783519,10081579338,3.7354953,8.6706915,2.3431716,3
161836951283519,10084079338,3.7513478,8.678469,2.3407788,3
161836953783519,10086579338,3.7716868,8.699705,2.3258235,3
161836956283519,10089079338,3.7710886,8.7266245,2.312065,3
161836958783519,10091579338,3.7746778,8.752048,2.312364,3
161836961283519,10094079338,3.7866418,8.742178,2.3216362,3
161836963783519,10096579338,3.7884364,8.748757,2.3216362,3
161836966283519,10099079338,3.8009987,8.749655,2.3273191,3
161836968783519,10101579338,3.8069808,8.743673,2.3054845,3
161836971283519,10104079338,3.802195,8.719745,2.309373,3
161836973783519,10106579338,3.818646,8.700901,2.312065,3
161836976283519,10109079338,3.8297126,8.679964,2.3054845,3
161836978783519,10111579338,3.8231323,8.663513,2.3168504,3
161836981283519,10114079338,3.8168511,8.653942,2.3264217,3
161836983783519,10116579338,3.8099718,8.659326,2.3288147,3
161836986283519,10119079338,3.807878,8.650652,2.347359,3
161836988783519,10121579338,3.7857444,8.660522,2.3700907,3
161836991283519,10124079338,3.7683966,8.67129,2.3688943,3
161836993783519,10126579338,3.7558343,8.669496,2.3808584,3
161836996283519,10129079338,3.7414773,8.685946,2.3886352,3
161836998783519,10131579338,3.7133617,8.676973,2.3668008,3
161837001283519,10134079338,3.700201,8.69821,2.359024,3
161837003783519,10136579338,3.6780674,8.700004,2.3542383,3
161837006283519,10139079338,3.6586258,8.695817,2.332404,3
161837008783519,10141579338,3.63051,8.686245,2.3111675,3
161837011283519,10144079338,3.6287155,8.690732,2.2956142,3
161837013783519,10146579338,3.6137605,8.701798,2.3048863,3
161837016283519,10149079338,3.6059837,8.702396,2.2680967,3
161837018783519,10151579338,3.60389,8.718549,2.259722,3
161837021283519,10154079338,3.595216,8.726325,2.2360928,3
161837023783519,10156579338,3.5847473,8.730812,2.2274187,3
161837026283519,10159079338,3.5865421,8.739186,2.2208385,3
161837028783519,10161579338,3.598207,8.735896,2.2055843,3
161837031283519,10164079338,3.592524,8.753842,2.178366,3
161837033783519,10166579338,3.6023946,8.742776,2.1807587,3
161837036283519,10169079338,3.6179478,8.734401,2.1861427,3
161837038783519,10171579338,3.6200416,8.73799,2.1834507,3
161837041283519,10174079338,3.63051,8.734101,2.1801605,3
161837043783519,10176579338,3.6346977,8.720343,2.2091734,3
161837046283519,10179079338,3.6397824,8.720942,2.2378874,3
161837048783519,10181579338,3.6451662,8.728418,2.2441685,3
161837051283519,10184079338,3.6544385,8.726026,2.259722,3
161837053783519,10186579338,3.6831522,8.709576,2.2785654,3
161837056283519,10189079338,3.700201,8.698808,2.2899313,3
161837058783519,10191579338,3.7223346,8.697013,2.2974088,3
161837061283519,10194079338,3.7414773,8.7015,2.3045874,3
161837063783519,10196579338,3.761218,8.694022,2.3021946,3
161837066283519,10199079338,3.7878382,8.681759,2.33031,3
161837068783519,10201579338,3.8126638,8.668898,2.3587248,3
161837071283519,10204079338,3.818646,8.665906,2.3892334,3
161837073783519,10206579338,3.8261235,8.672486,2.4035904,3
161837076283519,10209079338,3.8437705,8.663513,2.4038894,3
161837078783519,10211579338,3.8383865,8.66112,2.4580271,3
161837081283519,10214079338,3.8506498,8.653344,2.4675984,3
161837083783519,10216579338,3.8691943,8.662915,2.4993033,3
161837086283519,10219079338,3.880261,8.6599245,2.5031915,3
161837088783519,10221579338,3.8844485,8.663215,2.4999015,3
161837091283519,10224079338,3.8808591,8.680562,2.5220351,3
161837093783519,10226579338,3.894618,8.680562,2.5208387,3
161837096283519,10229079338,3.8760736,8.669496,2.5259235,3
161837098783519,10231579338,3.8656049,8.684451,2.528017,3
161837101283519,10234079338,3.8470607,8.689835,2.5022943,3
161837103783519,10236579338,3.8201413,8.700004,2.4849463,3
161837106283519,10239079338,3.792923,8.708977,2.4681966,3
161837108783519,10241579338,3.7713876,8.714959,2.43709,3
161837111283519,10244079338,3.7450666,8.713762,2.4104698,3
161837113783519,10246579338,3.7244284,8.728418,2.376372,3
161837116283519,10249079338,3.6963127,8.732008,2.350649,3
161837118783519,10251579338,3.6807594,8.736495,2.3246272,3
161837121283519,10254079338,3.6750765,8.742178,2.2854447,3
161837123783519,10256579338,3.647559,8.741281,2.2405794,3
161837126283519,10259079338,3.6487553,8.742178,2.2088745,3
161837128783519,10261579338,3.6484563,8.742178,2.1900308,3
161837131283519,10264079338,3.6379876,8.735896,2.1574287,3
161837133783519,10266579338,3.6287155,8.726026,2.1400807,3
161837136283519,10269079338,3.6059837,8.715857,2.1131616,3
161837138783519,10271579338,3.606582,8.722137,2.1065812,3
161837141283519,10274079338,3.6188452,8.715557,2.0862422,3
161837143783519,10276579338,3.6349967,8.713762,2.0898316,3
161837146283519,10279079338,3.633202,8.705986,2.0662024,3
161837148783519,10281579338,3.6574295,8.710174,2.1110678,3
161837151283519,10284079338,3.682255,8.700303,2.134697,3
161837153783519,10286579338,3.7034912,8.6910305,2.175674,3
161837156283519,10289079338,3.752245,8.675179,2.2025933,3
161837158783519,10291579338,3.801896,8.648857,2.2576282,3
161837161283519,10294079338,3.8327036,8.659027,2.303391,3
161837163783519,10296579338,3.8554354,8.632706,2.3446672,3
161837166283519,10299079338,3.8784664,8.622537,2.3685954,3
161837168783519,10301579338,3.897609,8.6090765,2.3928227,3
161837171283519,10304079338,3.9170506,8.6013,2.4098716,3
161837173783519,10306579338,3.9200418,8.589037,2.4191437,3
161837176283519,10309079338,3.9173498,8.594122,2.4580271,3
161837178783519,10311579338,3.9143589,8.59143,2.4412773,3
161837181283519,10314079338,3.906582,8.5938225,2.4526432,3
161837183783519,10316579338,3.8961134,8.600403,2.4631119,3
161837186283519,10319079338,3.8934216,8.611171,2.4771698,3
161837188783519,10321579338,3.8973098,8.626125,2.4882364,3
161837191283519,10324079338,3.8760736,8.645268,2.4894328,3
161837193783519,10326579338,3.8847475,8.65454,2.5106692,3
161837196283519,10329079338,3.866203,8.665009,2.5121646,3
161837198783519,10331579338,3.859623,8.681459,2.5232315,3
161837201283519,10334079338,3.8500516,8.682357,2.5163522,3
161837203783519,10336579338,3.8506498,8.69791,2.4999015,3
161837206283519,10339079338,3.8527436,8.716754,2.498107,3
161837208783519,10341579338,3.8383865,8.732905,2.4795625,3
161837211283519,10344079338,3.8368912,8.740383,2.4960132,3
161837213783519,10346579338,3.8231323,8.747561,2.4729822,3
161837216283519,10349079338,3.8141594,8.767003,2.449353,3
161837218783519,10351579338,3.8120656,8.792128,2.428715,3
161837221283519,10354079338,3.7980077,8.79482,2.3946173,3
161837223783519,10356579338,3.7998023,8.810373,2.3751755,3
161837226283519,10359079338,3.7977087,8.805588,2.3452654,3
161837228783519,10361579338,3.766602,8.819346,2.3632114,3
161837231283519,10364079338,3.7564325,8.825927,2.341377,3
161837233783519,10366579338,3.7325041,8.820244,2.3084757,3
161837236283519,10369079338,3.7127635,8.817252,2.2848465,3
161837238783519,10371579338,3.6927235,8.816654,2.2809582,3
161837241283519,10374079338,3.656532,8.809476,2.2307088,3
161837243783519,10376579338,3.618247,8.813962,2.2025933,3
161837246283519,10379079338,3.586243,8.800503,2.1708884,3
161837248783519,10381579338,3.55723,8.793324,2.1475582,3
161837251283519,10384079338,3.5350964,8.780164,2.1281166,3
161837253783519,10386579338,3.519244,8.785847,2.1245275,3
161837256283519,10389079338,3.5111682,8.774779,2.1343977,3
161837258783519,10391579338,3.493222,8.773284,2.1370897,3
161837261283519,10394079338,3.4863427,8.7679,2.1655045,3
161837263783519,10396579338,3.4872398,8.751151,2.181955,3
161837266283519,10399079338,3.5006995,8.743673,2.1942184,3
161837268783519,10401579338,3.501597,8.734999,2.2046869,3
161837271283519,10404079338,3.5210385,8.7164545,2.2151556,3
161837273783519,10406579338,3.5344982,8.720942,2.2214367,3
161837276283519,10409079338,3.548855,8.699705,2.2561326,3
161837278783519,10411579338,3.5557344,8.686844,2.2791636,3
161837281283519,10414079338,3.5781672,8.676076,2.3048863,3
161837283783519,10416579338,3.6080775,8.665906,2.356033,3
161837286283519,10419079338,3.6170506,8.662317,2.3874388,3
161837288783519,10421579338,3.6338003,8.659027,2.3979075,3
161837291283519,10424079338,3.6290147,8.662317,2.4308088,3
161837293783519,10426579338,3.641577,8.672188,2.4505496,3
161837296283519,10429079338,3.644269,8.659326,2.4690938,3
161837298783519,10431579338,3.6412778,8.668,2.4825535,3
161837301283519,10434079338,3.6505501,8.666205,2.4960132,3
161837303783519,10436579338,3.6786656,8.673384,2.5007987,3
161837306283519,10439079338,3.6903307,8.665906,2.5106692,3
161837308783519,10441579338,3.7163527,8.683554,2.4879375,3
161837311283519,10444079338,3.7253258,8.699705,2.5022943,3
161837313783519,10446579338,3.7474594,8.69133,2.4906292,3
161837316283519,10449079338,3.7573297,8.69492,2.4765713,3
161837318783519,10451579338,3.7674992,8.693723,2.4774687,3
161837321283519,10454079338,3.7513478,8.690134,2.5040889,3
161837323783519,10456579338,3.7423747,8.706285,2.4885356,3
161837326283519,10459079338,3.73729,8.705388,2.4819553,3
161837328783519,10461579338,3.7280176,8.708977,2.4858437,3
161837331283519,10464079338,3.711268,8.714062,2.4876382,3
161837333783519,10466579338,3.7019958,8.711968,2.4678974,3
161837336283519,10469079338,3.6957145,8.723334,2.4625137,3
161837338783519,10471579338,3.685246,8.730513,2.4415765,3
161837341283519,10474079338,3.6843486,8.73799,2.4538395,3
161837343783519,10476579338,3.6849468,8.748459,2.455036,3
161837346283519,10479079338,3.6664026,8.747861,2.4421747,3
161837348783519,10481579338,3.662215,8.753842,2.4236302,3
161837351283519,10484079338,3.6613178,8.752048,2.4068804,3
161837353783519,10486579338,3.6568313,8.754142,2.4074786,3
161837356283519,10489079338,3.6511483,8.770593,2.3859432,3
161837358783519,10491579338,3.6430724,8.76461,2.35364,3
161837361283519,10494079338,3.6355948,8.769994,2.3452654,3
161837363783519,10496579338,3.6314075,8.775976,2.3395824,3
161837366283519,10499079338,3.6218362,8.779266,2.3252254,3
161837368783519,10501579338,3.6164522,8.776574,2.3315065,3
161837371283519,10504079338,3.60389,8.778369,2.3362923,3
161837373783519,10506579338,3.6077783,8.793324,2.3476582,3
161837376283519,10509079338,3.5994034,8.783752,2.3883362,3
161837378783519,10511579338,3.5877385,8.787642,2.3982065,3
161837381283519,10514079338,3.5919259,8.803793,2.4071796,3
161837383783519,10516579338,3.606582,8.817552,2.4478576,3
161837386283519,10519079338,3.5976088,8.810074,2.4514468,3
161837388783519,10521579338,3.6107693,8.815757,2.466701,3
161837391283519,10524079338,3.6400814,8.804391,2.4568307,3
161837393783519,10526579338,3.6693935,8.792427,2.4631119,3
161837396283519,10529079338,3.6963127,8.777472,2.4649065,3
161837398783519,10531579338,3.7250266,8.768798,2.4792633,3
161837401283519,10534079338,3.7429729,8.750552,2.4616163,3
161837403783519,10536579338,3.7594235,8.730513,2.4631119,3
161837406283519,10539079338,3.7567315,8.721839,2.466402,3
161837408783519,10541579338,3.757629,8.69821,2.4424736,3
161837411283519,10544079338,3.7719858,8.680861,2.428715,3
161837413783519,10546579338,3.7692938,8.667701,2.4179473,3
161837416283519,10549079338,3.7728832,8.656634,2.4077778,3
161837418783519,10551579338,3.7740796,8.649456,2.4209383,3
161837421283519,10554079338,3.8004005,8.63809,2.379662,3
161837423783519,10556579338,3.8093736,8.625228,2.3841486,3
161837426283519,10559079338,3.8386858,8.628818,2.3682961,3
161837428783519,10561579338,3.854239,8.626724,2.3461626,3
161837431283519,10564079338,3.8593237,8.620144,2.3234308,3
161837433783519,10566579338,3.859922,8.621639,2.2884357,3
161837436283519,10569079338,3.8264225,8.620442,2.2594228,3
161837438783519,10571579338,3.80399,8.637193,2.2265215,3
161837441283519,10574079338,3.7806597,8.645567,2.1834507,3
161837443783519,10576579338,3.7680974,8.643773,2.164308,3
161837446283519,10579079338,3.757629,8.647063,2.1562324,3
161837448783519,10581579338,3.737589,8.66112,2.1337996,3
161837451283519,10584079338,3.7331023,8.679366,2.1167507,3
161837453783519,10586579338,3.7277186,8.679067,2.140679,3
161837456283519,10589079338,3.743571,8.694022,2.155036,3
161837458783519,10591579338,3.7444685,8.695817,2.181955,3
161837461283519,10594079338,3.7546377,8.692527,2.1975086,3
161837463783519,10596579338,3.746263,8.69133,2.2265215,3
161837466283519,10599079338,3.734598,8.708079,2.2399812,3
161837468783519,10601579338,3.7283168,8.713762,2.2621148,3
161837471283519,10604079338,3.716951,8.726923,2.2902303,3
161837473783519,10606579338,3.7046876,8.723932,2.3135605,3
161837476283519,10609079338,3.7064822,8.734999,2.33031,3
161837478783519,10611579338,3.7124643,8.741579,2.3485553,3
161837481283519,10614079338,3.7097723,8.744271,2.3524437,3
161837483783519,10616579338,3.702594,8.749356,2.3662026,3
161837486283519,10619079338,3.6930227,8.748459,2.3874388,3
161837488783519,10621579338,3.6978083,8.738289,2.4275186,3
161837491283519,10624079338,3.7005002,8.740682,2.451746,3
161837493783519,10626579338,3.6981075,8.737093,2.4774687,3
161837496283519,10629079338,3.6915271,8.734101,2.4963121,3
161837498783519,10631579338,3.6840496,8.720343,2.5097718,3
161837501283519,10634079338,3.7019958,8.718549,2.5205395,3
161837503783519,10636579338,3.7100716,8.702995,2.5438695,3
161837506283519,10639079338,3.725924,8.719446,2.5531418,3
161837508783519,10641579338,3.73729,8.712866,2.5549364,3
161837511283519,10644079338,3.7648072,8.7015,2.536392,3
161837513783519,10646579338,3.7812579,8.697013,2.5004997,3
161837516283519,10649079338,3.7923248,8.708079,2.4852455,3
161837518783519,10651579338,3.798307,8.709874,2.4391835,3
161837521283519,10654079338,3.8042889,8.717352,2.437389,3
161837523783519,10656579338,3.8033917,8.712866,2.4134607,3
161837526283519,10659079338,3.8024943,8.712566,2.390729,3
161837528783519,10661579338,3.8084764,8.703593,2.3862424,3
161837531283519,10664079338,3.7977087,8.705687,2.3781667,3
161837533783519,10666579338,3.7857444,8.687442,2.365006,3
161837536283519,10669079338,3.780959,8.685647,2.3694925,3
161837538783519,10671579338,3.7794633,8.694321,2.3748765,3
161837541283519,10674079338,3.7806597,8.681161,2.3455644,3
161837543783519,10676579338,3.7887356,8.670094,2.3392832,3
161837546283519,10679079338,3.7962132,8.668598,2.32702,3
161837548783519,10681579338,3.8090746,8.659625,2.3216362,3
161837551283519,10684079338,3.8210387,8.641978,2.2932215,3
161837553783519,10686579338,3.8126638,8.63809,2.295315,3
161837556283519,10689079338,3.8135612,8.617751,2.2983062,3
161837558783519,10691579338,3.8042889,8.607282,2.3024936,3
161837561283519,10694079338,3.8009987,8.623434,2.3362923,3
161837563783519,10696579338,3.8024943,8.642277,2.3790638,3
161837566283519,10699079338,3.8240297,8.646764,2.3790638,3
161837568783519,10701579338,3.815954,8.653942,2.350051,3
161837571283519,10704079338,3.8255253,8.656933,2.3171496,3
161837573783519,10706579338,3.824329,8.660223,2.2549362,3
161837576283519,10709079338,3.8327036,8.647362,2.2115662,3
161837578783519,10711579338,3.818646,8.625228,2.164308,3
161837581283519,10714079338,3.8120656,8.624929,2.1520448,3
161837583783519,10716579338,3.78724,8.629715,2.14367,3
161837586283519,10719079338,3.777968,8.626425,2.1646073,3
161837588783519,10721579338,3.7758741,8.6348,2.1969104,3
161837591283519,10724079338,3.7630126,8.643174,2.2304099,3
161837593783519,10726579338,3.766901,8.65454,2.2752752,3
161837596283519,10729079338,3.7630126,8.677272,2.3105693,3
161837598783519,10731579338,3.764209,8.692227,2.3168504,3
161837601283519,10734079338,3.7414773,8.698508,2.3165514,3
161837603783519,10736579338,3.7498522,8.690134,2.3273191,3
161837606283519,10739079338,3.758227,8.685946,2.3222344,3
161837608783519,10741579338,3.7677984,8.690732,2.3027928,3
161837611283519,10744079338,3.7974095,8.673085,2.300998,3
161837613783519,10746579338,3.8228333,8.679366,2.2824538,3
161837616283519,10749079338,3.8587255,8.653045,2.2884357,3
161837618783519,10751579338,3.8994036,8.64138,2.318047,3
161837621283519,10754079338,3.914957,8.650951,2.3273191,3
161837623783519,10756579338,3.9340994,8.664411,2.338685,3
161837626283519,10759079338,3.9454653,8.662915,2.3476582,3
161837628783519,10761579338,3.9358943,8.667701,2.364707,3
161837631283519,10764079338,3.9269211,8.677871,2.3697917,3
161837633783519,10766579338,3.9146578,8.695218,2.3751755,3
161837636283519,10769079338,3.8901315,8.715259,2.373381,3
161837638783519,10771579338,3.856931,8.72782,2.3751755,3
161837641283519,10774079338,3.8321054,8.746365,2.3787649,3
161837643783519,10776579338,3.8054852,8.756235,2.3868406,3
161837646283519,10779079338,3.784548,8.765806,2.4131618,3
161837648783519,10781579338,3.7591243,8.780164,2.3958137,3
161837651283519,10784079338,3.7238302,8.774779,2.394318,3
161837653783519,10786579338,3.6897326,8.779266,2.3886352,3
161837656283519,10789079338,3.661916,8.774181,2.379662,3
161837658783519,10791579338,3.6323047,8.768798,2.3569303,3
161837661283519,10794079338,3.6026936,8.758628,2.3422742,3
161837663783519,10796579338,3.5991044,8.752048,2.3410778,3
161837666283519,10799079338,3.5763726,8.749954,2.3626132,3
161837668783519,10801579338,3.5697923,8.755039,2.3476582,3
161837671283519,10804079338,3.5715868,8.757133,2.3727827,3
161837673783519,10806579338,3.5811582,8.752048,2.3715863,3
161837676283519,10809079338,3.586841,8.752048,2.361716,3
161837678783519,10811579338,3.6116667,8.734101,2.3623142,3
161837681283519,10814079338,3.6188452,8.706883,2.367698,3
161837683783519,10816579338,3.6308093,8.683254,2.3458636,3
161837686283519,10819079338,3.6490545,8.672188,2.3327029,3
161837688783519,10821579338,3.6478581,8.65813,2.329413,3
161837691283519,10824079338,3.6463625,8.637193,2.3084757,3
161837693783519,10826579338,3.6553357,8.62792,2.2917259,3
161837696283519,10829079338,3.6637106,8.615657,2.2621148,3
161837698783519,10831579338,3.6574295,8.620442,2.271088,3
161837701283519,10834079338,3.6690943,8.612068,2.245963,3
161837703783519,10836579338,3.6888351,8.603095,2.2429721,3
161837706283519,10839079338,3.6984065,8.622237,2.248655,3
161837708783519,10841579338,3.705884,8.621938,2.2660031,3
161837711283519,10844079338,3.7357943,8.606983,2.2734807,3
161837713783519,10846579338,3.769593,8.599805,2.2743778,3
161837716283519,10849079338,3.78724,8.582157,2.306681,3
161837718783519,10851579338,3.8359938,8.572288,2.3231318,3
161837721283519,10854079338,3.8602211,8.563912,2.3341985,3
161837723783519,10856579338,3.8994036,8.543872,2.3485553,3
161837726283519,10859079338,3.9191444,8.530712,2.359024,3
161837728783519,10861579338,3.9511483,8.510373,2.3841486,3
161837731283519,10864079338,3.9759738,8.517851,2.4023938,3
161837733783519,10866579338,4.000201,8.516056,2.400001,3
161837736283519,10869079338,4.0130625,8.503493,2.4188447,3
161837738783519,10871579338,4.008576,8.498408,2.4409783,3
161837741283519,10874079338,4.0040894,8.49482,2.44367,3
161837743783519,10876579338,3.9945183,8.489137,2.4616163,3
161837746283519,10879079338,3.9942193,8.496614,2.495415,3
161837748783519,10881579338,4.0244284,8.529515,2.513062,3
161837751283519,10884079338,4.042674,8.538488,2.5193431,3
161837753783519,10886579338,4.0567317,8.551949,2.5220351,3
161837756283519,10889079338,4.0827537,8.550452,2.5049863,3
161837758783519,10891579338,4.0776687,8.556435,2.5004997,3
161837761283519,10894079338,4.048656,8.589635,2.484348,3
161837763783519,10896579338,4.022335,8.609376,2.4649065,3
161837766283519,10899079338,4.014259,8.641081,2.4385853,3
161837768783519,10901579338,3.9942193,8.652447,2.3979075,3
161837771283519,10904079338,3.9852462,8.662317,2.3665016,3
161837773783519,10906579338,3.9619162,8.669795,2.3724837,3
161837776283519,10909079338,3.9311085,8.673085,2.3635106,3
161837778783519,10911579338,3.9035912,8.687741,2.341676,3
161837781283519,10914079338,3.8805602,8.6910305,2.349752,3
161837783783519,10916579338,3.8629131,8.697611,2.3668008,3
161837786283519,10919079338,3.8515472,8.69791,2.3799613,3
161837788783519,10921579338,3.833601,8.696415,2.3904297,3
161837791283519,10924079338,3.8204405,8.713464,2.4041886,3
161837793783519,10926579338,3.8144584,8.720942,2.417648,3
161837796283519,10929079338,3.8024943,8.723035,2.4197419,3
161837798783519,10931579338,3.7890346,8.735896,2.4062822,3
161837801283519,10934079338,3.775575,8.742476,2.3916261,3
161837803783519,10936579338,3.7552361,8.73799,2.3641088,3
161837806283519,10939079338,3.7256248,8.740981,2.3252254,3
161837808783519,10941579338,3.7076788,8.735896,2.3147569,3
161837811283519,10944079338,3.685545,8.714361,2.2779672,3
161837813783519,10946579338,3.6604204,8.698808,2.2633111,3
161837816283519,10949079338,3.6397824,8.700303,2.248057,3
161837818783519,10951579338,3.6149569,8.711669,2.2390838,3
161837821283519,10954079338,3.6047873,8.720642,2.2537398,3
161837823783519,10956579338,3.5937204,8.714361,2.2582264,3
161837826283519,10959079338,3.5751762,8.725727,2.2477577,3
161837828783519,10961579338,3.5745778,8.722137,2.2612174,3
161837831283519,10964079338,3.5742788,8.720044,2.2686949,3
161837833783519,10966579338,3.583551,8.730513,2.292025,3
161837836283519,10969079338,3.6000016,8.726923,2.2815564,3
161837838783519,10971579338,3.618247,8.729017,2.2782662,3
161837841283519,10974079338,3.6206398,8.734999,2.2764716,3
161837843783519,10976579338,3.638586,8.723035,2.283351,3
161837846283519,10979079338,3.652943,8.716754,2.3045874,3
161837848783519,10981579338,3.6637106,8.70479,2.3141587,3
161837851283519,10984079338,3.6744783,8.693424,2.3458636,3
161837853783519,10986579338,3.6846478,8.687142,2.3778675,3
161837856283519,10989079338,3.6978083,8.680861,2.3925235,3
161837858783519,10991579338,3.7046876,8.663513,2.408376,3
161837861283519,10994079338,3.7181473,8.66142,2.4475584,3
161837863783519,10996579338,3.7283168,8.652447,2.4759731,3
161837866283519,10999079338,3.7354953,8.652746,2.5022943,3
161837868783519,11001579338,3.7501514,8.648559,2.5151558,3
161837871283519,11004079338,3.7591243,8.654242,2.533401,3
161837873783519,11006579338,3.7573297,8.651849,2.5169504,3
161837876283519,11009079338,3.749254,8.646464,2.5719852,3
161837878783519,11011579338,3.7154553,8.64138,2.5791638,3
161837881283519,11014079338,3.7064822,8.630911,2.5669005,3
161837883783519,11016579338,3.7211382,8.611469,2.5779674,3
161837886283519,11019079338,3.7426736,8.606086,2.5767708,3
161837888783519,11021579338,3.7516468,8.603992,2.600101,3
161837891283519,11024079338,3.7764723,8.599505,2.6042883,3
161837893783519,11026579338,3.7887356,8.6348,2.6216364,3
161837896283519,11029079338,3.8084764,8.653045,2.612065,3
161837898783519,11031579338,3.7896328,8.672786,2.597409,3
161837901283519,11034079338,3.7743785,8.692227,2.5818555,3
161837903783519,11036579338,3.7654054,8.708678,2.5501506,3
161837906283519,11039079338,3.73729,8.7113695,2.51037,3
161837908783519,11041579338,3.7097723,8.720044,2.487339,3
161837911283519,11044079338,3.6867416,8.735298,2.4472594,3
161837913783519,11046579338,3.6723845,8.734401,2.4329023,3
161837916283519,11049079338,3.6807594,8.740981,2.4014966,3
161837918783519,11051579338,3.6777685,8.754142,2.3847468,3
161837921283519,11054079338,3.679862,8.765208,2.3587248,3
161837923783519,11056579338,3.6807594,8.778369,2.3623142,3
161837926283519,11059079338,3.691228,8.785847,2.3539393,3
161837928783519,11061579338,3.6867416,8.800801,2.3258235,3
161837931283519,11064079338,3.6867416,8.799007,2.3279173,3
161837933783519,11066579338,3.6843486,8.810074,2.3312075,3
161837936283519,11069079338,3.675974,8.807681,2.3318057,3
161837938783519,11071579338,3.6846478,8.809176,2.335694,3
161837941283519,11074079338,3.6933217,8.813065,2.3512473,3
161837943783519,11076579338,3.7043886,8.800503,2.3856442,3
161837946283519,11079079338,3.7127635,8.806186,2.4089742,3
161837948783519,11081579338,3.7220356,8.813065,2.440679,3
161837951283519,11084079338,3.7334015,8.800801,2.4619155,3
161837953783519,11086579338,3.7295132,8.790932,2.4652054,3
161837956283519,11089079338,3.7217364,8.78794,2.4822545,3
161837958783519,11091579338,3.7426736,8.779266,2.4903302,3
161837961283519,11094079338,3.7307096,8.7673025,2.4876382,3
161837963783519,11096579338,3.7295132,8.753544,2.48704,3
161837966283519,11099079338,3.7223346,8.735298,2.4631119,3
161837968783519,11101579338,3.7094734,8.716754,2.461018,3
161837971283519,11104079338,3.7022948,8.718249,2.4765713,3
161837973783519,11106579338,3.6915271,8.7215395,2.4394827,3
161837976283519,11109079338,3.6840496,8.72812,2.4442682,3
161837978783519,11111579338,3.693621,8.725129,2.4472594,3
161837981283519,11114079338,3.7166517,8.718249,2.437987,3
161837983783519,11116579338,3.7420754,8.700901,2.4005992,3
161837986283519,11119079338,3.749553,8.663513,2.3805594,3
161837988783519,11121579338,3.7624145,8.658728,2.3404796,3
161837991283519,11124079338,3.784249,8.652746,2.3102703,3
161837993783519,11126579338,3.7953157,8.649755,2.2986052,3
161837996283519,11129079338,3.8177485,8.660822,2.292025,3
161837998783519,11131579338,3.8294137,8.66142,2.2806592,3
161838001283519,11134079338,3.8350966,8.679366,2.263012,3
161838003783519,11136579338,3.8404803,8.694022,2.2325034,3
161838006283519,11139079338,3.8530426,8.683852,2.20708,3
161838008783519,11141579338,3.8533418,8.6706915,2.1723838,3
161838011283519,11144079338,3.8461633,8.668898,2.1260228,3
161838013783519,11146579338,3.8524444,8.679366,2.1014965,3
161838016283519,11149079338,3.8548372,8.689835,2.0964117,3
161838018783519,11151579338,3.863212,8.691928,2.0994027,3
161838021283519,11154079338,3.8700914,8.69462,2.1137598,3
161838023783519,11156579338,3.8967116,8.688339,2.1251256,3
161838026283519,11159079338,3.9020956,8.673982,2.1490538,3
161838028783519,11161579338,3.9170506,8.644072,2.2034905,3
161838031283519,11164079338,3.929314,8.613264,2.2686949,3
161838033783519,11166579338,3.917948,8.626724,2.2698913,3
161838036283519,11169079338,3.8970108,8.684152,2.1879373,3
161838038783519,11171579338,3.8991046,8.733803,2.1951156,3
161838041283519,11174079338,3.9305103,8.764012,2.1972094,3
161838043783519,11176579338,3.9323049,8.768798,2.2142582,3
161838046283519,11179079338,3.926622,8.76132,2.2151556,3
161838048783519,11181579338,3.9176488,8.75474,2.187638,3
161838051283519,11184079338,3.8943188,8.723633,2.1825533,3
161838053783519,11186579338,3.888337,8.7015,2.2028923,3
161838056283519,11189079338,3.8700914,8.683254,2.2399812,3
161838058783519,11191579338,3.8497524,8.660522,2.2411776,3
161838061283519,11194079338,3.8398821,8.656335,2.2591236,3
161838063783519,11196579338,3.8144584,8.660223,2.2639093,3
161838066283519,11199079338,3.8030925,8.668598,2.254039,3
161838068783519,11201579338,3.7935212,8.675179,2.2501507,3
161838071283519,11204079338,3.7719858,8.678469,2.2504497,3
161838073783519,11206579338,3.7731822,8.684451,2.2384856,3
161838076283519,11209079338,3.7654054,8.682955,2.251347,3
161838078783519,11211579338,3.7746778,8.6757765,2.2381866,3
161838081283519,11214079338,3.7776687,8.669496,2.2522442,3
161838083783519,11216579338,3.7887356,8.638987,2.2839491,3
161838086283519,11219079338,3.8024943,8.632108,2.3147569,3
161838088783519,11221579338,3.8042889,8.618649,2.333002,3
161838091283519,11224079338,3.8231323,8.602198,2.376671,3
161838093783519,11226579338,3.8524444,8.59801,2.3955145,3
161838096283519,11229079338,3.8644085,8.586944,2.431706,3
161838098783519,11231579338,3.880261,8.577671,2.4589243,3
161838101283519,11234079338,3.9020956,8.559127,2.4876382,3
161838103783519,11236579338,3.9170506,8.551949,2.5085754,3
161838106283519,11239079338,3.9436707,8.536694,2.4951158,3
161838108783519,11241579338,3.9661036,8.526525,2.504388,3
161838111283519,11244079338,3.9690945,8.522337,2.4996023,3
161838113783519,11246579338,3.9768713,8.505288,2.4906292,3
161838116283519,11249079338,4.000201,8.498408,2.4699912,3
161838118783519,11251579338,4.008277,8.493922,2.4819553,3
161838121283519,11254079338,4.005585,8.502297,2.4828527,3
161838123783519,11256579338,3.9972103,8.482556,2.4939194,3
161838126283519,11259079338,3.9786658,8.475677,2.4795625,3
161838128783519,11261579338,3.9604206,8.4813595,2.4394827,3
161838131283519,11264079338,3.9287157,8.478369,2.4191437,3
161838133783519,11266579338,3.8973098,8.472386,2.3856442,3
161838136283519,11269079338,3.8748772,8.494222,2.3479571,3
161838138783519,11271579338,3.8515472,8.497212,2.3150558,3
161838141283519,11274079338,3.833601,8.497512,2.2815564,3
161838143783519,11276579338,3.816253,8.500503,2.2582264,3
161838146283519,11279079338,3.795615,8.508578,2.2372892,3
161838148783519,11281579338,3.801298,8.500503,2.2187448,3
161838151283519,11284079338,3.8030925,8.489435,2.231008,3
161838153783519,11286579338,3.828217,8.5112705,2.236691,3
161838156283519,11289079338,3.8416767,8.507083,2.2378874,3
161838158783519,11291579338,3.8668015,8.515159,2.2522442,3
161838161283519,11294079338,3.886243,8.515159,2.2462623,3
161838163783519,11296579338,3.9131622,8.515159,2.2561326,3
161838166283519,11299079338,3.9242291,8.53789,2.239383,3
161838168783519,11301579338,3.94397,8.5346,2.2435703,3
161838171283519,11304079338,3.9711883,8.536694,2.2561326,3
161838173783519,11306579338,3.9897327,8.543573,2.274976,3
161838176283519,11309079338,4.0106697,8.554939,2.2911277,3
161838178783519,11311579338,4.0127635,8.5525465,2.3042881,3
161838181283519,11314079338,4.0148573,8.565707,2.3069801,3
161838183783519,11316579338,4.0127635,8.568398,2.3288147,3
161838186283519,11319079338,3.9948175,8.590832,2.329413,3
161838188783519,11321579338,3.9981074,8.578269,2.373381,3
161838191283519,11324079338,3.9951165,8.583354,2.3991039,3
161838193783519,11326579338,3.9786658,8.589934,2.4185455,3
161838196283519,11329079338,3.9738803,8.599805,2.4358935,3
161838198783519,11331579338,3.9747775,8.599206,2.4323041,3
161838201283519,11334079338,3.9613178,8.598907,2.4601207,3
161838203783519,11336579338,3.9400816,8.595916,2.477768,3
161838206283519,11339079338,3.915256,8.595617,2.480759,3
161838208783519,11341579338,3.8961134,8.600403,2.4846473,3
161838211283519,11344079338,3.8733816,8.597412,2.495415,3
161838213783519,11346579338,3.8587255,8.586345,2.4987051,3
161838216283519,11349079338,3.8383865,8.570193,2.4891338,3
161838218783519,11351579338,3.8315072,8.569296,2.4849463,3
161838221283519,11354079338,3.8153558,8.56152,2.4804597,3
161838223783519,11356579338,3.7818563,8.555837,2.4747767,3
161838226283519,11359079338,3.7624145,8.555239,2.466701,3
161838228783519,11361579338,3.758526,8.549556,2.4658036,3
161838231283519,11364079338,3.7504504,8.551051,2.4565315,3
161838233783519,11366579338,3.7268212,8.551649,2.4646072,3
161838236283519,11369079338,3.7354953,8.555837,2.455036,3
161838238783519,11371579338,3.737589,8.556734,2.443371,3
161838241283519,11374079338,3.7402809,8.558229,2.4415765,3
161838243783519,11376579338,3.7558343,8.565108,2.4335005,3
161838246283519,11379079338,3.7516468,8.569894,2.4502504,3
161838248783519,11381579338,3.7758741,8.596515,2.446063,3
161838251283519,11384079338,3.7570307,8.596813,2.4352953,3
161838253783519,11386579338,3.743571,8.612367,2.4215364,3
161838256283519,11389079338,3.746263,8.626125,2.4248266,3
161838258783519,11391579338,3.7417765,8.633903,2.429014,3
161838261283519,11394079338,3.7432718,8.6348,2.439782,3
161838263783519,11396579338,3.7474594,8.657532,2.4367907,3
161838266283519,11399079338,3.7570307,8.66142,2.43709,3
161838268783519,11401579338,3.775575,8.668898,2.4598217,3
161838271283519,11404079338,3.7677984,8.688937,2.4442682,3
161838273783519,11406579338,3.7689948,8.6961155,2.451746,3
161838276283519,11409079338,3.7776687,8.705687,2.446362,3
161838278783519,11411579338,3.7645082,8.7215395,2.4245276,3
161838281283519,11414079338,3.7648072,8.740383,2.4107687,3
161838283783519,11416579338,3.778865,8.747262,2.4254248,3
161838286283519,11419079338,3.772285,8.746365,2.428715,3
161838288783519,11421579338,3.7704902,8.751749,2.4212375,3
161838291283519,11424079338,3.7710886,8.756235,2.416751,3
161838293783519,11426579338,3.7630126,8.752646,2.4059832,3
161838296283519,11429079338,3.7480576,8.75444,2.3985057,3
161838298783519,11431579338,3.734598,8.758329,2.376671,3
161838301283519,11434079338,3.7193437,8.774779,2.3479571,3
161838303783519,11436579338,3.6987057,8.788539,2.3216362,3
161838306283519,11439079338,3.6771703,8.786145,2.3078775,3
161838308783519,11441579338,3.6493537,8.789435,2.2905295,3
161838311283519,11444079338,3.6281173,8.807382,2.2797618,3
161838313783519,11446579338,3.6209388,8.797511,2.2639093,3
161838316283519,11449079338,3.6221352,8.801998,2.2429721,3
161838318783519,11451579338,3.6086757,8.796016,2.231008,3
161838321283519,11454079338,3.5997026,8.786744,2.2226331,3
161838323783519,11456579338,3.586243,8.782557,2.222035,3
161838326283519,11459079338,3.5892339,8.776874,2.2408783,3
161838328783519,11461579338,3.589533,8.76461,2.2316062,3
161838331283519,11464079338,3.6074793,8.742776,2.2405794,3
161838333783519,11466579338,3.615854,8.743673,2.265704,3
161838336283519,11469079338,3.6278183,8.735298,2.289632,3
161838338783519,11471579338,3.6526437,8.726923,2.3219352,3
161838341283519,11474079338,3.6726837,8.727522,2.3566313,3
161838343783519,11476579338,3.6885362,8.719745,2.3904297,3
161838346283519,11479079338,3.711567,8.725428,2.4029922,3
161838348783519,11481579338,3.7079778,8.713464,2.4017956,3
161838351283519,11484079338,3.7283168,8.7266245,2.416751,3
161838353783519,11486579338,3.7543387,8.72124,2.408077,3
161838356283519,11489079338,3.7728832,8.730513,2.385345,3
161838358783519,11491579338,3.78724,8.7367935,2.3805594,3
161838361283519,11494079338,3.7974095,8.75803,2.3769703,3
161838363783519,11496579338,3.804588,8.75145,2.3754747,3
161838366283519,11499079338,3.8204405,8.766405,2.3629124,3
161838368783519,11501579338,3.8129628,8.773284,2.3626132,3
161838371283519,11504079338,3.8234315,8.777771,2.3775685,3
161838373783519,11506579338,3.8377883,8.782257,2.3856442,3
161838376283519,11509079338,3.8446677,8.783454,2.417648,3
161838378783519,11511579338,3.8527436,8.793025,2.411068,3
161838381283519,11514079338,3.8476589,8.804391,2.44038,3
161838383783519,11516579338,3.8497524,8.814261,2.4484558,3
161838386283519,11519079338,3.862315,8.804989,2.4499512,3
161838388783519,11521579338,3.8563328,8.802896,2.4430718,3
161838391283519,11524079338,3.8467615,8.805288,2.4469602,3
161838393783519,11526579338,3.8341992,8.827422,2.4349961,3
161838396283519,11529079338,3.836592,8.836993,2.4101706,3
161838398783519,11531579338,3.8180475,8.849555,2.4029922,3
161838401283519,11534079338,3.8135612,8.851949,2.3829522,3
161838403783519,11536579338,3.8001015,8.851949,2.350051,3
161838406283519,11539079338,3.775276,8.854939,2.3159533,3
161838408783519,11541579338,3.7606199,8.831908,2.2680967,3
161838411283519,11544079338,3.7543387,8.835498,2.2274187,3
161838413783519,11546579338,3.7310088,8.82114,2.1858435,3
161838416283519,11549079338,3.6933217,8.811869,2.1574287,3
161838418783519,11551579338,3.6792638,8.8085785,2.1487548,3
161838421283519,11554079338,3.6550367,8.796913,2.1203399,3
161838423783519,11556579338,3.6460636,8.795118,2.1364915,3
161838426283519,11559079338,3.6379876,8.783752,2.117349,3
161838428783519,11561579338,3.630211,8.786145,2.097309,3
161838431283519,11564079338,3.62722,8.786445,2.115255,3
161838433783519,11566579338,3.6254253,8.773583,2.094318,3
161838436283519,11569079338,3.624229,8.775378,2.088635,3
161838438783519,11571579338,3.6352959,8.772985,2.1068804,3
161838441283519,11574079338,3.6335013,8.748459,2.0991037,3
161838443783519,11576579338,3.6523447,8.739784,2.1041884,3
161838446283519,11579079338,3.6667016,8.733803,2.105983,3
161838448783519,11581579338,3.674179,8.733803,2.1191435,3
161838451283519,11584079338,3.685246,8.719745,2.1541386,3
161838453783519,11586579338,3.694518,8.718249,2.172982,3
161838456283519,11589079338,3.7016966,8.715259,2.178665,3
161838458783519,11591579338,3.7064822,8.713762,2.1828525,3
161838461283519,11594079338,3.6891344,8.705687,2.2304099,3
161838463783519,11596579338,3.69721,8.697013,2.2462623,3
161838466283519,11599079338,3.679862,8.697013,2.2537398,3
161838468783519,11601579338,3.6729827,8.683554,2.2800608,3
161838471283519,11604079338,3.6726837,8.669795,2.312364,3
161838473783519,11606579338,3.6921253,8.668299,2.3446672,3
161838476283519,11609079338,3.6708891,8.658429,2.3973093,3
161838478783519,11611579338,3.6720855,8.642876,2.4562325,3
161838481283519,11614079338,3.685246,8.649157,2.48704,3
161838483783519,11616579338,3.6780674,8.650353,2.5139594,3
161838486283519,11619079338,3.671188,8.653045,2.5615165,3
161838488783519,11621579338,3.6610186,8.650652,2.6048865,3
161838491283519,11624079338,3.6523447,8.649157,2.6273193,3
161838493783519,11626579338,3.6568313,8.65454,2.620739,3
161838496283519,11629079338,3.6589248,8.655139,2.6392834,3
161838498783519,11631579338,3.6601214,8.640483,2.632703,3
161838501283519,11634079338,3.6693935,8.633603,2.6243281,3
161838503783519,11636579338,3.6843486,8.621938,2.609373,3
161838506283519,11639079338,3.7043886,8.611769,2.6165516,3
161838508783519,11641579338,3.7124643,8.603693,2.605784,3
161838511283519,11644079338,3.7393837,8.605188,2.5824537,3
161838513783519,11646579338,3.73729,8.599805,2.5809584,3
161838516283519,11649079338,3.7474594,8.602496,2.5492535,3
161838518783519,11651579338,3.7501514,8.614759,2.5319054,3
161838521283519,11654079338,3.7552361,8.627621,2.51037,3
161838523783519,11656579338,3.7480576,8.621041,2.4421747,3
161838526283519,11659079338,3.7594235,8.630014,2.423032,3
161838528783519,11661579338,3.7633119,8.623733,2.3611178,3
161838531283519,11664079338,3.7827535,8.606983,2.3344977,3
161838533783519,11666579338,3.8144584,8.611171,2.3108685,3
161838536283519,11669079338,3.8443687,8.6013,2.2872393,3
161838538783519,11671579338,3.8943188,8.611171,2.2666013,3
161838541283519,11674079338,3.918247,8.596515,2.225624,3
161838543783519,11676579338,3.949952,8.599505,2.205285,3
161838546283519,11679079338,3.9556348,8.597412,2.1870399,3
161838548783519,11681579338,3.9640098,8.591729,2.1520448,3
161838551283519,11684079338,3.984648,8.597113,2.1314068,3
161838553783519,11686579338,3.999304,8.583653,2.1337996,3
161838556283519,11689079338,3.996612,8.579764,2.1122642,3
161838558783519,11691579338,4.0211387,8.5728855,2.1511476,3
161838561283519,11694079338,4.0274196,8.593523,2.1664019,3
161838563783519,11696579338,4.034299,8.597711,2.1664019,3
161838566283519,11699079338,4.048357,8.612965,2.178366,3
161838568783519,11701579338,4.061816,8.61805,2.1879373,3
161838571283519,11704079338,4.063611,8.645268,2.1795623,3
161838573783519,11706579338,4.046263,8.658728,2.1834507,3
161838576283519,11709079338,4.028317,8.65783,2.2004995,3
161838578783519,11711579338,4.005884,8.676973,2.1942184,3
161838581283519,11714079338,3.9858444,8.686245,2.2196422,3
161838583783519,11716579338,3.9717865,8.692227,2.2289143,3
161838586283519,11719079338,3.9625144,8.676973,2.219343,3
161838588783519,11721579338,3.9741793,8.666205,2.2325034,3
161838591283519,11724079338,3.9864426,8.632108,2.2636101,3
161838593783519,11726579338,4.0005,8.600403,2.2579272,3
161838596283519,11729079338,3.9975092,8.57139,2.2525434,3
161838598783519,11731579338,3.9978085,8.545368,2.2334008,3
161838601283519,11734079338,3.9813578,8.528618,2.231307,3
161838603783519,11736579338,3.9750767,8.535498,2.248057,3
161838606283519,11739079338,3.9649072,8.520244,2.243271,3
161838608783519,11741579338,3.956233,8.526823,2.2528424,3
161838611283519,11744079338,3.9541395,8.516056,2.2259233,3
161838613783519,11746579338,3.9604206,8.505886,2.2118654,3
161838616283519,11749079338,3.9634116,8.4858465,2.1963122,3
161838618783519,11751579338,3.9658043,8.474181,2.1801605,3
161838621283519,11754079338,3.990331,8.453842,2.1942184,3
161838623783519,11756579338,4.0005,8.455637,2.21366,3
161838626283519,11759079338,3.9972103,8.462815,2.245365,3
161838628783519,11761579338,4.0088754,8.478967,2.2878375,3
161838631283519,11764079338,4.0268216,8.49123,2.2878375,3
161838633783519,11766579338,4.045665,8.500203,2.2755744,3
161838636283519,11769079338,4.0698924,8.500801,2.2651057,3
161838638783519,11771579338,4.104289,8.48465,2.2743778,3
161838641283519,11774079338,4.112963,8.5014,2.2929223,3
161838643783519,11776579338,4.1225343,8.496016,2.3012972,3
161838646283519,11779079338,4.1255255,8.485249,2.3204398,3
161838648783519,11781579338,4.119244,8.490333,2.347359,3
161838651283519,11784079338,4.121637,8.502596,2.3542383,3
161838653783519,11786579338,4.1024942,8.526225,2.3551357,3
161838656283519,11789079338,4.104289,8.552247,2.3410778,3
161838658783519,11791579338,4.091727,8.586046,2.3389843,3
161838661283519,11794079338,4.100999,8.59442,2.3246272,3
161838663783519,11796579338,4.089932,8.586345,2.3679972,3
161838666283519,11799079338,4.066004,8.575278,2.37368,3
161838668783519,11801579338,4.006183,8.608179,2.2639093,3
161838671283519,11804079338,3.9424744,8.669196,2.155036,3
161838673783519,11806579338,3.9050865,8.696713,2.108675,3
161838676283519,11809079338,3.882953,8.700303,2.115255,3
161838678783519,11811579338,3.8518462,8.718549,2.11705,3
161838681283519,11814079338,3.8270206,8.741281,2.1424735,3
161838683783519,11816579338,3.7848473,8.770593,2.1921246,3
161838686283519,11819079338,3.7716868,8.805588,2.2639093,3
161838688783519,11821579338,3.7447674,8.825627,2.4340987,3
161838691283519,11824079338,3.6921253,8.791828,2.513361,3
161838693783519,11826579338,3.652943,8.768798,2.5274189,3
161838696283519,11829079338,3.62393,8.771489,2.5603201,3
161838698783519,11831579338,3.6257246,8.76491,2.5935206,3
161838701283519,11834079338,3.62393,8.7679,2.6054847,3
161838703783519,11836579338,3.5877385,8.754142,2.6479573,3
161838706283519,11839079338,3.524927,8.745169,2.6685956,3
161838708783519,11841579338,3.475575,8.750552,2.6718855,3
161838711283519,11844079338,3.4770703,8.756834,2.6961129,3
161838713783519,11846579338,3.5039897,8.769096,2.7251258,3
161838716283519,11849079338,3.5183465,8.758628,2.7825537,3
161838718783519,11851579338,3.5201411,8.701798,2.80708,3
161838721283519,11854079338,3.4956148,8.690732,2.7122645,3
161838723783519,11856579338,3.4947174,8.681759,2.6485555,3
161838726283519,11859079338,3.5216367,8.693125,2.629712,3
161838728783519,11861579338,3.5479577,8.680861,2.6488547,3
161838731283519,11864079338,3.5578282,8.656933,2.6748767,3
161838733783519,11866579338,3.554239,8.643174,2.6470602,3
161838736283519,11869079338,3.5467613,8.624929,2.6159534,3
161838738783519,11871579338,3.5503507,8.616255,2.6117659,3
161838741283519,11874079338,3.5569308,8.606983,2.6048865,3
161838743783519,11876579338,3.5620155,8.607282,2.6039891,3
161838746283519,11879079338,3.5377884,8.65125,2.5971098,3
161838748783519,11881579338,3.591627,8.680861,2.6039891,3
161838751283519,11884079338,3.6681972,8.648259,2.5791638,3
161838753783519,11886579338,3.6846478,8.643474,2.5384858,3
161838756283519,11889079338,3.6756747,8.651849,2.521736,3
161838758783519,11891579338,3.6714873,8.645567,2.4969103,3
161838761283519,11894079338,3.6744783,8.653942,2.4625137,3
161838763783519,11896579338,3.673282,8.638389,2.4164517,3
161838766283519,11899079338,3.6924245,8.638688,2.3404796,3
161838768783519,11901579338,3.7067814,8.642277,2.3078775,3
161838771283519,11904079338,3.7070804,8.656335,2.2468605,3
161838773783519,11906579338,3.7031922,8.678169,2.2178476,3
161838776283519,11909079338,3.6580276,8.739784,2.161616,3
161838778783519,11911579338,3.6547375,8.815757,2.1134605,3
161838781283519,11914079338,3.6708891,8.822337,2.1248264,3
161838783783519,11916579338,3.661916,8.809774,2.1762722,3
161838786283519,11919079338,3.621537,8.78465,2.2004995,3
161838788783519,11921579338,3.5757744,8.776574,2.2319052,3
161838791283519,11924079338,3.5270207,8.774181,2.2555344,3
161838793783519,11926579338,3.4926238,8.768798,2.277668,3
161838796283519,11929079338,3.461517,8.746066,2.2947168,3
161838798783519,11931579338,3.426223,8.748459,2.3252254,3
161838801283519,11934079338,3.3957145,8.745467,2.3542383,3
161838803783519,11936579338,3.3816566,8.763413,2.3991039,3
161838806283519,11939079338,3.3358939,8.771191,2.4481566,3
161838808783519,11941579338,3.3146574,8.764012,2.5034907,3
161838811283519,11944079338,3.290131,8.752048,2.5573292,3
161838813783519,11946579338,3.2775688,8.736196,2.5669005,3
161838816283519,11949079338,3.2853456,8.726026,2.5911279,3
161838818783519,11951579338,3.3086755,8.709874,2.626422,3
161838821283519,11954079338,3.3263226,8.677871,2.6416762,3
161838823783519,11956579338,3.3547373,8.661719,2.676372,3
161838826283519,11959079338,3.3834512,8.623135,2.7011976,3
161838828783519,11961579338,3.4253256,8.583055,2.7511477,3
161838831283519,11964079338,3.4827533,8.549556,2.7667012,3
161838833783519,11966579338,3.5401812,8.5118685,2.7831519,3
161838836283519,11969079338,3.64726,8.485547,2.7789643,3
161838838783519,11971579338,3.7337005,8.470891,2.7849464,3
161838841283519,11974079338,3.8165522,8.449356,2.7538397,3
161838843783519,11976579338,3.9104705,8.443673,2.7239294,3
161838846283519,11979079338,4.0124645,8.41795,2.7014968,3
161838848783519,11981579338,4.100999,8.402995,2.6653054,3
161838851283519,11984079338,4.173382,8.3784685,2.5704896,3
161838853783519,11986579338,4.2257247,8.358429,2.5196424,3
161838856283519,11989079338,4.279264,8.356036,2.4744778,3
161838858783519,11991579338,4.3097725,8.328518,2.4508486,3
161838861283519,11994079338,4.339683,8.309076,2.4646072,3
161838863783519,11996579338,4.386044,8.313264,2.4702902,3
161838866283519,11999079338,4.4132624,8.310273,2.4454648,3
161838868783519,12001579338,4.4285164,8.3348,2.414657,3
161838871283519,12004079338,4.430909,8.346166,2.3757737,3
161838873783519,12006579338,4.4222355,8.372786,2.3494527,3
161838876283519,12009079338,4.4072804,8.400901,2.3165514,3
161838878783519,12011579338,4.371687,8.415258,2.28036,3
161838881283519,12014079338,4.3441696,8.430812,2.2531416,3
161838883783519,12016579338,4.301398,8.457432,2.1828525,3
161838886283519,12019079338,4.2625146,8.482856,2.1520448,3
161838888783519,12021579338,4.2239304,8.518747,2.1176481,3
161838891283519,12024079338,4.1922255,8.542078,2.094019,3
161838893783519,12026579338,4.1515474,8.549854,2.0745773,3
161838896283519,12029079338,4.1168513,8.565707,2.0536401,3
161838898783519,12031579338,4.069294,8.574381,2.0288146,3
161838901283519,12034079338,4.031607,8.557332,2.0018952,3
161838903783519,12036579338,3.9960139,8.56481,1.992324,3
161838906283519,12039079338,3.9535413,8.565408,1.9845473,3
161838908783519,12041579338,3.9029927,8.555239,1.974976,3
161838911283519,12044079338,3.8458643,8.558827,1.9860427,3
161838913783519,12046579338,3.7923248,8.549256,2.0168505,3
161838916283519,12049079338,3.7136607,8.555239,2.0638096,3
161838918783519,12051579338,3.6541393,8.552247,2.1161525,3
161838921283519,12054079338,3.5814574,8.563015,2.1735802,3
161838923783519,12056579338,3.5153556,8.584849,2.2411776,3
161838926283519,12059079338,3.4570305,8.585447,2.3138595,3
161838928783519,12061579338,3.4037902,8.6013,2.3904297,3
161838931283519,12064079338,3.351447,8.606684,2.4708884,3
161838933783519,12066579338,3.3155549,8.623733,2.5704896,3
161838936283519,12069079338,3.290131,8.628518,2.667399,3
161838938783519,12071579338,3.2676985,8.621639,2.7667012,3
161838941283519,12074079338,3.275176,8.602496,2.8375885,3
161838943783519,12076579338,3.269493,8.586944,2.8872397,3
161838946283519,12079079338,3.2805598,8.58455,2.925824,3
161838948783519,12081579338,3.301497,8.56152,2.9282167,3
161838951283519,12084079338,3.3173494,8.527422,2.9150562,3
161838953783519,12086579338,3.336193,8.504989,2.8827531,3
161838956283519,12089079338,3.339184,8.489735,2.798705,3
161838958783519,12091579338,3.353541,8.492427,2.7218359,3
161838961283519,12094079338,3.3664024,8.495717,2.7110682,3
161838963783519,12096579338,3.3643086,8.459227,2.713461,3
161838966283519,12099079338,3.3472598,8.438289,2.690131,3
161838968783519,12101579338,3.3287153,8.4347,2.6694927,3
161838971283519,12104079338,3.313162,8.43141,2.6829524,3
161838973783519,12106579338,3.30718,8.432905,2.7308087,3
161838976283519,12109079338,3.2937205,8.433803,2.8022945,3
161838978783519,12111579338,3.2745779,8.438289,2.876771,3
161838981283519,12114079338,3.254837,8.442776,2.9234312,3
161838983783519,12116579338,3.2327034,8.46102,2.9817562,3
161838986283519,12119079338,3.2036905,8.4909315,3.039483,3
161838988783519,12121579338,3.1582267,8.526823,3.086442,3
161838991283519,12124079338,3.1100712,8.565408,3.138486,3
161838993783519,12126579338,3.0505497,8.606684,3.1540394,3
161838996283519,12129079338,3.0020952,8.63121,3.1986058,3
161838998783519,12131579338,2.9593234,8.664112,3.2303107,3
161839001283519,12134079338,2.9099715,8.691629,3.2461631,3
161839003783519,12136579338,2.8875387,8.710174,3.2309089,3
161839006283519,12139079338,2.871088,8.730213,3.1797621,3
161839008783519,12141579338,2.8462625,8.733503,3.1669009,3
161839011283519,12144079338,2.8636105,8.75145,3.1549366,3
161839013783519,12146579338,2.8543384,8.743972,3.0646076,3
161839016283519,12149079338,2.8734808,8.734401,2.9763722,3
161839018783519,12151579338,2.9030921,8.715557,2.8950162,3
161839021283519,12154079338,2.9416764,8.692227,2.82712,3
161839023783519,12156579338,2.9808588,8.651849,2.797808,3
161839026283519,12159079338,3.0230322,8.605786,2.7831519,3
161839028783519,12161579338,3.0550363,8.583952,2.7394829,3
161839031283519,12164079338,3.0951161,8.563613,2.7119653,3
161839033783519,12166579338,3.129812,8.542078,2.6988049,3
161839036283519,12169079338,3.1591241,8.531908,2.6997023,3
161839038783519,12171579338,3.1630125,8.5372925,2.7382865,3
161839041283519,12174079338,3.1555347,8.545368,2.7508488,3
161839043783519,12176579338,3.1540394,8.56481,2.7684958,3
161839046283519,12179079338,3.1429725,8.571689,2.8268209,3
161839048783519,12181579338,3.1630125,8.580961,2.8600214,3
161839051283519,12184079338,3.1522448,8.58455,2.9216363,3
161839053783519,12186579338,3.1453655,8.592627,2.972783,3
161839056283519,12189079338,3.1301112,8.579466,3.0026934,3
161839058783519,12191579338,3.106482,8.5728855,3.0338001,3
161839061283519,12194079338,3.0915267,8.571689,3.0472596,3
161839063783519,12196579338,3.0825539,8.544471,3.0652058,3
161839066283519,12199079338,3.0825539,8.522636,3.071487,3
161839068783519,12201579338,3.0813572,8.478069,3.0610185,3
161839071283519,12204079338,3.0816565,8.411669,3.0445678,3
161839073783519,12206579338,3.0786655,8.337491,3.0317063,3
161839076283519,12209079338,3.0960133,8.240881,3.01376,3
161839078783519,12211579338,3.1046875,8.158927,2.9994032,3
161839081283519,12214079338,3.1259236,8.089834,3.012863,3
161839083783519,12216579338,3.1247272,8.016853,3.057429,3
161839086283519,12219079338,3.1441689,7.943573,3.1085758,3
161839088783519,12221579338,3.1663027,7.882556,3.1869407,3
161839091283519,12224079338,3.1941192,7.82453,3.2814572,3
161839093783519,12226579338,3.2557342,7.776973,3.3502507,3
161839096283519,12229079338,3.289832,7.7437725,3.4133615,3
161839098783519,12231579338,3.3269207,7.72463,3.487539,3
161839101283519,12234079338,3.3589249,7.717152,3.5180476,3
161839103783519,12236579338,3.400201,7.7066836,3.545565,3
161839106283519,12239079338,3.4363923,7.7012997,3.5620155,3
161839108783519,12241579338,3.5012977,7.7156568,3.5635111,3
161839111283519,12244079338,3.554239,7.7243304,3.5584264,3
161839113783519,12246579338,3.6029928,7.739884,3.5563326,3
161839116283519,12249079338,3.649952,7.763214,3.5521452,3
161839118783519,12251579338,3.6897326,7.7742805,3.5467613,3
161839121283519,12254079338,3.700201,7.7940216,3.5413775,3
161839123783519,12256579338,3.7061832,7.818847,3.5204403,3
161839126283519,12259079338,3.7010984,7.85115,3.487539,3
161839128783519,12261579338,3.6744783,7.885547,3.4337006,3
161839131283519,12264079338,3.636193,7.9366937,3.3891342,3
161839133783519,12266579338,3.5931222,7.980662,3.3517463,3
161839136283519,12269079338,3.5374892,8.033902,3.3143585,3
161839138783519,12271579338,3.463611,8.091629,3.316153,3
161839141283519,12274079338,3.4184463,8.16132,3.3101711,3
161839143783519,12276579338,3.3424742,8.215158,3.3086755,3
161839146283519,12279079338,3.2850463,8.3015995,3.3152559,3
161839148783519,12281579338,3.2165518,8.400003,3.3017962,3
161839151283519,12284079338,3.1504502,8.478668,3.2644083,3
161839153783519,12286579338,3.0951161,8.542975,3.190829,3
161839156283519,12289079338,3.048456,8.596515,3.0586255,3
161839158783519,12291579338,2.9976087,8.638987,2.914458,3
161839161283519,12294079338,2.9614172,8.678469,2.7601209,3
161839163783519,12296579338,2.906083,8.686844,2.577369,3
161839166283519,12299079338,2.8334012,8.708977,2.3428724,3
161839168783519,12301579338,2.7451658,8.737391,2.1343977,3
161839171283519,12304079338,2.6270201,8.786145,1.977967,3
161839173783519,12306579338,2.5256243,8.806784,1.8101703,3
161839176283519,12309079338,2.4035904,8.829515,1.678565,3
161839178783519,12311579338,2.260021,8.886644,1.5897316,3
161839181283519,12314079338,2.076372,8.962317,1.5230316,3
161839183783519,12316579338,1.8999012,9.0646105,1.5119648,3
161839186283519,12319079338,1.7228323,9.160025,1.5131612,3
161839188783519,12321579338,1.5933207,9.22493,1.538585,3
161839191283519,12324079338,1.4898312,9.312267,1.6037893,3
161839193783519,12326579338,1.4383855,9.387642,1.675275,3
161839196283519,12329079338,1.3486546,9.44477,1.7787645,3
161839198783519,12331579338,1.2457633,9.475877,1.8290138,3
161839201283519,12334079338,1.1554343,9.499207,1.910968,3
161839203783519,12336579338,1.1012967,9.492028,2.044667,3
161839206283519,12339079338,1.0387841,9.468101,2.2091734,3
161839208783519,12341579338,1.0175478,9.435498,2.353341,3
161839211283519,12344079338,0.9927223,9.384052,2.5202405,3
161839213783519,12346579338,0.9912268,9.343374,2.6976085,3
161839216283519,12349079338,1.0564312,9.293723,2.864508,3
161839218783519,12351579338,1.1790633,9.2348,3.0035906,3
161839221283519,12354079338,1.3603196,9.180662,3.1220353,3
161839223783519,12356579338,1.5756737,9.092726,3.1977084,3
161839226283519,12359079338,1.7784654,8.987143,3.2129626,3
161839228783519,12361579338,1.9588244,8.893523,3.2736804,3
161839231283519,12364079338,2.1308086,8.79123,3.3182468,3
161839233783519,12366579338,2.2713869,8.696713,3.3290145,3
161839236283519,12369079338,2.3829522,8.640183,3.3984063,3
161839238783519,12371579338,2.4628127,8.593225,3.4683964,3
161839241283519,12374079338,2.5202405,8.539086,3.5703905,3
161839243783519,12376579338,2.571686,8.514561,3.679862,3
161839246283519,12379079338,2.6195426,8.483454,3.7773697,3
161839248783519,12381579338,2.6404798,8.464012,3.8754754,3
161839251283519,12384079338,2.6563323,8.453244,3.987938,3
161839253783519,12386579338,2.652444,8.442178,4.0923247,3
161839256283519,12389079338,2.611467,8.441878,4.1760736,3
161839258783519,12391579338,2.559423,8.456834,4.2385864,3
161839261283519,12394079338,2.5004997,8.451151,4.2777686,3
161839263783519,12396579338,2.4218357,8.461619,4.299304,3
161839266283519,12399079338,2.3318057,8.474481,4.276871,3
161839268783519,12401579338,2.2226331,8.478369,4.2406797,3
161839271283519,12404079338,2.1003,8.507083,4.2056847,3
161839273783519,12406579338,1.9800607,8.542975,4.104887,3
161839276283519,12409079338,1.8559331,8.580064,4.022634,3
161839278783519,12411579338,1.6803597,8.616255,3.9200418,3
161839281283519,12414079338,1.5023935,8.652447,3.7737803,3
161839283783519,12416579338,1.3166506,8.676973,3.618247,3
161839286283519,12419079338,1.1395818,8.710174,3.499204,3
161839288783519,12421579338,1.0007981,8.735298,3.4223347,3
161839291283519,12424079338,0.8712866,8.734999,3.426522,3
161839293783519,12426579338,0.7322037,8.725727,3.4695928,3
161839296283519,12429079338,0.5886344,8.738888,3.5449667,3
161839298783519,12431579338,0.43698925,8.759825,3.6687953,3
161839301283519,12434079338,0.3074777,8.770293,3.7893338,3
161839303783519,12436579338,0.19980069,8.780462,3.9394834,3
161839306283519,12439079338,0.1372882,8.790333,4.043571,3
161839308783519,12441579338,0.07836494,8.793623,4.109673,3
161839311283519,12444079338,0.046660043,8.815757,4.180261,3
161839313783519,12446579338,0.009272188,8.845966,4.208975,3
161839316283519,12449079338,-0.035294134,8.867203,4.2296133,3
161839318783519,12451579338,-0.064008005,8.897113,4.2272205,3
161839321283519,12454079338,-0.10049855,8.920144,4.2125645,3
161839323783519,12456579338,-0.116351,8.926724,4.179962,3
161839326283519,12459079338,-0.13459627,8.906684,4.1898327,3
161839328783519,12461579338,-0.15493527,8.911171,4.1889353,3
161839331283519,12464079338,-0.15493527,8.909376,4.1793637,3
161839333783519,12466579338,-0.14267205,8.895318,4.219444,3
161839336283519,12469079338,-0.11246266,8.877073,4.272684,3
161839338783519,12471579338,-0.09122636,8.867203,4.380959,3
161839341283519,12474079338,-0.07328019,8.83131,4.5158544,3
161839343783519,12476579338,-0.055334024,8.811869,4.680062,3
161839346283519,12479079338,-0.062213387,8.79123,4.861019,3
161839348783519,12481579338,-0.06281159,8.760123,5.0796633,3
161839351283519,12484079338,-0.04636094,8.734999,5.280361,3
161839353783519,12486579338,0.0,8.702696,5.458328,3
161839356283519,12489079338,0.0424726,8.67129,5.7541404,3
161839358783519,12491579338,0.08554341,8.666205,5.9820566,3
161839361283519,12494079338,0.13968103,8.644371,6.160621,3
161839363783519,12496579338,0.19411774,8.603095,6.3403816,3
161839366283519,12499079338,0.2742773,8.56152,6.4866433,3
161839368783519,12501579338,0.34337005,8.532805,6.552745,3
161839371283519,12504079338,0.40797627,8.490034,6.5665035,3
161839373783519,12506579338,0.4639085,8.478369,6.547361,3
161839376283519,12509079338,0.4642076,8.472686,6.517451,3
161839378783519,12511579338,0.44207397,8.475378,6.4875402,3
161839381283519,12514079338,0.40947178,8.449655,6.443572,3
161839383783519,12516579338,0.40707895,8.411071,6.3915286,3
161839386283519,12519079338,0.43938205,8.353942,6.2988067,3
161839388783519,12521579338,0.45164528,8.328518,6.198607,3
161839391283519,12524079338,0.42532423,8.311171,6.1435723,3
161839393783519,12526579338,0.37477586,8.318947,6.1271214,3
161839396283519,12529079338,0.31375888,8.309675,6.174978,3
161839398783519,12531579338,0.24855445,8.309974,6.2407804,3
161839401283519,12534079338,0.19351953,8.307282,6.257231,3
161839403783519,12536579338,0.14237295,8.300403,6.2715883,3
161839406283519,12539079338,0.08225328,8.30788,6.3009005,3
161839408783519,12541579338,0.039780676,8.314461,6.3511496,3
161839411283519,12544079338,0.021834506,8.3174515,6.419345,3
161839413783519,12546579338,0.03589234,8.324929,6.5072813,3
161839416283519,12549079338,0.06281159,8.309076,6.606583,3
161839418783519,12551579338,0.10767702,8.308778,6.665806,3
161839421283519,12554079338,0.15254244,8.288737,6.6532435,3
161839423783519,12556579338,0.20727827,8.258827,6.6589265,3
161839426283519,12559079338,0.24735804,8.2348995,6.608677,3
161839428783519,12561579338,0.2844468,8.2049885,6.5368924,3
161839431283519,12564079338,0.31076783,8.175378,6.459724,3
161839433783519,12566579338,0.3164508,8.152048,6.3631134,3
161839436283519,12569079338,0.3481557,8.141878,6.302396,3
161839438783519,12571579338,0.3610171,8.154141,6.216852,3
161839441283519,12574079338,0.3930211,8.141878,6.102595,3
161839443783519,12576579338,0.41365921,8.141878,6.0170517,3
161839446283519,12579079338,0.4229314,8.134998,5.942874,3
161839448783519,12581579338,0.41365921,8.108976,5.876174,3
161839451283519,12584079338,0.40977088,8.068897,5.7990055,3
161839453783519,12586579338,0.40259242,8.038987,5.7604213,3
161839456283519,12589079338,0.3819543,8.019844,5.730511,3
161839458783519,12591579338,0.3475575,8.011469,5.6647086,3
161839461283519,12594079338,0.30000013,8.009376,5.61087,3
161839463783519,12596579338,0.25184458,8.026424,5.567201,3
161839466283519,12599079338,0.19830517,8.052746,5.5334024,3
161839468783519,12601579338,0.12622139,8.061719,5.5043893,3
161839471283519,12604079338,0.04336991,8.096115,5.549554,3
161839473783519,12606579338,-0.04366901,8.139186,5.5797634,3
161839476283519,12609079338,-0.104087785,8.185846,5.628517,3
161839478783519,12611579338,-0.14356937,8.221141,5.6647086,3
161839481283519,12614079338,-0.18245272,8.232207,5.7053866,3
161839483783519,12616579338,-0.19621146,8.263314,5.7403817,3
161839486283519,12619079338,-0.21744776,8.247163,5.796912,3
161839488783519,12621579338,-0.24107689,8.232507,5.872585,3
161839491283519,12624079338,-0.25064817,8.217252,5.931508,3
161839493783519,12626579338,-0.26650062,8.196913,6.0062838,3
161839496283519,12629079338,-0.28773692,8.172088,6.096314,3
161839498783519,12631579338,-0.28893334,8.156534,6.237191,3
161839501283519,12634079338,-0.27188447,8.103293,6.361618,3
161839503783519,12636579338,-0.24466611,8.078468,6.492625,3
161839506283519,12639079338,-0.18574286,8.044371,6.634101,3
161839508783519,12641579338,-0.09451649,8.007282,6.7262244,3
161839511283519,12644079338,0.0029910284,7.9770727,6.789933,3
161839513783519,12646579338,0.11246266,7.937591,6.833004,3
161839516283519,12649079338,0.2644069,7.911868,6.7875404,3
161839518783519,12651579338,0.38763726,7.8538423,6.751349,3
161839521283519,12654079338,0.5099703,7.8278203,6.678368,3
161839523783519,12656579338,0.60329044,7.7910304,6.582057,3
161839526283519,12659079338,0.6873383,7.75454,6.48425,3
161839528783519,12661579338,0.7603194,7.7404823,6.4013987,3
161839531283519,12664079338,0.8153543,7.716853,6.3122663,3
161839533783519,12666579338,0.85184485,7.6806617,6.2662044,3
161839536283519,12669079338,0.88265246,7.6594253,6.221638,3
161839538783519,12671579338,0.89730847,7.6340017,6.1645093,3
161839541283519,12674079338,0.91525465,7.628618,6.1660047,3
161839543783519,12676579338,0.9083753,7.624131,6.181558,3
161839546283519,12679079338,0.8880363,7.6142607,6.2007008,3
161839548783519,12681579338,0.863809,7.6160555,6.2464633,3
161839551283519,12684079338,0.8422736,7.620841,6.2724853,3
161839553783519,12686579338,0.8120642,7.626823,6.3161545,3
161839556283519,12689079338,0.770788,7.6588273,6.326922,3
161839558783519,12691579338,0.72352976,7.6866436,6.326922,3
161839561283519,12694079338,0.6643074,7.7183485,6.3128643,3
161839563783519,12696579338,0.6095716,7.7440715,6.305686,3
161839566283519,12699079338,0.5374878,7.783553,6.285646,3
161839568783519,12701579338,0.45882374,7.8092756,6.2748785,3
161839571283519,12704079338,0.38315073,7.832905,6.2491555,3
161839573783519,12706579338,0.3044867,7.8604226,6.2228346,3
161839576283519,12709079338,0.23330021,7.897511,6.1944194,3
161839578783519,12711579338,0.1692922,7.911868,6.1881385,3
161839581283519,12714079338,0.11096715,7.9354973,6.157929,3
161839583783519,12716579338,0.06580263,7.9686975,6.113363,3
161839586283519,12719079338,0.04965107,7.9857464,6.0568323,3
161839588783519,12721579338,0.019441685,7.9887376,6.02752,3
161839591283519,12724079338,-0.016749758,8.001599,5.955436,3
161839593783519,12726579338,-0.029910283,8.017751,5.8881383,3
161839596283519,12729079338,-0.058325052,8.027022,5.833103,3
161839598783519,12731579338,-0.060717873,8.033304,5.751448,3
161839601283519,12734079338,-0.049351968,8.04108,5.731109,3
161839603783519,12736579338,-0.0032901312,8.032107,5.7041903,3
161839606283519,12739079338,0.06281159,8.023732,5.725127,3
161839608783519,12741579338,0.14327025,8.012666,5.727221,3
161839611283519,12744079338,0.23419751,7.9803624,5.723931,3
161839613783519,12746579338,0.3385844,7.9340014,5.686543,3
161839616283519,12749079338,0.4528417,7.8888373,5.6521463,3
161839618783519,12751579338,0.5509474,7.8637123,5.6123657,3
161839621283519,12754079338,0.64636123,7.832905,5.549853,3
161839623783519,12756579338,0.7265208,7.8020973,5.5013986,3
161839626283519,12759079338,0.8006983,7.7871423,5.4403815,3
161839628783519,12761579338,0.86560357,7.752745,5.3994045,3
161839631283519,12764079338,0.89401835,7.7362947,5.368896,3
161839633783519,12766579338,0.9349955,7.72463,5.3620167,3
161839636283519,12769079338,0.9454641,7.7066836,5.3644094,3
161839638783519,12771579338,0.9553344,7.693224,5.4050875,3
161839641283519,12774079338,0.9726824,7.670791,5.460122,3
161839643783519,12776579338,0.9619147,7.650452,5.5199428,3
161839646283519,12779079338,0.94366944,7.648957,5.604589,3
161839648783519,12781579338,0.8994022,7.6402826,5.667999,3
161839651283519,12784079338,0.8593224,7.6259255,5.7355957,3
161839653783519,12786579338,0.8102696,7.6250286,5.782256,3
161839656283519,12789079338,0.76241314,7.62114,5.851648,3
161839658783519,12791579338,0.72771716,7.626225,5.911169,3
161839661283519,12794079338,0.6765706,7.632207,5.983253,3
161839663783519,12796579338,0.62183475,7.6399837,6.035297,3
161839666283519,12799079338,0.55334026,7.6310105,6.1034923,3
161839668783519,12801579338,0.497408,7.6426754,6.1645093,3
161839671283519,12804079338,0.43100718,7.6510506,6.1974106,3
161839673783519,12806579338,0.36640096,7.6680994,6.2198434,3
161839676283519,12809079338,0.32662028,7.672885,6.2497535,3
161839678783519,12811579338,0.2943172,7.685447,6.2491555,3
161839681283519,12814079338,0.2835495,7.6920276,6.268896,3
161839683783519,12816579338,0.29850462,7.690532,6.276673,3
161839686283519,12819079338,0.32063824,7.693523,6.3143597,3
161839688783519,12821579338,0.34546378,7.678568,6.324529,3
161839691283519,12824079338,0.35204405,7.6680994,6.3236322,3
161839693783519,12826579338,0.39690945,7.6869426,6.3338017,3
161839696283519,12829079338,0.41874397,7.6663046,6.2868423,3
161839698783519,12831579338,0.44835514,7.684251,6.264709,3
161839701283519,12834079338,0.4543372,7.6773715,6.2294145,3
161839703783519,12836579338,0.4642076,7.6776705,6.2060847,3
161839706283519,12839079338,0.4755735,7.678867,6.18754,3
161839708783519,12841579338,0.47676992,7.6519475,6.170491,3
161839711283519,12844079338,0.4758726,7.646863,6.128318,3
161839713783519,12846579338,0.4546363,7.648658,6.0807605,3
161839716283519,12849079338,0.43818563,7.647461,6.0526447,3
161839718783519,12851579338,0.41306102,7.6552377,5.994619,3
161839721283519,12854079338,0.39481574,7.65793,5.9440703,3
161839723783519,12856579338,0.3930211,7.675876,5.8797636,3
161839726283519,12859079338,0.38374892,7.687242,5.837291,3
161839728783519,12861579338,0.39212382,7.7087774,5.8151574,3
161839731283519,12864079338,0.41575295,7.710273,5.7804613,3
161839733783519,12866579338,0.421735,7.716853,5.7583275,3
161839736283519,12869079338,0.4438686,7.7150583,5.7379885,3
161839738783519,12871579338,0.4755735,7.7093754,5.7146587,3
161839741283519,12874079338,0.5099703,7.6830544,5.6880383,3
161839743783519,12876579338,0.5401797,7.670492,5.701199,3
161839746283519,12879079338,0.56380886,7.6633134,5.721837,3
161839748783519,12881579338,0.5940182,7.644171,5.7451673,3
161839751283519,12884079338,0.61824554,7.650452,5.8100724,3
161839753783519,12886579338,0.6269195,7.641778,5.896513,3
161839756283519,12889079338,0.6373881,7.6289167,5.9614186,3
161839758783519,12891579338,0.6373881,7.6088767,6.0523458,3
161839761283519,12894079338,0.6305088,7.591828,6.0981083,3
161839763783519,12896579338,0.6092725,7.5828547,6.175576,3
161839766283519,12899079338,0.5712864,7.6016984,6.2641106,3
161839768783519,12901579338,0.53270215,7.6184483,6.3272214,3
161839771283519,12904079338,0.49322057,7.632207,6.347261,3
161839773783519,12906579338,0.45403808,7.6390862,6.3915286,3
161839776283519,12909079338,0.42083767,7.643872,6.401698,3
161839778783519,12911579338,0.39631125,7.6366935,6.4181485,3
161839781283519,12914079338,0.357727,7.640881,6.4492555,3
161839783783519,12916579338,0.31106696,7.641479,6.4854465,3
161839786283519,12919079338,0.27098715,7.6292157,6.500701,3
161839788783519,12921579338,0.21834506,7.639385,6.5114684,3
161839791283519,12924079338,0.15972091,7.6746798,6.5344996,3
161839793783519,12926579338,0.090029955,7.6941214,6.5350976,3
161839796283519,12929079338,0.020338992,7.7273216,6.5485573,3
161839798783519,12931579338,-0.025722843,7.728219,6.552446,3
161839801283519,12934079338,-0.048454657,7.723134,6.5928245,3
161839803783519,12936579338,-0.072681986,7.7422767,6.620043,3
161839806283519,12939079338,-0.0849452,7.7300134,6.673283,3
161839808783519,12941579338,-0.083748795,7.697112,6.6224356,3
161839811283519,12944079338,-0.101694964,7.7066836,6.6092753,3
161839813783519,12946579338,-0.12592229,7.7386875,6.6598234,3
161839816283519,12949079338,-0.14536397,7.7763743,6.7031937,3
161839818783519,12951579338,-0.1378864,7.798209,6.7241306,3
161839821283519,12954079338,-0.13070793,7.8140616,6.7343,3
161839823783519,12956579338,-0.12143575,7.818847,6.7384877,3
161839826283519,12959079338,-0.09930214,7.8080792,6.727122,3
161839828783519,12961579338,-0.064008005,7.797013,6.7091756,3
161839831283519,12964079338,-0.0032901312,7.7829547,6.693323,3
161839833783519,12966579338,0.050847482,7.744969,6.6891356,3
161839836283519,12969079338,0.1058824,7.7237325,6.6559353,3
161839838783519,12971579338,0.1698904,7.710273,6.686145,3
161839841283519,12974079338,0.22582264,7.7159557,6.663413,3
161839843783519,12976579338,0.28055847,7.71117,6.639784,3
161839846283519,12979079338,0.3260221,7.700701,6.587441,3
161839848783519,12981579338,0.35653058,7.701898,6.550352,3
161839851283519,12984079338,0.38673997,7.692925,6.4902325,3
161839853783519,12986579338,0.4112664,7.669595,6.471688,3
161839856283519,12989079338,0.40767714,7.656434,6.4495544,3
161839858783519,12991579338,0.39930227,7.6606216,6.454041,3
161839861283519,12994079338,0.40558344,7.6531444,6.4567327,3
161839863783519,12996579338,0.4001996,7.641479,6.4627147,3
161839866283519,12999079338,0.40887356,7.641479,6.4794645,3
161839868783519,13001579338,0.4127619,7.637591,6.492625,3
161839871283519,13004079338,0.4423731,7.626225,6.498607,3
161839873783519,13006579338,0.45014977,7.6184483,6.4402823,3
161839876283519,13009079338,0.4456632,7.628618,6.450751,3
161839878783519,13011579338,0.46869412,7.6340017,6.426224,3
161839881283519,13014079338,0.4779663,7.615457,6.402296,3
161839883783519,13016579338,0.49471608,7.60439,6.3882384,3
161839886283519,13019079338,0.51505506,7.5933237,6.3720865,3
161839888783519,13021579338,0.53389853,7.5774713,6.346663,3
161839891283519,13024079338,0.55034924,7.5622168,6.3550377,3
161839893783519,13026579338,0.5626124,7.542775,6.3191457,3
161839896283519,13029079338,0.56350976,7.5346994,6.3215384,3
161839898783519,13031579338,0.56829536,7.511369,6.3197436,3
161839901283519,13034079338,0.57846487,7.5000033,6.3346987,3
161839903783519,13036579338,0.5820541,7.496115,6.3478594,3
161839906283519,13039079338,0.5688936,7.487441,6.346663,3
161839908783519,13041579338,0.5416752,7.510173,6.358029,3
161839911283519,13044079338,0.51505506,7.5269227,6.361618,3
161839913783519,13046579338,0.4941179,7.533204,6.3714886,3
161839916283519,13049079338,0.4552345,7.5326056,6.39093,3
161839918783519,13051579338,0.43010986,7.5254273,6.4067826,3
161839921283519,13054079338,0.40558344,7.522436,6.450452,3
161839923783519,13056579338,0.39361933,7.509874,6.448358,3
161839926283519,13059079338,0.37417763,7.5086775,6.4624157,3
161839928783519,13061579338,0.3499503,7.501798,6.47109,3
161839931283519,13064079338,0.33469605,7.4883385,6.4591255,3
161839933783519,13066579338,0.34337005,7.475477,6.444769,3
161839936283519,13069079338,0.34337005,7.4677005,6.4462643,3
161839938783519,13071579338,0.35353956,7.4709907,6.445666,3
161839941283519,13074079338,0.37268212,7.4509506,6.4325056,3
161839943783519,13076579338,0.38255253,7.437192,6.439983,3
161839946283519,13079079338,0.4004987,7.4240313,6.431907,3
161839948783519,13081579338,0.41545382,7.4234333,6.4145594,3
161839951283519,13084079338,0.42741793,7.4162545,6.410372,3
161839953783519,13086579338,0.4432704,7.388737,6.4013987,3
161839956283519,13089079338,0.45164528,7.3633137,6.384051,3
161839958783519,13091579338,0.465404,7.353742,6.3882384,3
161839961283519,13094079338,0.49142596,7.3429747,6.413961,3
161839963783519,13096579338,0.51505506,7.344769,6.4402823,3
161839966283519,13099079338,0.51565325,7.3366933,6.4471617,3
161839968783519,13101579338,0.54735816,7.3310103,6.457331,3
161839971283519,13104079338,0.5739783,7.3268228,6.4351974,3
161839973783519,13106579338,0.6029913,7.3304124,6.4381886,3
161839976283519,13109079338,0.6302097,7.2996044,6.390033,3
161839978783519,13111579338,0.6433702,7.295118,6.3050876,3
161839981283519,13114079338,0.64845496,7.312765,6.2365932,3
161839983783519,13116579338,0.6586244,7.3369923,6.15434,3
161839986283519,13119079338,0.64247286,7.349854,6.116952,3
161839988783519,13121579338,0.6577271,7.335497,6.072685,3
161839991283519,13124079338,0.6693921,7.3322067,6.0493546,3
161839993783519,13126579338,0.689432,7.3193455,6.0227346,3
161839996283519,13129079338,0.70977104,7.307082,6.0083776,3
161839998783519,13131579338,0.7262217,7.2930245,6.005686,3
161840001283519,13134079338,0.7435696,7.2987075,6.0170517,3
161840003783519,13136579338,0.74895346,7.281359,6.0176497,3
161840006283519,13139079338,0.7818548,7.2508507,6.0370917,3
161840008783519,13141579338,0.78723866,7.251449,6.0086765,3
161840011283519,13144079338,0.76241314,7.2807612,6.018846,3
161840013783519,13146579338,0.7295118,7.3064837,6.0215383,3
161840016283519,13149079338,0.6966105,7.3343005,6.026324,3
161840018783519,13151579338,0.6664011,7.3543406,6.0583277,3
161840021283519,13154079338,0.63230336,7.3689966,6.062814,3
161840023783519,13156579338,0.61016977,7.3719873,6.073582,3
161840026283519,13159079338,0.5838487,7.3809605,6.0954165,3
161840028783519,13161579338,0.54346985,7.379166,6.096912,3
161840031283519,13164079338,0.51266223,7.376175,6.1085773,3
161840033783519,13166579338,0.47108695,7.4045897,6.1444693,3
161840036283519,13169079338,0.42412782,7.408179,6.1534424,3
161840038783519,13171579338,0.37597227,7.42792,6.181558,3
161840041283519,13174079338,0.33708888,7.4593253,6.2177496,3
161840043783519,13176579338,0.31405798,7.466803,6.2350974,3
161840046283519,13179079338,0.3062813,7.451848,6.2174506,3
161840048783519,13181579338,0.29880372,7.458129,6.1974106,3
161840051283519,13184079338,0.2644069,7.4907312,6.2048883,3
161840053783519,13186579338,0.253041,7.5296144,6.1791654,3
161840056283519,13189079338,0.2440679,7.5460653,6.151648,3
161840058783519,13191579338,0.23599213,7.548458,6.1381884,3
161840061283519,13194079338,0.24376881,7.548159,6.101997,3
161840063783519,13196579338,0.25244278,7.5553374,6.100202,3
161840066283519,13199079338,0.24556342,7.5517483,6.1043897,3
161840068783519,13201579338,0.2228316,7.5314093,6.1097736,3
161840071283519,13204079338,0.21595225,7.530811,6.081957,3
161840073783519,13206579338,0.21684955,7.5472617,6.079863,3
161840076283519,13209079338,0.21714866,7.541579,6.085546,3
161840078783519,13211579338,0.21445672,7.5493555,6.09093,3
161840081283519,13214079338,0.20787647,7.556833,6.11426,3
161840083783519,13216579338,0.21595225,7.562815,6.154041,3
161840086283519,13219079338,0.19860429,7.5756764,6.198906,3
161840088783519,13221579338,0.20877378,7.580462,6.2458653,3
161840091283519,13224079338,0.21535404,7.591529,6.2865434,3
161840093783519,13226579338,0.22313072,7.595118,6.329315,3
161840096283519,13229079338,0.23599213,7.583752,6.3508506,3
161840098783519,13231579338,0.25094727,7.5885377,6.3598237,3
161840101283519,13234079338,0.2847459,7.5900335,6.329315,3
161840103783519,13236579338,0.317049,7.5610204,6.288936,3
161840106283519,13239079338,0.34785658,7.54457,6.247959,3
161840108783519,13241579338,0.35623148,7.520642,6.2084775,3
161840111283519,13244079338,0.3499503,7.519146,6.198308,3
161840113783519,13246579338,0.3275176,7.516454,6.1851473,3
161840116283519,13249079338,0.32153556,7.5293155,6.206982,3
161840118783519,13251579338,0.2835495,7.5263247,6.239285,3
161840121283519,13254079338,0.2620141,7.5379896,6.2868423,3
161840123783519,13256579338,0.232702,7.55115,6.343074,3
161840126283519,13259079338,0.20458634,7.5729847,6.4034925,3
161840128783519,13261579338,0.16869399,7.585248,6.422635,3
161840131283519,13264079338,0.15463616,7.5867434,6.450751,3
161840133783519,13266579338,0.13908282,7.598408,6.459724,3
161840136283519,13269079338,0.12861422,7.5957165,6.4701924,3
161840138783519,13271579338,0.10767702,7.598707,6.446862,3
161840141283519,13274079338,0.08793623,7.6052876,6.4232335,3
161840143783519,13276579338,0.0738784,7.6220374,6.387341,3
161840146283519,13279079338,0.05623133,7.6331043,6.373283,3
161840148783519,13281579338,0.041575294,7.630113,6.3251276,3
161840151283519,13284079338,0.05054838,7.645068,6.2736816,3
161840153783519,13286579338,0.06729814,7.6426754,6.233004,3
161840156283519,13289079338,0.077467635,7.6307116,6.196214,3
161840158783519,13291579338,0.09182457,7.624729,6.1794643,3
161840161283519,13294079338,0.11395818,7.6088767,6.148956,3
161840163783519,13296579338,0.13100705,7.6082788,6.1118674,3
161840166283519,13299079338,0.15104693,7.603792,6.09093,3
161840168783519,13301579338,0.18275183,7.5756764,6.064908,3
161840171283519,13304079338,0.20548365,7.5849485,6.048158,3
161840173783519,13306579338,0.24047868,7.57448,6.047261,3
161840176283519,13309079338,0.27966115,7.562815,6.061618,3
161840178783519,13311579338,0.32452658,7.5664043,6.0780687,3
161840181283519,13314079338,0.34277186,7.537092,6.0828543,3
161840183783519,13316579338,0.35383865,7.5293155,6.113064,3
161840186283519,13319079338,0.38344982,7.52453,6.1624155,3
161840188783519,13321579338,0.40887356,7.5125656,6.169295,3
161840191283519,13324079338,0.41934216,7.5053873,6.216553,3
161840193783519,13326579338,0.43758744,7.498807,6.228218,3
161840196283519,13329079338,0.45224348,7.4656067,6.22433,3
161840198783519,13331579338,0.4651049,7.446763,6.242575,3
161840201283519,13334079338,0.46959144,7.4246297,6.239285,3
161840203783519,13336579338,0.474078,7.409076,6.262615,3
161840206283519,13339079338,0.48424748,7.394121,6.2733827,3
161840208783519,13341579338,0.4833502,7.384849,6.295217,3
161840211283519,13344079338,0.49351966,7.3731837,6.3128643,3
161840213783519,13346579338,0.49381876,7.3573313,6.343373,3
161840216283519,13349079338,0.47138608,7.349854,6.3421764,3
161840218783519,13351579338,0.47676992,7.3528447,6.369096,3
161840221283519,13354079338,0.46061835,7.359425,6.3939214,3
161840223783519,13356579338,0.43669012,7.3609204,6.40439,3
161840226283519,13359079338,0.42053857,7.3692956,6.385546,3
161840228783519,13361579338,0.40408793,7.382456,6.3861446,3
161840231283519,13364079338,0.3717848,7.411768,6.349654,3
161840233783519,13366579338,0.33020952,7.409375,6.329614,3
161840236283519,13369079338,0.29072794,7.416853,6.323034,3
161840238783519,13371579338,0.24975087,7.4195447,6.324529,3
161840241283519,13374079338,0.21266212,7.4234333,6.3197436,3
161840243783519,13376579338,0.17437695,7.426125,6.3511496,3
161840246283519,13379079338,0.15164514,7.4195447,6.339185,3
161840248783519,13381579338,0.13489537,7.4213395,6.3741803,3
161840251283519,13384079338,0.118145615,7.4270225,6.389435,3
161840253783519,13386579338,0.1055833,7.4413795,6.40768,3
161840256283519,13389079338,0.10229317,7.4419775,6.4052873,3
161840258783519,13391579338,0.11156536,7.4476604,6.393323,3
161840261283519,13394079338,0.12203395,7.4437723,6.4002023,3
161840263783519,13396579338,0.1055833,7.458129,6.3945193,3
161840266283519,13399079338,0.09900304,7.463812,6.373283,3
161840268783519,13401579338,0.10677971,7.460821,6.3834524,3
161840271283519,13404079338,0.122931264,7.4662046,6.38435,3
161840273783519,13406579338,0.13160525,7.4566336,6.3981085,3
161840276283519,13409079338,0.16061822,7.440482,6.3996043,3
161840278783519,13411579338,0.19411774,7.4362946,6.396314,3
161840281283519,13414079338,0.23629123,7.4240313,6.3942204,3
161840283783519,13416579338,0.28115666,7.428518,6.407979,3
161840286283519,13419079338,0.3185445,7.4309106,6.402296,3
161840288783519,13421579338,0.36610186,7.4333034,6.396314,3
161840291283519,13424079338,0.40408793,7.4389863,6.3714886,3
161840293783519,13426579338,0.41635114,7.4473615,6.352047,3
161840296283519,13429079338,0.43878385,7.4440713,6.331708,3
161840298783519,13431579338,0.4447659,7.452147,6.291329,3
161840301283519,13434079338,0.45254257,7.448857,6.257231,3
161840303783519,13436579338,0.4408776,7.4587274,6.2180486,3
161840306283519,13439079338,0.42382872,7.4584284,6.1830535,3
161840308783519,13441579338,0.41515473,7.456035,6.15434,3
161840311283519,13444079338,0.39332023,7.448259,6.142675,3
161840313783519,13446579338,0.3610171,7.4856467,6.133403,3
161840316283519,13449079338,0.32063824,7.5029945,6.131309,3
161840318783519,13451579338,0.30059835,7.527521,6.1178493,3
161840321283519,13454079338,0.25663024,7.556833,6.122635,3
161840323783519,13456579338,0.21834506,7.5792656,6.135496,3
161840326283519,13459079338,0.19411774,7.5885377,6.1184473,3
161840328783519,13461579338,0.1591227,7.596614,6.131309,3
161840331283519,13464079338,0.16121642,7.5999036,6.1435723,3
161840333783519,13466579338,0.1477568,7.6016984,6.166902,3
161840336283519,13469079338,0.13220344,7.603792,6.1878395,3
161840338783519,13471579338,0.11934203,7.5954175,6.218946,3
161840341283519,13474079338,0.11964113,7.5792656,6.248557,3
161840343783519,13476579338,0.12981063,7.565507,6.285945,3
161840346283519,13479079338,0.13280165,7.5409803,6.3050876,3
161840348783519,13481579338,0.15194423,7.518847,6.364011,3
161840351283519,13484079338,0.1683949,7.495816,6.3885374,3
161840353783519,13486579338,0.19621146,7.475178,6.416952,3
161840356283519,13489079338,0.22642085,7.4569325,6.4408803,3
161840358783519,13491579338,0.26111677,7.4309106,6.472884,3
161840361283519,13494079338,0.293719,7.429714,6.478567,3
161840363783519,13496579338,0.3080759,7.3992057,6.4908304,3
161840366283519,13499079338,0.31166515,7.3752775,6.4998035,3
161840368783519,13501579338,0.31316066,7.3642106,6.524031,3
161840371283519,13504079338,0.32392836,7.346564,6.558727,3
161840373783519,13506579338,0.32243285,7.3363943,6.5745792,3
161840376283519,13509079338,0.3379862,7.323832,6.6041903,3
161840378783519,13511579338,0.32662028,7.3217382,6.6134624,3
161840381283519,13514079338,0.31196424,7.3100734,6.6329045,3
161840383783519,13516579338,0.31136605,7.3118677,6.6245294,3
161840386283519,13519079338,0.3152544,7.305886,6.621239,3
161840388783519,13521579338,0.30508488,7.323832,6.6146593,3
161840391283519,13524079338,0.3044867,7.313363,6.6053867,3
161840393783519,13526579338,0.31286156,7.32114,6.599704,3
161840396283519,13529079338,0.32662028,7.320542,6.5668025,3
161840398783519,13531579338,0.3382853,7.325926,6.558727,3
161840401283519,13534079338,0.36759737,7.313363,6.5347986,3
161840403783519,13536579338,0.39840496,7.300502,6.5294147,3
161840406283519,13539079338,0.42951167,7.2957163,6.5021963,3
161840408783519,13541579338,0.47168517,7.283154,6.477969,3
161840411283519,13544079338,0.49651068,7.273882,6.457331,3
161840413783519,13546579338,0.52941203,7.275975,6.415457,3
161840416283519,13549079338,0.5341976,7.281359,6.3738813,3
161840418783519,13551579338,0.54735816,7.292127,6.3218374,3
161840421283519,13554079338,0.5557331,7.304091,6.2694945,3
161840423783519,13556579338,0.56470615,7.3157563,6.2027946,3
161840426283519,13559079338,0.56141603,7.32772,6.169295,3
161840428783519,13561579338,0.56769717,7.3522468,6.1731834,3
161840431283519,13564079338,0.5509474,7.365108,6.170491,3
161840433783519,13566579338,0.5395815,7.3827553,6.175277,3
161840436283519,13569079338,0.52133626,7.402197,6.176174,3
161840438783519,13571579338,0.50368917,7.4153576,6.198009,3
161840441283519,13574079338,0.48185465,7.416853,6.2048883,3
161840443783519,13576579338,0.44685963,7.4237323,6.218348,3
161840446283519,13579079338,0.41635114,7.440482,6.2342005,3
161840448783519,13581579338,0.38703907,7.450352,6.253941,3
161840451283519,13584079338,0.3595216,7.45783,6.285646,3
161840453783519,13586579338,0.33379877,7.455138,6.308976,3
161840456283519,13589079338,0.2868396,7.472486,6.318846,3
161840458783519,13591579338,0.24436702,7.4847493,6.317351,3
161840461283519,13594079338,0.19561325,7.49462,6.318846,3
161840463783519,13596579338,0.15224335,7.5035925,6.3110695,3
161840466283519,13599079338,0.11216356,7.511369,6.290731,3
161840468783519,13601579338,0.07836494,7.510173,6.294918,3
161840471283519,13604079338,0.046061836,7.522436,6.29103,3
161840473783519,13606579338,0.034396827,7.5032935,6.326623,3
161840476283519,13609079338,0.03379862,7.494919,6.365207,3
161840478783519,13611579338,0.032004002,7.481459,6.406184,3
161840481283519,13614079338,0.032004002,7.4593253,6.450751,3
161840483783519,13616579338,0.04636094,7.451549,6.503991,3
161840486283519,13619079338,0.07208378,7.4324064,6.556633,3
161840488783519,13621579338,0.077467635,7.428817,6.597012,3
161840491283519,13624079338,0.0951147,7.4141607,6.605985,3
161840493783519,13626579338,0.11216356,7.4333034,6.626025,3
161840496283519,13629079338,0.12891331,7.4153576,6.628717,3
161840498783519,13631579338,0.14237295,7.416853,6.643373,3
161840501283519,13634079338,0.16719848,7.416853,6.6834526,3
161840503783519,13636579338,0.1692922,7.4129643,6.6798635,3
161840506283519,13639079338,0.21565314,7.4099736,6.693024,3
161840508783519,13641579338,0.23509483,7.3770723,6.716354,3
161840511283519,13644079338,0.2730809,7.376175,6.7229342,3
161840513783519,13646579338,0.30418757,7.348059,6.707082,3
161840516283519,13649079338,0.33409786,7.3256264,6.680462,3
161840518783519,13651579338,0.3592225,7.309176,6.650851,3
161840521283519,13654079338,0.37956148,7.2936225,6.5946193,3
161840523783519,13656579338,0.38614175,7.3064837,6.5365934,3
161840526283519,13659079338,0.38554356,7.3079796,6.4815583,3
161840528783519,13661579338,0.37088752,7.3322067,6.4127645,3
161840531283519,13664079338,0.35443684,7.348059,6.335596,3
161840533783519,13666579338,0.31974092,7.3603225,6.2865434,3
161840536283519,13669079338,0.29910284,7.382157,6.2470617,3
161840538783519,13671579338,0.25692934,7.4048886,6.2123656,3
161840541283519,13674079338,0.23060828,7.4240313,6.201897,3
161840543783519,13676579338,0.20279172,7.436893,6.2213387,3
161840546283519,13679079338,0.19920248,7.446165,6.2530437,3
161840548783519,13681579338,0.1905285,7.453942,6.2691956,3
161840551283519,13684079338,0.17766708,7.4548388,6.2883377,3
161840553783519,13686579338,0.18424734,7.4682984,6.300003,3
161840556283519,13689079338,0.1911267,7.455138,6.2994046,3
161840558783519,13691579338,0.20309082,7.4479594,6.276972,3
161840561283519,13694079338,0.1788635,7.4333034,6.244669,3
161840563783519,13696579338,0.18454644,7.434799,6.224928,3
161840566283519,13699079338,0.20428723,7.422237,6.2159553,3
161840568783519,13701579338,0.19890338,7.409076,6.2123656,3
161840571283519,13704079338,0.19920248,7.41446,6.209674,3
161840573783519,13706579338,0.21565314,7.41117,6.224928,3
161840576283519,13709079338,0.2216352,7.4042907,6.195317,3
161840578783519,13711579338,0.24885355,7.408179,6.17767,3
161840581283519,13714079338,0.25902304,7.4249287,6.1791654,3
161840583783519,13716579338,0.26470602,7.451549,6.210272,3
161840586283519,13719079338,0.27726832,7.4246297,6.282954,3
161840588783519,13721579338,0.30119655,7.4063845,6.2060847,3
161840591283519,13724079338,0.31465617,7.361818,6.186942,3
161840593783519,13726579338,0.30358937,7.373782,6.194719,3
161840596283519,13729079338,0.31076783,7.384849,6.250651,3
161840598783519,13731579338,0.31345975,7.396514,6.297311,3
161840601283519,13734079338,0.29012975,7.4183483,6.3182483,3
161840603783519,13736579338,0.2853441,7.4216385,6.343672,3
161840606283519,13739079338,0.28175488,7.4359956,6.3801622,3
161840608783519,13741579338,0.28773692,7.437491,6.390033,3
161840611283519,13744079338,0.29222345,7.4440713,6.4232335,3
161840613783519,13746579338,0.2973082,7.4494553,6.4420767,3
161840616283519,13749079338,0.30119655,7.446763,6.448657,3
161840618783519,13751579338,0.30000013,7.436893,6.433702,3
161840621283519,13754079338,0.29102704,7.4309106,6.4256263,3
161840623783519,13756579338,0.29970104,7.4192457,6.4028945,3
161840626283519,13759079338,0.30059835,7.397112,6.408278,3
161840628783519,13761579338,0.29850462,7.390831,6.4178495,3
161840631283519,13764079338,0.30000013,7.384849,6.38764,3
161840633783519,13766579338,0.30418757,7.389036,6.39093,3
161840636283519,13769079338,0.30000013,7.3860455,6.3678994,3
161840638783519,13771579338,0.3068795,7.3893356,6.3792653,3
161840641283519,13774079338,0.30059835,7.3983083,6.3457656,3
161840643783519,13776579338,0.27786654,7.4105716,6.332007,3
161840646283519,13779079338,0.26291138,7.4126654,6.3161545,3
161840648783519,13781579338,0.25004998,7.411768,6.318846,3
161840651283519,13784079338,0.25393832,7.4033933,6.335297,3
161840653783519,13786579338,0.23419751,7.397112,6.3104715,3
161840656283519,13789079338,0.22642085,7.3845496,6.355935,3
161840658783519,13791579338,0.23838496,7.368697,6.385546,3
161840661283519,13794079338,0.22941187,7.3731837,6.4052873,3
161840663783519,13796579338,0.23030917,7.3926253,6.4325056,3
161840666283519,13799079338,0.2324029,7.3959155,6.492924,3
161840668783519,13801579338,0.25184458,7.4072814,6.5255265,3
161840671283519,13804079338,0.2440679,7.399505,6.5464635,3
161840673783519,13806579338,0.2641078,7.394121,6.558727,3
161840676283519,13809079338,0.26141587,7.385148,6.565008,3
161840678783519,13811579338,0.26111677,7.3728848,6.5662045,3
161840681283519,13814079338,0.26111677,7.365407,6.5662045,3
161840683783519,13816579338,0.2440679,7.353443,6.553044,3
161840686283519,13819079338,0.2428715,7.3513494,6.532406,3
161840688783519,13821579338,0.2515455,7.333702,6.533901,3
161840691283519,13824079338,0.27008986,7.3160553,6.5488563,3
161840693783519,13826579338,0.27337998,7.3079796,6.535995,3
161840696283519,13829079338,0.28923243,7.2996044,6.52104,3
161840698783519,13831579338,0.29940194,7.2933235,6.524031,3
161840701283519,13834079338,0.3068795,7.2807612,6.513562,3
161840703783519,13836579338,0.3179463,7.2792654,6.518946,3
161840706283519,13839079338,0.31046873,7.25773,6.5001025,3
161840708783519,13841579338,0.30358937,7.252047,6.4788666,3
161840711283519,13844079338,0.2940181,7.248159,6.4675007,3
161840713783519,13846579338,0.2754737,7.2472615,6.4683976,3
161840716283519,13849079338,0.23599213,7.2296147,6.4704914,3
161840718783519,13851579338,0.22492532,7.233204,6.4624157,3
161840721283519,13854079338,0.2105684,7.239485,6.489634,3
161840723783519,13856579338,0.20039889,7.2412796,6.5219374,3
161840726283519,13859079338,0.18514465,7.2547393,6.550352,3
161840728783519,13861579338,0.16719848,7.2616186,6.580262,3
161840731283519,13864079338,0.16181463,7.2735825,6.611967,3
161840733783519,13866579338,0.14925231,7.294819,6.6475606,3
161840736283519,13869079338,0.15014961,7.315457,6.68106,3
161840738783519,13871579338,0.1576272,7.3250284,6.6975107,3
161840741283519,13874079338,0.16540386,7.3360953,6.701399,3
161840743783519,13876579338,0.17347965,7.354041,6.6915283,3
161840746283519,13879079338,0.17168503,7.3633137,6.6858454,3
161840748783519,13881579338,0.17736799,7.353443,6.652944,3
161840751283519,13884079338,0.16779669,7.381559,6.619744,3
161840753783519,13886579338,0.16570297,7.3893356,6.5662045,3
161840756283519,13889079338,0.17318054,7.396813,6.533901,3
161840758783519,13891579338,0.17318054,7.405188,6.4935226,3
161840761283519,13894079338,0.1680958,7.405786,6.4683976,3
161840763783519,13896579338,0.15792629,7.4069824,6.436992,3
161840766283519,13899079338,0.16091733,7.4048886,6.4345994,3
161840768783519,13901579338,0.14386846,7.4327054,6.432206,3
161840771283519,13904079338,0.14117654,7.4344997,6.4208403,3
161840773783519,13906579338,0.14506488,7.4440713,6.413064,3
161840776283519,13909079338,0.16181463,7.442576,6.393323,3
161840778783519,13911579338,0.17916259,7.457232,6.382256,3
161840781283519,13914079338,0.19351953,7.45783,6.361917,3
161840783783519,13916579338,0.19740787,7.452446,6.298507,3
161840786283519,13919079338,0.19920248,7.448558,6.2961144,3
161840788783519,13921579338,0.18634106,7.454241,6.2694945,3
161840791283519,13924079338,0.18843478,7.457531,6.25424,3
161840793783519,13926579338,0.17826529,7.4602227,6.2491555,3
161840796283519,13929079338,0.18155542,7.4644103,6.2497535,3
161840798783519,13931579338,0.19202402,7.4623165,6.2383876,3
161840801283519,13934079338,0.200698,7.475178,6.2401824,3
161840803783519,13936579338,0.22073789,7.475477,6.263213,3
161840806283519,13939079338,0.22971097,7.4772716,6.2691956,3
161840808783519,13941579338,0.26051855,7.487441,6.271289,3
161840811283519,13944079338,0.2754737,7.4808607,6.306284,3
161840813783519,13946579338,0.2847459,7.4859457,6.3370914,3
161840816283519,13949079338,0.30299118,7.48774,6.3338017,3
161840818783519,13951579338,0.31076783,7.502097,6.3394847,3
161840821283519,13954079338,0.3080759,7.5011997,6.365207,3
161840823783519,13956579338,0.31076783,7.5068827,6.370292,3
161840826283519,13959079338,0.3068795,7.50449,6.378069,3
161840828783519,13961579338,0.31286156,7.493124,6.383752,3
161840831283519,13964079338,0.31166515,7.495816,6.398707,3
161840833783519,13966579338,0.3074777,7.4775705,6.428617,3
161840836283519,13969079338,0.29820552,7.4802628,6.4127645,3
161840838783519,13971579338,0.30329028,7.47458,6.430412,3
161840841283519,13974079338,0.31286156,7.4677005,6.445367,3
161840843783519,13976579338,0.32213375,7.46112,6.4471617,3
161840846283519,13979079338,0.30388847,7.4599237,6.45105,3
161840848783519,13981579338,0.30927232,7.457531,6.4680986,3
161840851283519,13984079338,0.30987054,7.4536424,6.4701924,3
161840853783519,13986579338,0.31166515,7.45454,6.4821568,3
161840856283519,13989079338,0.3155535,7.4647093,6.485746,3
161840858783519,13991579338,0.30239296,7.466504,6.4758754,3
161840861283519,13994079338,0.31136605,7.4509506,6.450751,3
161840863783519,13996579338,0.30927232,7.4647093,6.425028,3
161840866283519,13999079338,0.29192436,7.4697943,6.389435,3
161840868783519,14001579338,0.26141587,7.4787674,6.3655066,3
161840871283519,14004079338,0.26261228,7.469495,6.323333,3
161840873783519,14006579338,0.25214368,7.474879,6.2922263,3
161840876283519,14009079338,0.24107689,7.469495,6.27099,3
161840878783519,14011579338,0.24227329,7.467102,6.242874,3
161840881283519,14014079338,0.24197419,7.440482,6.242874,3
161840883783519,14016579338,0.23539393,7.430013,6.2440705,3
161840886283519,14019079338,0.22791636,7.4096746,6.2641106,3
161840888783519,14021579338,0.24107689,7.396514,6.2877398,3
161840891283519,14024079338,0.24376881,7.393822,6.315257,3
161840893783519,14026579338,0.23599213,7.3869424,6.3278193,3
161840896283519,14029079338,0.2638087,7.3809605,6.3460646,3
161840898783519,14031579338,0.27158538,7.363014,6.3287168,3
161840901283519,14034079338,0.27068806,7.353443,6.3185472,3
161840903783519,14036579338,0.2638087,7.3567333,6.2976103,3
161840906283519,14039079338,0.2727818,7.3570323,6.285646,3
161840908783519,14041579338,0.2653042,7.341479,6.298507,3
161840911283519,14044079338,0.2548356,7.344769,6.2808604,3
161840913783519,14046579338,0.2542374,7.361519,6.3158555,3
161840916283519,14049079338,0.25812575,7.3543406,6.330212,3
161840918783519,14051579338,0.27726832,7.3513494,6.3550377,3
161840921283519,14054079338,0.29282168,7.3396845,6.364011,3
161840923783519,14056579338,0.33349967,7.340881,6.3711896,3
161840926283519,14059079338,0.36550367,7.335198,6.378966,3
161840928783519,14061579338,0.3906283,7.3286176,6.358029,3
161840931283519,14064079338,0.40408793,7.333403,6.3326054,3
161840933783519,14066579338,0.4232305,7.3190465,6.3164535,3
161840936283519,14069079338,0.45912284,7.313064,6.289235,3
161840938783519,14071579338,0.4749753,7.3103724,6.2524457,3
161840941283519,14074079338,0.48424748,7.298408,6.2267227,3
161840943783519,14076579338,0.48424748,7.2906313,6.201897,3
161840946283519,14079079338,0.4872385,7.3052874,6.122635,3
161840948783519,14081579338,0.46869412,7.286444,6.0840507,3
161840951283519,14084079338,0.46301118,7.2912297,6.0640106,3
161840953783519,14086579338,0.44985065,7.292725,6.046364,3
161840956283519,14089079338,0.43758744,7.300801,6.0607204,3
161840958783519,14091579338,0.42622152,7.3085775,6.0598235,3
161840961283519,14094079338,0.38344982,7.3402824,6.0661044,3
161840963783519,14096579338,0.3382853,7.34118,6.0951176,3
161840966283519,14099079338,0.3179463,7.3525457,6.1010995,3
161840968783519,14101579338,0.2853441,7.3746796,6.114858,3
161840971283519,14104079338,0.25244278,7.392925,6.1271214,3
161840973783519,14106579338,0.21834506,7.4039917,6.1307106,3
161840976283519,14109079338,0.180359,7.4138618,6.1396837,3
161840978783519,14111579338,0.15732808,7.4246297,6.1453667,3
161840981283519,14114079338,0.1363909,7.430013,6.1525455,3
161840983783519,14116579338,0.11694921,7.4291162,6.1627145,3
161840986283519,14119079338,0.11306087,7.428219,6.171987,3
161840988783519,14121579338,0.1058824,7.428817,6.175277,3
161840991283519,14124079338,0.10378868,7.41446,6.198308,3
161840993783519,14126579338,0.093918286,7.417152,6.2147584,3
161840996283519,14129079338,0.08644072,7.428219,6.2751775,3
161840998783519,14131579338,0.07776674,7.4219375,6.3421764,3
161841001283519,14134079338,0.06969096,7.425826,6.387341,3
161841003783519,14136579338,0.08015956,7.4389863,6.4411793,3
161841006283519,14139079338,0.06550352,7.446464,6.460322,3
161841008783519,14141579338,0.06281159,7.4458656,6.500701,3
161841011283519,14144079338,0.067896344,7.457531,6.503991,3
161841013783519,14146579338,0.044865426,7.454241,6.5315084,3
161841016283519,14149079338,0.057726845,7.4479594,6.554539,3
161841018783519,14151579338,0.063110694,7.448857,6.5943203,3
161841021283519,14154079338,0.07537391,7.4416785,6.628717,3
161841023783519,14156579338,0.09182457,7.416554,6.6831536,3
161841026283519,14159079338,0.09421739,7.4072814,6.709774,3
161841028783519,14161579338,0.15314065,7.3773713,6.741778,3
161841031283519,14164079338,0.18664017,7.3399835,6.7387867,3
161841033783519,14166579338,0.22911277,7.320542,6.7381887,3
161841036283519,14169079338,0.2748755,7.307381,6.699006,3
161841038783519,14171579338,0.29940194,7.2933235,6.6649084,3
161841041283519,14174079338,0.33110684,7.274779,6.6107707,3
161841043783519,14176579338,0.35623148,7.2726855,6.582057,3
161841046283519,14179079338,0.37447673,7.26102,6.509375,3
161841048783519,14181579338,0.38644084,7.2490563,6.471688,3
161841051283519,14184079338,0.39840496,7.2499533,6.468996,3
161841053783519,14186579338,0.41515473,7.2475605,6.469295,3
161841056283519,14189079338,0.4316054,7.2508507,6.486045,3
161841058783519,14191579338,0.4336991,7.242476,6.472884,3
161841061283519,14194079338,0.43938205,7.251748,6.457929,3
161841063783519,14196579338,0.44715872,7.2418776,6.474679,3
161841066283519,14199079338,0.45972106,7.2640114,6.4797635,3
161841068783519,14201579338,0.45613182,7.2915287,6.4680986,3
161841071283519,14204079338,0.44685963,7.307082,6.4791656,3
161841073783519,14206579338,0.41694933,7.331609,6.4845495,3
161841076283519,14209079338,0.41605204,7.3028946,6.5222363,3
161841078783519,14211579338,0.39361933,7.309475,6.451648,3
161841081283519,14214079338,0.35712877,7.30768,6.4501524,3
161841083783519,14216579338,0.3361916,7.3166533,6.4938216,3
161841086283519,14219079338,0.31345975,7.3166533,6.5234327,3
161841088783519,14221579338,0.28265217,7.3082786,6.558428,3
161841091283519,14224079338,0.2638087,7.3378897,6.5422764,3
161841093783519,14226579338,0.23808585,7.3304124,6.5276203,3
161841096283519,14229079338,0.22642085,7.3396845,6.513562,3
161841098783519,14231579338,0.2222334,7.3402824,6.5033927,3
161841101283519,14234079338,0.22073789,7.3369923,6.492027,3
161841103783519,14236579338,0.21894327,7.3369923,6.495616,3
161841106283519,14239079338,0.24945176,7.3378897,6.4812593,3
161841108783519,14241579338,0.232702,7.3199434,6.4642105,3
161841111283519,14244079338,0.22642085,7.3381886,6.4528446,3
161841113783519,14246579338,0.21834506,7.3576307,6.4609203,3
161841116283519,14249079338,0.21655045,7.3633137,6.436992,3
161841118783519,14251579338,0.20398813,7.3860455,6.4142604,3
161841121283519,14254079338,0.1896312,7.387242,6.3924255,3
161841123783519,14256579338,0.19202402,7.4123664,6.381957,3
161841126283519,14259079338,0.16510476,7.4216385,6.381957,3
161841128783519,14261579338,0.15882361,7.4240313,6.389435,3
161841131283519,14264079338,0.15164514,7.43779,6.389734,3
161841133783519,14266579338,0.14476576,7.4599237,6.3981085,3
161841136283519,14269079338,0.14386846,7.467102,6.396314,3
161841138783519,14271579338,0.14446667,7.4826555,6.3918276,3
161841141283519,14274079338,0.13429718,7.4805617,6.3885374,3
161841143783519,14276579338,0.13399807,7.4937224,6.385247,3
161841146283519,14279079338,0.15523437,7.483553,6.3831534,3
161841148783519,14281579338,0.17736799,7.4712896,6.375975,3
161841151283519,14284079338,0.2000998,7.4682984,6.381658,3
161841153783519,14286579338,0.2105684,7.4452677,6.383752,3
161841156283519,14289079338,0.23060828,7.43121,6.3771715,3
161841158783519,14291579338,0.26679972,7.425527,6.370591,3
161841161283519,14294079338,0.276371,7.4186473,6.3882384,3
161841163783519,14296579338,0.30837503,7.4159555,6.389435,3
161841166283519,14299079338,0.31585258,7.402795,6.4031935,3
161841168783519,14301579338,0.3278167,7.3935227,6.4408803,3
161841171283519,14304079338,0.34217364,7.390831,6.4289165,3
161841173783519,14306579338,0.36670008,7.3788667,6.430711,3
161841176283519,14309079338,0.3696911,7.3782687,6.4480586,3
161841178783519,14311579338,0.37776688,7.3755765,6.451349,3
161841181283519,14314079338,0.37627137,7.374081,6.422336,3
161841183783519,14316579338,0.389731,7.3609204,6.4202423,3
161841186283519,14319079338,0.38344982,7.3492556,6.4181485,3
161841188783519,14321579338,0.38135612,7.3190465,6.381957,3
161841191283519,14324079338,0.4103691,7.3163543,6.390631,3
161841193783519,14326579338,0.41156548,7.2879395,6.376274,3
161841196283519,14329079338,0.41336012,7.2807612,6.3696938,3
161841198783519,14331579338,0.41994038,7.273882,6.3517475,3
161841201283519,14334079338,0.41814575,7.2711897,6.361917,3
161841203783519,14336579338,0.4214359,7.268797,6.376274,3
161841206283519,14339079338,0.4408776,7.2670026,6.3792653,3
161841208783519,14341579338,0.44207397,7.2756763,6.3801622,3
161841211283519,14344079338,0.44027936,7.280163,6.3882384,3
161841213783519,14346579338,0.4354937,7.2876406,6.381658,3
161841216283519,14349079338,0.44207397,7.289136,6.3753767,3
161841218783519,14351579338,0.44147578,7.2792654,6.3625154,3
161841221283519,14354079338,0.46002015,7.280462,6.355636,3
161841223783519,14356579338,0.44147578,7.2702923,6.341578,3
161841226283519,14359079338,0.44027936,7.2655067,6.3083777,3
161841228783519,14361579338,0.43040898,7.264909,6.282954,3
161841231283519,14364079338,0.41934216,7.2619176,6.279664,3
161841233783519,14366579338,0.39810586,7.262815,6.2871413,3
161841236283519,14369079338,0.37986058,7.2640114,6.2641106,3
161841238783519,14371579338,0.32961133,7.2702923,6.282356,3
161841241283519,14374079338,0.3068795,7.2912297,6.2928243,3
161841243783519,14376579338,0.2727818,7.303194,6.311369,3
161841246283519,14379079338,0.23449662,7.314859,6.3460646,3
161841248783519,14381579338,0.19920248,7.3286176,6.3714886,3
161841251283519,14384079338,0.17587246,7.3552375,6.3792653,3
161841253783519,14386579338,0.14895321,7.3525457,6.4106708,3
161841256283519,14389079338,0.11335997,7.3785677,6.410372,3
161841258783519,14391579338,0.08763713,7.392925,6.396314,3
161841261283519,14394079338,0.08225328,7.4069824,6.3918276,3
161841263783519,14396579338,0.07836494,7.4138618,6.3942204,3
161841266283519,14399079338,0.082851484,7.4177504,6.396912,3
161841268783519,14401579338,0.097806625,7.4306116,6.398707,3
161841271283519,14404079338,0.12592229,7.4096746,6.3720865,3
161841273783519,14406579338,0.13878371,7.3806615,6.370591,3
161841276283519,14409079338,0.16660027,7.366903,6.385247,3
161841278783519,14411579338,0.20279172,7.353144,6.399305,3
161841281283519,14414079338,0.22881366,7.3343005,6.413662,3
161841283783519,14416579338,0.2739782,7.3283186,6.432206,3
161841286283519,14419079338,0.29282168,7.2903323,6.4612193,3
161841288783519,14421579338,0.32004002,7.307381,6.491429,3
161841291283519,14424079338,0.3367898,7.2975106,6.517451,3
161841293783519,14426579338,0.37088752,7.2939215,6.5333033,3
161841296283519,14429079338,0.3909274,7.2858458,6.5647087,3
161841298783519,14431579338,0.4010969,7.271788,6.5781684,3
161841301283519,14434079338,0.42951167,7.266404,6.593722,3
161841303783519,14436579338,0.42083767,7.2496543,6.5871415,3
161841306283519,14439079338,0.43280178,7.2499533,6.571289,3
161841308783519,14441579338,0.43280178,7.2433734,6.547062,3
161841311283519,14444079338,0.4334,7.2355967,6.5464635,3
161841313783519,14446579338,0.42741793,7.240083,6.541678,3
161841316283519,14449079338,0.4142574,7.2502527,6.515656,3
161841318783519,14451579338,0.4124628,7.25444,6.4944196,3
161841321283519,14454079338,0.41964126,7.263413,6.483353,3
161841323783519,14456579338,0.41515473,7.2702923,6.4537416,3
161841326283519,14459079338,0.42921257,7.262815,6.4528446,3
161841328783519,14461579338,0.42652065,7.2586274,6.4271216,3
161841331283519,14464079338,0.4118646,7.2640114,6.4005013,3
161841333783519,14466579338,0.39870408,7.268498,6.407381,3
161841336283519,14469079338,0.34366915,7.2849483,6.401997,3
161841338783519,14471579338,0.29312077,7.3046894,6.4217377,3
161841341283519,14474079338,0.24975087,7.3100734,6.4609203,3
161841343783519,14476579338,0.20578274,7.3372917,6.469295,3
161841346283519,14479079338,0.16211374,7.355836,6.4905314,3
161841348783519,14481579338,0.106480606,7.379764,6.5258255,3
161841351283519,14484079338,0.0529412,7.3839517,6.5641108,3
161841353783519,14486579338,-0.0026919255,7.4234333,6.602396,3
161841356283519,14489079338,-0.04426722,7.4359956,6.6511497,3
161841358783519,14491579338,-0.08315059,7.4512496,6.671489,3
161841361283519,14494079338,-0.10707881,7.4847493,6.684051,3
161841363783519,14496579338,-0.15074782,7.4802628,6.7229342,3
161841366283519,14499079338,-0.15732808,7.499106,6.7378893,3
161841368783519,14501579338,-0.16360925,7.4994054,6.753144,3
161841371283519,14504079338,-0.17706887,7.510173,6.7319074,3
161841373783519,14506579338,-0.15972091,7.5065837,6.7205415,3
161841376283519,14509079338,-0.14057833,7.502097,6.6975107,3
161841378783519,14511579338,-0.119042926,7.498209,6.6735826,3
161841381283519,14514079338,-0.08943175,7.502097,6.621239,3
161841383783519,14516579338,-0.046660043,7.45783,6.580262,3
161841386283519,14519079338,-0.011365907,7.470392,6.533602,3
161841388783519,14521579338,0.027816564,7.449754,6.494719,3
161841391283519,14524079338,0.052342996,7.43779,6.468697,3
161841393783519,14526579338,0.086141616,7.426424,6.451648,3
161841396283519,14529079338,0.11455639,7.428518,6.437889,3
161841398783519,14531579338,0.14506488,7.4267235,6.430113,3
161841401283519,14534079338,0.15433706,7.4306116,6.4477596,3
161841403783519,14536579338,0.16390835,7.4509506,6.459724,3
161841406283519,14539079338,0.18394823,7.463812,6.467201,3
161841408783519,14541579338,0.19501504,7.467102,6.489933,3
161841411283519,14544079338,0.19920248,7.479964,6.5057855,3
161841413783519,14546579338,0.20757736,7.4739814,6.5165534,3
161841416283519,14549079338,0.23509483,7.469495,6.530312,3
161841418783519,14551579338,0.23569304,7.4679995,6.5374904,3
161841421283519,14554079338,0.25184458,7.470392,6.527022,3
161841423783519,14556579338,0.2623132,7.4650083,6.5234327,3
161841426283519,14559079338,0.27936205,7.4563346,6.502496,3
161841428783519,14561579338,0.30987054,7.43779,6.4701924,3
161841431283519,14564079338,0.33230326,7.429415,6.4477596,3
161841433783519,14566579338,0.34187454,7.4306116,6.416952,3
161841436283519,14569079338,0.36370903,7.420143,6.401698,3
161841438783519,14571579338,0.39930227,7.4007015,6.3777695,3
161841441283519,14574079338,0.4121637,7.390532,6.3565335,3
161841443783519,14576579338,0.42562333,7.372287,6.3885374,3
161841446283519,14579079338,0.43130627,7.370492,6.4034925,3
161841448783519,14581579338,0.42891344,7.347461,6.406184,3
161841451283519,14584079338,0.42831525,7.346863,6.43101,3
161841453783519,14586579338,0.43010986,7.3375907,6.452246,3
161841456283519,14589079338,0.4112664,7.332805,6.4815583,3
161841458783519,14591579338,0.4004987,7.3253274,6.4851475,3
161841461283519,14594079338,0.38285163,7.325926,6.480362,3
161841463783519,14596579338,0.3610171,7.3172517,6.45763,3
161841466283519,14599079338,0.33499518,7.300801,6.4363937,3
161841468783519,14601579338,0.32033914,7.2912297,6.424729,3
161841471283519,14604079338,0.29641092,7.3022966,6.4008007,3
161841473783519,14606579338,0.27996024,7.2954173,6.385247,3
161841476283519,14609079338,0.2635096,7.2936225,6.3568325,3
161841478783519,14611579338,0.22432712,7.2930245,6.3418775,3
161841481283519,14614079338,0.20608185,7.294819,6.317052,3
161841483783519,14616579338,0.16630118,7.292127,6.2958155,3
161841486283519,14619079338,0.13908282,7.2879395,6.2883377,3
161841488783519,14621579338,0.11724831,7.2897344,6.291329,3
161841491283519,14624079338,0.09092726,7.2990065,6.285347,3
161841493783519,14626579338,0.0634098,7.301698,6.2901325,3
161841496283519,14629079338,0.055932228,7.3022966,6.300003,3
161841498783519,14631579338,0.03888337,7.2969127,6.322436,3
161841501283519,14634079338,0.040677983,7.294819,6.3508506,3
161841503783519,14636579338,0.053539407,7.29452,6.349056,3
161841506283519,14639079338,0.067896344,7.2843504,6.361917,3
161841508783519,14641579338,0.104985096,7.280462,6.3664036,3
161841511283519,14644079338,0.1486541,7.2658057,6.3750777,3
161841513783519,14646579338,0.18544376,7.2376904,6.372386,3
161841516283519,14649079338,0.21505493,7.242177,6.3792653,3
161841518783519,14651579338,0.24586253,7.222735,6.372685,3
161841521283519,14654079338,0.2883351,7.207481,6.361618,3
161841523783519,14656579338,0.32123643,7.205686,6.352944,3
161841526283519,14659079338,0.3589234,7.202097,6.34098,3
161841528783519,14661579338,0.38464624,7.1973114,6.3278193,3
161841531283519,14664079338,0.40618163,7.192526,6.323034,3
161841533783519,14666579338,0.421735,7.1973114,6.3009005,3
161841536283519,14669079338,0.4351946,7.2068825,6.2751775,3
161841538783519,14671579338,0.43788654,7.2065835,6.259026,3
161841541283519,14674079338,0.44775695,7.2068825,6.238687,3
161841543783519,14676579338,0.44656053,7.2152576,6.219245,3
161841546283519,14679079338,0.45074797,7.226025,6.221638,3
161841548783519,14681579338,0.46839502,7.2466636,6.213562,3
161841551283519,14684079338,0.47916272,7.238887,6.196214,3
161841553783519,14686579338,0.48215377,7.25773,6.187241,3
161841556283519,14689079338,0.4743771,7.2670026,6.1794643,3
161841558783519,14691579338,0.453739,7.279864,6.1842504,3
161841561283519,14694079338,0.41006997,7.3052874,6.181259,3
161841563783519,14696579338,0.38344982,7.3283186,6.1920266,3
161841566283519,14699079338,0.37238303,7.3552375,6.2108703,3
161841568783519,14701579338,0.34337005,7.372586,6.2294145,3
161841571283519,14704079338,0.3272185,7.3830543,6.239584,3
161841573783519,14706579338,0.3047858,7.385746,6.2147584,3
161841576283519,14709079338,0.28953153,7.401898,6.2048883,3
161841578783519,14711579338,0.26889345,7.3956165,6.20758,3
161841581283519,14714079338,0.27696922,7.3983083,6.22104,3
161841583783519,14716579338,0.26291138,7.4102726,6.2258253,3
161841586283519,14719079338,0.26650062,7.4210405,6.2111692,3
161841588783519,14721579338,0.26919255,7.4066834,6.2342005,3
161841591283519,14724079338,0.26799613,7.425527,6.241379,3
161841593783519,14726579338,0.2730809,7.422237,6.2318077,3
161841596283519,14729079338,0.28295127,7.4234333,6.239584,3
161841598783519,14731579338,0.27786654,7.419844,6.22762,3
161841601283519,14734079338,0.2724827,7.4192457,6.2288165,3
161841603783519,14736579338,0.2955136,7.4010005,6.2398834,3
161841606283519,14739079338,0.29072794,7.399505,6.2668023,3
161841608783519,14741579338,0.29970104,7.3920274,6.295217,3
161841611283519,14744079338,0.28295127,7.373782,6.3394847,3
161841613783519,14746579338,0.2742773,7.3713894,6.3753767,3
161841616283519,14749079338,0.2632105,7.3731837,6.4142604,3
161841618783519,14751579338,0.23629123,7.379764,6.4669023,3
161841621283519,14754079338,0.2000998,7.3788667,6.530611,3
161841623783519,14756579338,0.17527425,7.366903,6.600601,3
161841626283519,14759079338,0.16151553,7.3172517,6.674779,3
161841628783519,14761579338,0.12203395,7.3028946,6.7405815,3
161841631283519,14764079338,0.102592275,7.3169527,6.8410797,3
161841633783519,14766579338,0.052043892,7.3567333,6.8671017,3
161841636283519,14769079338,0.008673982,7.390532,6.8575306,3
161841638783519,14771579338,-5.9820566E-4,7.382456,6.875477,3
161841641283519,14774079338,8.9730846E-4,7.353742,6.876075,3
161841643783519,14776579338,0.0032901312,7.3639116,6.9344,3
161841646283519,14779079338,0.005084748,7.3378897,6.9134626,3
161841648783519,14781579338,0.010767702,7.325926,6.923632,3
161841651283519,14784079338,0.022432713,7.31456,6.901798,3
161841653783519,14786579338,0.025124637,7.2930245,6.879365,3
161841656283519,14789079338,0.033200413,7.2840514,6.8578296,3
161841658783519,14791579338,0.06131608,7.253842,6.8219376,3
161841661283519,14794079338,0.09212367,7.234998,6.797411,3
161841663783519,14796579338,0.124426775,7.227521,6.7791657,3
161841666283519,14799079338,0.15523437,7.2101727,6.7426753,3
161841668783519,14801579338,0.19980069,7.1970124,6.734001,3
161841671283519,14804079338,0.20189442,7.21107,6.7378893,3
161841673783519,14806579338,0.20518455,7.2248287,6.7405815,3
161841676283519,14809079338,0.27906293,7.2086773,6.7462645,3
161841678783519,14811579338,0.32512477,7.198508,6.792027,3
161841681283519,14814079338,0.32243285,7.200003,6.82104,3
161841683783519,14816579338,0.29880372,7.226025,6.7845497,3
161841686283519,14819079338,0.29880372,7.2589264,6.7468624,3
161841688783519,14821579338,0.3059822,7.2819576,6.6978097,3
161841691283519,14824079338,0.3272185,7.292127,6.672386,3
161841693783519,14826579338,0.3269194,7.3011003,6.7058854,3
161841696283519,14829079338,0.30239296,7.2849483,6.669993,3
161841698783519,14831579338,0.25992036,7.2696943,6.5721865,3
161841701283519,14834079338,0.23868406,7.292426,6.495616,3
161841703783519,14836579338,0.21714866,7.3109703,6.4618177,3
161841706283519,14839079338,0.20488544,7.2993054,6.472585,3
161841708783519,14841579338,0.17736799,7.299904,6.4295144,3
161841711283519,14844079338,0.15134603,7.318747,6.40768,3
161841713783519,14846579338,0.1160519,7.3642106,6.39093,3
161841716283519,14849079338,0.07686943,7.401898,6.3774705,3
161841718783519,14851579338,0.0529412,7.4246297,6.389734,3
161841721283519,14854079338,0.05802595,7.4195447,6.4256263,3
161841723783519,14856579338,0.06520442,7.405786,6.4591255,3
161841726283519,14859079338,0.08105687,7.406085,6.465706,3
161841728783519,14861579338,0.09930214,7.3866434,6.4884377,3
161841731283519,14864079338,0.11455639,7.3543406,6.480063,3
161841733783519,14866579338,0.11844472,7.3343005,6.4648085,3
161841736283519,14869079338,0.14656039,7.309475,6.4501524,3
161841738783519,14871579338,0.16450655,7.285248,6.4528446,3
161841741283519,14874079338,0.18005991,7.280462,6.448956,3
161841743783519,14876579338,0.17078772,7.27777,6.451947,3
161841746283519,14879079338,0.2000998,7.277471,6.469594,3
161841748783519,14881579338,0.2204388,7.2783685,6.4812593,3
161841751283519,14884079338,0.23509483,7.2711897,6.495616,3
161841753783519,14886579338,0.25842485,7.263114,6.5279193,3
161841756283519,14889079338,0.28863424,7.236793,6.5688963,3
161841758783519,14891579338,0.30119655,7.236494,6.553343,3
161841761283519,14894079338,0.3182454,7.225726,6.5578294,3
161841763783519,14896579338,0.3385844,7.2245297,6.519245,3
161841766283519,14899079338,0.3475575,7.2179494,6.4911294,3
161841768783519,14901579338,0.34366915,7.2137623,6.45763,3
161841771283519,14904079338,0.33260235,7.219744,6.4343,3
161841773783519,14906579338,0.35503507,7.2137623,6.463014,3
161841776283519,14909079338,0.357727,7.2119675,6.451349,3
161841778783519,14911579338,0.3499503,7.2032933,6.4609203,3
161841781283519,14914079338,0.3376871,7.198209,6.4642105,3
161841783783519,14916579338,0.3188436,7.202097,6.465407,3
161841786283519,14919079338,0.3056831,7.2215385,6.4552374,3
161841788783519,14921579338,0.30000013,7.218847,6.435796,3
161841791283519,14924079338,0.29252258,7.2083783,6.4259253,3
161841793783519,14926579338,0.29252258,7.2293153,6.4148583,3
161841796283519,14929079338,0.29491538,7.238887,6.4274206,3
161841798783519,14931579338,0.28773692,7.2323065,6.410073,3
161841801283519,14934079338,0.29312077,7.231409,6.408278,3
161841803783519,14936579338,0.29910284,7.2266235,6.431608,3
161841806283519,14939079338,0.28055847,7.245467,6.4070816,3
161841808783519,14941579338,0.26620153,7.279864,6.460322,3
161841811283519,14944079338,0.23778675,7.2900333,6.4331036,3
161841813783519,14946579338,0.21655045,7.3052874,6.428617,3
161841816283519,14949079338,0.20877378,7.314859,6.433403,3
161841818783519,14951579338,0.21505493,7.3121667,6.4444695,3
161841821283519,14954079338,0.21595225,7.309475,6.4555364,3
161841823783519,14956579338,0.2009971,7.3046894,6.47438,3
161841826283519,14959079338,0.19381863,7.2996044,6.491429,3
161841828783519,14961579338,0.1794617,7.2873416,6.5087767,3
161841831283519,14964079338,0.15044872,7.294221,6.524031,3
161841833783519,14966579338,0.14356937,7.30768,6.5455666,3
161841836283519,14969079338,0.12143575,7.324131,6.556035,3
161841838783519,14971579338,0.11066805,7.332805,6.5668025,3
161841841283519,14974079338,0.10797612,7.3160553,6.5925255,3
161841843783519,14976579338,0.1061815,7.3292155,6.6146593,3
161841846283519,14979079338,0.09810573,7.3322067,6.6424756,3
161841848783519,14981579338,0.086141616,7.331609,6.669694,3
161841851283519,14984079338,0.090029955,7.3199434,6.6999035,3
161841853783519,14986579338,0.0849452,7.3142605,6.704988,3
161841856283519,14989079338,0.08255238,7.3121667,6.715457,3
161841858783519,14991579338,0.05922236,7.3232336,6.740282,3
161841861283519,14994079338,0.039780676,7.3417783,6.723233,3
161841863783519,14996579338,0.023030918,7.3402824,6.713662,3
161841866283519,14999079338,-0.0023928226,7.3402824,6.719345,3
161841868783519,15001579338,-0.015254244,7.3528447,6.7055864,3
161841871283519,15004079338,-0.011066805,7.3525457,6.690332,3
161841873783519,15006579338,-0.0023928226,7.3639116,6.6702924,3
161841876283519,15009079338,0.006879365,7.370791,6.6556363,3
161841878783519,15011579338,0.044566322,7.3713894,6.6218376,3
161841881283519,15014079338,0.066400826,7.372586,6.595217,3
161841883783519,15016579338,0.09900304,7.3803625,6.582655,3
161841886283519,15019079338,0.12173485,7.3429747,6.5488563,3
161841888783519,15021579338,0.15314065,7.3286176,6.541678,3
161841891283519,15024079338,0.17377874,7.3079796,6.5333033,3
161841893783519,15026579338,0.19950159,7.294819,6.5279193,3
161841896283519,15029079338,0.22851457,7.2792654,6.535995,3
161841898783519,15031579338,0.24675983,7.2783685,6.530312,3
161841901283519,15034079338,0.2745764,7.2822566,6.552446,3
161841903783519,15036579338,0.28803602,7.266404,6.556633,3
161841906283519,15039079338,0.29940194,7.264909,6.558129,3
161841908783519,15041579338,0.31585258,7.2583284,6.5829544,3
161841911283519,15044079338,0.33320054,7.2451677,6.6101727,3
161841913783519,15046579338,0.3364907,7.2358956,6.6481586,3
161841916283519,15049079338,0.32991043,7.260123,6.669395,3
161841918783519,15051579338,0.3149553,7.2640114,6.698707,3
161841921283519,15054079338,0.3152544,7.2655067,6.687341,3
161841923783519,15056579338,0.3188436,7.25773,6.699006,3
161841926283519,15059079338,0.29880372,7.26102,6.6768723,3
161841928783519,15061579338,0.285045,7.2696943,6.6311097,3
161841931283519,15064079338,0.28594232,7.263413,6.578767,3
161841933783519,15066579338,0.28175488,7.2532434,6.547062,3
161841936283519,15069079338,0.2542374,7.2565336,6.5294147,3
161841938783519,15071579338,0.23748764,7.2547393,6.4818573,3
161841941283519,15074079338,0.21445672,7.25444,6.4465632,3
161841943783519,15076579338,0.2114657,7.2565336,6.416952,3
161841946283519,15079079338,0.19890338,7.268498,6.396613,3
161841948783519,15081579338,0.17557336,7.2825556,6.3687963,3
161841951283519,15084079338,0.16151553,7.3011003,6.3197436,3
161841953783519,15086579338,0.14117654,7.300801,6.2847486,3
161841956283519,15089079338,0.13220344,7.3307114,6.2437716,3
161841958783519,15091579338,0.11934203,7.3375907,6.2231336,3
161841961283519,15094079338,0.11216356,7.340881,6.2081785,3
161841963783519,15096579338,0.12352947,7.342376,6.213263,3
161841966283519,15099079338,0.12771691,7.3432736,6.219245,3
161841968783519,15101579338,0.11365908,7.325926,6.241379,3
161841971283519,15104079338,0.1369891,7.3196445,6.270392,3
161841973783519,15106579338,0.14745769,7.3085775,6.302097,3
161841976283519,15109079338,0.1585245,7.2975106,6.3388863,3
161841978783519,15111579338,0.18364914,7.2972116,6.3421764,3
161841981283519,15114079338,0.19800608,7.2960153,6.341279,3
161841983783519,15116579338,0.2219343,7.2882385,6.352645,3
161841986283519,15119079338,0.23599213,7.28106,6.3655066,3
161841988783519,15121579338,0.23928227,7.266404,6.367002,3
161841991283519,15124079338,0.2440679,7.2646093,6.3768725,3
161841993783519,15126579338,0.25722843,7.2493553,6.3981085,3
161841996283519,15129079338,0.25722843,7.2472615,6.409774,3
161841998783519,15131579338,0.2551347,7.25115,6.4298134,3
161842001283519,15134079338,0.25962126,7.2562346,6.478268,3
161842003783519,15136579338,0.276371,7.240083,6.509375,3
161842006283519,15139079338,0.29671,7.2272215,6.562017,3
161842008783519,15141579338,0.30717862,7.2209406,6.6182485,3
161842011283519,15144079338,0.32004002,7.2101727,6.661917,3
161842013783519,15146579338,0.35144582,7.196414,6.713662,3
161842016283519,15149079338,0.3505485,7.1763744,6.753443,3
161842018783519,15151579338,0.3595216,7.186544,6.7839513,3
161842021283519,15154079338,0.36340994,7.160522,6.8078794,3
161842023783519,15156579338,0.36909288,7.1638117,6.8150578,3
161842026283519,15159079338,0.35653058,7.170392,6.8015985,3
161842028783519,15161579338,0.35413775,7.17787,6.7893353,3
161842031283519,15164079338,0.33200413,7.2026954,6.751349,3
161842033783519,15166579338,0.3068795,7.2116685,6.739983,3
161842036283519,15169079338,0.30000013,7.226025,6.7031937,3
161842038783519,15171579338,0.27816564,7.225726,6.6825557,3
161842041283519,15174079338,0.27128628,7.2323065,6.667002,3
161842043783519,15176579338,0.2440679,7.263114,6.650851,3
161842046283519,15179079338,0.20817557,7.292426,6.619445,3
161842048783519,15181579338,0.19262223,7.3085775,6.593423,3
161842051283519,15184079338,0.16749759,7.312466,6.5778694,3
161842053783519,15186579338,0.16480567,7.3175507,6.5518475,3
161842056283519,15189079338,0.17048861,7.318149,6.5368924,3
161842058783519,15191579338,0.16480567,7.3235326,6.52433,3
161842061283519,15194079338,0.16241284,7.315158,6.524928,3
161842063783519,15196579338,0.16121642,7.30768,6.5108705,3
161842066283519,15199079338,0.15164514,7.2906313,6.5662045,3
161842068783519,15201579338,0.15553348,7.300502,6.5742803,3
161842071283519,15204079338,0.1680958,7.2879395,6.6020966,3
161842073783519,15206579338,0.17676978,7.285248,6.6185474,3
161842076283519,15209079338,0.17706887,7.289435,6.6385875,3
161842078783519,15211579338,0.1683949,7.2972116,6.652346,3
161842081283519,15214079338,0.17258233,7.2906313,6.6909304,3
161842083783519,15216579338,0.18364914,7.292127,6.7127647,3
161842086283519,15219079338,0.19411774,7.286444,6.7175503,3
161842088783519,15221579338,0.20338993,7.288837,6.728019,3
161842091283519,15224079338,0.20488544,7.2825556,6.7381887,3
161842093783519,15226579338,0.21206391,7.27448,6.7462645,3
161842096283519,15229079338,0.2222334,7.257132,6.733702,3
161842098783519,15231579338,0.22851457,7.2469625,6.721439,3
161842101283519,15234079338,0.24765715,7.2448688,6.700801,3
161842103783519,15236579338,0.24945176,7.243074,6.6777697,3
161842106283519,15239079338,0.25064817,7.242177,6.663413,3
161842108783519,15241579338,0.25663024,7.253842,6.6224356,3
161842111283519,15244079338,0.26291138,7.255337,6.60449,3
161842113783519,15246579338,0.27517462,7.2655067,6.5682983,3
161842116283519,15249079338,0.2515455,7.280462,6.5309105,3
161842118783519,15251579338,0.24855445,7.3022966,6.50429,3
161842121283519,15254079338,0.25094727,7.3043904,6.469594,3
161842123783519,15256579338,0.2536392,7.300203,6.4558353,3
161842126283519,15259079338,0.2653042,7.2849483,6.4552374,3
161842128783519,15261579338,0.25633112,7.2762747,6.4480586,3
161842131283519,15264079338,0.27098715,7.25444,6.4585276,3
161842133783519,15266579338,0.2670988,7.2505517,6.4615183,3
161842136283519,15269079338,0.2760719,7.228119,6.472884,3
161842138783519,15271579338,0.2853441,7.218548,6.4773707,3
161842141283519,15274079338,0.29162526,7.2152576,6.48425,3
161842143783519,15276579338,0.28923243,7.2155566,6.48425,3
161842146283519,15279079338,0.31046873,7.211369,6.491728,3
161842148783519,15281579338,0.31316066,7.2059855,6.4935226,3
161842151283519,15284079338,0.32004002,7.19791,6.5081787,3
161842153783519,15286579338,0.31226337,7.192227,6.5114684,3
161842156283519,15289079338,0.30717862,7.1898336,6.530312,3
161842158783519,15291579338,0.29820552,7.1841507,6.5401826,3
161842161283519,15294079338,0.27667013,7.1829543,6.558428,3
161842163783519,15296579338,0.27786654,7.192227,6.576374,3
161842166283519,15299079338,0.2551347,7.196115,6.596713,3
161842168783519,15301579338,0.232702,7.1937222,6.59103,3
161842171283519,15304079338,0.21864417,7.187441,6.6185474,3
161842173783519,15306579338,0.20129621,7.1808605,6.6370916,3
161842176283519,15309079338,0.18693927,7.1826553,6.640382,3
161842178783519,15311579338,0.16689938,7.184749,6.647261,3
161842181283519,15314079338,0.16211374,7.202097,6.6595244,3
161842183783519,15316579338,0.15164514,7.205088,6.6571317,3
161842186283519,15319079338,0.15044872,7.207481,6.6568327,3
161842188783519,15321579338,0.15044872,7.228119,6.664011,3
161842191283519,15324079338,0.16360925,7.24457,6.661917,3
161842193783519,15326579338,0.18484555,7.2658057,6.6451674,3
161842196283519,15329079338,0.20907287,7.280462,6.6568327,3
161842198783519,15331579338,0.21834506,7.274779,6.643373,3
161842201283519,15334079338,0.2321038,7.2822566,6.634699,3
161842203783519,15336579338,0.24825534,7.286444,6.6344,3
161842206283519,15339079338,0.26141587,7.2786674,6.6218376,3
161842208783519,15341579338,0.285045,7.2753773,6.585347,3
161842211283519,15344079338,0.29012975,7.280462,6.5644097,3
161842213783519,15346579338,0.32512477,7.2670026,6.5404816,3
161842216283519,15349079338,0.34187454,7.2556367,6.5255265,3
161842218783519,15351579338,0.37357944,7.254141,6.520741,3
161842221283519,15354079338,0.40259242,7.238887,6.5162544,3
161842223783519,15356579338,0.41156548,7.2206416,6.506384,3
161842226283519,15359079338,0.43100718,7.216155,6.493223,3
161842228783519,15361579338,0.41724846,7.1919274,6.492027,3
161842231283519,15364079338,0.4232305,7.1883383,6.4941206,3
161842233783519,15366579338,0.42981076,7.181758,6.509674,3
161842236283519,15369079338,0.42083767,7.1835527,6.5147586,3
161842238783519,15371579338,0.40827537,7.1919274,6.52433,3
161842241283519,15374079338,0.38644084,7.2059855,6.5309105,3
161842243783519,15376579338,0.35832518,7.222436,6.562316,3
161842246283519,15379079338,0.33260235,7.228418,6.554539,3
161842248783519,15381579338,0.3155535,7.2376904,6.5536423,3
161842251283519,15384079338,0.27756742,7.2559357,6.5368924,3
161842253783519,15386579338,0.24885355,7.2655067,6.509375,3
161842256283519,15389079338,0.21804596,7.2876406,6.4812593,3
161842258783519,15391579338,0.19262223,7.2972116,6.468996,3
161842261283519,15394079338,0.17557336,7.307381,6.4411793,3
161842263783519,15396579338,0.1698904,7.3193455,6.422336,3
161842266283519,15399079338,0.13938192,7.326225,6.4067826,3
161842268783519,15401579338,0.12412767,7.339086,6.3975105,3
161842271283519,15404079338,0.11335997,7.3660054,6.404091,3
161842273783519,15406579338,0.09182457,7.367202,6.4008007,3
161842276283519,15409079338,0.068793654,7.387242,6.378368,3
161842278783519,15411579338,0.046959143,7.4066834,6.3810596,3
161842281283519,15414079338,0.04965107,7.423134,6.378069,3
161842283783519,15416579338,0.041874398,7.4306116,6.3849483,3
161842286283519,15419079338,0.040677983,7.4401827,6.3777695,3
161842288783519,15421579338,0.033200413,7.443174,6.3714886,3
161842291283519,15424079338,0.0424726,7.4452677,6.3550377,3
161842293783519,15426579338,0.063110694,7.448558,6.369993,3
161842296283519,15429079338,0.07477571,7.457531,6.367301,3
161842298783519,15431579338,0.08853444,7.4449687,6.378069,3
161842301283519,15434079338,0.10229317,7.44108,6.3771715,3
161842303783519,15436579338,0.13160525,7.4383883,6.385546,3
161842306283519,15439079338,0.15194423,7.4327054,6.384051,3
161842308783519,15441579338,0.19710876,7.440482,6.3750777,3
161842311283519,15444079338,0.23001008,7.4344997,6.3607206,3
161842313783519,15446579338,0.25603202,7.419844,6.358328,3
161842316283519,15449079338,0.29252258,7.411768,6.339185,3
161842318783519,15451579338,0.32303107,7.396514,6.34427,3
161842321283519,15454079338,0.35413775,7.379764,6.329614,3
161842323783519,15456579338,0.37686956,7.353144,6.3427744,3
161842326283519,15459079338,0.41994038,7.3486576,6.3607206,3
161842328783519,15461579338,0.43698925,7.3052874,6.376274,3
161842331283519,15464079338,0.4441677,7.2822566,6.4028945,3
161842333783519,15466579338,0.4552345,7.2699933,6.4474607,3
161842336283519,15469079338,0.45254257,7.2547393,6.476773,3
161842338783519,15471579338,0.44805604,7.2433734,6.504589,3
161842341283519,15474079338,0.4322036,7.240083,6.5294147,3
161842343783519,15476579338,0.421735,7.2341013,6.5694947,3
161842346283519,15479079338,0.41994038,7.2448688,6.593423,3
161842348783519,15481579338,0.41575295,7.2475605,6.579963,3
161842351283519,15484079338,0.41306102,7.2490563,6.582655,3
161842353783519,15486579338,0.40289152,7.2418776,6.5772715,3
161842356283519,15489079338,0.39810586,7.231409,6.5398836,3
161842358783519,15491579338,0.392722,7.2376904,6.5075803,3
161842361283519,15494079338,0.3786642,7.2382884,6.47109,3
161842363783519,15496579338,0.3484548,7.2215385,6.4594245,3
161842366283519,15499079338,0.32632118,7.2086773,6.4408803,3
161842368783519,15501579338,0.30269206,7.219744,6.4438715,3
161842371283519,15504079338,0.28115666,7.2212396,6.4531436,3
161842373783519,15506579338,0.26919255,7.248159,6.465108,3
161842376283519,15509079338,0.2515455,7.246364,6.5018973,3
161842378783519,15511579338,0.23060828,7.263413,6.52433,3
161842381283519,15514079338,0.23569304,7.2729845,6.5279193,3
161842383783519,15516579338,0.23419751,7.28106,6.5294147,3
161842386283519,15519079338,0.22671995,7.286743,6.5494547,3
161842388783519,15521579338,0.23599213,7.2726855,6.550352,3
161842391283519,15524079338,0.23778675,7.26102,6.561419,3
161842393783519,15526579338,0.24705894,7.2499533,6.5626154,3
161842396283519,15529079338,0.24227329,7.243074,6.558129,3
161842398783519,15531579338,0.22821546,7.225726,6.5626154,3
161842401283519,15534079338,0.22013968,7.2209406,6.5668025,3
161842403783519,15536579338,0.2204388,7.1955166,6.5703917,3
161842406283519,15539079338,0.2117648,7.2032933,6.5754766,3
161842408783519,15541579338,0.19710876,7.2269225,6.5368924,3
161842411283519,15544079338,0.17288144,7.222735,6.535995,3
161842413783519,15546579338,0.16271193,7.2341013,6.544669,3
161842416283519,15549079338,0.15044872,7.2436724,6.5404816,3
161842418783519,15551579338,0.1268196,7.255337,6.5237317,3
161842421283519,15554079338,0.11216356,7.2693954,6.509973,3
161842423783519,15556579338,0.119940236,7.2699933,6.4797635,3
161842426283519,15559079338,0.10707881,7.2382884,6.4701924,3
161842428783519,15561579338,0.115752794,7.245467,6.4618177,3
161842431283519,15564079338,0.14057833,7.2293153,6.4552374,3
161842433783519,15566579338,0.16719848,7.2086773,6.4402823,3
161842436283519,15569079338,0.19411774,7.2068825,6.4259253,3
161842438783519,15571579338,0.20847467,7.2041907,6.4295144,3
161842441283519,15574079338,0.2213361,7.185347,6.428318,3
161842443783519,15576579338,0.24975087,7.1955166,6.419345,3
161842446283519,15579079338,0.2739782,7.2041907,6.424729,3
161842448783519,15581579338,0.27966115,7.2026954,6.4274206,3
161842451283519,15584079338,0.28923243,7.203593,6.422336,3
161842453783519,15586579338,0.29282168,7.1826553,6.4220366,3
161842456283519,15589079338,0.33140594,7.1802626,6.4298134,3
161842458783519,15591579338,0.3469593,7.1820574,6.4292154,3
161842461283519,15594079338,0.36131623,7.172785,6.4163537,3
161842463783519,15596579338,0.37268212,7.151549,6.4106708,3
161842466283519,15599079338,0.38404804,7.1425757,6.4205413,3
161842468783519,15601579338,0.38883367,7.149455,6.4298134,3
161842471283519,15604079338,0.3906283,7.171888,6.4459653,3
161842473783519,15606579338,0.3924229,7.1581287,6.4531436,3
161842476283519,15609079338,0.38404804,7.192825,6.489036,3
161842478783519,15611579338,0.37088752,7.199405,6.4965134,3
161842481283519,15614079338,0.36251262,7.218847,6.5225353,3
161842483783519,15616579338,0.3505485,7.222735,6.5554366,3
161842486283519,15619079338,0.33469605,7.231409,6.5635123,3
161842488783519,15621579338,0.32362926,7.2448688,6.5685973,3
161842491283519,15624079338,0.3164508,7.2466636,6.5715885,3
161842493783519,15626579338,0.29012975,7.240681,6.579963,3
161842496283519,15629079338,0.2748755,7.237391,6.5901327,3
161842498783519,15631579338,0.24855445,7.2469625,6.6032934,3
161842501283519,15634079338,0.23001008,7.2475605,6.611668,3
161842503783519,15636579338,0.21445672,7.2493553,6.604789,3
161842506283519,15639079338,0.2117648,7.24457,6.591329,3
161842508783519,15641579338,0.19770697,7.242476,6.5781684,3
161842511283519,15644079338,0.19920248,7.2502527,6.57099,3
161842513783519,15646579338,0.1896312,7.2670026,6.5668025,3
161842516283519,15649079338,0.19471595,7.2849483,6.5865436,3
161842518783519,15651579338,0.18454644,7.29452,6.597012,3
161842521283519,15654079338,0.20219351,7.3064837,6.5757756,3
161842523783519,15656579338,0.212363,7.2954173,6.576374,3
161842526283519,15659079338,0.21296121,7.3100734,6.5700927,3
161842528783519,15661579338,0.20548365,7.3166533,6.5554366,3
161842531283519,15664079338,0.19950159,7.314859,6.5425754,3
161842533783519,15666579338,0.200698,7.3103724,6.544669,3
161842536283519,15669079338,0.2015953,7.300203,6.5333033,3
161842538783519,15671579338,0.20398813,7.32443,6.515058,3
161842541283519,15674079338,0.18813568,7.330113,6.506384,3
161842543783519,15676579338,0.19800608,7.339385,6.4923263,3
161842546283519,15679079338,0.1911267,7.361519,6.4755764,3
161842548783519,15681579338,0.18843478,7.3788667,6.4618177,3
161842551283519,15684079338,0.19411774,7.3812594,6.452246,3
161842553783519,15686579338,0.21326032,7.3953176,6.480362,3
161842556283519,15689079338,0.19920248,7.393822,6.486045,3
161842558783519,15691579338,0.20249261,7.399505,6.4878397,3
161842561283519,15694079338,0.2111666,7.3980093,6.509973,3
161842563783519,15696579338,0.21206391,7.4039917,6.5084777,3
161842566283519,15699079338,0.22103699,7.3866434,6.5078793,3
161842568783519,15701579338,0.22103699,7.38784,6.51775,3
161842571283519,15704079338,0.23030917,7.3806615,6.5081787,3
161842573783519,15706579338,0.22552353,7.3776703,6.5219374,3
161842576283519,15709079338,0.22342981,7.379166,6.509375,3
161842578783519,15711579338,0.22492532,7.3627152,6.506384,3
161842581283519,15714079338,0.23659034,7.36122,6.511768,3
161842583783519,15716579338,0.25094727,7.3432736,6.500701,3
161842586283519,15719079338,0.24885355,7.32772,6.4992056,3
161842588783519,15721579338,0.22761725,7.308877,6.50429,3
161842591283519,15724079338,0.23509483,7.301997,6.5225353,3
161842593783519,15726579338,0.23509483,7.286743,6.5386868,3
161842596283519,15729079338,0.2335993,7.27448,6.553044,3
161842598783519,15731579338,0.232702,7.263413,6.5494547,3
161842601283519,15734079338,0.24436702,7.2637124,6.576972,3
161842603783519,15736579338,0.22791636,7.2436724,6.576374,3
161842606283519,15739079338,0.24556342,7.2529445,6.6009,3
161842608783519,15741579338,0.2440679,7.2496543,6.606583,3
161842611283519,15744079338,0.2428715,7.2508507,6.61765,3
161842613783519,15746579338,0.232702,7.257132,6.6358953,3
161842616283519,15749079338,0.24077778,7.263413,6.6424756,3
161842618783519,15751579338,0.2515455,7.2783685,6.6511497,3
161842621283519,15754079338,0.24137598,7.27448,6.620641,3
161842623783519,15756579338,0.25124636,7.263114,6.623034,3
161842626283519,15759079338,0.24735804,7.2711897,6.6104717,3
161842628783519,15761579338,0.24915266,7.2756763,6.585347,3
161842631283519,15764079338,0.25663024,7.2918277,6.5811596,3
161842633783519,15766579338,0.23599213,7.2858458,6.5554366,3
161842636283519,15769079338,0.21206391,7.283752,6.55095,3
161842638783519,15771579338,0.19561325,7.2735825,6.559325,3
161842641283519,15774079338,0.18305093,7.2756763,6.55424,3
161842643783519,15776579338,0.17198412,7.252047,6.552745,3
161842646283519,15779079338,0.1692922,7.257431,6.5551376,3
161842648783519,15781579338,0.17497516,7.236494,6.5781684,3
161842651283519,15784079338,0.15882361,7.2299137,6.611967,3
161842653783519,15786579338,0.16121642,7.2179494,6.6182485,3
161842656283519,15789079338,0.15523437,7.2080793,6.641578,3
161842658783519,15791579338,0.14087744,7.2158556,6.6798635,3
161842661283519,15794079338,0.13399807,7.2083783,6.6975107,3
161842663783519,15796579338,0.14207384,7.1919274,6.7316084,3
161842666283519,15799079338,0.15343975,7.1919274,6.7498536,3
161842668783519,15801579338,0.16211374,7.2032933,6.7576303,3
161842671283519,15804079338,0.15463616,7.207182,6.7372913,3
161842673783519,15806579338,0.16151553,7.196713,6.721439,3
161842676283519,15809079338,0.17108682,7.224231,6.678667,3
161842678783519,15811579338,0.16959131,7.2409806,6.643672,3
161842681283519,15814079338,0.16360925,7.255337,6.593722,3
161842683783519,15816579338,0.17527425,7.2900333,6.571289,3
161842686283519,15819079338,0.17856438,7.2849483,6.515357,3
161842688783519,15821579338,0.19770697,7.2900333,6.472884,3
161842691283519,15824079338,0.19322042,7.288837,6.432206,3
161842693783519,15826579338,0.19381863,7.294221,6.402296,3
161842696283519,15829079338,0.18843478,7.285248,6.3834524,3
161842698783519,15831579338,0.18753748,7.283154,6.404988,3
161842701283519,15834079338,0.17856438,7.283453,6.4005013,3
161842703783519,15836579338,0.16600206,7.283154,6.399006,3
161842706283519,15839079338,0.16390835,7.2861447,6.419046,3
161842708783519,15841579338,0.1582254,7.312466,6.456434,3
161842711283519,15844079338,0.15284155,7.3112698,6.4827547,3
161842713783519,15846579338,0.15373886,7.3366933,6.506384,3
161842716283519,15849079338,0.15254244,7.32443,6.521339,3
161842718783519,15851579338,0.17736799,7.340881,6.538388,3
161842721283519,15854079338,0.18574286,7.3420773,6.5404816,3
161842723783519,15856579338,0.20039889,7.345068,6.5398836,3
161842726283519,15859079338,0.2216352,7.3343005,6.539285,3
161842728783519,15861579338,0.24705894,7.328019,6.5258255,3
161842731283519,15864079338,0.25902304,7.31456,6.4908304,3
161842733783519,15866579338,0.2745764,7.30768,6.4830537,3
161842736283519,15869079338,0.28384858,7.294221,6.465407,3
161842738783519,15871579338,0.29671,7.2906313,6.448358,3
161842741283519,15874079338,0.31316066,7.289136,6.448358,3
161842743783519,15876579338,0.31585258,7.2903323,6.4462643,3
161842746283519,15879079338,0.3164508,7.277471,6.454639,3
161842748783519,15881579338,0.328714,7.289435,6.4591255,3
161842751283519,15884079338,0.33050862,7.274181,6.4737816,3
161842753783519,15886579338,0.32063824,7.292426,6.47438,3
161842756283519,15889079338,0.31764722,7.2843504,6.4669023,3
161842758783519,15891579338,0.30239296,7.2996044,6.467201,3
161842761283519,15894079338,0.28983065,7.2915287,6.4624157,3
161842763783519,15896579338,0.26261228,7.294819,6.4471617,3
161842766283519,15899079338,0.24137598,7.3169527,6.4351974,3
161842768783519,15901579338,0.22372891,7.2990065,6.439385,3
161842771283519,15904079338,0.1911267,7.301399,6.450452,3
161842773783519,15906579338,0.16211374,7.320542,6.4962144,3
161842776283519,15909079338,0.12981063,7.327122,6.5252275,3
161842778783519,15911579338,0.1058824,7.3307114,6.5575304,3
161842781283519,15914079338,0.07866404,7.3381886,6.5760746,3
161842783783519,15916579338,0.055633128,7.347162,6.593722,3
161842786283519,15919079338,0.058624156,7.354041,6.6242304,3
161842788783519,15921579338,0.037686955,7.353443,6.6164536,3
161842791283519,15924079338,0.040378883,7.339086,6.617949,3
161842793783519,15926579338,0.06759724,7.3250284,6.622735,3
161842796283519,15929079338,0.08853444,7.3028946,6.619146,3
161842798783519,15931579338,0.1052842,7.2655067,6.6167526,3
161842801283519,15934079338,0.12113664,7.251449,6.6215386,3
161842803783519,15936579338,0.13609178,7.224231,6.6394844,3
161842806283519,15939079338,0.14147563,7.214659,6.6478596,3
161842808783519,15941579338,0.14656039,7.199704,6.6409802,3
161842811283519,15944079338,0.1680958,7.1838517,6.646663,3
161842813783519,15946579338,0.1683949,7.1799636,6.6502523,3
161842816283519,15949079338,0.17587246,7.1706915,6.6595244,3
161842818783519,15951579338,0.19322042,7.1617184,6.6595244,3
161842821283519,15954079338,0.20668006,7.157232,6.646364,3
161842823783519,15956579338,0.21505493,7.1560354,6.619146,3
161842826283519,15959079338,0.22821546,7.1509504,6.605985,3
161842828783519,15961579338,0.232702,7.1629148,6.565307,3
161842831283519,15964079338,0.23928227,7.1653075,6.5315084,3
161842833783519,15966579338,0.2545365,7.157232,6.480661,3
161842836283519,15969079338,0.25543383,7.1446695,6.45105,3
161842838783519,15971579338,0.25842485,7.1473613,6.4331036,3
161842841283519,15974079338,0.2943172,7.158428,6.402296,3
161842843783519,15976579338,0.32362926,7.1566334,6.372386,3
161842846283519,15979079338,0.37447673,7.152147,6.3388863,3
161842848783519,15981579338,0.3924229,7.1685977,6.343074,3
161842851283519,15984079338,0.41336012,7.1706915,6.366703,3
161842853783519,15986579338,0.4244269,7.1656065,6.3771715,3
161842856283519,15989079338,0.4322036,7.151549,6.4160547,3
161842858783519,15991579338,0.42412782,7.1428747,6.446862,3
161842861283519,15994079338,0.46121657,7.1694946,6.4214387,3
161842863783519,15996579338,0.49471608,7.1195445,6.4911294,3
161842866283519,15999079338,0.520738,7.082456,6.532406,3
161842868783519,16001579338,0.50099725,7.1249285,6.4363937,3
161842871283519,16004079338,0.44865423,7.205088,6.3924255,3
161842873783519,16006579338,0.42083767,7.2490563,6.3915286,3
161842876283519,16009079338,0.39810586,7.2670026,6.4106708,3
161842878783519,16011579338,0.3801597,7.2789664,6.4459653,3
161842881283519,16014079338,0.35353956,7.2954173,6.4325056,3
161842883783519,16016579338,0.34277186,7.2819576,6.4366927,3
161842886283519,16019079338,0.32243285,7.2735825,6.411867,3
161842888783519,16021579338,0.30239296,7.266404,6.4184475,3
161842891283519,16024079338,0.2760719,7.2768726,6.4157557,3
161842893783519,16026579338,0.24795625,7.285248,6.413064,3
161842896283519,16029079338,0.23060828,7.2906313,6.3975105,3
161842898783519,16031579338,0.20578274,7.314859,6.387341,3
161842901283519,16034079338,0.1788635,7.334899,6.381957,3
161842903783519,16036579338,0.1692922,7.3570323,6.3888364,3
161842906283519,16039079338,0.16480567,7.379465,6.385247,3
161842908783519,16041579338,0.16779669,7.402795,6.4010997,3
161842911283519,16044079338,0.17138593,7.411469,6.4274206,3
161842913783519,16046579338,0.18783657,7.396813,6.430412,3
161842916283519,16049079338,0.20608185,7.388737,6.4438715,3
161842918783519,16051579338,0.22701904,7.3785677,6.469295,3
161842921283519,16054079338,0.2321038,7.3543406,6.480661,3
161842923783519,16056579338,0.21894327,7.3292155,6.4869423,3
161842926283519,16059079338,0.21834506,7.3121667,6.533602,3
161842928783519,16061579338,0.18394823,7.3178496,6.5494547,3
161842931283519,16064079338,0.16002001,7.3085775,6.572785,3
161842933783519,16066579338,0.15104693,7.3109703,6.599405,3
161842936283519,16069079338,0.13070793,7.3082786,6.600601,3
161842938783519,16071579338,0.14506488,7.303792,6.6011996,3
161842941283519,16074079338,0.16211374,7.3193455,6.585347,3
161842943783519,16076579338,0.16689938,7.2897344,6.5925255,3
161842946283519,16079079338,0.19351953,7.2753773,6.58774,3
161842948783519,16081579338,0.19920248,7.245766,6.5718875,3
161842951283519,16084079338,0.20668006,7.2305117,6.593722,3
161842953783519,16086579338,0.22462623,7.2287173,6.6188464,3
161842956283519,16089079338,0.23808585,7.21436,6.6352973,3
161842958783519,16091579338,0.25393832,7.2041907,6.6541405,3
161842961283519,16094079338,0.25094727,7.17787,6.6511497,3
161842963783519,16096579338,0.24107689,7.1889367,6.643373,3
161842966283519,16099079338,0.23150559,7.1763744,6.6409802,3
161842968783519,16101579338,0.22462623,7.183254,6.6424756,3
161842971283519,16104079338,0.20279172,7.1748786,6.693323,3
161842973783519,16106579338,0.19680966,7.1835527,6.7501526,3
161842976283519,16109079338,0.19262223,7.1826553,6.777371,3
161842978783519,16111579338,0.19710876,7.1895347,6.843772,3
161842981283519,16114079338,0.1911267,7.1949186,6.849754,3
161842983783519,16116579338,0.22582264,7.1862445,6.864111,3
161842986283519,16119079338,0.24616162,7.2023964,6.853343,3
161842988783519,16121579338,0.27158538,7.172187,6.88116,3
161842991283519,16124079338,0.32452658,7.1195445,6.801299,3
161842993783519,16126579338,0.35383865,7.1171517,6.669096,3
161842996283519,16129079338,0.37298122,7.1279197,6.6110697,3
161842998783519,16131579338,0.40677986,7.1195445,6.595217,3
161843001283519,16134079338,0.43728834,7.1099734,6.5772715,3
161843003783519,16136579338,0.45164528,7.1024957,6.536294,3
161843006283519,16139079338,0.44027936,7.120442,6.4830537,3
161843008783519,16141579338,0.4351946,7.138089,6.430412,3
161843011283519,16144079338,0.41515473,7.16112,6.387341,3
161843013783519,16146579338,0.41455653,7.1626153,6.3607206,3
161843016283519,16149079338,0.40737805,7.1802626,6.3571315,3
161843018783519,16151579338,0.39870408,7.207182,6.3888364,3
161843021283519,16154079338,0.3702893,7.2215385,6.4124656,3
161843023783519,16156579338,0.3598207,7.225427,6.424729,3
161843026283519,16159079338,0.33559337,7.2236323,6.4163537,3
161843028783519,16161579338,0.2973082,7.2263246,6.439385,3
161843031283519,16164079338,0.28414768,7.2341013,6.439385,3
161843033783519,16166579338,0.25902304,7.2451677,6.450452,3
161843036283519,16169079338,0.24705894,7.2418776,6.4462643,3
161843038783519,16171579338,0.24496523,7.2547393,6.433403,3
161843041283519,16174079338,0.23748764,7.254141,6.4289165,3
161843043783519,16176579338,0.23060828,7.2499533,6.4178495,3
161843046283519,16179079338,0.22013968,7.245766,6.444769,3
161843048783519,16181579338,0.2111666,7.2556367,6.4465632,3
161843051283519,16184079338,0.19770697,7.2622166,6.4624157,3
161843053783519,16186579338,0.1576272,7.2696943,6.5030937,3
161843056283519,16189079338,0.12143575,7.303493,6.527321,3
161843058783519,16191579338,0.09720842,7.3322067,6.562316,3
161843061283519,16194079338,0.07866404,7.3636127,6.596713,3
161843063783519,16196579338,0.05682954,7.385148,6.640382,3
161843066283519,16199079338,0.041575294,7.3974113,6.6762743,3
161843068783519,16201579338,0.03499503,7.402496,6.725327,3
161843071283519,16204079338,0.027816564,7.409375,6.7405815,3
161843073783519,16206579338,0.031405795,7.3842506,6.748657,3
161843076283519,16209079338,0.022731815,7.3959155,6.765706,3
161843078783519,16211579338,0.029910283,7.385746,6.773184,3
161843081283519,16214079338,0.04995017,7.382456,6.762416,3
161843083783519,16216579338,0.0637089,7.3866434,6.7432733,3
161843086283519,16219079338,0.0849452,7.366903,6.710372,3
161843088783519,16221579338,0.1055833,7.3432736,6.695716,3
161843091283519,16224079338,0.12801601,7.348358,6.6702924,3
161843093783519,16226579338,0.15643078,7.320841,6.6559353,3
161843096283519,16229079338,0.18574286,7.3178496,6.6302123,3
161843098783519,16231579338,0.20787647,7.298408,6.6107707,3
161843101283519,16234079338,0.23150559,7.2765737,6.6014986,3
161843103783519,16236579338,0.2548356,7.266703,6.605985,3
161843106283519,16239079338,0.29132617,7.237092,6.606284,3
161843108783519,16241579338,0.31615168,7.219744,6.59103,3
161843111283519,16244079338,0.32632118,7.183254,6.58445,3
161843113783519,16246579338,0.33469605,7.157232,6.595217,3
161843116283519,16249079338,0.3364907,7.1356964,6.621239,3
161843118783519,16251579338,0.31435707,7.133004,6.6245294,3
161843121283519,16254079338,0.2955136,7.1162543,6.628418,3
161843123783519,16256579338,0.27068806,7.116554,6.6332035,3
161843126283519,16259079338,0.2635096,7.112067,6.6678996,3
161843128783519,16261579338,0.23838496,7.12762,6.6798635,3
161843131283519,16264079338,0.22462623,7.131808,6.6948185,3
161843133783519,16266579338,0.22402802,7.12762,6.706783,3
161843136283519,16269079338,0.21684955,7.120741,6.716055,3
161843138783519,16271579338,0.20398813,7.1300135,6.734001,3
161843141283519,16274079338,0.19920248,7.138388,6.7495546,3
161843143783519,16276579338,0.17587246,7.157232,6.767501,3
161843146283519,16279079338,0.15972091,7.164709,6.767501,3
161843148783519,16281579338,0.14207384,7.170392,6.7618175,3
161843151283519,16284079338,0.11365908,7.1826553,6.752845,3
161843153783519,16286579338,0.09451649,7.1826553,6.7573314,3
161843156283519,16289079338,0.0840479,7.186544,6.7465634,3
161843158783519,16291579338,0.07238288,7.2009006,6.7301126,3
161843161283519,16294079338,0.051445685,7.218548,6.707381,3
161843163783519,16296579338,0.047258247,7.236494,6.6909304,3
161843166283519,16299079338,0.030209387,7.2619176,6.6646094,3
161843168783519,16301579338,0.029012974,7.292127,6.629315,3
161843171283519,16304079338,0.019441685,7.314859,6.614061,3
161843173783519,16306579338,0.014057833,7.333702,6.6071815,3
161843176283519,16309079338,0.043968115,7.3579297,6.5431733,3
161843178783519,16311579338,0.0738784,7.387242,6.547062,3
161843181283519,16314079338,0.1058824,7.36451,6.5847487,3
161843183783519,16316579338,0.12622139,7.3247294,6.51775,3
161843186283519,16319079338,0.13908282,7.32114,6.439086,3
161843188783519,16321579338,0.16091733,7.3366933,6.365207,3
161843191283519,16324079338,0.2015953,7.346564,6.3457656,3
161843193783519,16326579338,0.23509483,7.3396845,6.3418775,3
161843196283519,16329079338,0.2641078,7.3232336,6.33769,3
161843198783519,16331579338,0.27936205,7.3142605,6.322735,3
161843201283519,16334079338,0.30000013,7.3160553,6.3134627,3
161843203783519,16336579338,0.33170503,7.303493,6.320641,3
161843206283519,16339079338,0.349053,7.277172,6.34098,3
161843208783519,16341579338,0.36251262,7.2640114,6.3493547,3
161843211283519,16344079338,0.3789633,7.262516,6.361917,3
161843213783519,16346579338,0.38434714,7.253543,6.385247,3
161843216283519,16349079338,0.38404804,7.2475605,6.3975105,3
161843218783519,16351579338,0.38344982,7.233204,6.373283,3
161843221283519,16354079338,0.37238303,7.221838,6.4148583,3
161843223783519,16356579338,0.36131623,7.2233334,6.452246,3
161843226283519,16359079338,0.35563326,7.2092757,6.472884,3
161843228783519,16361579338,0.35443684,7.1952176,6.4911294,3
161843231283519,16364079338,0.33589247,7.190731,6.5147586,3
161843233783519,16366579338,0.32632118,7.1769724,6.527022,3
161843236283519,16369079338,0.32183465,7.1976104,6.506683,3
161843238783519,16371579338,0.33050862,7.2092757,6.50429,3
161843241283519,16374079338,0.32093734,7.2119675,6.474978,3
161843243783519,16376579338,0.31076783,7.2149587,6.4387865,3
161843246283519,16379079338,0.31256247,7.219146,6.38764,3
161843248783519,16381579338,0.33140594,7.2209406,6.3538413,3
161843251283519,16384079338,0.328714,7.2137623,6.311369,3
161843253783519,16386579338,0.33290145,7.207481,6.2679987,3
161843256283519,16389079338,0.34396824,7.2011995,6.2455664,3
161843258783519,16391579338,0.3385844,7.2032933,6.24108,3
161843261283519,16394079338,0.33708888,7.1949186,6.215058,3
161843263783519,16396579338,0.34337005,7.1955166,6.224629,3
161843266283519,16399079338,0.36460635,7.199106,6.224629,3
161843268783519,16401579338,0.3822534,7.1898336,6.2398834,3
161843271283519,16404079338,0.40618163,7.1859455,6.2757754,3
161843273783519,16406579338,0.42382872,7.166205,6.2928243,3
161843276283519,16409079338,0.4435695,7.1560354,6.2901325,3
161843278783519,16411579338,0.4648058,7.155437,6.3308105,3
161843281283519,16414079338,0.48933223,7.14437,6.3834524,3
161843283783519,16416579338,0.50069815,7.132406,6.407979,3
161843286283519,16419079338,0.49082774,7.123134,6.478268,3
161843288783519,16421579338,0.48963133,7.0953174,6.5165534,3
161843291283519,16424079338,0.4953143,7.1048884,6.579066,3
161843293783519,16426579338,0.51206404,7.1075807,6.6203423,3
161843296283519,16429079338,0.5021936,7.103692,6.6367927,3
161843298783519,16431579338,0.50039905,7.1186476,6.665806,3
161843301283519,16434079338,0.48364928,7.12762,6.6792655,3
161843303783519,16436579338,0.4749753,7.128817,6.6927247,3
161843306283519,16439079338,0.47078785,7.1156564,6.704689,3
161843308783519,16441579338,0.4564309,7.1168528,6.693024,3
161843311283519,16444079338,0.44177487,7.111469,6.6795645,3
161843313783519,16446579338,0.4127619,7.112366,6.6484575,3
161843316283519,16449079338,0.38434714,7.110871,6.6358953,3
161843318783519,16451579338,0.36759737,7.1228347,6.619445,3
161843321283519,16454079338,0.33379877,7.1273212,6.598807,3
161843323783519,16456579338,0.31256247,7.1416783,6.5718875,3
161843326283519,16459079338,0.30000013,7.1653075,6.562316,3
161843328783519,16461579338,0.27906293,7.1784678,6.559624,3
161843331283519,16464079338,0.25633112,7.17787,6.559026,3
161843333783519,16466579338,0.23599213,7.1880393,6.5108705,3
161843336283519,16469079338,0.20309082,7.202097,6.501,3
161843338783519,16471579338,0.19322042,7.2092757,6.493223,3
161843341283519,16474079338,0.17288144,7.218548,6.4968123,3
161843343783519,16476579338,0.16181463,7.2233334,6.4977098,3
161843346283519,16479079338,0.1591227,7.2296147,6.506982,3
161843348783519,16481579338,0.15403795,7.2233334,6.527321,3
161843351283519,16484079338,0.14925231,7.2026954,6.526424,3
161843353783519,16486579338,0.1692922,7.190432,6.5201426,3
161843356283519,16489079338,0.18723837,7.176075,6.524031,3
161843358783519,16491579338,0.21625134,7.1620173,6.510272,3
161843361283519,16494079338,0.24047868,7.13121,6.4851475,3
161843363783519,16496579338,0.24915266,7.112067,6.4648085,3
161843366283519,16499079338,0.26021945,7.0603223,6.4680986,3
161843368783519,16501579338,0.23389842,7.053144,6.469594,3
161843371283519,16504079338,0.23060828,7.0393853,6.4935226,3
161843373783519,16506579338,0.23030917,7.0343003,6.515058,3
161843376283519,16509079338,0.21924238,7.04447,6.5288167,3
161843378783519,16511579338,0.21804596,7.056434,6.532705,3
161843381283519,16514079338,0.2324029,7.079166,6.511768,3
161843383783519,16516579338,0.23330021,7.0860453,6.53779,3
161843386283519,16519079338,0.21894327,7.0956163,6.5440707,3
161843388783519,16521579338,0.21565314,7.1012993,6.5491557,3
161843391283519,16524079338,0.20428723,7.093822,6.5832534,3
161843393783519,16526579338,0.17318054,7.0749784,6.6598234,3
161843396283519,16529079338,0.11844472,7.068099,6.736394,3
161843398783519,16531579338,0.06430711,7.0809603,6.7935224,3
161843401283519,16534079338,0.046660043,7.1075807,6.8458657,3
161843403783519,16536579338,0.047856454,7.120143,6.8985076,3
161843406283519,16539079338,0.04755735,7.129714,6.9373913,3
161843408783519,16541579338,0.063110694,7.12762,6.9529443,3
161843411283519,16544079338,0.0840479,7.133303,6.966105,3
161843413783519,16546579338,0.11246266,7.134799,6.942476,3
161843416283519,16549079338,0.15164514,7.131509,6.9101725,3
161843418783519,16551579338,0.19172491,7.1282187,6.8817577,3
161843421283519,16554079338,0.2204388,7.132107,6.8261247,3
161843423783519,16556579338,0.24376881,7.1545396,6.766304,3
161843426283519,16559079338,0.2835495,7.164709,6.786045,3
161843428783519,16561579338,0.3487539,7.1138616,6.783054,3
161843431283519,16564079338,0.40468612,7.0606213,6.7115684,3
161843433783519,16566579338,0.39212382,7.0731835,6.6014986,3
161843436283519,16569079338,0.3717848,7.132107,6.5282183,3
161843438783519,16571579338,0.3924229,7.167102,6.469594,3
161843441283519,16574079338,0.4459623,7.1808605,6.4289165,3
161843443783519,16576579338,0.5494519,7.2206416,6.4088764,3
161843446283519,16579079338,0.7079764,7.2909307,6.3592253,3
161843448783519,16581579338,1.0731809,7.5364943,6.2790656,3
161843451283519,16584079338,1.7751753,7.9043903,6.1842504,3
161843453783519,16586579338,1.5086746,7.9537425,6.0421762,3
161843456283519,16589079338,1.119841,7.902596,6.0948186,3
161843458783519,16591579338,0.73429745,7.7413793,6.2398834,3
161843461283519,16594079338,0.3361916,7.5699935,6.265307,3
161843463783519,16596579338,0.029312078,7.396514,6.2114687,3
161843466283519,16599079338,-0.21475583,7.2708907,6.140282,3
161843468783519,16601579338,-0.38793638,7.1823564,6.0637116,3
161843471283519,16604079338,-0.5171488,7.114759,6.0361943,3
161843473783519,16606579338,-0.6023931,7.0836525,6.0320067,3
161843476283519,16609079338,-0.66011995,7.0935225,6.0523458,3
161843478783519,16611579338,-0.6550352,7.1455665,6.1034923,3
161843481283519,16614079338,-0.6409774,7.204789,6.2204413,3
161843483783519,16616579338,-0.61824554,7.2783685,6.3604217,3
161843486283519,16619079338,-0.57158554,7.3510504,6.5108705,3
161843488783519,16621579338,-0.50488555,7.396514,6.681359,3
161843491283519,16624079338,-0.44925246,7.433603,6.8503523,3
161843493783519,16626579338,-0.3900301,7.4733834,6.9684978,3
161843496283519,16629079338,-0.30957142,7.4709907,7.0842505,3
161843498783519,16631579338,-0.24436702,7.4473615,7.16112,3
161843501283519,16634079338,-0.17736799,7.409375,7.214659,3
161843503783519,16636579338,-0.11216356,7.3552375,7.2439713,3
161843506283519,16639079338,-0.050847482,7.2933235,7.268797,3
161843508783519,16641579338,-0.0047856453,7.210472,7.24786,3
161843511283519,16644079338,0.04995017,7.1243305,7.212865,3
161843513783519,16646579338,0.14416756,7.053144,7.190731,3
161843516283519,16649079338,0.22671995,6.991828,7.154839,3
161843518783519,16651579338,0.37058842,6.9448686,7.132406,3
161843521283519,16654079338,0.4758726,6.908976,7.084849,3
161843523783519,16656579338,0.53359944,6.93111,7.023832,3
161843526283519,16659079338,0.57637113,6.986444,7.032805,3
161843528783519,16661579338,0.6014958,7.0247293,7.038189,3
161843531283519,16664079338,0.60658056,7.025028,7.0058856,3
161843533783519,16666579338,0.6242276,7.0112696,6.9849486,3
161843536283519,16669079338,0.62751776,7.0223365,6.9559355,3
161843538783519,16671579338,0.5802595,7.0301127,6.9475603,3
161843541283519,16674079338,0.5054838,7.016055,6.929315,3
161843543783519,16676579338,0.48424748,7.02443,6.901798,3
161843546283519,16679079338,0.38554356,7.0435724,6.847062,3
161843548783519,16681579338,0.2862414,7.069894,6.8099732,3
161843551283519,16684079338,0.19800608,7.105188,6.774978,3
161843553783519,16686579338,0.12023934,7.1359954,6.768099,3
161843556283519,16689079338,0.035593238,7.1656065,6.75105,3
161843558783519,16691579338,-0.04755735,7.192227,6.730412,3
161843561283519,16694079338,-0.08644072,7.213463,6.7319074,3
161843563783519,16696579338,-0.14327025,7.2101727,6.782456,3
161843566283519,16699079338,-0.14596218,7.1976104,6.8054867,3
161843568783519,16701579338,-0.16121642,7.178767,6.876075,3
161843571283519,16704079338,-0.15792629,7.170392,6.960422,3
161843573783519,16706579338,-0.102592275,7.152446,7.0205417,3
161843576283519,16709079338,-0.08554341,7.132705,7.0561347,3
161843578783519,16711579338,-0.075673014,7.1282187,7.13121,3
161843581283519,16714079338,-0.14177474,7.111768,7.1691957,3
161843583783519,16716579338,-0.24586253,7.0806613,7.248757,3
161843586283519,16719079338,-0.2883351,7.0576305,7.349854,3
161843588783519,16721579338,-0.15014961,7.073483,7.4309106,3
161843591283519,16724079338,0.035294134,7.1099734,7.4291162,3
161843593783519,16726579338,0.2009971,7.135397,7.3695946,3
161843596283519,16729079338,0.33110684,7.1416783,7.3112698,3
161843598783519,16731579338,0.45134616,7.1132636,7.265208,3
161843601283519,16734079338,0.52552366,7.0764737,7.196414,3
161843603783519,16736579338,0.57188463,7.038787,7.0986075,3
161843606283519,16739079338,0.60837513,6.9759755,6.978069,3
161843608783519,16741579338,0.58504516,6.9320073,6.862615,3
161843611283519,16744079338,0.5608178,6.8892355,6.7615185,3
161843613783519,16746579338,0.5491528,6.8485575,6.6765733,3
161843616283519,16749079338,0.5590232,6.8461647,6.600601,3
161843618783519,16751579338,0.56859446,6.8431735,6.532406,3
161843621283519,16754079338,0.56530434,6.844071,6.483652,3
161843623783519,16756579338,0.5802595,6.873383,6.460023,3
161843626283519,16759079338,0.57816577,6.8982086,6.4794645,3
161843628783519,16761579338,0.59581286,6.905387,6.5234327,3
161843631283519,16764079338,0.61435723,6.9003024,6.6077795,3
161843633783519,16766579338,0.6266204,6.9062843,6.7322063,3
161843636283519,16769079338,0.65324056,6.921838,6.877271,3
161843638783519,16771579338,0.6577271,6.9388866,6.9759755,3
161843641283519,16774079338,0.59312093,6.943074,7.111768,3
161843643783519,16776579338,0.5416752,6.9358954,7.205686,3
161843646283519,16779079338,0.6092725,6.9622164,7.243074,3
161843648783519,16781579338,0.69900334,7.0005016,7.2556367,3
161843651283519,16784079338,0.7923234,7.0211396,7.264909,3
161843653783519,16786579338,0.81954175,7.0414786,7.254141,3
161843656283519,16789079338,0.8383852,7.0462646,7.2179494,3
161843658783519,16791579338,0.8102696,7.0764737,7.2065835,3
161843661283519,16794079338,0.7749754,7.1021967,7.1742806,3
161843663783519,16796579338,0.71246296,7.114759,7.070492,3
161843666283519,16799079338,0.62721866,7.134799,6.9702926,3
161843668783519,16801579338,0.53629136,7.1491556,6.850053,3
161843671283519,16804079338,0.44147578,7.173682,6.7091756,3
161843673783519,16806579338,0.33738798,7.2059855,6.554539,3
161843676283519,16809079338,0.22821546,7.2352977,6.4181485,3
161843678783519,16811579338,0.109471634,7.240083,6.2919273,3
161843681283519,16814079338,-0.014656039,7.2475605,6.213263,3
161843683783519,16816579338,-0.15104693,7.225128,6.1471615,3
161843686283519,16819079338,-0.28175488,7.2137623,6.1564336,3
161843688783519,16821579338,-0.4316054,7.1485577,6.220741,3
161843691283519,16824079338,-0.5413761,7.0926256,6.261718,3
161843693783519,16826579338,-0.6646065,7.0689964,6.296414,3
161843696283519,16829079338,-0.76510507,7.059126,6.346364,3
161843698783519,16831579338,-0.8132606,7.038488,6.4343,3
161843701283519,16834079338,-0.83688974,7.0325055,6.512366,3
161843703783519,16836579338,-0.83359957,7.038189,6.5754766,3
161843706283519,16839079338,-0.82941216,7.036693,6.599405,3
161843708783519,16841579338,-0.8009974,7.0411797,6.6361947,3
161843711283519,16844079338,-0.77677006,7.0543404,6.632007,3
161843713783519,16846579338,-0.71694946,7.049854,6.619146,3
161843716283519,16849079338,-0.61854464,7.044171,6.6011996,3
161843718783519,16851579338,-0.52911294,7.0414786,6.565008,3
161843721283519,16854079338,-0.42891344,7.0283184,6.5482583,3
161843723783519,16856579338,-0.32303107,7.0175505,6.559325,3
161843726283519,16859079338,-0.19441684,7.019943,6.532107,3
161843728783519,16861579338,-0.061615184,7.0319076,6.535696,3
161843731283519,16864079338,0.06520442,7.044171,6.5371914,3
161843733783519,16866579338,0.20518455,7.0606213,6.567999,3
161843736283519,16869079338,0.32063824,7.083054,6.5871415,3
161843738783519,16871579338,0.4109673,7.089036,6.538388,3
161843741283519,16874079338,0.49022955,7.0839515,6.5342007,3
161843743783519,16876579338,0.5377869,7.0785675,6.530611,3
161843746283519,16879079338,0.5560322,7.0636125,6.541678,3
161843748783519,16881579338,0.55782676,7.0543404,6.5641108,3
161843751283519,16884079338,0.5605187,7.029814,6.6242304,3
161843753783519,16886579338,0.5476573,6.9939213,6.675078,3
161843756283519,16889079338,0.5165506,6.987042,6.7244296,3
161843758783519,16891579338,0.4953143,6.957431,6.773483,3
161843761283519,16894079338,0.45852464,6.9409804,6.8072815,3
161843763783519,16896579338,0.4139583,6.9101725,6.821339,3
161843766283519,16899079338,0.360718,6.8832536,6.812366,3
161843768783519,16901579338,0.2973082,6.8685975,6.8108706,3
161843771283519,16904079338,0.23599213,6.862017,6.8078794,3
161843773783519,16906579338,0.16091733,6.853044,6.8542404,3
161843776283519,16909079338,0.08973085,6.850053,6.8312097,3
161843778783519,16911579338,0.0026919255,6.832107,6.7558355,3
161843781283519,16914079338,-0.059521463,6.835098,6.736095,3
161843783783519,16916579338,-0.109471634,6.8632135,6.6924257,3
161843786283519,16919079338,-0.11455639,6.9212394,6.6963143,3
161843788783519,16921579338,-0.089132644,6.9684978,6.684051,3
161843791283519,16924079338,0.070289165,7.164709,7.0968127,3
161843793783519,16926579338,0.18514465,7.2532434,7.3698936,3
161843796283519,16929079338,0.17138593,7.2296147,7.0432734,3
161843798783519,16931579338,0.13938192,7.2038918,6.8611197,3
161843801283519,16934079338,0.12203395,7.1694946,6.7615185,3
161843803783519,16936579338,0.17467605,7.1422763,6.6939216,3
161843806283519,16939079338,0.26141587,7.0983086,6.593423,3
161843808783519,16941579338,0.34486556,7.07767,6.4408803,3
161843811283519,16944079338,0.3912265,7.0842505,6.378368,3
161843813783519,16946579338,0.45044887,7.09442,6.3661046,3
161843816283519,16949079338,0.5129613,7.0989065,6.349056,3
161843818783519,16951579338,0.58564335,7.105487,6.3589263,3
161843821283519,16954079338,0.619442,7.103094,6.3774705,3
161843823783519,16956579338,0.6430711,7.091429,6.422934,3
161843826283519,16959079338,0.63888365,7.068697,6.450751,3
161843828783519,16961579338,0.58534425,7.0247293,6.517451,3
161843831283519,16964079338,0.4854439,6.945467,6.599704,3
161843833783519,16966579338,0.33409786,6.843473,6.7011,3
161843836283519,16969079338,0.13968103,6.724729,6.8204417,3
161843838783519,16971579338,-0.06610172,6.6128645,6.95444,3
161843841283519,16974079338,-0.28145576,6.5018973,7.07438,3
161843843783519,16976579338,-0.4660022,6.430412,7.1745796,3
161843846283519,16979079338,-0.622433,6.3825555,7.2616186,3
161843848783519,16981579338,-0.7600203,6.3601227,7.3199434,3
161843851283519,16984079338,-0.8862417,6.3397837,7.3576307,3
161843853783519,16986579338,-0.9622138,6.344868,7.361519,3
161843856283519,16989079338,-1.0241281,6.348458,7.367202,3
161843858783519,16991579338,-1.0474582,6.384051,7.330113,3
161843861283519,16994079338,-1.0543375,6.4142604,7.303792,3
161843863783519,16996579338,-1.05015,6.454639,7.280462,3
161843866283519,16999079338,-1.0351949,6.4666033,7.260422,3
161843868783519,17001579338,-1.0163515,6.4740806,7.2080793,3
161843871283519,17004079338,-0.98943216,6.4944196,7.145866,3
161843873783519,17006579338,-0.96879405,6.5291157,7.100402,3
161843876283519,17009079338,-0.942473,6.5757756,7.0612197,3
161843878783519,17011579338,-0.89102733,6.597311,6.9939213,3
161843881283519,17014079338,-0.85034937,6.599405,6.936793,3
161843883783519,17016579338,-0.78723866,6.6053867,6.890432,3
161843886283519,17019079338,-0.7262217,6.623632,6.840183,3
161843888783519,17021579338,-0.67806613,6.6385875,6.824031,3
161843891283519,17024079338,-0.6517451,6.654739,6.8096743,3
161843893783519,17026579338,-0.6433702,6.680462,6.7836523,3
161843896283519,17029079338,-0.62183475,6.680761,6.756434,3
161843898783519,17031579338,-0.6026922,6.6816583,6.739684,3
161843901283519,17034079338,-0.5691927,6.699006,6.7432733,3
161843903783519,17036579338,-0.5766702,6.704988,6.7178497,3
161843906283519,17039079338,-0.56410795,6.7462645,6.6999035,3
161843908783519,17041579338,-0.5494519,6.777371,6.6924257,3
161843911283519,17044079338,-0.5204389,6.8015985,6.710671,3
161843913783519,17046579338,-0.48903313,6.8407807,6.72772,3
161843916283519,17049079338,-0.4564309,6.8805614,6.759724,3
161843918783519,17051579338,-0.4408776,6.916753,6.7872415,3
161843921283519,17054079338,-0.4214359,6.952047,6.810272,3
161843923783519,17056579338,-0.401396,6.963712,6.823134,3
161843926283519,17059079338,-0.3792624,6.9768724,6.7983084,3
161843928783519,17061579338,-0.3472584,6.992127,6.800701,3
161843931283519,17064079338,-0.32273194,7.010372,6.7911296,3
161843933783519,17066579338,-0.2940181,7.02443,6.7555366,3
161843936283519,17069079338,-0.26081768,7.038787,6.7313094,3
161843938783519,17071579338,-0.20907287,7.0561347,6.6969123,3
161843941283519,17074079338,-0.17856438,7.073483,6.6556363,3
161843943783519,17076579338,-0.17736799,7.0953174,6.626922,3
161843946283519,17079079338,-0.1797608,7.1192455,6.6071815,3
161843948783519,17081579338,-0.19202402,7.146763,6.6104717,3
161843951283519,17084079338,-0.20129621,7.1841507,6.6203423,3
161843953783519,17086579338,-0.2222334,7.2122664,6.6538415,3
161843956283519,17089079338,-0.25064817,7.2442703,6.704689,3
161843958783519,17091579338,-0.28235307,7.265208,6.745367,3
161843961283519,17094079338,-0.317049,7.2792654,6.7989063,3
161843963783519,17096579338,-0.3610171,7.2993054,6.8727846,3
161843966283519,17099079338,-0.41485563,7.318747,6.9173512,3
161843968783519,17101579338,-0.45702913,7.3513494,6.957132,3
161843971283519,17104079338,-0.49860442,7.3429747,6.9990063,3
161843973783519,17106579338,-0.5243273,7.346564,7.03101,3
161843976283519,17109079338,-0.55064833,7.3570323,7.074081,3
161843978783519,17111579338,-0.5772685,7.3609204,7.1138616,3
161843981283519,17114079338,-0.5940182,7.3489566,7.173682,3
161843983783519,17116579338,-0.5694918,7.3396845,7.2451677,3
161843986283519,17119079338,-0.5392824,7.3247294,7.320841,3
161843988783519,17121579338,-0.49082774,7.2879395,7.374081,3
161843991283519,17124079338,-0.43609193,7.25115,7.3983083,3
161843993783519,17126579338,-0.38524446,7.199405,7.4141607,3
161843996283519,17129079338,-0.3400799,7.132107,7.4276204,3
161843998783519,17131579338,-0.32004002,7.0968127,7.430013,3
161844001283519,17134079338,-0.28025934,7.0471616,7.4862447,3
161844003783519,17136579338,-0.2527419,6.996015,7.470392,3
161844006283519,17139079338,-0.23988047,6.9505515,7.4177504,3
161844008783519,17141579338,-0.2428715,6.9128647,7.3546395,3
161844011283519,17144079338,-0.23479572,6.8796644,7.305886,3
161844013783519,17146579338,-0.23778675,6.8389864,7.2305117,3
161844016283519,17149079338,-0.26889345,6.8189464,7.1545396,3
161844018783519,17151579338,-0.29880372,6.8189464,7.1153574,3
161844021283519,17154079338,-0.32542387,6.819844,7.091429,3
161844023783519,17156579338,-0.35144582,6.8389864,7.0785675,3
161844026283519,17159079338,-0.369392,6.8775706,7.09113,3
161844028783519,17161579338,-0.37836507,6.9101725,7.0788665,3
161844031283519,17164079338,-0.3915256,6.9263244,7.0450683,3
161844033783519,17166579338,-0.41964126,6.957132,7.0340014,3
161844036283519,17169079338,-0.39840496,6.990332,7.030711,3
161844038783519,17171579338,-0.37657046,7.0151577,7.0408807,3
161844041283519,17174079338,-0.32333016,7.0486574,7.056434,3
161844043783519,17176579338,-0.2862414,7.075577,7.0764737,3
161844046283519,17179079338,-0.23150559,7.103692,7.0893354,3
161844048783519,17181579338,-0.17048861,7.1135626,7.108478,3
161844051283519,17184079338,-0.11216356,7.1192455,7.090831,3
161844053783519,17186579338,-0.05054838,7.108478,7.0758758,3
161844056283519,17189079338,-8.9730846E-4,7.0875406,7.0519476,3
161844058783519,17191579338,0.05503492,7.069894,6.99781,3
161844061283519,17194079338,0.10887343,7.0411797,6.9266233,3
161844063783519,17196579338,0.09900304,6.975078,6.8611197,3
161844066283519,17199079338,0.077467635,6.9583282,6.773184,3
161844068783519,17201579338,0.101694964,6.9481587,6.7369924,3
161844071283519,17204079338,0.11874382,6.9481587,6.730412,3
161844073783519,17206579338,0.11216356,6.9320073,6.716354,3
161844076283519,17209079338,0.11335997,6.920043,6.693323,3
161844078783519,17211579338,0.07836494,6.9302125,6.686145,3
161844081283519,17214079338,0.05623133,6.934101,6.70439,3
161844083783519,17216579338,0.017347964,6.9409804,6.7034926,3
161844086283519,17219079338,-0.03798606,6.9523463,6.7348986,3
161844088783519,17221579338,-0.096909314,6.9412794,6.7630143,3
161844091283519,17224079338,-0.3185445,6.8781686,6.89761,3
161844093783519,17226579338,-1.3202399,6.5886374,7.3842506,3
161844096283519,17229079338,-1.4590236,6.4962144,6.9188466,3
161844098783519,17231579338,-1.1688938,6.515656,6.076274,3
161844101283519,17234079338,-0.7639086,6.495317,5.2477593,3
161844103783519,17236579338,-0.3056831,6.4773707,4.4521456,3
161844106283519,17239079338,0.0948156,6.5374904,3.9424744,3
161844108783519,17241579338,0.3499503,6.6996045,3.888935,3
161844111283519,17244079338,0.42382872,6.9278197,4.3495536,3
161844113783519,17246579338,0.37238303,7.171888,5.152046,3
161844116283519,17249079338,0.3044867,7.384849,5.9503517,3
161844118783519,17251579338,0.24436702,7.5260253,6.582655,3
161844121283519,17254079338,0.20219351,7.6109705,6.9702926,3
161844123783519,17256579338,0.21595225,7.6070824,7.1653075,3
161844126283519,17259079338,0.27218357,7.509874,7.1826553,3
161844128783519,17261579338,0.33050862,7.4129643,7.0555367,3
161844131283519,17264079338,0.38793638,7.34118,6.9332037,3
161844133783519,17266579338,0.38374892,7.2580295,6.780362,3
161844136283519,17269079338,0.37238303,7.1856465,6.6349983,3
161844138783519,17271579338,0.34277186,7.114161,6.544669,3
161844141283519,17274079338,0.3065804,7.0606213,6.509375,3
161844143783519,17276579338,0.2868396,7.0094748,6.4911294,3
161844146283519,17279079338,0.2856432,6.989734,6.526424,3
161844148783519,17281579338,0.2862414,6.963712,6.6221366,3
161844151283519,17284079338,0.28235307,6.927222,6.728916,3
161844153783519,17286579338,0.28175488,6.9038916,6.812665,3
161844156283519,17289079338,0.20787647,6.910771,6.829415,3
161844158783519,17291579338,0.1692922,6.942177,6.855138,3
161844161283519,17294079338,0.14207384,6.9906316,6.903293,3
161844163783519,17296579338,0.14745769,6.992725,6.931409,3
161844166283519,17299079338,0.13070793,7.0343003,6.9481587,3
161844168783519,17301579338,0.10468599,7.057032,6.972386,3
161844171283519,17304079338,0.08883354,7.0803623,7.0011,3
161844173783519,17306579338,0.08315059,7.103094,7.0343003,3
161844176283519,17309079338,0.08644072,7.0689964,7.149455,3
161844178783519,17311579338,0.09332009,7.0722866,7.1742806,3
161844181283519,17314079338,0.07986046,7.073782,7.225427,3
161844183783519,17316579338,0.051146585,7.091429,7.2909307,3
161844186283519,17319079338,0.026919255,7.111469,7.3375907,3
161844188783519,17321579338,0.012562319,7.1045895,7.373782,3
161844191283519,17324079338,0.0059820567,7.088438,7.3803625,3
161844193783519,17326579338,-0.0062811594,7.0725856,7.3773713,3
161844196283519,17329079338,0.008973085,7.0408807,7.3923264,3
161844198783519,17331579338,0.01794617,7.0354967,7.34118,3
161844201283519,17334079338,-0.0014955142,7.0118675,7.2876406,3
161844203783519,17336579338,-0.019740786,6.977471,7.231409,3
161844206283519,17339079338,0.03798606,6.945467,7.2272215,3
161844208783519,17341579338,0.07088737,6.923034,7.25773,3
161844211283519,17344079338,0.1160519,6.8913293,7.225726,3
161844213783519,17346579338,0.02871387,6.8422766,7.158727,3
161844216283519,17349079338,0.063110694,6.8572316,7.0806613,3
161844218783519,17351579338,0.13998012,6.8596244,7.106085,3
161844221283519,17354079338,0.17557336,6.8602223,7.1219373,3
161844223783519,17356579338,0.19232312,6.843473,7.128817,3
161844226283519,17359079338,0.20398813,6.811768,7.1428747,3
161844228783519,17361579338,0.17856438,6.8015985,7.1168528,3
161844231283519,17364079338,0.12891331,6.834799,7.1015987,3
161844233783519,17366579338,0.07597212,6.854839,7.0983086,3
161844236283519,17369079338,0.022432713,6.856334,7.105188,3
161844238783519,17371579338,-0.016450657,6.853343,7.099505,3
161844241283519,17374079338,-0.034097724,6.808478,7.1171517,3
161844243783519,17376579338,-0.03708875,6.7672014,7.1132636,3
161844246283519,17379079338,-0.0637089,6.75434,7.06451,3
161844248783519,17381579338,-0.07836494,6.769295,7.0450683,3
161844251283519,17384079338,-0.090029955,6.7585278,7.0399833,3
161844253783519,17386579338,-0.08673982,6.7354965,7.0471616,3
161844256283519,17389079338,-0.069391854,6.7178497,6.9993052,3
161844258783519,17391579338,-0.061615184,6.713662,6.9469624,3
161844261283519,17394079338,-0.020338992,6.7238317,6.923632,3
161844263783519,17396579338,-0.0047856453,6.736394,6.9074807,3
161844266283519,17399079338,0.03589234,6.725327,6.882655,3
161844268783519,17401579338,0.062213387,6.722037,6.858727,3
161844271283519,17404079338,0.08344969,6.727421,6.841379,3
161844273783519,17406579338,0.10677971,6.7369924,6.8258257,3
161844276283519,17409079338,0.13938192,6.7642107,6.8072815,3
161844278783519,17411579338,0.13399807,6.773483,6.7689962,3
161844281283519,17414079338,0.12173485,6.794719,6.7689962,3
161844283783519,17416579338,0.112761766,6.8045893,6.7821565,3
161844286283519,17419079338,0.10438689,6.810272,6.814161,3
161844288783519,17421579338,0.06759724,6.7995048,6.8425756,3
161844291283519,17424079338,-0.010767702,6.8138614,6.8318076,3
161844293783519,17426579338,-0.0849452,6.827321,6.8189464,3
161844296283519,17429079338,-0.085244305,6.83779,6.853044,3
161844298783519,17431579338,-0.092422776,6.8503523,6.899405,3
161844301283519,17434079338,-0.10797612,6.869794,6.9358954,3
161844303783519,17436579338,-0.13848461,6.8946195,6.9224358,3
161844306283519,17439079338,-0.17377874,6.902396,6.902396,3
161844308783519,17441579338,-0.180359,6.91765,6.8748784,3
161844311283519,17444079338,-0.20249261,6.9248285,6.832406,3
161844313783519,17446579338,-0.21445672,6.914659,6.7797637,3
161844316283519,17449079338,-0.2204388,6.916155,6.7372913,3
161844318783519,17451579338,-0.20279172,6.9012,6.730711,3
161844321283519,17454079338,-0.17138593,6.8685975,6.762117,3
161844323783519,17456579338,-0.13579269,6.838089,6.7408805,3
161844326283519,17459079338,-0.13070793,6.8632135,6.750751,3
161844328783519,17461579338,-0.10857433,6.89432,6.77438,3
161844331283519,17464079338,-0.08344969,6.893423,6.801,3
161844333783519,17466579338,-0.07447661,6.8967133,6.821339,3
161844336283519,17469079338,-0.053240303,6.9020967,6.823433,3
161844338783519,17471579338,-0.038285162,6.9071817,6.8398833,3
161844341283519,17474079338,-0.03379862,6.9119673,6.8653073,3
161844343783519,17476579338,-0.011964113,6.901798,6.88116,3
161844346283519,17479079338,0.014955142,6.8712893,6.904789,3
161844348783519,17481579338,0.014656039,6.8742805,6.856035,3
161844351283519,17484079338,0.011365907,6.89761,6.8345,3
161844353783519,17486579338,-0.0032901312,6.9332037,6.777072,3
161844356283519,17489079338,-0.0062811594,6.9502525,6.736095,3
161844358783519,17491579338,-0.02841477,6.95773,6.710671,3
161844361283519,17494079338,-0.017647067,6.9732833,6.6532435,3
161844363783519,17496579338,-0.0071784677,6.9559355,6.6442704,3
161844366283519,17499079338,0.011964113,6.934101,6.637989,3
161844368783519,17501579338,0.0065802624,6.9469624,6.567401,3
161844371283519,17504079338,-0.0077766734,6.9744797,6.529714,3
161844373783519,17506579338,-0.040378883,6.986743,6.4498534,3
161844376283519,17509079338,-0.052043892,6.9939213,6.3885374,3
161844378783519,17511579338,-0.06759724,7.0022964,6.343373,3
161844381283519,17514079338,-0.072681986,6.9993052,6.316753,3
161844383783519,17516579338,-0.09451649,6.9933233,6.306284,3
161844386283519,17519079338,-0.11425728,6.983154,6.3134627,3
161844388783519,17521579338,-0.13070793,6.9768724,6.331708,3
161844391283519,17524079338,-0.15403795,6.971489,6.3568325,3
161844393783519,17526579338,-0.20368902,6.9622164,6.407979,3
161844396283519,17529079338,-0.26979074,6.936793,6.43101,3
161844398783519,17531579338,-0.317049,6.9352975,6.5225353,3
161844401283519,17534079338,-0.31435707,6.9481587,6.6735826,3
161844403783519,17536579338,-0.30388847,6.946065,6.8150578,3
161844406283519,17539079338,-0.32033914,6.966404,6.9128647,3
161844408783519,17541579338,-0.33140594,6.9906316,7.015756,3
161844411283519,17544079338,-0.34785658,7.01097,7.0968127,3
161844413783519,17546579338,-0.35862428,7.0172515,7.1895347,3
161844416283519,17549079338,-0.36699918,7.0133634,7.2637124,3
161844418783519,17551579338,-0.4019942,6.986444,7.3420773,3
161844421283519,17554079338,-0.41306102,6.9816585,7.429714,3
161844423783519,17556579338,-0.4549354,6.9852476,7.5110703,3
161844426283519,17559079338,-0.46749774,6.9891357,7.569096,3
161844428783519,17561579338,-0.47916272,6.978069,7.6109705,3
161844431283519,17564079338,-0.47976094,6.9622164,7.615756,3
161844433783519,17566579338,-0.4642076,6.9326053,7.597511,3
161844436283519,17569079338,-0.44536412,6.9065833,7.5726852,3
161844438783519,17571579338,-0.4226323,6.902396,7.500602,3
161844441283519,17574079338,-0.3807579,6.875776,7.4422765,3
161844443783519,17576579338,-0.33738798,6.8814588,7.3513494,3
161844446283519,17579079338,-0.3065804,6.859026,7.278069,3
161844448783519,17581579338,-0.27876383,6.8572316,7.225128,3
161844451283519,17584079338,-0.27846473,6.895816,7.211369,3
161844453783519,17586579338,-0.30299118,6.938288,7.2122664,3
161844456283519,17589079338,-0.32153556,6.980761,7.1976104,3
161844458783519,17591579338,-0.33260235,7.021738,7.198508,3
161844461283519,17594079338,-0.3364907,7.038488,7.212865,3
161844463783519,17596579338,-0.4004987,7.0226355,7.17787,3
161844466283519,17599079338,-0.38614175,7.0208406,7.106085,3
161844468783519,17601579338,-0.3900301,7.0025954,7.088139,3
161844471283519,17604079338,-0.31046873,6.9394846,7.14437,3
161844473783519,17606579338,-0.30059835,6.9245296,7.094719,3
161844476283519,17609079338,-0.24526432,6.929016,7.0678,3
161844478783519,17611579338,-0.20638095,6.9269223,7.055238,3
161844481283519,17614079338,-0.20458634,6.921539,7.008877,3
161844483783519,17616579338,-0.21984059,6.890731,6.938288,3
161844486283519,17619079338,-0.24077778,6.8739815,6.908378,3
161844488783519,17621579338,-0.2425724,6.843473,6.8482585,3
161844491283519,17624079338,-0.26021945,6.8252273,6.8407807,3
161844493783519,17626579338,-0.2955136,6.8078794,6.8656063,3
161844496283519,17629079338,-0.32632118,6.803393,6.8742805,3
161844498783519,17631579338,-0.33738798,6.808777,6.9000034,3
161844501283519,17634079338,-0.34127632,6.809375,6.897311,3
161844503783519,17636579338,-0.34277186,6.8204417,6.9098735,3
161844506283519,17639079338,-0.3592225,6.8108706,6.9332037,3
161844508783519,17641579338,-0.36191443,6.8255267,6.9415784,3
161844511283519,17644079338,-0.36550367,6.853343,6.9305115,3
161844513783519,17646579338,-0.35533416,6.8691955,6.9335027,3
161844516283519,17649079338,-0.32841492,6.869495,6.9472613,3
161844518783519,17651579338,-0.29820552,6.8859453,6.992127,3
161844521283519,17654079338,-0.27996024,6.882057,7.038189,3
161844523783519,17656579338,-0.24795625,6.897311,7.082456,3
161844526283519,17659079338,-0.21206391,6.8928246,7.135098,3
161844528783519,17661579338,-0.17048861,6.8895345,7.169794,3
161844531283519,17664079338,-0.15104693,6.8602223,7.1339016,3
161844533783519,17666579338,-0.13459627,6.812665,7.125826,3
161844536283519,17669079338,-0.04336991,6.7588267,7.169794,3
161844538783519,17671579338,-0.046660043,6.6924257,7.1638117,3
161844541283519,17674079338,0.040677983,6.6777697,7.1545396,3
161844543783519,17676579338,0.17377874,6.6532435,7.254141,3
161844546283519,17679079338,0.2434697,6.6155562,7.285547,3
161844548783519,17681579338,0.30538398,6.555736,7.260123,3
161844551283519,17684079338,0.35234314,6.524629,7.207481,3
161844553783519,17686579338,0.37417763,6.512665,7.11446,3
161844556283519,17689079338,0.41754755,6.493223,7.0731835,3
161844558783519,17691579338,0.4351946,6.4701924,7.016354,3
161844561283519,17694079338,0.46002015,6.4462643,6.9708905,3
161844563783519,17696579338,0.46181476,6.432206,6.902994,3
161844566283519,17699079338,0.45792642,6.413662,6.818348,3
161844568783519,17701579338,0.40558344,6.4157557,6.742077,3
161844571283519,17704079338,0.3711866,6.432206,6.6927247,3
161844573783519,17706579338,0.31615168,6.4414787,6.667002,3
161844576283519,17709079338,0.2638087,6.467201,6.6625156,3
161844578783519,17711579338,0.21804596,6.493223,6.689734,3
161844581283519,17714079338,0.14955142,6.5204415,6.7241306,3
161844583783519,17716579338,0.08943175,6.5485573,6.8054867,3
161844586283519,17719079338,0.035593238,6.5688963,6.9095745,3
161844588783519,17721579338,0.0035892338,6.6009,7.0223365,3
161844591283519,17724079338,-0.04336991,6.6352973,7.126424,3
161844593783519,17726579338,-0.07328019,6.6649084,7.259226,3
161844596283519,17729079338,-0.11934203,6.646364,7.3716884,3
161844598783519,17731579338,-0.1683949,6.71426,7.466504,3
161844601283519,17734079338,-0.22941187,6.7935224,7.6869426,3
161844603783519,17736579338,-0.19142582,6.7764735,7.8670025,3
161844606283519,17739079338,-0.11306087,6.753443,7.9893355,3
161844608783519,17741579338,-0.07866404,6.7088766,8.075478,3
161844611283519,17744079338,-0.063110694,6.6927247,8.125727,3
161844613783519,17746579338,-0.052342996,6.6717877,8.188837,3
161844616283519,17749079338,-0.018245272,6.6705914,8.1738825,3
161844618783519,17751579338,-0.025124637,6.646962,8.130512,3
161844621283519,17754079338,-0.014057833,6.58774,8.065607,3
161844623783519,17756579338,8.9730846E-4,6.52104,8.038987,3
161844626283519,17759079338,0.058325052,6.489634,8.021938,3
161844628783519,17761579338,0.111864455,6.4648085,8.006385,3
161844631283519,17764079338,0.13160525,6.45105,7.9091763,3
161844633783519,17766579338,0.15643078,6.43759,7.8239317,3
161844636283519,17769079338,0.20039889,6.428019,7.7204423,3
161844638783519,17771579338,0.26859435,6.437291,7.673483,3
161844641283519,17774079338,0.33110684,6.430412,7.650751,3
161844643783519,17776579338,0.42023948,6.4094744,7.5939217,3
161844646283519,17779079338,0.5024927,6.4028945,7.5406814,3
161844648783519,17781579338,0.5799604,6.393024,7.513762,3
161844651283519,17784079338,0.6230312,6.404689,7.4865437,3
161844653783519,17786579338,0.65653074,6.4175506,7.4620175,3
161844656283519,17789079338,0.7115656,6.424729,7.4587274,3
161844658783519,17791579338,0.74626154,6.439983,7.4365935,3
161844661283519,17794079338,0.77766734,6.4788666,7.408777,3
161844663783519,17796579338,0.785444,6.5108705,7.348059,3
161844666283519,17799079338,0.8222337,6.509674,7.353443,3
161844668783519,17801579338,0.87308115,6.4959154,7.3100734,3
161844671283519,17804079338,0.9272188,6.4645095,7.2448688,3
161844673783519,17806579338,0.962812,6.4501524,7.171888,3
161844676283519,17809079338,0.9942178,6.424729,7.068398,3
161844678783519,17811579338,1.0028918,6.428617,6.983154,3
161844681283519,17814079338,1.0250254,6.433702,6.934699,3
161844683783519,17816579338,1.0797613,6.4178495,6.893423,3
161844686283519,17819079338,1.0962119,6.3939214,6.8452673,3
161844688783519,17821579338,1.1195419,6.393622,6.783054,3
161844691283519,17824079338,1.1303096,6.4010997,6.74776,3
161844693783519,17826579338,1.1147562,6.3891354,6.721738,3
161844696283519,17829079338,1.0911272,6.3903317,6.728019,3
161844698783519,17831579338,1.0642079,6.390631,6.7351975,3
161844701283519,17834079338,1.0070792,6.3882384,6.7229342,3
161844703783519,17836579338,0.9343972,6.385546,6.715756,3
161844706283519,17839079338,0.84077805,6.4085774,6.6981087,3
161844708783519,17841579338,0.74895346,6.4366927,6.721439,3
161844711283519,17844079338,0.64845496,6.4492555,6.7441707,3
161844713783519,17846579338,0.5458627,6.483951,6.776773,3
161844716283519,17849079338,0.4031906,6.511768,6.8150578,3
161844718783519,17851579338,0.2724827,6.5512495,6.853343,3
161844721283519,17854079338,0.1698904,6.5838513,6.8895345,3
161844723783519,17856579338,0.07148558,6.6215386,6.9071817,3
161844726283519,17859079338,-0.011365907,6.6538415,6.901499,3
161844728783519,17861579338,-0.06550352,6.6831536,6.8832536,3
161844731283519,17864079338,-0.11844472,6.665806,6.880861,3
161844733783519,17866579338,-0.1471586,6.666404,6.827321,3
161844736283519,17869079338,-0.18753748,6.663712,6.7519474,3
161844738783519,17871579338,-0.23509483,6.673283,6.696015,3
161844741283519,17874079338,-0.25034907,6.6909304,6.671489,3
161844743783519,17876579338,-0.22821546,6.7109704,6.6460648,3
161844746283519,17879079338,-0.21445672,6.7184477,6.637989,3
161844748783519,17881579338,-0.19411774,6.7354965,6.6765733,3
161844751283519,17884079338,-0.16719848,6.7390857,6.7525454,3
161844753783519,17886579338,-0.14566308,6.748956,6.882954,3
161844756283519,17889079338,-0.11724831,6.7552376,7.0351977,3
161844758783519,17891579338,-0.08225328,6.7636123,7.183254,3
161844761283519,17894079338,-0.03379862,6.7639112,7.345068,3
161844763783519,17896579338,0.023030918,6.7390857,7.4709907,3
161844766283519,17899079338,0.06759724,6.7178497,7.568498,3
161844768783519,17901579338,0.12023934,6.6628146,7.5550385,3
161844771283519,17904079338,0.18125631,6.60449,7.2173514,3
161844773783519,17906579338,0.25573292,6.5515485,7.183254,3
161844776283519,17909079338,0.34337005,6.52104,7.476075,3
161844778783519,17911579338,0.49142596,6.442974,7.683952,3
161844781283519,17914079338,0.5778667,6.375975,7.789535,3
161844783783519,17916579338,0.6329016,6.3086767,7.84457,3
161844786283519,17919079338,0.6792625,6.2434726,7.8670025,3
161844788783519,17921579338,0.69900334,6.1737814,7.8547397,3
161844791283519,17924079338,0.70378894,6.099903,7.821539,3
161844793783519,17926579338,0.7109674,6.0287166,7.759625,3
161844796283519,17929079338,0.7151549,5.971887,7.710273,3
161844798783519,17931579338,0.76301134,5.910272,7.647162,3
161844801283519,17934079338,0.78424764,5.873482,7.579864,3
161844803783519,17936579338,0.80518484,5.8540406,7.489535,3
161844806283519,17939079338,0.8150552,5.8540406,7.3974113,3
161844808783519,17941579338,0.79830545,5.881558,7.2915287,3
161844811283519,17944079338,0.7088737,5.878866,7.092027,3
161844813783519,17946579338,0.6768697,5.925227,6.992426,3
161844816283519,17949079338,0.69541407,5.9820566,6.9248285,3
161844818783519,17951579338,0.6765706,6.0577297,6.81446,3
161844821283519,17954079338,0.64845496,6.128019,6.7181487,3
161844823783519,17956579338,0.62901324,6.2024956,6.619744,3
161844826283519,17959079338,0.5829514,6.264709,6.506384,3
161844828783519,17961579338,0.5563313,6.3475604,6.4887366,3
161844831283519,17964079338,0.49441698,6.419345,6.47438,3
161844833783519,17966579338,0.4336991,6.500402,6.470791,3
161844836283519,17969079338,0.39571303,6.5697937,6.5018973,3
161844838783519,17971579338,0.35413775,6.637391,6.5401826,3
161844841283519,17974079338,0.30179477,6.7011,6.606583,3
161844843783519,17976579338,0.23988047,6.728019,6.640382,3
161844846283519,17979079338,0.18245272,6.7498536,6.6711893,3
161844848783519,17981579338,0.12861422,6.7384877,6.70439,3
161844851283519,17984079338,0.07298109,6.725028,6.7441707,3
161844853783519,17986579338,0.006879365,6.712167,6.7998037,3
161844856283519,17989079338,-0.048155557,6.6909304,6.879066,3
161844858783519,17991579338,-0.11006984,6.638288,6.969694,3
161844861283519,17994079338,-0.16181463,6.613762,7.036693,3
161844863783519,17996579338,-0.25573292,6.585347,7.0863442,3
161844866283519,17999079338,-0.3293122,6.553343,7.114759,3
161844868783519,18001579338,-0.39361933,6.530611,7.1359954,3
161844871283519,18004079338,-0.4316054,6.5090756,7.1419773,3
161844873783519,18006579338,-0.45164528,6.470791,7.1428747,3
161844876283519,18009079338,-0.43698925,6.4238315,7.1712894,3
161844878783519,18011579338,-0.40558344,6.370591,7.152147,3
161844881283519,18014079338,-0.35174492,6.323034,7.14108,3
161844883783519,18016579338,-0.2943172,6.262914,7.153343,3
161844886283519,18019079338,-0.20877378,6.20758,7.152147,3
161844888783519,18021579338,-0.109471634,6.1301126,7.1309104,3
161844891283519,18024079338,-0.0056829536,6.101997,7.0615187,3
161844893783519,18026579338,0.103190474,6.034998,6.979265,3
161844896283519,18029079338,0.22402802,5.986543,6.9352975,3
161844898783519,18031579338,0.3188436,5.9497533,6.8985076,3
161844901283519,18034079338,0.41515473,5.896513,6.897311,3
161844903783519,18036579338,0.5087739,5.8579288,6.9326053,3
161844906283519,18039079338,0.59312093,5.8154564,6.9708905,3
161844908783519,18041579338,0.65922266,5.8067822,7.0471616,3
161844911283519,18044079338,0.72352976,5.7948184,7.077072,3
161844913783519,18046579338,0.7639086,5.782854,7.146763,3
161844916283519,18049079338,0.8063812,5.7816577,7.2155566,3
161844918783519,18051579338,0.82941216,5.7804613,7.333104,3
161844921283519,18054079338,0.84137625,5.771189,7.4647093,3
161844923783519,18056579338,0.8497511,5.768497,7.629814,3
161844926283519,18059079338,0.8069794,5.7720866,7.7868433,3
161844928783519,18061579338,0.8024929,5.756234,7.926225,3
161844931283519,18064079338,0.7728817,5.742176,8.055737,3
161844933783519,18066579338,0.73399836,5.7257257,8.167003,3
161844936283519,18069079338,0.6975078,5.706583,8.295019,3
161844938783519,18071579338,0.65682983,5.6850476,8.386844,3
161844941283519,18074079338,0.61076796,5.677271,8.464012,3
161844943783519,18076579338,0.5778667,5.6392846,8.53161,3
161844946283519,18079079338,0.5416752,5.6333027,8.548059,3
161844948783519,18081579338,0.5198407,5.6156554,8.532506,3
161844951283519,18084079338,0.48903313,5.5986066,8.506484,3
161844953783519,18086579338,0.4648058,5.587839,8.449356,3
161844956283519,18089079338,0.4534399,5.595616,8.372486,3
161844958783519,18091579338,0.4534399,5.6180487,8.26451,3
161844961283519,18094079338,0.46002015,5.6318073,8.157731,3
161844963783519,18096579338,0.46002015,5.680561,8.047361,3
161844966283519,18099079338,0.46151567,5.735895,7.9450684,3
161844968783519,18101579338,0.45074797,5.804988,7.832307,3
161844971283519,18104079338,0.42951167,5.883054,7.723134,3
161844973783519,18106579338,0.43130627,5.9748783,7.646863,3
161844976283519,18109079338,0.40887356,6.0541406,7.556534,3
161844978783519,18111579338,0.36370903,6.1435723,7.466504,3
161844981283519,18114079338,0.31196424,6.219245,7.3755765,3
161844983783519,18116579338,0.25752753,6.2844496,7.2936225,3
161844986283519,18119079338,0.19292133,6.355337,7.233204,3
161844988783519,18121579338,0.124426775,6.402595,7.179664,3
161844991283519,18124079338,0.05922236,6.4405813,7.134799,3
161844993783519,18126579338,0.0071784677,6.4680986,7.1243305,3
161844996283519,18129079338,-0.039780676,6.489335,7.126424,3
161844998783519,18131579338,-0.07328019,6.506683,7.1512494,3
161845001283519,18134079338,-0.106480606,6.5111694,7.1889367,3
161845003783519,18136579338,-0.12263216,6.50429,7.257431,3
161845006283519,18139079338,-0.13070793,6.4884377,7.3657064,3
161845008783519,18141579338,-0.115752794,6.471688,7.4240313,3
161845011283519,18144079338,-0.106480606,6.450751,7.510173,3
161845013783519,18146579338,-0.08135597,6.4214387,7.576574,3
161845016283519,18149079338,-0.05712864,6.376573,7.656135,3
161845018783519,18151579338,-0.02213361,6.3221364,7.7437725,3
161845021283519,18154079338,-0.006879365,6.282655,7.8092756,3
161845023783519,18156579338,0.016749758,6.2344995,7.8891363,3
161845026283519,18159079338,0.06610172,6.1639113,7.944171,3
161845028783519,18161579338,0.1058824,6.1013985,7.990233,3
161845031283519,18164079338,0.14207384,6.0514483,8.056933,3
161845033783519,18166579338,0.18903299,5.9970117,8.107481,3
161845036283519,18169079338,0.232702,5.942575,8.196913,3
161845038783519,18171579338,0.28115666,5.904589,8.272287,3
161845041283519,18174079338,0.34307095,5.8878393,8.285149,3
161845043783519,18176579338,0.39780676,5.869893,8.324929,3
161845046283519,18179079338,0.45762733,5.8130636,8.346166,3
161845048783519,18181579338,0.4959125,5.777171,8.338688,3
161845051283519,18184079338,0.52552366,5.7690954,8.323134,3
161845053783519,18186579338,0.5608178,5.723931,8.340183,3
161845056283519,18189079338,0.59760743,5.6988063,8.383852,3
161845058783519,18191579338,0.6152545,5.6464634,8.428718,3
161845061283519,18194079338,0.64008003,5.6521463,8.4400835,3
161845063783519,18196579338,0.63918275,5.6647086,8.467302,3
161845066283519,18199079338,0.6346962,5.662914,8.500503,3
161845068783519,18201579338,0.6346962,5.66082,8.502895,3
161845071283519,18204079338,0.6227321,5.667999,8.489735,3
161845073783519,18206579338,0.6008976,5.6611195,8.4679,3
161845076283519,18209079338,0.6086743,5.6647086,8.4682,3
161845078783519,18211579338,0.60029936,5.667999,8.469695,3
161845081283519,18214079338,0.590429,5.666503,8.477771,3
161845083783519,18216579338,0.5814559,5.680561,8.505588,3
161845086283519,18219079338,0.55513483,5.698208,8.52473,3
161845088783519,18221579338,0.5297111,5.7023954,8.533703,3
161845091283519,18224079338,0.5057829,5.7140603,8.526525,3
161845093783519,18226579338,0.48245287,5.7203417,8.56152,3
161845096283519,18229079338,0.453739,5.715855,8.564211,3
161845098783519,18231579338,0.42203408,5.715855,8.569595,3
161845101283519,18234079338,0.38733816,5.697311,8.590233,3
161845103783519,18236579338,0.36670008,5.7134624,8.578568,3
161845106283519,18239079338,0.34337005,5.712565,8.579466,3
161845108783519,18241579338,0.3056831,5.716453,8.547761,3
161845111283519,18244079338,0.285045,5.7314086,8.513962,3
161845113783519,18246579338,0.253041,5.749654,8.498408,3
161845116283519,18249079338,0.20877378,5.785546,8.486744,3
161845118783519,18251579338,0.16570297,5.8193445,8.471788,3
161845121283519,18254079338,0.1268196,5.840282,8.445766,3
161845123783519,18256579338,0.11156536,5.8677993,8.433205,3
161845126283519,18259079338,0.086141616,5.8890357,8.435298,3
161845128783519,18261579338,0.06550352,5.904888,8.448159,3
161845131283519,18264079338,0.055932228,5.913263,8.452646,3
161845133783519,18266579338,0.055932228,5.9087763,8.462217,3
161845136283519,18269079338,0.063110694,5.916553,8.437093,3
161845138783519,18271579338,0.07328019,5.898607,8.432905,3
161845141283519,18274079338,0.090029955,5.9039907,8.43111,3
161845143783519,18276579338,0.09272188,5.892625,8.422736,3
161845146283519,18279079338,0.09571291,5.8821564,8.4197445,3
161845148783519,18281579338,0.10767702,5.8672013,8.421839,3
161845151283519,18284079338,0.10857433,5.8618174,8.447561,3
161845153783519,18286579338,0.11934203,5.875875,8.4248295,3
161845156283519,18289079338,0.13519448,5.875576,8.394919,3
161845158783519,18291579338,0.14536397,5.8881383,8.398808,3
161845161283519,18294079338,0.14147563,5.87767,8.418549,3
161845163783519,18296579338,0.13549358,5.8824553,8.43141,3
161845166283519,18299079338,0.11216356,5.898308,8.412267,3
161845168783519,18301579338,0.089132644,5.8953166,8.405986,3
161845171283519,18304079338,0.086141616,5.8890357,8.394022,3
161845173783519,18306579338,0.09332009,5.8938212,8.423334,3
161845176283519,18309079338,0.096311115,5.899803,8.42812,3
161845178783519,18311579338,0.10887343,5.9123654,8.432606,3
161845181283519,18314079338,0.111266255,5.9300127,8.435896,3
161845183783519,18316579338,0.13100705,5.920142,8.405686,3
161845186283519,18319079338,0.14117654,5.922535,8.396415,3
161845188783519,18321579338,0.1576272,5.925825,8.339286,3
161845191283519,18324079338,0.16331014,5.9066825,8.312965,3
161845193783519,18326579338,0.20428723,5.8947186,8.289934,3
161845196283519,18329079338,0.24915266,5.8713884,8.266903,3
161845198783519,18331579338,0.28175488,5.8621163,8.245966,3
161845201283519,18334079338,0.32183465,5.8615184,8.214859,3
161845203783519,18336579338,0.36520454,5.831907,8.224132,3
161845206283519,18339079338,0.4022933,5.840282,8.184649,3
161845208783519,18341579338,0.4354937,5.8417773,8.159525,3
161845211283519,18344079338,0.4657031,5.84088,8.098508,3
161845213783519,18346579338,0.4764708,5.8483577,8.03809,3
161845216283519,18349079338,0.49022955,5.84088,7.978867,3
161845218783519,18351579338,0.47916272,5.849554,7.9187474,3
161845221283519,18354079338,0.4758726,5.876174,7.867302,3
161845223783519,18356579338,0.4639085,5.896214,7.813762,3
161845226283519,18359079338,0.44656053,5.9141603,7.754241,3
161845228783519,18361579338,0.41515473,5.921638,7.7001033,3
161845231283519,18364079338,0.38285163,5.925825,7.669595,3
161845233783519,18366579338,0.34277186,5.938687,7.6280193,3
161845236283519,18369079338,0.3173481,5.9560347,7.5813594,3
161845238783519,18371579338,0.27846473,5.966204,7.537391,3
161845241283519,18374079338,0.24107689,5.9766726,7.495218,3
161845243783519,18376579338,0.20249261,5.989235,7.474879,3
161845246283519,18379079338,0.17407785,6.005686,7.458129,3
161845248783519,18381579338,0.15493527,6.0077796,7.4380894,3
161845251283519,18384079338,0.10767702,6.012565,7.446165,3
161845253783519,18386579338,0.07148558,6.0370917,7.443174,3
161845256283519,18389079338,0.048155557,6.046364,7.4446692,3
161845258783519,18391579338,0.020338992,6.0580287,7.4563346,3
161845261283519,18394079338,0.0059820567,6.0631137,7.4697943,3
161845263783519,18396579338,-0.009272188,6.0631137,7.4829545,3
161845266283519,18399079338,-0.0134596275,6.0676003,7.4943204,3
161845268783519,18401579338,-0.0071784677,6.0687966,7.4802628,3
161845271283519,18404079338,-0.0023928226,6.0604215,7.4859457,3
161845273783519,18406579338,-0.0029910284,6.0523458,7.4662046,3
161845276283519,18409079338,0.015254244,6.0302124,7.4359956,3
161845278783519,18411579338,0.037387855,6.0083776,7.43779,3
161845281283519,18414079338,0.064008005,5.9895344,7.4306116,3
161845283783519,18416579338,0.08554341,5.9467626,7.4527454,3
161845286283519,18419079338,0.10229317,5.9261246,7.5026956,3
161845288783519,18421579338,0.13190435,5.886643,7.5556364,3
161845291283519,18424079338,0.15972091,5.8579288,7.6049886,3
161845293783519,18426579338,0.18185452,5.833103,7.6657066,3
161845296283519,18429079338,0.21625134,5.799604,7.7386875,3
161845298783519,18431579338,0.24705894,5.8019967,7.791928,3
161845301283519,18434079338,0.2548356,5.803193,7.8442707,3
161845303783519,18436579338,0.31076783,5.8127646,7.9055867,3
161845306283519,18439079338,0.34546378,5.7924256,7.9561353,3
161845308783519,18441579338,0.39631125,5.79751,8.019844,3
161845311283519,18444079338,0.4459623,5.7813587,8.055139,3
161845313783519,18446579338,0.49800622,5.775676,8.104191,3
161845316283519,18449079338,0.5312066,5.7640104,8.122137,3
161845318783519,18451579338,0.57906306,5.738587,8.13141,3
161845321283519,18454079338,0.61076796,5.7200427,8.137093,3
161845323783519,18456579338,0.62721866,5.7074804,8.124231,3
161845326283519,18459079338,0.6433702,5.6757755,8.075478,3
161845328783519,18461579338,0.6343971,5.656932,8.016255,3
161845331283519,18464079338,0.69541407,5.6416774,8.011469,3
161845333783519,18466579338,0.7540382,5.6330037,8.0201435,3
161845336283519,18469079338,0.7692925,5.6446686,7.995617,3
161845338783519,18471579338,0.7785647,5.6644096,7.9594254,3
161845341283519,18474079338,0.76989067,5.6799626,7.9304123,3
161845343783519,18476579338,0.77587277,5.7020965,7.908279,3
161845346283519,18479079338,0.75583285,5.722136,7.885547,3
161845348783519,18481579338,0.7471589,5.7574306,7.859525,3
161845351283519,18484079338,0.7405786,5.7924256,7.874779,3
161845353783519,18486579338,0.7193423,5.813961,7.8945203,3
161845356283519,18489079338,0.69332033,5.831608,7.926524,3
161845358783519,18491579338,0.6723832,5.851947,7.9627156,3
161845361283519,18494079338,0.64965135,5.8680983,7.9977107,3
161845363783519,18496579338,0.6128617,5.88096,7.998608,3
161845366283519,18499079338,0.5727819,5.883054,7.938488,3
161845368783519,18501579338,0.53359944,5.879464,7.891529,3
161845371283519,18504079338,0.5087739,5.8728843,7.830512,3
161845373783519,18506579338,0.47706902,5.8630137,7.7700934,3
161845376283519,18509079338,0.45792642,5.8537416,7.7162547,3
161845378783519,18511579338,0.44177487,5.8636117,7.63789,3
161845381283519,18514079338,0.41365921,5.859125,7.5897346,3
161845383783519,18516579338,0.4004987,5.88096,7.528119,3
161845386283519,18519079338,0.37627137,5.8947186,7.4829545,3
161845388783519,18521579338,0.34606197,5.912964,7.442576,3
161845391283519,18524079338,0.32303107,5.9327044,7.406085,3
161845393783519,18526579338,0.29820552,5.9548383,7.3716884,3
161845396283519,18529079338,0.27816564,5.986543,7.3049884,3
161845398783519,18531579338,0.2638087,6.0050874,7.2825556,3
161845401283519,18534079338,0.26171497,6.017949,7.2909307,3
161845403783519,18536579338,0.25094727,6.0358953,7.300801,3
161845406283519,18539079338,0.24017957,6.042475,7.3112698,3
161845408783519,18541579338,0.22253251,6.065207,7.3495545,3
161845411283519,18544079338,0.21834506,6.0858455,7.3896346,3
161845413783519,18546579338,0.20578274,6.0918274,7.417152,3
161845416283519,18549079338,0.19411774,6.099903,7.4569325,3
161845418783519,18551579338,0.17587246,6.117251,7.48116,3
161845421283519,18554079338,0.16360925,6.1181483,7.5200434,3
161845423783519,18556579338,0.1477568,6.105586,7.556534,3
161845426283519,18559079338,0.14237295,6.099305,7.597212,3
161845428783519,18561579338,0.13489537,6.079265,7.6390862,3
161845431283519,18564079338,0.13668999,6.0676003,7.696215,3
161845433783519,18566579338,0.13310076,6.0508504,7.692925,3
161845436283519,18569079338,0.12891331,6.041279,7.6980095,3
161845438783519,18571579338,0.14267205,6.02752,7.6902328,3
161845441283519,18574079338,0.15164514,6.006583,7.68455,3
161845443783519,18576579338,0.16271193,5.985048,7.697112,3
161845446283519,18579079338,0.17467605,5.983552,7.6776705,3
161845448783519,18581579338,0.19621146,5.95753,7.7093754,3
161845451283519,18584079338,0.2219343,5.9545393,7.7234335,3
161845453783519,18586579338,0.2425724,5.94766,7.7551384,3
161845456283519,18589079338,0.26739794,5.9285173,7.7697945,3
161845458783519,18591579338,0.29641092,5.919544,7.7829547,3
161845461283519,18594079338,0.31944183,5.916852,7.7937226,3
161845463783519,18596579338,0.34337005,5.90758,7.8053875,3
161845466283519,18599079338,0.3595216,5.8890357,7.785946,3
161845468783519,18601579338,0.37477586,5.8689957,7.7536426,3
161845471283519,18604079338,0.3906283,5.860621,7.725527,3
161845473783519,18606579338,0.41754755,5.851349,7.713862,3
161845476283519,18609079338,0.4354937,5.82742,7.7054873,3
161845478783519,18611579338,0.45852464,5.8229337,7.714161,3
161845481283519,18614079338,0.47018966,5.8283176,7.708179,3
161845483783519,18616579338,0.47916272,5.870491,7.7015986,3
161845486283519,18619079338,0.47258246,5.9024954,7.7015986,3
161845488783519,18621579338,0.4657031,5.9171515,7.690831,3
161845491283519,18624079338,0.46271208,5.939883,7.66122,3
161845493783519,18626579338,0.44805604,5.9674006,7.6423764,3
161845496283519,18629079338,0.43459642,5.988338,7.611868,3
161845498783519,18631579338,0.42203408,6.0170517,7.606185,3
161845501283519,18634079338,0.41006997,6.031708,7.595118,3
161845503783519,18636579338,0.401396,6.0454664,7.595118,3
161845506283519,18639079338,0.39032918,6.0571313,7.578069,3
161845508783519,18641579338,0.3792624,6.0693946,7.589136,3
161845511283519,18644079338,0.36161533,6.0747786,7.609176,3
161845513783519,18646579338,0.3487539,6.07418,7.6399837,3
161845516283519,18649079338,0.32482567,6.068497,7.676773,3
161845518783519,18651579338,0.32093734,6.062814,7.713264,3
161845521283519,18654079338,0.2757728,6.0541406,7.7742805,3
161845523783519,18656579338,0.23838496,6.046663,7.815856,3
161845526283519,18659079338,0.2204388,6.0287166,7.8538423,3
161845528783519,18661579338,0.19351953,5.994021,7.8759756,3
161845531283519,18664079338,0.16510476,5.97757,7.899605,3
161845533783519,18666579338,0.15194423,5.9587264,7.927122,3
161845536283519,18669079338,0.13190435,5.9452667,7.9426756,3
161845538783519,18671579338,0.12562318,5.9138613,7.9612203,3
161845541283519,18674079338,0.11844472,5.9004016,7.9704924,3
161845543783519,18676579338,0.09212367,5.9228344,7.9689965,3
161845546283519,18679079338,0.07627122,5.9180484,7.926225,3
161845548783519,18681579338,0.08703893,5.9377894,7.9016986,3
161845551283519,18684079338,0.08165507,5.9407806,7.887641,3
161845553783519,18686579338,0.089132644,5.9560347,7.8690963,3
161845556283519,18689079338,0.090029955,5.968597,7.83799,3
161845558783519,18691579338,0.09212367,5.965008,7.7757764,3
161845561283519,18694079338,0.111864455,5.9820566,7.70788,3
161845563783519,18696579338,0.13220344,5.998208,7.656434,3
161845566283519,18699079338,0.14416756,6.000601,7.6184483,3
161845568783519,18701579338,0.16660027,6.0041904,7.5661054,3
161845571283519,18704079338,0.17228323,6.0248284,7.5287175,3
161845573783519,18706579338,0.19561325,6.0427747,7.529914,3
161845576283519,18709079338,0.19202402,6.0460644,7.4970126,3
161845578783519,18711579338,0.21266212,6.0514483,7.498807,3
161845581283519,18714079338,0.22492532,6.0693946,7.5059857,3
161845583783519,18716579338,0.23898315,6.07089,7.517052,3
161845586283519,18719079338,0.22971097,6.0783677,7.550552,3
161845588783519,18721579338,0.2318047,6.0714884,7.5927253,3
161845591283519,18724079338,0.24556342,6.0693946,7.6390862,3
161845593783519,18726579338,0.29012975,6.0373907,7.693822,3
161845596283519,18729079338,0.31405798,6.0164533,7.750951,3
161845598783519,18731579338,0.32243285,6.0020967,7.8074813,3
161845601283519,18734079338,0.32452658,5.985646,7.8367934,3
161845603783519,18736579338,0.31256247,5.9757752,7.8741813,3
161845606283519,18739079338,0.31166515,5.9674006,7.911569,3
161845608783519,18741579338,0.29461628,5.939883,7.9205422,3
161845611283519,18744079338,0.28594232,5.9264235,7.9166536,3
161845613783519,18746579338,0.26470602,5.916852,7.9166536,3
161845616283519,18749079338,0.23330021,5.920142,7.9510508,3
161845618783519,18751579338,0.21326032,5.9135623,7.9743805,3
161845621283519,18754079338,0.2009971,5.8953166,7.969595,3
161845623783519,18756579338,0.19890338,5.8974104,7.9444704,3
161845626283519,18759079338,0.18185452,5.8917274,7.9573317,3
161845628783519,18761579338,0.19441684,5.898607,7.987242,3
161845631283519,18764079338,0.20997019,5.8932233,7.9911304,3
161845633783519,18766579338,0.21445672,5.88425,7.980662,3
161845636283519,18769079338,0.22881366,5.89083,7.941479,3
161845638783519,18771579338,0.22821546,5.8860445,7.943573,3
161845641283519,18774079338,0.25543383,5.905486,7.9127655,3
161845643783519,18776579338,0.24915266,5.9150577,7.90798,3
161845646283519,18779079338,0.26859435,5.927919,7.899306,3
161845648783519,18781579338,0.2739782,5.953642,7.88794,3
161845651283519,18784079338,0.2730809,5.9763737,7.8852477,3
161845653783519,18786579338,0.28773692,5.9958153,7.847262,3
161845656283519,18789079338,0.28803602,6.005686,7.821838,3
161845658783519,18791579338,0.29012975,6.025726,7.797312,3
161845661283519,18794079338,0.27756742,6.031708,7.7587276,3
161845663783519,18796579338,0.26650062,6.035297,7.7129645,3
161845666283519,18799079338,0.25064817,6.0418773,7.6716886,3
161845668783519,18801579338,0.24705894,6.0361943,7.642975,3
161845671283519,18804079338,0.23599213,6.04756,7.586145,3
161845673783519,18806579338,0.23629123,6.0526447,7.5640116,3
161845676283519,18809079338,0.22402802,6.042475,7.5349984,3
161845678783519,18811579338,0.22552353,6.0308104,7.515557,3
161845681283519,18814079338,0.2335993,6.033203,7.5104723,3
161845683783519,18816579338,0.23330021,6.027819,7.495517,3
161845686283519,18819079338,0.23030917,6.020342,7.475477,3
161845688783519,18821579338,0.22761725,6.029315,7.494919,3
161845691283519,18824079338,0.20787647,6.029913,7.516753,3
161845693783519,18826579338,0.19232312,6.0254264,7.574181,3
161845696283519,18829079338,0.18993029,6.032904,7.6181493,3
161845698783519,18831579338,0.18753748,6.0311093,7.658229,3
161845701283519,18834079338,0.17587246,6.023632,7.7123666,3
161845703783519,18836579338,0.1683949,6.026623,7.758129,3
161845706283519,18839079338,0.15104693,6.00748,7.8113694,3
161845708783519,18841579338,0.1486541,6.0023956,7.8481593,3
161845711283519,18844079338,0.15882361,5.9913287,7.8891363,3
161845713783519,18846579338,0.1698904,5.987141,7.9259257,3
161845716283519,18849079338,0.17138593,5.9641104,7.9540415,3
161845718783519,18851579338,0.17258233,5.9530435,7.9737825,3
161845721283519,18854079338,0.18783657,5.945566,7.9564342,3
161845723783519,18856579338,0.20757736,5.9380884,7.969296,3
161845726283519,18859079338,0.22731815,5.922535,7.9857464,3
161845728783519,18861579338,0.24227329,5.9096737,7.987541,3
161845731283519,18864079338,0.26799613,5.9004016,7.987541,3
161845733783519,18866579338,0.28983065,5.8863435,7.958827,3
161845736283519,18869079338,0.30179477,5.8857455,7.9537425,3
161845738783519,18871579338,0.3394817,5.8971114,7.9334035,3
161845741283519,18874079338,0.35503507,5.898308,7.8984084,3
161845743783519,18876579338,0.36699918,5.9153566,7.8837523,3
161845746283519,18879079338,0.38344982,5.919544,7.833204,3
161845748783519,18881579338,0.39601216,5.9318075,7.7925262,3
161845751283519,18884079338,0.41455653,5.933901,7.7739816,3
161845753783519,18886579338,0.421735,5.9434724,7.7240314,3
161845756283519,18889079338,0.4124628,5.9530435,7.7234335,3
161845758783519,18891579338,0.4010969,5.9694943,7.7201433,3
161845761283519,18894079338,0.38644084,5.9847484,7.704889,3
161845763783519,18896579338,0.36011982,5.9970117,7.68784,3
161845766283519,18899079338,0.3505485,6.0233326,7.670193,3
161845768783519,18901579338,0.34097722,6.031708,7.6624165,3
161845771283519,18904079338,0.32093734,6.044868,7.6483583,3
161845773783519,18906579338,0.29252258,6.056234,7.6573315,3
161845776283519,18909079338,0.2835495,6.0598235,7.652546,3
161845778783519,18911579338,0.27936205,6.062814,7.6289167,3
161845781283519,18914079338,0.27816564,6.06102,7.606484,3
161845783783519,18916579338,0.28025934,6.0604215,7.5999036,3
161845786283519,18919079338,0.28055847,6.0676003,7.570891,3
161845788783519,18921579338,0.2757728,6.0625153,7.5556364,3
161845791283519,18924079338,0.27906293,6.0508504,7.533503,3
161845793783519,18926579338,0.28205398,6.053243,7.5314093,3
161845796283519,18929079338,0.28145576,6.0526447,7.5254273,3
161845798783519,18931579338,0.2754737,6.0526447,7.5179496,3
161845801283519,18934079338,0.27816564,6.055636,7.5230346,3
161845803783519,18936579338,0.27816564,6.046364,7.543074,3
161845806283519,18939079338,0.2844468,6.044868,7.57119,3
161845808783519,18941579338,0.30508488,6.034998,7.580163,3
161845811283519,18944079338,0.31196424,6.0338016,7.5750785,3
161845813783519,18946579338,0.31405798,6.017949,7.573882,3
161845816283519,18949079338,0.32243285,5.9895344,7.5903325,3
161845818783519,18951579338,0.32632118,5.9955163,7.628618,3
161845821283519,18954079338,0.33320054,5.9787664,7.632506,3
161845823783519,18956579338,0.33559337,5.9694943,7.635796,3
161845826283519,18959079338,0.34157544,5.951548,7.6570325,3
161845828783519,18961579338,0.34277186,5.95095,7.6567335,3
161845831283519,18964079338,0.34666017,5.9413786,7.6600237,3
161845833783519,18966579338,0.3475575,5.920142,7.682456,3
161845836283519,18969079338,0.34337005,5.9228344,7.6890364,3
161845838783519,18971579338,0.34456646,5.9324055,7.7120676,3
161845841283519,18974079338,0.33290145,5.9356956,7.70788,3
161845843783519,18976579338,0.32991043,5.9563336,7.704291,3
161845846283519,18979079338,0.3155535,5.959624,7.6926255,3
161845848783519,18981579338,0.3260221,5.9638114,7.6950183,3
161845851283519,18984079338,0.31166515,5.9790654,7.6998043,3
161845853783519,18986579338,0.3077768,5.9805613,7.685447,3
161845856283519,18989079338,0.32063824,5.99432,7.702795,3
161845858783519,18991579338,0.3179463,5.9955163,7.699206,3
161845861283519,18994079338,0.32123643,6.0009003,7.689635,3
161845863783519,18996579338,0.33320054,5.988637,7.692925,3
161845866283519,18999079338,0.33559337,5.977271,7.7001033,3
161845868783519,19001579338,0.36041892,5.9614186,7.685447,3
161845871283519,19004079338,0.369392,5.9521465,7.658528,3
161845873783519,19006579338,0.37447673,5.939285,7.6369925,3
161845876283519,19009079338,0.37986058,5.9347982,7.591529,3
161845878783519,19011579338,0.39451665,5.9291153,7.5604224,3
161845881283519,19014079338,0.4124628,5.9285173,7.539784,3
161845883783519,19016579338,0.4319045,5.93091,7.5212398,3
161845886283519,19019079338,0.45224348,5.9213386,7.5376906,3
161845888783519,19021579338,0.44985065,5.898308,7.5759754,3
161845891283519,19024079338,0.44715872,5.872585,7.5807614,3
161845893783519,19026579338,0.4456632,5.8860445,7.585248,3
161845896283519,19029079338,0.43280178,5.9066825,7.5807614,3
161845898783519,19031579338,0.4426722,5.9210396,7.5670023,3
161845901283519,19034079338,0.4438686,5.939584,7.5517483,3
161845903783519,19036579338,0.44626144,5.9841504,7.548458,3
161845906283519,19039079338,0.4322036,6.0197434,7.542775,3
161845908783519,19041579338,0.4139583,6.0320067,7.54128,3
161845911283519,19044079338,0.40468612,6.048158,7.538887,3
161845913783519,19046579338,0.38614175,6.046663,7.5376906,3
161845916283519,19049079338,0.37806597,6.055337,7.5493555,3
161845918783519,19051579338,0.35264224,6.053841,7.538887,3
161845921283519,19054079338,0.3364907,6.069993,7.5143604,3
161845923783519,19056579338,0.31076783,6.079564,7.487441,3
161845926283519,19059079338,0.2835495,6.1043897,7.4656067,3
161845928783519,19061579338,0.25872394,6.1154566,7.443473,3
161845931283519,19064079338,0.23150559,6.1357956,7.4213395,3
161845933783519,19066579338,0.18275183,6.172884,7.434201,3
161845936283519,19069079338,0.14057833,6.198607,7.457531,3
161845938783519,19071579338,0.11306087,6.2180486,7.4793653,3
161845941283519,19074079338,0.085244305,6.2374907,7.5065837,3
161845943783519,19076579338,0.06131608,6.2602224,7.5490565,3
161845946283519,19079079338,0.043070808,6.2871413,7.582257,3
161845948783519,19081579338,0.009870393,6.2862444,7.5882387,3
161845951283519,19084079338,-0.0020937198,6.314958,7.6076803,3
161845953783519,19086579338,-0.010468599,6.3131633,7.6214395,3
161845956283519,19089079338,-0.024227329,6.31765,7.6271224,3
161845958783519,19091579338,-0.027218357,6.298507,7.630113,3
161845961283519,19094079338,-0.020338992,6.282356,7.636095,3
161845963783519,19096579338,-0.020638095,6.2668023,7.6495547,3
161845966283519,19099079338,0.0047856453,6.235995,7.644769,3
161845968783519,19101579338,0.042173497,6.2174506,7.669595,3
161845971283519,19104079338,0.07088737,6.186643,7.6956167,3
161845973783519,19106579338,0.1274178,6.1492553,7.732406,3
161845976283519,19109079338,0.17168503,6.11097,7.739884,3
161845978783519,19111579338,0.2117648,6.075975,7.735996,3
161845981283519,19114079338,0.25543383,6.0451674,7.7497544,3
161845983783519,19116579338,0.29910284,6.0155563,7.7207413,3
161845986283519,19119079338,0.3493521,5.9973106,7.732107,3
161845988783519,19121579338,0.39032918,5.9706907,7.728219,3
161845991283519,19124079338,0.4331009,5.9754763,7.713862,3
161845993783519,19126579338,0.47048876,5.9584274,7.72792,3
161845996283519,19129079338,0.497408,5.948258,7.7404823,3
161845998783519,19131579338,0.5306084,5.941977,7.737192,3
161846001283519,19134079338,0.5404788,5.933004,7.7437725,3
161846003783519,19136579338,0.5518447,5.9374905,7.7464643,3
161846006283519,19139079338,0.5629115,5.940182,7.7494555,3
161846008783519,19141579338,0.56141603,5.9431734,7.7312098,3
161846011283519,19144079338,0.5395815,5.953642,7.6974115,3
161846013783519,19146579338,0.5377869,5.972186,7.672885,3
161846016283519,19149079338,0.49381876,5.9844494,7.6387873,3
161846018783519,19151579338,0.47916272,6.001498,7.6277204,3
161846021283519,19154079338,0.4651049,6.012565,7.6166534,3
161846023783519,19156579338,0.43848476,6.003293,7.628618,3
161846026283519,19159079338,0.42652065,6.005387,7.6343007,3
161846028783519,19161579338,0.4106682,6.0167527,7.6492558,3
161846031283519,19164079338,0.39421752,6.027221,7.658528,3
161846033783519,19166579338,0.37537405,6.0254264,7.6660056,3
161846036283519,19169079338,0.3493521,6.017949,7.6573315,3
161846038783519,19171579338,0.33020952,6.0140605,7.6776705,3
161846041283519,19174079338,0.30179477,6.0026946,7.675876,3
161846043783519,19176579338,0.28863424,5.99432,7.6776705,3
161846046283519,19179079338,0.25064817,6.000302,7.685746,3
161846048783519,19181579338,0.20967108,5.9913287,7.68455,3
161846051283519,19184079338,0.19680966,5.9934225,7.7004023,3
161846053783519,19186579338,0.16959131,5.9958153,7.713264,3
161846056283519,19189079338,0.13130614,6.0137615,7.735996,3
161846058783519,19191579338,0.104985096,6.022136,7.760223,3
161846061283519,19194079338,0.10797612,6.0358953,7.7650084,3
161846063783519,19196579338,0.07537391,6.0346985,7.7736826,3
161846066283519,19199079338,0.05623133,6.058627,7.791928,3
161846068783519,19201579338,0.051146585,6.050252,7.8000035,3
161846071283519,19204079338,0.05383851,6.0460644,7.8012,3
161846073783519,19206579338,0.05054838,6.047859,7.7706914,3
161846076283519,19209079338,0.04875376,6.0568323,7.772187,3
161846078783519,19211579338,0.046959143,6.067002,7.713862,3
161846081283519,19214079338,0.069391854,6.04427,7.682456,3
161846083783519,19216579338,0.083748795,6.044569,7.65793,3
161846086283519,19219079338,0.1058824,6.0544395,7.628618,3
161846088783519,19221579338,0.12801601,6.0421762,7.611868,3
161846091283519,19224079338,0.1576272,6.040681,7.603493,3
161846093783519,19226579338,0.18843478,6.041279,7.6067834,3
161846096283519,19229079338,0.20997019,6.047261,7.5921273,3
161846098783519,19231579338,0.2228316,6.056234,7.590931,3
161846101283519,19234079338,0.2440679,6.0508504,7.6016984,3
161846103783519,19236579338,0.26769704,6.048158,7.5963144,3
161846106283519,19239079338,0.2757728,6.0634127,7.6145597,3
161846108783519,19241579338,0.26949164,6.061618,7.61127,3
161846111283519,19244079338,0.28743783,6.0840507,7.62443,3
161846113783519,19246579338,0.2835495,6.0786667,7.6495547,3
161846116283519,19249079338,0.3062813,6.0804615,7.68784,3
161846118783519,19251579338,0.3056831,6.079564,7.7039914,3
161846121283519,19254079338,0.31465617,6.0676003,7.7213397,3
161846123783519,19256579338,0.32273194,6.0580287,7.7237325,3
161846126283519,19259079338,0.33529428,6.0714884,7.728817,3
161846128783519,19261579338,0.35294133,6.0343995,7.7494555,3
161846131283519,19264079338,0.35294133,6.01107,7.716853,3
161846133783519,19266579338,0.34247273,5.9964137,7.6926255,3
161846136283519,19269079338,0.34666017,5.992525,7.6800632,3
161846138783519,19271579338,0.3598207,5.982655,7.6776705,3
161846141283519,19274079338,0.3684947,5.968896,7.7162547,3
161846143783519,19276579338,0.38135612,5.9617176,7.745268,3
161846146283519,19279079338,0.38883367,5.9452667,7.7350984,3
161846148783519,19281579338,0.3900301,5.9503517,7.77787,3
161846151283519,19284079338,0.37776688,5.9467626,7.792227,3
161846153783519,19286579338,0.3592225,5.9620166,7.809874,3
161846156283519,19289079338,0.3394817,5.9844494,7.8463645,3
161846158783519,19291579338,0.31974092,5.967999,7.853543,3
161846161283519,19294079338,0.29282168,5.986244,7.880462,3
161846163783519,19296579338,0.2754737,5.9874406,7.8702927,3
161846166283519,19299079338,0.27068806,5.9961143,7.8852477,3
161846168783519,19301579338,0.24705894,6.0098734,7.8978105,3
161846171283519,19304079338,0.23120649,6.021837,7.9040914,3
161846173783519,19306579338,0.22582264,6.0119667,7.9040914,3
161846176283519,19309079338,0.1896312,6.022136,7.920841,3
161846178783519,19311579338,0.17676978,6.02094,7.940283,3
161846181283519,19314079338,0.15074782,6.0302124,7.9480596,3
161846183783519,19316579338,0.1372882,6.032904,7.941778,3
161846186283519,19319079338,0.12831512,6.038587,7.9295154,3
161846188783519,19321579338,0.12622139,6.04756,7.9184484,3
161846191283519,19324079338,0.12053844,6.0508504,7.8837523,3
161846193783519,19326579338,0.13130614,6.050551,7.8756766,3
161846196283519,19329079338,0.1265205,6.0508504,7.854141,3
161846198783519,19331579338,0.14327025,6.061917,7.8296146,3
161846201283519,19334079338,0.1486541,6.0661044,7.810472,3
161846203783519,19336579338,0.15373886,6.0634127,7.780263,3
161846206283519,19339079338,0.16689938,6.0565333,7.7554374,3
161846208783519,19341579338,0.17826529,6.0631137,7.7240314,3
161846211283519,19344079338,0.18873389,6.070591,7.711768,3
161846213783519,19346579338,0.19950159,6.062814,7.6794653,3
161846216283519,19349079338,0.20997019,6.061618,7.662117,3
161846218783519,19351579338,0.23001008,6.0604215,7.6510506,3
161846221283519,19354079338,0.24376881,6.0526447,7.637591,3
161846223783519,19356579338,0.25633112,6.043971,7.6334033,3
161846226283519,19359079338,0.29461628,6.0320067,7.6743803,3
161846228783519,19361579338,0.2973082,6.04756,7.6603227,3
161846231283519,19364079338,0.32662028,6.027819,7.665108,3
161846233783519,19366579338,0.35144582,6.0167527,7.6827555,3
161846236283519,19369079338,0.37716866,5.9916277,7.675876,3
161846238783519,19371579338,0.39421752,5.9838514,7.6543407,3
161846241283519,19374079338,0.4103691,5.9668026,7.687541,3
161846243783519,19376579338,0.4316054,5.9521465,7.664211,3
161846246283519,19379079338,0.46031925,5.927919,7.6755767,3
161846248783519,19381579338,0.48394838,5.9156556,7.6752777,3
161846251283519,19384079338,0.50458646,5.898607,7.6809607,3
161846253783519,19386579338,0.52582276,5.8875403,7.6800632,3
161846256283519,19389079338,0.541077,5.8833528,7.6902328,3
161846258783519,19391579338,0.54735816,5.8558354,7.6917286,3
161846261283519,19394079338,0.56141603,5.8411794,7.708478,3
161846263783519,19396579338,0.56440705,5.8286166,7.7353973,3
161846266283519,19399079338,0.5392824,5.823233,7.739585,3
161846268783519,19401579338,0.5204389,5.8229337,7.7350984,3
161846271283519,19404079338,0.48993045,5.8360944,7.7297144,3
161846273783519,19406579338,0.45134616,5.8483577,7.7350984,3
161846276283519,19409079338,0.4034897,5.8713884,7.706085,3
161846278783519,19411579338,0.3592225,5.892326,7.7072816,3
161846281283519,19414079338,0.30957142,5.9228344,7.6884384,3
161846283783519,19416579338,0.2754737,5.9452667,7.6755767,3
161846286283519,19419079338,0.2527419,5.9449677,7.6956167,3
161846288783519,19421579338,0.25184458,5.9524455,7.748558,3
161846291283519,19424079338,0.25034907,5.980262,7.754839,3
161846293783519,19426579338,0.23330021,5.9880385,7.768897,3
161846296283519,19429079338,0.22791636,5.9901323,7.7533436,3
161846298783519,19431579338,0.22941187,5.9931235,7.711768,3
161846301283519,19434079338,0.22492532,5.9769716,7.67109,3
161846303783519,19436579338,0.21296121,5.990731,7.6199436,3
161846306283519,19439079338,0.2213361,5.997909,7.5678997,3
161846308783519,19441579338,0.2324029,5.985347,7.54786,3
161846311283519,19444079338,0.24107689,5.979664,7.554141,3
161846313783519,19446579338,0.26620153,5.985048,7.556534,3
161846316283519,19449079338,0.2727818,5.985646,7.568797,3
161846318783519,19451579338,0.27337998,5.9910297,7.5643106,3
161846321283519,19454079338,0.28743783,5.9934225,7.5523467,3
161846323783519,19456579338,0.317049,5.980262,7.577172,3
161846326283519,19459079338,0.3074777,5.988637,7.5789666,3
161846328783519,19461579338,0.33439696,5.983552,7.55444,3
161846331283519,19464079338,0.35653058,5.9644094,7.5433736,3
161846333783519,19466579338,0.3804588,5.9497533,7.537092,3
161846336283519,19469079338,0.39032918,5.9353967,7.533503,3
161846338783519,19471579338,0.41485563,5.9261246,7.539784,3
161846341283519,19474079338,0.42083767,5.916254,7.541579,3
161846343783519,19476579338,0.42831525,5.916553,7.5625157,3
161846346283519,19479079338,0.4336991,5.903692,7.574779,3
161846348783519,19481579338,0.4331009,5.9063835,7.5963144,3
161846351283519,19484079338,0.4351946,5.912964,7.6316085,3
161846353783519,19486579338,0.41784665,5.905187,7.656434,3
161846356283519,19489079338,0.38554356,5.892924,7.7147593,3
161846358783519,19491579338,0.3580261,5.8935223,7.7159557,3
161846361283519,19494079338,0.31944183,5.907281,7.7144604,3
161846363783519,19496579338,0.29162526,5.914459,7.728219,3
161846366283519,19499079338,0.27876383,5.9141603,7.7763743,3
161846368783519,19501579338,0.2650051,5.9147587,7.8290167,3
161846371283519,19504079338,0.24705894,5.914459,7.875078,3
161846373783519,19506579338,0.24586253,5.9174504,7.8867435,3
161846376283519,19509079338,0.23419751,5.916852,7.906783,3
161846378783519,19511579338,0.22552353,5.914459,7.9109707,3
161846381283519,19514079338,0.22013968,5.916852,7.9052877,3
161846383783519,19516579338,0.22372891,5.9246287,7.887641,3
161846386283519,19519079338,0.24646074,5.924031,7.861619,3
161846388783519,19521579338,0.23838496,5.9204416,7.853543,3
161846391283519,19524079338,0.25962126,5.9327044,7.8496547,3
161846393783519,19526579338,0.2623132,5.951249,7.8311105,3
161846396283519,19529079338,0.28055847,5.9691954,7.826923,3
161846398783519,19531579338,0.29940194,5.979365,7.824829,3
161846401283519,19534079338,0.3068795,6.000601,7.8053875,3
161846403783519,19536579338,0.33439696,6.015257,7.797312,3
161846406283519,19539079338,0.36251262,6.0281186,7.765607,3
161846408783519,19541579338,0.3822534,6.0436716,7.743473,3
161846411283519,19544079338,0.39900318,6.053243,7.739884,3
161846413783519,19546579338,0.41605204,6.070591,7.70788,3
161846416283519,19549079338,0.4223332,6.07089,7.7036924,3
161846418783519,19551579338,0.42861435,6.0583277,7.682157,3
161846421283519,19554079338,0.40648076,6.052944,7.6594253,3
161846423783519,19556579338,0.38883367,6.0717874,7.611569,3
161846426283519,19559079338,0.35623148,6.07418,7.568199,3
161846428783519,19561579338,0.33708888,6.068497,7.5269227,3
161846431283519,19564079338,0.3188436,6.0711894,7.501499,3
161846433783519,19566579338,0.30149564,6.0828543,7.4970126,3
161846436283519,19569079338,0.28953153,6.088537,7.5233335,3
161846438783519,19571579338,0.27667013,6.0714884,7.533802,3
161846441283519,19574079338,0.2844468,6.069993,7.5753775,3
161846443783519,19576579338,0.27218357,6.062814,7.6130643,3
161846446283519,19579079338,0.26021945,6.061917,7.661519,3
161846448783519,19581579338,0.25244278,6.0676003,7.687541,3
161846451283519,19584079338,0.2428715,6.0583277,7.7090764,3
161846453783519,19586579338,0.23599213,6.0571313,7.7180495,3
161846456283519,19589079338,0.22013968,6.0343995,7.749156,3
161846458783519,19591579338,0.20727827,6.035297,7.7700934,3
161846461283519,19594079338,0.19770697,6.0254264,7.8003025,3
161846463783519,19596579338,0.18574286,6.0140605,7.8281193,3
161846466283519,19599079338,0.19950159,6.001797,7.8699937,3
161846468783519,19601579338,0.20668006,5.986244,7.9259257,3
161846471283519,19604079338,0.21326032,5.9880385,7.952546,3
161846473783519,19606579338,0.21385853,5.977869,7.9998045,3
161846476283519,19609079338,0.2111666,5.961119,8.01117,3
161846478783519,19611579338,0.20877378,5.9380884,7.9947195,3
161846481283519,19614079338,0.21505493,5.928218,7.9746795,3
161846483783519,19616579338,0.20458634,5.9243298,7.9797645,3
161846486283519,19619079338,0.20608185,5.904888,7.954939,3
161846488783519,19621579338,0.2015953,5.883054,7.9615192,3
161846491283519,19624079338,0.20488544,5.871987,7.9480596,3
161846493783519,19626579338,0.21445672,5.863911,7.934301,3
161846496283519,19629079338,0.22731815,5.851349,7.9340014,3
161846498783519,19631579338,0.23479572,5.8411794,7.94118,3
161846501283519,19634079338,0.2542374,5.835197,7.9274216,3
161846503783519,19636579338,0.25244278,5.8298135,7.9217386,3
161846506283519,19639079338,0.26799613,5.834599,7.903194,3
161846508783519,19641579338,0.28205398,5.833103,7.861619,3
161846511283519,19644079338,0.3065804,5.8268223,7.846963,3
161846513783519,19646579338,0.35533416,5.823532,7.8577304,3
161846516283519,19649079338,0.3574279,5.837291,7.8466635,3
161846518783519,19651579338,0.38644084,5.8363934,7.8523464,3
161846521283519,19654079338,0.39451665,5.8414783,7.8335032,3
161846523783519,19656579338,0.40498522,5.839983,7.7994056,3
161846526283519,19659079338,0.39541394,5.8468623,7.778767,3
161846528783519,19661579338,0.38315073,5.8567324,7.748558,3
161846531283519,19664079338,0.35144582,5.855237,7.7365937,3
161846533783519,19666579338,0.3376871,5.8932233,7.7213397,3
161846536283519,19669079338,0.32422748,5.9007006,7.708478,3
161846538783519,19671579338,0.30418757,5.903393,7.6977105,3
161846541283519,19674079338,0.26739794,5.9156556,7.7087774,3
161846543783519,19676579338,0.24017957,5.9327044,7.730612,3
161846546283519,19679079338,0.2213361,5.9437714,7.7644105,3
161846548783519,19681579338,0.2000998,5.9500527,7.7697945,3
161846551283519,19684079338,0.17198412,5.96082,7.766205,3
161846553783519,19686579338,0.15314065,5.965905,7.7814593,3
161846556283519,19689079338,0.12412767,5.9614186,7.8089767,3
161846558783519,19691579338,0.110368945,5.9694943,7.8170524,3
161846561283519,19694079338,0.07507481,5.9644094,7.827222,3
161846563783519,19696579338,0.05682954,5.959923,7.8427753,3
161846566283519,19699079338,0.045762733,5.9674006,7.867601,3
161846568783519,19701579338,0.032901313,5.971887,7.858329,3
161846571283519,19704079338,0.03678965,5.959923,7.846963,3
161846573783519,19706579338,0.04875376,5.9527445,7.8463645,3
161846576283519,19709079338,0.07148558,5.959624,7.850253,3
161846578783519,19711579338,0.0948156,5.951249,7.8490562,3
161846581283519,19714079338,0.14027923,5.9524455,7.8649087,3
161846583783519,19716579338,0.16301104,5.9449677,7.841878,3
161846586283519,19719079338,0.18634106,5.936892,7.8320074,3
161846588783519,19721579338,0.21505493,5.9416776,7.789535,3
161846591283519,19724079338,0.23150559,5.9638114,7.8020973,3
161846593783519,19726579338,0.2533401,5.966503,7.8116684,3
161846596283519,19729079338,0.2527419,5.9754763,7.8059855,3
161846598783519,19731579338,0.26889345,5.9620166,7.7590265,3
161846601283519,19734079338,0.28145576,5.95424,7.7300134,3
161846603783519,19736579338,0.3080759,5.953642,7.7033935,3
161846606283519,19739079338,0.32153556,5.959923,7.696813,3
161846608783519,19741579338,0.3269194,5.956633,7.689934,3
161846611283519,19744079338,0.32422748,5.9434724,7.68455,3
161846613783519,19746579338,0.32841492,5.9452667,7.669595,3
161846616283519,19749079338,0.3188436,5.9638114,7.650452,3
161846618783519,19751579338,0.32033914,5.97757,7.6609206,3
161846621283519,19754079338,0.32482567,5.9820566,7.696813,3
161846623783519,19756579338,0.3385844,5.98086,7.7437725,3
161846626283519,19759079338,0.35832518,5.989235,7.798209,3
161846628783519,19761579338,0.37477586,5.9760747,7.8592257,3
161846631283519,19764079338,0.37477586,5.9691954,7.8978105,3
161846633783519,19766579338,0.39541394,5.95753,7.9304123,3
161846636283519,19769079338,0.40259242,5.933303,7.9423766,3
161846638783519,19771579338,0.3906283,5.9156556,7.9648094,3
161846641283519,19774079338,0.37088752,5.9135623,7.9666038,3
161846643783519,19776579338,0.36251262,5.9147587,7.9504523,3
161846646283519,19779079338,0.34576288,5.90758,7.921439,3
161846648783519,19781579338,0.34486556,5.904589,7.918149,3
161846651283519,19784079338,0.3376871,5.9180484,7.919944,3
161846653783519,19786579338,0.33080772,5.9135623,7.9393854,3
161846656283519,19789079338,0.34187454,5.9120665,7.9573317,3
161846658783519,19791579338,0.34456646,5.9156556,7.9597244,3
161846661283519,19794079338,0.34307095,5.910571,7.95464,3
161846663783519,19796579338,0.36400816,5.933602,7.943274,3
161846666283519,19799079338,0.35623148,5.936892,7.9190464,3
161846668783519,19801579338,0.3699902,5.938986,7.90469,3
161846671283519,19804079338,0.369392,5.9530435,7.874779,3
161846673783519,19806579338,0.38255253,5.963213,7.827521,3
161846676283519,19809079338,0.4019942,5.9578295,7.80449,3
161846678783519,19811579338,0.40498522,5.9691954,7.7823567,3
161846681283519,19814079338,0.40378883,5.968597,7.778767,3
161846683783519,19816579338,0.39451665,5.9763737,7.7536426,3
161846686283519,19819079338,0.39690945,5.966503,7.7494555,3
161846688783519,19821579338,0.38703907,5.966503,7.7312098,3
161846691283519,19824079338,0.37417763,5.9748783,7.7087774,3
161846693783519,19826579338,0.37387854,5.9724855,7.7010007,3
161846696283519,19829079338,0.35443684,5.98086,7.689635,3
161846698783519,19831579338,0.34516466,5.967999,7.669296,3
161846701283519,19834079338,0.34037903,5.979664,7.6683984,3
161846703783519,19836579338,0.32362926,5.981458,7.6546397,3
161846706283519,19839079338,0.32123643,5.979963,7.6366935,3
161846708783519,19841579338,0.31196424,5.974579,7.6256266,3
161846711283519,19844079338,0.3278167,5.965008,7.619046,3
161846713783519,19846579338,0.31585258,5.9578295,7.623234,3
161846716283519,19849079338,0.33260235,5.9410796,7.619046,3
161846718783519,19851579338,0.34396824,5.9410796,7.6292157,3
161846721283519,19854079338,0.35653058,5.9437714,7.647162,3
161846723783519,19856579338,0.3786642,5.937191,7.646564,3
161846726283519,19859079338,0.39631125,5.9210396,7.640881,3
161846728783519,19861579338,0.424726,5.8968124,7.6950183,3
161846731283519,19864079338,0.4408776,5.8767724,7.742875,3
161846733783519,19866579338,0.46091747,5.8707905,7.791928,3
161846736283519,19869079338,0.47228336,5.8603215,7.8284183,3
161846738783519,19871579338,0.47377887,5.8363934,7.84457,3
161846741283519,19874079338,0.4833502,5.8130636,7.8227353,3
161846743783519,19876579338,0.46331027,5.8067822,7.778169,3
161846746283519,19879079338,0.47347978,5.788238,7.739286,3
161846748783519,19881579338,0.48275197,5.7729836,7.7123666,3
161846751283519,19884079338,0.48125646,5.761917,7.7213397,3
161846753783519,19886579338,0.4881358,5.759225,7.7380896,3
161846756283519,19889079338,0.49830532,5.7541404,7.765906,3
161846758783519,19891579338,0.51146585,5.7409797,7.7614193,3
161846761283519,19894079338,0.4959125,5.785546,7.737192,3
161846763783519,19896579338,0.49262238,5.779564,7.637591,3
161846766283519,19899079338,0.48364928,5.695217,7.7883387,3
161846768783519,19901579338,0.4331009,5.684449,7.2972116,3
161846771283519,19904079338,0.49651068,5.6907306,6.273981,3
161846773783519,19906579338,0.7199405,5.573183,6.120242,3
161846776283519,19909079338,0.87278205,5.569295,6.6942205,3
161846778783519,19911579338,1.0091729,5.5630136,7.210472,3
161846781283519,19914079338,1.0824531,5.5657053,7.612167,3
161846783783519,19916579338,1.1246266,5.5633125,7.9097743,3
161846786283519,19919079338,1.0531411,5.597111,8.128419,3
161846788783519,19921579338,0.8712866,5.651548,8.205886,3
161846791283519,19924079338,0.62781686,5.7248282,8.199904,3
161846793783519,19926579338,0.37836507,5.8229337,8.132905,3
161846796283519,19929079338,0.13908282,5.9153566,8.123632,3
161846798783519,19931579338,-0.048454657,5.9724855,8.118847,3
161846801283519,19934079338,-0.20338993,6.043971,8.122736,3
161846803783519,19936579338,-0.33050862,6.0936217,8.151449,3
161846806283519,19939079338,-0.39451665,6.111568,8.09133,3
161846808783519,19941579338,-0.42203408,6.108278,8.04796,3
161846811283519,19944079338,-0.41605204,6.109474,8.017451,3
161846813783519,19946579338,-0.3592225,6.0978093,7.880462,3
161846816283519,19949079338,-0.25633112,6.0900326,7.8367934,3
161846818783519,19951579338,-0.1905285,6.1124654,7.9310107,3
161846821283519,19954079338,-0.13968103,6.1414785,8.025527,3
161846823783519,19956579338,-0.09840483,6.157331,8.087441,3
161846826283519,19959079338,-0.07806584,6.154639,8.151449,3
161846828783519,19961579338,-0.07088737,6.1698933,8.116156,3
161846831283519,19964079338,-0.05054838,6.15434,8.044371,3
161846833783519,19966579338,-0.01585245,6.136693,7.9591265,3
161846836283519,19969079338,0.025423741,6.113064,7.8840513,3
161846838783519,19971579338,0.07806584,6.0804615,7.836494,3
161846841283519,19974079338,0.13339986,6.0421762,7.7623167,3
161846843783519,19976579338,0.19082761,5.9973106,7.7030945,3
161846846283519,19979079338,0.22881366,5.9671016,7.681559,3
161846848783519,19981579338,0.2739782,5.9449677,7.66122,3
161846851283519,19984079338,0.30837503,5.933901,7.6755767,3
161846853783519,19986579338,0.33559337,5.9288163,7.7183485,3
161846856283519,19989079338,0.30418757,5.973682,7.7868433,3
161846858783519,19991579338,0.1893321,6.076274,8.029715,3
161846861283519,19994079338,0.13758731,6.0951176,8.200203,3
161846863783519,19996579338,0.18514465,6.014659,8.099705,3
161846866283519,19999079338,0.2318047,5.936593,7.845467,3
161846868783519,20001579338,0.23778675,5.886643,7.645068,3
161846871283519,20004079338,0.23090738,5.8875403,7.553842,3
161846873783519,20006579338,0.26979074,5.869594,7.530811,3
161846876283519,20009079338,0.32482567,5.857331,7.516454,3
161846878783519,20011579338,0.38404804,5.857331,7.5532436,3
161846881283519,20014079338,0.44775695,5.8450675,7.609176,3
161846883783519,20016579338,0.497408,5.8396835,7.615756,3
161846886283519,20019079338,0.49920264,5.8603215,7.585248,3
161846888783519,20021579338,0.4872385,5.9007006,7.6013994,3
161846891283519,20024079338,0.47048876,5.972186,7.5263247,3
161846893783519,20026579338,0.42861435,6.0338016,7.578069,3
161846896283519,20029079338,0.4019942,6.068198,7.780263,3
161846898783519,20031579338,0.43639103,6.061618,7.855936,3
161846901283519,20034079338,0.4441677,6.059524,7.8574314,3
161846903783519,20036579338,0.43758744,6.0664034,7.873882,3
161846906283519,20039079338,0.39661035,6.0768723,7.9633136,3
161846908783519,20041579338,0.39631125,6.064609,8.0348,3
161846911283519,20044079338,0.38344982,6.018846,8.005188,3
161846913783519,20046579338,0.36281174,5.9898334,7.8867435,3
161846916283519,20049079338,0.325723,5.9805613,7.751549,3
161846918783519,20051579338,0.2835495,5.9955163,7.644769,3
161846921283519,20054079338,0.24795625,5.9964137,7.6109705,3
161846923783519,20056579338,0.20697916,5.9964137,7.5750785,3
161846926283519,20059079338,0.16002001,6.009275,7.501499,3
161846928783519,20061579338,0.12233306,6.04427,7.425826,3
161846931283519,20064079338,0.09990034,6.096613,7.3420773,3
161846933783519,20066579338,0.09810573,6.1322064,7.2879395,3
161846936283519,20069079338,0.1055833,6.1770716,7.2670026,3
161846938783519,20071579338,0.11545369,6.2081785,7.3043904,3
161846941283519,20074079338,0.14267205,6.2027946,7.3528447,3
161846943783519,20076579338,0.15732808,6.2252274,7.42433,3
161846946283519,20079079338,0.18693927,6.2204413,7.475776,3
161846948783519,20081579338,0.1911267,6.2060847,7.5263247,3
161846951283519,20084079338,0.19920248,6.187241,7.583154,3
161846953783519,20086579338,0.20398813,6.1504517,7.6103725,3
161846956283519,20089079338,0.20638095,6.1070814,7.6052876,3
161846958783519,20091579338,0.20847467,6.0807605,7.6217384,3
161846961283519,20094079338,0.21445672,6.0433726,7.638189,3
161846963783519,20096579338,0.20997019,6.0062838,7.6645103,3
161846966283519,20099079338,0.22013968,5.9703918,7.669296,3
161846968783519,20101579338,0.24137598,5.9359946,7.6716886,3
161846971283519,20104079338,0.23778675,5.9288163,7.6737823,3
161846973783519,20106579338,0.24047868,5.9099727,7.7213397,3
161846976283519,20109079338,0.27846473,5.889933,7.7356963,3
161846978783519,20111579338,0.29910284,5.8636117,7.73779,3
161846981283519,20114079338,0.33200413,5.8489556,7.7365937,3
161846983783519,20116579338,0.37657046,5.837291,7.7153573,3
161846986283519,20119079338,0.40767714,5.835197,7.6947193,3
161846988783519,20121579338,0.42891344,5.8417773,7.678867,3
161846991283519,20124079338,0.47886363,5.8220367,7.6743803,3
161846993783519,20126579338,0.51086766,5.8136616,7.6546397,3
161846996283519,20129079338,0.5198407,5.8151574,7.6402826,3
161846998783519,20131579338,0.53599226,5.819644,7.603792,3
161847001283519,20134079338,0.5596214,5.816653,7.576574,3
161847003783519,20136579338,0.5724828,5.813961,7.5571322,3
161847006283519,20139079338,0.5769694,5.810671,7.54457,3
161847008783519,20141579338,0.59641105,5.8190455,7.5409803,3
161847011283519,20144079338,0.6116653,5.829514,7.544869,3
161847013783519,20146579338,0.6242276,5.8426747,7.548757,3
161847016283519,20149079338,0.64606214,5.8360944,7.5643106,3
161847018783519,20151579338,0.6580262,5.846264,7.6011004,3
161847021283519,20154079338,0.66969126,5.851947,7.6420774,3
161847023783519,20156579338,0.6945168,5.8480587,7.6851482,3
161847026283519,20159079338,0.69182485,5.849853,7.7425756,3
161847028783519,20161579338,0.6858428,5.8375897,7.7832537,3
161847031283519,20164079338,0.6681957,5.808278,7.8110704,3
161847033783519,20166579338,0.63888365,5.787939,7.8409805,3
161847036283519,20169079338,0.60687965,5.773582,7.8906317,3
161847038783519,20171579338,0.5739783,5.7613187,7.9277205,3
161847041283519,20174079338,0.51086766,5.741877,7.9537425,3
161847043783519,20176579338,0.4749753,5.7370915,7.9965143,3
161847046283519,20179079338,0.43788654,5.727221,8.050652,3
161847048783519,20181579338,0.38823548,5.712864,8.12453,3
161847051283519,20184079338,0.34187454,5.7260246,8.198708,3
161847053783519,20186579338,0.3278167,5.7017975,8.253444,3
161847056283519,20189079338,0.31076783,5.703891,8.262417,3
161847058783519,20191579338,0.2940181,5.6874404,8.251349,3
161847061283519,20194079338,0.2865405,5.6727843,8.237292,3
161847063783519,20196579338,0.27098715,5.65753,8.213962,3
161847066283519,20199079338,0.28175488,5.6413784,8.213364,3
161847068783519,20201579338,0.27846473,5.6440706,8.212466,3
161847071283519,20204079338,0.2760719,5.636593,8.187042,3
161847073783519,20206579338,0.25872394,5.6359944,8.155337,3
161847076283519,20209079338,0.24466611,5.6383877,8.120343,3
161847078783519,20211579338,0.22971097,5.6482577,8.073383,3
161847081283519,20214079338,0.20428723,5.648856,8.008778,3
161847083783519,20216579338,0.20129621,5.6506505,7.9447694,3
161847086283519,20219079338,0.18693927,5.6685967,7.864012,3
161847088783519,20221579338,0.17647067,5.684449,7.8287177,3
161847091283519,20224079338,0.16719848,5.706583,7.7826557,3
161847093783519,20226579338,0.15014961,5.7257257,7.794919,3
161847096283519,20229079338,0.11724831,5.758926,7.832606,3
161847098783519,20231579338,0.07447661,5.8005013,7.8643107,3
161847101283519,20234079338,0.028115666,5.846563,7.9097743,3
161847103783519,20236579338,-0.02003989,5.8893347,7.961818,3
161847106283519,20239079338,-0.051146585,5.927919,8.046763,3
161847108783519,20241579338,-0.0634098,5.9727845,8.103593,3
161847111283519,20244079338,-0.060717873,5.9961143,8.160422,3
161847113783519,20246579338,-0.02632105,5.986842,8.239386,3
161847116283519,20249079338,-0.011665011,5.9748783,8.264212,3
161847118783519,20251579338,0.016749758,5.924031,8.261519,3
161847121283519,20254079338,0.04965107,5.8731833,8.284551,3
161847123783519,20256579338,0.06729814,5.836693,8.278568,3
161847126283519,20259079338,0.08733802,5.8223357,8.246564,3
161847128783519,20261579338,0.10857433,5.8154564,8.198708,3
161847131283519,20264079338,0.10139586,5.8160543,8.3174515,3
161847133783519,20266579338,0.08015956,5.7673006,8.556435,3
161847136283519,20269079338,0.06909275,5.7224355,8.348558,3
161847138783519,20271579338,0.04546363,5.6877394,7.8463645,3
161847141283519,20274079338,0.032303106,5.712565,7.3109703,3
161847143783519,20276579338,0.024526432,5.8624153,6.9972115,3
161847146283519,20279079338,0.12921242,6.198906,6.5084777,3
161847148783519,20281579338,0.18723837,6.3475604,5.701498,3
161847151283519,20284079338,0.32482567,6.457331,5.165506,3
161847153783519,20286579338,0.5563313,6.6053867,5.02074,3
161847156283519,20289079338,0.80877405,6.728019,5.0922256,3
161847158783519,20291579338,1.0884352,6.747162,5.4631133,3
161847161283519,20294079338,1.3737793,6.6352973,5.924928,3
161847163783519,20296579338,1.6307086,6.4845495,6.343074,3
161847166283519,20299079338,1.829612,6.314958,6.8685975,3
161847168783519,20301579338,1.9375881,6.146264,7.562815,3
161847171283519,20304079338,1.9797616,5.979365,8.251649,3
161847173783519,20306579338,1.937289,5.843572,8.770593,3
161847176283519,20309079338,1.7691933,5.7556357,9.141181,3
161847178783519,20311579338,1.5077773,5.6784673,9.382855,3
161847181283519,20314079338,1.1958131,5.621937,9.503394,3
161847183783519,20316579338,0.89072824,5.6007004,9.562616,3
161847186283519,20319079338,0.58534425,5.5908303,9.573684,3
161847188783519,20321579338,0.29222345,5.5648084,9.547662,3
161847191283519,20324079338,0.023629123,5.515456,9.48156,3
161847193783519,20326579338,-0.1896312,5.4981084,9.390931,3
161847196283519,20329079338,-0.34516466,5.5202417,9.284451,3
161847198783519,20331579338,-0.4423731,5.5689955,9.309576,3
161847201283519,20334079338,-0.51864433,5.5854464,9.251849,3
161847203783519,20336579338,-0.6008976,5.5447683,9.118748,3
161847206283519,20339079338,-0.68823564,5.5612187,8.886644,3
161847208783519,20341579338,-0.77587277,5.6264234,8.526225,3
161847211283519,20344079338,-0.81984085,5.7556357,8.060522,3
161847213783519,20346579338,-0.8572287,5.9171515,7.617551,3
161847216283519,20349079338,-0.8285148,6.087341,7.177571,3
161847218783519,20351579338,-0.74566334,6.248557,6.8105717,3
161847221283519,20354079338,-0.58534425,6.372984,6.5030937,3
161847223783519,20356579338,-0.3999005,6.4624157,6.3493547,3
161847226283519,20359079338,-0.23958136,6.558428,6.543473,3
161847228783519,20361579338,-0.10707881,6.5928245,6.43759,3
161847231283519,20364079338,-0.07836494,6.6314087,6.2793646,3
